ESP-ROM:esp32c6-20220919
Build:Sep 19 2022
rst:0x15 (USB_UART_HPSYS),boot:0x2c (SPI_FAST_FLASH_BOOT)
Saved PC:0x40870632
SPIWP:0xee
mode:DIO, clock div:2
load:0x40875720,len:0x1a5c
load:0x4086c110,len:0xf58
load:0x4086e610,len:0x3074
entry 0x4086c11a
[0;32mI (23) boot: ESP-IDF v5.3.4 2nd stage bootloader[0m
[0;32mI (23) boot: compile time Sep 14 2026 20:53:10[0m
[0;32mI (24) boot: chip revision: v0.2[0m
[0;32mI (24) boot: efuse block revision: v0.3[0m
[0;32mI (24) qio_mode: Enabling QIO for flash chip WinBond[0m
[0;32mI (24) boot.esp32c6: SPI Speed      : 80MHz[0m
[0;32mI (25) boot.esp32c6: SPI Mode       : QIO[0m
[0;32mI (25) boot.esp32c6: SPI Flash Size : 16MB[0m
[0;32mI (25) boot: Enabling RNG early entropy source...[0m
[0;32mI (26) boot: Partition Table:[0m
[0;32mI (26) boot: ## Label            Usage          Type ST Offset   Length[0m
[0;32mI (26) boot:  0 nvs              WiFi data        01 02 00009000 00006000[0m
[0;32mI (27) boot:  1 phy_init         RF data          01 01 0000f000 00001000[0m
[0;32mI (28) boot:  2 factory          factory app      00 00 00010000 00200000[0m
[0;32mI (28) boot:  3 wad              Unknown data     01 40 00210000 00400000[0m
[0;32mI (29) boot:  4 saves            WiFi data        01 02 00610000 00020000[0m
[0;32mI (29) boot: End of partition table[0m
[0;32mI (30) esp_image: segment 0: paddr=00010020 vaddr=420c0020 size=32b68h (207720) map[0m
[0;32mI (68) esp_image: segment 1: paddr=00042b90 vaddr=40800000 size=0d488h ( 54408) load[0m
[0;32mI (80) esp_image: segment 2: paddr=00050020 vaddr=42000020 size=bd0c8h (774344) map[0m
[0;32mI (219) esp_image: segment 3: paddr=0010d0f0 vaddr=4080d488 size=09a6ch ( 39532) load[0m
[0;32mI (227) esp_image: segment 4: paddr=00116b64 vaddr=40816f00 size=0393ch ( 14652) load[0m
[0;32mI (231) esp_image: segment 5: paddr=0011a4a8 vaddr=50000000 size=00004h (     4) load[0m
[0;32mI (237) boot: Loaded app from partition at offset 0x10000[0m
[0;32mI (238) boot: Disabling RNG early entropy source...[0m
[0;32mI (239) cpu_start: Unicore app[0m
[0;32mI (248) cpu_start: Pro cpu start user code[0m
[0;32mI (248) cpu_start: cpu freq: 160000000 Hz[0m
[0;32mI (248) app_init: Application information:[0m
[0;32mI (248) app_init: Project name:     diablito[0m
[0;32mI (248) app_init: App version:      08aa196-dirty[0m
[0;32mI (249) app_init: Compile time:     Sep 19 2026 14:18:29[0m
[0;32mI (249) app_init: ELF file SHA256:  34050dd83...[0m
[0;32mI (249) app_init: ESP-IDF:          v5.3.4[0m
[0;32mI (250) efuse_init: Min chip rev:     v0.0[0m
[0;32mI (250) efuse_init: Max chip rev:     v0.99 [0m
[0;32mI (250) efuse_init: Chip rev:         v0.2[0m
[0;32mI (250) heap_init: Initializing. RAM available for dynamic allocation:[0m
[0;32mI (251) heap_init: At 40836660 len 00045FB0 (279 KiB): RAM[0m
[0;32mI (251) heap_init: At 4087C610 len 00002F54 (11 KiB): RAM[0m
[0;32mI (251) heap_init: At 50000004 len 00003FE4 (15 KiB): RTCRAM[0m
[0;32mI (252) spi_flash: detected chip: generic[0m
[0;32mI (252) spi_flash: flash io: qio[0m
[0;33mW (253) i2c: This driver is an old driver, please migrate your application code to adapt `driver/i2c_master.h`[0m
[0;32mI (253) sleep: Configure to isolate all GPIO pins in sleep state[0m
[0;32mI (254) sleep: Enable automatic switching of GPIO sleep configuration[0m
[0;32mI (254) coexist: coex firmware version: a13b09d[0m
[0;32mI (254) coexist: coexist rom version 5b8dcfa[0m
[0;32mI (255) main_task: Started on CPU0[0m
[0;32mI (255) main_task: Calling app_main()[0m
[0;32mI (255) gpio: GPIO[15]| InputEn: 0| OutputEn: 1| OpenDrain: 0| Pullup: 0| Pulldown: 0| Intr:0 [0m
[0;32mI (255) gpio: GPIO[9]| InputEn: 1| OutputEn: 0| OpenDrain: 0| Pullup: 1| Pulldown: 0| Intr:0 [0m
[0;32mI (255) gpio: GPIO[18]| InputEn: 1| OutputEn: 0| OpenDrain: 0| Pullup: 1| Pulldown: 0| Intr:0 [0m
[0;32mI (256) gpio: GPIO[0]| InputEn: 0| OutputEn: 0| OpenDrain: 0| Pullup: 0| Pulldown: 0| Intr:0 [0m
[0;32mI (256) DIABLITO: DIABLITO skeleton, IDF v5.3.4, CPU 160 MHz[0m
[0;32mI (256) DIABLITO: heap at boot: free 283684, largest block 258048, min ever 283684, dma-capable 269084[0m
[0;32mI (257) gpio: GPIO[3]| InputEn: 0| OutputEn: 1| OpenDrain: 0| Pullup: 0| Pulldown: 0| Intr:0 [0m
[0;32mI (257) gpio: GPIO[4]| InputEn: 0| OutputEn: 1| OpenDrain: 0| Pullup: 0| Pulldown: 0| Intr:0 [0m
[0;32mI (761) DISPLAY: ST7789 up: 280x240 landscape, SPI 80 MHz, 2 x 8960 B DMA strips[0m
[0;32mI (761) DIABLITO: heap after display: free 264200, largest block 237568, min ever 264200, dma-capable 249600[0m
[0;32mI (762) DIABLITO: wad partition @0x210000 size 4194304: magic IWHD, 1264 lumps, infotable @36, file 2073676 bytes[0m
[0;32mI (762) DIABLITO: WHD mapped at 0x42100000, header via mmap: IWHD ·©ÔUDOOM1[0m
[0;32mI (763) DIABLITO: heap after wad mmap: free 263568, largest block 237568, min ever 263568, dma-capable 248968[0m
[0;32mI (763) DIABLITO: main task stack high-water: 14872 bytes free[0m
[0;32mI (764) DIABLITO: .bss ends at 0x40836658 (short-pointer window ends at 0x40840000, 39336 bytes spare)[0m
[0;32mI (764) DIABLITO: heap before BLE: free 263568, largest block 237568, min ever 263568, dma-capable 248968[0m
[0;32mI (780) DIABLITO: previous run (boot 10) lasted 60 s (1 min), last battery 4209 mV[0m
[0;32mI (780) DIABLITO: idle sleep after 0 s in attract (NVS medal/idle_s)[0m
[0;32mI (781) BLE_INIT: Using main XTAL as clock source, chip ver: 2[0m
[0;32mI (781) BLE_INIT: ble controller commit:[ca6c20b][0m
[0;32mI (785) BLE_INIT: Bluetooth MAC: fc:01:2c:fd:fc:b2[0m
[0;32mI (785) phy_init: phy_version 341,a6c8fe6,Jul 30 2025,18:34:11[0m
[0;32mI (879) phy: libbtbb version: a945109, Jul 30 2025, 18:34:25[0m
[0;32mI (887) PAD: init, saved controller: yes[0m
[0;32mI (1088) DIABLITO: heap after BLE init: free 224396, largest block 196608, min ever 224260, dma-capable 209796[0m
[0;32mI (1088) DIABLITO: starting Doom[0m
                          DIABLITO Doom 3.0.0
Z_Init: Init zone memory allocation daemon. 
zone memory: 0x40822e7c, 10000 allocated for zone
M_LoadDefaults: Load system defaults.
W_Init: Init WADfiles.
===========================================================================
                            DOOM Shareware
===========================================================================
 DIABLITO Doom is free software, covered by the GNU General Public
 License.  There is NO warranty; not even for MERCHANTABILITY or FITNESS
 FOR A PARTICULAR PURPOSE. You are welcome to change and distribute
 copies under certain conditions. See the source for more information.
===========================================================================
I_Init: Setting up machine state.
[0;32mI (1140) AUDIO: ES8311 + I2S: 24858 Hz, 2 ch, ring 8192 bytes (82 ms)[0m
M_Init: Init miscellaneous info.
R_Init: Init DOOM refresh daemon - .........
P_Init: Init Playloop state.
S_Init: Setting up sound.
D_CheckNetGame: Checking network game status.
Emulating the behavior of the 'Doom 1.9' executable.
HU_Init: Setting up heads up display.
ST_Init: Init status bar.
frame 2: 23070 us total, 11728 us display, type 4
frame 3: 13663 us total, 11681 us display, type 4
frame 4: 16890 us total, 11665 us display, type 4
frame 5: 33951 us total, 11674 us display, type 4
frame 6: 28879 us total, 11674 us display, type 4
frame 7: 29780 us total, 11678 us display, type 4
frame 8: 21425 us total, 11674 us display, type 4
frame 9: 35667 us total, 11680 us display, type 4
frame 10: 27746 us total, 11674 us display, type 4
frame 11: 22550 us total, 11669 us display, type 4
frame 12: 34089 us total, 11678 us display, type 4
frame 13: 28933 us total, 11679 us display, type 4
frame 14: 21936 us total, 11670 us display, type 4
frame 15: 36538 us total, 11683 us display, type 4
frame 16: 28196 us total, 11679 us display, type 4
frame 17: 21335 us total, 11679 us display, type 4
frame 18: 35756 us total, 11666 us display, type 4
frame 19: 27514 us total, 11683 us display, type 4
frame 20: 28639 us total, 11663 us display, type 4
frame 21: 22036 us total, 11673 us display, type 4
frame 22: 36093 us total, 11676 us display, type 4
frame 23: 28725 us total, 11667 us display, type 4
frame 24: 21242 us total, 11679 us display, type 4
frame 25: 36173 us total, 11667 us display, type 4
frame 26: 27423 us total, 11681 us display, type 4
frame 27: 22348 us total, 11692 us display, type 4
frame 28: 34122 us total, 11672 us display, type 4
frame 29: 29741 us total, 11677 us display, type 4
frame 30: 21186 us total, 11673 us display, type 4
frame 31: 36901 us total, 11674 us display, type 4
frame 32: 28619 us total, 11673 us display, type 4
frame 33: 27088 us total, 11677 us display, type 4
frame 34: 22397 us total, 11673 us display, type 4
frame 35: 34335 us total, 11688 us display, type 4
frame 36: 28800 us total, 11673 us display, type 4
frame 37: 21796 us total, 11682 us display, type 4
frame 38: 37225 us total, 11682 us display, type 4
frame 39: 28492 us total, 11678 us display, type 4
frame 40: 20285 us total, 11659 us display, type 4
frame 41: 36049 us total, 11676 us display, type 4
frame 42: 27399 us total, 11675 us display, type 4
frame 43: 28902 us total, 11688 us display, type 4
frame 44: 21716 us total, 11672 us display, type 4
frame 45: 36675 us total, 11679 us display, type 4
frame 46: 29261 us total, 11673 us display, type 4
frame 47: 20012 us total, 11663 us display, type 4
frame 48: 35608 us total, 11681 us display, type 4
frame 49: 27592 us total, 11668 us display, type 4
frame 50: 22821 us total, 11665 us display, type 4
frame 51: 33992 us total, 11667 us display, type 4
frame 52: 30262 us total, 11677 us display, type 4
frame 53: 21710 us total, 11668 us display, type 4
frame 54: 35787 us total, 11672 us display, type 4
frame 55: 28140 us total, 11680 us display, type 4
frame 56: 27476 us total, 11685 us display, type 4
frame 57: 22585 us total, 11667 us display, type 4
frame 58: 34013 us total, 11669 us display, type 4
frame 59: 29963 us total, 11669 us display, type 4
frame 60: 22096 us total, 11677 us display, type 4
frame 61: 35748 us total, 11674 us display, type 4
frame 62: 28390 us total, 11672 us display, type 4
frame 63: 20808 us total, 11661 us display, type 4
frame 64: 35515 us total, 11688 us display, type 4
frame 65: 27551 us total, 11673 us display, type 4
frame 66: 22904 us total, 11660 us display, type 4
frame 67: 35616 us total, 11675 us display, type 4
frame 68: 28409 us total, 11670 us display, type 4
frame 69: 29013 us total, 11674 us display, type 4
frame 70: 21047 us total, 11669 us display, type 4
frame 71: 34868 us total, 11679 us display, type 4
frame 72: 27339 us total, 11681 us display, type 4
frame 73: 23794 us total, 11677 us display, type 4
frame 74: 34466 us total, 11758 us display, type 4
frame 75: 29874 us total, 11688 us display, type 4
frame 76: 21646 us total, 11667 us display, type 4
frame 77: 34794 us total, 11679 us display, type 4
frame 78: 28056 us total, 11672 us display, type 4
frame 79: 22143 us total, 11667 us display, type 4
frame 80: 34365 us total, 11736 us display, type 4
frame 81: 28903 us total, 11678 us display, type 4
frame 82: 29737 us total, 11672 us display, type 4
frame 83: 22020 us total, 11671 us display, type 4
frame 84: 35225 us total, 11682 us display, type 4
frame 85: 27553 us total, 11673 us display, type 4
frame 86: 22144 us total, 11667 us display, type 4
frame 87: 34393 us total, 11673 us display, type 4
frame 88: 28948 us total, 11685 us display, type 4
frame 89: 22698 us total, 11667 us display, type 4
frame 90: 35606 us total, 11682 us display, type 4
frame 91: 28429 us total, 11771 us display, type 4
frame 92: 21987 us total, 11666 us display, type 4
frame 93: 34099 us total, 11674 us display, type 4
frame 94: 28412 us total, 11677 us display, type 4
frame 95: 28652 us total, 11666 us display, type 4
frame 96: 22876 us total, 11671 us display, type 4
frame 97: 35226 us total, 11678 us display, type 4
frame 98: 28778 us total, 11768 us display, type 4
frame 99: 21950 us total, 11667 us display, type 4
frame 100: 34125 us total, 11668 us display, type 4
frame 101: 28489 us total, 11683 us display, type 4
frame 102: 23318 us total, 11659 us display, type 4
frame 103: 33326 us total, 11678 us display, type 4
frame 104: 29701 us total, 11683 us display, type 4
frame 105: 29000 us total, 11670 us display, type 4
frame 106: 22071 us total, 11676 us display, type 4
frame 107: 34660 us total, 11681 us display, type 4
frame 108: 28083 us total, 11676 us display, type 4
frame 109: 23228 us total, 11665 us display, type 4
frame 110: 33225 us total, 11673 us display, type 4
frame 111: 29061 us total, 11687 us display, type 4
frame 112: 22666 us total, 11668 us display, type 4
frame 113: 36354 us total, 11688 us display, type 4
frame 114: 27407 us total, 11678 us display, type 4
frame 115: 22245 us total, 11665 us display, type 4
frame 116: 34786 us total, 11670 us display, type 4
frame 117: 27487 us total, 11675 us display, type 4
frame 118: 29058 us total, 11684 us display, type 4
frame 119: 22669 us total, 11664 us display, type 4
frame 120: 37123 us total, 11690 us display, type 4
frame 121: 28056 us total, 11672 us display, type 4
frame 122: 20861 us total, 11671 us display, type 4
frame 123: 36591 us total, 11685 us display, type 4
frame 124: 27707 us total, 11677 us display, type 4
frame 125: 21698 us total, 11669 us display, type 4
frame 126: 34965 us total, 11676 us display, type 4
frame 127: 29915 us total, 11683 us display, type 4
profile (avg of 128 frames, ms): logic+bsp 0.0 wait-fb 0.0 vp-mark 0.0 flats 0.0 columns 0.0 fuzz 0.0
frame 128: 20982 us total, 11668 us display, type 4
frame 129: 36102 us total, 11677 us display, type 4
frame 130: 28779 us total, 11688 us display, type 4
frame 131: 27713 us total, 11678 us display, type 4
frame 132: 21573 us total, 11679 us display, type 4
frame 133: 35132 us total, 11682 us display, type 4
frame 134: 29543 us total, 11683 us display, type 4
frame 135: 20260 us total, 11664 us display, type 4
frame 136: 36748 us total, 11683 us display, type 4
frame 137: 28172 us total, 11673 us display, type 4
frame 138: 21084 us total, 11661 us display, type 4
frame 139: 35589 us total, 11673 us display, type 4
frame 140: 27885 us total, 11684 us display, type 4
frame 141: 22551 us total, 11671 us display, type 4
frame 142: 34543 us total, 11679 us display, type 4
frame 143: 29613 us total, 11666 us display, type 4
frame 144: 29047 us total, 11730 us display, type 4
frame 145: 20842 us total, 11667 us display, type 4
frame 146: 35956 us total, 11678 us display, type 4
frame 147: 27468 us total, 11680 us display, type 4
frame 148: 22534 us total, 11668 us display, type 4
frame 149: 34547 us total, 11687 us display, type 4
frame 150: 29968 us total, 11726 us display, type 4
frame 151: 21491 us total, 11665 us display, type 4
frame 152: 35130 us total, 11674 us display, type 4
frame 153: 28711 us total, 11673 us display, type 4
frame 154: 21133 us total, 11668 us display, type 4
frame 155: 35663 us total, 11683 us display, type 4
frame 156: 27547 us total, 11666 us display, type 4
frame 157: 29875 us total, 11670 us display, type 4
frame 158: 21966 us total, 11675 us display, type 4
frame 159: 35216 us total, 11683 us display, type 4
frame 160: 28599 us total, 11670 us display, type 4
frame 161: 21123 us total, 11662 us display, type 4
frame 162: 35815 us total, 11682 us display, type 4
frame 163: 27437 us total, 11672 us display, type 4
frame 164: 22787 us total, 11672 us display, type 4
frame 165: 35332 us total, 11678 us display, type 4
frame 166: 28101 us total, 11684 us display, type 4
frame 167: 28530 us total, 11667 us display, type 4
frame 168: 22001 us total, 11662 us display, type 4
frame 169: 71167 us total, 13036 us display, type 5
frame 170: 13377 us total, 12837 us display, type 5
frame 171: 13569 us total, 13177 us display, type 5
frame 172: 13249 us total, 12832 us display, type 5
frame 173: 13326 us total, 12883 us display, type 5
frame 174: 13252 us total, 12818 us display, type 5
frame 175: 13260 us total, 12818 us display, type 5
frame 176: 13395 us total, 12982 us display, type 5
frame 177: 13283 us total, 12861 us display, type 5
frame 178: 13221 us total, 12790 us display, type 5
frame 179: 13197 us total, 12781 us display, type 5
frame 180: 13202 us total, 12772 us display, type 5
frame 181: 13218 us total, 12805 us display, type 5
frame 182: 13352 us total, 12923 us display, type 5
frame 183: 13256 us total, 12824 us display, type 5
frame 184: 13409 us total, 12939 us display, type 5
frame 185: 13153 us total, 12710 us display, type 5
frame 186: 13589 us total, 13136 us display, type 5
frame 187: 13258 us total, 12789 us display, type 5
frame 188: 13230 us total, 12722 us display, type 5
frame 189: 13098 us total, 12659 us display, type 5
frame 190: 13094 us total, 12636 us display, type 5
frame 191: 13342 us total, 12923 us display, type 5
frame 192: 13112 us total, 12653 us display, type 5
frame 193: 12986 us total, 12594 us display, type 5
frame 194: 12985 us total, 12577 us display, type 5
frame 195: 12956 us total, 12564 us display, type 5
frame 196: 13107 us total, 12706 us display, type 5
frame 197: 13001 us total, 12524 us display, type 5
frame 198: 12937 us total, 12513 us display, type 5
frame 199: 12917 us total, 12515 us display, type 5
frame 200: 12961 us total, 12550 us display, type 5
frame 201: 33977 us total, 12839 us display, type 5
frame 202: 13164 us total, 12573 us display, type 5
frame 203: 12848 us total, 12453 us display, type 5
frame 204: 12879 us total, 12442 us display, type 5
frame 205: 12998 us total, 12577 us display, type 5
frame 206: 12931 us total, 12459 us display, type 5
frame 207: 12837 us total, 12405 us display, type 5
frame 208: 12823 us total, 12383 us display, type 5
frame 209: 14060 us total, 12580 us display, type 5
frame 210: 12992 us total, 12350 us display, type 5
frame 211: 12783 us total, 12348 us display, type 5
frame 212: 12926 us total, 12488 us display, type 5
frame 213: 12823 us total, 12369 us display, type 5
frame 214: 12731 us total, 12302 us display, type 5
frame 215: 12737 us total, 12282 us display, type 5
frame 216: 12711 us total, 12276 us display, type 5
frame 217: 12725 us total, 12289 us display, type 5
frame 218: 12688 us total, 12251 us display, type 5
frame 219: 12682 us total, 12228 us display, type 5
frame 220: 12658 us total, 12219 us display, type 5
frame 221: 12660 us total, 12255 us display, type 5
frame 222: 12642 us total, 12217 us display, type 5
frame 223: 12609 us total, 12199 us display, type 5
frame 224: 12781 us total, 12360 us display, type 5
frame 225: 12767 us total, 12355 us display, type 5
frame 226: 12639 us total, 12175 us display, type 5
frame 227: 12557 us total, 12180 us display, type 5
frame 228: 12599 us total, 12170 us display, type 5
frame 229: 12590 us total, 12201 us display, type 5
frame 230: 12552 us total, 12157 us display, type 5
frame 231: 12577 us total, 12167 us display, type 5
frame 232: 12558 us total, 12157 us display, type 5
frame 233: 12756 us total, 12348 us display, type 5
frame 234: 12677 us total, 12152 us display, type 5
frame 235: 12586 us total, 12172 us display, type 5
frame 236: 12717 us total, 12324 us display, type 5
frame 237: 12645 us total, 12219 us display, type 5
frame 238: 12550 us total, 12158 us display, type 5
frame 239: 12544 us total, 12159 us display, type 5
frame 240: 12557 us total, 12157 us display, type 5
frame 241: 12580 us total, 12192 us display, type 5
frame 242: 11943 us total, 11427 us display, type 3
frame 243: 39276 us total, 11842 us display, type 3
frame 244: 30301 us total, 11467 us display, type 3
frame 245: 23129 us total, 11452 us display, type 3
frame 246: 30007 us total, 11465 us display, type 3
frame 247: 30773 us total, 11467 us display, type 3
frame 248: 31215 us total, 11465 us display, type 3
frame 249: 23731 us total, 11453 us display, type 3
frame 250: 31562 us total, 11469 us display, type 3
frame 251: 30764 us total, 11472 us display, type 3
frame 252: 24922 us total, 11454 us display, type 3
frame 253: 32048 us total, 11461 us display, type 3
frame 254: 31711 us total, 11465 us display, type 3
frame 255: 31757 us total, 11469 us display, type 3
profile (avg of 128 frames, ms): logic+bsp 1.1 wait-fb 0.0 vp-mark 0.5 flats 1.5 columns 0.5 fuzz 0.0
frame 256: 24591 us total, 11457 us display, type 3
audio: 82 underruns, 30 ms queued
mem @frame 256: heap free 37808, largest 14592, min ever 37672, zone free 41244, display stack free 4380, uptime 7 s, gamestate 0, demo 1, usergame 0, tic 189
frame 257: 32727 us total, 11466 us display, type 3
frame 258: 29320 us total, 11467 us display, type 3
frame 259: 24175 us total, 11455 us display, type 3
frame 260: 31949 us total, 11481 us display, type 3
frame 261: 31551 us total, 11461 us display, type 3
frame 262: 24111 us total, 11459 us display, type 3
frame 263: 31322 us total, 11466 us display, type 3
frame 264: 29756 us total, 11460 us display, type 3
frame 265: 28099 us total, 11470 us display, type 3
frame 266: 23385 us total, 11458 us display, type 3
frame 267: 29506 us total, 11461 us display, type 3
frame 268: 29396 us total, 11462 us display, type 3
frame 269: 24902 us total, 11461 us display, type 3
frame 270: 33245 us total, 11464 us display, type 3
frame 271: 30870 us total, 11464 us display, type 3
frame 272: 24164 us total, 11448 us display, type 3
frame 273: 33714 us total, 11470 us display, type 3
frame 274: 29147 us total, 11468 us display, type 3
frame 275: 24789 us total, 11462 us display, type 3
frame 276: 29624 us total, 11467 us display, type 3
frame 277: 28059 us total, 11465 us display, type 3
frame 278: 23206 us total, 11459 us display, type 3
frame 279: 33097 us total, 11457 us display, type 3
frame 280: 29337 us total, 11460 us display, type 3
frame 281: 28253 us total, 11461 us display, type 3
frame 282: 22259 us total, 11458 us display, type 3
frame 283: 32620 us total, 11537 us display, type 3
frame 284: 27362 us total, 11459 us display, type 3
frame 285: 23314 us total, 11455 us display, type 3
frame 286: 31102 us total, 11458 us display, type 3
frame 287: 30124 us total, 11457 us display, type 3
frame 288: 22210 us total, 11448 us display, type 3
frame 289: 32932 us total, 11462 us display, type 3
frame 290: 29870 us total, 11468 us display, type 3
frame 291: 23660 us total, 11449 us display, type 3
frame 292: 31262 us total, 11455 us display, type 3
frame 293: 27645 us total, 11455 us display, type 3
frame 294: 23280 us total, 11445 us display, type 3
frame 295: 31145 us total, 11443 us display, type 3
frame 296: 30023 us total, 11448 us display, type 3
frame 297: 21683 us total, 11448 us display, type 3
frame 298: 34646 us total, 11451 us display, type 3
frame 299: 30268 us total, 11467 us display, type 3
frame 300: 21752 us total, 11439 us display, type 3
frame 301: 35833 us total, 11452 us display, type 3
frame 302: 27011 us total, 11443 us display, type 3
frame 303: 28084 us total, 11441 us display, type 3
frame 304: 22419 us total, 11450 us display, type 3
frame 305: 35464 us total, 11446 us display, type 3
frame 306: 29290 us total, 11458 us display, type 3
frame 307: 21732 us total, 11451 us display, type 3
frame 308: 36125 us total, 11454 us display, type 3
frame 309: 30742 us total, 11461 us display, type 3
frame 310: 29878 us total, 11460 us display, type 3
frame 311: 24614 us total, 11587 us display, type 3
frame 312: 32171 us total, 11566 us display, type 3
frame 313: 31479 us total, 11464 us display, type 3
frame 314: 23697 us total, 11457 us display, type 3
frame 315: 34186 us total, 11455 us display, type 3
frame 316: 30343 us total, 11605 us display, type 3
frame 317: 21563 us total, 11450 us display, type 3
frame 318: 32840 us total, 11458 us display, type 3
frame 319: 29199 us total, 11465 us display, type 3
frame 320: 30265 us total, 11468 us display, type 3
frame 321: 24874 us total, 11451 us display, type 3
frame 322: 33382 us total, 11470 us display, type 3
frame 323: 30424 us total, 11482 us display, type 3
frame 324: 33403 us total, 11467 us display, type 3
frame 325: 24064 us total, 11457 us display, type 3
frame 326: 31851 us total, 11474 us display, type 3
frame 327: 32087 us total, 11467 us display, type 3
frame 328: 24165 us total, 11769 us display, type 3
frame 329: 31053 us total, 11472 us display, type 3
frame 330: 32375 us total, 11476 us display, type 3
frame 331: 33025 us total, 11542 us display, type 3
frame 332: 24693 us total, 11462 us display, type 3
frame 333: 32939 us total, 11485 us display, type 3
frame 334: 33513 us total, 11553 us display, type 3
frame 335: 30846 us total, 11465 us display, type 3
frame 336: 23860 us total, 11464 us display, type 3
frame 337: 30436 us total, 11474 us display, type 3
frame 338: 33109 us total, 11467 us display, type 3
frame 339: 25715 us total, 11502 us display, type 3
frame 340: 34638 us total, 11471 us display, type 3
frame 341: 35369 us total, 11479 us display, type 3
frame 342: 37588 us total, 11494 us display, type 3
frame 343: 34388 us total, 11461 us display, type 3
frame 344: 26488 us total, 11511 us display, type 3
frame 345: 33156 us total, 11469 us display, type 3
frame 346: 33697 us total, 11470 us display, type 3
frame 347: 38801 us total, 11466 us display, type 3
frame 348: 34861 us total, 11469 us display, type 3
frame 349: 36179 us total, 11479 us display, type 3
frame 350: 29982 us total, 11462 us display, type 3
frame 351: 34427 us total, 11594 us display, type 3
frame 352: 37045 us total, 11466 us display, type 3
gamepad: pairing open
frame 353: 35781 us total, 11472 us display, type 3
frame 354: 37267 us total, 11470 us display, type 3
frame 355: 37419 us total, 11479 us display, type 3
frame 356: 39481 us total, 11729 us display, type 3
frame 357: 38168 us total, 11470 us display, type 3
frame 358: 37251 us total, 11473 us display, type 3
frame 359: 30175 us total, 11455 us display, type 3
frame 360: 35599 us total, 11457 us display, type 3
frame 361: 39346 us total, 11456 us display, type 3
frame 362: 39379 us total, 11462 us display, type 3
frame 363: 40997 us total, 11463 us display, type 3
frame 364: 37388 us total, 11473 us display, type 3
frame 365: 39641 us total, 11482 us display, type 3
frame 366: 36087 us total, 11492 us display, type 3
frame 367: 37676 us total, 11471 us display, type 3
frame 368: 34832 us total, 11468 us display, type 3
frame 369: 25135 us total, 11454 us display, type 3
frame 370: 32701 us total, 11462 us display, type 3
frame 371: 31155 us total, 11464 us display, type 3
frame 372: 24528 us total, 11473 us display, type 3
frame 373: 32144 us total, 11457 us display, type 3
frame 374: 30738 us total, 11475 us display, type 3
frame 375: 31518 us total, 11778 us display, type 3
frame 376: 24952 us total, 11451 us display, type 3
frame 377: 30743 us total, 11471 us display, type 3
frame 378: 31411 us total, 11465 us display, type 3
frame 379: 23683 us total, 11453 us display, type 3
frame 380: 30052 us total, 11461 us display, type 3
frame 381: 28831 us total, 11463 us display, type 3
frame 382: 23901 us total, 11470 us display, type 3
frame 383: 29633 us total, 11464 us display, type 3
profile (avg of 128 frames, ms): logic+bsp 6.3 wait-fb 0.0 vp-mark 2.2 flats 5.4 columns 6.8 fuzz 0.0
frame 384: 30654 us total, 11469 us display, type 3
frame 385: 29086 us total, 11461 us display, type 3
frame 386: 23868 us total, 11454 us display, type 3
frame 387: 29625 us total, 11468 us display, type 3
frame 388: 29119 us total, 11470 us display, type 3
frame 389: 23376 us total, 11454 us display, type 3
frame 390: 27971 us total, 11617 us display, type 3
frame 391: 27942 us total, 11457 us display, type 3
frame 392: 23523 us total, 11598 us display, type 3
frame 393: 31811 us total, 11469 us display, type 3
frame 394: 30850 us total, 11459 us display, type 3
frame 395: 23310 us total, 11460 us display, type 3
frame 396: 32101 us total, 11467 us display, type 3
frame 397: 29503 us total, 11461 us display, type 3
frame 398: 24206 us total, 11459 us display, type 3
frame 399: 29624 us total, 11474 us display, type 3
frame 400: 29493 us total, 11458 us display, type 3
frame 401: 24251 us total, 11461 us display, type 3
frame 402: 33283 us total, 11766 us display, type 3
frame 403: 32106 us total, 11468 us display, type 3
frame 404: 31089 us total, 11458 us display, type 3
frame 405: 24612 us total, 11557 us display, type 3
frame 406: 33041 us total, 11457 us display, type 3
frame 407: 31296 us total, 11463 us display, type 3
frame 408: 25725 us total, 11453 us display, type 3
frame 409: 31362 us total, 11454 us display, type 3
frame 410: 32647 us total, 11461 us display, type 3
frame 411: 33657 us total, 11469 us display, type 3
frame 412: 25505 us total, 11455 us display, type 3
frame 413: 34574 us total, 11461 us display, type 3
frame 414: 33513 us total, 11458 us display, type 3
frame 415: 31942 us total, 11499 us display, type 3
frame 416: 34051 us total, 11462 us display, type 3
frame 417: 26726 us total, 11688 us display, type 3
frame 418: 33150 us total, 11461 us display, type 3
frame 419: 33929 us total, 11468 us display, type 3
frame 420: 34324 us total, 11476 us display, type 3
frame 421: 26511 us total, 11463 us display, type 3
frame 422: 34217 us total, 11456 us display, type 3
frame 423: 32428 us total, 11614 us display, type 3
frame 424: 33752 us total, 11466 us display, type 3
frame 425: 33311 us total, 11462 us display, type 3
frame 426: 26152 us total, 11461 us display, type 3
frame 427: 33302 us total, 11460 us display, type 3
frame 428: 33500 us total, 11462 us display, type 3
frame 429: 33334 us total, 11468 us display, type 3
frame 430: 25400 us total, 11459 us display, type 3
frame 431: 31188 us total, 11461 us display, type 3
frame 432: 31310 us total, 11464 us display, type 3
frame 433: 30841 us total, 11464 us display, type 3
frame 434: 26116 us total, 11460 us display, type 3
frame 435: 31147 us total, 11467 us display, type 3
frame 436: 30422 us total, 11473 us display, type 3
frame 437: 24793 us total, 11459 us display, type 3
frame 438: 30573 us total, 11535 us display, type 3
frame 439: 30401 us total, 11480 us display, type 3
frame 440: 34116 us total, 11464 us display, type 3
frame 441: 26103 us total, 11452 us display, type 3
frame 442: 31061 us total, 11463 us display, type 3
frame 443: 33401 us total, 11471 us display, type 3
frame 444: 32506 us total, 11465 us display, type 3
frame 445: 25926 us total, 11456 us display, type 3
frame 446: 31269 us total, 11468 us display, type 3
frame 447: 31016 us total, 11466 us display, type 3
frame 448: 26979 us total, 11507 us display, type 3
frame 449: 31603 us total, 11457 us display, type 3
frame 450: 33064 us total, 11466 us display, type 3
frame 451: 33675 us total, 11472 us display, type 3
frame 452: 27622 us total, 11456 us display, type 3
frame 453: 35342 us total, 11463 us display, type 3
frame 454: 34631 us total, 11470 us display, type 3
frame 455: 32140 us total, 11468 us display, type 3
frame 456: 32458 us total, 11462 us display, type 3
frame 457: 27446 us total, 11457 us display, type 3
frame 458: 32599 us total, 11455 us display, type 3
frame 459: 34372 us total, 11460 us display, type 3
frame 460: 34939 us total, 11467 us display, type 3
frame 461: 34913 us total, 11465 us display, type 3
frame 462: 26476 us total, 11467 us display, type 3
frame 463: 32230 us total, 11459 us display, type 3
frame 464: 31219 us total, 11477 us display, type 3
frame 465: 30843 us total, 11473 us display, type 3
frame 466: 24851 us total, 11462 us display, type 3
frame 467: 31777 us total, 11468 us display, type 3
frame 468: 33383 us total, 11681 us display, type 3
frame 469: 31178 us total, 11465 us display, type 3
frame 470: 23956 us total, 11460 us display, type 3
frame 471: 32762 us total, 11475 us display, type 3
frame 472: 33210 us total, 11467 us display, type 3
frame 473: 33133 us total, 11466 us display, type 3
frame 474: 28783 us total, 11453 us display, type 3
frame 475: 34751 us total, 11466 us display, type 3
frame 476: 32964 us total, 11481 us display, type 3
frame 477: 33949 us total, 11475 us display, type 3
frame 478: 26462 us total, 11459 us display, type 3
frame 479: 30883 us total, 11465 us display, type 3
frame 480: 31236 us total, 11468 us display, type 3
frame 481: 30491 us total, 11484 us display, type 3
frame 482: 25867 us total, 11463 us display, type 3
frame 483: 32659 us total, 11461 us display, type 3
frame 484: 33331 us total, 11470 us display, type 3
frame 485: 35943 us total, 11468 us display, type 3
frame 486: 28534 us total, 11669 us display, type 3
frame 487: 33849 us total, 11451 us display, type 3
frame 488: 34008 us total, 11462 us display, type 3
frame 489: 34679 us total, 11470 us display, type 3
frame 490: 36223 us total, 11487 us display, type 3
frame 491: 36864 us total, 11485 us display, type 3
frame 492: 28759 us total, 11586 us display, type 3
frame 493: 35754 us total, 11453 us display, type 3
frame 494: 34125 us total, 11470 us display, type 3
frame 495: 34738 us total, 11598 us display, type 3
frame 496: 32154 us total, 11498 us display, type 3
frame 497: 27643 us total, 11459 us display, type 3
frame 498: 34635 us total, 11464 us display, type 3
frame 499: 33960 us total, 11471 us display, type 3
frame 500: 33898 us total, 11462 us display, type 3
frame 501: 30838 us total, 11461 us display, type 3
frame 502: 23548 us total, 11459 us display, type 3
frame 503: 29248 us total, 11466 us display, type 3
frame 504: 30098 us total, 11464 us display, type 3
frame 505: 25389 us total, 11452 us display, type 3
frame 506: 31164 us total, 11474 us display, type 3
frame 507: 32767 us total, 11459 us display, type 3
frame 508: 23450 us total, 11462 us display, type 3
frame 509: 35605 us total, 11462 us display, type 3
frame 510: 31038 us total, 11462 us display, type 3
frame 511: 29191 us total, 11471 us display, type 3
profile (avg of 128 frames, ms): logic+bsp 7.6 wait-fb 0.0 vp-mark 2.4 flats 6.0 columns 8.2 fuzz 0.0
frame 512: 23222 us total, 11456 us display, type 3
audio: 82 underruns, 20 ms queued
mem @frame 512: heap free 37808, largest 14592, min ever 37672, zone free 41204, display stack free 4380, uptime 14 s, gamestate 0, demo 1, usergame 0, tic 464
frame 513: 30779 us total, 11475 us display, type 3
frame 514: 31205 us total, 11478 us display, type 3
frame 515: 21439 us total, 11461 us display, type 3
frame 516: 34871 us total, 11452 us display, type 3
frame 517: 31026 us total, 11467 us display, type 3
frame 518: 29788 us total, 11479 us display, type 3
frame 519: 25380 us total, 11464 us display, type 3
frame 520: 30318 us total, 11470 us display, type 3
frame 521: 30325 us total, 11483 us display, type 3
frame 522: 24446 us total, 11458 us display, type 3
frame 523: 32734 us total, 11458 us display, type 3
frame 524: 33854 us total, 11466 us display, type 3
frame 525: 32271 us total, 11510 us display, type 3
frame 526: 24395 us total, 11459 us display, type 3
frame 527: 32977 us total, 11475 us display, type 3
frame 528: 31853 us total, 11649 us display, type 3
frame 529: 22980 us total, 11457 us display, type 3
frame 530: 31554 us total, 11459 us display, type 3
frame 531: 34454 us total, 11765 us display, type 3
frame 532: 34124 us total, 11482 us display, type 3
frame 533: 35095 us total, 11469 us display, type 3
frame 534: 23551 us total, 11463 us display, type 3
frame 535: 34579 us total, 11599 us display, type 3
frame 536: 31748 us total, 11471 us display, type 3
frame 537: 31943 us total, 11473 us display, type 3
frame 538: 23672 us total, 11465 us display, type 3
frame 539: 33003 us total, 11458 us display, type 3
frame 540: 32825 us total, 11475 us display, type 3
frame 541: 23246 us total, 11457 us display, type 3
frame 542: 33948 us total, 11451 us display, type 3
frame 543: 33683 us total, 11461 us display, type 3
frame 544: 30663 us total, 11475 us display, type 3
frame 545: 23866 us total, 11455 us display, type 3
frame 546: 30470 us total, 11460 us display, type 3
frame 547: 31853 us total, 11475 us display, type 3
frame 548: 23469 us total, 11455 us display, type 3
frame 549: 31806 us total, 11455 us display, type 3
frame 550: 32441 us total, 11461 us display, type 3
frame 551: 32211 us total, 11483 us display, type 3
frame 552: 25677 us total, 11458 us display, type 3
frame 553: 30402 us total, 11464 us display, type 3
frame 554: 30903 us total, 11477 us display, type 3
frame 555: 30669 us total, 11467 us display, type 3
frame 556: 23618 us total, 11462 us display, type 3
frame 557: 31589 us total, 11466 us display, type 3
frame 558: 31126 us total, 11472 us display, type 3
frame 559: 22214 us total, 11460 us display, type 3
frame 560: 30682 us total, 11674 us display, type 3
frame 561: 30842 us total, 11458 us display, type 3
frame 562: 22484 us total, 11459 us display, type 3
frame 563: 29211 us total, 11472 us display, type 3
frame 564: 31588 us total, 11469 us display, type 3
frame 565: 21982 us total, 11468 us display, type 3
frame 566: 33977 us total, 11464 us display, type 3
frame 567: 31070 us total, 11468 us display, type 3
frame 568: 31193 us total, 11461 us display, type 3
frame 569: 21946 us total, 11454 us display, type 3
frame 570: 30727 us total, 11474 us display, type 3
frame 571: 30166 us total, 11471 us display, type 3
frame 572: 22012 us total, 11750 us display, type 3
frame 573: 32868 us total, 11476 us display, type 3
frame 574: 31723 us total, 11458 us display, type 3
frame 575: 21533 us total, 11459 us display, type 3
frame 576: 32664 us total, 11473 us display, type 3
frame 577: 30627 us total, 11469 us display, type 3
frame 578: 22295 us total, 11450 us display, type 3
frame 579: 31916 us total, 11630 us display, type 3
frame 580: 31175 us total, 11477 us display, type 3
frame 581: 30487 us total, 11463 us display, type 3
frame 582: 22401 us total, 11449 us display, type 3
frame 583: 31415 us total, 11473 us display, type 3
frame 584: 33962 us total, 11478 us display, type 3
frame 585: 22710 us total, 11460 us display, type 3
frame 586: 32465 us total, 11459 us display, type 3
frame 587: 30674 us total, 11485 us display, type 3
frame 588: 31525 us total, 11495 us display, type 3
frame 589: 23910 us total, 11452 us display, type 3
frame 590: 30910 us total, 11473 us display, type 3
frame 591: 32164 us total, 11475 us display, type 3
frame 592: 25305 us total, 11448 us display, type 3
frame 593: 31703 us total, 11456 us display, type 3
frame 594: 33629 us total, 11472 us display, type 3
frame 595: 30630 us total, 11463 us display, type 3
frame 596: 23920 us total, 11464 us display, type 3
frame 597: 31109 us total, 11467 us display, type 3
frame 598: 32274 us total, 11476 us display, type 3
frame 599: 24297 us total, 11456 us display, type 3
frame 600: 32391 us total, 11462 us display, type 3
frame 601: 34238 us total, 11469 us display, type 3
frame 602: 33501 us total, 11464 us display, type 3
frame 603: 31608 us total, 11472 us display, type 3
frame 604: 22992 us total, 11467 us display, type 3
frame 605: 31204 us total, 11593 us display, type 3
frame 606: 29669 us total, 11471 us display, type 3
frame 607: 23593 us total, 11462 us display, type 3
frame 608: 33390 us total, 11469 us display, type 3
frame 609: 31500 us total, 11468 us display, type 3
frame 610: 23041 us total, 11454 us display, type 3
frame 611: 33712 us total, 11549 us display, type 3
frame 612: 30878 us total, 11478 us display, type 3
frame 613: 31294 us total, 11467 us display, type 3
frame 614: 23690 us total, 11464 us display, type 3
frame 615: 31593 us total, 11543 us display, type 3
frame 616: 32968 us total, 11474 us display, type 3
frame 617: 24011 us total, 11461 us display, type 3
frame 618: 33002 us total, 11458 us display, type 3
frame 619: 32495 us total, 11481 us display, type 3
frame 620: 32174 us total, 11593 us display, type 3
frame 621: 23687 us total, 11460 us display, type 3
frame 622: 30180 us total, 11466 us display, type 3
frame 623: 30586 us total, 11462 us display, type 3
frame 624: 23184 us total, 11467 us display, type 3
frame 625: 32062 us total, 11463 us display, type 3
frame 626: 31725 us total, 11472 us display, type 3
frame 627: 32356 us total, 11471 us display, type 3
frame 628: 23766 us total, 11462 us display, type 3
frame 629: 32168 us total, 11472 us display, type 3
frame 630: 32266 us total, 11461 us display, type 3
frame 631: 23921 us total, 11448 us display, type 3
frame 632: 30562 us total, 11466 us display, type 3
frame 633: 33224 us total, 11478 us display, type 3
frame 634: 34133 us total, 11483 us display, type 3
frame 635: 23509 us total, 11456 us display, type 3
frame 636: 33003 us total, 11453 us display, type 3
frame 637: 32661 us total, 11614 us display, type 3
frame 638: 33719 us total, 11478 us display, type 3
frame 639: 24588 us total, 11451 us display, type 3
profile (avg of 128 frames, ms): logic+bsp 6.4 wait-fb 0.0 vp-mark 1.9 flats 5.5 columns 7.1 fuzz 0.8
frame 640: 33125 us total, 11544 us display, type 3
frame 641: 33028 us total, 11466 us display, type 3
frame 642: 34623 us total, 11463 us display, type 3
frame 643: 23585 us total, 11466 us display, type 3
frame 644: 33797 us total, 11456 us display, type 3
frame 645: 33540 us total, 11604 us display, type 3
frame 646: 35012 us total, 11463 us display, type 3
frame 647: 33771 us total, 11474 us display, type 3
frame 648: 25618 us total, 11461 us display, type 3
frame 649: 35576 us total, 11612 us display, type 3
frame 650: 34487 us total, 11468 us display, type 3
frame 651: 36672 us total, 11481 us display, type 3
frame 652: 35497 us total, 11477 us display, type 3
frame 653: 25112 us total, 11461 us display, type 3
frame 654: 32992 us total, 11465 us display, type 3
frame 655: 32721 us total, 11462 us display, type 3
frame 656: 32945 us total, 11467 us display, type 3
frame 657: 24745 us total, 11455 us display, type 3
frame 658: 32469 us total, 11455 us display, type 3
frame 659: 32677 us total, 11471 us display, type 3
frame 660: 33174 us total, 11461 us display, type 3
frame 661: 23958 us total, 11454 us display, type 3
frame 662: 30360 us total, 11470 us display, type 3
frame 663: 30803 us total, 11476 us display, type 3
frame 664: 33614 us total, 11463 us display, type 3
frame 665: 25030 us total, 11453 us display, type 3
frame 666: 33404 us total, 11467 us display, type 3
frame 667: 33087 us total, 11467 us display, type 3
frame 668: 31496 us total, 11465 us display, type 3
frame 669: 23755 us total, 11451 us display, type 3
frame 670: 29852 us total, 11470 us display, type 3
frame 671: 30037 us total, 11463 us display, type 3
frame 672: 22982 us total, 11750 us display, type 3
frame 673: 32438 us total, 11461 us display, type 3
frame 674: 32436 us total, 11467 us display, type 3
frame 675: 22714 us total, 11450 us display, type 3
frame 676: 32202 us total, 11465 us display, type 3
frame 677: 33114 us total, 11483 us display, type 3
frame 678: 29989 us total, 11486 us display, type 3
frame 679: 24238 us total, 11453 us display, type 3
frame 680: 30535 us total, 11466 us display, type 3
frame 681: 31677 us total, 11468 us display, type 3
frame 682: 23437 us total, 11459 us display, type 3
frame 683: 31752 us total, 11457 us display, type 3
frame 684: 31721 us total, 11466 us display, type 3
frame 685: 31195 us total, 11458 us display, type 3
frame 686: 24304 us total, 11726 us display, type 3
frame 687: 30674 us total, 11462 us display, type 3
frame 688: 29938 us total, 11465 us display, type 3
frame 689: 23706 us total, 11450 us display, type 3
frame 690: 30475 us total, 11475 us display, type 3
frame 691: 34011 us total, 11477 us display, type 3
frame 692: 33165 us total, 11474 us display, type 3
frame 693: 24211 us total, 11599 us display, type 3
frame 694: 32348 us total, 11464 us display, type 3
frame 695: 31209 us total, 11471 us display, type 3
frame 696: 25442 us total, 11463 us display, type 3
frame 697: 33779 us total, 11469 us display, type 3
frame 698: 33053 us total, 11475 us display, type 3
frame 699: 33451 us total, 11465 us display, type 3
frame 700: 24336 us total, 11472 us display, type 3
frame 701: 33286 us total, 11464 us display, type 3
frame 702: 33207 us total, 11467 us display, type 3
frame 703: 32487 us total, 11472 us display, type 3
frame 704: 24840 us total, 11455 us display, type 3
frame 705: 33339 us total, 11540 us display, type 3
frame 706: 33956 us total, 11463 us display, type 3
frame 707: 33811 us total, 11481 us display, type 3
frame 708: 35002 us total, 11468 us display, type 3
frame 709: 24137 us total, 11455 us display, type 3
frame 710: 33291 us total, 11581 us display, type 3
frame 711: 32921 us total, 11485 us display, type 3
frame 712: 32709 us total, 11777 us display, type 3
frame 713: 24310 us total, 11457 us display, type 3
frame 714: 32710 us total, 11475 us display, type 3
frame 715: 34605 us total, 11463 us display, type 3
frame 716: 33252 us total, 11491 us display, type 3
frame 717: 26925 us total, 11462 us display, type 3
frame 718: 33636 us total, 11470 us display, type 3
frame 719: 32407 us total, 11469 us display, type 3
frame 720: 31885 us total, 11471 us display, type 3
frame 721: 24380 us total, 11455 us display, type 3
frame 722: 31755 us total, 11467 us display, type 3
frame 723: 33941 us total, 11476 us display, type 3
frame 724: 33144 us total, 11464 us display, type 3
frame 725: 23602 us total, 11460 us display, type 3
frame 726: 33846 us total, 11456 us display, type 3
frame 727: 31789 us total, 11477 us display, type 3
frame 728: 31072 us total, 11721 us display, type 3
frame 729: 23415 us total, 11454 us display, type 3
frame 730: 31846 us total, 11470 us display, type 3
frame 731: 33492 us total, 11478 us display, type 3
frame 732: 34060 us total, 11472 us display, type 3
frame 733: 23498 us total, 11458 us display, type 3
frame 734: 32136 us total, 11476 us display, type 3
frame 735: 33464 us total, 11468 us display, type 3
frame 736: 23614 us total, 11641 us display, type 3
frame 737: 30953 us total, 11457 us display, type 3
frame 738: 30713 us total, 11481 us display, type 3
frame 739: 33097 us total, 11466 us display, type 3
frame 740: 23331 us total, 11470 us display, type 3
frame 741: 32368 us total, 11473 us display, type 3
frame 742: 33331 us total, 11471 us display, type 3
frame 743: 30877 us total, 11464 us display, type 3
frame 744: 22189 us total, 11467 us display, type 3
frame 745: 31252 us total, 11465 us display, type 3
frame 746: 30111 us total, 11479 us display, type 3
frame 747: 21857 us total, 11465 us display, type 3
frame 748: 31317 us total, 11470 us display, type 3
frame 749: 31449 us total, 11457 us display, type 3
frame 750: 21134 us total, 11454 us display, type 3
frame 751: 30863 us total, 11465 us display, type 3
frame 752: 30752 us total, 11581 us display, type 3
frame 753: 22107 us total, 11448 us display, type 3
frame 754: 28779 us total, 11469 us display, type 3
frame 755: 29254 us total, 11461 us display, type 3
frame 756: 21708 us total, 11472 us display, type 3
frame 757: 30682 us total, 11473 us display, type 3
frame 758: 31119 us total, 11459 us display, type 3
frame 759: 21178 us total, 11463 us display, type 3
frame 760: 32088 us total, 11476 us display, type 3
frame 761: 28918 us total, 11585 us display, type 3
frame 762: 21099 us total, 11455 us display, type 3
frame 763: 31528 us total, 11463 us display, type 3
frame 764: 30043 us total, 11468 us display, type 3
frame 765: 21748 us total, 11454 us display, type 3
frame 766: 35807 us total, 11478 us display, type 3
frame 767: 30718 us total, 11476 us display, type 3
profile (avg of 128 frames, ms): logic+bsp 6.2 wait-fb 0.0 vp-mark 2.5 flats 6.6 columns 6.7 fuzz 0.7
frame 768: 20266 us total, 11462 us display, type 3
audio: 82 underruns, 20 ms queued
mem @frame 768: heap free 37808, largest 14592, min ever 37672, zone free 41204, display stack free 4380, uptime 22 s, gamestate 0, demo 1, usergame 0, tic 731
frame 769: 36836 us total, 11462 us display, type 3
frame 770: 30093 us total, 11470 us display, type 3
frame 771: 29457 us total, 11461 us display, type 3
frame 772: 21005 us total, 11788 us display, type 3
frame 773: 33367 us total, 11605 us display, type 3
frame 774: 30566 us total, 11463 us display, type 3
frame 775: 21275 us total, 11462 us display, type 3
frame 776: 34079 us total, 11463 us display, type 3
frame 777: 30917 us total, 11473 us display, type 3
frame 778: 20643 us total, 11469 us display, type 3
frame 779: 34302 us total, 11450 us display, type 3
frame 780: 29808 us total, 11468 us display, type 3
frame 781: 20934 us total, 11455 us display, type 3
frame 782: 34600 us total, 11652 us display, type 3
frame 783: 30926 us total, 11482 us display, type 3
frame 784: 32261 us total, 11686 us display, type 3
frame 785: 23118 us total, 11639 us display, type 3
frame 786: 32195 us total, 11468 us display, type 3
frame 787: 32148 us total, 11474 us display, type 3
frame 788: 30849 us total, 11472 us display, type 3
frame 789: 24053 us total, 11451 us display, type 3
frame 790: 32230 us total, 11471 us display, type 3
frame 791: 34938 us total, 11468 us display, type 3
frame 792: 36853 us total, 11480 us display, type 3
frame 793: 29467 us total, 11684 us display, type 3
frame 794: 38213 us total, 11466 us display, type 3
frame 795: 39689 us total, 11462 us display, type 3
frame 796: 34797 us total, 11702 us display, type 3
frame 797: 34464 us total, 11578 us display, type 3
frame 798: 35965 us total, 11482 us display, type 3
frame 799: 35215 us total, 11484 us display, type 3
frame 800: 26042 us total, 11566 us display, type 3
frame 801: 33902 us total, 11450 us display, type 3
frame 802: 33722 us total, 11475 us display, type 3
frame 803: 34868 us total, 11486 us display, type 3
frame 804: 35426 us total, 11477 us display, type 3
frame 805: 26799 us total, 11471 us display, type 3
frame 806: 35299 us total, 11507 us display, type 3
frame 807: 37760 us total, 11461 us display, type 3
frame 808: 36649 us total, 11474 us display, type 3
frame 809: 38549 us total, 11477 us display, type 3
frame 810: 36716 us total, 11486 us display, type 3
frame 811: 36189 us total, 11480 us display, type 3
frame 812: 28335 us total, 11464 us display, type 3
frame 813: 35440 us total, 11468 us display, type 3
frame 814: 38376 us total, 11455 us display, type 3
frame 815: 36691 us total, 11456 us display, type 3
frame 816: 36241 us total, 11471 us display, type 3
frame 817: 37628 us total, 11563 us display, type 3
frame 818: 34642 us total, 11473 us display, type 3
frame 819: 27033 us total, 11463 us display, type 3
frame 820: 33914 us total, 11455 us display, type 3
frame 821: 34168 us total, 11462 us display, type 3
frame 822: 35448 us total, 11606 us display, type 3
frame 823: 35018 us total, 11474 us display, type 3
frame 824: 24159 us total, 11453 us display, type 3
frame 825: 34982 us total, 11447 us display, type 3
frame 826: 35837 us total, 11465 us display, type 3
frame 827: 36034 us total, 11475 us display, type 3
frame 828: 39709 us total, 11603 us display, type 3
frame 829: 35423 us total, 11474 us display, type 3
frame 830: 25354 us total, 11464 us display, type 3
frame 831: 35360 us total, 11462 us display, type 3
frame 832: 34526 us total, 11459 us display, type 3
frame 833: 36099 us total, 11481 us display, type 3
frame 834: 35220 us total, 11478 us display, type 3
frame 835: 22830 us total, 11457 us display, type 3
frame 836: 34260 us total, 11464 us display, type 3
frame 837: 32798 us total, 11463 us display, type 3
frame 838: 33319 us total, 11478 us display, type 3
frame 839: 26025 us total, 11668 us display, type 3
frame 840: 33278 us total, 11453 us display, type 3
frame 841: 33858 us total, 11459 us display, type 3
frame 842: 34257 us total, 11469 us display, type 3
frame 843: 33627 us total, 11465 us display, type 3
frame 844: 24350 us total, 11456 us display, type 3
frame 845: 34789 us total, 11535 us display, type 3
frame 846: 34046 us total, 11470 us display, type 3
frame 847: 32596 us total, 11475 us display, type 3
frame 848: 24469 us total, 11456 us display, type 3
frame 849: 31805 us total, 11449 us display, type 3
frame 850: 31799 us total, 11479 us display, type 3
frame 851: 33580 us total, 12010 us display, type 3
frame 852: 25775 us total, 11454 us display, type 3
frame 853: 33703 us total, 11471 us display, type 3
frame 854: 33248 us total, 11471 us display, type 3
frame 855: 29320 us total, 11469 us display, type 3
frame 856: 22150 us total, 11451 us display, type 3
frame 857: 28763 us total, 11595 us display, type 3
frame 858: 28511 us total, 11469 us display, type 3
frame 859: 21400 us total, 11464 us display, type 3
frame 860: 31704 us total, 11468 us display, type 3
frame 861: 28084 us total, 11466 us display, type 3
frame 862: 20007 us total, 11445 us display, type 3
frame 863: 34584 us total, 11476 us display, type 3
frame 864: 29634 us total, 11472 us display, type 3
frame 865: 23897 us total, 11455 us display, type 3
frame 866: 33069 us total, 11467 us display, type 3
frame 867: 30154 us total, 11470 us display, type 3
frame 868: 22030 us total, 11457 us display, type 3
frame 869: 35335 us total, 11467 us display, type 3
frame 870: 29406 us total, 11469 us display, type 3
frame 871: 21678 us total, 11516 us display, type 3
frame 872: 34136 us total, 11452 us display, type 3
frame 873: 28398 us total, 11772 us display, type 3
frame 874: 28980 us total, 11458 us display, type 3
frame 875: 20518 us total, 11461 us display, type 3
frame 876: 32993 us total, 11601 us display, type 3
frame 877: 32297 us total, 11464 us display, type 3
frame 878: 21102 us total, 11455 us display, type 3
frame 879: 35472 us total, 11474 us display, type 3
frame 880: 29608 us total, 11469 us display, type 3
frame 881: 20950 us total, 11449 us display, type 3
frame 882: 34072 us total, 11451 us display, type 3
frame 883: 28144 us total, 11764 us display, type 3
frame 884: 30613 us total, 11474 us display, type 3
frame 885: 21509 us total, 11459 us display, type 3
frame 886: 34554 us total, 11472 us display, type 3
frame 887: 30193 us total, 11465 us display, type 3
frame 888: 20992 us total, 11454 us display, type 3
frame 889: 35416 us total, 11473 us display, type 3
frame 890: 29456 us total, 11583 us display, type 3
frame 891: 21896 us total, 11459 us display, type 3
frame 892: 33091 us total, 11461 us display, type 3
frame 893: 29532 us total, 11486 us display, type 3
frame 894: 22741 us total, 11548 us display, type 3
frame 895: 35032 us total, 11461 us display, type 3
profile (avg of 128 frames, ms): logic+bsp 7.3 wait-fb 0.0 vp-mark 1.4 flats 4.7 columns 8.3 fuzz 0.0
frame 896: 31756 us total, 11467 us display, type 3
frame 897: 31361 us total, 11505 us display, type 3
frame 898: 21685 us total, 11450 us display, type 3
frame 899: 31257 us total, 11472 us display, type 3
frame 900: 30696 us total, 11468 us display, type 3
frame 901: 21965 us total, 11467 us display, type 3
frame 902: 35005 us total, 11470 us display, type 3
frame 903: 34404 us total, 11629 us display, type 3
frame 904: 34790 us total, 11474 us display, type 3
frame 905: 23402 us total, 11464 us display, type 3
frame 906: 33512 us total, 11460 us display, type 3
frame 907: 33703 us total, 11467 us display, type 3
frame 908: 33352 us total, 11466 us display, type 3
frame 909: 24081 us total, 11457 us display, type 3
frame 910: 33482 us total, 11461 us display, type 3
frame 911: 35638 us total, 11467 us display, type 3
frame 912: 35475 us total, 11475 us display, type 3
frame 913: 35967 us total, 11461 us display, type 3
frame 914: 24509 us total, 11457 us display, type 3
frame 915: 35749 us total, 11541 us display, type 3
frame 916: 33302 us total, 11473 us display, type 3
frame 917: 33216 us total, 11483 us display, type 3
frame 918: 35756 us total, 11465 us display, type 3
frame 919: 25823 us total, 11452 us display, type 3
frame 920: 34537 us total, 11457 us display, type 3
frame 921: 34689 us total, 11478 us display, type 3
frame 922: 35433 us total, 11471 us display, type 3
frame 923: 32393 us total, 11482 us display, type 3
frame 924: 25495 us total, 11465 us display, type 3
frame 925: 34164 us total, 11456 us display, type 3
frame 926: 33027 us total, 11466 us display, type 3
frame 927: 34105 us total, 11481 us display, type 3
frame 928: 25511 us total, 11460 us display, type 3
frame 929: 34239 us total, 11601 us display, type 3
frame 930: 34124 us total, 11469 us display, type 3
frame 931: 32991 us total, 11471 us display, type 3
frame 932: 31897 us total, 11476 us display, type 3
frame 933: 24795 us total, 11468 us display, type 3
frame 934: 32968 us total, 11466 us display, type 3
frame 935: 32131 us total, 11471 us display, type 3
frame 936: 22670 us total, 11457 us display, type 3
frame 937: 32265 us total, 11461 us display, type 3
frame 938: 31132 us total, 11464 us display, type 3
frame 939: 28919 us total, 11482 us display, type 3
frame 940: 22875 us total, 11460 us display, type 3
frame 941: 28604 us total, 11465 us display, type 3
frame 942: 29536 us total, 11466 us display, type 3
frame 943: 23464 us total, 11467 us display, type 3
frame 944: 36482 us total, 11477 us display, type 3
frame 945: 32537 us total, 11478 us display, type 3
frame 946: 32219 us total, 11471 us display, type 3
frame 947: 25303 us total, 11459 us display, type 3
frame 948: 32693 us total, 11474 us display, type 3
frame 949: 32591 us total, 11471 us display, type 3
frame 950: 35818 us total, 11772 us display, type 3
frame 951: 29352 us total, 11462 us display, type 3
frame 952: 38316 us total, 11463 us display, type 3
frame 953: 38241 us total, 11453 us display, type 3
frame 954: 37921 us total, 11460 us display, type 3
frame 955: 37263 us total, 11528 us display, type 3
frame 956: 38034 us total, 11468 us display, type 3
frame 957: 35919 us total, 11467 us display, type 3
frame 958: 40412 us total, 11469 us display, type 3
frame 959: 39063 us total, 11473 us display, type 3
frame 960: 37446 us total, 11473 us display, type 3
frame 961: 28611 us total, 11468 us display, type 3
frame 962: 36823 us total, 11459 us display, type 3
frame 963: 36801 us total, 11455 us display, type 3
frame 964: 36393 us total, 11468 us display, type 3
frame 965: 36890 us total, 11473 us display, type 3
frame 966: 37291 us total, 11481 us display, type 3
frame 967: 38433 us total, 11474 us display, type 3
frame 968: 35353 us total, 11473 us display, type 3
frame 969: 27994 us total, 11451 us display, type 3
frame 970: 35309 us total, 11474 us display, type 3
frame 971: 36471 us total, 11464 us display, type 3
frame 972: 37461 us total, 11562 us display, type 3
frame 973: 37081 us total, 11480 us display, type 3
frame 974: 38181 us total, 11463 us display, type 3
frame 975: 37385 us total, 11483 us display, type 3
frame 976: 28209 us total, 11582 us display, type 3
frame 977: 34509 us total, 11454 us display, type 3
frame 978: 35066 us total, 11466 us display, type 3
frame 979: 36300 us total, 11485 us display, type 3
frame 980: 37502 us total, 11481 us display, type 3
frame 981: 35937 us total, 11473 us display, type 3
frame 982: 26600 us total, 11634 us display, type 3
frame 983: 33741 us total, 11459 us display, type 3
frame 984: 35015 us total, 11468 us display, type 3
frame 985: 33267 us total, 11478 us display, type 3
frame 986: 35029 us total, 11478 us display, type 3
frame 987: 28277 us total, 11537 us display, type 3
frame 988: 36203 us total, 11454 us display, type 3
frame 989: 34559 us total, 11479 us display, type 3
frame 990: 38644 us total, 11468 us display, type 3
frame 991: 35392 us total, 11484 us display, type 3
frame 992: 34079 us total, 11537 us display, type 3
frame 993: 29644 us total, 11466 us display, type 3
frame 994: 36443 us total, 11469 us display, type 3
frame 995: 37721 us total, 11460 us display, type 3
frame 996: 37201 us total, 11464 us display, type 3
frame 997: 37834 us total, 11465 us display, type 3
frame 998: 38579 us total, 11661 us display, type 3
frame 999: 36757 us total, 11469 us display, type 3
frame 1000: 39341 us total, 11479 us display, type 3
frame 1001: 41193 us total, 11465 us display, type 3
frame 1002: 39566 us total, 11562 us display, type 3
frame 1003: 37017 us total, 11478 us display, type 3
frame 1004: 32759 us total, 11455 us display, type 3
frame 1005: 39122 us total, 11457 us display, type 3
frame 1006: 39861 us total, 11464 us display, type 3
frame 1007: 39099 us total, 11454 us display, type 3
frame 1008: 38111 us total, 11469 us display, type 3
frame 1009: 38565 us total, 11462 us display, type 3
frame 1010: 38223 us total, 11599 us display, type 3
frame 1011: 36999 us total, 11475 us display, type 3
frame 1012: 37174 us total, 11499 us display, type 3
frame 1013: 38987 us total, 11470 us display, type 3
frame 1014: 37527 us total, 11468 us display, type 3
frame 1015: 28107 us total, 11457 us display, type 3
frame 1016: 38800 us total, 12260 us display, type 3
frame 1017: 39073 us total, 11450 us display, type 3
frame 1018: 37663 us total, 11454 us display, type 3
frame 1019: 37379 us total, 11451 us display, type 3
frame 1020: 37828 us total, 11460 us display, type 3
frame 1021: 37603 us total, 11460 us display, type 3
frame 1022: 37367 us total, 11678 us display, type 3
frame 1023: 38474 us total, 11491 us display, type 3
profile (avg of 128 frames, ms): logic+bsp 9.1 wait-fb 0.0 vp-mark 1.6 flats 4.9 columns 10.0 fuzz 0.1
frame 1024: 35674 us total, 11463 us display, type 3
audio: 82 underruns, 41 ms queued
mem @frame 1024: heap free 37960, largest 14592, min ever 37640, zone free 41204, display stack free 4380, uptime 30 s, gamestate 0, demo 1, usergame 0, tic 1022
frame 1025: 26667 us total, 11451 us display, type 3
frame 1026: 33321 us total, 11450 us display, type 3
frame 1027: 34918 us total, 11459 us display, type 3
frame 1028: 35177 us total, 11478 us display, type 3
frame 1029: 35799 us total, 11470 us display, type 3
frame 1030: 27007 us total, 11449 us display, type 3
frame 1031: 36092 us total, 11463 us display, type 3
frame 1032: 36208 us total, 11459 us display, type 3
frame 1033: 35797 us total, 11548 us display, type 3
frame 1034: 38390 us total, 11472 us display, type 3
frame 1035: 38276 us total, 11472 us display, type 3
frame 1036: 38168 us total, 11478 us display, type 3
frame 1037: 40555 us total, 11478 us display, type 3
frame 1038: 36069 us total, 11476 us display, type 3
frame 1039: 29003 us total, 11459 us display, type 3
frame 1040: 35287 us total, 11456 us display, type 3
frame 1041: 36790 us total, 11453 us display, type 3
frame 1042: 36209 us total, 11459 us display, type 3
frame 1043: 38282 us total, 11462 us display, type 3
frame 1044: 38760 us total, 11487 us display, type 3
frame 1045: 36326 us total, 11471 us display, type 3
frame 1046: 36262 us total, 11478 us display, type 3
frame 1047: 30142 us total, 11463 us display, type 3
frame 1048: 36994 us total, 11452 us display, type 3
frame 1049: 38218 us total, 11452 us display, type 3
frame 1050: 37689 us total, 11468 us display, type 3
frame 1051: 37750 us total, 11459 us display, type 3
frame 1052: 37577 us total, 11475 us display, type 3
frame 1053: 36823 us total, 11478 us display, type 3
frame 1054: 35841 us total, 11486 us display, type 3
frame 1055: 28383 us total, 11457 us display, type 3
frame 1056: 36077 us total, 11450 us display, type 3
frame 1057: 35844 us total, 11458 us display, type 3
frame 1058: 35671 us total, 11464 us display, type 3
frame 1059: 36229 us total, 11470 us display, type 3
frame 1060: 35982 us total, 11689 us display, type 3
frame 1061: 35157 us total, 11574 us display, type 3
frame 1062: 29249 us total, 11456 us display, type 3
frame 1063: 36503 us total, 11455 us display, type 3
frame 1064: 35548 us total, 11458 us display, type 3
frame 1065: 35622 us total, 11468 us display, type 3
frame 1066: 33708 us total, 11474 us display, type 3
frame 1067: 25742 us total, 11461 us display, type 3
frame 1068: 32550 us total, 11448 us display, type 3
frame 1069: 33108 us total, 11618 us display, type 3
frame 1070: 35869 us total, 11476 us display, type 3
frame 1071: 35558 us total, 11479 us display, type 3
frame 1072: 25111 us total, 11466 us display, type 3
frame 1073: 34922 us total, 11459 us display, type 3
frame 1074: 33337 us total, 11462 us display, type 3
frame 1075: 33349 us total, 11651 us display, type 3
frame 1076: 34247 us total, 11552 us display, type 3
frame 1077: 26755 us total, 11455 us display, type 3
frame 1078: 35794 us total, 11455 us display, type 3
frame 1079: 34316 us total, 11467 us display, type 3
frame 1080: 35010 us total, 11471 us display, type 3
frame 1081: 33901 us total, 11474 us display, type 3
frame 1082: 24654 us total, 11450 us display, type 3
frame 1083: 34765 us total, 11458 us display, type 3
frame 1084: 32972 us total, 11480 us display, type 3
frame 1085: 35229 us total, 11469 us display, type 3
frame 1086: 23395 us total, 11466 us display, type 3
frame 1087: 33259 us total, 11456 us display, type 3
frame 1088: 33087 us total, 11473 us display, type 3
frame 1089: 32272 us total, 11773 us display, type 3
frame 1090: 22930 us total, 11573 us display, type 3
frame 1091: 30777 us total, 11584 us display, type 3
frame 1092: 30532 us total, 11464 us display, type 3
frame 1093: 22219 us total, 11867 us display, type 3
frame 1094: 30560 us total, 11538 us display, type 3
frame 1095: 30690 us total, 11475 us display, type 3
frame 1096: 20074 us total, 11460 us display, type 3
frame 1097: 30153 us total, 11456 us display, type 3
frame 1098: 28567 us total, 11524 us display, type 3
frame 1099: 19651 us total, 11445 us display, type 3
frame 1100: 28645 us total, 11479 us display, type 3
frame 1101: 30001 us total, 11475 us display, type 3
frame 1102: 22131 us total, 11447 us display, type 3
frame 1103: 34754 us total, 11466 us display, type 3
frame 1104: 30843 us total, 11463 us display, type 3
frame 1105: 19765 us total, 11473 us display, type 3
frame 1106: 34148 us total, 11452 us display, type 3
frame 1107: 28992 us total, 11475 us display, type 3
frame 1108: 21467 us total, 11444 us display, type 3
frame 1109: 32624 us total, 11452 us display, type 3
frame 1110: 30067 us total, 11460 us display, type 3
frame 1111: 29963 us total, 11607 us display, type 3
frame 1112: 20941 us total, 11430 us display, type 3
frame 1113: 34601 us total, 11463 us display, type 3
frame 1114: 32400 us total, 11458 us display, type 3
frame 1115: 21915 us total, 11466 us display, type 3
frame 1116: 35550 us total, 11455 us display, type 3
frame 1117: 29115 us total, 11465 us display, type 3
frame 1118: 21940 us total, 11488 us display, type 3
frame 1119: 34332 us total, 11471 us display, type 3
frame 1120: 31564 us total, 11481 us display, type 3
frame 1121: 37438 us total, 11604 us display, type 3
frame 1122: 33774 us total, 11476 us display, type 3
frame 1123: 25577 us total, 11459 us display, type 3
frame 1124: 34053 us total, 11694 us display, type 3
frame 1125: 33245 us total, 11476 us display, type 3
frame 1126: 32862 us total, 11472 us display, type 3
frame 1127: 24697 us total, 11462 us display, type 3
frame 1128: 33264 us total, 11474 us display, type 3
frame 1129: 34340 us total, 11476 us display, type 3
frame 1130: 35256 us total, 11478 us display, type 3
frame 1131: 23785 us total, 11454 us display, type 3
frame 1132: 34674 us total, 11457 us display, type 3
frame 1133: 34073 us total, 11566 us display, type 3
frame 1134: 33797 us total, 11472 us display, type 3
frame 1135: 33871 us total, 11482 us display, type 3
frame 1136: 26020 us total, 11461 us display, type 3
frame 1137: 37885 us total, 11453 us display, type 3
frame 1138: 35968 us total, 11475 us display, type 3
frame 1139: 37354 us total, 11489 us display, type 3
frame 1140: 35338 us total, 11474 us display, type 3
frame 1141: 36702 us total, 11473 us display, type 3
frame 1142: 25203 us total, 11449 us display, type 3
frame 1143: 35797 us total, 11450 us display, type 3
frame 1144: 35820 us total, 11458 us display, type 3
frame 1145: 35644 us total, 11476 us display, type 3
frame 1146: 35660 us total, 11476 us display, type 3
frame 1147: 41262 us total, 11486 us display, type 3
frame 1148: 36643 us total, 11482 us display, type 3
frame 1149: 28382 us total, 11460 us display, type 3
frame 1150: 37010 us total, 11456 us display, type 3
frame 1151: 38946 us total, 11452 us display, type 3
profile (avg of 128 frames, ms): logic+bsp 9.0 wait-fb 0.0 vp-mark 1.3 flats 4.6 columns 9.2 fuzz 0.0
frame 1152: 37460 us total, 11493 us display, type 3
frame 1153: 40466 us total, 11459 us display, type 3
frame 1154: 37253 us total, 11470 us display, type 3
frame 1155: 36908 us total, 11476 us display, type 3
frame 1156: 35957 us total, 11477 us display, type 3
frame 1157: 38984 us total, 11485 us display, type 3
frame 1158: 37435 us total, 11483 us display, type 3
frame 1159: 29630 us total, 11462 us display, type 3
frame 1160: 36598 us total, 11453 us display, type 3
frame 1161: 33882 us total, 11469 us display, type 3
frame 1162: 31421 us total, 11475 us display, type 3
frame 1163: 32355 us total, 11476 us display, type 3
frame 1164: 24549 us total, 11453 us display, type 3
frame 1165: 33196 us total, 11474 us display, type 3
frame 1166: 32745 us total, 11474 us display, type 3
frame 1167: 33551 us total, 11477 us display, type 3
frame 1168: 24016 us total, 11459 us display, type 3
frame 1169: 31594 us total, 11467 us display, type 3
frame 1170: 30468 us total, 11493 us display, type 3
frame 1171: 34510 us total, 11477 us display, type 3
frame 1172: 26331 us total, 11461 us display, type 3
frame 1173: 34439 us total, 11551 us display, type 3
frame 1174: 33350 us total, 11476 us display, type 3
frame 1175: 33574 us total, 11473 us display, type 3
frame 1176: 23906 us total, 11462 us display, type 3
frame 1177: 31761 us total, 11473 us display, type 3
frame 1178: 30836 us total, 11472 us display, type 3
frame 1179: 24022 us total, 11455 us display, type 3
frame 1180: 29176 us total, 11481 us display, type 3
frame 1181: 30498 us total, 11478 us display, type 3
frame 1182: 31265 us total, 11474 us display, type 3
frame 1183: 22233 us total, 11458 us display, type 3
frame 1184: 30012 us total, 11479 us display, type 3
frame 1185: 30787 us total, 11596 us display, type 3
frame 1186: 27532 us total, 11448 us display, type 3
frame 1187: 30979 us total, 11465 us display, type 3
frame 1188: 31457 us total, 11476 us display, type 3
frame 1189: 32541 us total, 11465 us display, type 3
frame 1190: 24471 us total, 11459 us display, type 3
frame 1191: 32032 us total, 11473 us display, type 3
frame 1192: 32432 us total, 11470 us display, type 3
frame 1193: 24140 us total, 11450 us display, type 3
frame 1194: 33472 us total, 11453 us display, type 3
frame 1195: 32894 us total, 11470 us display, type 3
frame 1196: 31952 us total, 11469 us display, type 3
frame 1197: 25393 us total, 11459 us display, type 3
frame 1198: 34631 us total, 11587 us display, type 3
frame 1199: 35200 us total, 11467 us display, type 3
frame 1200: 35550 us total, 11467 us display, type 3
frame 1201: 34254 us total, 11464 us display, type 3
frame 1202: 27263 us total, 11669 us display, type 3
frame 1203: 35477 us total, 11448 us display, type 3
frame 1204: 34707 us total, 11462 us display, type 3
frame 1205: 34969 us total, 11480 us display, type 3
frame 1206: 36152 us total, 11464 us display, type 3
frame 1207: 35451 us total, 11465 us display, type 3
frame 1208: 27722 us total, 11453 us display, type 3
frame 1209: 35541 us total, 11456 us display, type 3
frame 1210: 35534 us total, 11467 us display, type 3
frame 1211: 36496 us total, 11980 us display, type 3
frame 1212: 38759 us total, 11484 us display, type 3
frame 1213: 36102 us total, 11466 us display, type 3
frame 1214: 36262 us total, 11477 us display, type 3
frame 1215: 27321 us total, 11453 us display, type 3
frame 1216: 36515 us total, 11469 us display, type 3
frame 1217: 37239 us total, 11452 us display, type 3
frame 1218: 35830 us total, 11610 us display, type 3
frame 1219: 36716 us total, 11474 us display, type 3
frame 1220: 37418 us total, 11475 us display, type 3
frame 1221: 36326 us total, 11576 us display, type 3
frame 1222: 27416 us total, 11458 us display, type 3
frame 1223: 34050 us total, 11466 us display, type 3
frame 1224: 32598 us total, 11469 us display, type 3
frame 1225: 32169 us total, 11478 us display, type 3
frame 1226: 25310 us total, 11466 us display, type 3
frame 1227: 32163 us total, 11452 us display, type 3
frame 1228: 33622 us total, 11461 us display, type 3
frame 1229: 35616 us total, 11469 us display, type 3
frame 1230: 33074 us total, 11474 us display, type 3
frame 1231: 27683 us total, 11451 us display, type 3
frame 1232: 34130 us total, 11457 us display, type 3
frame 1233: 34340 us total, 11468 us display, type 3
frame 1234: 39495 us total, 11478 us display, type 3
frame 1235: 40201 us total, 11469 us display, type 3
frame 1236: 39832 us total, 11476 us display, type 3
frame 1237: 40932 us total, 11474 us display, type 3
frame 1238: 37398 us total, 11469 us display, type 3
frame 1239: 38202 us total, 11475 us display, type 3
frame 1240: 30664 us total, 11462 us display, type 3
frame 1241: 40349 us total, 11460 us display, type 3
frame 1242: 42535 us total, 11461 us display, type 3
frame 1243: 43833 us total, 11465 us display, type 3
frame 1244: 50695 us total, 11463 us display, type 3
frame 1245: 41499 us total, 11463 us display, type 3
frame 1246: 42031 us total, 11477 us display, type 3
frame 1247: 44048 us total, 11468 us display, type 3
frame 1248: 43381 us total, 11778 us display, type 3
frame 1249: 44813 us total, 11663 us display, type 3
frame 1250: 41288 us total, 11468 us display, type 3
frame 1251: 41935 us total, 11470 us display, type 3
frame 1252: 41507 us total, 11464 us display, type 3
frame 1253: 43241 us total, 11471 us display, type 3
frame 1254: 41804 us total, 11561 us display, type 3
frame 1255: 39518 us total, 11457 us display, type 3
frame 1256: 37274 us total, 11480 us display, type 3
frame 1257: 38265 us total, 11471 us display, type 3
frame 1258: 38944 us total, 11467 us display, type 3
frame 1259: 38190 us total, 11478 us display, type 3
frame 1260: 43474 us total, 11471 us display, type 3
frame 1261: 40220 us total, 11465 us display, type 3
frame 1262: 28826 us total, 11462 us display, type 3
frame 1263: 39434 us total, 11461 us display, type 3
frame 1264: 38272 us total, 11451 us display, type 3
frame 1265: 40005 us total, 11451 us display, type 3
frame 1266: 40878 us total, 11454 us display, type 3
frame 1267: 40176 us total, 11454 us display, type 3
frame 1268: 40014 us total, 11455 us display, type 3
frame 1269: 40598 us total, 11514 us display, type 3
frame 1270: 40182 us total, 11458 us display, type 3
frame 1271: 39753 us total, 11452 us display, type 3
frame 1272: 42696 us total, 11459 us display, type 3
frame 1273: 43406 us total, 11457 us display, type 3
frame 1274: 42692 us total, 11468 us display, type 3
frame 1275: 41237 us total, 11451 us display, type 3
frame 1276: 38812 us total, 11456 us display, type 3
frame 1277: 40378 us total, 11458 us display, type 3
frame 1278: 41672 us total, 11455 us display, type 3
frame 1279: 41017 us total, 11448 us display, type 3
profile (avg of 128 frames, ms): logic+bsp 11.6 wait-fb 0.0 vp-mark 1.3 flats 5.0 columns 9.8 fuzz 0.0
frame 1280: 41576 us total, 11452 us display, type 3
audio: 82 underruns, 20 ms queued
mem @frame 1280: heap free 37752, largest 14592, min ever 37616, zone free 41244, display stack free 4380, uptime 39 s, gamestate 0, demo 1, usergame 0, tic 1327
frame 1281: 38997 us total, 11450 us display, type 3
frame 1282: 36625 us total, 11464 us display, type 3
frame 1283: 36872 us total, 11564 us display, type 3
frame 1284: 38273 us total, 11468 us display, type 3
frame 1285: 37857 us total, 11486 us display, type 3
frame 1286: 44032 us total, 11470 us display, type 3
frame 1287: 40251 us total, 11469 us display, type 3
frame 1288: 39806 us total, 11469 us display, type 3
frame 1289: 38335 us total, 11472 us display, type 3
frame 1290: 39385 us total, 11472 us display, type 3
frame 1291: 42374 us total, 11470 us display, type 3
frame 1292: 41665 us total, 11483 us display, type 3
frame 1293: 40502 us total, 11470 us display, type 3
frame 1294: 38087 us total, 11474 us display, type 3
frame 1295: 30364 us total, 11465 us display, type 3
frame 1296: 38929 us total, 11456 us display, type 3
frame 1297: 39166 us total, 11593 us display, type 3
frame 1298: 39253 us total, 11462 us display, type 3
frame 1299: 40682 us total, 11463 us display, type 3
frame 1300: 39919 us total, 11454 us display, type 3
frame 1301: 38250 us total, 11455 us display, type 3
frame 1302: 38155 us total, 11469 us display, type 3
frame 1303: 41105 us total, 11475 us display, type 3
frame 1304: 41877 us total, 11538 us display, type 3
frame 1305: 42096 us total, 11456 us display, type 3
frame 1306: 42123 us total, 11453 us display, type 3
frame 1307: 40276 us total, 11904 us display, type 3
frame 1308: 40458 us total, 11456 us display, type 3
frame 1309: 40963 us total, 11469 us display, type 3
frame 1310: 40954 us total, 11459 us display, type 3
frame 1311: 41852 us total, 11465 us display, type 3
frame 1312: 39976 us total, 11480 us display, type 3
frame 1313: 44361 us total, 11714 us display, type 3
frame 1314: 40419 us total, 11470 us display, type 3
frame 1315: 42265 us total, 11459 us display, type 3
frame 1316: 41848 us total, 11463 us display, type 3
frame 1317: 40966 us total, 11467 us display, type 3
frame 1318: 42219 us total, 11461 us display, type 3
frame 1319: 39708 us total, 11470 us display, type 3
frame 1320: 40253 us total, 11457 us display, type 3
frame 1321: 40542 us total, 11464 us display, type 3
frame 1322: 41921 us total, 11455 us display, type 3
frame 1323: 41137 us total, 11468 us display, type 3
frame 1324: 40172 us total, 11579 us display, type 3
frame 1325: 40239 us total, 11862 us display, type 3
frame 1326: 40143 us total, 11463 us display, type 3
frame 1327: 40749 us total, 11466 us display, type 3
frame 1328: 41385 us total, 11469 us display, type 3
frame 1329: 43747 us total, 11463 us display, type 3
frame 1330: 41436 us total, 11464 us display, type 3
frame 1331: 41087 us total, 11459 us display, type 3
frame 1332: 39735 us total, 11465 us display, type 3
frame 1333: 40191 us total, 11471 us display, type 3
frame 1334: 40638 us total, 11462 us display, type 3
frame 1335: 39905 us total, 11470 us display, type 3
frame 1336: 41434 us total, 11468 us display, type 3
frame 1337: 38613 us total, 11687 us display, type 3
frame 1338: 39453 us total, 11483 us display, type 3
frame 1339: 44203 us total, 11478 us display, type 3
frame 1340: 41035 us total, 11485 us display, type 3
frame 1341: 42301 us total, 11530 us display, type 3
frame 1342: 40829 us total, 11479 us display, type 3
frame 1343: 41387 us total, 11466 us display, type 3
frame 1344: 39633 us total, 11475 us display, type 3
frame 1345: 42190 us total, 11474 us display, type 3
frame 1346: 41527 us total, 11599 us display, type 3
frame 1347: 41478 us total, 11477 us display, type 3
frame 1348: 42119 us total, 11465 us display, type 3
frame 1349: 39860 us total, 11462 us display, type 3
frame 1350: 41047 us total, 11465 us display, type 3
frame 1351: 39994 us total, 11482 us display, type 3
frame 1352: 43649 us total, 11474 us display, type 3
frame 1353: 41358 us total, 11469 us display, type 3
frame 1354: 42007 us total, 11463 us display, type 3
frame 1355: 40416 us total, 11474 us display, type 3
frame 1356: 40406 us total, 11473 us display, type 3
frame 1357: 40789 us total, 11482 us display, type 3
frame 1358: 41847 us total, 11481 us display, type 3
frame 1359: 43519 us total, 11463 us display, type 3
frame 1360: 40305 us total, 11466 us display, type 3
frame 1361: 40064 us total, 11462 us display, type 3
frame 1362: 39840 us total, 11476 us display, type 3
frame 1363: 39759 us total, 11479 us display, type 3
frame 1364: 45246 us total, 11469 us display, type 3
frame 1365: 41653 us total, 11466 us display, type 3
frame 1366: 42551 us total, 11470 us display, type 3
frame 1367: 41035 us total, 11467 us display, type 3
frame 1368: 39678 us total, 11471 us display, type 3
frame 1369: 40155 us total, 11481 us display, type 3
frame 1370: 43522 us total, 11720 us display, type 3
frame 1371: 41463 us total, 11465 us display, type 3
frame 1372: 43320 us total, 11465 us display, type 3
frame 1373: 40862 us total, 11461 us display, type 3
frame 1374: 35564 us total, 11469 us display, type 3
frame 1375: 35765 us total, 11475 us display, type 3
frame 1376: 36504 us total, 11463 us display, type 3
frame 1377: 25282 us total, 11458 us display, type 3
frame 1378: 31274 us total, 11457 us display, type 3
frame 1379: 30373 us total, 11465 us display, type 3
frame 1380: 20296 us total, 11454 us display, type 3
frame 1381: 28632 us total, 11467 us display, type 3
frame 1382: 27737 us total, 11450 us display, type 3
frame 1383: 20419 us total, 11441 us display, type 3
frame 1384: 27407 us total, 11504 us display, type 3
frame 1385: 29037 us total, 11452 us display, type 3
frame 1386: 19399 us total, 11441 us display, type 3
frame 1387: 30438 us total, 11462 us display, type 3
frame 1388: 19547 us total, 11432 us display, type 3
frame 1389: 35222 us total, 11446 us display, type 3
frame 1390: 27700 us total, 11464 us display, type 3
frame 1391: 20803 us total, 11516 us display, type 3
frame 1392: 32774 us total, 11462 us display, type 3
frame 1393: 30064 us total, 11462 us display, type 3
frame 1394: 30949 us total, 11466 us display, type 3
frame 1395: 20544 us total, 11449 us display, type 3
frame 1396: 34815 us total, 11467 us display, type 3
frame 1397: 30591 us total, 11548 us display, type 3
frame 1398: 21364 us total, 11680 us display, type 3
frame 1399: 34540 us total, 11454 us display, type 3
frame 1400: 28603 us total, 11460 us display, type 3
frame 1401: 21897 us total, 11436 us display, type 3
frame 1402: 32748 us total, 11450 us display, type 3
frame 1403: 31728 us total, 11464 us display, type 3
frame 1404: 20227 us total, 11437 us display, type 3
frame 1405: 34965 us total, 11455 us display, type 3
frame 1406: 30658 us total, 11460 us display, type 3
frame 1407: 28700 us total, 11468 us display, type 3
profile (avg of 128 frames, ms): logic+bsp 13.8 wait-fb 0.0 vp-mark 1.4 flats 4.8 columns 9.7 fuzz 0.0
frame 1408: 22456 us total, 11461 us display, type 3
frame 1409: 32144 us total, 11648 us display, type 3
frame 1410: 30382 us total, 11467 us display, type 3
frame 1411: 21675 us total, 11451 us display, type 3
frame 1412: 34638 us total, 11454 us display, type 3
frame 1413: 31210 us total, 11470 us display, type 3
frame 1414: 20319 us total, 11451 us display, type 3
frame 1415: 36255 us total, 11450 us display, type 3
frame 1416: 29547 us total, 11469 us display, type 3
frame 1417: 29164 us total, 11664 us display, type 3
frame 1418: 20765 us total, 11449 us display, type 3
frame 1419: 34529 us total, 11462 us display, type 3
frame 1420: 30543 us total, 11490 us display, type 3
frame 1421: 20508 us total, 11454 us display, type 3
frame 1422: 36144 us total, 11462 us display, type 3
frame 1423: 29882 us total, 11466 us display, type 3
frame 1424: 20457 us total, 11472 us display, type 3
frame 1425: 35213 us total, 11449 us display, type 3
frame 1426: 29892 us total, 11466 us display, type 3
frame 1427: 20433 us total, 11441 us display, type 3
frame 1428: 36111 us total, 11453 us display, type 3
frame 1429: 32325 us total, 11470 us display, type 3
frame 1430: 32011 us total, 11473 us display, type 3
frame 1431: 23452 us total, 11451 us display, type 3
frame 1432: 34342 us total, 11458 us display, type 3
frame 1433: 33886 us total, 11462 us display, type 3
frame 1434: 32697 us total, 11472 us display, type 3
frame 1435: 26019 us total, 11450 us display, type 3
frame 1436: 33126 us total, 11461 us display, type 3
frame 1437: 33796 us total, 11462 us display, type 3
frame 1438: 34861 us total, 11472 us display, type 3
frame 1439: 35907 us total, 11479 us display, type 3
frame 1440: 26398 us total, 11458 us display, type 3
frame 1441: 34670 us total, 11464 us display, type 3
frame 1442: 34528 us total, 11463 us display, type 3
frame 1443: 34147 us total, 11479 us display, type 3
frame 1444: 35344 us total, 11474 us display, type 3
frame 1445: 39004 us total, 11476 us display, type 3
frame 1446: 28874 us total, 11463 us display, type 3
frame 1447: 37254 us total, 11459 us display, type 3
frame 1448: 36869 us total, 11471 us display, type 3
frame 1449: 37980 us total, 11460 us display, type 3
frame 1450: 36971 us total, 11905 us display, type 3
frame 1451: 38783 us total, 11481 us display, type 3
frame 1452: 39020 us total, 11775 us display, type 3
frame 1453: 37837 us total, 11472 us display, type 3
frame 1454: 37642 us total, 11465 us display, type 3
frame 1455: 29257 us total, 11461 us display, type 3
frame 1456: 36226 us total, 11457 us display, type 3
frame 1457: 37128 us total, 11459 us display, type 3
frame 1458: 36026 us total, 11462 us display, type 3
frame 1459: 36681 us total, 11462 us display, type 3
frame 1460: 37277 us total, 11477 us display, type 3
frame 1461: 36235 us total, 11466 us display, type 3
frame 1462: 27622 us total, 11462 us display, type 3
frame 1463: 33902 us total, 11448 us display, type 3
frame 1464: 34657 us total, 11460 us display, type 3
frame 1465: 34238 us total, 11472 us display, type 3
frame 1466: 33914 us total, 11467 us display, type 3
frame 1467: 25875 us total, 11445 us display, type 3
frame 1468: 33419 us total, 11471 us display, type 3
frame 1469: 33243 us total, 11464 us display, type 3
frame 1470: 30355 us total, 11463 us display, type 3
frame 1471: 25077 us total, 11454 us display, type 3
frame 1472: 29923 us total, 11450 us display, type 3
frame 1473: 29788 us total, 11653 us display, type 3
frame 1474: 32146 us total, 11467 us display, type 3
frame 1475: 22579 us total, 11575 us display, type 3
frame 1476: 31855 us total, 11475 us display, type 3
frame 1477: 31993 us total, 11472 us display, type 3
frame 1478: 22178 us total, 11740 us display, type 3
frame 1479: 31104 us total, 11467 us display, type 3
frame 1480: 30000 us total, 11533 us display, type 3
frame 1481: 22142 us total, 11639 us display, type 3
frame 1482: 30236 us total, 11466 us display, type 3
frame 1483: 30891 us total, 11777 us display, type 3
frame 1484: 21371 us total, 11437 us display, type 3
frame 1485: 29839 us total, 11473 us display, type 3
frame 1486: 29458 us total, 11467 us display, type 3
frame 1487: 21012 us total, 11450 us display, type 3
frame 1488: 29125 us total, 11460 us display, type 3
frame 1489: 19435 us total, 11428 us display, type 3
frame 1490: 27760 us total, 11467 us display, type 3
frame 1491: 28383 us total, 11458 us display, type 3
frame 1492: 20062 us total, 11435 us display, type 3
frame 1493: 34588 us total, 11454 us display, type 3
frame 1494: 30864 us total, 11461 us display, type 3
frame 1495: 20377 us total, 11436 us display, type 3
frame 1496: 35082 us total, 11452 us display, type 3
frame 1497: 29706 us total, 11479 us display, type 3
frame 1498: 18635 us total, 11487 us display, type 3
frame 1499: 33593 us total, 11452 us display, type 3
frame 1500: 29120 us total, 11461 us display, type 3
frame 1501: 30478 us total, 11458 us display, type 3
frame 1502: 18678 us total, 11517 us display, type 3
frame 1503: 36389 us total, 11455 us display, type 3
frame 1504: 31634 us total, 11478 us display, type 3
frame 1505: 19567 us total, 11422 us display, type 3
frame 1506: 34339 us total, 11463 us display, type 3
frame 1507: 29467 us total, 11465 us display, type 3
frame 1508: 21899 us total, 11439 us display, type 3
frame 1509: 32552 us total, 11460 us display, type 3
frame 1510: 31699 us total, 11462 us display, type 3
frame 1511: 20712 us total, 11434 us display, type 3
frame 1512: 34529 us total, 11453 us display, type 3
frame 1513: 31327 us total, 11469 us display, type 3
frame 1514: 29189 us total, 11459 us display, type 3
frame 1515: 23848 us total, 11452 us display, type 3
frame 1516: 33069 us total, 11603 us display, type 3
frame 1517: 31605 us total, 11775 us display, type 3
frame 1518: 24067 us total, 11467 us display, type 3
frame 1519: 35958 us total, 11460 us display, type 3
frame 1520: 32617 us total, 11470 us display, type 3
frame 1521: 34479 us total, 11474 us display, type 3
frame 1522: 34836 us total, 11467 us display, type 3
frame 1523: 23578 us total, 11458 us display, type 3
frame 1524: 31549 us total, 11470 us display, type 3
frame 1525: 31780 us total, 11474 us display, type 3
frame 1526: 32770 us total, 11469 us display, type 3
frame 1527: 23723 us total, 11456 us display, type 3
frame 1528: 33094 us total, 11470 us display, type 3
frame 1529: 32738 us total, 11477 us display, type 3
frame 1530: 23505 us total, 11456 us display, type 3
frame 1531: 31987 us total, 11458 us display, type 3
frame 1532: 30434 us total, 11474 us display, type 3
frame 1533: 30506 us total, 11476 us display, type 3
frame 1534: 25481 us total, 11553 us display, type 3
frame 1535: 32589 us total, 11464 us display, type 3
profile (avg of 128 frames, ms): logic+bsp 6.8 wait-fb 0.0 vp-mark 1.2 flats 4.1 columns 8.9 fuzz 0.0
frame 1536: 32437 us total, 11470 us display, type 3
audio: 82 underruns, 41 ms queued
mem @frame 1536: heap free 37752, largest 14592, min ever 37616, zone free 41204, display stack free 4380, uptime 48 s, gamestate 0, demo 1, usergame 0, tic 1631
frame 1537: 31765 us total, 11466 us display, type 3
frame 1538: 22571 us total, 11461 us display, type 3
frame 1539: 30457 us total, 11461 us display, type 3
frame 1540: 30269 us total, 11462 us display, type 3
frame 1541: 22858 us total, 11504 us display, type 3
frame 1542: 28547 us total, 11469 us display, type 3
frame 1543: 28659 us total, 11468 us display, type 3
frame 1544: 18886 us total, 11443 us display, type 3
frame 1545: 33128 us total, 11475 us display, type 3
frame 1546: 29442 us total, 11460 us display, type 3
frame 1547: 21877 us total, 11439 us display, type 3
frame 1548: 33380 us total, 11655 us display, type 3
frame 1549: 29091 us total, 11470 us display, type 3
frame 1550: 21715 us total, 11432 us display, type 3
frame 1551: 32636 us total, 11461 us display, type 3
frame 1552: 31923 us total, 11479 us display, type 3
frame 1553: 22599 us total, 11691 us display, type 3
frame 1554: 34050 us total, 11449 us display, type 3
frame 1555: 30074 us total, 11468 us display, type 3
frame 1556: 20342 us total, 11443 us display, type 3
frame 1557: 32889 us total, 11461 us display, type 3
frame 1558: 29245 us total, 11464 us display, type 3
frame 1559: 21045 us total, 11440 us display, type 3
frame 1560: 32661 us total, 11457 us display, type 3
frame 1561: 29831 us total, 11457 us display, type 3
frame 1562: 29774 us total, 11455 us display, type 3
frame 1563: 21606 us total, 11451 us display, type 3
frame 1564: 33941 us total, 11452 us display, type 3
frame 1565: 29863 us total, 11473 us display, type 3
frame 1566: 19110 us total, 11438 us display, type 3
frame 1567: 33279 us total, 11441 us display, type 3
frame 1568: 29831 us total, 11448 us display, type 3
frame 1569: 21595 us total, 11448 us display, type 3
frame 1570: 36246 us total, 11449 us display, type 3
frame 1571: 30303 us total, 11628 us display, type 3
frame 1572: 22741 us total, 11443 us display, type 3
frame 1573: 34537 us total, 11459 us display, type 3
frame 1574: 30649 us total, 11460 us display, type 3
frame 1575: 27603 us total, 11458 us display, type 3
frame 1576: 21830 us total, 11442 us display, type 3
frame 1577: 32740 us total, 11445 us display, type 3
frame 1578: 29382 us total, 11463 us display, type 3
frame 1579: 22928 us total, 11456 us display, type 3
frame 1580: 34808 us total, 11452 us display, type 3
frame 1581: 29979 us total, 11461 us display, type 3
frame 1582: 21801 us total, 11443 us display, type 3
frame 1583: 33532 us total, 11549 us display, type 3
frame 1584: 29661 us total, 11451 us display, type 3
frame 1585: 21111 us total, 11441 us display, type 3
frame 1586: 38073 us total, 11676 us display, type 3
frame 1587: 32493 us total, 11468 us display, type 3
frame 1588: 34293 us total, 11466 us display, type 3
frame 1589: 36066 us total, 11469 us display, type 3
frame 1590: 37079 us total, 11463 us display, type 3
frame 1591: 27684 us total, 11589 us display, type 3
frame 1592: 32595 us total, 11587 us display, type 3
frame 1593: 32522 us total, 11460 us display, type 3
frame 1594: 31171 us total, 11471 us display, type 3
frame 1595: 24658 us total, 11452 us display, type 3
frame 1596: 32914 us total, 11465 us display, type 3
frame 1597: 32558 us total, 11470 us display, type 3
frame 1598: 31909 us total, 11461 us display, type 3
frame 1599: 24012 us total, 11583 us display, type 3
frame 1600: 31323 us total, 11472 us display, type 3
frame 1601: 29457 us total, 11467 us display, type 3
frame 1602: 24469 us total, 11460 us display, type 3
frame 1603: 29349 us total, 11463 us display, type 3
frame 1604: 30990 us total, 11466 us display, type 3
frame 1605: 23360 us total, 11458 us display, type 3
frame 1606: 31647 us total, 11458 us display, type 3
frame 1607: 35859 us total, 11462 us display, type 3
frame 1608: 34822 us total, 11471 us display, type 3
frame 1609: 34124 us total, 11677 us display, type 3
frame 1610: 26176 us total, 11457 us display, type 3
frame 1611: 32674 us total, 11476 us display, type 3
frame 1612: 32330 us total, 11471 us display, type 3
frame 1613: 31719 us total, 11478 us display, type 3
frame 1614: 22073 us total, 11464 us display, type 3
frame 1615: 31971 us total, 11471 us display, type 3
frame 1616: 28723 us total, 11473 us display, type 3
frame 1617: 22404 us total, 11449 us display, type 3
frame 1618: 32640 us total, 11549 us display, type 3
frame 1619: 29369 us total, 11672 us display, type 3
frame 1620: 23025 us total, 11455 us display, type 3
frame 1621: 35306 us total, 11465 us display, type 3
frame 1622: 31597 us total, 11605 us display, type 3
frame 1623: 22328 us total, 11454 us display, type 3
frame 1624: 32336 us total, 11459 us display, type 3
frame 1625: 29981 us total, 11603 us display, type 3
frame 1626: 28795 us total, 11456 us display, type 3
frame 1627: 21414 us total, 11454 us display, type 3
frame 1628: 30201 us total, 11455 us display, type 3
frame 1629: 31015 us total, 11464 us display, type 3
frame 1630: 21209 us total, 11452 us display, type 3
frame 1631: 35510 us total, 11466 us display, type 3
frame 1632: 30182 us total, 11456 us display, type 3
frame 1633: 21088 us total, 11449 us display, type 3
frame 1634: 33134 us total, 11457 us display, type 3
frame 1635: 28027 us total, 11453 us display, type 3
frame 1636: 22187 us total, 11459 us display, type 3
frame 1637: 33185 us total, 11452 us display, type 3
frame 1638: 30975 us total, 11456 us display, type 3
frame 1639: 20827 us total, 11450 us display, type 3
frame 1640: 33765 us total, 11456 us display, type 3
frame 1641: 30754 us total, 11470 us display, type 3
frame 1642: 28319 us total, 11451 us display, type 3
frame 1643: 21587 us total, 11456 us display, type 3
frame 1644: 31746 us total, 11457 us display, type 3
frame 1645: 30407 us total, 11475 us display, type 3
frame 1646: 22923 us total, 11449 us display, type 3
frame 1647: 32855 us total, 11473 us display, type 3
frame 1648: 30311 us total, 11456 us display, type 3
frame 1649: 22652 us total, 11716 us display, type 3
frame 1650: 33011 us total, 11458 us display, type 3
frame 1651: 29559 us total, 11461 us display, type 3
frame 1652: 23305 us total, 11447 us display, type 3
frame 1653: 30889 us total, 11450 us display, type 3
frame 1654: 29959 us total, 11455 us display, type 3
frame 1655: 30015 us total, 11582 us display, type 3
frame 1656: 23096 us total, 11448 us display, type 3
frame 1657: 33217 us total, 11467 us display, type 3
frame 1658: 30450 us total, 11714 us display, type 3
frame 1659: 22631 us total, 11457 us display, type 3
frame 1660: 32255 us total, 11461 us display, type 3
frame 1661: 29336 us total, 11464 us display, type 3
frame 1662: 23460 us total, 11522 us display, type 3
frame 1663: 30463 us total, 11450 us display, type 3
profile (avg of 128 frames, ms): logic+bsp 4.8 wait-fb 0.0 vp-mark 1.6 flats 4.6 columns 7.1 fuzz 0.0
frame 1664: 32386 us total, 11476 us display, type 3
frame 1665: 22797 us total, 11455 us display, type 3
frame 1666: 33167 us total, 11457 us display, type 3
frame 1667: 29881 us total, 11463 us display, type 3
frame 1668: 30817 us total, 11582 us display, type 3
frame 1669: 21413 us total, 11525 us display, type 3
frame 1670: 31479 us total, 11457 us display, type 3
frame 1671: 30384 us total, 11468 us display, type 3
frame 1672: 23508 us total, 11502 us display, type 3
frame 1673: 32509 us total, 11466 us display, type 3
frame 1674: 30879 us total, 11459 us display, type 3
frame 1675: 23348 us total, 11457 us display, type 3
frame 1676: 32974 us total, 11461 us display, type 3
frame 1677: 29904 us total, 11672 us display, type 3
frame 1678: 28208 us total, 11453 us display, type 3
frame 1679: 22282 us total, 11440 us display, type 3
frame 1680: 31954 us total, 11458 us display, type 3
frame 1681: 30424 us total, 11472 us display, type 3
frame 1682: 24317 us total, 11447 us display, type 3
frame 1683: 32829 us total, 11476 us display, type 3
frame 1684: 29841 us total, 11527 us display, type 3
frame 1685: 23471 us total, 11454 us display, type 3
frame 1686: 31697 us total, 11458 us display, type 3
frame 1687: 29115 us total, 11469 us display, type 3
frame 1688: 24328 us total, 11591 us display, type 3
frame 1689: 31869 us total, 11454 us display, type 3
frame 1690: 30059 us total, 11467 us display, type 3
frame 1691: 23696 us total, 11456 us display, type 3
frame 1692: 34427 us total, 11456 us display, type 3
frame 1693: 29953 us total, 11587 us display, type 3
frame 1694: 28914 us total, 11465 us display, type 3
frame 1695: 20808 us total, 11446 us display, type 3
frame 1696: 32439 us total, 11469 us display, type 3
frame 1697: 29467 us total, 11474 us display, type 3
frame 1698: 23103 us total, 11443 us display, type 3
frame 1699: 31811 us total, 11462 us display, type 3
frame 1700: 29798 us total, 11460 us display, type 3
frame 1701: 24081 us total, 11456 us display, type 3
frame 1702: 34194 us total, 11623 us display, type 3
frame 1703: 29232 us total, 11469 us display, type 3
frame 1704: 20591 us total, 11446 us display, type 3
frame 1705: 32105 us total, 11458 us display, type 3
frame 1706: 29930 us total, 11475 us display, type 3
frame 1707: 32393 us total, 11464 us display, type 3
frame 1708: 26057 us total, 11452 us display, type 3
frame 1709: 38852 us total, 11449 us display, type 3
frame 1710: 34556 us total, 11465 us display, type 3
frame 1711: 35621 us total, 11463 us display, type 3
frame 1712: 37018 us total, 11468 us display, type 3
frame 1713: 34291 us total, 11479 us display, type 3
frame 1714: 29476 us total, 11449 us display, type 3
frame 1715: 34214 us total, 11452 us display, type 3
frame 1716: 35924 us total, 11465 us display, type 3
frame 1717: 36045 us total, 11464 us display, type 3
frame 1718: 34044 us total, 11474 us display, type 3
frame 1719: 34529 us total, 11476 us display, type 3
frame 1720: 28415 us total, 11466 us display, type 3
frame 1721: 34232 us total, 11459 us display, type 3
frame 1722: 33493 us total, 11478 us display, type 3
frame 1723: 36800 us total, 11471 us display, type 3
frame 1724: 35052 us total, 11480 us display, type 3
frame 1725: 29678 us total, 11460 us display, type 3
frame 1726: 35404 us total, 11585 us display, type 3
frame 1727: 33860 us total, 11467 us display, type 3
frame 1728: 33909 us total, 11470 us display, type 3
frame 1729: 33697 us total, 11468 us display, type 3
frame 1730: 28356 us total, 11464 us display, type 3
frame 1731: 36991 us total, 11578 us display, type 3
frame 1732: 35457 us total, 11451 us display, type 3
frame 1733: 34477 us total, 11474 us display, type 3
frame 1734: 34274 us total, 11471 us display, type 3
frame 1735: 32876 us total, 11974 us display, type 3
frame 1736: 29879 us total, 11453 us display, type 3
frame 1737: 32220 us total, 11464 us display, type 3
frame 1738: 36244 us total, 11462 us display, type 3
frame 1739: 37964 us total, 11466 us display, type 3
frame 1740: 41007 us total, 11467 us display, type 3
frame 1741: 40745 us total, 11469 us display, type 3
frame 1742: 39402 us total, 11465 us display, type 3
frame 1743: 39820 us total, 11464 us display, type 3
frame 1744: 42456 us total, 11476 us display, type 3
frame 1745: 44658 us total, 11483 us display, type 3
frame 1746: 44113 us total, 11467 us display, type 3
frame 1747: 39941 us total, 11472 us display, type 3
frame 1748: 38417 us total, 11468 us display, type 3
frame 1749: 38994 us total, 11463 us display, type 3
frame 1750: 41276 us total, 11483 us display, type 3
frame 1751: 41557 us total, 11469 us display, type 3
frame 1752: 41488 us total, 11476 us display, type 3
frame 1753: 40217 us total, 11472 us display, type 3
frame 1754: 41769 us total, 11473 us display, type 3
frame 1755: 41044 us total, 11480 us display, type 3
frame 1756: 41697 us total, 11466 us display, type 3
frame 1757: 41135 us total, 11475 us display, type 3
frame 1758: 44736 us total, 11476 us display, type 3
frame 1759: 46230 us total, 11474 us display, type 3
frame 1760: 43600 us total, 11459 us display, type 3
frame 1761: 41128 us total, 11462 us display, type 3
frame 1762: 40729 us total, 11462 us display, type 3
frame 1763: 41783 us total, 11457 us display, type 3
frame 1764: 40819 us total, 11470 us display, type 3
frame 1765: 41803 us total, 11459 us display, type 3
frame 1766: 40477 us total, 11467 us display, type 3
frame 1767: 40826 us total, 11460 us display, type 3
frame 1768: 40203 us total, 11452 us display, type 3
frame 1769: 39770 us total, 11475 us display, type 3
frame 1770: 43528 us total, 11450 us display, type 3
frame 1771: 42526 us total, 11468 us display, type 3
frame 1772: 43535 us total, 11540 us display, type 3
frame 1773: 42920 us total, 11472 us display, type 3
frame 1774: 44133 us total, 11459 us display, type 3
frame 1775: 43290 us total, 11476 us display, type 3
frame 1776: 43436 us total, 11468 us display, type 3
frame 1777: 52505 us total, 11491 us display, type 3
frame 1778: 43495 us total, 11702 us display, type 3
frame 1779: 45814 us total, 11494 us display, type 3
frame 1780: 44022 us total, 11473 us display, type 3
frame 1781: 46837 us total, 11469 us display, type 3
frame 1782: 45671 us total, 11451 us display, type 3
frame 1783: 41658 us total, 11456 us display, type 3
frame 1784: 40844 us total, 11763 us display, type 3
frame 1785: 40978 us total, 11458 us display, type 3
frame 1786: 41551 us total, 11453 us display, type 3
frame 1787: 38895 us total, 11458 us display, type 3
frame 1788: 40460 us total, 11460 us display, type 3
frame 1789: 39316 us total, 11768 us display, type 3
frame 1790: 44045 us total, 11721 us display, type 3
frame 1791: 46406 us total, 11466 us display, type 3
profile (avg of 128 frames, ms): logic+bsp 9.1 wait-fb 0.0 vp-mark 1.7 flats 6.0 columns 9.1 fuzz 0.0
frame 1792: 45217 us total, 11465 us display, type 3
audio: 82 underruns, 10 ms queued
mem @frame 1792: heap free 37752, largest 14592, min ever 37616, zone free 41164, display stack free 4380, uptime 56 s, gamestate 0, demo 1, usergame 0, tic 1920
frame 1793: 43985 us total, 11469 us display, type 3
frame 1794: 54502 us total, 11474 us display, type 3
frame 1795: 45075 us total, 11483 us display, type 3
frame 1796: 46276 us total, 11483 us display, type 3
frame 1797: 47231 us total, 11450 us display, type 3
frame 1798: 43337 us total, 11460 us display, type 3
frame 1799: 43152 us total, 11461 us display, type 3
frame 1800: 42657 us total, 11460 us display, type 3
frame 1801: 43965 us total, 11697 us display, type 3
frame 1802: 41845 us total, 11460 us display, type 3
frame 1803: 56279 us total, 11773 us display, type 3
frame 1804: 44207 us total, 11479 us display, type 3
frame 1805: 43585 us total, 11477 us display, type 3
frame 1806: 43816 us total, 11483 us display, type 3
frame 1807: 40736 us total, 11475 us display, type 3
frame 1808: 43225 us total, 11491 us display, type 3
frame 1809: 43056 us total, 11851 us display, type 3
frame 1810: 43580 us total, 11470 us display, type 3
frame 1811: 43800 us total, 11458 us display, type 3
frame 1812: 41295 us total, 11454 us display, type 3
frame 1813: 42208 us total, 11461 us display, type 3
frame 1814: 42975 us total, 11600 us display, type 3
frame 1815: 42821 us total, 11457 us display, type 3
frame 1816: 44345 us total, 11462 us display, type 3
frame 1817: 42554 us total, 11461 us display, type 3
frame 1818: 42307 us total, 11464 us display, type 3
frame 1819: 43759 us total, 11465 us display, type 3
frame 1820: 41581 us total, 11453 us display, type 3
frame 1821: 40997 us total, 11470 us display, type 3
frame 1822: 53852 us total, 11492 us display, type 3
frame 1823: 45640 us total, 11473 us display, type 3
frame 1824: 43330 us total, 11684 us display, type 3
frame 1825: 46184 us total, 11469 us display, type 3
frame 1826: 43628 us total, 11470 us display, type 3
frame 1827: 46581 us total, 11452 us display, type 3
frame 1828: 43862 us total, 11589 us display, type 3
frame 1829: 46577 us total, 11465 us display, type 3
frame 1830: 53546 us total, 11482 us display, type 3
frame 1831: 39964 us total, 11486 us display, type 3
frame 1832: 38500 us total, 11567 us display, type 3
frame 1833: 29263 us total, 11457 us display, type 3
frame 1834: 39139 us total, 11466 us display, type 3
frame 1835: 43310 us total, 11453 us display, type 3
frame 1836: 41061 us total, 11501 us display, type 3
frame 1837: 47423 us total, 11458 us display, type 3
frame 1838: 52595 us total, 11533 us display, type 3
frame 1839: 43874 us total, 11476 us display, type 3
frame 1840: 43714 us total, 11480 us display, type 3
frame 1841: 44767 us total, 11476 us display, type 3
frame 1842: 46244 us total, 11463 us display, type 3
frame 1843: 43458 us total, 11465 us display, type 3
frame 1844: 45039 us total, 11467 us display, type 3
frame 1845: 42770 us total, 11461 us display, type 3
frame 1846: 43162 us total, 11454 us display, type 3
frame 1847: 39875 us total, 11484 us display, type 3
frame 1848: 44069 us total, 11449 us display, type 3
frame 1849: 39979 us total, 11468 us display, type 3
frame 1850: 42154 us total, 11460 us display, type 3
frame 1851: 38939 us total, 11461 us display, type 3
frame 1852: 40509 us total, 11458 us display, type 3
frame 1853: 40179 us total, 11455 us display, type 3
frame 1854: 40600 us total, 11479 us display, type 3
frame 1855: 42641 us total, 11457 us display, type 3
frame 1856: 40318 us total, 11469 us display, type 3
frame 1857: 44113 us total, 11457 us display, type 3
frame 1858: 39422 us total, 11471 us display, type 3
frame 1859: 41633 us total, 11463 us display, type 3
frame 1860: 41794 us total, 11473 us display, type 3
frame 1861: 42285 us total, 11453 us display, type 3
frame 1862: 40611 us total, 11465 us display, type 3
frame 1863: 40849 us total, 11461 us display, type 3
frame 1864: 43543 us total, 11455 us display, type 3
frame 1865: 41149 us total, 11466 us display, type 3
frame 1866: 44055 us total, 11462 us display, type 3
frame 1867: 55689 us total, 11476 us display, type 3
frame 1868: 47393 us total, 11477 us display, type 3
frame 1869: 45463 us total, 11474 us display, type 3
frame 1870: 43971 us total, 11462 us display, type 3
frame 1871: 43615 us total, 11460 us display, type 3
frame 1872: 44298 us total, 11467 us display, type 3
frame 1873: 44357 us total, 11473 us display, type 3
frame 1874: 45021 us total, 11462 us display, type 3
frame 1875: 43588 us total, 11464 us display, type 3
frame 1876: 56004 us total, 11473 us display, type 3
frame 1877: 43870 us total, 11473 us display, type 3
frame 1878: 43251 us total, 11775 us display, type 3
frame 1879: 44870 us total, 11470 us display, type 3
frame 1880: 42047 us total, 11475 us display, type 3
frame 1881: 43589 us total, 11455 us display, type 3
frame 1882: 45506 us total, 15057 us display, type 3
frame 1883: 44276 us total, 11472 us display, type 3
frame 1884: 43669 us total, 11466 us display, type 3
frame 1885: 42317 us total, 11637 us display, type 3
frame 1886: 40163 us total, 11457 us display, type 3
frame 1887: 38643 us total, 11463 us display, type 3
frame 1888: 37958 us total, 11470 us display, type 3
frame 1889: 39210 us total, 11458 us display, type 3
frame 1890: 36447 us total, 11815 us display, type 3
frame 1891: 37386 us total, 11488 us display, type 3
frame 1892: 36795 us total, 11475 us display, type 3
frame 1893: 36900 us total, 11469 us display, type 3
frame 1894: 25155 us total, 11462 us display, type 3
frame 1895: 36554 us total, 11464 us display, type 3
frame 1896: 36112 us total, 11507 us display, type 3
frame 1897: 35305 us total, 11485 us display, type 3
frame 1898: 34127 us total, 11475 us display, type 3
frame 1899: 22712 us total, 11460 us display, type 3
frame 1900: 34268 us total, 11459 us display, type 3
frame 1901: 33354 us total, 11464 us display, type 3
frame 1902: 33129 us total, 11461 us display, type 3
frame 1903: 21852 us total, 11462 us display, type 3
frame 1904: 33858 us total, 11454 us display, type 3
frame 1905: 32073 us total, 11467 us display, type 3
frame 1906: 32351 us total, 11477 us display, type 3
frame 1907: 22805 us total, 11581 us display, type 3
frame 1908: 34766 us total, 11455 us display, type 3
frame 1909: 31811 us total, 11473 us display, type 3
frame 1910: 32026 us total, 11466 us display, type 3
frame 1911: 22324 us total, 11454 us display, type 3
frame 1912: 32698 us total, 11479 us display, type 3
frame 1913: 32727 us total, 11461 us display, type 3
frame 1914: 21864 us total, 11452 us display, type 3
frame 1915: 31945 us total, 11459 us display, type 3
frame 1916: 32631 us total, 11461 us display, type 3
frame 1917: 30831 us total, 11470 us display, type 3
frame 1918: 21451 us total, 11453 us display, type 3
frame 1919: 31391 us total, 11471 us display, type 3
profile (avg of 128 frames, ms): logic+bsp 9.5 wait-fb 0.0 vp-mark 1.9 flats 6.9 columns 10.4 fuzz 0.0
frame 1920: 32062 us total, 11463 us display, type 3
frame 1921: 21927 us total, 11525 us display, type 3
frame 1922: 30063 us total, 11472 us display, type 3
frame 1923: 31335 us total, 11594 us display, type 3
frame 1924: 20628 us total, 11455 us display, type 3
frame 1925: 29572 us total, 11468 us display, type 3
frame 1926: 29868 us total, 11458 us display, type 3
frame 1927: 19946 us total, 11452 us display, type 3
frame 1928: 30786 us total, 11465 us display, type 3
frame 1929: 30962 us total, 11478 us display, type 3
frame 1930: 19958 us total, 11463 us display, type 3
frame 1931: 34596 us total, 11460 us display, type 3
frame 1932: 29326 us total, 11471 us display, type 3
frame 1933: 20865 us total, 11451 us display, type 3
frame 1934: 34932 us total, 11459 us display, type 3
frame 1935: 30833 us total, 11471 us display, type 3
frame 1936: 22729 us total, 11456 us display, type 3
frame 1937: 35461 us total, 11576 us display, type 3
frame 1938: 32033 us total, 11469 us display, type 3
frame 1939: 32785 us total, 11459 us display, type 3
frame 1940: 21494 us total, 11459 us display, type 3
frame 1941: 32096 us total, 11461 us display, type 3
frame 1942: 32579 us total, 11465 us display, type 3
frame 1943: 32833 us total, 11471 us display, type 3
frame 1944: 20414 us total, 11467 us display, type 3
frame 1945: 30592 us total, 11476 us display, type 3
frame 1946: 34409 us total, 11474 us display, type 3
frame 1947: 22702 us total, 11459 us display, type 3
frame 1948: 36735 us total, 11725 us display, type 3
frame 1949: 36385 us total, 11462 us display, type 3
frame 1950: 35240 us total, 11480 us display, type 3
frame 1951: 36434 us total, 11477 us display, type 3
frame 1952: 25664 us total, 11448 us display, type 3
frame 1953: 35471 us total, 11452 us display, type 3
frame 1954: 35446 us total, 11466 us display, type 3
frame 1955: 37260 us total, 11467 us display, type 3
frame 1956: 36981 us total, 11481 us display, type 3
frame 1957: 36197 us total, 11468 us display, type 3
frame 1958: 36003 us total, 11476 us display, type 3
frame 1959: 26991 us total, 11454 us display, type 3
frame 1960: 36277 us total, 11456 us display, type 3
frame 1961: 38589 us total, 11449 us display, type 3
frame 1962: 36929 us total, 11471 us display, type 3
frame 1963: 38246 us total, 11467 us display, type 3
frame 1964: 40104 us total, 11491 us display, type 3
frame 1965: 37942 us total, 11481 us display, type 3
frame 1966: 38570 us total, 11474 us display, type 3
frame 1967: 39352 us total, 11476 us display, type 3
frame 1968: 28040 us total, 11451 us display, type 3
frame 1969: 37828 us total, 11655 us display, type 3
frame 1970: 37986 us total, 11462 us display, type 3
frame 1971: 38659 us total, 11526 us display, type 3
frame 1972: 38042 us total, 11463 us display, type 3
frame 1973: 37558 us total, 11457 us display, type 3
frame 1974: 38350 us total, 11479 us display, type 3
frame 1975: 35958 us total, 11488 us display, type 3
frame 1976: 36194 us total, 11483 us display, type 3
frame 1977: 25653 us total, 11455 us display, type 3
frame 1978: 36204 us total, 11471 us display, type 3
frame 1979: 35465 us total, 11606 us display, type 3
frame 1980: 35390 us total, 11469 us display, type 3
frame 1981: 33853 us total, 11475 us display, type 3
frame 1982: 22466 us total, 11780 us display, type 3
frame 1983: 32021 us total, 11457 us display, type 3
frame 1984: 30446 us total, 11468 us display, type 3
frame 1985: 31204 us total, 11463 us display, type 3
frame 1986: 21692 us total, 11457 us display, type 3
frame 1987: 30306 us total, 11470 us display, type 3
frame 1988: 31318 us total, 11531 us display, type 3
frame 1989: 21266 us total, 11476 us display, type 3
frame 1990: 30380 us total, 11470 us display, type 3
frame 1991: 31644 us total, 11469 us display, type 3
frame 1992: 21103 us total, 11451 us display, type 3
frame 1993: 31148 us total, 11463 us display, type 3
frame 1994: 31063 us total, 11465 us display, type 3
frame 1995: 22209 us total, 11461 us display, type 3
frame 1996: 31810 us total, 11458 us display, type 3
frame 1997: 30659 us total, 11473 us display, type 3
frame 1998: 22027 us total, 11512 us display, type 3
frame 1999: 31478 us total, 11482 us display, type 3
frame 2000: 31689 us total, 11467 us display, type 3
frame 2001: 22031 us total, 11456 us display, type 3
frame 2002: 30107 us total, 11456 us display, type 3
frame 2003: 31153 us total, 11471 us display, type 3
frame 2004: 20153 us total, 11458 us display, type 3
frame 2005: 29761 us total, 11467 us display, type 3
frame 2006: 29718 us total, 11462 us display, type 3
frame 2007: 18466 us total, 11452 us display, type 3
frame 2008: 28782 us total, 11464 us display, type 3
frame 2009: 18048 us total, 11435 us display, type 3
frame 2010: 34207 us total, 11462 us display, type 3
frame 2011: 29603 us total, 11473 us display, type 3
frame 2012: 18823 us total, 11429 us display, type 3
frame 2013: 35392 us total, 11464 us display, type 3
frame 2014: 33327 us total, 11457 us display, type 3
frame 2015: 30466 us total, 11469 us display, type 3
frame 2016: 18018 us total, 11421 us display, type 3
frame 2017: 35023 us total, 11465 us display, type 3
frame 2018: 32794 us total, 11470 us display, type 3
frame 2019: 18566 us total, 11839 us display, type 3
frame 2020: 34974 us total, 11471 us display, type 3
frame 2021: 33760 us total, 11465 us display, type 3
frame 2022: 30911 us total, 11469 us display, type 3
frame 2023: 23431 us total, 11466 us display, type 3
frame 2024: 35732 us total, 11463 us display, type 3
frame 2025: 35083 us total, 11469 us display, type 3
frame 2026: 36121 us total, 11486 us display, type 3
frame 2027: 36931 us total, 11487 us display, type 3
frame 2028: 26258 us total, 11455 us display, type 3
frame 2029: 37141 us total, 11456 us display, type 3
frame 2030: 38577 us total, 11468 us display, type 3
frame 2031: 37595 us total, 11460 us display, type 3
frame 2032: 39314 us total, 11474 us display, type 3
frame 2033: 42679 us total, 11461 us display, type 3
frame 2034: 40729 us total, 11471 us display, type 3
frame 2035: 41745 us total, 11459 us display, type 3
frame 2036: 40653 us total, 11471 us display, type 3
frame 2037: 39634 us total, 11454 us display, type 3
frame 2038: 39674 us total, 11531 us display, type 3
frame 2039: 40302 us total, 11459 us display, type 3
frame 2040: 41207 us total, 11466 us display, type 3
frame 2041: 40944 us total, 11460 us display, type 3
frame 2042: 41492 us total, 11475 us display, type 3
frame 2043: 38435 us total, 11472 us display, type 3
frame 2044: 38971 us total, 11488 us display, type 3
frame 2045: 41024 us total, 11481 us display, type 3
frame 2046: 39714 us total, 11484 us display, type 3
frame 2047: 41208 us total, 11467 us display, type 3
profile (avg of 128 frames, ms): logic+bsp 7.7 wait-fb 0.0 vp-mark 1.7 flats 4.6 columns 8.3 fuzz 0.0
frame 2048: 40850 us total, 11484 us display, type 3
audio: 82 underruns, 30 ms queued
mem @frame 2048: heap free 37728, largest 14592, min ever 37528, zone free 41204, display stack free 4380, uptime 65 s, gamestate 0, demo 1, usergame 0, tic 2246
frame 2049: 40402 us total, 11690 us display, type 3
frame 2050: 36417 us total, 11471 us display, type 3
frame 2051: 23954 us total, 11473 us display, type 3
frame 2052: 35753 us total, 11526 us display, type 3
frame 2053: 35456 us total, 11467 us display, type 3
frame 2054: 36424 us total, 11470 us display, type 3
frame 2055: 36450 us total, 11587 us display, type 3
frame 2056: 35726 us total, 11467 us display, type 3
frame 2057: 23882 us total, 11457 us display, type 3
frame 2058: 35742 us total, 11459 us display, type 3
frame 2059: 34442 us total, 11476 us display, type 3
frame 2060: 36017 us total, 11465 us display, type 3
frame 2061: 33703 us total, 11569 us display, type 3
frame 2062: 22769 us total, 11457 us display, type 3
frame 2063: 33022 us total, 11472 us display, type 3
frame 2064: 35036 us total, 11465 us display, type 3
frame 2065: 33062 us total, 11462 us display, type 3
frame 2066: 21924 us total, 11456 us display, type 3
frame 2067: 34435 us total, 11467 us display, type 3
frame 2068: 32911 us total, 11461 us display, type 3
frame 2069: 21899 us total, 11464 us display, type 3
frame 2070: 32362 us total, 11464 us display, type 3
frame 2071: 32171 us total, 11473 us display, type 3
frame 2072: 32388 us total, 11478 us display, type 3
frame 2073: 21422 us total, 11465 us display, type 3
frame 2074: 34088 us total, 11465 us display, type 3
frame 2075: 33447 us total, 11471 us display, type 3
frame 2076: 33889 us total, 11469 us display, type 3
frame 2077: 22672 us total, 11469 us display, type 3
frame 2078: 34638 us total, 11462 us display, type 3
frame 2079: 33505 us total, 11469 us display, type 3
frame 2080: 32926 us total, 11480 us display, type 3
frame 2081: 23463 us total, 11452 us display, type 3
frame 2082: 33423 us total, 11560 us display, type 3
frame 2083: 37207 us total, 11469 us display, type 3
frame 2084: 37480 us total, 11481 us display, type 3
frame 2085: 36063 us total, 11483 us display, type 3
frame 2086: 24497 us total, 11455 us display, type 3
frame 2087: 35519 us total, 11457 us display, type 3
frame 2088: 32814 us total, 11465 us display, type 3
frame 2089: 32684 us total, 11469 us display, type 3
frame 2090: 22891 us total, 11468 us display, type 3
frame 2091: 39442 us total, 11459 us display, type 3
frame 2092: 33156 us total, 11460 us display, type 3
frame 2093: 32800 us total, 11470 us display, type 3
frame 2094: 33633 us total, 11466 us display, type 3
frame 2095: 22126 us total, 11463 us display, type 3
frame 2096: 33726 us total, 11616 us display, type 3
frame 2097: 33706 us total, 11471 us display, type 3
frame 2098: 33162 us total, 11470 us display, type 3
frame 2099: 23641 us total, 11655 us display, type 3
frame 2100: 34567 us total, 11466 us display, type 3
frame 2101: 34916 us total, 11477 us display, type 3
frame 2102: 33211 us total, 11478 us display, type 3
frame 2103: 23553 us total, 11453 us display, type 3
frame 2104: 31599 us total, 11460 us display, type 3
frame 2105: 30720 us total, 11480 us display, type 3
frame 2106: 30975 us total, 11680 us display, type 3
frame 2107: 20799 us total, 11460 us display, type 3
frame 2108: 31543 us total, 11467 us display, type 3
frame 2109: 29730 us total, 11470 us display, type 3
frame 2110: 20666 us total, 11466 us display, type 3
frame 2111: 30878 us total, 11464 us display, type 3
frame 2112: 30109 us total, 11461 us display, type 3
frame 2113: 19657 us total, 11448 us display, type 3
frame 2114: 31255 us total, 11474 us display, type 3
frame 2115: 29813 us total, 11484 us display, type 3
frame 2116: 20590 us total, 11456 us display, type 3
frame 2117: 35557 us total, 11462 us display, type 3
frame 2118: 29854 us total, 11459 us display, type 3
frame 2119: 19418 us total, 11460 us display, type 3
frame 2120: 36607 us total, 11459 us display, type 3
frame 2121: 29781 us total, 11459 us display, type 3
frame 2122: 19429 us total, 11446 us display, type 3
frame 2123: 34932 us total, 11453 us display, type 3
frame 2124: 29237 us total, 11469 us display, type 3
frame 2125: 20834 us total, 11455 us display, type 3
frame 2126: 35717 us total, 11463 us display, type 3
frame 2127: 29771 us total, 11467 us display, type 3
frame 2128: 29487 us total, 11467 us display, type 3
frame 2129: 19069 us total, 11443 us display, type 3
frame 2130: 36006 us total, 11461 us display, type 3
frame 2131: 28464 us total, 11455 us display, type 3
frame 2132: 20409 us total, 11439 us display, type 3
frame 2133: 37052 us total, 11468 us display, type 3
frame 2134: 31248 us total, 11476 us display, type 3
frame 2135: 20119 us total, 11461 us display, type 3
frame 2136: 34478 us total, 11462 us display, type 3
frame 2137: 30386 us total, 11467 us display, type 3
frame 2138: 20366 us total, 11456 us display, type 3
frame 2139: 34375 us total, 11461 us display, type 3
frame 2140: 30935 us total, 11466 us display, type 3
frame 2141: 29597 us total, 11457 us display, type 3
frame 2142: 20279 us total, 11465 us display, type 3
frame 2143: 35603 us total, 11476 us display, type 3
frame 2144: 30008 us total, 11474 us display, type 3
frame 2145: 20833 us total, 11456 us display, type 3
frame 2146: 35123 us total, 11463 us display, type 3
frame 2147: 30440 us total, 11469 us display, type 3
frame 2148: 20258 us total, 11567 us display, type 3
frame 2149: 33112 us total, 11461 us display, type 3
frame 2150: 30252 us total, 11475 us display, type 3
frame 2151: 20003 us total, 11445 us display, type 3
frame 2152: 35389 us total, 11453 us display, type 3
frame 2153: 30254 us total, 11469 us display, type 3
frame 2154: 19733 us total, 11450 us display, type 3
frame 2155: 35722 us total, 11454 us display, type 3
frame 2156: 29492 us total, 11471 us display, type 3
frame 2157: 29742 us total, 11809 us display, type 3
frame 2158: 19751 us total, 11456 us display, type 3
frame 2159: 33888 us total, 11462 us display, type 3
frame 2160: 32116 us total, 11614 us display, type 3
frame 2161: 19019 us total, 11431 us display, type 3
frame 2162: 34428 us total, 11455 us display, type 3
frame 2163: 30796 us total, 11465 us display, type 3
frame 2164: 18492 us total, 11444 us display, type 3
frame 2165: 35324 us total, 11461 us display, type 3
frame 2166: 30807 us total, 11480 us display, type 3
frame 2167: 30706 us total, 11462 us display, type 3
frame 2168: 20002 us total, 11449 us display, type 3
frame 2169: 35191 us total, 11480 us display, type 3
frame 2170: 32595 us total, 11467 us display, type 3
frame 2171: 20340 us total, 11464 us display, type 3
frame 2172: 34957 us total, 11463 us display, type 3
frame 2173: 30776 us total, 11579 us display, type 3
frame 2174: 30787 us total, 11458 us display, type 3
frame 2175: 20409 us total, 11457 us display, type 3
profile (avg of 128 frames, ms): logic+bsp 7.1 wait-fb 0.0 vp-mark 1.1 flats 3.9 columns 7.7 fuzz 0.0
frame 2176: 32869 us total, 11472 us display, type 3
frame 2177: 31192 us total, 11471 us display, type 3
frame 2178: 21342 us total, 11705 us display, type 3
frame 2179: 33738 us total, 11473 us display, type 3
frame 2180: 32480 us total, 11585 us display, type 3
frame 2181: 20884 us total, 11454 us display, type 3
frame 2182: 32426 us total, 11457 us display, type 3
frame 2183: 31584 us total, 11468 us display, type 3
frame 2184: 21109 us total, 11459 us display, type 3
frame 2185: 33540 us total, 11639 us display, type 3
frame 2186: 32878 us total, 11473 us display, type 3
frame 2187: 32038 us total, 11476 us display, type 3
frame 2188: 21728 us total, 11449 us display, type 3
frame 2189: 31851 us total, 11465 us display, type 3
frame 2190: 32508 us total, 11476 us display, type 3
frame 2191: 22165 us total, 11454 us display, type 3
frame 2192: 31385 us total, 11461 us display, type 3
frame 2193: 31727 us total, 11479 us display, type 3
frame 2194: 31998 us total, 11475 us display, type 3
frame 2195: 22239 us total, 11760 us display, type 3
frame 2196: 31648 us total, 11471 us display, type 3
frame 2197: 31550 us total, 11467 us display, type 3
frame 2198: 20691 us total, 11456 us display, type 3
frame 2199: 30599 us total, 11477 us display, type 3
frame 2200: 31914 us total, 11473 us display, type 3
frame 2201: 19221 us total, 11454 us display, type 3
frame 2202: 29599 us total, 11467 us display, type 3
frame 2203: 30390 us total, 11622 us display, type 3
frame 2204: 19574 us total, 11460 us display, type 3
frame 2205: 32903 us total, 11469 us display, type 3
frame 2206: 30108 us total, 11471 us display, type 3
frame 2207: 21308 us total, 11459 us display, type 3
frame 2208: 35055 us total, 11469 us display, type 3
frame 2209: 30431 us total, 11466 us display, type 3
frame 2210: 20079 us total, 11448 us display, type 3
frame 2211: 35352 us total, 11468 us display, type 3
frame 2212: 30298 us total, 11459 us display, type 3
frame 2213: 29553 us total, 11458 us display, type 3
frame 2214: 20630 us total, 11452 us display, type 3
frame 2215: 33978 us total, 11568 us display, type 3
frame 2216: 31359 us total, 11601 us display, type 3
frame 2217: 20896 us total, 11579 us display, type 3
frame 2218: 34418 us total, 11469 us display, type 3
frame 2219: 31532 us total, 11468 us display, type 3
frame 2220: 21057 us total, 11443 us display, type 3
frame 2221: 33622 us total, 11452 us display, type 3
frame 2222: 31069 us total, 11473 us display, type 3
frame 2223: 20200 us total, 11449 us display, type 3
frame 2224: 32956 us total, 11453 us display, type 3
frame 2225: 31074 us total, 11714 us display, type 3
frame 2226: 31615 us total, 11476 us display, type 3
frame 2227: 20177 us total, 11441 us display, type 3
frame 2228: 33086 us total, 11468 us display, type 3
frame 2229: 30865 us total, 11457 us display, type 3
frame 2230: 22412 us total, 11443 us display, type 3
frame 2231: 35523 us total, 11454 us display, type 3
frame 2232: 34090 us total, 11477 us display, type 3
frame 2233: 37359 us total, 11599 us display, type 3
frame 2234: 35566 us total, 11471 us display, type 3
frame 2235: 25146 us total, 11453 us display, type 3
frame 2236: 35298 us total, 11452 us display, type 3
frame 2237: 34635 us total, 11465 us display, type 3
frame 2238: 33740 us total, 11473 us display, type 3
frame 2239: 33346 us total, 11464 us display, type 3
frame 2240: 23126 us total, 11450 us display, type 3
frame 2241: 31964 us total, 11464 us display, type 3
frame 2242: 32035 us total, 11473 us display, type 3
frame 2243: 22705 us total, 11446 us display, type 3
frame 2244: 31859 us total, 11450 us display, type 3
frame 2245: 31802 us total, 11480 us display, type 3
frame 2246: 32608 us total, 11588 us display, type 3
frame 2247: 24075 us total, 11450 us display, type 3
frame 2248: 31972 us total, 11463 us display, type 3
frame 2249: 33107 us total, 11477 us display, type 3
frame 2250: 24092 us total, 11493 us display, type 3
frame 2251: 32468 us total, 11639 us display, type 3
frame 2252: 32404 us total, 11467 us display, type 3
frame 2253: 32369 us total, 11480 us display, type 3
frame 2254: 23096 us total, 11464 us display, type 3
frame 2255: 32649 us total, 11796 us display, type 3
frame 2256: 31742 us total, 11476 us display, type 3
frame 2257: 33255 us total, 11474 us display, type 3
frame 2258: 23698 us total, 11453 us display, type 3
frame 2259: 33332 us total, 11456 us display, type 3
frame 2260: 32835 us total, 11491 us display, type 3
frame 2261: 33616 us total, 11474 us display, type 3
frame 2262: 24284 us total, 11453 us display, type 3
frame 2263: 34399 us total, 11463 us display, type 3
frame 2264: 33121 us total, 11492 us display, type 3
frame 2265: 34578 us total, 11489 us display, type 3
frame 2266: 25424 us total, 11473 us display, type 3
frame 2267: 34719 us total, 11452 us display, type 3
frame 2268: 34760 us total, 11454 us display, type 3
frame 2269: 33914 us total, 11477 us display, type 3
frame 2270: 34108 us total, 11480 us display, type 3
frame 2271: 23939 us total, 11458 us display, type 3
frame 2272: 33383 us total, 11464 us display, type 3
frame 2273: 33978 us total, 11484 us display, type 3
frame 2274: 36146 us total, 11769 us display, type 3
frame 2275: 35134 us total, 11490 us display, type 3
frame 2276: 25510 us total, 11456 us display, type 3
frame 2277: 32521 us total, 11459 us display, type 3
frame 2278: 30726 us total, 11771 us display, type 3
frame 2279: 19449 us total, 11452 us display, type 3
frame 2280: 31965 us total, 11461 us display, type 3
frame 2281: 32366 us total, 11481 us display, type 3
frame 2282: 32662 us total, 11474 us display, type 3
frame 2283: 23594 us total, 11460 us display, type 3
frame 2284: 33633 us total, 11471 us display, type 3
frame 2285: 33596 us total, 11481 us display, type 3
frame 2286: 35706 us total, 11490 us display, type 3
frame 2287: 37977 us total, 11483 us display, type 3
frame 2288: 25822 us total, 11455 us display, type 3
frame 2289: 36098 us total, 11458 us display, type 3
frame 2290: 36377 us total, 11475 us display, type 3
frame 2291: 36924 us total, 11492 us display, type 3
frame 2292: 38749 us total, 11470 us display, type 3
frame 2293: 37057 us total, 11484 us display, type 3
frame 2294: 37510 us total, 11483 us display, type 3
frame 2295: 26342 us total, 11453 us display, type 3
frame 2296: 37325 us total, 11473 us display, type 3
frame 2297: 36669 us total, 11459 us display, type 3
frame 2298: 37212 us total, 11478 us display, type 3
frame 2299: 36692 us total, 11479 us display, type 3
frame 2300: 37054 us total, 11490 us display, type 3
frame 2301: 35338 us total, 11497 us display, type 3
frame 2302: 25230 us total, 11456 us display, type 3
frame 2303: 36239 us total, 11464 us display, type 3
profile (avg of 128 frames, ms): logic+bsp 7.2 wait-fb 0.0 vp-mark 1.0 flats 4.7 columns 8.8 fuzz 0.0
frame 2304: 36208 us total, 11470 us display, type 3
audio: 82 underruns, 30 ms queued
mem @frame 2304: heap free 37680, largest 14592, min ever 37528, zone free 40788, display stack free 4380, uptime 73 s, gamestate 0, demo 1, usergame 0, tic 2518
frame 2305: 37597 us total, 11489 us display, type 3
frame 2306: 36111 us total, 11479 us display, type 3
frame 2307: 38180 us total, 11483 us display, type 3
frame 2308: 39712 us total, 11485 us display, type 3
frame 2309: 26208 us total, 11457 us display, type 3
frame 2310: 36433 us total, 11465 us display, type 3
frame 2311: 36768 us total, 11473 us display, type 3
frame 2312: 36552 us total, 11482 us display, type 3
frame 2313: 35492 us total, 11482 us display, type 3
frame 2314: 36307 us total, 11484 us display, type 3
frame 2315: 24684 us total, 11469 us display, type 3
frame 2316: 39616 us total, 11480 us display, type 3
frame 2317: 39419 us total, 11463 us display, type 3
frame 2318: 38163 us total, 11464 us display, type 3
frame 2319: 37414 us total, 11485 us display, type 3
frame 2320: 37872 us total, 11476 us display, type 3
frame 2321: 37498 us total, 11477 us display, type 3
frame 2322: 37787 us total, 11481 us display, type 3
frame 2323: 38464 us total, 11484 us display, type 3
frame 2324: 37051 us total, 11485 us display, type 3
frame 2325: 26196 us total, 11459 us display, type 3
frame 2326: 37525 us total, 11459 us display, type 3
frame 2327: 36825 us total, 11484 us display, type 3
frame 2328: 36613 us total, 11475 us display, type 3
frame 2329: 36476 us total, 11782 us display, type 3
frame 2330: 36858 us total, 11487 us display, type 3
frame 2331: 38023 us total, 11485 us display, type 3
frame 2332: 26156 us total, 11463 us display, type 3
frame 2333: 38432 us total, 11467 us display, type 3
frame 2334: 38767 us total, 11474 us display, type 3
frame 2335: 41065 us total, 11466 us display, type 3
frame 2336: 40035 us total, 11463 us display, type 3
frame 2337: 38777 us total, 11466 us display, type 3
frame 2338: 39485 us total, 11457 us display, type 3
frame 2339: 36935 us total, 11473 us display, type 3
frame 2340: 36854 us total, 11491 us display, type 3
frame 2341: 36493 us total, 11487 us display, type 3
frame 2342: 37771 us total, 11494 us display, type 3
frame 2343: 27894 us total, 11463 us display, type 3
frame 2344: 37116 us total, 11476 us display, type 3
frame 2345: 41178 us total, 11462 us display, type 3
frame 2346: 37379 us total, 11469 us display, type 3
frame 2347: 38068 us total, 11474 us display, type 3
frame 2348: 39374 us total, 11462 us display, type 3
frame 2349: 38370 us total, 11572 us display, type 3
frame 2350: 38711 us total, 11478 us display, type 3
frame 2351: 40111 us total, 11480 us display, type 3
frame 2352: 38134 us total, 11495 us display, type 3
frame 2353: 38625 us total, 11543 us display, type 3
frame 2354: 39838 us total, 11484 us display, type 3
frame 2355: 27948 us total, 11477 us display, type 3
frame 2356: 38514 us total, 11473 us display, type 3
frame 2357: 39963 us total, 11584 us display, type 3
frame 2358: 38727 us total, 11574 us display, type 3
frame 2359: 39561 us total, 11466 us display, type 3
frame 2360: 39750 us total, 11466 us display, type 3
frame 2361: 39294 us total, 11467 us display, type 3
frame 2362: 40363 us total, 11488 us display, type 3
frame 2363: 40593 us total, 11460 us display, type 3
frame 2364: 39140 us total, 11471 us display, type 3
frame 2365: 37969 us total, 11491 us display, type 3
frame 2366: 36952 us total, 11487 us display, type 3
frame 2367: 37241 us total, 11499 us display, type 3
frame 2368: 39202 us total, 11482 us display, type 3
frame 2369: 26206 us total, 11467 us display, type 3
frame 2370: 38031 us total, 11466 us display, type 3
frame 2371: 36432 us total, 11469 us display, type 3
frame 2372: 37165 us total, 11477 us display, type 3
frame 2373: 43546 us total, 11474 us display, type 3
frame 2374: 39499 us total, 11471 us display, type 3
frame 2375: 41676 us total, 11469 us display, type 3
frame 2376: 38520 us total, 11525 us display, type 3
frame 2377: 40476 us total, 11481 us display, type 3
frame 2378: 41790 us total, 11482 us display, type 3
frame 2379: 39729 us total, 11508 us display, type 3
frame 2380: 40685 us total, 11493 us display, type 3
frame 2381: 41092 us total, 11521 us display, type 3
frame 2382: 41207 us total, 11481 us display, type 3
frame 2383: 40934 us total, 11479 us display, type 3
frame 2384: 40165 us total, 11482 us display, type 3
frame 2385: 41344 us total, 11487 us display, type 3
frame 2386: 40233 us total, 11493 us display, type 3
frame 2387: 42362 us total, 11483 us display, type 3
frame 2388: 39951 us total, 11486 us display, type 3
frame 2389: 40753 us total, 11492 us display, type 3
frame 2390: 41030 us total, 11499 us display, type 3
frame 2391: 38969 us total, 11494 us display, type 3
frame 2392: 39698 us total, 11487 us display, type 3
frame 2393: 39180 us total, 11488 us display, type 3
frame 2394: 39464 us total, 11489 us display, type 3
frame 2395: 27885 us total, 11698 us display, type 3
frame 2396: 37151 us total, 11465 us display, type 3
frame 2397: 37522 us total, 11474 us display, type 3
frame 2398: 38240 us total, 11597 us display, type 3
frame 2399: 39819 us total, 11464 us display, type 3
frame 2400: 38493 us total, 11777 us display, type 3
frame 2401: 40769 us total, 11481 us display, type 3
frame 2402: 38784 us total, 11488 us display, type 3
frame 2403: 38913 us total, 11488 us display, type 3
frame 2404: 40618 us total, 11482 us display, type 3
frame 2405: 39769 us total, 11676 us display, type 3
frame 2406: 42505 us total, 11489 us display, type 3
frame 2407: 39718 us total, 11481 us display, type 3
frame 2408: 42168 us total, 11482 us display, type 3
frame 2409: 40844 us total, 11607 us display, type 3
frame 2410: 40708 us total, 11487 us display, type 3
frame 2411: 41493 us total, 11642 us display, type 3
frame 2412: 42413 us total, 11480 us display, type 3
frame 2413: 41556 us total, 11471 us display, type 3
frame 2414: 40816 us total, 11482 us display, type 3
frame 2415: 42140 us total, 11473 us display, type 3
frame 2416: 39861 us total, 11483 us display, type 3
frame 2417: 40728 us total, 11479 us display, type 3
frame 2418: 40886 us total, 11479 us display, type 3
frame 2419: 39318 us total, 11583 us display, type 3
frame 2420: 40464 us total, 11532 us display, type 3
frame 2421: 37769 us total, 11483 us display, type 3
frame 2422: 39998 us total, 11485 us display, type 3
frame 2423: 27873 us total, 11469 us display, type 3
frame 2424: 37605 us total, 11454 us display, type 3
frame 2425: 36827 us total, 11471 us display, type 3
frame 2426: 40651 us total, 11476 us display, type 3
frame 2427: 41196 us total, 11465 us display, type 3
frame 2428: 39993 us total, 11545 us display, type 3
frame 2429: 41070 us total, 11469 us display, type 3
frame 2430: 39369 us total, 11472 us display, type 3
frame 2431: 42810 us total, 11464 us display, type 3
profile (avg of 128 frames, ms): logic+bsp 12.5 wait-fb 0.0 vp-mark 0.9 flats 4.2 columns 10.3 fuzz 0.2
frame 2432: 41820 us total, 11473 us display, type 3
frame 2433: 41726 us total, 11458 us display, type 3
frame 2434: 42170 us total, 11469 us display, type 3
frame 2435: 41726 us total, 11464 us display, type 3
frame 2436: 42630 us total, 11463 us display, type 3
frame 2437: 42171 us total, 11466 us display, type 3
frame 2438: 44013 us total, 11451 us display, type 3
frame 2439: 41436 us total, 11473 us display, type 3
frame 2440: 43139 us total, 11464 us display, type 3
frame 2441: 41246 us total, 11471 us display, type 3
frame 2442: 44218 us total, 11463 us display, type 3
frame 2443: 53486 us total, 11493 us display, type 3
frame 2444: 42832 us total, 11483 us display, type 3
frame 2445: 42470 us total, 11704 us display, type 3
frame 2446: 41318 us total, 11480 us display, type 3
frame 2447: 40590 us total, 11528 us display, type 3
frame 2448: 39379 us total, 11488 us display, type 3
frame 2449: 39348 us total, 11487 us display, type 3
frame 2450: 39797 us total, 11507 us display, type 3
frame 2451: 42648 us total, 11481 us display, type 3
frame 2452: 40346 us total, 11485 us display, type 3
frame 2453: 40481 us total, 11481 us display, type 3
frame 2454: 41331 us total, 11480 us display, type 3
frame 2455: 29056 us total, 11461 us display, type 3
frame 2456: 40491 us total, 11463 us display, type 3
frame 2457: 40613 us total, 11581 us display, type 3
frame 2458: 40687 us total, 11467 us display, type 3
frame 2459: 40657 us total, 11471 us display, type 3
frame 2460: 41629 us total, 11460 us display, type 3
frame 2461: 40880 us total, 11462 us display, type 3
frame 2462: 40794 us total, 11457 us display, type 3
frame 2463: 38119 us total, 11456 us display, type 3
frame 2464: 38605 us total, 11473 us display, type 3
frame 2465: 39366 us total, 11460 us display, type 3
frame 2466: 36168 us total, 11470 us display, type 3
frame 2467: 36654 us total, 11675 us display, type 3
frame 2468: 38735 us total, 11485 us display, type 3
frame 2469: 37686 us total, 11595 us display, type 3
frame 2470: 37228 us total, 11484 us display, type 3
frame 2471: 28308 us total, 11772 us display, type 3
frame 2472: 36931 us total, 11467 us display, type 3
frame 2473: 37395 us total, 11456 us display, type 3
frame 2474: 35624 us total, 11481 us display, type 3
frame 2475: 36552 us total, 11486 us display, type 3
frame 2476: 36418 us total, 11482 us display, type 3
frame 2477: 34826 us total, 11483 us display, type 3
frame 2478: 27041 us total, 11477 us display, type 3
frame 2479: 40241 us total, 11460 us display, type 3
frame 2480: 39860 us total, 11461 us display, type 3
frame 2481: 38207 us total, 11460 us display, type 3
frame 2482: 39359 us total, 11457 us display, type 3
frame 2483: 38236 us total, 11463 us display, type 3
frame 2484: 38133 us total, 11478 us display, type 3
frame 2485: 37755 us total, 11474 us display, type 3
frame 2486: 39125 us total, 11487 us display, type 3
frame 2487: 38256 us total, 11472 us display, type 3
frame 2488: 40389 us total, 11475 us display, type 3
frame 2489: 40328 us total, 11477 us display, type 3
frame 2490: 38136 us total, 11479 us display, type 3
frame 2491: 31113 us total, 11470 us display, type 3
frame 2492: 37534 us total, 11453 us display, type 3
frame 2493: 39176 us total, 11466 us display, type 3
frame 2494: 38741 us total, 11695 us display, type 3
frame 2495: 40486 us total, 11465 us display, type 3
frame 2496: 38823 us total, 11461 us display, type 3
frame 2497: 38749 us total, 11467 us display, type 3
frame 2498: 35522 us total, 11476 us display, type 3
frame 2499: 33938 us total, 11475 us display, type 3
frame 2500: 22842 us total, 11458 us display, type 3
frame 2501: 32169 us total, 11462 us display, type 3
frame 2502: 31626 us total, 11470 us display, type 3
frame 2503: 30385 us total, 11483 us display, type 3
frame 2504: 21606 us total, 11452 us display, type 3
frame 2505: 30424 us total, 11477 us display, type 3
frame 2506: 30240 us total, 11471 us display, type 3
frame 2507: 21217 us total, 11448 us display, type 3
frame 2508: 29850 us total, 11468 us display, type 3
frame 2509: 29733 us total, 11464 us display, type 3
frame 2510: 19714 us total, 11455 us display, type 3
frame 2511: 30593 us total, 11475 us display, type 3
frame 2512: 19745 us total, 11450 us display, type 3
frame 2513: 30186 us total, 11470 us display, type 3
frame 2514: 29657 us total, 11481 us display, type 3
frame 2515: 20603 us total, 11464 us display, type 3
frame 2516: 33281 us total, 11459 us display, type 3
frame 2517: 29360 us total, 11466 us display, type 3
frame 2518: 19399 us total, 11432 us display, type 3
frame 2519: 34575 us total, 11454 us display, type 3
frame 2520: 29575 us total, 11472 us display, type 3
frame 2521: 18905 us total, 11425 us display, type 3
frame 2522: 36052 us total, 11460 us display, type 3
frame 2523: 30641 us total, 11468 us display, type 3
frame 2524: 19164 us total, 11431 us display, type 3
frame 2525: 33628 us total, 11456 us display, type 3
frame 2526: 31245 us total, 11462 us display, type 3
frame 2527: 18496 us total, 11441 us display, type 3
frame 2528: 34842 us total, 11463 us display, type 3
frame 2529: 30939 us total, 11457 us display, type 3
frame 2530: 29178 us total, 11470 us display, type 3
frame 2531: 20467 us total, 11435 us display, type 3
frame 2532: 37803 us total, 11764 us display, type 3
frame 2533: 31844 us total, 11482 us display, type 3
frame 2534: 19786 us total, 11442 us display, type 3
frame 2535: 35622 us total, 11458 us display, type 3
frame 2536: 32113 us total, 11468 us display, type 3
frame 2537: 34117 us total, 11479 us display, type 3
frame 2538: 24460 us total, 11452 us display, type 3
frame 2539: 34674 us total, 11460 us display, type 3
frame 2540: 33621 us total, 11517 us display, type 3
frame 2541: 34313 us total, 11475 us display, type 3
frame 2542: 34030 us total, 11470 us display, type 3
frame 2543: 23977 us total, 11453 us display, type 3
frame 2544: 33781 us total, 11457 us display, type 3
frame 2545: 33648 us total, 11481 us display, type 3
frame 2546: 34799 us total, 11481 us display, type 3
frame 2547: 23675 us total, 11461 us display, type 3
frame 2548: 33444 us total, 11454 us display, type 3
frame 2549: 33510 us total, 11469 us display, type 3
frame 2550: 34440 us total, 11477 us display, type 3
frame 2551: 33977 us total, 11483 us display, type 3
frame 2552: 25056 us total, 11463 us display, type 3
frame 2553: 37834 us total, 11464 us display, type 3
frame 2554: 36229 us total, 11468 us display, type 3
frame 2555: 34720 us total, 11475 us display, type 3
frame 2556: 35526 us total, 11481 us display, type 3
frame 2557: 36758 us total, 11542 us display, type 3
frame 2558: 28302 us total, 11468 us display, type 3
frame 2559: 37743 us total, 11459 us display, type 3
profile (avg of 128 frames, ms): logic+bsp 8.6 wait-fb 0.0 vp-mark 0.9 flats 4.6 columns 9.6 fuzz 0.3
frame 2560: 38429 us total, 11456 us display, type 3
audio: 82 underruns, 20 ms queued
mem @frame 2560: heap free 37680, largest 14592, min ever 37528, zone free 40716, display stack free 4380, uptime 83 s, gamestate 0, demo 1, usergame 0, tic 2845
frame 2561: 39429 us total, 11471 us display, type 3
frame 2562: 37054 us total, 11480 us display, type 3
frame 2563: 37609 us total, 11466 us display, type 3
frame 2564: 37783 us total, 11479 us display, type 3
frame 2565: 38079 us total, 11642 us display, type 3
frame 2566: 35524 us total, 11493 us display, type 3
frame 2567: 25189 us total, 11456 us display, type 3
frame 2568: 36235 us total, 11464 us display, type 3
frame 2569: 36231 us total, 11467 us display, type 3
frame 2570: 37631 us total, 11480 us display, type 3
frame 2571: 35810 us total, 11482 us display, type 3
frame 2572: 37153 us total, 11486 us display, type 3
frame 2573: 27327 us total, 11458 us display, type 3
frame 2574: 37117 us total, 11467 us display, type 3
frame 2575: 38442 us total, 11465 us display, type 3
frame 2576: 37138 us total, 11599 us display, type 3
frame 2577: 37291 us total, 11476 us display, type 3
frame 2578: 37598 us total, 11475 us display, type 3
frame 2579: 35846 us total, 11482 us display, type 3
frame 2580: 36158 us total, 11477 us display, type 3
frame 2581: 26112 us total, 11465 us display, type 3
frame 2582: 38236 us total, 11471 us display, type 3
frame 2583: 40576 us total, 11458 us display, type 3
frame 2584: 38499 us total, 11472 us display, type 3
frame 2585: 42496 us total, 11459 us display, type 3
frame 2586: 41853 us total, 11467 us display, type 3
frame 2587: 41274 us total, 11471 us display, type 3
frame 2588: 42168 us total, 11463 us display, type 3
frame 2589: 41015 us total, 11468 us display, type 3
frame 2590: 41200 us total, 11460 us display, type 3
frame 2591: 41227 us total, 11469 us display, type 3
frame 2592: 41754 us total, 11462 us display, type 3
frame 2593: 39626 us total, 11469 us display, type 3
frame 2594: 40711 us total, 11478 us display, type 3
frame 2595: 39169 us total, 11455 us display, type 3
frame 2596: 38124 us total, 11470 us display, type 3
frame 2597: 40829 us total, 11599 us display, type 3
frame 2598: 39037 us total, 11466 us display, type 3
frame 2599: 40021 us total, 11475 us display, type 3
frame 2600: 42077 us total, 11798 us display, type 3
frame 2601: 39822 us total, 11489 us display, type 3
frame 2602: 41827 us total, 11481 us display, type 3
frame 2603: 39252 us total, 11592 us display, type 3
frame 2604: 40823 us total, 11484 us display, type 3
frame 2605: 39996 us total, 11483 us display, type 3
frame 2606: 40518 us total, 11483 us display, type 3
frame 2607: 43228 us total, 11476 us display, type 3
frame 2608: 42483 us total, 11569 us display, type 3
frame 2609: 42959 us total, 11476 us display, type 3
frame 2610: 42045 us total, 11478 us display, type 3
frame 2611: 42598 us total, 11471 us display, type 3
frame 2612: 42869 us total, 11462 us display, type 3
frame 2613: 43583 us total, 11467 us display, type 3
frame 2614: 44042 us total, 11470 us display, type 3
frame 2615: 45803 us total, 11463 us display, type 3
frame 2616: 43742 us total, 11476 us display, type 3
frame 2617: 45175 us total, 11472 us display, type 3
frame 2618: 57816 us total, 11486 us display, type 3
frame 2619: 44050 us total, 11480 us display, type 3
frame 2620: 43173 us total, 11483 us display, type 3
frame 2621: 43607 us total, 11461 us display, type 3
frame 2622: 43107 us total, 11464 us display, type 3
frame 2623: 45186 us total, 11466 us display, type 3
frame 2624: 43517 us total, 11470 us display, type 3
frame 2625: 44625 us total, 11457 us display, type 3
frame 2626: 42628 us total, 11464 us display, type 3
frame 2627: 41731 us total, 11462 us display, type 3
frame 2628: 40772 us total, 11463 us display, type 3
frame 2629: 42879 us total, 11458 us display, type 3
frame 2630: 41740 us total, 11479 us display, type 3
frame 2631: 41710 us total, 11459 us display, type 3
frame 2632: 40630 us total, 11529 us display, type 3
frame 2633: 41095 us total, 11466 us display, type 3
frame 2634: 40340 us total, 11464 us display, type 3
frame 2635: 39480 us total, 11706 us display, type 3
frame 2636: 41970 us total, 11465 us display, type 3
frame 2637: 39099 us total, 11469 us display, type 3
frame 2638: 40305 us total, 11453 us display, type 3
frame 2639: 38747 us total, 11460 us display, type 3
frame 2640: 39659 us total, 11470 us display, type 3
frame 2641: 39429 us total, 11458 us display, type 3
frame 2642: 39423 us total, 11465 us display, type 3
frame 2643: 39042 us total, 11464 us display, type 3
frame 2644: 38380 us total, 11478 us display, type 3
frame 2645: 38256 us total, 11472 us display, type 3
frame 2646: 39958 us total, 11474 us display, type 3
frame 2647: 36578 us total, 11478 us display, type 3
frame 2648: 37789 us total, 11469 us display, type 3
frame 2649: 25805 us total, 11464 us display, type 3
frame 2650: 35493 us total, 11467 us display, type 3
frame 2651: 35075 us total, 11456 us display, type 3
frame 2652: 35054 us total, 11470 us display, type 3
frame 2653: 33463 us total, 11609 us display, type 3
frame 2654: 23022 us total, 11453 us display, type 3
frame 2655: 34985 us total, 11464 us display, type 3
frame 2656: 37244 us total, 11472 us display, type 3
frame 2657: 38262 us total, 11475 us display, type 3
frame 2658: 37321 us total, 11481 us display, type 3
frame 2659: 37359 us total, 11484 us display, type 3
frame 2660: 36919 us total, 11472 us display, type 3
frame 2661: 24856 us total, 11454 us display, type 3
frame 2662: 34655 us total, 11593 us display, type 3
frame 2663: 34909 us total, 11467 us display, type 3
frame 2664: 35736 us total, 11473 us display, type 3
frame 2665: 36393 us total, 11473 us display, type 3
frame 2666: 23659 us total, 11461 us display, type 3
frame 2667: 33651 us total, 11456 us display, type 3
frame 2668: 34387 us total, 11477 us display, type 3
frame 2669: 33422 us total, 11616 us display, type 3
frame 2670: 20769 us total, 11443 us display, type 3
frame 2671: 32407 us total, 11465 us display, type 3
frame 2672: 36045 us total, 11752 us display, type 3
frame 2673: 34919 us total, 11472 us display, type 3
frame 2674: 25050 us total, 11461 us display, type 3
frame 2675: 37765 us total, 11464 us display, type 3
frame 2676: 34680 us total, 11601 us display, type 3
frame 2677: 33490 us total, 11464 us display, type 3
frame 2678: 35511 us total, 11473 us display, type 3
frame 2679: 23320 us total, 11465 us display, type 3
frame 2680: 34571 us total, 11462 us display, type 3
frame 2681: 35445 us total, 11461 us display, type 3
frame 2682: 37351 us total, 11467 us display, type 3
frame 2683: 35891 us total, 11608 us display, type 3
frame 2684: 25005 us total, 11463 us display, type 3
frame 2685: 35626 us total, 11473 us display, type 3
frame 2686: 35592 us total, 11470 us display, type 3
frame 2687: 35369 us total, 11464 us display, type 3
profile (avg of 128 frames, ms): logic+bsp 9.0 wait-fb 0.0 vp-mark 1.4 flats 5.1 columns 10.6 fuzz 0.3
frame 2688: 34934 us total, 11473 us display, type 3
frame 2689: 34679 us total, 11473 us display, type 3
frame 2690: 24892 us total, 11454 us display, type 3
frame 2691: 34537 us total, 11531 us display, type 3
frame 2692: 33559 us total, 11635 us display, type 3
frame 2693: 35834 us total, 11482 us display, type 3
frame 2694: 36662 us total, 11472 us display, type 3
frame 2695: 25677 us total, 11466 us display, type 3
frame 2696: 35765 us total, 11455 us display, type 3
frame 2697: 36326 us total, 11585 us display, type 3
frame 2698: 35600 us total, 11473 us display, type 3
frame 2699: 36043 us total, 11466 us display, type 3
frame 2700: 35060 us total, 11471 us display, type 3
frame 2701: 25449 us total, 11735 us display, type 3
frame 2702: 34719 us total, 11464 us display, type 3
frame 2703: 34655 us total, 11460 us display, type 3
frame 2704: 36337 us total, 11485 us display, type 3
frame 2705: 36630 us total, 11473 us display, type 3
frame 2706: 26293 us total, 11456 us display, type 3
frame 2707: 35014 us total, 11463 us display, type 3
frame 2708: 35771 us total, 11457 us display, type 3
frame 2709: 34936 us total, 11473 us display, type 3
frame 2710: 36895 us total, 11473 us display, type 3
frame 2711: 35314 us total, 11471 us display, type 3
frame 2712: 25067 us total, 11466 us display, type 3
frame 2713: 34936 us total, 11561 us display, type 3
frame 2714: 37397 us total, 11778 us display, type 3
frame 2715: 36743 us total, 11486 us display, type 3
frame 2716: 34906 us total, 11473 us display, type 3
frame 2717: 24236 us total, 11458 us display, type 3
frame 2718: 36278 us total, 11466 us display, type 3
frame 2719: 37612 us total, 11473 us display, type 3
frame 2720: 38834 us total, 11465 us display, type 3
frame 2721: 37301 us total, 11463 us display, type 3
frame 2722: 38745 us total, 11475 us display, type 3
frame 2723: 38206 us total, 11549 us display, type 3
frame 2724: 38113 us total, 11477 us display, type 3
frame 2725: 36978 us total, 11703 us display, type 3
frame 2726: 26820 us total, 11463 us display, type 3
frame 2727: 37065 us total, 11473 us display, type 3
frame 2728: 35802 us total, 11460 us display, type 3
frame 2729: 34716 us total, 11471 us display, type 3
frame 2730: 35543 us total, 11484 us display, type 3
frame 2731: 35161 us total, 11472 us display, type 3
frame 2732: 25446 us total, 11461 us display, type 3
frame 2733: 34237 us total, 11478 us display, type 3
frame 2734: 36214 us total, 11459 us display, type 3
frame 2735: 35999 us total, 11478 us display, type 3
frame 2736: 35118 us total, 11491 us display, type 3
frame 2737: 37251 us total, 11471 us display, type 3
frame 2738: 26251 us total, 11462 us display, type 3
frame 2739: 36130 us total, 11465 us display, type 3
frame 2740: 37173 us total, 11469 us display, type 3
frame 2741: 37139 us total, 11477 us display, type 3
frame 2742: 36312 us total, 11478 us display, type 3
frame 2743: 34778 us total, 11737 us display, type 3
frame 2744: 24880 us total, 11454 us display, type 3
frame 2745: 34889 us total, 11469 us display, type 3
frame 2746: 32228 us total, 11484 us display, type 3
frame 2747: 34141 us total, 11484 us display, type 3
frame 2748: 22337 us total, 11456 us display, type 3
frame 2749: 35984 us total, 11455 us display, type 3
frame 2750: 30959 us total, 11468 us display, type 3
frame 2751: 31722 us total, 11467 us display, type 3
frame 2752: 21435 us total, 11454 us display, type 3
frame 2753: 32418 us total, 11461 us display, type 3
frame 2754: 34558 us total, 11483 us display, type 3
frame 2755: 35581 us total, 11478 us display, type 3
frame 2756: 26403 us total, 11552 us display, type 3
frame 2757: 36577 us total, 11452 us display, type 3
frame 2758: 36551 us total, 11471 us display, type 3
frame 2759: 36152 us total, 11545 us display, type 3
frame 2760: 35179 us total, 11477 us display, type 3
frame 2761: 33496 us total, 11472 us display, type 3
frame 2762: 23509 us total, 11456 us display, type 3
frame 2763: 36871 us total, 11453 us display, type 3
frame 2764: 35245 us total, 11462 us display, type 3
frame 2765: 36038 us total, 11474 us display, type 3
frame 2766: 34959 us total, 11470 us display, type 3
frame 2767: 36138 us total, 11469 us display, type 3
frame 2768: 25038 us total, 11456 us display, type 3
frame 2769: 34934 us total, 11454 us display, type 3
frame 2770: 36199 us total, 12255 us display, type 3
frame 2771: 38760 us total, 11470 us display, type 3
frame 2772: 34811 us total, 11625 us display, type 3
frame 2773: 39227 us total, 11484 us display, type 3
frame 2774: 28817 us total, 11454 us display, type 3
frame 2775: 36285 us total, 11462 us display, type 3
frame 2776: 35495 us total, 11763 us display, type 3
frame 2777: 38294 us total, 11464 us display, type 3
frame 2778: 39134 us total, 11470 us display, type 3
frame 2779: 37648 us total, 11468 us display, type 3
frame 2780: 37199 us total, 11474 us display, type 3
frame 2781: 38523 us total, 11486 us display, type 3
frame 2782: 39813 us total, 11472 us display, type 3
frame 2783: 38428 us total, 11488 us display, type 3
frame 2784: 29860 us total, 11953 us display, type 3
frame 2785: 38064 us total, 11458 us display, type 3
frame 2786: 37834 us total, 11465 us display, type 3
frame 2787: 37246 us total, 11499 us display, type 3
frame 2788: 38303 us total, 11458 us display, type 3
frame 2789: 38174 us total, 11480 us display, type 3
frame 2790: 38368 us total, 11490 us display, type 3
frame 2791: 38261 us total, 11477 us display, type 3
frame 2792: 38829 us total, 11498 us display, type 3
frame 2793: 39271 us total, 11482 us display, type 3
frame 2794: 38752 us total, 11479 us display, type 3
frame 2795: 27088 us total, 11465 us display, type 3
frame 2796: 37748 us total, 11463 us display, type 3
frame 2797: 37553 us total, 11467 us display, type 3
frame 2798: 37009 us total, 11598 us display, type 3
frame 2799: 35168 us total, 11476 us display, type 3
frame 2800: 36008 us total, 11723 us display, type 3
frame 2801: 36359 us total, 11495 us display, type 3
frame 2802: 41749 us total, 11489 us display, type 3
frame 2803: 27106 us total, 11495 us display, type 3
frame 2804: 38166 us total, 11471 us display, type 3
frame 2805: 37993 us total, 11476 us display, type 3
frame 2806: 37592 us total, 11462 us display, type 3
frame 2807: 36670 us total, 11630 us display, type 3
frame 2808: 38503 us total, 11485 us display, type 3
frame 2809: 38593 us total, 11481 us display, type 3
frame 2810: 37669 us total, 11584 us display, type 3
frame 2811: 37944 us total, 11498 us display, type 3
frame 2812: 38675 us total, 11482 us display, type 3
frame 2813: 28244 us total, 11463 us display, type 3
frame 2814: 36692 us total, 11458 us display, type 3
frame 2815: 37705 us total, 11648 us display, type 3
profile (avg of 128 frames, ms): logic+bsp 8.3 wait-fb 0.0 vp-mark 1.0 flats 5.3 columns 10.2 fuzz 0.4
frame 2816: 39614 us total, 11459 us display, type 3
audio: 82 underruns, 20 ms queued
mem @frame 2816: heap free 37728, largest 14592, min ever 37528, zone free 39660, display stack free 4380, uptime 92 s, gamestate 0, demo 1, usergame 0, tic 3171
frame 2817: 38229 us total, 11459 us display, type 3
frame 2818: 37537 us total, 11476 us display, type 3
frame 2819: 38852 us total, 11692 us display, type 3
frame 2820: 38373 us total, 11492 us display, type 3
frame 2821: 37893 us total, 11483 us display, type 3
frame 2822: 28215 us total, 11473 us display, type 3
frame 2823: 39011 us total, 11469 us display, type 3
frame 2824: 37109 us total, 11455 us display, type 3
frame 2825: 36824 us total, 11548 us display, type 3
frame 2826: 34925 us total, 11484 us display, type 3
frame 2827: 35343 us total, 11472 us display, type 3
frame 2828: 35661 us total, 11487 us display, type 3
frame 2829: 26329 us total, 11457 us display, type 3
frame 2830: 35359 us total, 11484 us display, type 3
frame 2831: 40378 us total, 11464 us display, type 3
frame 2832: 36844 us total, 11469 us display, type 3
frame 2833: 36738 us total, 11470 us display, type 3
frame 2834: 38295 us total, 11477 us display, type 3
frame 2835: 36825 us total, 11473 us display, type 3
frame 2836: 38624 us total, 11483 us display, type 3
frame 2837: 38147 us total, 11480 us display, type 3
frame 2838: 28842 us total, 11457 us display, type 3
frame 2839: 38158 us total, 11459 us display, type 3
frame 2840: 38431 us total, 11470 us display, type 3
frame 2841: 38627 us total, 11461 us display, type 3
frame 2842: 38988 us total, 11459 us display, type 3
frame 2843: 39990 us total, 11466 us display, type 3
frame 2844: 41242 us total, 11596 us display, type 3
frame 2845: 40762 us total, 11472 us display, type 3
frame 2846: 41727 us total, 11459 us display, type 3
frame 2847: 40626 us total, 11477 us display, type 3
frame 2848: 41362 us total, 11471 us display, type 3
frame 2849: 41489 us total, 11491 us display, type 3
frame 2850: 39387 us total, 11460 us display, type 3
frame 2851: 39981 us total, 11575 us display, type 3
frame 2852: 37119 us total, 11604 us display, type 3
frame 2853: 36709 us total, 11492 us display, type 3
frame 2854: 36262 us total, 11475 us display, type 3
frame 2855: 26566 us total, 11456 us display, type 3
frame 2856: 36769 us total, 11564 us display, type 3
frame 2857: 36033 us total, 11458 us display, type 3
frame 2858: 36894 us total, 11480 us display, type 3
frame 2859: 41257 us total, 11469 us display, type 3
frame 2860: 37836 us total, 11469 us display, type 3
frame 2861: 37997 us total, 11483 us display, type 3
frame 2862: 39868 us total, 11477 us display, type 3
frame 2863: 36798 us total, 11473 us display, type 3
frame 2864: 27742 us total, 11529 us display, type 3
frame 2865: 37663 us total, 11460 us display, type 3
frame 2866: 38172 us total, 11683 us display, type 3
frame 2867: 36671 us total, 11454 us display, type 3
frame 2868: 37207 us total, 11468 us display, type 3
frame 2869: 39025 us total, 11469 us display, type 3
frame 2870: 38158 us total, 11481 us display, type 3
frame 2871: 37895 us total, 11472 us display, type 3
frame 2872: 38951 us total, 11472 us display, type 3
frame 2873: 37441 us total, 11466 us display, type 3
frame 2874: 27508 us total, 11460 us display, type 3
frame 2875: 38157 us total, 11467 us display, type 3
frame 2876: 38732 us total, 11457 us display, type 3
frame 2877: 36996 us total, 11461 us display, type 3
frame 2878: 36751 us total, 11476 us display, type 3
frame 2879: 37779 us total, 11478 us display, type 3
frame 2880: 35768 us total, 11481 us display, type 3
frame 2881: 35639 us total, 11562 us display, type 3
frame 2882: 24936 us total, 11454 us display, type 3
frame 2883: 31732 us total, 11466 us display, type 3
frame 2884: 30907 us total, 11476 us display, type 3
frame 2885: 21146 us total, 11453 us display, type 3
frame 2886: 35747 us total, 11469 us display, type 3
frame 2887: 29097 us total, 11482 us display, type 3
frame 2888: 29126 us total, 11466 us display, type 3
frame 2889: 20015 us total, 11454 us display, type 3
frame 2890: 34874 us total, 11468 us display, type 3
frame 2891: 31338 us total, 11466 us display, type 3
frame 2892: 20164 us total, 11448 us display, type 3
frame 2893: 34162 us total, 11469 us display, type 3
frame 2894: 29706 us total, 11468 us display, type 3
frame 2895: 20463 us total, 11455 us display, type 3
frame 2896: 35586 us total, 11454 us display, type 3
frame 2897: 30065 us total, 11466 us display, type 3
frame 2898: 20272 us total, 11453 us display, type 3
frame 2899: 34747 us total, 11455 us display, type 3
frame 2900: 31272 us total, 11472 us display, type 3
frame 2901: 29425 us total, 11464 us display, type 3
frame 2902: 19875 us total, 11440 us display, type 3
frame 2903: 32713 us total, 11471 us display, type 3
frame 2904: 30357 us total, 11464 us display, type 3
frame 2905: 19535 us total, 11434 us display, type 3
frame 2906: 33881 us total, 11471 us display, type 3
frame 2907: 31297 us total, 11469 us display, type 3
frame 2908: 18845 us total, 11419 us display, type 3
frame 2909: 34948 us total, 11459 us display, type 3
frame 2910: 31407 us total, 11480 us display, type 3
frame 2911: 19699 us total, 11488 us display, type 3
frame 2912: 33736 us total, 11453 us display, type 3
frame 2913: 30306 us total, 11463 us display, type 3
frame 2914: 19518 us total, 11442 us display, type 3
frame 2915: 36543 us total, 11461 us display, type 3
frame 2916: 32352 us total, 11467 us display, type 3
frame 2917: 29072 us total, 11459 us display, type 3
frame 2918: 20376 us total, 11446 us display, type 3
frame 2919: 34534 us total, 11456 us display, type 3
frame 2920: 30188 us total, 11462 us display, type 3
frame 2921: 21551 us total, 11451 us display, type 3
frame 2922: 34301 us total, 11454 us display, type 3
frame 2923: 30110 us total, 11462 us display, type 3
frame 2924: 20635 us total, 11588 us display, type 3
frame 2925: 34252 us total, 11454 us display, type 3
frame 2926: 30977 us total, 11468 us display, type 3
frame 2927: 29993 us total, 11469 us display, type 3
frame 2928: 20184 us total, 11438 us display, type 3
frame 2929: 34590 us total, 11607 us display, type 3
frame 2930: 31759 us total, 11464 us display, type 3
frame 2931: 21957 us total, 11514 us display, type 3
frame 2932: 36643 us total, 11450 us display, type 3
frame 2933: 31677 us total, 11476 us display, type 3
frame 2934: 31863 us total, 11472 us display, type 3
frame 2935: 23388 us total, 11456 us display, type 3
frame 2936: 33067 us total, 11472 us display, type 3
frame 2937: 32226 us total, 11470 us display, type 3
frame 2938: 33019 us total, 11498 us display, type 3
frame 2939: 24495 us total, 11454 us display, type 3
frame 2940: 35891 us total, 11463 us display, type 3
frame 2941: 35257 us total, 11464 us display, type 3
frame 2942: 33373 us total, 11583 us display, type 3
frame 2943: 25067 us total, 11457 us display, type 3
profile (avg of 128 frames, ms): logic+bsp 8.0 wait-fb 0.0 vp-mark 0.9 flats 3.7 columns 9.9 fuzz 0.0
frame 2944: 36739 us total, 11459 us display, type 3
frame 2945: 32466 us total, 11473 us display, type 3
frame 2946: 32823 us total, 11467 us display, type 3
frame 2947: 31924 us total, 11470 us display, type 3
frame 2948: 22488 us total, 11457 us display, type 3
frame 2949: 31829 us total, 11470 us display, type 3
frame 2950: 30909 us total, 11484 us display, type 3
frame 2951: 25660 us total, 11762 us display, type 3
frame 2952: 37388 us total, 11465 us display, type 3
frame 2953: 38284 us total, 11468 us display, type 3
frame 2954: 39226 us total, 11458 us display, type 3
frame 2955: 37628 us total, 11736 us display, type 3
frame 2956: 38709 us total, 11474 us display, type 3
frame 2957: 39439 us total, 11472 us display, type 3
frame 2958: 39667 us total, 11484 us display, type 3
frame 2959: 38812 us total, 11474 us display, type 3
frame 2960: 39032 us total, 11474 us display, type 3
frame 2961: 38488 us total, 11477 us display, type 3
frame 2962: 30480 us total, 11458 us display, type 3
frame 2963: 38535 us total, 11459 us display, type 3
frame 2964: 37482 us total, 11459 us display, type 3
frame 2965: 38597 us total, 11456 us display, type 3
frame 2966: 38483 us total, 11458 us display, type 3
frame 2967: 37027 us total, 11471 us display, type 3
frame 2968: 37151 us total, 11478 us display, type 3
frame 2969: 37569 us total, 11545 us display, type 3
frame 2970: 36924 us total, 11780 us display, type 3
frame 2971: 38151 us total, 11481 us display, type 3
frame 2972: 28473 us total, 11475 us display, type 3
frame 2973: 39665 us total, 11460 us display, type 3
frame 2974: 37528 us total, 11452 us display, type 3
frame 2975: 36949 us total, 11469 us display, type 3
frame 2976: 38478 us total, 11456 us display, type 3
frame 2977: 37666 us total, 11472 us display, type 3
frame 2978: 37175 us total, 11467 us display, type 3
frame 2979: 37918 us total, 11607 us display, type 3
frame 2980: 39864 us total, 11467 us display, type 3
frame 2981: 39583 us total, 11477 us display, type 3
frame 2982: 41003 us total, 11478 us display, type 3
frame 2983: 30493 us total, 11453 us display, type 3
frame 2984: 40157 us total, 11466 us display, type 3
frame 2985: 41595 us total, 11457 us display, type 3
frame 2986: 39318 us total, 11451 us display, type 3
frame 2987: 39501 us total, 11467 us display, type 3
frame 2988: 40484 us total, 11467 us display, type 3
frame 2989: 40332 us total, 11463 us display, type 3
frame 2990: 41369 us total, 11459 us display, type 3
frame 2991: 42363 us total, 11459 us display, type 3
frame 2992: 42546 us total, 11468 us display, type 3
frame 2993: 43349 us total, 11452 us display, type 3
frame 2994: 52911 us total, 11483 us display, type 3
frame 2995: 44364 us total, 11477 us display, type 3
frame 2996: 43481 us total, 11469 us display, type 3
frame 2997: 41561 us total, 11482 us display, type 3
frame 2998: 39173 us total, 11570 us display, type 3
frame 2999: 37712 us total, 11482 us display, type 3
frame 3000: 37693 us total, 11489 us display, type 3
frame 3001: 38936 us total, 11491 us display, type 3
frame 3002: 31066 us total, 11457 us display, type 3
frame 3003: 39997 us total, 11461 us display, type 3
frame 3004: 38136 us total, 11456 us display, type 3
frame 3005: 35706 us total, 11457 us display, type 3
frame 3006: 35988 us total, 11468 us display, type 3
frame 3007: 35967 us total, 11471 us display, type 3
frame 3008: 34918 us total, 11755 us display, type 3
frame 3009: 28424 us total, 11457 us display, type 3
frame 3010: 36284 us total, 11455 us display, type 3
frame 3011: 35783 us total, 11465 us display, type 3
frame 3012: 36379 us total, 11473 us display, type 3
frame 3013: 36274 us total, 11755 us display, type 3
frame 3014: 35523 us total, 11480 us display, type 3
frame 3015: 35379 us total, 11483 us display, type 3
frame 3016: 28639 us total, 11463 us display, type 3
frame 3017: 36855 us total, 11452 us display, type 3
frame 3018: 35770 us total, 11459 us display, type 3
frame 3019: 35268 us total, 11468 us display, type 3
frame 3020: 35993 us total, 11489 us display, type 3
frame 3021: 35926 us total, 11487 us display, type 3
frame 3022: 27528 us total, 11465 us display, type 3
frame 3023: 34618 us total, 11457 us display, type 3
frame 3024: 35140 us total, 11464 us display, type 3
frame 3025: 35949 us total, 11470 us display, type 3
frame 3026: 36597 us total, 11469 us display, type 3
frame 3027: 35364 us total, 11470 us display, type 3
frame 3028: 26758 us total, 11453 us display, type 3
frame 3029: 36407 us total, 11464 us display, type 3
frame 3030: 35582 us total, 11465 us display, type 3
frame 3031: 36614 us total, 11479 us display, type 3
frame 3032: 37513 us total, 11608 us display, type 3
frame 3033: 37369 us total, 11860 us display, type 3
input: down 0x00040
frame 3034: 39222 us total, 11469 us display, type 3
frame 3035: 29009 us total, 11453 us display, type 3
frame 3036: 36771 us total, 11459 us display, type 3
frame 3037: 36089 us total, 11465 us display, type 3
frame 3038: 37894 us total, 11470 us display, type 3
frame 3039: 38178 us total, 11466 us display, type 3
frame 3040: 40435 us total, 11457 us display, type 3
frame 3041: 38991 us total, 11465 us display, type 3
frame 3042: 41117 us total, 11703 us display, type 3
frame 3043: 39876 us total, 11564 us display, type 3
frame 3044: 40071 us total, 11468 us display, type 3
frame 3045: 39928 us total, 11473 us display, type 3
frame 3046: 39693 us total, 11470 us display, type 3
frame 3047: 40438 us total, 11467 us display, type 3
frame 3048: 38973 us total, 11486 us display, type 3
frame 3049: 40580 us total, 11473 us display, type 3
frame 3050: 28532 us total, 11451 us display, type 3
frame 3051: 37518 us total, 11468 us display, type 3
frame 3052: 38448 us total, 11458 us display, type 3
frame 3053: 39008 us total, 11480 us display, type 3
frame 3054: 38636 us total, 11461 us display, type 3
frame 3055: 38398 us total, 11576 us display, type 3
frame 3056: 38971 us total, 11449 us display, type 3
frame 3057: 37815 us total, 11600 us display, type 3
frame 3058: 39042 us total, 11780 us display, type 3
frame 3059: 39034 us total, 11476 us display, type 3
frame 3060: 38282 us total, 11485 us display, type 3
frame 3061: 38303 us total, 11469 us display, type 3
frame 3062: 29191 us total, 11453 us display, type 3
frame 3063: 35687 us total, 11462 us display, type 3
frame 3064: 37145 us total, 11455 us display, type 3
frame 3065: 36874 us total, 11462 us display, type 3
frame 3066: 38834 us total, 11460 us display, type 3
frame 3067: 35187 us total, 11473 us display, type 3
frame 3068: 38760 us total, 11498 us display, type 3
frame 3069: 37992 us total, 11568 us display, type 3
frame 3070: 37302 us total, 11467 us display, type 3
frame 3071: 27348 us total, 11458 us display, type 3
profile (avg of 128 frames, ms): logic+bsp 8.9 wait-fb 0.0 vp-mark 1.5 flats 6.2 columns 11.4 fuzz 0.1
frame 3072: 39641 us total, 11465 us display, type 3
audio: 82 underruns, 20 ms queued
mem @frame 3072: heap free 37664, largest 14592, min ever 37528, zone free 39772, display stack free 4380, uptime 101 s, gamestate 0, demo 1, usergame 0, tic 3486
frame 3073: 39787 us total, 11467 us display, type 3
frame 3074: 38070 us total, 11458 us display, type 3
frame 3075: 37087 us total, 11458 us display, type 3
frame 3076: 37716 us total, 11469 us display, type 3
frame 3077: 37476 us total, 11529 us display, type 3
frame 3078: 38987 us total, 11479 us display, type 3
frame 3079: 37929 us total, 11473 us display, type 3
frame 3080: 38657 us total, 11471 us display, type 3
frame 3081: 28165 us total, 11462 us display, type 3
frame 3082: 36890 us total, 11462 us display, type 3
frame 3083: 36080 us total, 11463 us display, type 3
frame 3084: 36966 us total, 11466 us display, type 3
frame 3085: 37699 us total, 11463 us display, type 3
frame 3086: 37460 us total, 11478 us display, type 3
frame 3087: 39581 us total, 11466 us display, type 3
frame 3088: 37480 us total, 11474 us display, type 3
frame 3089: 37955 us total, 11477 us display, type 3
frame 3090: 29291 us total, 11463 us display, type 3
frame 3091: 39216 us total, 11461 us display, type 3
frame 3092: 39056 us total, 11459 us display, type 3
frame 3093: 38610 us total, 11455 us display, type 3
frame 3094: 37940 us total, 11454 us display, type 3
frame 3095: 38325 us total, 11475 us display, type 3
frame 3096: 44101 us total, 11459 us display, type 3
frame 3097: 41175 us total, 11469 us display, type 3
frame 3098: 42280 us total, 11465 us display, type 3
frame 3099: 41272 us total, 11455 us display, type 3
frame 3100: 40771 us total, 11455 us display, type 3
frame 3101: 40766 us total, 11464 us display, type 3
frame 3102: 42186 us total, 11467 us display, type 3
frame 3103: 41392 us total, 11456 us display, type 3
frame 3104: 41387 us total, 11469 us display, type 3
frame 3105: 41831 us total, 11456 us display, type 3
frame 3106: 41918 us total, 11462 us display, type 3
frame 3107: 42447 us total, 11452 us display, type 3
frame 3108: 39862 us total, 11477 us display, type 3
frame 3109: 41398 us total, 11453 us display, type 3
frame 3110: 40332 us total, 11453 us display, type 3
frame 3111: 39559 us total, 11458 us display, type 3
input: down 0x00010
frame 3112: 40284 us total, 11454 us display, type 3
frame 3113: 40390 us total, 11469 us display, type 3
frame 3114: 40362 us total, 11477 us display, type 3
frame 3115: 39351 us total, 11537 us display, type 3
frame 3116: 41302 us total, 11475 us display, type 3
frame 3117: 39936 us total, 11461 us display, type 3
frame 3118: 37772 us total, 11591 us display, type 3
frame 3119: 40119 us total, 11474 us display, type 3
frame 3120: 37778 us total, 11493 us display, type 3
frame 3121: 37246 us total, 11488 us display, type 3
frame 3122: 38115 us total, 11497 us display, type 3
frame 3123: 28371 us total, 11459 us display, type 3
frame 3124: 37629 us total, 11465 us display, type 3
frame 3125: 38125 us total, 11466 us display, type 3
frame 3126: 38003 us total, 11465 us display, type 3
frame 3127: 37049 us total, 11457 us display, type 3
frame 3128: 37219 us total, 11469 us display, type 3
frame 3129: 38616 us total, 11487 us display, type 3
frame 3130: 38072 us total, 11703 us display, type 3
frame 3131: 38650 us total, 11486 us display, type 3
frame 3132: 39094 us total, 11479 us display, type 3
frame 3133: 28839 us total, 11569 us display, type 3
frame 3134: 37060 us total, 11466 us display, type 3
frame 3135: 36322 us total, 11474 us display, type 3
frame 3136: 36594 us total, 11458 us display, type 3
frame 3137: 37274 us total, 11474 us display, type 3
frame 3138: 35413 us total, 11472 us display, type 3
frame 3139: 36617 us total, 11494 us display, type 3
frame 3140: 38235 us total, 11469 us display, type 3
frame 3141: 28500 us total, 11454 us display, type 3
frame 3142: 36253 us total, 11459 us display, type 3
frame 3143: 36590 us total, 11467 us display, type 3
frame 3144: 40066 us total, 11572 us display, type 3
frame 3145: 38359 us total, 11788 us display, type 3
frame 3146: 37591 us total, 11684 us display, type 3
frame 3147: 39107 us total, 11472 us display, type 3
frame 3148: 37380 us total, 11481 us display, type 3
frame 3149: 37958 us total, 11481 us display, type 3
frame 3150: 29952 us total, 11477 us display, type 3
frame 3151: 39304 us total, 11449 us display, type 3
frame 3152: 37024 us total, 11456 us display, type 3
frame 3153: 37434 us total, 11468 us display, type 3
frame 3154: 38167 us total, 11459 us display, type 3
frame 3155: 37427 us total, 11477 us display, type 3
frame 3156: 38508 us total, 11584 us display, type 3
frame 3157: 38791 us total, 11477 us display, type 3
frame 3158: 37165 us total, 11475 us display, type 3
frame 3159: 38174 us total, 11483 us display, type 3
frame 3160: 28657 us total, 11606 us display, type 3
frame 3161: 36569 us total, 11454 us display, type 3
frame 3162: 37509 us total, 11455 us display, type 3
frame 3163: 37001 us total, 11460 us display, type 3
frame 3164: 37220 us total, 11472 us display, type 3
frame 3165: 36768 us total, 11477 us display, type 3
frame 3166: 39771 us total, 11472 us display, type 3
frame 3167: 37234 us total, 11479 us display, type 3
frame 3168: 37408 us total, 11477 us display, type 3
frame 3169: 26893 us total, 11460 us display, type 3
frame 3170: 36426 us total, 11452 us display, type 3
frame 3171: 36547 us total, 11595 us display, type 3
frame 3172: 37439 us total, 11463 us display, type 3
frame 3173: 36512 us total, 11476 us display, type 3
frame 3174: 36819 us total, 11603 us display, type 3
frame 3175: 38610 us total, 11730 us display, type 3
frame 3176: 28591 us total, 11463 us display, type 3
frame 3177: 36816 us total, 11466 us display, type 3
frame 3178: 37016 us total, 11455 us display, type 3
frame 3179: 37796 us total, 11460 us display, type 3
frame 3180: 39034 us total, 11450 us display, type 3
frame 3181: 38318 us total, 11473 us display, type 3
frame 3182: 37536 us total, 11478 us display, type 3
frame 3183: 38348 us total, 11474 us display, type 3
frame 3184: 37128 us total, 11475 us display, type 3
frame 3185: 26681 us total, 11462 us display, type 3
frame 3186: 37301 us total, 11459 us display, type 3
frame 3187: 37985 us total, 11458 us display, type 3
frame 3188: 36283 us total, 11465 us display, type 3
frame 3189: 35543 us total, 11467 us display, type 3
frame 3190: 36385 us total, 11483 us display, type 3
frame 3191: 36588 us total, 11468 us display, type 3
frame 3192: 25504 us total, 11559 us display, type 3
frame 3193: 33735 us total, 11460 us display, type 3
input: down 0x00010
frame 3194: 35497 us total, 11459 us display, type 3
frame 3195: 32873 us total, 11470 us display, type 3
frame 3196: 32074 us total, 11457 us display, type 3
frame 3197: 22847 us total, 11451 us display, type 3
frame 3198: 34422 us total, 11468 us display, type 3
frame 3199: 32641 us total, 11617 us display, type 3
profile (avg of 128 frames, ms): logic+bsp 7.2 wait-fb 0.0 vp-mark 1.5 flats 5.7 columns 11.6 fuzz 0.0
frame 3200: 21159 us total, 11453 us display, type 3
frame 3201: 32843 us total, 11457 us display, type 3
frame 3202: 30049 us total, 11474 us display, type 3
frame 3203: 19623 us total, 11464 us display, type 3
frame 3204: 33100 us total, 11467 us display, type 3
frame 3205: 28844 us total, 11473 us display, type 3
frame 3206: 18215 us total, 11448 us display, type 3
frame 3207: 33646 us total, 11465 us display, type 3
frame 3208: 32164 us total, 11480 us display, type 3
frame 3209: 18543 us total, 11441 us display, type 3
frame 3210: 34835 us total, 11468 us display, type 3
frame 3211: 30750 us total, 11483 us display, type 3
frame 3212: 18848 us total, 11447 us display, type 3
frame 3213: 36964 us total, 11459 us display, type 3
frame 3214: 30771 us total, 11572 us display, type 3
frame 3215: 29285 us total, 11478 us display, type 3
frame 3216: 17782 us total, 11429 us display, type 3
frame 3217: 39612 us total, 11469 us display, type 3
frame 3218: 32958 us total, 11474 us display, type 3
frame 3219: 34663 us total, 11493 us display, type 3
frame 3220: 25234 us total, 11471 us display, type 3
frame 3221: 43681 us total, 11457 us display, type 3
frame 3222: 57705 us total, 11483 us display, type 3
frame 3223: 50130 us total, 11477 us display, type 3
frame 3224: 49865 us total, 11468 us display, type 3
frame 3225: 48630 us total, 11471 us display, type 3
frame 3226: 58020 us total, 11511 us display, type 3
frame 3227: 49560 us total, 11459 us display, type 3
frame 3228: 47563 us total, 11479 us display, type 3
frame 3229: 49513 us total, 11472 us display, type 3
frame 3230: 61082 us total, 11486 us display, type 3
frame 3231: 49868 us total, 11488 us display, type 3
frame 3232: 51861 us total, 11459 us display, type 3
frame 3233: 60792 us total, 11487 us display, type 3
frame 3234: 50635 us total, 11478 us display, type 3
frame 3235: 50268 us total, 11477 us display, type 3
frame 3236: 50934 us total, 11474 us display, type 3
frame 3237: 63223 us total, 11470 us display, type 3
frame 3238: 49328 us total, 11474 us display, type 3
frame 3239: 49639 us total, 11476 us display, type 3
frame 3240: 59688 us total, 11641 us display, type 3
frame 3241: 53664 us total, 11463 us display, type 3
frame 3242: 50457 us total, 11682 us display, type 3
frame 3243: 64452 us total, 11676 us display, type 3
frame 3244: 52893 us total, 11473 us display, type 3
frame 3245: 52989 us total, 11515 us display, type 3
frame 3246: 63644 us total, 11478 us display, type 3
frame 3247: 53657 us total, 11464 us display, type 3
frame 3248: 62965 us total, 11468 us display, type 3
frame 3249: 51965 us total, 11470 us display, type 3
frame 3250: 54102 us total, 11469 us display, type 3
frame 3251: 61858 us total, 11476 us display, type 3
frame 3252: 52013 us total, 11461 us display, type 3
frame 3253: 51232 us total, 11506 us display, type 3
frame 3254: 60354 us total, 11473 us display, type 3
frame 3255: 50747 us total, 11469 us display, type 3
frame 3256: 50072 us total, 11463 us display, type 3
frame 3257: 61252 us total, 11475 us display, type 3
frame 3258: 49494 us total, 11471 us display, type 3
frame 3259: 48432 us total, 11459 us display, type 3
frame 3260: 49680 us total, 11468 us display, type 3
frame 3261: 60327 us total, 11465 us display, type 3
frame 3262: 49760 us total, 11472 us display, type 3
frame 3263: 48824 us total, 11462 us display, type 3
frame 3264: 47668 us total, 11466 us display, type 3
frame 3265: 58781 us total, 11485 us display, type 3
frame 3266: 49394 us total, 11455 us display, type 3
frame 3267: 47992 us total, 11453 us display, type 3
frame 3268: 46132 us total, 11466 us display, type 3
frame 3269: 54405 us total, 11475 us display, type 3
frame 3270: 46063 us total, 11474 us display, type 3
frame 3271: 47359 us total, 11466 us display, type 3
frame 3272: 45510 us total, 11456 us display, type 3
frame 3273: 45619 us total, 11467 us display, type 3
frame 3274: 47093 us total, 11458 us display, type 3
frame 3275: 45491 us total, 11462 us display, type 3
frame 3276: 58745 us total, 11480 us display, type 3
frame 3277: 51555 us total, 11460 us display, type 3
frame 3278: 53902 us total, 11615 us display, type 3
frame 3279: 57223 us total, 11601 us display, type 3
frame 3280: 46951 us total, 11469 us display, type 3
frame 3281: 43532 us total, 11457 us display, type 3
frame 3282: 45306 us total, 11576 us display, type 3
frame 3283: 45191 us total, 11464 us display, type 3
frame 3284: 44384 us total, 11456 us display, type 3
frame 3285: 44819 us total, 11472 us display, type 3
frame 3286: 53817 us total, 11485 us display, type 3
frame 3287: 44132 us total, 11537 us display, type 3
frame 3288: 43731 us total, 11664 us display, type 3
frame 3289: 43466 us total, 11481 us display, type 3
frame 3290: 43833 us total, 11476 us display, type 3
frame 3291: 44783 us total, 11467 us display, type 3
frame 3292: 43259 us total, 11464 us display, type 3
frame 3293: 42077 us total, 11461 us display, type 3
frame 3294: 42270 us total, 11467 us display, type 3
frame 3295: 43791 us total, 11551 us display, type 3
frame 3296: 43500 us total, 11467 us display, type 3
frame 3297: 42488 us total, 11472 us display, type 3
frame 3298: 42362 us total, 11698 us display, type 3
frame 3299: 41463 us total, 11485 us display, type 3
frame 3300: 43198 us total, 11456 us display, type 3
frame 3301: 40247 us total, 11460 us display, type 3
frame 3302: 41816 us total, 11469 us display, type 3
frame 3303: 43659 us total, 11569 us display, type 3
frame 3304: 53200 us total, 11485 us display, type 3
frame 3305: 41939 us total, 11647 us display, type 3
frame 3306: 43969 us total, 11784 us display, type 3
frame 3307: 42100 us total, 11502 us display, type 3
frame 3308: 43466 us total, 11475 us display, type 3
frame 3309: 41309 us total, 11497 us display, type 3
frame 3310: 42340 us total, 11480 us display, type 3
frame 3311: 40674 us total, 11497 us display, type 3
frame 3312: 40782 us total, 11483 us display, type 3
frame 3313: 40862 us total, 11481 us display, type 3
frame 3314: 41610 us total, 11480 us display, type 3
frame 3315: 43340 us total, 11465 us display, type 3
frame 3316: 43577 us total, 11476 us display, type 3
frame 3317: 41167 us total, 11481 us display, type 3
frame 3318: 41041 us total, 11471 us display, type 3
frame 3319: 42203 us total, 11461 us display, type 3
frame 3320: 42641 us total, 11463 us display, type 3
frame 3321: 43814 us total, 11476 us display, type 3
frame 3322: 42658 us total, 11474 us display, type 3
frame 3323: 43250 us total, 11466 us display, type 3
frame 3324: 42413 us total, 11462 us display, type 3
frame 3325: 44046 us total, 11463 us display, type 3
frame 3326: 45395 us total, 11467 us display, type 3
frame 3327: 60923 us total, 11485 us display, type 3
profile (avg of 128 frames, ms): logic+bsp 11.1 wait-fb 0.0 vp-mark 1.1 flats 5.4 columns 13.5 fuzz 0.0
input: down 0x00001
frame 3328: 49828 us total, 11469 us display, type 3
audio: 82 underruns, 20 ms queued
mem @frame 3328: heap free 37664, largest 14592, min ever 37528, zone free 39948, display stack free 4380, uptime 111 s, gamestate 0, demo 1, usergame 0, tic 3856
frame 3329: 49769 us total, 11470 us display, type 3
frame 3330: 49095 us total, 11459 us display, type 3
frame 3331: 58011 us total, 11477 us display, type 3
frame 3332: 50002 us total, 11507 us display, type 3
frame 3333: 47763 us total, 11473 us display, type 3
input: down 0x00001
frame 3334: 48672 us total, 11467 us display, type 3
frame 3335: 58526 us total, 11481 us display, type 3
frame 3336: 47441 us total, 11458 us display, type 3
frame 3337: 44760 us total, 11658 us display, type 3
frame 3338: 44550 us total, 11463 us display, type 3
frame 3339: 42501 us total, 11468 us display, type 3
frame 3340: 44129 us total, 11467 us display, type 3
frame 3341: 42441 us total, 11464 us display, type 3
frame 3342: 39692 us total, 11563 us display, type 3
frame 3343: 38846 us total, 11477 us display, type 3
frame 3344: 40515 us total, 11459 us display, type 3
frame 3345: 40133 us total, 11463 us display, type 3
frame 3346: 38880 us total, 11472 us display, type 3
frame 3347: 42267 us total, 11466 us display, type 3
frame 3348: 41300 us total, 11466 us display, type 3
frame 3349: 41780 us total, 11757 us display, type 3
frame 3350: 40323 us total, 11746 us display, type 3
input: down 0x00010
frame 3351: 39847 us total, 11461 us display, type 3
frame 3352: 38073 us total, 11479 us display, type 3
frame 3353: 49084 us total, 13332 us display, type 5
frame 3354: 13412 us total, 12833 us display, type 5
frame 3355: 13604 us total, 13114 us display, type 5
frame 3356: 13281 us total, 12828 us display, type 5
frame 3357: 13506 us total, 13003 us display, type 5
frame 3358: 13269 us total, 12827 us display, type 5
frame 3359: 13274 us total, 12811 us display, type 5
frame 3360: 13557 us total, 13138 us display, type 5
frame 3361: 13272 us total, 12804 us display, type 5
frame 3362: 13466 us total, 13057 us display, type 5
frame 3363: 13362 us total, 12779 us display, type 5
frame 3364: 13248 us total, 12824 us display, type 5
frame 3365: 13216 us total, 12756 us display, type 5
frame 3366: 13289 us total, 12858 us display, type 5
frame 3367: 13327 us total, 12894 us display, type 5
frame 3368: 13368 us total, 12933 us display, type 5
frame 3369: 13169 us total, 12706 us display, type 5
frame 3370: 13325 us total, 12869 us display, type 5
frame 3371: 13271 us total, 12694 us display, type 5
frame 3372: 13187 us total, 12718 us display, type 5
frame 3373: 13091 us total, 12653 us display, type 5
frame 3374: 13101 us total, 12629 us display, type 5
frame 3375: 13344 us total, 12909 us display, type 5
frame 3376: 13130 us total, 12606 us display, type 5
frame 3377: 13175 us total, 12754 us display, type 5
frame 3378: 13203 us total, 12728 us display, type 5
frame 3379: 13151 us total, 12692 us display, type 5
frame 3380: 13020 us total, 12543 us display, type 5
frame 3381: 13128 us total, 12700 us display, type 5
frame 3382: 13090 us total, 12672 us display, type 5
frame 3383: 13178 us total, 12710 us display, type 5
frame 3384: 12956 us total, 12495 us display, type 5
frame 3385: 40713 us total, 12656 us display, type 5
frame 3386: 12940 us total, 12452 us display, type 5
frame 3387: 13072 us total, 12632 us display, type 5
frame 3388: 12872 us total, 12440 us display, type 5
frame 3389: 13095 us total, 12459 us display, type 5
frame 3390: 12833 us total, 12405 us display, type 5
frame 3391: 13072 us total, 12605 us display, type 5
frame 3392: 12979 us total, 12508 us display, type 5
frame 3393: 13913 us total, 12382 us display, type 5
frame 3394: 12874 us total, 12340 us display, type 5
frame 3395: 12780 us total, 12345 us display, type 5
frame 3396: 13288 us total, 12845 us display, type 5
frame 3397: 12786 us total, 12307 us display, type 5
frame 3398: 12769 us total, 12287 us display, type 5
frame 3399: 12916 us total, 12472 us display, type 5
frame 3400: 12931 us total, 12466 us display, type 5
frame 3401: 12685 us total, 12260 us display, type 5
frame 3402: 12794 us total, 12333 us display, type 5
frame 3403: 12881 us total, 12438 us display, type 5
frame 3404: 12724 us total, 12268 us display, type 5
frame 3405: 12646 us total, 12216 us display, type 5
frame 3406: 12745 us total, 12314 us display, type 5
frame 3407: 12663 us total, 12202 us display, type 5
frame 3408: 12789 us total, 12381 us display, type 5
frame 3409: 12591 us total, 12190 us display, type 5
frame 3410: 12592 us total, 12178 us display, type 5
frame 3411: 12715 us total, 12298 us display, type 5
frame 3412: 12702 us total, 12285 us display, type 5
frame 3413: 12573 us total, 12169 us display, type 5
frame 3414: 12595 us total, 12159 us display, type 5
frame 3415: 12569 us total, 12159 us display, type 5
frame 3416: 12622 us total, 12193 us display, type 5
frame 3417: 12533 us total, 12156 us display, type 5
input: down 0x00010
frame 3418: 13023 us total, 12336 us display, type 5
frame 3419: 12645 us total, 12236 us display, type 5
frame 3420: 12885 us total, 12297 us display, type 5
frame 3421: 12543 us total, 12165 us display, type 5
frame 3422: 12702 us total, 12318 us display, type 5
frame 3423: 12592 us total, 12160 us display, type 5
frame 3424: 12692 us total, 12300 us display, type 5
frame 3425: 12561 us total, 12164 us display, type 5
frame 3426: 11971 us total, 11413 us display, type 3
frame 3427: 49738 us total, 11444 us display, type 3
frame 3428: 35254 us total, 11460 us display, type 3
frame 3429: 35329 us total, 11549 us display, type 3
frame 3430: 34436 us total, 11472 us display, type 3
frame 3431: 33742 us total, 11461 us display, type 3
frame 3432: 27321 us total, 11543 us display, type 3
frame 3433: 33203 us total, 11456 us display, type 3
frame 3434: 32422 us total, 11460 us display, type 3
frame 3435: 30489 us total, 11460 us display, type 3
frame 3436: 27446 us total, 11470 us display, type 3
frame 3437: 29613 us total, 11467 us display, type 3
frame 3438: 30566 us total, 11462 us display, type 3
frame 3439: 30715 us total, 11468 us display, type 3
frame 3440: 27626 us total, 11526 us display, type 3
frame 3441: 30653 us total, 11467 us display, type 3
frame 3442: 30657 us total, 11647 us display, type 3
frame 3443: 27973 us total, 11469 us display, type 3
frame 3444: 30187 us total, 11469 us display, type 3
frame 3445: 30551 us total, 11460 us display, type 3
frame 3446: 30584 us total, 11461 us display, type 3
frame 3447: 28162 us total, 11657 us display, type 3
frame 3448: 31025 us total, 11470 us display, type 3
frame 3449: 29271 us total, 11468 us display, type 3
frame 3450: 27237 us total, 11473 us display, type 3
frame 3451: 29071 us total, 11468 us display, type 3
frame 3452: 29989 us total, 11481 us display, type 3
frame 3453: 30337 us total, 11464 us display, type 3
frame 3454: 27828 us total, 11459 us display, type 3
frame 3455: 29798 us total, 11468 us display, type 3
profile (avg of 128 frames, ms): logic+bsp 4.3 wait-fb 0.0 vp-mark 1.1 flats 2.6 columns 4.6 fuzz 0.0
frame 3456: 30283 us total, 11460 us display, type 3
frame 3457: 27441 us total, 11644 us display, type 3
frame 3458: 29925 us total, 11461 us display, type 3
frame 3459: 29444 us total, 11477 us display, type 3
frame 3460: 29693 us total, 11460 us display, type 3
frame 3461: 27123 us total, 11469 us display, type 3
frame 3462: 29612 us total, 11469 us display, type 3
frame 3463: 28222 us total, 11466 us display, type 3
frame 3464: 27128 us total, 11459 us display, type 3
frame 3465: 27837 us total, 11459 us display, type 3
frame 3466: 29284 us total, 11471 us display, type 3
frame 3467: 27406 us total, 11474 us display, type 3
frame 3468: 29431 us total, 11519 us display, type 3
frame 3469: 28795 us total, 11460 us display, type 3
frame 3470: 27579 us total, 11460 us display, type 3
frame 3471: 29481 us total, 11468 us display, type 3
frame 3472: 29188 us total, 11460 us display, type 3
frame 3473: 28484 us total, 11463 us display, type 3
frame 3474: 27291 us total, 11465 us display, type 3
frame 3475: 29241 us total, 11472 us display, type 3
frame 3476: 28713 us total, 11469 us display, type 3
frame 3477: 27974 us total, 11466 us display, type 3
frame 3478: 28913 us total, 11466 us display, type 3
frame 3479: 29001 us total, 11461 us display, type 3
frame 3480: 27476 us total, 11482 us display, type 3
frame 3481: 29526 us total, 11460 us display, type 3
frame 3482: 28675 us total, 11478 us display, type 3
frame 3483: 27436 us total, 11463 us display, type 3
frame 3484: 28889 us total, 11463 us display, type 3
frame 3485: 29915 us total, 11470 us display, type 3
frame 3486: 30073 us total, 11459 us display, type 3
frame 3487: 27554 us total, 11475 us display, type 3
frame 3488: 30167 us total, 11461 us display, type 3
frame 3489: 30033 us total, 11462 us display, type 3
frame 3490: 27193 us total, 11458 us display, type 3
frame 3491: 30121 us total, 11463 us display, type 3
frame 3492: 29571 us total, 11467 us display, type 3
frame 3493: 29924 us total, 11468 us display, type 3
frame 3494: 27145 us total, 11455 us display, type 3
frame 3495: 33925 us total, 11473 us display, type 3
frame 3496: 31936 us total, 11466 us display, type 3
frame 3497: 27205 us total, 11453 us display, type 3
frame 3498: 32293 us total, 11554 us display, type 3
frame 3499: 32509 us total, 11469 us display, type 3
frame 3500: 31087 us total, 11464 us display, type 3
frame 3501: 27299 us total, 11455 us display, type 3
frame 3502: 30913 us total, 11455 us display, type 3
frame 3503: 31797 us total, 11477 us display, type 3
frame 3504: 32474 us total, 11460 us display, type 3
frame 3505: 27077 us total, 11459 us display, type 3
frame 3506: 31030 us total, 11468 us display, type 3
frame 3507: 31182 us total, 11475 us display, type 3
frame 3508: 30800 us total, 11633 us display, type 3
frame 3509: 27613 us total, 11466 us display, type 3
frame 3510: 30116 us total, 11461 us display, type 3
frame 3511: 28892 us total, 11459 us display, type 3
frame 3512: 27180 us total, 11467 us display, type 3
frame 3513: 29811 us total, 11471 us display, type 3
frame 3514: 29295 us total, 11469 us display, type 3
frame 3515: 29280 us total, 11466 us display, type 3
frame 3516: 27379 us total, 11469 us display, type 3
frame 3517: 30414 us total, 11462 us display, type 3
frame 3518: 29279 us total, 11469 us display, type 3
frame 3519: 27217 us total, 11478 us display, type 3
frame 3520: 28913 us total, 11472 us display, type 3
frame 3521: 29339 us total, 11459 us display, type 3
frame 3522: 27105 us total, 11468 us display, type 3
frame 3523: 29309 us total, 11465 us display, type 3
frame 3524: 28331 us total, 11475 us display, type 3
frame 3525: 27695 us total, 11472 us display, type 3
frame 3526: 27584 us total, 11472 us display, type 3
frame 3527: 29575 us total, 11466 us display, type 3
frame 3528: 28933 us total, 11471 us display, type 3
frame 3529: 27765 us total, 11673 us display, type 3
frame 3530: 29377 us total, 11471 us display, type 3
frame 3531: 29064 us total, 11474 us display, type 3
frame 3532: 27243 us total, 11459 us display, type 3
frame 3533: 28781 us total, 11575 us display, type 3
frame 3534: 28556 us total, 11466 us display, type 3
frame 3535: 27444 us total, 11466 us display, type 3
frame 3536: 28897 us total, 11512 us display, type 3
frame 3537: 29952 us total, 11470 us display, type 3
frame 3538: 28144 us total, 11460 us display, type 3
frame 3539: 27599 us total, 11461 us display, type 3
frame 3540: 27682 us total, 11466 us display, type 3
frame 3541: 28655 us total, 11476 us display, type 3
frame 3542: 27775 us total, 11470 us display, type 3
frame 3543: 28979 us total, 11466 us display, type 3
frame 3544: 28634 us total, 11459 us display, type 3
frame 3545: 27127 us total, 11463 us display, type 3
frame 3546: 29572 us total, 11463 us display, type 3
frame 3547: 30063 us total, 11466 us display, type 3
frame 3548: 27590 us total, 11458 us display, type 3
frame 3549: 30461 us total, 11462 us display, type 3
frame 3550: 30314 us total, 11461 us display, type 3
frame 3551: 29862 us total, 11459 us display, type 3
frame 3552: 27127 us total, 11460 us display, type 3
frame 3553: 30128 us total, 11463 us display, type 3
frame 3554: 29792 us total, 11465 us display, type 3
frame 3555: 27454 us total, 11470 us display, type 3
frame 3556: 30616 us total, 11465 us display, type 3
frame 3557: 30342 us total, 11470 us display, type 3
input: down 0x00001
frame 3558: 30042 us total, 11481 us display, type 3
frame 3559: 27317 us total, 11463 us display, type 3
frame 3560: 30595 us total, 11478 us display, type 3
frame 3561: 30618 us total, 11468 us display, type 3
frame 3562: 27965 us total, 11763 us display, type 3
frame 3563: 30460 us total, 11475 us display, type 3
frame 3564: 30572 us total, 11469 us display, type 3
frame 3565: 30635 us total, 11723 us display, type 3
frame 3566: 28203 us total, 11461 us display, type 3
frame 3567: 29917 us total, 11461 us display, type 3
frame 3568: 32168 us total, 11467 us display, type 3
input: down 0x00001
frame 3569: 34716 us total, 11478 us display, type 3
frame 3570: 27854 us total, 11458 us display, type 3
frame 3571: 32798 us total, 11453 us display, type 3
frame 3572: 32473 us total, 11465 us display, type 3
frame 3573: 32456 us total, 11471 us display, type 3
frame 3574: 28582 us total, 11456 us display, type 3
frame 3575: 32298 us total, 11456 us display, type 3
frame 3576: 32176 us total, 11461 us display, type 3
frame 3577: 32305 us total, 11470 us display, type 3
frame 3578: 28061 us total, 11453 us display, type 3
frame 3579: 32585 us total, 11462 us display, type 3
frame 3580: 32087 us total, 11463 us display, type 3
frame 3581: 31696 us total, 11461 us display, type 3
frame 3582: 28135 us total, 11467 us display, type 3
frame 3583: 31146 us total, 11465 us display, type 3
profile (avg of 128 frames, ms): logic+bsp 10.2 wait-fb 0.0 vp-mark 3.1 flats 5.1 columns 8.8 fuzz 0.0
frame 3584: 31216 us total, 11470 us display, type 3
audio: 166 underruns, 30 ms queued
mem @frame 3584: heap free 37664, largest 14592, min ever 37528, zone free 55016, display stack free 4380, uptime 118 s, gamestate 0, demo 0, usergame 1, tic 4060
frame 3585: 30255 us total, 11467 us display, type 3
frame 3586: 28963 us total, 11468 us display, type 3
frame 3587: 30731 us total, 11467 us display, type 3
frame 3588: 30245 us total, 11462 us display, type 3
frame 3589: 30307 us total, 11470 us display, type 3
frame 3590: 28259 us total, 11457 us display, type 3
frame 3591: 32177 us total, 11741 us display, type 3
frame 3592: 32063 us total, 11475 us display, type 3
frame 3593: 31142 us total, 11475 us display, type 3
frame 3594: 30134 us total, 11470 us display, type 3
frame 3595: 31983 us total, 11660 us display, type 3
frame 3596: 31204 us total, 11464 us display, type 3
frame 3597: 30865 us total, 11464 us display, type 3
frame 3598: 30264 us total, 11545 us display, type 3
frame 3599: 30448 us total, 11578 us display, type 3
frame 3600: 31997 us total, 11470 us display, type 3
frame 3601: 31059 us total, 11469 us display, type 3
frame 3602: 29850 us total, 11477 us display, type 3
frame 3603: 31437 us total, 11463 us display, type 3
frame 3604: 32710 us total, 11471 us display, type 3
frame 3605: 31652 us total, 11466 us display, type 3
frame 3606: 29653 us total, 11466 us display, type 3
frame 3607: 31229 us total, 11464 us display, type 3
frame 3608: 31708 us total, 11463 us display, type 3
frame 3609: 31218 us total, 11468 us display, type 3
frame 3610: 30212 us total, 11466 us display, type 3
frame 3611: 30098 us total, 11533 us display, type 3
frame 3612: 31182 us total, 11473 us display, type 3
frame 3613: 31692 us total, 11465 us display, type 3
frame 3614: 29989 us total, 11463 us display, type 3
frame 3615: 31265 us total, 11481 us display, type 3
frame 3616: 32096 us total, 11475 us display, type 3
frame 3617: 31781 us total, 11475 us display, type 3
frame 3618: 29674 us total, 11465 us display, type 3
frame 3619: 30908 us total, 11467 us display, type 3
frame 3620: 31263 us total, 11474 us display, type 3
frame 3621: 32007 us total, 11476 us display, type 3
frame 3622: 30362 us total, 11470 us display, type 3
frame 3623: 31886 us total, 11471 us display, type 3
frame 3624: 29951 us total, 11478 us display, type 3
frame 3625: 30027 us total, 11470 us display, type 3
frame 3626: 30067 us total, 11473 us display, type 3
frame 3627: 31224 us total, 11465 us display, type 3
frame 3628: 31233 us total, 11461 us display, type 3
frame 3629: 31037 us total, 11470 us display, type 3
frame 3630: 29939 us total, 11461 us display, type 3
frame 3631: 32286 us total, 11464 us display, type 3
frame 3632: 32069 us total, 11465 us display, type 3
frame 3633: 32461 us total, 11465 us display, type 3
frame 3634: 30097 us total, 11468 us display, type 3
frame 3635: 32497 us total, 11471 us display, type 3
frame 3636: 32082 us total, 11474 us display, type 3
frame 3637: 32595 us total, 11463 us display, type 3
frame 3638: 32183 us total, 11477 us display, type 3
frame 3639: 29758 us total, 11449 us display, type 3
frame 3640: 36268 us total, 11448 us display, type 3
frame 3641: 34711 us total, 11455 us display, type 3
frame 3642: 34776 us total, 11585 us display, type 3
frame 3643: 37538 us total, 14775 us display, type 3
frame 3644: 34284 us total, 11472 us display, type 3
frame 3645: 29708 us total, 11459 us display, type 3
frame 3646: 34161 us total, 12365 us display, type 3
frame 3647: 35558 us total, 11463 us display, type 3
frame 3648: 34766 us total, 11472 us display, type 3
frame 3649: 34092 us total, 11462 us display, type 3
frame 3650: 30446 us total, 11454 us display, type 3
frame 3651: 33313 us total, 11461 us display, type 3
frame 3652: 34158 us total, 11460 us display, type 3
frame 3653: 32322 us total, 11470 us display, type 3
frame 3654: 30566 us total, 11476 us display, type 3
frame 3655: 29978 us total, 11473 us display, type 3
frame 3656: 32155 us total, 11470 us display, type 3
frame 3657: 32150 us total, 11512 us display, type 3
frame 3658: 32923 us total, 11471 us display, type 3
frame 3659: 30166 us total, 11457 us display, type 3
frame 3660: 32082 us total, 11463 us display, type 3
frame 3661: 31846 us total, 11462 us display, type 3
frame 3662: 31388 us total, 11566 us display, type 3
frame 3663: 32457 us total, 11473 us display, type 3
frame 3664: 29599 us total, 11479 us display, type 3
frame 3665: 31472 us total, 11477 us display, type 3
frame 3666: 30517 us total, 11475 us display, type 3
frame 3667: 30319 us total, 11813 us display, type 3
frame 3668: 29920 us total, 11473 us display, type 3
frame 3669: 31597 us total, 11475 us display, type 3
frame 3670: 31164 us total, 11470 us display, type 3
frame 3671: 31044 us total, 11474 us display, type 3
frame 3672: 29653 us total, 11595 us display, type 3
frame 3673: 32009 us total, 11469 us display, type 3
frame 3674: 31515 us total, 11479 us display, type 3
frame 3675: 31799 us total, 11473 us display, type 3
frame 3676: 29757 us total, 11474 us display, type 3
frame 3677: 31984 us total, 11663 us display, type 3
frame 3678: 32607 us total, 11464 us display, type 3
frame 3679: 30946 us total, 11461 us display, type 3
frame 3680: 29582 us total, 11470 us display, type 3
frame 3681: 30988 us total, 11632 us display, type 3
frame 3682: 31455 us total, 11554 us display, type 3
frame 3683: 31002 us total, 11473 us display, type 3
frame 3684: 30223 us total, 11478 us display, type 3
frame 3685: 31710 us total, 11695 us display, type 3
frame 3686: 32258 us total, 11538 us display, type 3
frame 3687: 32996 us total, 11469 us display, type 3
frame 3688: 29485 us total, 11466 us display, type 3
frame 3689: 32377 us total, 11471 us display, type 3
frame 3690: 32512 us total, 11464 us display, type 3
frame 3691: 32029 us total, 11464 us display, type 3
frame 3692: 29947 us total, 11463 us display, type 3
frame 3693: 32807 us total, 11470 us display, type 3
frame 3694: 33161 us total, 11460 us display, type 3
frame 3695: 32128 us total, 11471 us display, type 3
frame 3696: 32041 us total, 11470 us display, type 3
frame 3697: 29797 us total, 11467 us display, type 3
frame 3698: 32332 us total, 11466 us display, type 3
frame 3699: 32922 us total, 11471 us display, type 3
frame 3700: 32010 us total, 11471 us display, type 3
frame 3701: 30079 us total, 11510 us display, type 3
frame 3702: 32522 us total, 11463 us display, type 3
frame 3703: 32757 us total, 11464 us display, type 3
frame 3704: 32428 us total, 11468 us display, type 3
frame 3705: 32400 us total, 11476 us display, type 3
frame 3706: 29615 us total, 11451 us display, type 3
frame 3707: 34162 us total, 11471 us display, type 3
frame 3708: 38731 us total, 11452 us display, type 3
frame 3709: 36531 us total, 11473 us display, type 3
frame 3710: 36369 us total, 11469 us display, type 3
frame 3711: 36605 us total, 11469 us display, type 3
profile (avg of 128 frames, ms): logic+bsp 11.9 wait-fb 0.0 vp-mark 2.5 flats 5.5 columns 9.7 fuzz 0.0
frame 3712: 30473 us total, 11448 us display, type 3
frame 3713: 36656 us total, 11449 us display, type 3
frame 3714: 36113 us total, 11522 us display, type 3
frame 3715: 37102 us total, 11585 us display, type 3
frame 3716: 35831 us total, 11464 us display, type 3
frame 3717: 35044 us total, 11469 us display, type 3
frame 3718: 35488 us total, 11481 us display, type 3
frame 3719: 36076 us total, 11474 us display, type 3
frame 3720: 30098 us total, 11466 us display, type 3
frame 3721: 32534 us total, 11466 us display, type 3
frame 3722: 32329 us total, 11471 us display, type 3
frame 3723: 33033 us total, 11469 us display, type 3
frame 3724: 29506 us total, 11458 us display, type 3
frame 3725: 32872 us total, 11458 us display, type 3
frame 3726: 33306 us total, 11470 us display, type 3
frame 3727: 33970 us total, 11474 us display, type 3
frame 3728: 32553 us total, 11482 us display, type 3
frame 3729: 29624 us total, 11464 us display, type 3
frame 3730: 32179 us total, 11467 us display, type 3
frame 3731: 32334 us total, 11470 us display, type 3
frame 3732: 32528 us total, 11468 us display, type 3
frame 3733: 29795 us total, 11468 us display, type 3
frame 3734: 30252 us total, 11472 us display, type 3
frame 3735: 29876 us total, 11471 us display, type 3
frame 3736: 32096 us total, 11468 us display, type 3
frame 3737: 30263 us total, 11470 us display, type 3
frame 3738: 32856 us total, 11466 us display, type 3
frame 3739: 32635 us total, 11471 us display, type 3
frame 3740: 32648 us total, 11478 us display, type 3
frame 3741: 32259 us total, 11461 us display, type 3
frame 3742: 29663 us total, 11457 us display, type 3
frame 3743: 32527 us total, 11462 us display, type 3
frame 3744: 33137 us total, 11467 us display, type 3
frame 3745: 32512 us total, 11476 us display, type 3
frame 3746: 29860 us total, 11465 us display, type 3
frame 3747: 30157 us total, 11471 us display, type 3
frame 3748: 30854 us total, 11467 us display, type 3
frame 3749: 32356 us total, 11464 us display, type 3
frame 3750: 30264 us total, 11460 us display, type 3
frame 3751: 31846 us total, 11467 us display, type 3
frame 3752: 32043 us total, 11471 us display, type 3
frame 3753: 33404 us total, 11473 us display, type 3
frame 3754: 32483 us total, 11538 us display, type 3
frame 3755: 30861 us total, 11465 us display, type 3
frame 3756: 31999 us total, 11464 us display, type 3
frame 3757: 32748 us total, 11466 us display, type 3
frame 3758: 32271 us total, 11462 us display, type 3
frame 3759: 29616 us total, 11473 us display, type 3
frame 3760: 30809 us total, 11473 us display, type 3
frame 3761: 30810 us total, 11471 us display, type 3
frame 3762: 32068 us total, 11466 us display, type 3
frame 3763: 29744 us total, 11462 us display, type 3
frame 3764: 32196 us total, 11477 us display, type 3
frame 3765: 32256 us total, 11469 us display, type 3
frame 3766: 34180 us total, 11477 us display, type 3
frame 3767: 34501 us total, 11473 us display, type 3
frame 3768: 29726 us total, 11452 us display, type 3
frame 3769: 33796 us total, 11457 us display, type 3
frame 3770: 34540 us total, 11466 us display, type 3
frame 3771: 34104 us total, 11473 us display, type 3
frame 3772: 34367 us total, 11468 us display, type 3
frame 3773: 30170 us total, 11519 us display, type 3
frame 3774: 32995 us total, 11461 us display, type 3
frame 3775: 38089 us total, 11453 us display, type 3
frame 3776: 36220 us total, 11466 us display, type 3
frame 3777: 35452 us total, 11543 us display, type 3
frame 3778: 36668 us total, 11462 us display, type 3
frame 3779: 36265 us total, 11475 us display, type 3
frame 3780: 30066 us total, 11454 us display, type 3
frame 3781: 36287 us total, 11448 us display, type 3
frame 3782: 36577 us total, 11463 us display, type 3
frame 3783: 37467 us total, 11471 us display, type 3
frame 3784: 34733 us total, 11463 us display, type 3
frame 3785: 34785 us total, 11468 us display, type 3
frame 3786: 29717 us total, 11446 us display, type 3
frame 3787: 35051 us total, 11470 us display, type 3
frame 3788: 33565 us total, 11471 us display, type 3
frame 3789: 33544 us total, 11468 us display, type 3
frame 3790: 33234 us total, 11477 us display, type 3
frame 3791: 29734 us total, 11458 us display, type 3
frame 3792: 32671 us total, 11462 us display, type 3
frame 3793: 32957 us total, 11462 us display, type 3
frame 3794: 34051 us total, 11468 us display, type 3
frame 3795: 32802 us total, 11474 us display, type 3
frame 3796: 30378 us total, 11462 us display, type 3
frame 3797: 32158 us total, 11469 us display, type 3
frame 3798: 32868 us total, 11475 us display, type 3
frame 3799: 32561 us total, 11719 us display, type 3
frame 3800: 30907 us total, 11477 us display, type 3
frame 3801: 29615 us total, 11467 us display, type 3
frame 3802: 30626 us total, 11462 us display, type 3
frame 3803: 32037 us total, 11470 us display, type 3
frame 3804: 30005 us total, 11463 us display, type 3
frame 3805: 32281 us total, 11468 us display, type 3
frame 3806: 32684 us total, 11600 us display, type 3
frame 3807: 33768 us total, 11472 us display, type 3
frame 3808: 32051 us total, 11468 us display, type 3
frame 3809: 29870 us total, 11465 us display, type 3
frame 3810: 32064 us total, 11460 us display, type 3
frame 3811: 31920 us total, 11478 us display, type 3
frame 3812: 32609 us total, 11471 us display, type 3
frame 3813: 29650 us total, 11468 us display, type 3
frame 3814: 30140 us total, 11470 us display, type 3
frame 3815: 30613 us total, 11474 us display, type 3
frame 3816: 32669 us total, 11467 us display, type 3
frame 3817: 30122 us total, 11552 us display, type 3
frame 3818: 32292 us total, 11461 us display, type 3
frame 3819: 32051 us total, 11469 us display, type 3
frame 3820: 33391 us total, 11463 us display, type 3
frame 3821: 34114 us total, 11467 us display, type 3
frame 3822: 30479 us total, 11457 us display, type 3
frame 3823: 34637 us total, 11459 us display, type 3
frame 3824: 34421 us total, 11459 us display, type 3
frame 3825: 34276 us total, 11469 us display, type 3
frame 3826: 34351 us total, 11474 us display, type 3
frame 3827: 35173 us total, 11727 us display, type 3
frame 3828: 29858 us total, 11466 us display, type 3
frame 3829: 33926 us total, 11492 us display, type 3
frame 3830: 34202 us total, 11474 us display, type 3
frame 3831: 34491 us total, 11465 us display, type 3
frame 3832: 34408 us total, 11480 us display, type 3
frame 3833: 30514 us total, 11454 us display, type 3
frame 3834: 34245 us total, 11458 us display, type 3
frame 3835: 34463 us total, 11460 us display, type 3
frame 3836: 34475 us total, 11471 us display, type 3
frame 3837: 34136 us total, 11464 us display, type 3
frame 3838: 30315 us total, 11456 us display, type 3
frame 3839: 33767 us total, 11456 us display, type 3
profile (avg of 128 frames, ms): logic+bsp 11.9 wait-fb 0.0 vp-mark 2.5 flats 5.8 columns 9.7 fuzz 0.0
frame 3840: 36509 us total, 11446 us display, type 3
audio: 166 underruns, 20 ms queued
mem @frame 3840: heap free 37696, largest 14592, min ever 37528, zone free 55016, display stack free 4380, uptime 126 s, gamestate 0, demo 0, usergame 1, tic 4349
frame 3841: 38893 us total, 11462 us display, type 3
frame 3842: 35745 us total, 11481 us display, type 3
frame 3843: 34476 us total, 11463 us display, type 3
frame 3844: 34603 us total, 11469 us display, type 3
frame 3845: 29868 us total, 11457 us display, type 3
frame 3846: 35344 us total, 11449 us display, type 3
frame 3847: 35991 us total, 11455 us display, type 3
frame 3848: 36767 us total, 11477 us display, type 3
frame 3849: 37228 us total, 11557 us display, type 3
frame 3850: 36178 us total, 11469 us display, type 3
frame 3851: 35847 us total, 11463 us display, type 3
frame 3852: 29582 us total, 11452 us display, type 3
frame 3853: 34738 us total, 11460 us display, type 3
frame 3854: 33433 us total, 11479 us display, type 3
frame 3855: 32517 us total, 11462 us display, type 3
frame 3856: 33311 us total, 11474 us display, type 3
frame 3857: 29887 us total, 11466 us display, type 3
frame 3858: 33609 us total, 11468 us display, type 3
frame 3859: 32995 us total, 11463 us display, type 3
frame 3860: 34033 us total, 11551 us display, type 3
frame 3861: 32873 us total, 11710 us display, type 3
frame 3862: 30218 us total, 11464 us display, type 3
frame 3863: 31974 us total, 11461 us display, type 3
frame 3864: 33517 us total, 11477 us display, type 3
frame 3865: 32120 us total, 11480 us display, type 3
frame 3866: 29899 us total, 11477 us display, type 3
frame 3867: 31763 us total, 11482 us display, type 3
frame 3868: 30678 us total, 11465 us display, type 3
frame 3869: 32591 us total, 11471 us display, type 3
frame 3870: 29625 us total, 11456 us display, type 3
frame 3871: 31899 us total, 11500 us display, type 3
frame 3872: 32063 us total, 11469 us display, type 3
frame 3873: 33107 us total, 11466 us display, type 3
frame 3874: 32527 us total, 11466 us display, type 3
frame 3875: 29809 us total, 11469 us display, type 3
frame 3876: 32708 us total, 11466 us display, type 3
frame 3877: 32583 us total, 11465 us display, type 3
frame 3878: 32027 us total, 11463 us display, type 3
frame 3879: 29932 us total, 11469 us display, type 3
frame 3880: 30680 us total, 11484 us display, type 3
frame 3881: 30698 us total, 11471 us display, type 3
frame 3882: 32341 us total, 11478 us display, type 3
frame 3883: 30165 us total, 11465 us display, type 3
frame 3884: 32140 us total, 11475 us display, type 3
frame 3885: 32794 us total, 11481 us display, type 3
frame 3886: 33688 us total, 11463 us display, type 3
frame 3887: 31911 us total, 11461 us display, type 3
frame 3888: 29506 us total, 11462 us display, type 3
frame 3889: 32515 us total, 11455 us display, type 3
frame 3890: 33164 us total, 11477 us display, type 3
frame 3891: 32981 us total, 11481 us display, type 3
frame 3892: 30468 us total, 11468 us display, type 3
frame 3893: 29989 us total, 11467 us display, type 3
frame 3894: 31049 us total, 11468 us display, type 3
frame 3895: 32438 us total, 11469 us display, type 3
frame 3896: 29968 us total, 11872 us display, type 3
frame 3897: 32610 us total, 11466 us display, type 3
frame 3898: 32318 us total, 11460 us display, type 3
frame 3899: 33719 us total, 11463 us display, type 3
frame 3900: 33892 us total, 11479 us display, type 3
frame 3901: 30097 us total, 11454 us display, type 3
frame 3902: 34094 us total, 11675 us display, type 3
frame 3903: 35534 us total, 11465 us display, type 3
frame 3904: 34050 us total, 11619 us display, type 3
frame 3905: 33484 us total, 11465 us display, type 3
frame 3906: 29724 us total, 11458 us display, type 3
frame 3907: 33535 us total, 11451 us display, type 3
frame 3908: 38364 us total, 11445 us display, type 3
frame 3909: 36481 us total, 11456 us display, type 3
frame 3910: 36017 us total, 11468 us display, type 3
frame 3911: 37132 us total, 11475 us display, type 3
frame 3912: 36614 us total, 11578 us display, type 3
frame 3913: 30165 us total, 11449 us display, type 3
frame 3914: 36050 us total, 11455 us display, type 3
frame 3915: 36345 us total, 11460 us display, type 3
frame 3916: 36348 us total, 11456 us display, type 3
frame 3917: 37244 us total, 11470 us display, type 3
frame 3918: 35858 us total, 11523 us display, type 3
frame 3919: 36120 us total, 11466 us display, type 3
frame 3920: 30200 us total, 11454 us display, type 3
frame 3921: 33368 us total, 11461 us display, type 3
frame 3922: 32813 us total, 11472 us display, type 3
frame 3923: 33364 us total, 11466 us display, type 3
frame 3924: 32719 us total, 11527 us display, type 3
frame 3925: 30054 us total, 11470 us display, type 3
frame 3926: 33072 us total, 11460 us display, type 3
frame 3927: 33618 us total, 11482 us display, type 3
frame 3928: 34008 us total, 11468 us display, type 3
frame 3929: 32563 us total, 11464 us display, type 3
frame 3930: 29819 us total, 11468 us display, type 3
frame 3931: 33164 us total, 11460 us display, type 3
frame 3932: 32258 us total, 11473 us display, type 3
frame 3933: 30605 us total, 11465 us display, type 3
frame 3934: 29633 us total, 11475 us display, type 3
frame 3935: 30760 us total, 11617 us display, type 3
frame 3936: 32349 us total, 11545 us display, type 3
frame 3937: 33308 us total, 11471 us display, type 3
frame 3938: 29902 us total, 11783 us display, type 3
frame 3939: 30879 us total, 11457 us display, type 3
frame 3940: 34939 us total, 11461 us display, type 3
frame 3941: 35784 us total, 11595 us display, type 3
frame 3942: 35315 us total, 11471 us display, type 3
frame 3943: 34969 us total, 11484 us display, type 3
frame 3944: 29482 us total, 11455 us display, type 3
frame 3945: 35576 us total, 11452 us display, type 3
frame 3946: 35464 us total, 11459 us display, type 3
frame 3947: 34125 us total, 11469 us display, type 3
frame 3948: 36493 us total, 11467 us display, type 3
frame 3949: 36000 us total, 11462 us display, type 3
frame 3950: 29467 us total, 11457 us display, type 3
frame 3951: 34022 us total, 11655 us display, type 3
frame 3952: 36148 us total, 11463 us display, type 3
frame 3953: 36599 us total, 11470 us display, type 3
frame 3954: 35086 us total, 11781 us display, type 3
frame 3955: 35881 us total, 11472 us display, type 3
frame 3956: 29758 us total, 11446 us display, type 3
frame 3957: 35647 us total, 11556 us display, type 3
frame 3958: 35631 us total, 11451 us display, type 3
frame 3959: 34469 us total, 11471 us display, type 3
frame 3960: 36053 us total, 11477 us display, type 3
frame 3961: 36016 us total, 11482 us display, type 3
frame 3962: 34581 us total, 11475 us display, type 3
frame 3963: 29940 us total, 11446 us display, type 3
frame 3964: 35824 us total, 11458 us display, type 3
frame 3965: 37550 us total, 11582 us display, type 3
frame 3966: 34869 us total, 11465 us display, type 3
frame 3967: 35646 us total, 11470 us display, type 3
profile (avg of 128 frames, ms): logic+bsp 12.3 wait-fb 0.0 vp-mark 2.5 flats 5.8 columns 9.7 fuzz 0.0
frame 3968: 36500 us total, 11472 us display, type 3
frame 3969: 29597 us total, 11449 us display, type 3
frame 3970: 35453 us total, 11460 us display, type 3
frame 3971: 34934 us total, 11463 us display, type 3
frame 3972: 35872 us total, 11674 us display, type 3
frame 3973: 33683 us total, 11472 us display, type 3
frame 3974: 33372 us total, 11463 us display, type 3
frame 3975: 29728 us total, 11447 us display, type 3
frame 3976: 34439 us total, 11464 us display, type 3
frame 3977: 34832 us total, 11697 us display, type 3
frame 3978: 34997 us total, 11475 us display, type 3
frame 3979: 38357 us total, 11469 us display, type 3
frame 3980: 36935 us total, 11470 us display, type 3
frame 3981: 29835 us total, 11463 us display, type 3
frame 3982: 35593 us total, 11452 us display, type 3
frame 3983: 35314 us total, 11528 us display, type 3
frame 3984: 34004 us total, 11471 us display, type 3
frame 3985: 32413 us total, 11468 us display, type 3
frame 3986: 31873 us total, 11480 us display, type 3
frame 3987: 30108 us total, 11451 us display, type 3
frame 3988: 35023 us total, 11462 us display, type 3
frame 3989: 35398 us total, 11649 us display, type 3
frame 3990: 35717 us total, 11463 us display, type 3
frame 3991: 37027 us total, 11463 us display, type 3
frame 3992: 29577 us total, 11461 us display, type 3
frame 3993: 35901 us total, 11454 us display, type 3
frame 3994: 35434 us total, 11448 us display, type 3
frame 3995: 36360 us total, 11466 us display, type 3
frame 3996: 37972 us total, 11465 us display, type 3
frame 3997: 34798 us total, 11463 us display, type 3
frame 3998: 34567 us total, 11477 us display, type 3
frame 3999: 30083 us total, 11458 us display, type 3
frame 4000: 35139 us total, 11447 us display, type 3
frame 4001: 35343 us total, 11454 us display, type 3
frame 4002: 35341 us total, 11561 us display, type 3
frame 4003: 37320 us total, 11471 us display, type 3
frame 4004: 37186 us total, 11474 us display, type 3
frame 4005: 37293 us total, 11464 us display, type 3
frame 4006: 29564 us total, 11450 us display, type 3
frame 4007: 36259 us total, 11445 us display, type 3
frame 4008: 35533 us total, 11468 us display, type 3
frame 4009: 33157 us total, 11464 us display, type 3
frame 4010: 33832 us total, 11483 us display, type 3
frame 4011: 35965 us total, 11474 us display, type 3
frame 4012: 30466 us total, 11450 us display, type 3
frame 4013: 35387 us total, 11454 us display, type 3
frame 4014: 35603 us total, 11467 us display, type 3
frame 4015: 36903 us total, 11467 us display, type 3
frame 4016: 34746 us total, 11482 us display, type 3
frame 4017: 35635 us total, 11462 us display, type 3
frame 4018: 29998 us total, 11445 us display, type 3
frame 4019: 35295 us total, 11456 us display, type 3
frame 4020: 35439 us total, 11457 us display, type 3
frame 4021: 34444 us total, 11469 us display, type 3
frame 4022: 33415 us total, 11468 us display, type 3
frame 4023: 36615 us total, 11477 us display, type 3
frame 4024: 30451 us total, 11447 us display, type 3
frame 4025: 35553 us total, 11651 us display, type 3
frame 4026: 35589 us total, 11456 us display, type 3
frame 4027: 39647 us total, 11772 us display, type 3
frame 4028: 39416 us total, 11466 us display, type 3
frame 4029: 38621 us total, 11466 us display, type 3
frame 4030: 38282 us total, 11765 us display, type 3
frame 4031: 37174 us total, 11479 us display, type 3
frame 4032: 37484 us total, 11463 us display, type 3
frame 4033: 34611 us total, 11500 us display, type 3
frame 4034: 30147 us total, 11500 us display, type 3
frame 4035: 35126 us total, 11466 us display, type 3
frame 4036: 33486 us total, 11474 us display, type 3
frame 4037: 33944 us total, 11469 us display, type 3
frame 4038: 35151 us total, 11471 us display, type 3
frame 4039: 29793 us total, 11451 us display, type 3
frame 4040: 34988 us total, 11450 us display, type 3
frame 4041: 35481 us total, 11472 us display, type 3
frame 4042: 37721 us total, 11764 us display, type 3
frame 4043: 38111 us total, 11468 us display, type 3
frame 4044: 36737 us total, 11477 us display, type 3
frame 4045: 36348 us total, 11469 us display, type 3
frame 4046: 30072 us total, 11575 us display, type 3
frame 4047: 34483 us total, 11460 us display, type 3
frame 4048: 33529 us total, 11474 us display, type 3
frame 4049: 32301 us total, 11482 us display, type 3
frame 4050: 36163 us total, 11650 us display, type 3
frame 4051: 35140 us total, 11467 us display, type 3
frame 4052: 30364 us total, 11455 us display, type 3
frame 4053: 35043 us total, 11455 us display, type 3
frame 4054: 37650 us total, 11455 us display, type 3
frame 4055: 36138 us total, 11466 us display, type 3
frame 4056: 35818 us total, 11466 us display, type 3
frame 4057: 36842 us total, 11465 us display, type 3
frame 4058: 36569 us total, 11468 us display, type 3
frame 4059: 29499 us total, 11449 us display, type 3
frame 4060: 34627 us total, 11458 us display, type 3
frame 4061: 34593 us total, 11460 us display, type 3
frame 4062: 35624 us total, 11477 us display, type 3
frame 4063: 35026 us total, 11471 us display, type 3
frame 4064: 34772 us total, 11470 us display, type 3
frame 4065: 29550 us total, 11445 us display, type 3
frame 4066: 37143 us total, 11447 us display, type 3
frame 4067: 36231 us total, 11467 us display, type 3
frame 4068: 37677 us total, 11472 us display, type 3
frame 4069: 36257 us total, 11480 us display, type 3
frame 4070: 34975 us total, 11475 us display, type 3
frame 4071: 33087 us total, 11471 us display, type 3
frame 4072: 30131 us total, 11666 us display, type 3
frame 4073: 32854 us total, 11471 us display, type 3
frame 4074: 36576 us total, 11469 us display, type 3
frame 4075: 35276 us total, 11470 us display, type 3
frame 4076: 35439 us total, 11471 us display, type 3
frame 4077: 30108 us total, 11448 us display, type 3
frame 4078: 36356 us total, 11448 us display, type 3
frame 4079: 36622 us total, 11449 us display, type 3
frame 4080: 37652 us total, 11466 us display, type 3
frame 4081: 38587 us total, 11455 us display, type 3
frame 4082: 38143 us total, 11465 us display, type 3
frame 4083: 39536 us total, 11486 us display, type 3
frame 4084: 39870 us total, 11469 us display, type 3
frame 4085: 38697 us total, 11476 us display, type 3
frame 4086: 38803 us total, 11465 us display, type 3
frame 4087: 37997 us total, 11462 us display, type 3
frame 4088: 29577 us total, 11447 us display, type 3
frame 4089: 39229 us total, 11442 us display, type 3
frame 4090: 38264 us total, 11446 us display, type 3
frame 4091: 38325 us total, 11452 us display, type 3
frame 4092: 38034 us total, 11453 us display, type 3
frame 4093: 37999 us total, 11466 us display, type 3
frame 4094: 37801 us total, 11469 us display, type 3
frame 4095: 38100 us total, 11597 us display, type 3
profile (avg of 128 frames, ms): logic+bsp 12.7 wait-fb 0.0 vp-mark 2.5 flats 6.2 columns 9.8 fuzz 0.0
frame 4096: 37300 us total, 11469 us display, type 3
audio: 166 underruns, 41 ms queued
mem @frame 4096: heap free 37664, largest 14592, min ever 37528, zone free 55016, display stack free 4380, uptime 135 s, gamestate 0, demo 0, usergame 1, tic 4656
frame 4097: 34507 us total, 11463 us display, type 3
frame 4098: 29983 us total, 11458 us display, type 3
frame 4099: 33407 us total, 11452 us display, type 3
frame 4100: 34501 us total, 11468 us display, type 3
frame 4101: 35390 us total, 11476 us display, type 3
frame 4102: 34814 us total, 11469 us display, type 3
frame 4103: 37814 us total, 11666 us display, type 3
frame 4104: 30304 us total, 11451 us display, type 3
frame 4105: 37832 us total, 11450 us display, type 3
frame 4106: 36945 us total, 11448 us display, type 3
frame 4107: 36097 us total, 11463 us display, type 3
frame 4108: 35441 us total, 11471 us display, type 3
frame 4109: 33514 us total, 11516 us display, type 3
frame 4110: 34088 us total, 11476 us display, type 3
frame 4111: 29857 us total, 11447 us display, type 3
frame 4112: 35080 us total, 11452 us display, type 3
frame 4113: 34791 us total, 11464 us display, type 3
frame 4114: 34784 us total, 11465 us display, type 3
frame 4115: 36599 us total, 11479 us display, type 3
frame 4116: 36710 us total, 11469 us display, type 3
frame 4117: 29861 us total, 11453 us display, type 3
frame 4118: 36088 us total, 11560 us display, type 3
frame 4119: 37209 us total, 11468 us display, type 3
frame 4120: 37593 us total, 11464 us display, type 3
frame 4121: 35275 us total, 11543 us display, type 3
frame 4122: 33364 us total, 11476 us display, type 3
frame 4123: 30112 us total, 11450 us display, type 3
frame 4124: 33861 us total, 11457 us display, type 3
frame 4125: 34693 us total, 11607 us display, type 3
frame 4126: 34383 us total, 11463 us display, type 3
frame 4127: 37079 us total, 11467 us display, type 3
frame 4128: 36424 us total, 11472 us display, type 3
frame 4129: 36658 us total, 11470 us display, type 3
frame 4130: 29490 us total, 11453 us display, type 3
frame 4131: 36216 us total, 11461 us display, type 3
frame 4132: 34664 us total, 11457 us display, type 3
frame 4133: 33498 us total, 11600 us display, type 3
frame 4134: 33156 us total, 11474 us display, type 3
frame 4135: 29826 us total, 11457 us display, type 3
frame 4136: 36303 us total, 11447 us display, type 3
frame 4137: 35537 us total, 11463 us display, type 3
frame 4138: 35582 us total, 11463 us display, type 3
frame 4139: 36457 us total, 11470 us display, type 3
frame 4140: 34564 us total, 11599 us display, type 3
frame 4141: 34551 us total, 11469 us display, type 3
frame 4142: 30407 us total, 11448 us display, type 3
frame 4143: 35918 us total, 11618 us display, type 3
frame 4144: 35469 us total, 11475 us display, type 3
frame 4145: 33798 us total, 11463 us display, type 3
frame 4146: 32973 us total, 11467 us display, type 3
frame 4147: 30048 us total, 11448 us display, type 3
frame 4148: 34990 us total, 11445 us display, type 3
frame 4149: 34978 us total, 11461 us display, type 3
frame 4150: 35253 us total, 11473 us display, type 3
frame 4151: 38329 us total, 11469 us display, type 3
frame 4152: 38388 us total, 11464 us display, type 3
frame 4153: 37812 us total, 11468 us display, type 3
frame 4154: 29726 us total, 11442 us display, type 3
frame 4155: 36838 us total, 11461 us display, type 3
frame 4156: 35177 us total, 11450 us display, type 3
frame 4157: 35464 us total, 11458 us display, type 3
frame 4158: 35677 us total, 11473 us display, type 3
frame 4159: 34911 us total, 11468 us display, type 3
frame 4160: 33935 us total, 11826 us display, type 3
frame 4161: 30022 us total, 11457 us display, type 3
frame 4162: 32797 us total, 11464 us display, type 3
frame 4163: 34769 us total, 11494 us display, type 3
frame 4164: 35455 us total, 11465 us display, type 3
frame 4165: 34905 us total, 11468 us display, type 3
frame 4166: 29903 us total, 11445 us display, type 3
frame 4167: 37145 us total, 11445 us display, type 3
frame 4168: 38480 us total, 11443 us display, type 3
frame 4169: 38629 us total, 11449 us display, type 3
frame 4170: 36766 us total, 11458 us display, type 3
frame 4171: 35698 us total, 11479 us display, type 3
frame 4172: 32745 us total, 11463 us display, type 3
frame 4173: 29618 us total, 11470 us display, type 3
frame 4174: 32616 us total, 11458 us display, type 3
frame 4175: 35403 us total, 11457 us display, type 3
frame 4176: 34939 us total, 11469 us display, type 3
frame 4177: 35376 us total, 11466 us display, type 3
frame 4178: 36907 us total, 11463 us display, type 3
frame 4179: 30124 us total, 11644 us display, type 3
frame 4180: 36697 us total, 11454 us display, type 3
frame 4181: 35946 us total, 11447 us display, type 3
frame 4182: 36463 us total, 11468 us display, type 3
frame 4183: 37221 us total, 11473 us display, type 3
frame 4184: 34813 us total, 11737 us display, type 3
frame 4185: 34848 us total, 11470 us display, type 3
frame 4186: 29856 us total, 11453 us display, type 3
frame 4187: 35311 us total, 11445 us display, type 3
frame 4188: 34755 us total, 11463 us display, type 3
frame 4189: 33328 us total, 11465 us display, type 3
frame 4190: 36727 us total, 11467 us display, type 3
frame 4191: 37625 us total, 11468 us display, type 3
frame 4192: 29960 us total, 11446 us display, type 3
frame 4193: 36724 us total, 11459 us display, type 3
frame 4194: 35838 us total, 11459 us display, type 3
frame 4195: 35617 us total, 11459 us display, type 3
frame 4196: 35293 us total, 11463 us display, type 3
frame 4197: 34541 us total, 11474 us display, type 3
frame 4198: 36557 us total, 11475 us display, type 3
frame 4199: 29606 us total, 11448 us display, type 3
frame 4200: 36306 us total, 11447 us display, type 3
frame 4201: 35446 us total, 11472 us display, type 3
frame 4202: 35662 us total, 11469 us display, type 3
frame 4203: 35227 us total, 11471 us display, type 3
frame 4204: 34762 us total, 11471 us display, type 3
frame 4205: 29584 us total, 11450 us display, type 3
frame 4206: 34697 us total, 11463 us display, type 3
frame 4207: 36742 us total, 11462 us display, type 3
frame 4208: 37416 us total, 11459 us display, type 3
frame 4209: 35584 us total, 11658 us display, type 3
frame 4210: 35150 us total, 11472 us display, type 3
frame 4211: 34939 us total, 11463 us display, type 3
frame 4212: 30109 us total, 11458 us display, type 3
frame 4213: 33830 us total, 11445 us display, type 3
frame 4214: 35743 us total, 11475 us display, type 3
frame 4215: 36595 us total, 11478 us display, type 3
frame 4216: 36214 us total, 11468 us display, type 3
frame 4217: 35856 us total, 11465 us display, type 3
frame 4218: 29846 us total, 11454 us display, type 3
frame 4219: 36130 us total, 11448 us display, type 3
frame 4220: 35376 us total, 11455 us display, type 3
frame 4221: 34640 us total, 11464 us display, type 3
frame 4222: 35717 us total, 11478 us display, type 3
frame 4223: 33824 us total, 11475 us display, type 3
profile (avg of 128 frames, ms): logic+bsp 12.2 wait-fb 0.0 vp-mark 2.5 flats 6.1 columns 9.7 fuzz 0.0
frame 4224: 31145 us total, 11466 us display, type 3
frame 4225: 32872 us total, 11461 us display, type 3
frame 4226: 34361 us total, 11521 us display, type 3
frame 4227: 35377 us total, 11464 us display, type 3
frame 4228: 35254 us total, 11570 us display, type 3
frame 4229: 37004 us total, 11469 us display, type 3
frame 4230: 29625 us total, 11450 us display, type 3
frame 4231: 37067 us total, 11539 us display, type 3
frame 4232: 36029 us total, 11730 us display, type 3
frame 4233: 36038 us total, 11463 us display, type 3
frame 4234: 33963 us total, 11464 us display, type 3
frame 4235: 32335 us total, 11713 us display, type 3
frame 4236: 30167 us total, 11466 us display, type 3
frame 4237: 31860 us total, 11458 us display, type 3
frame 4238: 35857 us total, 11468 us display, type 3
frame 4239: 35462 us total, 11472 us display, type 3
frame 4240: 35274 us total, 11466 us display, type 3
frame 4241: 29882 us total, 11453 us display, type 3
frame 4242: 36591 us total, 11454 us display, type 3
frame 4243: 36661 us total, 11448 us display, type 3
frame 4244: 35990 us total, 11462 us display, type 3
frame 4245: 36551 us total, 11477 us display, type 3
frame 4246: 36639 us total, 11470 us display, type 3
frame 4247: 34819 us total, 11465 us display, type 3
frame 4248: 29833 us total, 11454 us display, type 3
frame 4249: 34609 us total, 11577 us display, type 3
frame 4250: 34964 us total, 11453 us display, type 3
frame 4251: 34618 us total, 11467 us display, type 3
frame 4252: 35629 us total, 11463 us display, type 3
frame 4253: 36634 us total, 11460 us display, type 3
frame 4254: 29561 us total, 11537 us display, type 3
frame 4255: 36313 us total, 11455 us display, type 3
frame 4256: 36814 us total, 11450 us display, type 3
frame 4257: 36918 us total, 11581 us display, type 3
frame 4258: 35025 us total, 11461 us display, type 3
frame 4259: 32932 us total, 11462 us display, type 3
frame 4260: 33286 us total, 11497 us display, type 3
frame 4261: 30126 us total, 11449 us display, type 3
frame 4262: 35787 us total, 11451 us display, type 3
frame 4263: 35107 us total, 11469 us display, type 3
frame 4264: 35795 us total, 11468 us display, type 3
frame 4265: 35905 us total, 11468 us display, type 3
frame 4266: 35327 us total, 11475 us display, type 3
frame 4267: 29793 us total, 11453 us display, type 3
frame 4268: 34596 us total, 11455 us display, type 3
frame 4269: 36160 us total, 11459 us display, type 3
frame 4270: 35123 us total, 11465 us display, type 3
frame 4271: 34053 us total, 11515 us display, type 3
frame 4272: 30591 us total, 11468 us display, type 3
frame 4273: 33215 us total, 11459 us display, type 3
frame 4274: 36265 us total, 11452 us display, type 3
frame 4275: 36662 us total, 11456 us display, type 3
frame 4276: 36421 us total, 11465 us display, type 3
frame 4277: 39386 us total, 11471 us display, type 3
frame 4278: 38067 us total, 11467 us display, type 3
frame 4279: 38476 us total, 11575 us display, type 3
frame 4280: 38493 us total, 11482 us display, type 3
frame 4281: 30097 us total, 11463 us display, type 3
frame 4282: 36921 us total, 11454 us display, type 3
frame 4283: 37289 us total, 11452 us display, type 3
frame 4284: 35355 us total, 11682 us display, type 3
frame 4285: 34883 us total, 11602 us display, type 3
frame 4286: 33750 us total, 11463 us display, type 3
frame 4287: 33405 us total, 11473 us display, type 3
frame 4288: 29798 us total, 11457 us display, type 3
frame 4289: 35183 us total, 11457 us display, type 3
frame 4290: 35544 us total, 11467 us display, type 3
frame 4291: 35228 us total, 11461 us display, type 3
frame 4292: 37164 us total, 11470 us display, type 3
frame 4293: 38520 us total, 11476 us display, type 3
frame 4294: 29845 us total, 11460 us display, type 3
frame 4295: 36150 us total, 11578 us display, type 3
frame 4296: 35551 us total, 11461 us display, type 3
frame 4297: 34062 us total, 11492 us display, type 3
frame 4298: 32983 us total, 11470 us display, type 3
frame 4299: 32291 us total, 11469 us display, type 3
frame 4300: 29492 us total, 11466 us display, type 3
frame 4301: 35301 us total, 11454 us display, type 3
frame 4302: 35390 us total, 11470 us display, type 3
frame 4303: 35641 us total, 11603 us display, type 3
frame 4304: 36553 us total, 11540 us display, type 3
frame 4305: 36249 us total, 11468 us display, type 3
frame 4306: 30267 us total, 11467 us display, type 3
frame 4307: 36671 us total, 11451 us display, type 3
frame 4308: 36838 us total, 11460 us display, type 3
frame 4309: 36718 us total, 11453 us display, type 3
frame 4310: 34967 us total, 11475 us display, type 3
frame 4311: 35414 us total, 11465 us display, type 3
frame 4312: 35016 us total, 11465 us display, type 3
frame 4313: 30221 us total, 11536 us display, type 3
frame 4314: 34768 us total, 11729 us display, type 3
frame 4315: 35391 us total, 11470 us display, type 3
frame 4316: 37991 us total, 11479 us display, type 3
frame 4317: 37296 us total, 11768 us display, type 3
frame 4318: 36934 us total, 11484 us display, type 3
frame 4319: 36310 us total, 11465 us display, type 3
frame 4320: 30082 us total, 11450 us display, type 3
frame 4321: 35149 us total, 11556 us display, type 3
frame 4322: 33560 us total, 11460 us display, type 3
frame 4323: 33874 us total, 11501 us display, type 3
frame 4324: 36981 us total, 11475 us display, type 3
frame 4325: 35868 us total, 11472 us display, type 3
frame 4326: 30023 us total, 11457 us display, type 3
frame 4327: 35537 us total, 11447 us display, type 3
frame 4328: 36117 us total, 11456 us display, type 3
frame 4329: 37736 us total, 11469 us display, type 3
frame 4330: 37723 us total, 11474 us display, type 3
frame 4331: 38152 us total, 11467 us display, type 3
frame 4332: 39243 us total, 11470 us display, type 3
frame 4333: 38725 us total, 11462 us display, type 3
frame 4334: 39342 us total, 11470 us display, type 3
frame 4335: 29783 us total, 11444 us display, type 3
frame 4336: 38442 us total, 11442 us display, type 3
frame 4337: 39233 us total, 11452 us display, type 3
frame 4338: 38575 us total, 11448 us display, type 3
frame 4339: 39208 us total, 11446 us display, type 3
frame 4340: 38223 us total, 11463 us display, type 3
frame 4341: 38783 us total, 11458 us display, type 3
frame 4342: 38808 us total, 11466 us display, type 3
frame 4343: 37583 us total, 11476 us display, type 3
frame 4344: 37415 us total, 11472 us display, type 3
frame 4345: 38824 us total, 11470 us display, type 3
frame 4346: 36659 us total, 11589 us display, type 3
frame 4347: 30034 us total, 11474 us display, type 3
frame 4348: 33336 us total, 11454 us display, type 3
frame 4349: 33852 us total, 11717 us display, type 3
frame 4350: 34686 us total, 11471 us display, type 3
frame 4351: 34624 us total, 11468 us display, type 3
profile (avg of 128 frames, ms): logic+bsp 12.4 wait-fb 0.0 vp-mark 2.5 flats 6.5 columns 9.7 fuzz 0.0
frame 4352: 30830 us total, 11488 us display, type 3
audio: 166 underruns, 51 ms queued
mem @frame 4352: heap free 37664, largest 14592, min ever 37528, zone free 55016, display stack free 4380, uptime 144 s, gamestate 0, demo 0, usergame 1, tic 4968
frame 4353: 35964 us total, 11453 us display, type 3
frame 4354: 36982 us total, 11452 us display, type 3
frame 4355: 38502 us total, 11456 us display, type 3
frame 4356: 35780 us total, 11464 us display, type 3
frame 4357: 36856 us total, 11894 us display, type 3
frame 4358: 34492 us total, 11480 us display, type 3
frame 4359: 32888 us total, 11477 us display, type 3
frame 4360: 29693 us total, 11459 us display, type 3
frame 4361: 31927 us total, 11460 us display, type 3
frame 4362: 35102 us total, 11479 us display, type 3
frame 4363: 35054 us total, 11475 us display, type 3
frame 4364: 35083 us total, 11464 us display, type 3
frame 4365: 29689 us total, 11540 us display, type 3
frame 4366: 36625 us total, 11455 us display, type 3
frame 4367: 35790 us total, 11463 us display, type 3
frame 4368: 36432 us total, 11465 us display, type 3
frame 4369: 36965 us total, 11474 us display, type 3
frame 4370: 36487 us total, 11468 us display, type 3
frame 4371: 35489 us total, 11467 us display, type 3
frame 4372: 29875 us total, 11762 us display, type 3
frame 4373: 34253 us total, 11458 us display, type 3
frame 4374: 35679 us total, 11461 us display, type 3
frame 4375: 35206 us total, 11621 us display, type 3
frame 4376: 34813 us total, 11469 us display, type 3
frame 4377: 37618 us total, 11475 us display, type 3
frame 4378: 29754 us total, 11445 us display, type 3
frame 4379: 37208 us total, 11446 us display, type 3
frame 4380: 36362 us total, 11453 us display, type 3
frame 4381: 36484 us total, 11454 us display, type 3
frame 4382: 35311 us total, 11468 us display, type 3
frame 4383: 33430 us total, 11464 us display, type 3
frame 4384: 30077 us total, 11454 us display, type 3
frame 4385: 32574 us total, 11465 us display, type 3
frame 4386: 35528 us total, 11460 us display, type 3
frame 4387: 35862 us total, 11468 us display, type 3
frame 4388: 35992 us total, 11472 us display, type 3
frame 4389: 36254 us total, 11684 us display, type 3
frame 4390: 30124 us total, 11448 us display, type 3
frame 4391: 34678 us total, 11454 us display, type 3
frame 4392: 34865 us total, 11449 us display, type 3
frame 4393: 36343 us total, 11463 us display, type 3
frame 4394: 35455 us total, 11473 us display, type 3
frame 4395: 33601 us total, 11686 us display, type 3
frame 4396: 30266 us total, 11464 us display, type 3
frame 4397: 33330 us total, 11446 us display, type 3
frame 4398: 34893 us total, 11744 us display, type 3
frame 4399: 34947 us total, 11471 us display, type 3
frame 4400: 34621 us total, 11462 us display, type 3
frame 4401: 38502 us total, 11470 us display, type 3
frame 4402: 29739 us total, 11459 us display, type 3
frame 4403: 38584 us total, 11453 us display, type 3
frame 4404: 38009 us total, 11447 us display, type 3
frame 4405: 36870 us total, 11450 us display, type 3
frame 4406: 35345 us total, 11494 us display, type 3
frame 4407: 35235 us total, 11470 us display, type 3
frame 4408: 34245 us total, 11466 us display, type 3
frame 4409: 35172 us total, 11464 us display, type 3
frame 4410: 29660 us total, 11461 us display, type 3
frame 4411: 34319 us total, 11522 us display, type 3
frame 4412: 33623 us total, 11474 us display, type 3
frame 4413: 34711 us total, 11468 us display, type 3
frame 4414: 34811 us total, 11753 us display, type 3
frame 4415: 30219 us total, 11454 us display, type 3
frame 4416: 35017 us total, 11448 us display, type 3
frame 4417: 37006 us total, 11447 us display, type 3
frame 4418: 38225 us total, 11463 us display, type 3
frame 4419: 38335 us total, 11480 us display, type 3
frame 4420: 36782 us total, 11475 us display, type 3
frame 4421: 34270 us total, 11616 us display, type 3
frame 4422: 29871 us total, 11468 us display, type 3
frame 4423: 32051 us total, 11464 us display, type 3
frame 4424: 31264 us total, 11461 us display, type 3
frame 4425: 34643 us total, 11464 us display, type 3
frame 4426: 34825 us total, 11472 us display, type 3
frame 4427: 29762 us total, 11709 us display, type 3
frame 4428: 35377 us total, 11449 us display, type 3
frame 4429: 37084 us total, 11445 us display, type 3
frame 4430: 36739 us total, 11463 us display, type 3
frame 4431: 36375 us total, 11524 us display, type 3
frame 4432: 37055 us total, 11524 us display, type 3
frame 4433: 37987 us total, 11465 us display, type 3
frame 4434: 29535 us total, 11456 us display, type 3
frame 4435: 34365 us total, 11461 us display, type 3
frame 4436: 34595 us total, 11468 us display, type 3
frame 4437: 35234 us total, 11476 us display, type 3
frame 4438: 34865 us total, 11476 us display, type 3
frame 4439: 34223 us total, 11465 us display, type 3
frame 4440: 29549 us total, 11446 us display, type 3
frame 4441: 35392 us total, 11447 us display, type 3
frame 4442: 35977 us total, 11466 us display, type 3
frame 4443: 37339 us total, 11464 us display, type 3
frame 4444: 35946 us total, 11466 us display, type 3
frame 4445: 35452 us total, 11472 us display, type 3
frame 4446: 34948 us total, 11467 us display, type 3
frame 4447: 29813 us total, 11450 us display, type 3
frame 4448: 33835 us total, 11450 us display, type 3
frame 4449: 36169 us total, 11464 us display, type 3
frame 4450: 33928 us total, 11461 us display, type 3
frame 4451: 33188 us total, 11461 us display, type 3
frame 4452: 29630 us total, 11449 us display, type 3
frame 4453: 34131 us total, 11458 us display, type 3
frame 4454: 34226 us total, 11481 us display, type 3
frame 4455: 37361 us total, 11472 us display, type 3
frame 4456: 36317 us total, 11604 us display, type 3
frame 4457: 35162 us total, 11740 us display, type 3
frame 4458: 29960 us total, 11447 us display, type 3
frame 4459: 36264 us total, 11455 us display, type 3
frame 4460: 34207 us total, 11472 us display, type 3
frame 4461: 35537 us total, 11471 us display, type 3
frame 4462: 35200 us total, 11470 us display, type 3
frame 4463: 34853 us total, 11468 us display, type 3
frame 4464: 29809 us total, 11448 us display, type 3
frame 4465: 36346 us total, 11448 us display, type 3
frame 4466: 35174 us total, 11473 us display, type 3
frame 4467: 35656 us total, 11471 us display, type 3
frame 4468: 34583 us total, 11477 us display, type 3
frame 4469: 34236 us total, 11472 us display, type 3
frame 4470: 30395 us total, 11756 us display, type 3
frame 4471: 35598 us total, 11450 us display, type 3
frame 4472: 34256 us total, 11588 us display, type 3
frame 4473: 35965 us total, 11465 us display, type 3
frame 4474: 33336 us total, 11472 us display, type 3
frame 4475: 32912 us total, 11474 us display, type 3
frame 4476: 29765 us total, 11548 us display, type 3
frame 4477: 34572 us total, 11457 us display, type 3
frame 4478: 35031 us total, 11472 us display, type 3
frame 4479: 35150 us total, 11469 us display, type 3
profile (avg of 128 frames, ms): logic+bsp 12.6 wait-fb 0.0 vp-mark 2.5 flats 6.0 columns 9.7 fuzz 0.0
frame 4480: 37588 us total, 11470 us display, type 3
frame 4481: 37467 us total, 11478 us display, type 3
frame 4482: 29804 us total, 11447 us display, type 3
frame 4483: 35846 us total, 11456 us display, type 3
frame 4484: 35366 us total, 11456 us display, type 3
frame 4485: 34408 us total, 11602 us display, type 3
frame 4486: 32390 us total, 11467 us display, type 3
frame 4487: 32698 us total, 11484 us display, type 3
frame 4488: 29680 us total, 11449 us display, type 3
frame 4489: 34826 us total, 11455 us display, type 3
frame 4490: 35497 us total, 11471 us display, type 3
frame 4491: 34903 us total, 11577 us display, type 3
frame 4492: 37110 us total, 11476 us display, type 3
frame 4493: 36442 us total, 11462 us display, type 3
frame 4494: 29913 us total, 11446 us display, type 3
frame 4495: 35653 us total, 11462 us display, type 3
frame 4496: 36063 us total, 11463 us display, type 3
frame 4497: 37262 us total, 11469 us display, type 3
frame 4498: 35256 us total, 11677 us display, type 3
frame 4499: 34624 us total, 11475 us display, type 3
frame 4500: 30451 us total, 11449 us display, type 3
frame 4501: 34552 us total, 11447 us display, type 3
frame 4502: 34516 us total, 11464 us display, type 3
frame 4503: 35327 us total, 11480 us display, type 3
frame 4504: 36885 us total, 11477 us display, type 3
