ESP-ROM:esp32c6-20220919
Build:Sep 19 2022
rst:0x15 (USB_UART_HPSYS),boot:0x2c (SPI_FAST_FLASH_BOOT)
Saved PC:0x4001a374
SPIWP:0xee
mode:DIO, clock div:2
load:0x40875720,len:0x1a5c
load:0x4086c110,len:0xf58
load:0x4086e610,len:0x3074
entry 0x4086c11a
[0;32mI (23) boot: ESP-IDF v5.3.4 2nd stage bootloader[0m
[0;32mI (23) boot: compile time Sep 14 2026 20:53:10[0m
[0;32mI (24) boot: chip revision: v0.2[0m
[0;32mI (24) boot: efuse block revision: v0.3[0m
[0;32mI (24) qio_mode: Enabling QIO for flash chip WinBond[0m
[0;32mI (24) boot.esp32c6: SPI Speed      : 80MHz[0m
[0;32mI (25) boot.esp32c6: SPI Mode       : QIO[0m
[0;32mI (25) boot.esp32c6: SPI Flash Size : 16MB[0m
[0;32mI (25) boot: Enabling RNG early entropy source...[0m
[0;32mI (26) boot: Partition Table:[0m
[0;32mI (26) boot: ## Label            Usage          Type ST Offset   Length[0m
[0;32mI (26) boot:  0 nvs              WiFi data        01 02 00009000 00006000[0m
[0;32mI (27) boot:  1 phy_init         RF data          01 01 0000f000 00001000[0m
[0;32mI (28) boot:  2 factory          factory app      00 00 00010000 00200000[0m
[0;32mI (28) boot:  3 wad              Unknown data     01 40 00210000 00400000[0m
[0;32mI (29) boot:  4 saves            WiFi data        01 02 00610000 00020000[0m
[0;32mI (29) boot: End of partition table[0m
[0;32mI (30) esp_image: segment 0: paddr=00010020 vaddr=420c0020 size=32b90h (207760) map[0m
[0;32mI (68) esp_image: segment 1: paddr=00042bb8 vaddr=40800000 size=0d460h ( 54368) load[0m
[0;32mI (80) esp_image: segment 2: paddr=00050020 vaddr=42000020 size=bd090h (774288) map[0m
[0;32mI (219) esp_image: segment 3: paddr=0010d0b8 vaddr=4080d460 size=09a94h ( 39572) load[0m
[0;32mI (228) esp_image: segment 4: paddr=00116b54 vaddr=40816f00 size=0393ch ( 14652) load[0m
[0;32mI (231) esp_image: segment 5: paddr=0011a498 vaddr=50000000 size=00004h (     4) load[0m
[0;32mI (237) boot: Loaded app from partition at offset 0x10000[0m
[0;32mI (238) boot: Disabling RNG early entropy source...[0m
[0;32mI (239) cpu_start: Unicore app[0m
[0;32mI (248) cpu_start: Pro cpu start user code[0m
[0;32mI (248) cpu_start: cpu freq: 160000000 Hz[0m
[0;32mI (248) app_init: Application information:[0m
[0;32mI (248) app_init: Project name:     diablito[0m
[0;32mI (249) app_init: App version:      08aa196-dirty[0m
[0;32mI (249) app_init: Compile time:     Sep 19 2026 14:18:29[0m
[0;32mI (249) app_init: ELF file SHA256:  26e0dd55e...[0m
[0;32mI (249) app_init: ESP-IDF:          v5.3.4[0m
[0;32mI (250) efuse_init: Min chip rev:     v0.0[0m
[0;32mI (250) efuse_init: Max chip rev:     v0.99 [0m
[0;32mI (250) efuse_init: Chip rev:         v0.2[0m
[0;32mI (250) heap_init: Initializing. RAM available for dynamic allocation:[0m
[0;32mI (251) heap_init: At 40836660 len 00045FB0 (279 KiB): RAM[0m
[0;32mI (251) heap_init: At 4087C610 len 00002F54 (11 KiB): RAM[0m
[0;32mI (251) heap_init: At 50000004 len 00003FE4 (15 KiB): RTCRAM[0m
[0;32mI (252) spi_flash: detected chip: generic[0m
[0;32mI (252) spi_flash: flash io: qio[0m
[0;33mW (253) i2c: This driver is an old driver, please migrate your application code to adapt `driver/i2c_master.h`[0m
[0;32mI (253) sleep: Configure to isolate all GPIO pins in sleep state[0m
[0;32mI (254) sleep: Enable automatic switching of GPIO sleep configuration[0m
[0;32mI (254) coexist: coex firmware version: a13b09d[0m
[0;32mI (254) coexist: coexist rom version 5b8dcfa[0m
[0;32mI (255) main_task: Started on CPU0[0m
[0;32mI (255) main_task: Calling app_main()[0m
[0;32mI (255) gpio: GPIO[15]| InputEn: 0| OutputEn: 1| OpenDrain: 0| Pullup: 0| Pulldown: 0| Intr:0 [0m
[0;32mI (255) gpio: GPIO[9]| InputEn: 1| OutputEn: 0| OpenDrain: 0| Pullup: 1| Pulldown: 0| Intr:0 [0m
[0;32mI (255) gpio: GPIO[18]| InputEn: 1| OutputEn: 0| OpenDrain: 0| Pullup: 1| Pulldown: 0| Intr:0 [0m
[0;32mI (256) gpio: GPIO[0]| InputEn: 0| OutputEn: 0| OpenDrain: 0| Pullup: 0| Pulldown: 0| Intr:0 [0m
[0;32mI (256) DIABLITO: DIABLITO skeleton, IDF v5.3.4, CPU 160 MHz[0m
[0;32mI (256) DIABLITO: heap at boot: free 283684, largest block 258048, min ever 283684, dma-capable 269084[0m
[0;32mI (257) gpio: GPIO[3]| InputEn: 0| OutputEn: 1| OpenDrain: 0| Pullup: 0| Pulldown: 0| Intr:0 [0m
[0;32mI (257) gpio: GPIO[4]| InputEn: 0| OutputEn: 1| OpenDrain: 0| Pullup: 0| Pulldown: 0| Intr:0 [0m
[0;32mI (761) DISPLAY: ST7789 up: 280x240 landscape, SPI 80 MHz, 2 x 8960 B DMA strips[0m
[0;32mI (761) DIABLITO: heap after display: free 264200, largest block 237568, min ever 264200, dma-capable 249600[0m
[0;32mI (762) DIABLITO: wad partition @0x210000 size 4194304: magic IWHD, 1264 lumps, infotable @36, file 2073676 bytes[0m
[0;32mI (762) DIABLITO: WHD mapped at 0x42100000, header via mmap: IWHD ·©ÔUDOOM1[0m
[0;32mI (763) DIABLITO: heap after wad mmap: free 263568, largest block 237568, min ever 263568, dma-capable 248968[0m
[0;32mI (763) DIABLITO: main task stack high-water: 14872 bytes free[0m
[0;32mI (764) DIABLITO: .bss ends at 0x40836658 (short-pointer window ends at 0x40840000, 39336 bytes spare)[0m
[0;32mI (764) DIABLITO: heap before BLE: free 263568, largest block 237568, min ever 263568, dma-capable 248968[0m
[0;32mI (780) DIABLITO: previous run (boot 9) lasted 120 s (2 min), last battery 4212 mV[0m
[0;32mI (780) DIABLITO: idle sleep after 0 s in attract (NVS medal/idle_s)[0m
[0;32mI (781) BLE_INIT: Using main XTAL as clock source, chip ver: 2[0m
[0;32mI (781) BLE_INIT: ble controller commit:[ca6c20b][0m
[0;32mI (785) BLE_INIT: Bluetooth MAC: fc:01:2c:fd:fc:b2[0m
[0;32mI (785) phy_init: phy_version 341,a6c8fe6,Jul 30 2025,18:34:11[0m
[0;32mI (878) phy: libbtbb version: a945109, Jul 30 2025, 18:34:25[0m
[0;32mI (886) PAD: init, saved controller: yes[0m
[0;32mI (1087) DIABLITO: heap after BLE init: free 224444, largest block 196608, min ever 224308, dma-capable 209844[0m
[0;32mI (1087) DIABLITO: starting Doom[0m
                          DIABLITO Doom 3.0.0
Z_Init: Init zone memory allocation daemon. 
zone memory: 0x40822e7c, 10000 allocated for zone
M_LoadDefaults: Load system defaults.
W_Init: Init WADfiles.
===========================================================================
                            DOOM Shareware
===========================================================================
 DIABLITO Doom is free software, covered by the GNU General Public
 License.  There is NO warranty; not even for MERCHANTABILITY or FITNESS
 FOR A PARTICULAR PURPOSE. You are welcome to change and distribute
 copies under certain conditions. See the source for more information.
===========================================================================
I_Init: Setting up machine state.
[0;32mI (1139) AUDIO: ES8311 + I2S: 24858 Hz, 2 ch, ring 8192 bytes (82 ms)[0m
M_Init: Init miscellaneous info.
R_Init: Init DOOM refresh daemon - .........
P_Init: Init Playloop state.
S_Init: Setting up sound.
D_CheckNetGame: Checking network game status.
Emulating the behavior of the 'Doom 1.9' executable.
HU_Init: Setting up heads up display.
ST_Init: Init status bar.
frame 2: 22601 us total, 11699 us display, type 4
frame 3: 13629 us total, 11641 us display, type 4
frame 4: 17662 us total, 11641 us display, type 4
frame 5: 33929 us total, 11643 us display, type 4
frame 6: 28996 us total, 11648 us display, type 4
[0;33mW (1345) AUDIO: short write 3072/4096[0m
frame 7: 29946 us total, 11647 us display, type 4
[0;33mW (1374) AUDIO: short write 3072/4096[0m
frame 8: 29077 us total, 11646 us display, type 4
frame 9: 20048 us total, 11686 us display, type 4
frame 10: 35600 us total, 11663 us display, type 4
frame 11: 28463 us total, 11642 us display, type 4
[0;33mW (1487) AUDIO: short write 3072/4096[0m
frame 12: 28115 us total, 11639 us display, type 4
frame 13: 22908 us total, 11786 us display, type 4
frame 14: 35304 us total, 11664 us display, type 4
frame 15: 29386 us total, 11650 us display, type 4
frame 16: 27088 us total, 11651 us display, type 4
frame 17: 22126 us total, 11641 us display, type 4
frame 18: 35327 us total, 11661 us display, type 4
frame 19: 27818 us total, 11791 us display, type 4
frame 20: 30064 us total, 11654 us display, type 4
frame 21: 20784 us total, 11639 us display, type 4
frame 22: 36860 us total, 11650 us display, type 4
frame 23: 27681 us total, 11657 us display, type 4
frame 24: 21466 us total, 11636 us display, type 4
frame 25: 35554 us total, 11661 us display, type 4
frame 26: 27641 us total, 11645 us display, type 4
frame 27: 22768 us total, 11631 us display, type 4
frame 28: 34689 us total, 11656 us display, type 4
frame 29: 30435 us total, 11650 us display, type 4
frame 30: 27494 us total, 11651 us display, type 4
frame 31: 21385 us total, 11633 us display, type 4
frame 32: 35655 us total, 11662 us display, type 4
frame 33: 27716 us total, 11655 us display, type 4
frame 34: 28652 us total, 11644 us display, type 4
frame 35: 21955 us total, 11631 us display, type 4
frame 36: 37203 us total, 11661 us display, type 4
frame 37: 28308 us total, 11657 us display, type 4
frame 38: 27446 us total, 11644 us display, type 4
frame 39: 28424 us total, 11652 us display, type 4
frame 40: 21642 us total, 11632 us display, type 4
frame 41: 35160 us total, 11652 us display, type 4
frame 42: 29568 us total, 11663 us display, type 4
frame 43: 29388 us total, 11653 us display, type 4
frame 44: 19908 us total, 11639 us display, type 4
frame 45: 35611 us total, 11654 us display, type 4
frame 46: 28899 us total, 11655 us display, type 4
frame 47: 27559 us total, 11654 us display, type 4
frame 48: 30298 us total, 11659 us display, type 4
frame 49: 20614 us total, 11631 us display, type 4
frame 50: 36848 us total, 11649 us display, type 4
frame 51: 27109 us total, 11725 us display, type 4
frame 52: 28438 us total, 11653 us display, type 4
frame 53: 22582 us total, 11631 us display, type 4
frame 54: 34008 us total, 11641 us display, type 4
frame 55: 30016 us total, 11715 us display, type 4
frame 56: 29093 us total, 11663 us display, type 4
frame 57: 21091 us total, 11721 us display, type 4
frame 58: 35023 us total, 11645 us display, type 4
frame 59: 28232 us total, 11653 us display, type 4
frame 60: 28564 us total, 11636 us display, type 4
frame 61: 28589 us total, 11650 us display, type 4
frame 62: 22622 us total, 11841 us display, type 4
frame 63: 34859 us total, 11647 us display, type 4
frame 64: 28660 us total, 11662 us display, type 4
frame 65: 27156 us total, 11839 us display, type 4
frame 66: 23155 us total, 11644 us display, type 4
frame 67: 34405 us total, 11651 us display, type 4
frame 68: 27857 us total, 11657 us display, type 4
frame 69: 31133 us total, 11659 us display, type 4
frame 70: 20664 us total, 11708 us display, type 4
frame 71: 35851 us total, 11649 us display, type 4
frame 72: 26796 us total, 11642 us display, type 4
frame 73: 23221 us total, 11632 us display, type 4
frame 74: 34363 us total, 11695 us display, type 4
frame 75: 27883 us total, 11641 us display, type 4
frame 76: 23810 us total, 11641 us display, type 4
frame 77: 35250 us total, 11747 us display, type 4
frame 78: 28933 us total, 11653 us display, type 4
frame 79: 20787 us total, 11638 us display, type 4
frame 80: 34723 us total, 11654 us display, type 4
frame 81: 28680 us total, 11641 us display, type 4
frame 82: 27809 us total, 11638 us display, type 4
frame 83: 30377 us total, 11654 us display, type 4
frame 84: 21432 us total, 11646 us display, type 4
frame 85: 35947 us total, 11638 us display, type 4
frame 86: 27422 us total, 11653 us display, type 4
frame 87: 28216 us total, 11648 us display, type 4
frame 88: 28594 us total, 11635 us display, type 4
frame 89: 22839 us total, 11644 us display, type 4
frame 90: 35282 us total, 11655 us display, type 4
frame 91: 28669 us total, 11646 us display, type 4
frame 92: 28189 us total, 11641 us display, type 4
frame 93: 21814 us total, 11631 us display, type 4
frame 94: 34551 us total, 11647 us display, type 4
frame 95: 28926 us total, 11662 us display, type 4
frame 96: 28525 us total, 11648 us display, type 4
frame 97: 23230 us total, 11851 us display, type 4
frame 98: 34920 us total, 11651 us display, type 4
frame 99: 28520 us total, 11650 us display, type 4
frame 100: 27044 us total, 11641 us display, type 4
frame 101: 28659 us total, 11763 us display, type 4
frame 102: 23678 us total, 11647 us display, type 4
frame 103: 33235 us total, 11647 us display, type 4
frame 104: 31356 us total, 11660 us display, type 4
frame 105: 27072 us total, 11648 us display, type 4
frame 106: 22412 us total, 11713 us display, type 4
frame 107: 33721 us total, 11646 us display, type 4
frame 108: 28555 us total, 11665 us display, type 4
frame 109: 28960 us total, 11695 us display, type 4
frame 110: 22634 us total, 11631 us display, type 4
frame 111: 36960 us total, 11660 us display, type 4
frame 112: 28005 us total, 11638 us display, type 4
frame 113: 28662 us total, 11650 us display, type 4
frame 114: 20376 us total, 11631 us display, type 4
frame 115: 36401 us total, 11657 us display, type 4
frame 116: 28556 us total, 11642 us display, type 4
frame 117: 21029 us total, 11633 us display, type 4
frame 118: 36918 us total, 11652 us display, type 4
frame 119: 28061 us total, 11635 us display, type 4
frame 120: 21071 us total, 11693 us display, type 4
frame 121: 35577 us total, 11650 us display, type 4
frame 122: 28925 us total, 11651 us display, type 4
frame 123: 28676 us total, 11662 us display, type 4
frame 124: 20822 us total, 11642 us display, type 4
frame 125: 36751 us total, 11661 us display, type 4
frame 126: 27942 us total, 11648 us display, type 4
frame 127: 28210 us total, 11649 us display, type 4
profile (avg of 128 frames, ms): logic+bsp 0.0 wait-fb 0.0 vp-mark 0.0 flats 0.0 columns 0.0 fuzz 0.0
frame 128: 21705 us total, 11662 us display, type 4
frame 129: 35028 us total, 11648 us display, type 4
frame 130: 28604 us total, 11695 us display, type 4
frame 131: 28275 us total, 11657 us display, type 4
frame 132: 29692 us total, 11637 us display, type 4
frame 133: 20751 us total, 11631 us display, type 4
frame 134: 36268 us total, 11666 us display, type 4
frame 135: 27525 us total, 11651 us display, type 4
frame 136: 28734 us total, 11662 us display, type 4
frame 137: 22484 us total, 11638 us display, type 4
frame 138: 34303 us total, 11657 us display, type 4
frame 139: 30140 us total, 11655 us display, type 4
frame 140: 27681 us total, 11639 us display, type 4
frame 141: 28719 us total, 11645 us display, type 4
frame 142: 21157 us total, 11631 us display, type 4
frame 143: 35508 us total, 11655 us display, type 4
frame 144: 29047 us total, 11661 us display, type 4
frame 145: 28606 us total, 11653 us display, type 4
frame 146: 21828 us total, 11632 us display, type 4
frame 147: 35640 us total, 11661 us display, type 4
frame 148: 28323 us total, 11653 us display, type 4
frame 149: 27681 us total, 11644 us display, type 4
frame 150: 22371 us total, 11640 us display, type 4
frame 151: 35274 us total, 11693 us display, type 4
frame 152: 28052 us total, 11660 us display, type 4
frame 153: 29058 us total, 11649 us display, type 4
frame 154: 27639 us total, 11654 us display, type 4
frame 155: 23087 us total, 11709 us display, type 4
frame 156: 33690 us total, 11650 us display, type 4
frame 157: 28577 us total, 11653 us display, type 4
frame 158: 29721 us total, 11658 us display, type 4
frame 159: 21925 us total, 11640 us display, type 4
frame 160: 35212 us total, 11638 us display, type 4
frame 161: 27792 us total, 11644 us display, type 4
frame 162: 28881 us total, 11650 us display, type 4
frame 163: 27325 us total, 11633 us display, type 4
frame 164: 23799 us total, 11643 us display, type 4
frame 165: 34595 us total, 11652 us display, type 4
frame 166: 27999 us total, 11649 us display, type 4
frame 167: 29003 us total, 11653 us display, type 4
frame 168: 22356 us total, 11632 us display, type 4
frame 169: 70692 us total, 12693 us display, type 5
frame 170: 12943 us total, 12493 us display, type 5
frame 171: 12870 us total, 12493 us display, type 5
frame 172: 12847 us total, 12492 us display, type 5
frame 173: 12914 us total, 12538 us display, type 5
frame 174: 12852 us total, 12496 us display, type 5
frame 175: 13174 us total, 12814 us display, type 5
frame 176: 12855 us total, 12480 us display, type 5
frame 177: 12906 us total, 12522 us display, type 5
frame 178: 12855 us total, 12472 us display, type 5
frame 179: 12827 us total, 12460 us display, type 5
frame 180: 12819 us total, 12462 us display, type 5
frame 181: 12861 us total, 12499 us display, type 5
frame 182: 12838 us total, 12460 us display, type 5
frame 183: 12812 us total, 12440 us display, type 5
frame 184: 12934 us total, 12544 us display, type 5
frame 185: 12867 us total, 12477 us display, type 5
frame 186: 12822 us total, 12428 us display, type 5
frame 187: 12773 us total, 12420 us display, type 5
frame 188: 12786 us total, 12413 us display, type 5
frame 189: 12813 us total, 12444 us display, type 5
frame 190: 12794 us total, 12398 us display, type 5
frame 191: 12888 us total, 12496 us display, type 5
frame 192: 12744 us total, 12382 us display, type 5
frame 193: 12820 us total, 12425 us display, type 5
frame 194: 12752 us total, 12365 us display, type 5
frame 195: 12734 us total, 12349 us display, type 5
frame 196: 12969 us total, 12627 us display, type 5
frame 197: 12768 us total, 12343 us display, type 5
frame 198: 12712 us total, 12333 us display, type 5
frame 199: 12690 us total, 12320 us display, type 5
frame 200: 12770 us total, 12374 us display, type 5
frame 201: 33369 us total, 12360 us display, type 5
frame 202: 12762 us total, 12289 us display, type 5
frame 203: 12809 us total, 12438 us display, type 5
frame 204: 12669 us total, 12294 us display, type 5
frame 205: 12671 us total, 12280 us display, type 5
frame 206: 13012 us total, 12610 us display, type 5
frame 207: 12764 us total, 12330 us display, type 5
frame 208: 12618 us total, 12269 us display, type 5
frame 209: 13651 us total, 12263 us display, type 5
frame 210: 12678 us total, 12259 us display, type 5
frame 211: 12752 us total, 12238 us display, type 5
frame 212: 12612 us total, 12232 us display, type 5
frame 213: 12619 us total, 12227 us display, type 5
frame 214: 12605 us total, 12219 us display, type 5
frame 215: 12632 us total, 12216 us display, type 5
frame 216: 12608 us total, 12216 us display, type 5
frame 217: 12859 us total, 12483 us display, type 5
frame 218: 12679 us total, 12241 us display, type 5
frame 219: 12572 us total, 12191 us display, type 5
frame 220: 12583 us total, 12187 us display, type 5
frame 221: 12536 us total, 12178 us display, type 5
frame 222: 12556 us total, 12215 us display, type 5
frame 223: 12540 us total, 12171 us display, type 5
frame 224: 12541 us total, 12179 us display, type 5
frame 225: 12677 us total, 12320 us display, type 5
frame 226: 12602 us total, 12210 us display, type 5
frame 227: 12523 us total, 12157 us display, type 5
frame 228: 12591 us total, 12226 us display, type 5
frame 229: 12617 us total, 12232 us display, type 5
frame 230: 12579 us total, 12202 us display, type 5
frame 231: 12505 us total, 12151 us display, type 5
frame 232: 12641 us total, 12252 us display, type 5
frame 233: 12514 us total, 12157 us display, type 5
frame 234: 12578 us total, 12194 us display, type 5
frame 235: 12559 us total, 12224 us display, type 5
frame 236: 12488 us total, 12146 us display, type 5
frame 237: 12662 us total, 12311 us display, type 5
frame 238: 12655 us total, 12282 us display, type 5
frame 239: 12520 us total, 12152 us display, type 5
frame 240: 12493 us total, 12141 us display, type 5
frame 241: 12484 us total, 12145 us display, type 5
frame 242: 11920 us total, 11420 us display, type 3
frame 243: 39910 us total, 11453 us display, type 3
frame 244: 30877 us total, 11458 us display, type 3
frame 245: 29655 us total, 11584 us display, type 3
frame 246: 30382 us total, 11461 us display, type 3
frame 247: 31032 us total, 11460 us display, type 3
frame 248: 30774 us total, 11460 us display, type 3
frame 249: 31459 us total, 11553 us display, type 3
frame 250: 32852 us total, 11499 us display, type 3
frame 251: 32664 us total, 11475 us display, type 3
frame 252: 24852 us total, 11464 us display, type 3
frame 253: 32142 us total, 11469 us display, type 3
frame 254: 31931 us total, 11472 us display, type 3
frame 255: 30418 us total, 11604 us display, type 3
profile (avg of 128 frames, ms): logic+bsp 1.1 wait-fb 0.0 vp-mark 0.5 flats 1.5 columns 0.5 fuzz 0.0
frame 256: 32704 us total, 11521 us display, type 3
audio: 84 underruns, 41 ms queued
mem @frame 256: heap free 37776, largest 14592, min ever 37640, zone free 41244, display stack free 4412, uptime 7 s, gamestate 0, demo 1, usergame 0, tic 191
frame 257: 32524 us total, 11467 us display, type 3
frame 258: 24655 us total, 11448 us display, type 3
frame 259: 30995 us total, 11466 us display, type 3
frame 260: 31798 us total, 11463 us display, type 3
frame 261: 30654 us total, 11458 us display, type 3
frame 262: 29444 us total, 11555 us display, type 3
frame 263: 23275 us total, 11454 us display, type 3
frame 264: 28467 us total, 11474 us display, type 3
frame 265: 30504 us total, 11461 us display, type 3
frame 266: 29073 us total, 11463 us display, type 3
frame 267: 22959 us total, 11471 us display, type 3
frame 268: 29430 us total, 11471 us display, type 3
frame 269: 27505 us total, 11460 us display, type 3
frame 270: 28741 us total, 11468 us display, type 3
frame 271: 29244 us total, 11460 us display, type 3
frame 272: 24473 us total, 11457 us display, type 3
frame 273: 30907 us total, 11461 us display, type 3
frame 274: 30760 us total, 11452 us display, type 3
frame 275: 31595 us total, 11546 us display, type 3
frame 276: 29752 us total, 11472 us display, type 3
frame 277: 27791 us total, 11493 us display, type 3
frame 278: 27768 us total, 11461 us display, type 3
frame 279: 27665 us total, 11458 us display, type 3
frame 280: 28329 us total, 11468 us display, type 3
frame 281: 27566 us total, 11472 us display, type 3
frame 282: 20906 us total, 11452 us display, type 3
frame 283: 27127 us total, 11466 us display, type 3
frame 284: 26487 us total, 11456 us display, type 3
frame 285: 28369 us total, 11465 us display, type 3
frame 286: 21981 us total, 11445 us display, type 3
frame 287: 32333 us total, 11451 us display, type 3
frame 288: 30625 us total, 11461 us display, type 3
frame 289: 28616 us total, 11468 us display, type 3
frame 290: 29244 us total, 11495 us display, type 3
frame 291: 21499 us total, 11435 us display, type 3
frame 292: 28708 us total, 11448 us display, type 3
frame 293: 29023 us total, 11458 us display, type 3
frame 294: 29927 us total, 11462 us display, type 3
frame 295: 28786 us total, 11456 us display, type 3
frame 296: 21696 us total, 11440 us display, type 3
frame 297: 33738 us total, 11465 us display, type 3
frame 298: 29838 us total, 11457 us display, type 3
frame 299: 27109 us total, 11450 us display, type 3
frame 300: 23085 us total, 11443 us display, type 3
frame 301: 33853 us total, 11449 us display, type 3
frame 302: 28990 us total, 11450 us display, type 3
frame 303: 30209 us total, 11455 us display, type 3
frame 304: 28523 us total, 11448 us display, type 3
frame 305: 21963 us total, 11449 us display, type 3
frame 306: 33952 us total, 11520 us display, type 3
frame 307: 28025 us total, 11645 us display, type 3
frame 308: 31607 us total, 11546 us display, type 3
frame 309: 31631 us total, 11469 us display, type 3
frame 310: 31902 us total, 11459 us display, type 3
frame 311: 21706 us total, 11738 us display, type 3
frame 312: 34201 us total, 11455 us display, type 3
frame 313: 29989 us total, 11468 us display, type 3
frame 314: 28586 us total, 11468 us display, type 3
frame 315: 28720 us total, 11628 us display, type 3
frame 316: 28792 us total, 11459 us display, type 3
frame 317: 29087 us total, 11463 us display, type 3
frame 318: 21893 us total, 11457 us display, type 3
frame 319: 36590 us total, 11763 us display, type 3
frame 320: 31321 us total, 11468 us display, type 3
frame 321: 28460 us total, 11459 us display, type 3
frame 322: 28915 us total, 11487 us display, type 3
frame 323: 32164 us total, 11463 us display, type 3
frame 324: 31950 us total, 11467 us display, type 3
frame 325: 32165 us total, 11477 us display, type 3
frame 326: 25127 us total, 11455 us display, type 3
frame 327: 32280 us total, 11461 us display, type 3
frame 328: 31635 us total, 11454 us display, type 3
frame 329: 30687 us total, 11471 us display, type 3
frame 330: 32149 us total, 11461 us display, type 3
frame 331: 32315 us total, 11467 us display, type 3
frame 332: 32681 us total, 11471 us display, type 3
frame 333: 26481 us total, 11461 us display, type 3
frame 334: 32997 us total, 11483 us display, type 3
frame 335: 31177 us total, 11482 us display, type 3
frame 336: 32418 us total, 11461 us display, type 3
frame 337: 25976 us total, 11458 us display, type 3
frame 338: 33078 us total, 11462 us display, type 3
frame 339: 35199 us total, 11580 us display, type 3
frame 340: 35621 us total, 11466 us display, type 3
frame 341: 36088 us total, 11470 us display, type 3
frame 342: 36440 us total, 11462 us display, type 3
frame 343: 33628 us total, 11453 us display, type 3
frame 344: 32703 us total, 11475 us display, type 3
frame 345: 37521 us total, 11464 us display, type 3
frame 346: 36303 us total, 11475 us display, type 3
frame 347: 36343 us total, 11469 us display, type 3
frame 348: 36338 us total, 11460 us display, type 3
frame 349: 35013 us total, 11454 us display, type 3
frame 350: 36650 us total, 11531 us display, type 3
frame 351: 37224 us total, 11469 us display, type 3
gamepad: pairing open
frame 352: 36751 us total, 11454 us display, type 3
frame 353: 37448 us total, 11452 us display, type 3
frame 354: 34012 us total, 11468 us display, type 3
frame 355: 36802 us total, 11473 us display, type 3
frame 356: 35716 us total, 11459 us display, type 3
frame 357: 38465 us total, 11555 us display, type 3
frame 358: 36757 us total, 11475 us display, type 3
frame 359: 39638 us total, 11477 us display, type 3
frame 360: 37697 us total, 11469 us display, type 3
frame 361: 37759 us total, 11573 us display, type 3
frame 362: 36601 us total, 11470 us display, type 3
frame 363: 40161 us total, 11460 us display, type 3
frame 364: 38679 us total, 11470 us display, type 3
frame 365: 38476 us total, 11453 us display, type 3
frame 366: 33964 us total, 11492 us display, type 3
frame 367: 31537 us total, 11469 us display, type 3
frame 368: 25703 us total, 11452 us display, type 3
frame 369: 30941 us total, 11448 us display, type 3
frame 370: 32097 us total, 11486 us display, type 3
frame 371: 34009 us total, 11473 us display, type 3
frame 372: 32560 us total, 11464 us display, type 3
frame 373: 23942 us total, 11450 us display, type 3
frame 374: 31989 us total, 11465 us display, type 3
frame 375: 29272 us total, 11455 us display, type 3
frame 376: 29032 us total, 11458 us display, type 3
frame 377: 30635 us total, 11770 us display, type 3
frame 378: 29792 us total, 11465 us display, type 3
frame 379: 30934 us total, 11464 us display, type 3
frame 380: 29964 us total, 11463 us display, type 3
frame 381: 28068 us total, 11460 us display, type 3
frame 382: 27423 us total, 11459 us display, type 3
frame 383: 30273 us total, 11458 us display, type 3
profile (avg of 128 frames, ms): logic+bsp 7.0 wait-fb 0.0 vp-mark 2.5 flats 6.3 columns 6.7 fuzz 0.0
frame 384: 30584 us total, 11467 us display, type 3
frame 385: 23935 us total, 11458 us display, type 3
frame 386: 30310 us total, 11468 us display, type 3
frame 387: 28903 us total, 11456 us display, type 3
frame 388: 27992 us total, 11454 us display, type 3
frame 389: 27566 us total, 11464 us display, type 3
frame 390: 25000 us total, 11452 us display, type 3
frame 391: 33690 us total, 11460 us display, type 3
frame 392: 30304 us total, 11463 us display, type 3
frame 393: 31004 us total, 11462 us display, type 3
frame 394: 30492 us total, 11455 us display, type 3
frame 395: 28599 us total, 11539 us display, type 3
frame 396: 24031 us total, 11472 us display, type 3
frame 397: 28926 us total, 11462 us display, type 3
frame 398: 30615 us total, 11456 us display, type 3
frame 399: 24180 us total, 11454 us display, type 3
frame 400: 31495 us total, 11456 us display, type 3
frame 401: 30776 us total, 11473 us display, type 3
frame 402: 30649 us total, 11474 us display, type 3
frame 403: 34459 us total, 11644 us display, type 3
frame 404: 31604 us total, 11465 us display, type 3
frame 405: 32170 us total, 11457 us display, type 3
frame 406: 33068 us total, 11468 us display, type 3
frame 407: 33579 us total, 11462 us display, type 3
frame 408: 33097 us total, 11464 us display, type 3
frame 409: 33195 us total, 11459 us display, type 3
frame 410: 32294 us total, 11464 us display, type 3
frame 411: 32732 us total, 11546 us display, type 3
frame 412: 34470 us total, 11459 us display, type 3
frame 413: 33764 us total, 11468 us display, type 3
frame 414: 27358 us total, 11453 us display, type 3
frame 415: 33809 us total, 11455 us display, type 3
frame 416: 32466 us total, 11466 us display, type 3
frame 417: 31771 us total, 11462 us display, type 3
frame 418: 33402 us total, 11451 us display, type 3
frame 419: 34566 us total, 11459 us display, type 3
frame 420: 33624 us total, 11465 us display, type 3
frame 421: 26879 us total, 11460 us display, type 3
frame 422: 32917 us total, 11452 us display, type 3
frame 423: 32100 us total, 11469 us display, type 3
frame 424: 31470 us total, 11459 us display, type 3
frame 425: 26015 us total, 11454 us display, type 3
frame 426: 30985 us total, 11452 us display, type 3
frame 427: 33095 us total, 11595 us display, type 3
frame 428: 32414 us total, 11463 us display, type 3
frame 429: 25118 us total, 11461 us display, type 3
frame 430: 32293 us total, 11457 us display, type 3
frame 431: 30669 us total, 11462 us display, type 3
frame 432: 29265 us total, 11458 us display, type 3
frame 433: 30093 us total, 11459 us display, type 3
frame 434: 31841 us total, 11456 us display, type 3
frame 435: 31094 us total, 11456 us display, type 3
frame 436: 29918 us total, 11469 us display, type 3
frame 437: 34170 us total, 11459 us display, type 3
frame 438: 29958 us total, 11473 us display, type 3
frame 439: 31763 us total, 11471 us display, type 3
frame 440: 33255 us total, 11592 us display, type 3
frame 441: 32332 us total, 11470 us display, type 3
frame 442: 25108 us total, 11452 us display, type 3
frame 443: 32689 us total, 11454 us display, type 3
frame 444: 31699 us total, 11450 us display, type 3
frame 445: 31624 us total, 11457 us display, type 3
frame 446: 32312 us total, 11478 us display, type 3
frame 447: 35874 us total, 11462 us display, type 3
frame 448: 34907 us total, 11454 us display, type 3
frame 449: 33844 us total, 11470 us display, type 3
frame 450: 32399 us total, 11706 us display, type 3
frame 451: 26897 us total, 11459 us display, type 3
frame 452: 32292 us total, 11451 us display, type 3
frame 453: 32734 us total, 11471 us display, type 3
frame 454: 36266 us total, 11462 us display, type 3
frame 455: 34755 us total, 11463 us display, type 3
frame 456: 26077 us total, 11465 us display, type 3
frame 457: 33938 us total, 11463 us display, type 3
frame 458: 32564 us total, 11464 us display, type 3
frame 459: 31387 us total, 11471 us display, type 3
frame 460: 30806 us total, 11457 us display, type 3
frame 461: 33738 us total, 11463 us display, type 3
frame 462: 35096 us total, 11465 us display, type 3
frame 463: 35423 us total, 11550 us display, type 3
frame 464: 24746 us total, 11448 us display, type 3
frame 465: 31163 us total, 11471 us display, type 3
frame 466: 34278 us total, 11463 us display, type 3
frame 467: 34819 us total, 11468 us display, type 3
frame 468: 36039 us total, 11475 us display, type 3
frame 469: 29239 us total, 11451 us display, type 3
frame 470: 36243 us total, 11448 us display, type 3
frame 471: 35463 us total, 11469 us display, type 3
frame 472: 34916 us total, 11483 us display, type 3
frame 473: 33907 us total, 11469 us display, type 3
frame 474: 34179 us total, 11475 us display, type 3
frame 475: 34081 us total, 11460 us display, type 3
frame 476: 25110 us total, 11448 us display, type 3
frame 477: 34068 us total, 11453 us display, type 3
frame 478: 34428 us total, 11460 us display, type 3
frame 479: 35824 us total, 11465 us display, type 3
frame 480: 36418 us total, 11475 us display, type 3
frame 481: 35722 us total, 11471 us display, type 3
frame 482: 36740 us total, 11464 us display, type 3
frame 483: 38884 us total, 11465 us display, type 3
frame 484: 39968 us total, 11468 us display, type 3
frame 485: 37454 us total, 11470 us display, type 3
frame 486: 36547 us total, 11581 us display, type 3
frame 487: 36710 us total, 11464 us display, type 3
frame 488: 36558 us total, 11459 us display, type 3
frame 489: 36473 us total, 11468 us display, type 3
frame 490: 36569 us total, 11457 us display, type 3
frame 491: 26287 us total, 11465 us display, type 3
frame 492: 33353 us total, 11453 us display, type 3
frame 493: 31512 us total, 11459 us display, type 3
frame 494: 31154 us total, 11468 us display, type 3
frame 495: 23686 us total, 11448 us display, type 3
frame 496: 31436 us total, 11470 us display, type 3
frame 497: 32164 us total, 11464 us display, type 3
frame 498: 32770 us total, 11469 us display, type 3
frame 499: 31083 us total, 11473 us display, type 3
frame 500: 31309 us total, 11557 us display, type 3
frame 501: 31059 us total, 11464 us display, type 3
frame 502: 30673 us total, 11477 us display, type 3
frame 503: 31903 us total, 11745 us display, type 3
frame 504: 23413 us total, 11456 us display, type 3
frame 505: 31408 us total, 11464 us display, type 3
frame 506: 31460 us total, 11464 us display, type 3
frame 507: 23013 us total, 11449 us display, type 3
frame 508: 28513 us total, 11467 us display, type 3
frame 509: 31129 us total, 11469 us display, type 3
frame 510: 21401 us total, 11459 us display, type 3
frame 511: 30274 us total, 11457 us display, type 3
profile (avg of 128 frames, ms): logic+bsp 8.4 wait-fb 0.0 vp-mark 2.6 flats 6.7 columns 7.9 fuzz 0.0
frame 512: 34851 us total, 11472 us display, type 3
audio: 84 underruns, 30 ms queued
mem @frame 512: heap free 37760, largest 14592, min ever 37624, zone free 40524, display stack free 4412, uptime 15 s, gamestate 0, demo 1, usergame 0, tic 471
frame 513: 33554 us total, 11470 us display, type 3
frame 514: 23255 us total, 11460 us display, type 3
frame 515: 34385 us total, 11454 us display, type 3
frame 516: 32564 us total, 11468 us display, type 3
frame 517: 31546 us total, 11457 us display, type 3
frame 518: 31514 us total, 11479 us display, type 3
frame 519: 24741 us total, 11454 us display, type 3
frame 520: 33976 us total, 11459 us display, type 3
frame 521: 34241 us total, 11466 us display, type 3
frame 522: 35598 us total, 11468 us display, type 3
frame 523: 23875 us total, 11448 us display, type 3
frame 524: 33872 us total, 11453 us display, type 3
frame 525: 33924 us total, 11462 us display, type 3
frame 526: 34655 us total, 11460 us display, type 3
frame 527: 23757 us total, 11457 us display, type 3
frame 528: 34866 us total, 11452 us display, type 3
frame 529: 34381 us total, 11453 us display, type 3
frame 530: 34653 us total, 11464 us display, type 3
frame 531: 34477 us total, 11462 us display, type 3
frame 532: 23348 us total, 11449 us display, type 3
frame 533: 32425 us total, 11461 us display, type 3
frame 534: 33767 us total, 11467 us display, type 3
frame 535: 34110 us total, 11470 us display, type 3
frame 536: 23220 us total, 11453 us display, type 3
frame 537: 33979 us total, 11651 us display, type 3
frame 538: 33351 us total, 11465 us display, type 3
frame 539: 31956 us total, 11713 us display, type 3
frame 540: 32132 us total, 11464 us display, type 3
frame 541: 24380 us total, 11483 us display, type 3
frame 542: 31796 us total, 11460 us display, type 3
frame 543: 32916 us total, 11462 us display, type 3
frame 544: 32686 us total, 11457 us display, type 3
frame 545: 23618 us total, 11467 us display, type 3
frame 546: 32951 us total, 11455 us display, type 3
frame 547: 29704 us total, 11463 us display, type 3
frame 548: 30284 us total, 11473 us display, type 3
frame 549: 23622 us total, 11459 us display, type 3
frame 550: 29617 us total, 11451 us display, type 3
frame 551: 30700 us total, 11468 us display, type 3
frame 552: 30137 us total, 11464 us display, type 3
frame 553: 22603 us total, 11449 us display, type 3
frame 554: 30244 us total, 11465 us display, type 3
frame 555: 28228 us total, 11466 us display, type 3
frame 556: 29581 us total, 11530 us display, type 3
frame 557: 22552 us total, 11458 us display, type 3
frame 558: 28257 us total, 11458 us display, type 3
frame 559: 31207 us total, 11465 us display, type 3
frame 560: 22329 us total, 11459 us display, type 3
frame 561: 31160 us total, 11459 us display, type 3
frame 562: 30460 us total, 11544 us display, type 3
frame 563: 22071 us total, 11458 us display, type 3
frame 564: 30369 us total, 11461 us display, type 3
frame 565: 28535 us total, 11461 us display, type 3
frame 566: 29112 us total, 11466 us display, type 3
frame 567: 29753 us total, 11460 us display, type 3
frame 568: 21957 us total, 11456 us display, type 3
frame 569: 34492 us total, 11558 us display, type 3
frame 570: 30313 us total, 11463 us display, type 3
frame 571: 21951 us total, 11447 us display, type 3
frame 572: 33397 us total, 11467 us display, type 3
frame 573: 28294 us total, 11469 us display, type 3
frame 574: 28349 us total, 11458 us display, type 3
frame 575: 22334 us total, 11456 us display, type 3
frame 576: 37396 us total, 11457 us display, type 3
frame 577: 30951 us total, 11472 us display, type 3
frame 578: 32217 us total, 11477 us display, type 3
frame 579: 23423 us total, 11457 us display, type 3
frame 580: 31955 us total, 11461 us display, type 3
frame 581: 30010 us total, 11459 us display, type 3
frame 582: 29922 us total, 11470 us display, type 3
frame 583: 24148 us total, 11459 us display, type 3
frame 584: 34208 us total, 11447 us display, type 3
frame 585: 32957 us total, 11462 us display, type 3
frame 586: 34663 us total, 11536 us display, type 3
frame 587: 32879 us total, 11465 us display, type 3
frame 588: 33180 us total, 11582 us display, type 3
frame 589: 26514 us total, 11588 us display, type 3
frame 590: 33322 us total, 11449 us display, type 3
frame 591: 33473 us total, 11466 us display, type 3
frame 592: 34540 us total, 11459 us display, type 3
frame 593: 24161 us total, 11448 us display, type 3
frame 594: 33390 us total, 11459 us display, type 3
frame 595: 33649 us total, 11560 us display, type 3
frame 596: 32888 us total, 11459 us display, type 3
frame 597: 23031 us total, 11459 us display, type 3
frame 598: 31599 us total, 11461 us display, type 3
frame 599: 33074 us total, 11464 us display, type 3
frame 600: 33108 us total, 11475 us display, type 3
frame 601: 24284 us total, 11460 us display, type 3
frame 602: 35058 us total, 11448 us display, type 3
frame 603: 32968 us total, 11470 us display, type 3
frame 604: 32971 us total, 11769 us display, type 3
frame 605: 24109 us total, 11460 us display, type 3
frame 606: 32359 us total, 11562 us display, type 3
frame 607: 33376 us total, 11463 us display, type 3
frame 608: 32621 us total, 11467 us display, type 3
frame 609: 24252 us total, 11449 us display, type 3
frame 610: 32337 us total, 11453 us display, type 3
frame 611: 32613 us total, 11461 us display, type 3
frame 612: 30972 us total, 11474 us display, type 3
frame 613: 22809 us total, 11456 us display, type 3
frame 614: 31055 us total, 11475 us display, type 3
frame 615: 31592 us total, 11465 us display, type 3
frame 616: 23769 us total, 11459 us display, type 3
frame 617: 32180 us total, 11488 us display, type 3
frame 618: 32681 us total, 11469 us display, type 3
frame 619: 33169 us total, 11462 us display, type 3
frame 620: 24677 us total, 11463 us display, type 3
frame 621: 30925 us total, 11470 us display, type 3
frame 622: 30608 us total, 11461 us display, type 3
frame 623: 24371 us total, 11455 us display, type 3
frame 624: 31185 us total, 11453 us display, type 3
frame 625: 32476 us total, 11465 us display, type 3
frame 626: 32591 us total, 11472 us display, type 3
frame 627: 23690 us total, 11629 us display, type 3
frame 628: 32135 us total, 11466 us display, type 3
frame 629: 32140 us total, 11462 us display, type 3
frame 630: 31477 us total, 11468 us display, type 3
frame 631: 31802 us total, 11458 us display, type 3
frame 632: 32805 us total, 11463 us display, type 3
frame 633: 24759 us total, 11521 us display, type 3
frame 634: 33026 us total, 11468 us display, type 3
frame 635: 32406 us total, 11465 us display, type 3
frame 636: 32760 us total, 11455 us display, type 3
frame 637: 24987 us total, 11457 us display, type 3
frame 638: 32003 us total, 11463 us display, type 3
frame 639: 33337 us total, 11466 us display, type 3
profile (avg of 128 frames, ms): logic+bsp 6.2 wait-fb 0.0 vp-mark 2.1 flats 5.6 columns 7.1 fuzz 0.9
frame 640: 34956 us total, 11461 us display, type 3
frame 641: 24744 us total, 11457 us display, type 3
frame 642: 35643 us total, 11454 us display, type 3
frame 643: 34188 us total, 11479 us display, type 3
frame 644: 32689 us total, 11478 us display, type 3
frame 645: 33761 us total, 11461 us display, type 3
frame 646: 32224 us total, 11458 us display, type 3
frame 647: 33760 us total, 11461 us display, type 3
frame 648: 25035 us total, 11450 us display, type 3
frame 649: 33769 us total, 11475 us display, type 3
frame 650: 32972 us total, 11470 us display, type 3
frame 651: 33734 us total, 11466 us display, type 3
frame 652: 23996 us total, 11459 us display, type 3
frame 653: 32755 us total, 11452 us display, type 3
frame 654: 33320 us total, 11474 us display, type 3
frame 655: 35847 us total, 11468 us display, type 3
frame 656: 33788 us total, 11458 us display, type 3
frame 657: 34341 us total, 11469 us display, type 3
frame 658: 24189 us total, 11452 us display, type 3
frame 659: 32417 us total, 11451 us display, type 3
frame 660: 32242 us total, 11472 us display, type 3
frame 661: 31312 us total, 11462 us display, type 3
frame 662: 23494 us total, 11454 us display, type 3
frame 663: 32586 us total, 11465 us display, type 3
frame 664: 34245 us total, 11461 us display, type 3
frame 665: 33105 us total, 11464 us display, type 3
frame 666: 23499 us total, 11454 us display, type 3
frame 667: 33530 us total, 11465 us display, type 3
frame 668: 31502 us total, 11463 us display, type 3
frame 669: 32032 us total, 11456 us display, type 3
frame 670: 32929 us total, 11474 us display, type 3
frame 671: 32475 us total, 11459 us display, type 3
frame 672: 23661 us total, 11455 us display, type 3
frame 673: 32289 us total, 11468 us display, type 3
frame 674: 31794 us total, 11455 us display, type 3
frame 675: 23035 us total, 11452 us display, type 3
frame 676: 30871 us total, 11459 us display, type 3
frame 677: 31169 us total, 11459 us display, type 3
frame 678: 31804 us total, 11461 us display, type 3
frame 679: 32721 us total, 11477 us display, type 3
frame 680: 25613 us total, 11452 us display, type 3
frame 681: 32405 us total, 11465 us display, type 3
frame 682: 30538 us total, 11462 us display, type 3
frame 683: 30470 us total, 11478 us display, type 3
frame 684: 30584 us total, 11469 us display, type 3
frame 685: 33580 us total, 11468 us display, type 3
frame 686: 33269 us total, 11466 us display, type 3
frame 687: 24438 us total, 11458 us display, type 3
frame 688: 33638 us total, 11448 us display, type 3
frame 689: 30720 us total, 11463 us display, type 3
frame 690: 31172 us total, 11463 us display, type 3
frame 691: 30713 us total, 11681 us display, type 3
frame 692: 32634 us total, 11468 us display, type 3
frame 693: 34166 us total, 11473 us display, type 3
frame 694: 24695 us total, 11451 us display, type 3
frame 695: 33656 us total, 11449 us display, type 3
frame 696: 31637 us total, 11474 us display, type 3
frame 697: 31778 us total, 11703 us display, type 3
frame 698: 24936 us total, 11572 us display, type 3
frame 699: 30606 us total, 11458 us display, type 3
frame 700: 32365 us total, 11471 us display, type 3
frame 701: 32994 us total, 11465 us display, type 3
frame 702: 32816 us total, 11462 us display, type 3
frame 703: 32781 us total, 11465 us display, type 3
frame 704: 25127 us total, 11446 us display, type 3
frame 705: 32443 us total, 11459 us display, type 3
frame 706: 32841 us total, 11460 us display, type 3
frame 707: 33423 us total, 11476 us display, type 3
frame 708: 24338 us total, 11458 us display, type 3
frame 709: 33116 us total, 11455 us display, type 3
frame 710: 33952 us total, 11521 us display, type 3
frame 711: 33907 us total, 11458 us display, type 3
frame 712: 23614 us total, 11465 us display, type 3
frame 713: 34292 us total, 11454 us display, type 3
frame 714: 33250 us total, 11490 us display, type 3
frame 715: 33598 us total, 11484 us display, type 3
frame 716: 35750 us total, 11461 us display, type 3
frame 717: 33738 us total, 11466 us display, type 3
frame 718: 23251 us total, 11456 us display, type 3
frame 719: 34339 us total, 11451 us display, type 3
frame 720: 33032 us total, 11519 us display, type 3
frame 721: 33069 us total, 11468 us display, type 3
frame 722: 24354 us total, 11449 us display, type 3
frame 723: 33747 us total, 11467 us display, type 3
frame 724: 34053 us total, 11467 us display, type 3
frame 725: 36335 us total, 11460 us display, type 3
frame 726: 33405 us total, 11474 us display, type 3
frame 727: 23304 us total, 11452 us display, type 3
frame 728: 32149 us total, 11461 us display, type 3
frame 729: 32368 us total, 11606 us display, type 3
frame 730: 22719 us total, 11463 us display, type 3
frame 731: 32755 us total, 11457 us display, type 3
frame 732: 32573 us total, 11466 us display, type 3
frame 733: 31430 us total, 11578 us display, type 3
frame 734: 23881 us total, 11447 us display, type 3
frame 735: 31826 us total, 11461 us display, type 3
frame 736: 30061 us total, 11468 us display, type 3
frame 737: 22037 us total, 11452 us display, type 3
frame 738: 29302 us total, 11457 us display, type 3
frame 739: 30539 us total, 11466 us display, type 3
frame 740: 21225 us total, 11909 us display, type 3
frame 741: 31530 us total, 11656 us display, type 3
frame 742: 31449 us total, 11455 us display, type 3
frame 743: 20660 us total, 11458 us display, type 3
frame 744: 30590 us total, 11456 us display, type 3
frame 745: 29527 us total, 11474 us display, type 3
frame 746: 21480 us total, 11450 us display, type 3
frame 747: 28886 us total, 11458 us display, type 3
frame 748: 30698 us total, 11475 us display, type 3
frame 749: 21314 us total, 11449 us display, type 3
frame 750: 30220 us total, 11460 us display, type 3
frame 751: 30992 us total, 11459 us display, type 3
frame 752: 21054 us total, 11664 us display, type 3
frame 753: 31801 us total, 11464 us display, type 3
frame 754: 29927 us total, 11458 us display, type 3
frame 755: 20573 us total, 11457 us display, type 3
frame 756: 32708 us total, 11465 us display, type 3
frame 757: 29054 us total, 11460 us display, type 3
frame 758: 20430 us total, 11446 us display, type 3
frame 759: 36919 us total, 11585 us display, type 3
frame 760: 30878 us total, 11477 us display, type 3
frame 761: 30045 us total, 11473 us display, type 3
frame 762: 20530 us total, 11687 us display, type 3
frame 763: 33385 us total, 11587 us display, type 3
frame 764: 29506 us total, 11470 us display, type 3
frame 765: 20370 us total, 11452 us display, type 3
frame 766: 34805 us total, 11469 us display, type 3
frame 767: 30246 us total, 11601 us display, type 3
profile (avg of 128 frames, ms): logic+bsp 6.3 wait-fb 0.0 vp-mark 2.6 flats 6.9 columns 6.6 fuzz 0.6
frame 768: 21653 us total, 11449 us display, type 3
audio: 84 underruns, 20 ms queued
mem @frame 768: heap free 37760, largest 14592, min ever 37624, zone free 41204, display stack free 4412, uptime 22 s, gamestate 0, demo 1, usergame 0, tic 742
frame 769: 36446 us total, 11460 us display, type 3
frame 770: 29710 us total, 11706 us display, type 3
frame 771: 21356 us total, 11466 us display, type 3
frame 772: 33394 us total, 11449 us display, type 3
frame 773: 28779 us total, 11460 us display, type 3
frame 774: 29864 us total, 11473 us display, type 3
frame 775: 32798 us total, 11468 us display, type 3
frame 776: 22911 us total, 11455 us display, type 3
frame 777: 32735 us total, 11462 us display, type 3
frame 778: 33434 us total, 11470 us display, type 3
frame 779: 25361 us total, 11449 us display, type 3
frame 780: 34903 us total, 11452 us display, type 3
frame 781: 36476 us total, 11455 us display, type 3
frame 782: 37448 us total, 11453 us display, type 3
frame 783: 41360 us total, 11463 us display, type 3
frame 784: 38346 us total, 11465 us display, type 3
frame 785: 38189 us total, 11585 us display, type 3
frame 786: 37386 us total, 11476 us display, type 3
frame 787: 35773 us total, 11473 us display, type 3
frame 788: 35883 us total, 11959 us display, type 3
frame 789: 35588 us total, 11479 us display, type 3
frame 790: 26023 us total, 11556 us display, type 3
frame 791: 37590 us total, 11760 us display, type 3
frame 792: 36631 us total, 11554 us display, type 3
frame 793: 36805 us total, 11459 us display, type 3
frame 794: 36696 us total, 11519 us display, type 3
frame 795: 36342 us total, 11465 us display, type 3
frame 796: 37848 us total, 11475 us display, type 3
frame 797: 37267 us total, 11477 us display, type 3
frame 798: 38070 us total, 11479 us display, type 3
frame 799: 38032 us total, 11481 us display, type 3
frame 800: 28493 us total, 11452 us display, type 3
frame 801: 34937 us total, 11470 us display, type 3
frame 802: 37384 us total, 11755 us display, type 3
frame 803: 37351 us total, 11709 us display, type 3
frame 804: 36785 us total, 11488 us display, type 3
frame 805: 36431 us total, 11478 us display, type 3
frame 806: 36001 us total, 11475 us display, type 3
frame 807: 28053 us total, 11458 us display, type 3
frame 808: 33630 us total, 11467 us display, type 3
frame 809: 32831 us total, 11464 us display, type 3
frame 810: 35383 us total, 11472 us display, type 3
frame 811: 35661 us total, 11759 us display, type 3
frame 812: 24241 us total, 11448 us display, type 3
frame 813: 36366 us total, 11557 us display, type 3
frame 814: 37176 us total, 11593 us display, type 3
frame 815: 35444 us total, 11468 us display, type 3
frame 816: 35940 us total, 11466 us display, type 3
frame 817: 34982 us total, 11483 us display, type 3
frame 818: 35173 us total, 11475 us display, type 3
frame 819: 35260 us total, 11470 us display, type 3
frame 820: 34196 us total, 11479 us display, type 3
frame 821: 34202 us total, 11476 us display, type 3
frame 822: 33785 us total, 11475 us display, type 3
frame 823: 31449 us total, 11488 us display, type 3
frame 824: 32862 us total, 11758 us display, type 3
frame 825: 24142 us total, 11456 us display, type 3
frame 826: 32432 us total, 11463 us display, type 3
frame 827: 34216 us total, 11763 us display, type 3
frame 828: 31072 us total, 11476 us display, type 3
frame 829: 32729 us total, 11471 us display, type 3
frame 830: 33422 us total, 11465 us display, type 3
frame 831: 24590 us total, 11448 us display, type 3
frame 832: 33695 us total, 11455 us display, type 3
frame 833: 34756 us total, 11475 us display, type 3
frame 834: 33676 us total, 11462 us display, type 3
frame 835: 24210 us total, 11462 us display, type 3
frame 836: 33124 us total, 11461 us display, type 3
frame 837: 33183 us total, 11596 us display, type 3
frame 838: 34188 us total, 11471 us display, type 3
frame 839: 35426 us total, 11466 us display, type 3
frame 840: 24521 us total, 11452 us display, type 3
frame 841: 34549 us total, 11592 us display, type 3
frame 842: 34085 us total, 11476 us display, type 3
frame 843: 30602 us total, 11766 us display, type 3
frame 844: 22120 us total, 11450 us display, type 3
frame 845: 30725 us total, 11722 us display, type 3
frame 846: 31355 us total, 11462 us display, type 3
frame 847: 21558 us total, 11449 us display, type 3
frame 848: 30296 us total, 11458 us display, type 3
frame 849: 29092 us total, 11535 us display, type 3
frame 850: 20186 us total, 11457 us display, type 3
frame 851: 28333 us total, 11469 us display, type 3
frame 852: 28240 us total, 11467 us display, type 3
frame 853: 29781 us total, 11465 us display, type 3
frame 854: 22147 us total, 11515 us display, type 3
frame 855: 30609 us total, 11465 us display, type 3
frame 856: 29896 us total, 11471 us display, type 3
frame 857: 30226 us total, 11456 us display, type 3
frame 858: 20599 us total, 11449 us display, type 3
frame 859: 32497 us total, 11460 us display, type 3
frame 860: 27077 us total, 11457 us display, type 3
frame 861: 28219 us total, 11472 us display, type 3
frame 862: 22712 us total, 11454 us display, type 3
frame 863: 33396 us total, 11462 us display, type 3
frame 864: 30319 us total, 11470 us display, type 3
frame 865: 21494 us total, 11454 us display, type 3
frame 866: 35573 us total, 11462 us display, type 3
frame 867: 28935 us total, 11477 us display, type 3
frame 868: 28171 us total, 11458 us display, type 3
frame 869: 22136 us total, 11457 us display, type 3
frame 870: 32431 us total, 11450 us display, type 3
frame 871: 29244 us total, 11474 us display, type 3
frame 872: 31954 us total, 11469 us display, type 3
frame 873: 21530 us total, 11459 us display, type 3
frame 874: 34280 us total, 11520 us display, type 3
frame 875: 31142 us total, 11475 us display, type 3
frame 876: 20929 us total, 11591 us display, type 3
frame 877: 32519 us total, 11467 us display, type 3
frame 878: 28964 us total, 11461 us display, type 3
frame 879: 29092 us total, 11464 us display, type 3
frame 880: 31603 us total, 11475 us display, type 3
frame 881: 20577 us total, 11453 us display, type 3
frame 882: 35704 us total, 11472 us display, type 3
frame 883: 30513 us total, 11461 us display, type 3
frame 884: 21091 us total, 11464 us display, type 3
frame 885: 32884 us total, 11455 us display, type 3
frame 886: 28332 us total, 11468 us display, type 3
frame 887: 22264 us total, 11461 us display, type 3
frame 888: 34389 us total, 11456 us display, type 3
frame 889: 32141 us total, 11477 us display, type 3
frame 890: 31940 us total, 11470 us display, type 3
frame 891: 24702 us total, 11600 us display, type 3
frame 892: 34064 us total, 11451 us display, type 3
frame 893: 32052 us total, 11461 us display, type 3
frame 894: 31126 us total, 11461 us display, type 3
frame 895: 23802 us total, 11455 us display, type 3
profile (avg of 128 frames, ms): logic+bsp 8.0 wait-fb 0.0 vp-mark 1.5 flats 5.1 columns 8.3 fuzz 0.0
frame 896: 31970 us total, 11461 us display, type 3
frame 897: 34668 us total, 11599 us display, type 3
frame 898: 34671 us total, 11476 us display, type 3
frame 899: 25101 us total, 11462 us display, type 3
frame 900: 34287 us total, 11456 us display, type 3
frame 901: 34340 us total, 11464 us display, type 3
frame 902: 36575 us total, 11533 us display, type 3
frame 903: 34456 us total, 11464 us display, type 3
frame 904: 24661 us total, 11455 us display, type 3
frame 905: 35500 us total, 11522 us display, type 3
frame 906: 35263 us total, 11467 us display, type 3
frame 907: 36327 us total, 11592 us display, type 3
frame 908: 36624 us total, 11469 us display, type 3
frame 909: 34921 us total, 11474 us display, type 3
frame 910: 35511 us total, 11467 us display, type 3
frame 911: 36257 us total, 11469 us display, type 3
frame 912: 24608 us total, 11455 us display, type 3
frame 913: 35425 us total, 11456 us display, type 3
frame 914: 35289 us total, 11467 us display, type 3
frame 915: 34266 us total, 11462 us display, type 3
frame 916: 33476 us total, 11462 us display, type 3
frame 917: 33775 us total, 11471 us display, type 3
frame 918: 26748 us total, 11452 us display, type 3
frame 919: 34470 us total, 11453 us display, type 3
frame 920: 32767 us total, 11460 us display, type 3
frame 921: 32608 us total, 11473 us display, type 3
frame 922: 23271 us total, 11458 us display, type 3
frame 923: 31042 us total, 11452 us display, type 3
frame 924: 29899 us total, 11585 us display, type 3
frame 925: 29534 us total, 11471 us display, type 3
frame 926: 30628 us total, 11462 us display, type 3
frame 927: 22348 us total, 11463 us display, type 3
frame 928: 31262 us total, 11477 us display, type 3
frame 929: 30631 us total, 11505 us display, type 3
frame 930: 29845 us total, 11467 us display, type 3
frame 931: 23488 us total, 11464 us display, type 3
frame 932: 31253 us total, 11461 us display, type 3
frame 933: 30503 us total, 11469 us display, type 3
frame 934: 31195 us total, 11560 us display, type 3
frame 935: 33569 us total, 11608 us display, type 3
frame 936: 34320 us total, 11480 us display, type 3
frame 937: 37863 us total, 11460 us display, type 3
frame 938: 35914 us total, 11632 us display, type 3
frame 939: 36642 us total, 11467 us display, type 3
frame 940: 38787 us total, 11481 us display, type 3
frame 941: 40020 us total, 11450 us display, type 3
frame 942: 38739 us total, 11463 us display, type 3
frame 943: 39432 us total, 11460 us display, type 3
frame 944: 38324 us total, 11474 us display, type 3
frame 945: 38039 us total, 11475 us display, type 3
frame 946: 38191 us total, 11465 us display, type 3
frame 947: 37620 us total, 11468 us display, type 3
frame 948: 38295 us total, 11469 us display, type 3
frame 949: 37865 us total, 11462 us display, type 3
frame 950: 37121 us total, 11462 us display, type 3
frame 951: 36297 us total, 11471 us display, type 3
frame 952: 38413 us total, 11467 us display, type 3
frame 953: 36478 us total, 11468 us display, type 3
frame 954: 37145 us total, 11536 us display, type 3
frame 955: 35978 us total, 11472 us display, type 3
frame 956: 36861 us total, 11471 us display, type 3
frame 957: 35553 us total, 11465 us display, type 3
frame 958: 36263 us total, 11461 us display, type 3
frame 959: 37195 us total, 11468 us display, type 3
frame 960: 38539 us total, 11467 us display, type 3
frame 961: 38187 us total, 11476 us display, type 3
frame 962: 36417 us total, 11485 us display, type 3
frame 963: 36327 us total, 11472 us display, type 3
frame 964: 36814 us total, 11472 us display, type 3
frame 965: 37731 us total, 11485 us display, type 3
frame 966: 39141 us total, 11487 us display, type 3
frame 967: 36889 us total, 11475 us display, type 3
frame 968: 26759 us total, 11448 us display, type 3
frame 969: 34502 us total, 11456 us display, type 3
frame 970: 34695 us total, 11463 us display, type 3
frame 971: 35268 us total, 11468 us display, type 3
frame 972: 35645 us total, 11461 us display, type 3
frame 973: 36440 us total, 11472 us display, type 3
frame 974: 35967 us total, 11472 us display, type 3
frame 975: 35343 us total, 11567 us display, type 3
frame 976: 37271 us total, 11468 us display, type 3
frame 977: 35889 us total, 11467 us display, type 3
frame 978: 35961 us total, 11470 us display, type 3
frame 979: 38993 us total, 11595 us display, type 3
frame 980: 37686 us total, 11460 us display, type 3
frame 981: 35109 us total, 11470 us display, type 3
frame 982: 38222 us total, 11467 us display, type 3
frame 983: 36214 us total, 11474 us display, type 3
frame 984: 39462 us total, 11461 us display, type 3
frame 985: 39862 us total, 11463 us display, type 3
frame 986: 39371 us total, 11469 us display, type 3
frame 987: 38061 us total, 11484 us display, type 3
frame 988: 36923 us total, 11534 us display, type 3
frame 989: 37921 us total, 11476 us display, type 3
frame 990: 39569 us total, 11483 us display, type 3
frame 991: 40887 us total, 11473 us display, type 3
frame 992: 37565 us total, 11466 us display, type 3
frame 993: 36706 us total, 11470 us display, type 3
frame 994: 37531 us total, 11635 us display, type 3
frame 995: 36471 us total, 11459 us display, type 3
frame 996: 37139 us total, 11750 us display, type 3
frame 997: 37640 us total, 11467 us display, type 3
frame 998: 36637 us total, 11468 us display, type 3
frame 999: 35681 us total, 11470 us display, type 3
frame 1000: 27982 us total, 11454 us display, type 3
frame 1001: 34524 us total, 11471 us display, type 3
frame 1002: 35623 us total, 11466 us display, type 3
frame 1003: 39044 us total, 11821 us display, type 3
frame 1004: 38662 us total, 11455 us display, type 3
frame 1005: 38697 us total, 11462 us display, type 3
frame 1006: 37011 us total, 11475 us display, type 3
frame 1007: 36739 us total, 11476 us display, type 3
frame 1008: 36416 us total, 11912 us display, type 3
frame 1009: 37140 us total, 11468 us display, type 3
frame 1010: 34992 us total, 11603 us display, type 3
frame 1011: 35324 us total, 11958 us display, type 3
frame 1012: 26748 us total, 11446 us display, type 3
frame 1013: 33758 us total, 11455 us display, type 3
frame 1014: 33089 us total, 11452 us display, type 3
frame 1015: 33568 us total, 11467 us display, type 3
frame 1016: 36352 us total, 11482 us display, type 3
frame 1017: 26395 us total, 11452 us display, type 3
frame 1018: 36637 us total, 11459 us display, type 3
frame 1019: 37956 us total, 11461 us display, type 3
frame 1020: 36737 us total, 11451 us display, type 3
frame 1021: 35512 us total, 11473 us display, type 3
frame 1022: 36399 us total, 11480 us display, type 3
frame 1023: 39089 us total, 11468 us display, type 3
profile (avg of 128 frames, ms): logic+bsp 11.2 wait-fb 0.0 vp-mark 1.8 flats 6.1 columns 10.2 fuzz 0.1
frame 1024: 38936 us total, 11787 us display, type 3
audio: 84 underruns, 30 ms queued
mem @frame 1024: heap free 37864, largest 14592, min ever 37624, zone free 41204, display stack free 4412, uptime 31 s, gamestate 0, demo 1, usergame 0, tic 1039
frame 1025: 39366 us total, 11472 us display, type 3
frame 1026: 38815 us total, 11466 us display, type 3
frame 1027: 36485 us total, 11458 us display, type 3
frame 1028: 35796 us total, 11475 us display, type 3
frame 1029: 38230 us total, 11460 us display, type 3
frame 1030: 37220 us total, 11459 us display, type 3
frame 1031: 37610 us total, 11488 us display, type 3
frame 1032: 38362 us total, 11456 us display, type 3
frame 1033: 35932 us total, 11452 us display, type 3
frame 1034: 35555 us total, 11458 us display, type 3
frame 1035: 37038 us total, 11469 us display, type 3
frame 1036: 38508 us total, 11477 us display, type 3
frame 1037: 37675 us total, 11449 us display, type 3
frame 1038: 36333 us total, 11462 us display, type 3
frame 1039: 36533 us total, 11663 us display, type 3
frame 1040: 34979 us total, 11450 us display, type 3
frame 1041: 35557 us total, 11458 us display, type 3
frame 1042: 37563 us total, 11462 us display, type 3
frame 1043: 38209 us total, 11741 us display, type 3
frame 1044: 36631 us total, 11480 us display, type 3
frame 1045: 36164 us total, 11477 us display, type 3
frame 1046: 36085 us total, 11456 us display, type 3
frame 1047: 36585 us total, 11742 us display, type 3
frame 1048: 36477 us total, 11469 us display, type 3
frame 1049: 35984 us total, 11473 us display, type 3
frame 1050: 34257 us total, 11543 us display, type 3
frame 1051: 25082 us total, 11448 us display, type 3
frame 1052: 31760 us total, 11452 us display, type 3
frame 1053: 32533 us total, 11472 us display, type 3
frame 1054: 33416 us total, 11463 us display, type 3
frame 1055: 25561 us total, 11459 us display, type 3
frame 1056: 35102 us total, 11452 us display, type 3
frame 1057: 35062 us total, 11462 us display, type 3
frame 1058: 35178 us total, 11598 us display, type 3
frame 1059: 33373 us total, 11460 us display, type 3
frame 1060: 25603 us total, 11449 us display, type 3
frame 1061: 34414 us total, 11563 us display, type 3
frame 1062: 34473 us total, 11771 us display, type 3
frame 1063: 34282 us total, 11470 us display, type 3
frame 1064: 35346 us total, 11477 us display, type 3
frame 1065: 24741 us total, 11460 us display, type 3
frame 1066: 34268 us total, 11585 us display, type 3
frame 1067: 32669 us total, 11468 us display, type 3
frame 1068: 34221 us total, 11471 us display, type 3
frame 1069: 24269 us total, 11452 us display, type 3
frame 1070: 33211 us total, 11451 us display, type 3
frame 1071: 33489 us total, 11463 us display, type 3
frame 1072: 32529 us total, 11490 us display, type 3
frame 1073: 24197 us total, 11449 us display, type 3
frame 1074: 32633 us total, 11465 us display, type 3
frame 1075: 31594 us total, 11473 us display, type 3
frame 1076: 30539 us total, 11459 us display, type 3
frame 1077: 21934 us total, 11450 us display, type 3
frame 1078: 32219 us total, 11460 us display, type 3
frame 1079: 30901 us total, 11514 us display, type 3
frame 1080: 21753 us total, 11449 us display, type 3
frame 1081: 31789 us total, 11461 us display, type 3
frame 1082: 30482 us total, 11726 us display, type 3
frame 1083: 20698 us total, 11449 us display, type 3
frame 1084: 32364 us total, 11448 us display, type 3
frame 1085: 28391 us total, 11468 us display, type 3
frame 1086: 21949 us total, 11456 us display, type 3
frame 1087: 32462 us total, 11452 us display, type 3
frame 1088: 33857 us total, 11505 us display, type 3
frame 1089: 28463 us total, 11472 us display, type 3
frame 1090: 19828 us total, 11448 us display, type 3
frame 1091: 33671 us total, 11476 us display, type 3
frame 1092: 28974 us total, 11462 us display, type 3
frame 1093: 20913 us total, 11439 us display, type 3
frame 1094: 33216 us total, 11462 us display, type 3
frame 1095: 30097 us total, 11456 us display, type 3
frame 1096: 22591 us total, 11439 us display, type 3
frame 1097: 35145 us total, 11590 us display, type 3
frame 1098: 29980 us total, 11586 us display, type 3
frame 1099: 22779 us total, 11454 us display, type 3
frame 1100: 36229 us total, 11468 us display, type 3
frame 1101: 31177 us total, 11469 us display, type 3
frame 1102: 28297 us total, 11479 us display, type 3
frame 1103: 21653 us total, 11454 us display, type 3
frame 1104: 33288 us total, 11463 us display, type 3
frame 1105: 33153 us total, 11720 us display, type 3
frame 1106: 37279 us total, 11539 us display, type 3
frame 1107: 24586 us total, 11457 us display, type 3
frame 1108: 35068 us total, 11611 us display, type 3
frame 1109: 33876 us total, 11463 us display, type 3
frame 1110: 33974 us total, 11462 us display, type 3
frame 1111: 24312 us total, 11523 us display, type 3
frame 1112: 32891 us total, 11450 us display, type 3
frame 1113: 34312 us total, 11612 us display, type 3
frame 1114: 35647 us total, 11490 us display, type 3
frame 1115: 35222 us total, 11479 us display, type 3
frame 1116: 23998 us total, 11451 us display, type 3
frame 1117: 34341 us total, 11471 us display, type 3
frame 1118: 33929 us total, 11477 us display, type 3
frame 1119: 33312 us total, 11466 us display, type 3
frame 1120: 24646 us total, 11456 us display, type 3
frame 1121: 36189 us total, 11583 us display, type 3
frame 1122: 37039 us total, 11661 us display, type 3
frame 1123: 36259 us total, 11461 us display, type 3
frame 1124: 36729 us total, 11475 us display, type 3
frame 1125: 35324 us total, 11471 us display, type 3
frame 1126: 37027 us total, 11469 us display, type 3
frame 1127: 36136 us total, 11466 us display, type 3
frame 1128: 35724 us total, 11470 us display, type 3
frame 1129: 24852 us total, 11449 us display, type 3
frame 1130: 35985 us total, 11468 us display, type 3
frame 1131: 40739 us total, 11460 us display, type 3
frame 1132: 39092 us total, 11464 us display, type 3
frame 1133: 37604 us total, 11475 us display, type 3
frame 1134: 40200 us total, 11478 us display, type 3
frame 1135: 38820 us total, 11471 us display, type 3
frame 1136: 39304 us total, 11480 us display, type 3
frame 1137: 41501 us total, 11452 us display, type 3
frame 1138: 37621 us total, 11469 us display, type 3
frame 1139: 37434 us total, 11452 us display, type 3
frame 1140: 38136 us total, 11449 us display, type 3
frame 1141: 37991 us total, 11457 us display, type 3
frame 1142: 40597 us total, 11457 us display, type 3
frame 1143: 37389 us total, 11473 us display, type 3
frame 1144: 36795 us total, 11451 us display, type 3
frame 1145: 31771 us total, 11457 us display, type 3
frame 1146: 33199 us total, 11477 us display, type 3
frame 1147: 33898 us total, 11471 us display, type 3
frame 1148: 33898 us total, 11482 us display, type 3
frame 1149: 31123 us total, 11472 us display, type 3
frame 1150: 31672 us total, 11482 us display, type 3
frame 1151: 30633 us total, 11475 us display, type 3
profile (avg of 128 frames, ms): logic+bsp 9.8 wait-fb 0.0 vp-mark 1.5 flats 5.0 columns 8.8 fuzz 0.0
frame 1152: 34030 us total, 11470 us display, type 3
frame 1153: 32895 us total, 11472 us display, type 3
frame 1154: 36324 us total, 11470 us display, type 3
frame 1155: 33008 us total, 11470 us display, type 3
frame 1156: 32820 us total, 11472 us display, type 3
frame 1157: 31545 us total, 11470 us display, type 3
frame 1158: 33642 us total, 11764 us display, type 3
frame 1159: 24115 us total, 11453 us display, type 3
frame 1160: 31938 us total, 11461 us display, type 3
frame 1161: 32361 us total, 11469 us display, type 3
frame 1162: 31957 us total, 11471 us display, type 3
frame 1163: 22814 us total, 11456 us display, type 3
frame 1164: 28338 us total, 11469 us display, type 3
frame 1165: 29091 us total, 11475 us display, type 3
frame 1166: 29852 us total, 11473 us display, type 3
frame 1167: 30364 us total, 11473 us display, type 3
frame 1168: 31394 us total, 11469 us display, type 3
frame 1169: 35540 us total, 11472 us display, type 3
frame 1170: 23473 us total, 11459 us display, type 3
frame 1171: 32037 us total, 11463 us display, type 3
frame 1172: 30861 us total, 11469 us display, type 3
frame 1173: 32355 us total, 11463 us display, type 3
frame 1174: 33025 us total, 11468 us display, type 3
frame 1175: 25039 us total, 11448 us display, type 3
frame 1176: 36709 us total, 11457 us display, type 3
frame 1177: 34347 us total, 11568 us display, type 3
frame 1178: 33691 us total, 11471 us display, type 3
frame 1179: 32828 us total, 11471 us display, type 3
frame 1180: 34438 us total, 11463 us display, type 3
frame 1181: 35387 us total, 11463 us display, type 3
frame 1182: 36218 us total, 11724 us display, type 3
frame 1183: 36474 us total, 11464 us display, type 3
frame 1184: 34820 us total, 11463 us display, type 3
frame 1185: 34503 us total, 11466 us display, type 3
frame 1186: 26853 us total, 11463 us display, type 3
frame 1187: 33710 us total, 11453 us display, type 3
frame 1188: 37321 us total, 11450 us display, type 3
frame 1189: 35705 us total, 11462 us display, type 3
frame 1190: 37868 us total, 11502 us display, type 3
frame 1191: 37075 us total, 11470 us display, type 3
frame 1192: 35755 us total, 11478 us display, type 3
frame 1193: 35534 us total, 11462 us display, type 3
frame 1194: 38140 us total, 11465 us display, type 3
frame 1195: 35439 us total, 11467 us display, type 3
frame 1196: 36401 us total, 11462 us display, type 3
frame 1197: 34957 us total, 11467 us display, type 3
frame 1198: 36861 us total, 11570 us display, type 3
frame 1199: 36096 us total, 11457 us display, type 3
frame 1200: 37014 us total, 11467 us display, type 3
frame 1201: 36073 us total, 11464 us display, type 3
frame 1202: 36960 us total, 11466 us display, type 3
frame 1203: 34200 us total, 11595 us display, type 3
frame 1204: 34574 us total, 11466 us display, type 3
frame 1205: 32283 us total, 11467 us display, type 3
frame 1206: 34421 us total, 11481 us display, type 3
frame 1207: 34691 us total, 11468 us display, type 3
frame 1208: 32995 us total, 11473 us display, type 3
frame 1209: 24009 us total, 11448 us display, type 3
frame 1210: 32940 us total, 11459 us display, type 3
frame 1211: 32954 us total, 11466 us display, type 3
frame 1212: 33232 us total, 11473 us display, type 3
frame 1213: 36520 us total, 11465 us display, type 3
frame 1214: 37009 us total, 11615 us display, type 3
frame 1215: 41703 us total, 11474 us display, type 3
frame 1216: 28169 us total, 11448 us display, type 3
frame 1217: 37358 us total, 11450 us display, type 3
frame 1218: 38491 us total, 11521 us display, type 3
frame 1219: 37806 us total, 11463 us display, type 3
frame 1220: 38865 us total, 11457 us display, type 3
frame 1221: 39844 us total, 11459 us display, type 3
frame 1222: 39591 us total, 11465 us display, type 3
frame 1223: 41549 us total, 11462 us display, type 3
frame 1224: 41180 us total, 11473 us display, type 3
frame 1225: 42028 us total, 11464 us display, type 3
frame 1226: 42350 us total, 11452 us display, type 3
frame 1227: 42892 us total, 11466 us display, type 3
frame 1228: 44517 us total, 11448 us display, type 3
frame 1229: 43562 us total, 11459 us display, type 3
frame 1230: 42917 us total, 11454 us display, type 3
frame 1231: 42464 us total, 11450 us display, type 3
frame 1232: 43284 us total, 11454 us display, type 3
frame 1233: 43596 us total, 11453 us display, type 3
frame 1234: 52146 us total, 11473 us display, type 3
frame 1235: 40719 us total, 11467 us display, type 3
frame 1236: 38313 us total, 11479 us display, type 3
frame 1237: 39244 us total, 11522 us display, type 3
frame 1238: 39126 us total, 11471 us display, type 3
frame 1239: 38718 us total, 11463 us display, type 3
frame 1240: 37211 us total, 11471 us display, type 3
frame 1241: 41363 us total, 11448 us display, type 3
frame 1242: 38109 us total, 11470 us display, type 3
frame 1243: 38871 us total, 11463 us display, type 3
frame 1244: 38433 us total, 11458 us display, type 3
frame 1245: 38567 us total, 11546 us display, type 3
frame 1246: 39320 us total, 11470 us display, type 3
frame 1247: 36770 us total, 11457 us display, type 3
frame 1248: 36057 us total, 11463 us display, type 3
frame 1249: 38558 us total, 11481 us display, type 3
frame 1250: 38936 us total, 11464 us display, type 3
frame 1251: 39195 us total, 11469 us display, type 3
frame 1252: 39459 us total, 11467 us display, type 3
frame 1253: 38873 us total, 11566 us display, type 3
frame 1254: 40822 us total, 11462 us display, type 3
frame 1255: 41163 us total, 11454 us display, type 3
frame 1256: 42230 us total, 11452 us display, type 3
frame 1257: 41948 us total, 11456 us display, type 3
frame 1258: 39403 us total, 11529 us display, type 3
frame 1259: 39914 us total, 11469 us display, type 3
frame 1260: 38492 us total, 11468 us display, type 3
frame 1261: 40085 us total, 11447 us display, type 3
frame 1262: 39586 us total, 11448 us display, type 3
frame 1263: 39448 us total, 11451 us display, type 3
frame 1264: 37472 us total, 11465 us display, type 3
frame 1265: 35407 us total, 11454 us display, type 3
frame 1266: 35778 us total, 11463 us display, type 3
frame 1267: 36105 us total, 11466 us display, type 3
frame 1268: 42115 us total, 11453 us display, type 3
frame 1269: 39492 us total, 11468 us display, type 3
frame 1270: 40583 us total, 11454 us display, type 3
frame 1271: 38126 us total, 11468 us display, type 3
frame 1272: 36812 us total, 11457 us display, type 3
frame 1273: 40098 us total, 11453 us display, type 3
frame 1274: 41304 us total, 11461 us display, type 3
frame 1275: 40789 us total, 11459 us display, type 3
frame 1276: 40242 us total, 11491 us display, type 3
frame 1277: 39040 us total, 11470 us display, type 3
frame 1278: 39571 us total, 11465 us display, type 3
frame 1279: 39321 us total, 11563 us display, type 3
profile (avg of 128 frames, ms): logic+bsp 13.6 wait-fb 0.0 vp-mark 1.4 flats 5.1 columns 9.8 fuzz 0.0
frame 1280: 41163 us total, 11473 us display, type 3
audio: 84 underruns, 30 ms queued
mem @frame 1280: heap free 37752, largest 14592, min ever 37624, zone free 40524, display stack free 4380, uptime 40 s, gamestate 0, demo 1, usergame 0, tic 1352
frame 1281: 41847 us total, 11500 us display, type 3
frame 1282: 40716 us total, 11509 us display, type 3
frame 1283: 41470 us total, 11471 us display, type 3
frame 1284: 38610 us total, 11479 us display, type 3
frame 1285: 41614 us total, 11466 us display, type 3
frame 1286: 40808 us total, 11472 us display, type 3
frame 1287: 40763 us total, 11479 us display, type 3
frame 1288: 42131 us total, 11474 us display, type 3
frame 1289: 40581 us total, 11475 us display, type 3
frame 1290: 39347 us total, 11454 us display, type 3
frame 1291: 37648 us total, 11461 us display, type 3
frame 1292: 40000 us total, 11462 us display, type 3
frame 1293: 40561 us total, 11479 us display, type 3
frame 1294: 38494 us total, 11478 us display, type 3
frame 1295: 43712 us total, 11466 us display, type 3
frame 1296: 38084 us total, 11463 us display, type 3
frame 1297: 39165 us total, 11450 us display, type 3
frame 1298: 39539 us total, 11470 us display, type 3
frame 1299: 40233 us total, 11461 us display, type 3
frame 1300: 40711 us total, 11466 us display, type 3
frame 1301: 38271 us total, 11469 us display, type 3
frame 1302: 38048 us total, 11464 us display, type 3
frame 1303: 40133 us total, 11761 us display, type 3
frame 1304: 39290 us total, 11456 us display, type 3
frame 1305: 40890 us total, 11470 us display, type 3
frame 1306: 40618 us total, 11462 us display, type 3
frame 1307: 41113 us total, 11723 us display, type 3
frame 1308: 39632 us total, 11471 us display, type 3
frame 1309: 39353 us total, 11459 us display, type 3
frame 1310: 39934 us total, 11450 us display, type 3
frame 1311: 41216 us total, 11459 us display, type 3
frame 1312: 41722 us total, 11723 us display, type 3
frame 1313: 42231 us total, 11461 us display, type 3
frame 1314: 39284 us total, 11450 us display, type 3
frame 1315: 39212 us total, 11466 us display, type 3
frame 1316: 39353 us total, 11464 us display, type 3
frame 1317: 39548 us total, 11476 us display, type 3
frame 1318: 40689 us total, 11459 us display, type 3
frame 1319: 40550 us total, 11563 us display, type 3
frame 1320: 38254 us total, 11473 us display, type 3
frame 1321: 42231 us total, 11463 us display, type 3
frame 1322: 40857 us total, 11472 us display, type 3
frame 1323: 42591 us total, 11468 us display, type 3
frame 1324: 41435 us total, 11465 us display, type 3
frame 1325: 41703 us total, 11462 us display, type 3
frame 1326: 41345 us total, 11469 us display, type 3
frame 1327: 42517 us total, 11467 us display, type 3
frame 1328: 41083 us total, 11463 us display, type 3
frame 1329: 42754 us total, 11466 us display, type 3
frame 1330: 41603 us total, 11452 us display, type 3
frame 1331: 42301 us total, 11457 us display, type 3
frame 1332: 40606 us total, 11453 us display, type 3
frame 1333: 41062 us total, 11451 us display, type 3
frame 1334: 40865 us total, 11452 us display, type 3
frame 1335: 41119 us total, 11466 us display, type 3
frame 1336: 41284 us total, 11458 us display, type 3
frame 1337: 41167 us total, 11498 us display, type 3
frame 1338: 38947 us total, 11467 us display, type 3
frame 1339: 40122 us total, 11466 us display, type 3
frame 1340: 39816 us total, 11463 us display, type 3
frame 1341: 41537 us total, 11470 us display, type 3
frame 1342: 39676 us total, 11469 us display, type 3
frame 1343: 39404 us total, 11466 us display, type 3
frame 1344: 38580 us total, 11573 us display, type 3
frame 1345: 36897 us total, 11462 us display, type 3
frame 1346: 37458 us total, 11467 us display, type 3
frame 1347: 43678 us total, 11468 us display, type 3
frame 1348: 41543 us total, 11450 us display, type 3
frame 1349: 40047 us total, 11460 us display, type 3
frame 1350: 39795 us total, 11454 us display, type 3
frame 1351: 40023 us total, 11449 us display, type 3
frame 1352: 40558 us total, 11461 us display, type 3
frame 1353: 43832 us total, 11455 us display, type 3
frame 1354: 41381 us total, 11450 us display, type 3
frame 1355: 42932 us total, 11535 us display, type 3
frame 1356: 40045 us total, 11452 us display, type 3
frame 1357: 37706 us total, 11764 us display, type 3
frame 1358: 36753 us total, 11457 us display, type 3
frame 1359: 38287 us total, 11579 us display, type 3
frame 1360: 34280 us total, 11459 us display, type 3
frame 1361: 21833 us total, 11446 us display, type 3
frame 1362: 32011 us total, 11463 us display, type 3
frame 1363: 30467 us total, 11640 us display, type 3
frame 1364: 21745 us total, 11443 us display, type 3
frame 1365: 31842 us total, 11448 us display, type 3
frame 1366: 29318 us total, 11461 us display, type 3
frame 1367: 20891 us total, 11442 us display, type 3
frame 1368: 34446 us total, 11449 us display, type 3
frame 1369: 29930 us total, 11459 us display, type 3
frame 1370: 30000 us total, 11448 us display, type 3
frame 1371: 19811 us total, 11437 us display, type 3
frame 1372: 31284 us total, 11454 us display, type 3
frame 1373: 28435 us total, 11574 us display, type 3
frame 1374: 29037 us total, 11451 us display, type 3
frame 1375: 20999 us total, 11438 us display, type 3
frame 1376: 36556 us total, 11457 us display, type 3
frame 1377: 31807 us total, 11456 us display, type 3
frame 1378: 29344 us total, 11470 us display, type 3
frame 1379: 19513 us total, 11452 us display, type 3
frame 1380: 34595 us total, 11547 us display, type 3
frame 1381: 29511 us total, 11454 us display, type 3
frame 1382: 19282 us total, 11440 us display, type 3
frame 1383: 34727 us total, 11460 us display, type 3
frame 1384: 33117 us total, 11460 us display, type 3
frame 1385: 19403 us total, 11759 us display, type 3
frame 1386: 35183 us total, 11450 us display, type 3
frame 1387: 30226 us total, 11459 us display, type 3
frame 1388: 19735 us total, 11671 us display, type 3
frame 1389: 35332 us total, 11451 us display, type 3
frame 1390: 30396 us total, 11771 us display, type 3
frame 1391: 28679 us total, 11535 us display, type 3
frame 1392: 29499 us total, 11454 us display, type 3
frame 1393: 20128 us total, 11447 us display, type 3
frame 1394: 34963 us total, 11450 us display, type 3
frame 1395: 31036 us total, 11460 us display, type 3
frame 1396: 29101 us total, 11464 us display, type 3
frame 1397: 20547 us total, 11452 us display, type 3
frame 1398: 33397 us total, 11691 us display, type 3
frame 1399: 29003 us total, 11463 us display, type 3
frame 1400: 22201 us total, 11451 us display, type 3
frame 1401: 34950 us total, 11458 us display, type 3
frame 1402: 30489 us total, 11485 us display, type 3
frame 1403: 21176 us total, 11449 us display, type 3
frame 1404: 34451 us total, 11682 us display, type 3
frame 1405: 30501 us total, 11472 us display, type 3
frame 1406: 27767 us total, 11472 us display, type 3
frame 1407: 21358 us total, 11444 us display, type 3
profile (avg of 128 frames, ms): logic+bsp 11.7 wait-fb 0.0 vp-mark 1.5 flats 5.0 columns 9.0 fuzz 0.0
frame 1408: 34305 us total, 11638 us display, type 3
frame 1409: 30910 us total, 11463 us display, type 3
frame 1410: 31421 us total, 11474 us display, type 3
frame 1411: 31210 us total, 11465 us display, type 3
frame 1412: 30737 us total, 11474 us display, type 3
frame 1413: 30114 us total, 11472 us display, type 3
frame 1414: 31233 us total, 11467 us display, type 3
frame 1415: 31906 us total, 11466 us display, type 3
frame 1416: 32515 us total, 11462 us display, type 3
frame 1417: 25092 us total, 11764 us display, type 3
frame 1418: 32588 us total, 11452 us display, type 3
frame 1419: 32076 us total, 11464 us display, type 3
frame 1420: 32379 us total, 11463 us display, type 3
frame 1421: 32968 us total, 11467 us display, type 3
frame 1422: 33616 us total, 11466 us display, type 3
frame 1423: 34897 us total, 11467 us display, type 3
frame 1424: 35431 us total, 11470 us display, type 3
frame 1425: 35595 us total, 11469 us display, type 3
frame 1426: 35200 us total, 11463 us display, type 3
frame 1427: 34824 us total, 11468 us display, type 3
frame 1428: 36526 us total, 11467 us display, type 3
frame 1429: 36126 us total, 11474 us display, type 3
frame 1430: 37787 us total, 11689 us display, type 3
frame 1431: 37118 us total, 11465 us display, type 3
frame 1432: 35762 us total, 11464 us display, type 3
frame 1433: 36165 us total, 11469 us display, type 3
frame 1434: 36230 us total, 11477 us display, type 3
frame 1435: 36360 us total, 11472 us display, type 3
frame 1436: 36799 us total, 11461 us display, type 3
frame 1437: 36536 us total, 11472 us display, type 3
frame 1438: 34825 us total, 11461 us display, type 3
frame 1439: 33659 us total, 11537 us display, type 3
frame 1440: 34238 us total, 11468 us display, type 3
frame 1441: 35476 us total, 11472 us display, type 3
frame 1442: 28019 us total, 11463 us display, type 3
frame 1443: 34599 us total, 11455 us display, type 3
frame 1444: 34953 us total, 11457 us display, type 3
frame 1445: 32444 us total, 11464 us display, type 3
frame 1446: 33232 us total, 11474 us display, type 3
frame 1447: 33628 us total, 11463 us display, type 3
frame 1448: 35273 us total, 11566 us display, type 3
frame 1449: 35198 us total, 11461 us display, type 3
frame 1450: 25057 us total, 11444 us display, type 3
frame 1451: 33332 us total, 11448 us display, type 3
frame 1452: 29944 us total, 11465 us display, type 3
frame 1453: 31125 us total, 11467 us display, type 3
frame 1454: 30248 us total, 11468 us display, type 3
frame 1455: 31021 us total, 11467 us display, type 3
frame 1456: 31036 us total, 11478 us display, type 3
frame 1457: 22602 us total, 11448 us display, type 3
frame 1458: 31169 us total, 11465 us display, type 3
frame 1459: 29203 us total, 11679 us display, type 3
frame 1460: 22218 us total, 11442 us display, type 3
frame 1461: 29355 us total, 11466 us display, type 3
frame 1462: 28243 us total, 11460 us display, type 3
frame 1463: 30658 us total, 11458 us display, type 3
frame 1464: 29353 us total, 11451 us display, type 3
frame 1465: 21278 us total, 11446 us display, type 3
frame 1466: 29145 us total, 11463 us display, type 3
frame 1467: 27953 us total, 11513 us display, type 3
frame 1468: 20217 us total, 11438 us display, type 3
frame 1469: 27612 us total, 11475 us display, type 3
frame 1470: 19617 us total, 11435 us display, type 3
frame 1471: 30752 us total, 11449 us display, type 3
frame 1472: 31385 us total, 11461 us display, type 3
frame 1473: 20080 us total, 11441 us display, type 3
frame 1474: 34381 us total, 11451 us display, type 3
frame 1475: 31335 us total, 11460 us display, type 3
frame 1476: 26586 us total, 11463 us display, type 3
frame 1477: 23027 us total, 11442 us display, type 3
frame 1478: 31726 us total, 11459 us display, type 3
frame 1479: 29835 us total, 11469 us display, type 3
frame 1480: 20660 us total, 11453 us display, type 3
frame 1481: 35002 us total, 11689 us display, type 3
frame 1482: 31000 us total, 11453 us display, type 3
frame 1483: 27952 us total, 11458 us display, type 3
frame 1484: 19467 us total, 11428 us display, type 3
frame 1485: 34332 us total, 11466 us display, type 3
frame 1486: 30507 us total, 11467 us display, type 3
frame 1487: 21527 us total, 11440 us display, type 3
frame 1488: 33388 us total, 11453 us display, type 3
frame 1489: 32567 us total, 11472 us display, type 3
frame 1490: 20384 us total, 11432 us display, type 3
frame 1491: 34786 us total, 11448 us display, type 3
frame 1492: 30643 us total, 11467 us display, type 3
frame 1493: 28510 us total, 11460 us display, type 3
frame 1494: 20074 us total, 11436 us display, type 3
frame 1495: 32323 us total, 11465 us display, type 3
frame 1496: 31296 us total, 11474 us display, type 3
frame 1497: 33860 us total, 11479 us display, type 3
frame 1498: 21157 us total, 11448 us display, type 3
frame 1499: 35869 us total, 11505 us display, type 3
frame 1500: 32367 us total, 11472 us display, type 3
frame 1501: 32355 us total, 11461 us display, type 3
frame 1502: 31898 us total, 11465 us display, type 3
frame 1503: 25826 us total, 11450 us display, type 3
frame 1504: 34448 us total, 11454 us display, type 3
frame 1505: 32435 us total, 11472 us display, type 3
frame 1506: 33365 us total, 11468 us display, type 3
frame 1507: 24351 us total, 11461 us display, type 3
frame 1508: 32536 us total, 11462 us display, type 3
frame 1509: 32196 us total, 11466 us display, type 3
frame 1510: 30277 us total, 11480 us display, type 3
frame 1511: 31417 us total, 11565 us display, type 3
frame 1512: 24066 us total, 11460 us display, type 3
frame 1513: 34574 us total, 11448 us display, type 3
frame 1514: 31957 us total, 11473 us display, type 3
frame 1515: 32936 us total, 11470 us display, type 3
frame 1516: 23992 us total, 11455 us display, type 3
frame 1517: 31044 us total, 11477 us display, type 3
frame 1518: 29865 us total, 11470 us display, type 3
frame 1519: 21445 us total, 11450 us display, type 3
frame 1520: 28086 us total, 11460 us display, type 3
frame 1521: 29245 us total, 11462 us display, type 3
frame 1522: 21431 us total, 11444 us display, type 3
frame 1523: 33447 us total, 11457 us display, type 3
frame 1524: 28165 us total, 11466 us display, type 3
frame 1525: 20080 us total, 11446 us display, type 3
frame 1526: 31961 us total, 11458 us display, type 3
frame 1527: 27994 us total, 11459 us display, type 3
frame 1528: 22651 us total, 11442 us display, type 3
frame 1529: 31917 us total, 11459 us display, type 3
frame 1530: 31508 us total, 11460 us display, type 3
frame 1531: 28992 us total, 11462 us display, type 3
frame 1532: 23066 us total, 11456 us display, type 3
frame 1533: 32369 us total, 11457 us display, type 3
frame 1534: 30184 us total, 11450 us display, type 3
frame 1535: 27614 us total, 11466 us display, type 3
profile (avg of 128 frames, ms): logic+bsp 6.9 wait-fb 0.0 vp-mark 1.6 flats 5.2 columns 8.6 fuzz 0.0
frame 1536: 28230 us total, 11452 us display, type 3
audio: 84 underruns, 41 ms queued
mem @frame 1536: heap free 37720, largest 14592, min ever 37584, zone free 41204, display stack free 4380, uptime 48 s, gamestate 0, demo 1, usergame 0, tic 1649
frame 1537: 30651 us total, 11461 us display, type 3
frame 1538: 28073 us total, 11463 us display, type 3
frame 1539: 21285 us total, 11441 us display, type 3
frame 1540: 31598 us total, 11458 us display, type 3
frame 1541: 29363 us total, 11462 us display, type 3
frame 1542: 22246 us total, 11555 us display, type 3
frame 1543: 30858 us total, 11443 us display, type 3
frame 1544: 28934 us total, 11443 us display, type 3
frame 1545: 23802 us total, 11457 us display, type 3
frame 1546: 33976 us total, 11451 us display, type 3
frame 1547: 28398 us total, 11447 us display, type 3
frame 1548: 28220 us total, 11449 us display, type 3
frame 1549: 21789 us total, 11442 us display, type 3
frame 1550: 34626 us total, 11449 us display, type 3
frame 1551: 27795 us total, 11450 us display, type 3
frame 1552: 29033 us total, 11450 us display, type 3
frame 1553: 29620 us total, 11448 us display, type 3
frame 1554: 30091 us total, 11496 us display, type 3
frame 1555: 23874 us total, 11443 us display, type 3
frame 1556: 32768 us total, 11444 us display, type 3
frame 1557: 29234 us total, 11443 us display, type 3
frame 1558: 28097 us total, 11453 us display, type 3
frame 1559: 23495 us total, 11446 us display, type 3
frame 1560: 32738 us total, 11450 us display, type 3
frame 1561: 28835 us total, 11450 us display, type 3
frame 1562: 29922 us total, 11454 us display, type 3
frame 1563: 28887 us total, 11453 us display, type 3
frame 1564: 22740 us total, 11514 us display, type 3
frame 1565: 33196 us total, 11445 us display, type 3
frame 1566: 27461 us total, 11451 us display, type 3
frame 1567: 28294 us total, 11447 us display, type 3
frame 1568: 31932 us total, 11453 us display, type 3
frame 1569: 33594 us total, 11463 us display, type 3
frame 1570: 33420 us total, 11461 us display, type 3
frame 1571: 33954 us total, 11475 us display, type 3
frame 1572: 34279 us total, 11615 us display, type 3
frame 1573: 32341 us total, 11459 us display, type 3
frame 1574: 30840 us total, 11467 us display, type 3
frame 1575: 31710 us total, 11460 us display, type 3
frame 1576: 31360 us total, 11466 us display, type 3
frame 1577: 23527 us total, 11448 us display, type 3
frame 1578: 30184 us total, 11470 us display, type 3
frame 1579: 28913 us total, 11697 us display, type 3
frame 1580: 28523 us total, 11459 us display, type 3
frame 1581: 28176 us total, 11467 us display, type 3
frame 1582: 30147 us total, 11466 us display, type 3
frame 1583: 29547 us total, 11460 us display, type 3
frame 1584: 29775 us total, 11460 us display, type 3
frame 1585: 29848 us total, 11468 us display, type 3
frame 1586: 27531 us total, 11455 us display, type 3
frame 1587: 23424 us total, 11452 us display, type 3
frame 1588: 28114 us total, 11460 us display, type 3
frame 1589: 30456 us total, 11457 us display, type 3
frame 1590: 34418 us total, 11450 us display, type 3
frame 1591: 32948 us total, 11459 us display, type 3
frame 1592: 31335 us total, 11472 us display, type 3
frame 1593: 30693 us total, 11470 us display, type 3
frame 1594: 28189 us total, 11457 us display, type 3
frame 1595: 28306 us total, 11468 us display, type 3
frame 1596: 22206 us total, 11500 us display, type 3
frame 1597: 28386 us total, 11459 us display, type 3
frame 1598: 28866 us total, 11461 us display, type 3
frame 1599: 26793 us total, 11466 us display, type 3
frame 1600: 27096 us total, 11470 us display, type 3
frame 1601: 25156 us total, 11456 us display, type 3
frame 1602: 31126 us total, 11458 us display, type 3
frame 1603: 31841 us total, 11473 us display, type 3
frame 1604: 29577 us total, 11464 us display, type 3
frame 1605: 29006 us total, 11458 us display, type 3
frame 1606: 22136 us total, 11453 us display, type 3
frame 1607: 31819 us total, 11460 us display, type 3
frame 1608: 28499 us total, 11458 us display, type 3
frame 1609: 28893 us total, 11490 us display, type 3
frame 1610: 29614 us total, 11466 us display, type 3
frame 1611: 21688 us total, 11490 us display, type 3
frame 1612: 33045 us total, 11447 us display, type 3
frame 1613: 30241 us total, 11459 us display, type 3
frame 1614: 28188 us total, 11764 us display, type 3
frame 1615: 22546 us total, 11452 us display, type 3
frame 1616: 31416 us total, 11555 us display, type 3
frame 1617: 29593 us total, 11453 us display, type 3
frame 1618: 31047 us total, 11454 us display, type 3
frame 1619: 21152 us total, 11444 us display, type 3
frame 1620: 36353 us total, 11465 us display, type 3
frame 1621: 30888 us total, 11464 us display, type 3
frame 1622: 28160 us total, 11465 us display, type 3
frame 1623: 19396 us total, 11457 us display, type 3
frame 1624: 34710 us total, 11525 us display, type 3
frame 1625: 28795 us total, 11461 us display, type 3
frame 1626: 29941 us total, 11463 us display, type 3
frame 1627: 20366 us total, 11443 us display, type 3
frame 1628: 35767 us total, 11456 us display, type 3
frame 1629: 30255 us total, 11461 us display, type 3
frame 1630: 29412 us total, 11464 us display, type 3
frame 1631: 20015 us total, 11448 us display, type 3
frame 1632: 34022 us total, 11459 us display, type 3
frame 1633: 29679 us total, 11451 us display, type 3
frame 1634: 20896 us total, 11526 us display, type 3
frame 1635: 35434 us total, 11565 us display, type 3
frame 1636: 30815 us total, 11455 us display, type 3
frame 1637: 19626 us total, 11447 us display, type 3
frame 1638: 35554 us total, 11454 us display, type 3
frame 1639: 29497 us total, 11466 us display, type 3
frame 1640: 29115 us total, 11457 us display, type 3
frame 1641: 21033 us total, 11447 us display, type 3
frame 1642: 33593 us total, 11454 us display, type 3
frame 1643: 30894 us total, 11463 us display, type 3
frame 1644: 29319 us total, 11456 us display, type 3
frame 1645: 20108 us total, 11449 us display, type 3
frame 1646: 33824 us total, 11456 us display, type 3
frame 1647: 30944 us total, 11466 us display, type 3
frame 1648: 29535 us total, 11456 us display, type 3
frame 1649: 28999 us total, 11461 us display, type 3
frame 1650: 19669 us total, 11447 us display, type 3
frame 1651: 35771 us total, 11591 us display, type 3
frame 1652: 29972 us total, 11613 us display, type 3
frame 1653: 29173 us total, 11459 us display, type 3
frame 1654: 30410 us total, 11465 us display, type 3
frame 1655: 20360 us total, 11455 us display, type 3
frame 1656: 32717 us total, 11450 us display, type 3
frame 1657: 30135 us total, 11457 us display, type 3
frame 1658: 29133 us total, 11466 us display, type 3
frame 1659: 20506 us total, 11455 us display, type 3
frame 1660: 34105 us total, 11450 us display, type 3
frame 1661: 29404 us total, 11463 us display, type 3
frame 1662: 29694 us total, 11459 us display, type 3
frame 1663: 20207 us total, 11677 us display, type 3
profile (avg of 128 frames, ms): logic+bsp 4.6 wait-fb 0.0 vp-mark 1.6 flats 5.3 columns 7.2 fuzz 0.0
frame 1664: 36187 us total, 11454 us display, type 3
frame 1665: 28948 us total, 11461 us display, type 3
frame 1666: 29128 us total, 11463 us display, type 3
frame 1667: 20437 us total, 11449 us display, type 3
frame 1668: 36115 us total, 11498 us display, type 3
frame 1669: 30643 us total, 11464 us display, type 3
frame 1670: 29958 us total, 11489 us display, type 3
frame 1671: 20711 us total, 11451 us display, type 3
frame 1672: 32608 us total, 11464 us display, type 3
frame 1673: 30587 us total, 11755 us display, type 3
frame 1674: 20976 us total, 11461 us display, type 3
frame 1675: 35498 us total, 11448 us display, type 3
frame 1676: 30759 us total, 11458 us display, type 3
frame 1677: 20198 us total, 11445 us display, type 3
frame 1678: 34576 us total, 11638 us display, type 3
frame 1679: 30509 us total, 11460 us display, type 3
frame 1680: 19169 us total, 11456 us display, type 3
frame 1681: 34223 us total, 11463 us display, type 3
frame 1682: 29050 us total, 11463 us display, type 3
frame 1683: 18101 us total, 11429 us display, type 3
frame 1684: 37666 us total, 11457 us display, type 3
frame 1685: 31350 us total, 11456 us display, type 3
frame 1686: 28731 us total, 11467 us display, type 3
frame 1687: 18282 us total, 11425 us display, type 3
frame 1688: 35235 us total, 11449 us display, type 3
frame 1689: 30187 us total, 11512 us display, type 3
frame 1690: 23554 us total, 11460 us display, type 3
frame 1691: 37714 us total, 11454 us display, type 3
frame 1692: 37600 us total, 11593 us display, type 3
frame 1693: 38054 us total, 11475 us display, type 3
frame 1694: 38199 us total, 11459 us display, type 3
frame 1695: 39738 us total, 11462 us display, type 3
frame 1696: 38477 us total, 11479 us display, type 3
frame 1697: 39047 us total, 11475 us display, type 3
frame 1698: 39708 us total, 11552 us display, type 3
frame 1699: 39499 us total, 11467 us display, type 3
frame 1700: 37808 us total, 11479 us display, type 3
frame 1701: 39080 us total, 11480 us display, type 3
frame 1702: 37661 us total, 11461 us display, type 3
frame 1703: 39182 us total, 11482 us display, type 3
frame 1704: 39709 us total, 11466 us display, type 3
frame 1705: 38668 us total, 11470 us display, type 3
frame 1706: 39903 us total, 11472 us display, type 3
frame 1707: 38811 us total, 11473 us display, type 3
frame 1708: 38196 us total, 11468 us display, type 3
frame 1709: 39123 us total, 11566 us display, type 3
frame 1710: 27956 us total, 11466 us display, type 3
frame 1711: 38272 us total, 11452 us display, type 3
frame 1712: 38012 us total, 11460 us display, type 3
frame 1713: 38210 us total, 11459 us display, type 3
frame 1714: 37660 us total, 11453 us display, type 3
frame 1715: 36014 us total, 11464 us display, type 3
frame 1716: 38238 us total, 11474 us display, type 3
frame 1717: 36692 us total, 11465 us display, type 3
frame 1718: 40413 us total, 11473 us display, type 3
frame 1719: 42564 us total, 11472 us display, type 3
frame 1720: 42367 us total, 11458 us display, type 3
frame 1721: 44977 us total, 11451 us display, type 3
frame 1722: 41701 us total, 11450 us display, type 3
frame 1723: 43269 us total, 11448 us display, type 3
frame 1724: 44003 us total, 11455 us display, type 3
frame 1725: 43539 us total, 11456 us display, type 3
frame 1726: 41069 us total, 11459 us display, type 3
frame 1727: 40784 us total, 11464 us display, type 3
frame 1728: 40383 us total, 11450 us display, type 3
frame 1729: 40562 us total, 11460 us display, type 3
frame 1730: 42571 us total, 11448 us display, type 3
frame 1731: 40201 us total, 11460 us display, type 3
frame 1732: 42147 us total, 11460 us display, type 3
frame 1733: 40429 us total, 11455 us display, type 3
frame 1734: 42010 us total, 11454 us display, type 3
frame 1735: 40386 us total, 11454 us display, type 3
frame 1736: 41825 us total, 11452 us display, type 3
frame 1737: 43600 us total, 11461 us display, type 3
frame 1738: 56807 us total, 11480 us display, type 3
frame 1739: 41611 us total, 11466 us display, type 3
frame 1740: 41627 us total, 11473 us display, type 3
frame 1741: 42574 us total, 11467 us display, type 3
frame 1742: 39699 us total, 11469 us display, type 3
frame 1743: 40842 us total, 11473 us display, type 3
frame 1744: 42279 us total, 11491 us display, type 3
frame 1745: 40953 us total, 11481 us display, type 3
frame 1746: 41211 us total, 11472 us display, type 3
frame 1747: 41446 us total, 11484 us display, type 3
frame 1748: 42669 us total, 11472 us display, type 3
frame 1749: 41781 us total, 11468 us display, type 3
frame 1750: 43204 us total, 11468 us display, type 3
frame 1751: 41834 us total, 11468 us display, type 3
frame 1752: 44178 us total, 11475 us display, type 3
frame 1753: 44466 us total, 11452 us display, type 3
frame 1754: 46276 us total, 11461 us display, type 3
frame 1755: 43371 us total, 11461 us display, type 3
frame 1756: 44803 us total, 11457 us display, type 3
frame 1757: 42665 us total, 11453 us display, type 3
frame 1758: 45122 us total, 11453 us display, type 3
frame 1759: 55427 us total, 11476 us display, type 3
frame 1760: 45841 us total, 11475 us display, type 3
frame 1761: 46349 us total, 11460 us display, type 3
frame 1762: 40948 us total, 11460 us display, type 3
frame 1763: 40573 us total, 11458 us display, type 3
frame 1764: 40653 us total, 11460 us display, type 3
frame 1765: 41089 us total, 11466 us display, type 3
frame 1766: 40351 us total, 11588 us display, type 3
frame 1767: 40951 us total, 11468 us display, type 3
frame 1768: 39031 us total, 11472 us display, type 3
frame 1769: 47284 us total, 11451 us display, type 3
frame 1770: 45334 us total, 11457 us display, type 3
frame 1771: 45387 us total, 11460 us display, type 3
frame 1772: 43028 us total, 11466 us display, type 3
frame 1773: 46078 us total, 11456 us display, type 3
frame 1774: 53057 us total, 11481 us display, type 3
frame 1775: 46009 us total, 11468 us display, type 3
frame 1776: 45649 us total, 11462 us display, type 3
frame 1777: 45133 us total, 11460 us display, type 3
frame 1778: 42516 us total, 11463 us display, type 3
frame 1779: 43778 us total, 11463 us display, type 3
frame 1780: 41844 us total, 11464 us display, type 3
frame 1781: 55545 us total, 11462 us display, type 3
frame 1782: 44652 us total, 11462 us display, type 3
frame 1783: 44020 us total, 11462 us display, type 3
frame 1784: 45081 us total, 11467 us display, type 3
frame 1785: 41637 us total, 11734 us display, type 3
frame 1786: 42048 us total, 11462 us display, type 3
frame 1787: 42975 us total, 11568 us display, type 3
frame 1788: 42977 us total, 11468 us display, type 3
frame 1789: 42875 us total, 11455 us display, type 3
frame 1790: 43069 us total, 11459 us display, type 3
frame 1791: 42102 us total, 11462 us display, type 3
profile (avg of 128 frames, ms): logic+bsp 10.2 wait-fb 0.0 vp-mark 2.0 flats 7.6 columns 9.4 fuzz 0.0
frame 1792: 43884 us total, 11457 us display, type 3
audio: 84 underruns, 20 ms queued
mem @frame 1792: heap free 37720, largest 14592, min ever 37584, zone free 41164, display stack free 4380, uptime 57 s, gamestate 0, demo 1, usergame 0, tic 1953
frame 1793: 42854 us total, 11461 us display, type 3
frame 1794: 54889 us total, 11468 us display, type 3
frame 1795: 44088 us total, 11471 us display, type 3
frame 1796: 43167 us total, 11471 us display, type 3
frame 1797: 43225 us total, 11484 us display, type 3
frame 1798: 43242 us total, 11463 us display, type 3
frame 1799: 42141 us total, 11466 us display, type 3
frame 1800: 44143 us total, 11461 us display, type 3
frame 1801: 43131 us total, 11464 us display, type 3
frame 1802: 45174 us total, 11458 us display, type 3
frame 1803: 43492 us total, 11452 us display, type 3
frame 1804: 44746 us total, 11471 us display, type 3
frame 1805: 44808 us total, 11457 us display, type 3
frame 1806: 43635 us total, 11454 us display, type 3
frame 1807: 53606 us total, 11470 us display, type 3
frame 1808: 45663 us total, 11474 us display, type 3
frame 1809: 43040 us total, 11481 us display, type 3
frame 1810: 42018 us total, 11477 us display, type 3
frame 1811: 37225 us total, 11478 us display, type 3
frame 1812: 41647 us total, 11536 us display, type 3
frame 1813: 40566 us total, 11477 us display, type 3
frame 1814: 42826 us total, 11473 us display, type 3
frame 1815: 44135 us total, 11478 us display, type 3
frame 1816: 45714 us total, 11473 us display, type 3
frame 1817: 43910 us total, 11542 us display, type 3
frame 1818: 43196 us total, 11463 us display, type 3
frame 1819: 42553 us total, 11457 us display, type 3
frame 1820: 45264 us total, 11458 us display, type 3
frame 1821: 44569 us total, 11520 us display, type 3
frame 1822: 45285 us total, 11690 us display, type 3
frame 1823: 54536 us total, 11472 us display, type 3
frame 1824: 41013 us total, 11469 us display, type 3
frame 1825: 42810 us total, 11477 us display, type 3
frame 1826: 42743 us total, 11480 us display, type 3
frame 1827: 41377 us total, 11468 us display, type 3
frame 1828: 41163 us total, 11476 us display, type 3
frame 1829: 40349 us total, 11468 us display, type 3
frame 1830: 40693 us total, 11467 us display, type 3
frame 1831: 41555 us total, 11472 us display, type 3
frame 1832: 39856 us total, 11474 us display, type 3
frame 1833: 39755 us total, 11593 us display, type 3
frame 1834: 43738 us total, 11470 us display, type 3
frame 1835: 43139 us total, 11467 us display, type 3
frame 1836: 43562 us total, 11486 us display, type 3
frame 1837: 41537 us total, 11476 us display, type 3
frame 1838: 44671 us total, 11791 us display, type 3
frame 1839: 41380 us total, 11460 us display, type 3
frame 1840: 43052 us total, 11453 us display, type 3
frame 1841: 40651 us total, 11458 us display, type 3
frame 1842: 44755 us total, 11468 us display, type 3
frame 1843: 42571 us total, 11464 us display, type 3
frame 1844: 44185 us total, 11461 us display, type 3
frame 1845: 44827 us total, 11465 us display, type 3
frame 1846: 46949 us total, 11454 us display, type 3
frame 1847: 56710 us total, 11463 us display, type 3
frame 1848: 44048 us total, 11470 us display, type 3
frame 1849: 44271 us total, 11514 us display, type 3
frame 1850: 43860 us total, 11459 us display, type 3
frame 1851: 43878 us total, 11467 us display, type 3
frame 1852: 44950 us total, 11451 us display, type 3
frame 1853: 43507 us total, 11454 us display, type 3
frame 1854: 43340 us total, 11449 us display, type 3
frame 1855: 43196 us total, 11465 us display, type 3
frame 1856: 42312 us total, 11454 us display, type 3
frame 1857: 41104 us total, 11469 us display, type 3
frame 1858: 43122 us total, 11709 us display, type 3
frame 1859: 42250 us total, 11464 us display, type 3
frame 1860: 42257 us total, 11455 us display, type 3
frame 1861: 57424 us total, 11479 us display, type 3
frame 1862: 41488 us total, 11482 us display, type 3
frame 1863: 42479 us total, 11471 us display, type 3
frame 1864: 41241 us total, 11480 us display, type 3
frame 1865: 38596 us total, 11469 us display, type 3
frame 1866: 37098 us total, 11464 us display, type 3
frame 1867: 25565 us total, 11457 us display, type 3
frame 1868: 37223 us total, 11456 us display, type 3
frame 1869: 37147 us total, 11604 us display, type 3
frame 1870: 35908 us total, 11467 us display, type 3
frame 1871: 35840 us total, 11727 us display, type 3
frame 1872: 37418 us total, 11477 us display, type 3
frame 1873: 37158 us total, 11469 us display, type 3
frame 1874: 24389 us total, 11457 us display, type 3
frame 1875: 36011 us total, 11460 us display, type 3
frame 1876: 34512 us total, 11468 us display, type 3
frame 1877: 34426 us total, 11463 us display, type 3
frame 1878: 33179 us total, 11476 us display, type 3
frame 1879: 23367 us total, 11454 us display, type 3
frame 1880: 35586 us total, 11447 us display, type 3
frame 1881: 32624 us total, 11466 us display, type 3
frame 1882: 33823 us total, 11461 us display, type 3
frame 1883: 21850 us total, 11446 us display, type 3
frame 1884: 31899 us total, 11472 us display, type 3
frame 1885: 32972 us total, 11461 us display, type 3
frame 1886: 31605 us total, 11460 us display, type 3
frame 1887: 21811 us total, 11457 us display, type 3
frame 1888: 32171 us total, 11583 us display, type 3
frame 1889: 32430 us total, 11463 us display, type 3
frame 1890: 23030 us total, 11452 us display, type 3
frame 1891: 32341 us total, 11469 us display, type 3
frame 1892: 32547 us total, 11459 us display, type 3
frame 1893: 32529 us total, 11457 us display, type 3
frame 1894: 31760 us total, 11470 us display, type 3
frame 1895: 22810 us total, 11450 us display, type 3
frame 1896: 35659 us total, 11458 us display, type 3
frame 1897: 31340 us total, 11466 us display, type 3
frame 1898: 21164 us total, 11459 us display, type 3
frame 1899: 35519 us total, 11450 us display, type 3
frame 1900: 30904 us total, 11459 us display, type 3
frame 1901: 30767 us total, 11463 us display, type 3
frame 1902: 20988 us total, 11470 us display, type 3
frame 1903: 29818 us total, 11464 us display, type 3
frame 1904: 30557 us total, 11585 us display, type 3
frame 1905: 19797 us total, 11558 us display, type 3
frame 1906: 32992 us total, 11457 us display, type 3
frame 1907: 30742 us total, 11466 us display, type 3
frame 1908: 19913 us total, 11469 us display, type 3
frame 1909: 34708 us total, 11458 us display, type 3
frame 1910: 30377 us total, 11467 us display, type 3
frame 1911: 20737 us total, 11459 us display, type 3
frame 1912: 35191 us total, 11456 us display, type 3
frame 1913: 29870 us total, 11462 us display, type 3
frame 1914: 31412 us total, 11458 us display, type 3
frame 1915: 32797 us total, 11467 us display, type 3
frame 1916: 22601 us total, 11452 us display, type 3
frame 1917: 31568 us total, 11465 us display, type 3
frame 1918: 31501 us total, 11464 us display, type 3
frame 1919: 22274 us total, 11458 us display, type 3
profile (avg of 128 frames, ms): logic+bsp 10.3 wait-fb 0.0 vp-mark 2.2 flats 7.5 columns 9.4 fuzz 0.0
frame 1920: 33086 us total, 11460 us display, type 3
frame 1921: 33138 us total, 11472 us display, type 3
frame 1922: 30315 us total, 11459 us display, type 3
frame 1923: 20452 us total, 11467 us display, type 3
frame 1924: 34005 us total, 11470 us display, type 3
frame 1925: 33904 us total, 11461 us display, type 3
frame 1926: 36791 us total, 11459 us display, type 3
frame 1927: 26601 us total, 11456 us display, type 3
frame 1928: 34646 us total, 11456 us display, type 3
frame 1929: 35111 us total, 11470 us display, type 3
frame 1930: 37127 us total, 11473 us display, type 3
frame 1931: 36949 us total, 11467 us display, type 3
frame 1932: 24158 us total, 11458 us display, type 3
frame 1933: 36520 us total, 11449 us display, type 3
frame 1934: 35416 us total, 11519 us display, type 3
frame 1935: 36590 us total, 11463 us display, type 3
frame 1936: 34934 us total, 11469 us display, type 3
frame 1937: 35635 us total, 11470 us display, type 3
frame 1938: 25470 us total, 11454 us display, type 3
frame 1939: 36809 us total, 11461 us display, type 3
frame 1940: 36639 us total, 11452 us display, type 3
frame 1941: 37049 us total, 11469 us display, type 3
frame 1942: 38109 us total, 11481 us display, type 3
frame 1943: 37217 us total, 11475 us display, type 3
frame 1944: 37207 us total, 11469 us display, type 3
frame 1945: 37668 us total, 11465 us display, type 3
frame 1946: 26838 us total, 11452 us display, type 3
frame 1947: 36876 us total, 11455 us display, type 3
frame 1948: 38325 us total, 11452 us display, type 3
frame 1949: 36639 us total, 11479 us display, type 3
frame 1950: 36834 us total, 11477 us display, type 3
frame 1951: 37826 us total, 11769 us display, type 3
frame 1952: 36311 us total, 11473 us display, type 3
frame 1953: 25606 us total, 11456 us display, type 3
frame 1954: 35082 us total, 11453 us display, type 3
frame 1955: 36567 us total, 11454 us display, type 3
frame 1956: 34369 us total, 11467 us display, type 3
frame 1957: 34933 us total, 11462 us display, type 3
frame 1958: 24695 us total, 11581 us display, type 3
frame 1959: 34980 us total, 11459 us display, type 3
frame 1960: 34669 us total, 11467 us display, type 3
frame 1961: 32751 us total, 11460 us display, type 3
frame 1962: 32788 us total, 11469 us display, type 3
frame 1963: 22493 us total, 11465 us display, type 3
frame 1964: 35446 us total, 11464 us display, type 3
frame 1965: 31937 us total, 11462 us display, type 3
frame 1966: 32225 us total, 11459 us display, type 3
frame 1967: 21115 us total, 11454 us display, type 3
frame 1968: 31087 us total, 11472 us display, type 3
frame 1969: 32136 us total, 11509 us display, type 3
frame 1970: 21313 us total, 11451 us display, type 3
frame 1971: 31310 us total, 11455 us display, type 3
frame 1972: 31231 us total, 11468 us display, type 3
frame 1973: 22221 us total, 11459 us display, type 3
frame 1974: 31654 us total, 11455 us display, type 3
frame 1975: 31112 us total, 11461 us display, type 3
frame 1976: 21792 us total, 11449 us display, type 3
frame 1977: 31459 us total, 11471 us display, type 3
frame 1978: 31665 us total, 11462 us display, type 3
frame 1979: 31221 us total, 11471 us display, type 3
frame 1980: 20877 us total, 11456 us display, type 3
frame 1981: 31034 us total, 11458 us display, type 3
frame 1982: 30063 us total, 11471 us display, type 3
frame 1983: 19999 us total, 11454 us display, type 3
frame 1984: 32880 us total, 11452 us display, type 3
frame 1985: 28316 us total, 11582 us display, type 3
frame 1986: 18511 us total, 11432 us display, type 3
frame 1987: 33927 us total, 11460 us display, type 3
frame 1988: 30142 us total, 11781 us display, type 3
frame 1989: 18386 us total, 11428 us display, type 3
frame 1990: 34601 us total, 11466 us display, type 3
frame 1991: 31342 us total, 11468 us display, type 3
frame 1992: 20438 us total, 11442 us display, type 3
frame 1993: 37466 us total, 11460 us display, type 3
frame 1994: 30267 us total, 11462 us display, type 3
frame 1995: 30625 us total, 11693 us display, type 3
frame 1996: 18227 us total, 11441 us display, type 3
frame 1997: 34374 us total, 11450 us display, type 3
frame 1998: 32584 us total, 11468 us display, type 3
frame 1999: 20641 us total, 11447 us display, type 3
frame 2000: 37212 us total, 11457 us display, type 3
frame 2001: 34035 us total, 11470 us display, type 3
frame 2002: 32974 us total, 11474 us display, type 3
frame 2003: 34473 us total, 11460 us display, type 3
frame 2004: 24017 us total, 11454 us display, type 3
frame 2005: 35305 us total, 11458 us display, type 3
frame 2006: 35206 us total, 11471 us display, type 3
frame 2007: 35478 us total, 11469 us display, type 3
frame 2008: 37566 us total, 11475 us display, type 3
frame 2009: 25543 us total, 11452 us display, type 3
frame 2010: 38015 us total, 11564 us display, type 3
frame 2011: 37590 us total, 11464 us display, type 3
frame 2012: 39714 us total, 11462 us display, type 3
frame 2013: 41229 us total, 11458 us display, type 3
frame 2014: 39248 us total, 11461 us display, type 3
frame 2015: 40801 us total, 11459 us display, type 3
frame 2016: 38005 us total, 11471 us display, type 3
frame 2017: 39730 us total, 11476 us display, type 3
frame 2018: 40068 us total, 11471 us display, type 3
frame 2019: 40429 us total, 11467 us display, type 3
frame 2020: 39514 us total, 11470 us display, type 3
frame 2021: 40106 us total, 11477 us display, type 3
frame 2022: 37145 us total, 11486 us display, type 3
frame 2023: 39435 us total, 11464 us display, type 3
frame 2024: 27025 us total, 11457 us display, type 3
frame 2025: 38178 us total, 11459 us display, type 3
frame 2026: 37490 us total, 11468 us display, type 3
frame 2027: 40662 us total, 11457 us display, type 3
frame 2028: 37173 us total, 11461 us display, type 3
frame 2029: 37956 us total, 11480 us display, type 3
frame 2030: 34815 us total, 11463 us display, type 3
frame 2031: 33772 us total, 11469 us display, type 3
frame 2032: 23296 us total, 11494 us display, type 3
frame 2033: 35046 us total, 11454 us display, type 3
frame 2034: 33539 us total, 11466 us display, type 3
frame 2035: 35358 us total, 11465 us display, type 3
frame 2036: 35402 us total, 11468 us display, type 3
frame 2037: 24254 us total, 11453 us display, type 3
frame 2038: 34231 us total, 11461 us display, type 3
frame 2039: 34611 us total, 11461 us display, type 3
frame 2040: 33992 us total, 11460 us display, type 3
frame 2041: 21617 us total, 11455 us display, type 3
frame 2042: 33796 us total, 11662 us display, type 3
frame 2043: 33542 us total, 11786 us display, type 3
frame 2044: 34780 us total, 11471 us display, type 3
frame 2045: 22518 us total, 11457 us display, type 3
frame 2046: 35587 us total, 11454 us display, type 3
frame 2047: 31780 us total, 11477 us display, type 3
profile (avg of 128 frames, ms): logic+bsp 8.1 wait-fb 0.0 vp-mark 1.6 flats 4.3 columns 8.6 fuzz 0.0
frame 2048: 32857 us total, 11462 us display, type 3
audio: 84 underruns, 41 ms queued
mem @frame 2048: heap free 37672, largest 14592, min ever 37496, zone free 40884, display stack free 4380, uptime 66 s, gamestate 0, demo 1, usergame 0, tic 2270
frame 2049: 21938 us total, 11445 us display, type 3
frame 2050: 31888 us total, 11460 us display, type 3
frame 2051: 32450 us total, 11474 us display, type 3
frame 2052: 19917 us total, 11612 us display, type 3
frame 2053: 32050 us total, 11565 us display, type 3
frame 2054: 31925 us total, 11475 us display, type 3
frame 2055: 33254 us total, 11472 us display, type 3
frame 2056: 22396 us total, 11451 us display, type 3
frame 2057: 33963 us total, 11514 us display, type 3
frame 2058: 35520 us total, 11586 us display, type 3
frame 2059: 34233 us total, 11464 us display, type 3
frame 2060: 22063 us total, 11452 us display, type 3
frame 2061: 33729 us total, 11493 us display, type 3
frame 2062: 35353 us total, 11480 us display, type 3
frame 2063: 37322 us total, 11464 us display, type 3
frame 2064: 34693 us total, 11735 us display, type 3
frame 2065: 24236 us total, 11458 us display, type 3
frame 2066: 34587 us total, 11761 us display, type 3
frame 2067: 34415 us total, 11470 us display, type 3
frame 2068: 31880 us total, 11466 us display, type 3
frame 2069: 22186 us total, 11444 us display, type 3
frame 2070: 35733 us total, 11459 us display, type 3
frame 2071: 33808 us total, 11467 us display, type 3
frame 2072: 32259 us total, 11461 us display, type 3
frame 2073: 21432 us total, 11461 us display, type 3
frame 2074: 32847 us total, 11473 us display, type 3
frame 2075: 31889 us total, 11483 us display, type 3
frame 2076: 22754 us total, 11452 us display, type 3
frame 2077: 32448 us total, 11460 us display, type 3
frame 2078: 31997 us total, 11465 us display, type 3
frame 2079: 33253 us total, 11468 us display, type 3
frame 2080: 22097 us total, 11454 us display, type 3
frame 2081: 32872 us total, 11451 us display, type 3
frame 2082: 32010 us total, 11465 us display, type 3
frame 2083: 32814 us total, 11478 us display, type 3
frame 2084: 23474 us total, 11449 us display, type 3
frame 2085: 31610 us total, 11478 us display, type 3
frame 2086: 30728 us total, 11464 us display, type 3
frame 2087: 21151 us total, 11459 us display, type 3
frame 2088: 31117 us total, 11658 us display, type 3
frame 2089: 31347 us total, 11707 us display, type 3
frame 2090: 20278 us total, 11482 us display, type 3
frame 2091: 30826 us total, 11461 us display, type 3
frame 2092: 30590 us total, 11471 us display, type 3
frame 2093: 20187 us total, 11610 us display, type 3
frame 2094: 30435 us total, 11458 us display, type 3
frame 2095: 29374 us total, 11462 us display, type 3
frame 2096: 19762 us total, 11456 us display, type 3
frame 2097: 29919 us total, 11460 us display, type 3
frame 2098: 29573 us total, 11464 us display, type 3
frame 2099: 19998 us total, 11444 us display, type 3
frame 2100: 32888 us total, 11467 us display, type 3
frame 2101: 29937 us total, 11454 us display, type 3
frame 2102: 19835 us total, 11450 us display, type 3
frame 2103: 33838 us total, 11464 us display, type 3
frame 2104: 29445 us total, 11467 us display, type 3
frame 2105: 20886 us total, 11448 us display, type 3
frame 2106: 34663 us total, 11466 us display, type 3
frame 2107: 31040 us total, 11467 us display, type 3
frame 2108: 19344 us total, 11443 us display, type 3
frame 2109: 34762 us total, 11479 us display, type 3
frame 2110: 30310 us total, 11467 us display, type 3
frame 2111: 29359 us total, 11465 us display, type 3
frame 2112: 20101 us total, 11446 us display, type 3
frame 2113: 33583 us total, 11459 us display, type 3
frame 2114: 34728 us total, 11474 us display, type 3
frame 2115: 28842 us total, 11473 us display, type 3
frame 2116: 19771 us total, 11456 us display, type 3
frame 2117: 34530 us total, 11464 us display, type 3
frame 2118: 29410 us total, 11460 us display, type 3
frame 2119: 20229 us total, 11455 us display, type 3
frame 2120: 34476 us total, 11465 us display, type 3
frame 2121: 32756 us total, 11467 us display, type 3
frame 2122: 19968 us total, 11517 us display, type 3
frame 2123: 35425 us total, 11460 us display, type 3
frame 2124: 30247 us total, 11465 us display, type 3
frame 2125: 19553 us total, 11450 us display, type 3
frame 2126: 36661 us total, 11516 us display, type 3
frame 2127: 30614 us total, 11608 us display, type 3
frame 2128: 30014 us total, 11463 us display, type 3
frame 2129: 20119 us total, 11455 us display, type 3
frame 2130: 32332 us total, 11468 us display, type 3
frame 2131: 30668 us total, 11470 us display, type 3
frame 2132: 19889 us total, 11442 us display, type 3
frame 2133: 34769 us total, 11462 us display, type 3
frame 2134: 29789 us total, 11486 us display, type 3
frame 2135: 19501 us total, 11440 us display, type 3
frame 2136: 35463 us total, 11463 us display, type 3
frame 2137: 30655 us total, 11463 us display, type 3
frame 2138: 19092 us total, 11442 us display, type 3
frame 2139: 35279 us total, 11622 us display, type 3
frame 2140: 31127 us total, 11465 us display, type 3
frame 2141: 19042 us total, 11429 us display, type 3
frame 2142: 35249 us total, 11451 us display, type 3
frame 2143: 30375 us total, 11477 us display, type 3
frame 2144: 29721 us total, 11472 us display, type 3
frame 2145: 18121 us total, 11457 us display, type 3
frame 2146: 34957 us total, 11603 us display, type 3
frame 2147: 31668 us total, 11467 us display, type 3
frame 2148: 20612 us total, 11521 us display, type 3
frame 2149: 35645 us total, 11453 us display, type 3
frame 2150: 28995 us total, 11606 us display, type 3
frame 2151: 32722 us total, 11460 us display, type 3
frame 2152: 30915 us total, 11470 us display, type 3
frame 2153: 20172 us total, 11454 us display, type 3
frame 2154: 33524 us total, 11473 us display, type 3
frame 2155: 29945 us total, 11470 us display, type 3
frame 2156: 20956 us total, 11455 us display, type 3
frame 2157: 33192 us total, 11474 us display, type 3
frame 2158: 30970 us total, 11768 us display, type 3
frame 2159: 20542 us total, 11446 us display, type 3
frame 2160: 34363 us total, 11465 us display, type 3
frame 2161: 31358 us total, 11459 us display, type 3
frame 2162: 21008 us total, 11451 us display, type 3
