ESP-ROM:esp32c6-20220919
Build:Sep 19 2022
rst:0x15 (USB_UART_HPSYS),boot:0x2c (SPI_FAST_FLASH_BOOT)
Saved PC:0x40870658
SPIWP:0xee
mode:DIO, clock div:2
load:0x40875720,len:0x1a5c
load:0x4086c110,len:0xf58
load:0x4086e610,len:0x3074
entry 0x4086c11a
[0;32mI (23) boot: ESP-IDF v5.3.4 2nd stage bootloader[0m
[0;32mI (23) boot: compile time Sep 14 2026 20:53:10[0m
[0;32mI (24) boot: chip revision: v0.2[0m
[0;32mI (24) boot: efuse block revision: v0.3[0m
[0;32mI (24) qio_mode: Enabling QIO for flash chip WinBond[0m
[0;32mI (24) boot.esp32c6: SPI Speed      : 80MHz[0m
[0;32mI (25) boot.esp32c6: SPI Mode       : QIO[0m
[0;32mI (25) boot.esp32c6: SPI Flash Size : 16MB[0m
[0;32mI (25) boot: Enabling RNG early entropy source...[0m
[0;32mI (26) boot: Partition Table:[0m
[0;32mI (26) boot: ## Label            Usage          Type ST Offset   Length[0m
[0;32mI (26) boot:  0 nvs              WiFi data        01 02 00009000 00006000[0m
[0;32mI (27) boot:  1 phy_init         RF data          01 01 0000f000 00001000[0m
[0;32mI (28) boot:  2 factory          factory app      00 00 00010000 00200000[0m
[0;32mI (28) boot:  3 wad              Unknown data     01 40 00210000 00400000[0m
[0;32mI (29) boot:  4 saves            WiFi data        01 02 00610000 00020000[0m
[0;32mI (29) boot: End of partition table[0m
[0;32mI (30) esp_image: segment 0: paddr=00010020 vaddr=420c0020 size=31dd0h (204240) map[0m
[0;32mI (67) esp_image: segment 1: paddr=00041df8 vaddr=40800000 size=0e220h ( 57888) load[0m
[0;32mI (80) esp_image: segment 2: paddr=00050020 vaddr=42000020 size=b4858h (739416) map[0m
[0;32mI (213) esp_image: segment 3: paddr=00104880 vaddr=4080e220 size=08cc8h ( 36040) load[0m
[0;32mI (221) esp_image: segment 4: paddr=0010d550 vaddr=40816ef0 size=0341ch ( 13340) load[0m
[0;32mI (224) esp_image: segment 5: paddr=00110974 vaddr=50000000 size=00004h (     4) load[0m
[0;32mI (230) boot: Loaded app from partition at offset 0x10000[0m
[0;32mI (231) boot: Disabling RNG early entropy source...[0m
[0;32mI (232) cpu_start: Unicore app[0m
[0;32mI (240) cpu_start: Pro cpu start user code[0m
[0;32mI (241) cpu_start: cpu freq: 160000000 Hz[0m
[0;32mI (241) app_init: Application information:[0m
[0;32mI (241) app_init: Project name:     diablito[0m
[0;32mI (241) app_init: App version:      827a7d3-dirty[0m
[0;32mI (242) app_init: Compile time:     Sep 14 2026 23:25:26[0m
[0;32mI (242) app_init: ELF file SHA256:  b70ba6950...[0m
[0;32mI (242) app_init: ESP-IDF:          v5.3.4[0m
[0;32mI (242) efuse_init: Min chip rev:     v0.0[0m
[0;32mI (243) efuse_init: Max chip rev:     v0.99 [0m
[0;32mI (243) efuse_init: Chip rev:         v0.2[0m
[0;32mI (243) heap_init: Initializing. RAM available for dynamic allocation:[0m
[0;32mI (244) heap_init: At 40834E10 len 00047800 (286 KiB): RAM[0m
[0;32mI (244) heap_init: At 4087C610 len 00002F54 (11 KiB): RAM[0m
[0;32mI (244) heap_init: At 50000004 len 00003FE4 (15 KiB): RTCRAM[0m
[0;32mI (245) spi_flash: detected chip: generic[0m
[0;32mI (245) spi_flash: flash io: qio[0m
[0;33mW (246) i2c: This driver is an old driver, please migrate your application code to adapt `driver/i2c_master.h`[0m
[0;32mI (246) sleep: Configure to isolate all GPIO pins in sleep state[0m
[0;32mI (247) sleep: Enable automatic switching of GPIO sleep configuration[0m
[0;32mI (247) coexist: coex firmware version: a13b09d[0m
[0;32mI (247) coexist: coexist rom version 5b8dcfa[0m
[0;32mI (248) main_task: Started on CPU0[0m
[0;32mI (248) main_task: Calling app_main()[0m
[0;32mI (248) gpio: GPIO[15]| InputEn: 0| OutputEn: 1| OpenDrain: 0| Pullup: 0| Pulldown: 0| Intr:0 [0m
[0;32mI (248) gpio: GPIO[9]| InputEn: 1| OutputEn: 0| OpenDrain: 0| Pullup: 1| Pulldown: 0| Intr:0 [0m
[0;32mI (248) gpio: GPIO[18]| InputEn: 1| OutputEn: 0| OpenDrain: 0| Pullup: 1| Pulldown: 0| Intr:0 [0m
[0;32mI (249) gpio: GPIO[0]| InputEn: 0| OutputEn: 0| OpenDrain: 0| Pullup: 0| Pulldown: 0| Intr:0 [0m
[0;32mI (249) DIABLITO: DIABLITO skeleton, IDF v5.3.4, CPU 160 MHz[0m
[0;32mI (249) DIABLITO: heap at boot: free 289908, largest block 262144, min ever 289908, dma-capable 275308[0m
[0;32mI (250) gpio: GPIO[3]| InputEn: 0| OutputEn: 1| OpenDrain: 0| Pullup: 0| Pulldown: 0| Intr:0 [0m
[0;32mI (250) gpio: GPIO[4]| InputEn: 0| OutputEn: 1| OpenDrain: 0| Pullup: 0| Pulldown: 0| Intr:0 [0m
[0;32mI (754) DISPLAY: ST7789 up: 280x240 landscape, SPI 80 MHz, 2 x 8960 B DMA strips[0m
[0;32mI (754) DIABLITO: heap after display: free 270424, largest block 241664, min ever 270424, dma-capable 255824[0m
[0;32mI (2269) DIABLITO: wad partition @0x210000 size 4194304: magic IWHD, 1264 lumps, infotable @36, file 2073676 bytes[0m
[0;32mI (2269) DIABLITO: WHD mapped at 0x42100000, header via mmap: IWHD ·©ÔUDOOM1[0m
[0;32mI (2269) DIABLITO: heap after wad mmap: free 269792, largest block 241664, min ever 269792, dma-capable 255192[0m
[0;32mI (2270) DIABLITO: main task stack high-water: 14888 bytes free[0m
[0;32mI (2270) DIABLITO: .bss ends at 0x40834e10 (short-pointer window ends at 0x40840000, 45552 bytes spare)[0m
[0;32mI (2271) DIABLITO: heap before BLE: free 269792, largest block 241664, min ever 269792, dma-capable 255192[0m
[0;32mI (2285) DIABLITO: idle sleep after 120 s in attract (NVS medal/idle_s)[0m
[0;32mI (2286) BLE_INIT: Using main XTAL as clock source, chip ver: 2[0m
[0;32mI (2286) BLE_INIT: ble controller commit:[ca6c20b][0m
[0;32mI (2290) BLE_INIT: Bluetooth MAC: fc:01:2c:fd:fc:b2[0m
[0;32mI (2290) phy_init: phy_version 341,a6c8fe6,Jul 30 2025,18:34:11[0m
[0;32mI (2384) phy: libbtbb version: a945109, Jul 30 2025, 18:34:25[0m
[0;32mI (2392) PAD: init, saved controller: yes[0m
[0;32mI (2446) PAD: found  78:86:2e:8f:59:f6 rssi -57[0m
[0;32mI (2592) DIABLITO: heap after BLE init: free 230132, largest block 200704, min ever 229860, dma-capable 215532[0m
[0;32mI (2592) DIABLITO: starting Doom[0m
                          DIABLITO Doom 3.0.0
Z_Init: Init zone memory allocation daemon. 
zone memory: 0x408224b8, 10000 allocated for zone
M_LoadDefaults: Load system defaults.
W_Init: Init WADfiles.
===========================================================================
                            DOOM Shareware
===========================================================================
 DIABLITO Doom is free software, covered by the GNU General Public
 License.  There is NO warranty; not even for MERCHANTABILITY or FITNESS
 FOR A PARTICULAR PURPOSE. You are welcome to change and distribute
 copies under certain conditions. See the source for more information.
===========================================================================
I_Init: Setting up machine state.
[0;32mI (2644) AUDIO: ES8311 + I2S: 22050 Hz, 2 ch, ring 8192 bytes (92 ms)[0m
M_Init: Init miscellaneous info.
R_Init: Init DOOM refresh daemon - .........
P_Init: Init Playloop state.
S_Init: Setting up sound.
D_CheckNetGame: Checking network game status.
Emulating the behavior of the 'Doom 1.9' executable.
HU_Init: Setting up heads up display.
ST_Init: Init status bar.
[0;32mI (2658) NimBLE: Connection established [0m
[0;32mI (2660) NIMBLE_HIDH: pairing for encrypted link (rc=0)[0m
frame 2: 31656 us total, 11725 us display, type 4
frame 3: 11938 us total, 11673 us display, type 4
[0;32mI (2758) NimBLE: mtu update event; conn_handle=0 cid=4 mtu=23
[0m
frame 4: 26539 us total, 11705 us display, type 4
frame 5: 27917 us total, 11666 us display, type 4
frame 6: 29101 us total, 11696 us display, type 4
frame 7: 29067 us total, 11836 us display, type 4
frame 8: 27875 us total, 11676 us display, type 4
[0;32mI (2908) NIMBLE_HIDH: encryption change: status=0[0m
frame 9: 30338 us total, 13106 us display, type 4
frame 10: 26887 us total, 11686 us display, type 4
frame 11: 29015 us total, 11711 us display, type 4
frame 12: 27676 us total, 11666 us display, type 4
[0;32mI (3008) NIMBLE_HIDH: service 0x1800 handles 1-7[0m
[0;32mI (3008) NIMBLE_HIDH: service 0x1801 handles 8-8[0m
[0;32mI (3008) NIMBLE_HIDH: service 0x180a handles 9-17[0m
frame 13: 29223 us total, 11695 us display, type 4
frame 14: 28763 us total, 11663 us display, type 4
frame 15: 28213 us total, 11712 us display, type 4
[0;32mI (3108) NIMBLE_HIDH: service 0x180f handles 18-21[0m
[0;32mI (3108) NIMBLE_HIDH: service 0x1812 handles 22-35[0m
frame 16: 29779 us total, 12618 us display, type 4
frame 17: 27190 us total, 11684 us display, type 4
frame 18: 29017 us total, 11709 us display, type 4
frame 19: 27804 us total, 11659 us display, type 4
[0;32mI (3208) NIMBLE_HIDH: service 00000001-5f60-4c4f-9c83-a7953298d40d handles 36-42[0m
frame 20: 29242 us total, 11698 us display, type 4
frame 21: 28793 us total, 11659 us display, type 4
frame 22: 28130 us total, 11704 us display, type 4
frame 23: 29379 us total, 12166 us display, type 4
frame 24: 27784 us total, 11766 us display, type 4
frame 25: 29054 us total, 11897 us display, type 4
frame 26: 28167 us total, 11932 us display, type 4
[0;32mI (3413) NimBLE: Read complete; status=0 conn_handle=0[0m
frame 27: 28886 us total, 11919 us display, type 4
[0;32mI (3443) NimBLE: Read complete; status=0 conn_handle=0[0m
[0;32mI (3443) NimBLE: Read complete; status=14 conn_handle=0[0m
frame 28: 28870 us total, 11708 us display, type 4
frame 29: 27959 us total, 11710 us display, type 4
frame 30: 29706 us total, 11721 us display, type 4
frame 31: 27573 us total, 12043 us display, type 4
frame 32: 29018 us total, 12055 us display, type 4
[0;32mI (3593) NimBLE: Read complete; status=0 conn_handle=0[0m
[0;32mI (3593) NimBLE: Read complete; status=14 conn_handle=0[0m
frame 33: 28645 us total, 12638 us display, type 4
[0;32mI (3623) NimBLE: Read complete; status=0 conn_handle=0[0m
[0;32mI (3623) NimBLE: Read complete; status=14 conn_handle=0[0m
frame 34: 29006 us total, 12632 us display, type 4
[0;32mI (3653) NimBLE: Read complete; status=0 conn_handle=0[0m
[0;32mI (3653) NimBLE: Read complete; status=14 conn_handle=0[0m
frame 35: 28977 us total, 12669 us display, type 4
frame 36: 27534 us total, 12145 us display, type 4
frame 37: 29033 us total, 12202 us display, type 4
frame 38: 28235 us total, 12476 us display, type 4
frame 39: 28257 us total, 11703 us display, type 4
frame 40: 28563 us total, 12348 us display, type 4
frame 41: 28810 us total, 12066 us display, type 4
frame 42: 29073 us total, 12123 us display, type 4
[0;32mI (3863) NimBLE: Read complete; status=0 conn_handle=0[0m
frame 43: 27615 us total, 11793 us display, type 4
[0;32mI (3893) NimBLE: Read complete; status=0 conn_handle=0[0m
frame 44: 29602 us total, 12349 us display, type 4
[0;32mI (3923) NimBLE: Read complete; status=0 conn_handle=0[0m
frame 45: 27517 us total, 11913 us display, type 4
[0;32mI (3953) NimBLE: Read complete; status=0 conn_handle=0[0m
frame 46: 29074 us total, 11930 us display, type 4
[0;32mI (3983) NimBLE: Read complete; status=0 conn_handle=0[0m
frame 47: 27976 us total, 11913 us display, type 4
[0;32mI (4013) NimBLE: Read complete; status=0 conn_handle=0[0m
frame 48: 28963 us total, 11921 us display, type 4
[0;32mI (4043) NimBLE: Read complete; status=0 conn_handle=0[0m
frame 49: 28832 us total, 11706 us display, type 4
[0;32mI (4073) NimBLE: Read complete; status=0 conn_handle=0[0m
frame 50: 28011 us total, 11708 us display, type 4
[0;32mI (4103) NimBLE: Read complete; status=0 conn_handle=0[0m
frame 51: 29821 us total, 11710 us display, type 4
[0;32mI (4133) NimBLE: Read complete; status=0 conn_handle=0[0m
frame 52: 27668 us total, 12273 us display, type 4
frame 53: 28951 us total, 12227 us display, type 4
[0;32mI (4178) NimBLE: Read complete; status=0 conn_handle=0[0m
frame 54: 27936 us total, 12093 us display, type 4
[0;32mI (4209) NimBLE: Read complete; status=0 conn_handle=0[0m
frame 55: 28798 us total, 11887 us display, type 4
[0;32mI (4239) NimBLE: Read complete; status=0 conn_handle=0[0m
[0;32mI (4239) NimBLE: Read complete; status=14 conn_handle=0[0m
frame 56: 29108 us total, 12041 us display, type 4
frame 57: 27718 us total, 11708 us display, type 4
[0;32mI (4313) NimBLE: Read complete; status=0 conn_handle=0[0m
[0;32mI (4314) NimBLE: Read complete; status=14 conn_handle=0[0m
frame 58: 29902 us total, 12785 us display, type 4
frame 59: 27827 us total, 12414 us display, type 4
frame 60: 28261 us total, 11703 us display, type 4
[0;32mI (4373) NimBLE: Read complete; status=0 conn_handle=0[0m
[0;32mI (4373) NimBLE: Read complete; status=14 conn_handle=0[0m
[0;32mI (4374) NIMBLE_HIDH: attaching listeners, battery handle 20 ccc 21[0m
[0;32mI (4375) PAD: report map: 22 input fields[0m
[0;32mI (4375) PAD:   field rid 1 page 1 usage 0x30 bits 16 @0 logical 0..65535[0m
[0;32mI (4376) PAD:   field rid 1 page 1 usage 0x31 bits 16 @16 logical 0..65535[0m
[0;32mI (4376) PAD:   field rid 1 page 1 usage 0x32 bits 16 @32 logical 0..65535[0m
[0;32mI (4377) PAD:   field rid 1 page 1 usage 0x35 bits 16 @48 logical 0..65535[0m
[0;32mI (4377) PAD:   field rid 1 page 2 usage 0xc5 bits 10 @64 logical 0..1023[0m
[0;32mI (4377) PAD:   field rid 1 page 2 usage 0xc4 bits 10 @80 logical 0..1023[0m
[0;32mI (4378) PAD:   field rid 1 page 1 usage 0x39 bits 4 @96 logical 1..8[0m
[0;32mI (4378) PAD:   field rid 1 page 9 usage 0x01 bits 1 @104 logical 0..1[0m
[0;32mI (4378) PAD:   field rid 1 page 9 usage 0x02 bits 1 @105 logical 0..1[0m
[0;32mI (4379) PAD:   field rid 1 page 9 usage 0x03 bits 1 @106 logical 0..1[0m
[0;32mI (4379) PAD:   field rid 1 page 9 usage 0x04 bits 1 @107 logical 0..1[0m
[0;32mI (4379) PAD:   field rid 1 page 9 usage 0x05 bits 1 @108 logical 0..1[0m
[0;32mI (4380) PAD:   field rid 1 page 9 usage 0x06 bits 1 @109 logical 0..1[0m
[0;32mI (4380) PAD:   field rid 1 page 9 usage 0x07 bits 1 @110 logical 0..1[0m
[0;32mI (4380) PAD:   field rid 1 page 9 usage 0x08 bits 1 @111 logical 0..1[0m
[0;32mI (4381) PAD:   field rid 1 page 9 usage 0x09 bits 1 @112 logical 0..1[0m
[0;32mI (4381) PAD:   field rid 1 page 9 usage 0x0a bits 1 @113 logical 0..1[0m
[0;32mI (4381) PAD:   field rid 1 page 9 usage 0x0b bits 1 @114 logical 0..1[0m
[0;32mI (4382) PAD:   field rid 1 page 9 usage 0x0c bits 1 @115 logical 0..1[0m
[0;32mI (4382) PAD:   field rid 1 page 9 usage 0x0d bits 1 @116 logical 0..1[0m
[0;32mI (4382) PAD:   field rid 1 page 9 usage 0x0e bits 1 @117 logical 0..1[0m
[0;32mI (4383) PAD:   field rid 1 page 9 usage 0x0f bits 1 @118 logical 0..1[0m
[0;32mI (4383) PAD:   rid 1 page 1 usage 30 bit 0 size 16 [0..65535][0m
[0;32mI (4383) PAD:   rid 1 page 1 usage 31 bit 16 size 16 [0..65535][0m
[0;32mI (4383) PAD:   rid 1 page 1 usage 32 bit 32 size 16 [0..65535][0m
[0;32mI (4384) PAD:   rid 1 page 1 usage 35 bit 48 size 16 [0..65535][0m
[0;32mI (4384) PAD:   rid 1 page 2 usage c5 bit 64 size 10 [0..1023][0m
[0;32mI (4384) PAD:   rid 1 page 2 usage c4 bit 80 size 10 [0..1023][0m
[0;32mI (4385) PAD:   rid 1 page 1 usage 39 bit 96 size 4 [1..8][0m
[0;32mI (4385) PAD:   rid 1 page 9 usage 1 bit 104 size 1 [0..1][0m
[0;32mI (4385) PAD:   rid 1 page 9 usage 2 bit 105 size 1 [0..1][0m
[0;32mI (4386) PAD:   rid 1 page 9 usage 3 bit 106 size 1 [0..1][0m
[0;32mI (4386) PAD:   rid 1 page 9 usage 4 bit 107 size 1 [0..1][0m
[0;32mI (4386) PAD:   rid 1 page 9 usage 5 bit 108 size 1 [0..1][0m
[0;32mI (4386) PAD:   rid 1 page 9 usage 6 bit 109 size 1 [0..1][0m
[0;32mI (4387) PAD:   rid 1 page 9 usage 7 bit 110 size 1 [0..1][0m
[0;32mI (4387) PAD:   rid 1 page 9 usage 8 bit 111 size 1 [0..1][0m
[0;32mI (4387) PAD:   rid 1 page 9 usage 9 bit 112 size 1 [0..1][0m
[0;32mI (4388) PAD:   rid 1 page 9 usage a bit 113 size 1 [0..1][0m
[0;32mI (4388) PAD:   rid 1 page 9 usage b bit 114 size 1 [0..1][0m
[0;32mI (4389) PAD:   rid 1 page 9 usage c bit 115 size 1 [0..1][0m
[0;32mI (4389) PAD:   rid 1 page 9 usage d bit 116 size 1 [0..1][0m
[0;32mI (4389) PAD:   rid 1 page 9 usage e bit 117 size 1 [0..1][0m
[0;32mI (4390) PAD:   rid 1 page 9 usage f bit 118 size 1 [0..1][0m
[0;32mI (4390) PAD: connected: Xbox Wireless Controller[0m
gamepad connected: Xbox Wireless Controller
[0;32mI (4403) NimBLE: Subscribe complete; status=259 conn_handle=0 attr_handle=20
[0m
frame 61: 32240 us total, 12558 us display, type 4
frame 62: 25271 us total, 12240 us display, type 4
[0;32mI (4433) NIMBLE_HIDH: write complete; status=0 attr_handle=21[0m
[0;32mI (4433) NIMBLE_HIDH: report id 3 type 2 mode 1 perms 0xe handle 34 ccc 0[0m
[0;32mI (4433) NIMBLE_HIDH: report id 1 type 1 mode 1 perms 0x12 handle 30 ccc 31[0m
frame 63: 29057 us total, 12253 us display, type 4
[0;32mI (4463) NimBLE: Subscribe complete; status=259 conn_handle=0 attr_handle=30
[0m
[0;32mI (4463) NIMBLE_HIDH:   notify registered[0m
frame 64: 28148 us total, 12474 us display, type 4
[0;32mI (4493) NIMBLE_HIDH: write complete; status=0 attr_handle=31[0m
[0;32mI (4493) NIMBLE_HIDH:   ccc written[0m
[0;32mI (4493) NIMBLE_HIDH: listeners attached[0m
frame 65: 28379 us total, 11822 us display, type 4
frame 66: 27999 us total, 11919 us display, type 4
frame 67: 29088 us total, 11959 us display, type 4
frame 68: 28237 us total, 12194 us display, type 4
frame 69: 28961 us total, 12202 us display, type 4
frame 70: 29079 us total, 12239 us display, type 4
frame 71: 27412 us total, 11696 us display, type 4
frame 72: 29044 us total, 11704 us display, type 4
frame 73: 28171 us total, 11862 us display, type 4
frame 74: 28689 us total, 11679 us display, type 4
frame 75: 28022 us total, 11671 us display, type 4
frame 76: 29000 us total, 11672 us display, type 4
frame 77: 28957 us total, 11671 us display, type 4
frame 78: 28047 us total, 11671 us display, type 4
frame 79: 28953 us total, 11671 us display, type 4
frame 80: 28054 us total, 11684 us display, type 4
frame 81: 28989 us total, 11672 us display, type 4
frame 82: 27947 us total, 11667 us display, type 4
frame 83: 29053 us total, 11674 us display, type 4
frame 84: 28957 us total, 11671 us display, type 4
frame 85: 28043 us total, 11673 us display, type 4
frame 86: 29000 us total, 11672 us display, type 4
frame 87: 27957 us total, 11671 us display, type 4
frame 88: 29043 us total, 11673 us display, type 4
frame 89: 28001 us total, 11673 us display, type 4
frame 90: 28956 us total, 11671 us display, type 4
frame 91: 29055 us total, 11685 us display, type 4
frame 92: 27945 us total, 11671 us display, type 4
frame 93: 29034 us total, 11674 us display, type 4
frame 94: 28005 us total, 11670 us display, type 4
frame 95: 28961 us total, 11671 us display, type 4
frame 96: 28070 us total, 11671 us display, type 4
frame 97: 28933 us total, 11671 us display, type 4
frame 98: 29040 us total, 11673 us display, type 4
frame 99: 28000 us total, 11672 us display, type 4
frame 100: 28957 us total, 11671 us display, type 4
frame 101: 28055 us total, 11685 us display, type 4
frame 102: 28988 us total, 11672 us display, type 4
frame 103: 27947 us total, 11667 us display, type 4
frame 104: 29055 us total, 11670 us display, type 4
frame 105: 28955 us total, 11671 us display, type 4
frame 106: 28043 us total, 11673 us display, type 4
frame 107: 29000 us total, 11672 us display, type 4
frame 108: 27957 us total, 11671 us display, type 4
frame 109: 29043 us total, 11673 us display, type 4
frame 110: 27957 us total, 11671 us display, type 4
frame 111: 29044 us total, 11674 us display, type 4
frame 112: 29011 us total, 11684 us display, type 4
frame 113: 27945 us total, 11671 us display, type 4
frame 114: 29033 us total, 11673 us display, type 4
frame 115: 28010 us total, 11675 us display, type 4
frame 116: 28957 us total, 11671 us display, type 4
frame 117: 28047 us total, 11677 us display, type 4
frame 118: 28953 us total, 11671 us display, type 4
frame 119: 29048 us total, 11678 us display, type 4
frame 120: 27995 us total, 11672 us display, type 4
frame 121: 28957 us total, 11671 us display, type 4
frame 122: 28054 us total, 11684 us display, type 4
frame 123: 28946 us total, 11671 us display, type 4
frame 124: 28033 us total, 11673 us display, type 4
frame 125: 29010 us total, 11675 us display, type 4
frame 126: 28957 us total, 11671 us display, type 4
frame 127: 28043 us total, 11673 us display, type 4
profile (avg of 128 frames, ms): logic+bsp 0.1 wait-fb 0.0 vp-mark 0.0 flats 0.0 columns 0.0 fuzz 0.0
frame 128: 29562 us total, 11680 us display, type 4
frame 129: 27416 us total, 11678 us display, type 4
frame 130: 29026 us total, 11671 us display, type 4
frame 131: 27982 us total, 11679 us display, type 4
frame 132: 29015 us total, 11674 us display, type 4
frame 133: 29010 us total, 11683 us display, type 4
frame 134: 27946 us total, 11671 us display, type 4
frame 135: 29033 us total, 11673 us display, type 4
frame 136: 27965 us total, 11670 us display, type 4
frame 137: 29045 us total, 11673 us display, type 4
frame 138: 28000 us total, 11672 us display, type 4
frame 139: 28957 us total, 11671 us display, type 4
frame 140: 29048 us total, 11678 us display, type 4
frame 141: 27995 us total, 11672 us display, type 4
frame 142: 28957 us total, 11671 us display, type 4
frame 143: 28055 us total, 11685 us display, type 4
frame 144: 28945 us total, 11671 us display, type 4
frame 145: 28033 us total, 11673 us display, type 4
frame 146: 29010 us total, 11675 us display, type 4
frame 147: 28957 us total, 11671 us display, type 4
frame 148: 28043 us total, 11673 us display, type 4
frame 149: 28957 us total, 11671 us display, type 4
frame 150: 28043 us total, 11673 us display, type 4
frame 151: 29006 us total, 11674 us display, type 4
frame 152: 27951 us total, 11671 us display, type 4
frame 153: 29044 us total, 11674 us display, type 4
frame 154: 29011 us total, 11684 us display, type 4
frame 155: 27945 us total, 11671 us display, type 4
frame 156: 29040 us total, 11680 us display, type 4
frame 157: 27958 us total, 11670 us display, type 4
frame 158: 29045 us total, 11673 us display, type 4
frame 159: 28000 us total, 11673 us display, type 4
frame 160: 28957 us total, 11671 us display, type 4
frame 161: 29043 us total, 11673 us display, type 4
frame 162: 27957 us total, 11671 us display, type 4
frame 163: 29043 us total, 11673 us display, type 4
frame 164: 28012 us total, 11684 us display, type 4
frame 165: 28945 us total, 11671 us display, type 4
frame 166: 28045 us total, 11667 us display, type 4
frame 167: 28998 us total, 11675 us display, type 4
frame 168: 28954 us total, 11670 us display, type 4
frame 169: 56694 us total, 12711 us display, type 5
frame 170: 13193 us total, 12553 us display, type 5
frame 171: 12885 us total, 12515 us display, type 5
frame 172: 12829 us total, 12434 us display, type 5
frame 173: 12858 us total, 12441 us display, type 5
frame 174: 12903 us total, 12524 us display, type 5
frame 175: 12876 us total, 12514 us display, type 5
frame 176: 12915 us total, 12527 us display, type 5
frame 177: 12848 us total, 12497 us display, type 5
frame 178: 12905 us total, 12504 us display, type 5
frame 179: 12779 us total, 12412 us display, type 5
frame 180: 12852 us total, 12409 us display, type 5
frame 181: 12852 us total, 12490 us display, type 5
frame 182: 12861 us total, 12483 us display, type 5
frame 183: 12879 us total, 12485 us display, type 5
frame 184: 12848 us total, 12456 us display, type 5
frame 185: 12885 us total, 12465 us display, type 5
frame 186: 12765 us total, 12372 us display, type 5
frame 187: 12800 us total, 12369 us display, type 5
frame 188: 12825 us total, 12449 us display, type 5
frame 189: 12805 us total, 12428 us display, type 5
frame 190: 12840 us total, 12431 us display, type 5
frame 191: 12796 us total, 12416 us display, type 5
frame 192: 12819 us total, 12426 us display, type 5
frame 193: 12698 us total, 12328 us display, type 5
frame 194: 12809 us total, 12306 us display, type 5
frame 195: 12774 us total, 12383 us display, type 5
frame 196: 12812 us total, 12396 us display, type 5
frame 197: 12728 us total, 12390 us display, type 5
frame 198: 12781 us total, 12380 us display, type 5
frame 199: 12761 us total, 12373 us display, type 5
frame 200: 12685 us total, 12289 us display, type 5
frame 201: 20844 us total, 12690 us display, type 5
frame 202: 12913 us total, 12361 us display, type 5
frame 203: 12728 us total, 12345 us display, type 5
frame 204: 12666 us total, 12261 us display, type 5
frame 205: 12730 us total, 12335 us display, type 5
frame 206: 12734 us total, 12342 us display, type 5
frame 207: 12719 us total, 12316 us display, type 5
frame 208: 12722 us total, 12327 us display, type 5
frame 209: 13807 us total, 12405 us display, type 5
frame 210: 12759 us total, 12331 us display, type 5
frame 211: 12639 us total, 12219 us display, type 5
frame 212: 12674 us total, 12290 us display, type 5
frame 213: 12687 us total, 12298 us display, type 5
frame 214: 12655 us total, 12270 us display, type 5
frame 215: 12654 us total, 12279 us display, type 5
frame 216: 12682 us total, 12290 us display, type 5
frame 217: 12562 us total, 12196 us display, type 5
frame 218: 12672 us total, 12173 us display, type 5
frame 219: 12624 us total, 12240 us display, type 5
frame 220: 12679 us total, 12256 us display, type 5
frame 221: 12609 us total, 12246 us display, type 5
frame 222: 12651 us total, 12250 us display, type 5
frame 223: 12527 us total, 12156 us display, type 5
frame 224: 12590 us total, 12154 us display, type 5
frame 225: 12616 us total, 12234 us display, type 5
frame 226: 12579 us total, 12225 us display, type 5
frame 227: 12611 us total, 12231 us display, type 5
frame 228: 12606 us total, 12228 us display, type 5
frame 229: 12631 us total, 12256 us display, type 5
frame 230: 12516 us total, 12150 us display, type 5
frame 231: 12535 us total, 12232 us display, type 5
frame 232: 12601 us total, 12233 us display, type 5
frame 233: 12574 us total, 12220 us display, type 5
frame 234: 12611 us total, 12235 us display, type 5
frame 235: 12586 us total, 12220 us display, type 5
frame 236: 12505 us total, 12151 us display, type 5
frame 237: 12668 us total, 12313 us display, type 5
frame 238: 12635 us total, 12257 us display, type 5
frame 239: 12580 us total, 12226 us display, type 5
frame 240: 12593 us total, 12241 us display, type 5
frame 241: 12581 us total, 12229 us display, type 5
frame 242: 11951 us total, 11434 us display, type 3
frame 243: 27001 us total, 11460 us display, type 3
frame 244: 23442 us total, 11464 us display, type 3
frame 245: 23770 us total, 11452 us display, type 3
frame 246: 23264 us total, 11578 us display, type 3
frame 247: 25030 us total, 11619 us display, type 3
frame 248: 24141 us total, 11459 us display, type 3
frame 249: 25708 us total, 12232 us display, type 3
frame 250: 28642 us total, 11457 us display, type 3
frame 251: 28408 us total, 11476 us display, type 3
frame 252: 28728 us total, 11550 us display, type 3
frame 253: 28511 us total, 11469 us display, type 3
frame 254: 28128 us total, 11455 us display, type 3
frame 255: 28633 us total, 11474 us display, type 3
profile (avg of 128 frames, ms): logic+bsp 1.8 wait-fb 0.0 vp-mark 0.5 flats 1.1 columns 0.5 fuzz 0.0
frame 256: 28160 us total, 11460 us display, type 3
audio: 70 underruns, 34 ms queued
mem @frame 256: heap free 46492, largest 20992, min ever 46004, zone free 41244, display stack free 4400, uptime 8 s, gamestate 0, demo 1, usergame 0, tic 189
frame 257: 30278 us total, 11458 us display, type 3
frame 258: 27701 us total, 11620 us display, type 3
frame 259: 27628 us total, 11458 us display, type 3
frame 260: 28736 us total, 11584 us display, type 3
frame 261: 28230 us total, 11459 us display, type 3
frame 262: 29424 us total, 11473 us display, type 3
frame 263: 28201 us total, 11470 us display, type 3
frame 264: 27633 us total, 11458 us display, type 3
frame 265: 28511 us total, 11465 us display, type 3
frame 266: 27652 us total, 11460 us display, type 3
frame 267: 29100 us total, 11452 us display, type 3
frame 268: 28005 us total, 11554 us display, type 3
frame 269: 28484 us total, 11464 us display, type 3
frame 270: 28803 us total, 11737 us display, type 3
frame 271: 29085 us total, 11674 us display, type 3
frame 272: 30266 us total, 11473 us display, type 3
frame 273: 28830 us total, 11710 us display, type 3
frame 274: 28641 us total, 11464 us display, type 3
frame 275: 28731 us total, 11465 us display, type 3
frame 276: 28831 us total, 11469 us display, type 3
frame 277: 28061 us total, 11768 us display, type 3
frame 278: 27184 us total, 11456 us display, type 3
frame 279: 28081 us total, 11690 us display, type 3
frame 280: 27772 us total, 11461 us display, type 3
frame 281: 27898 us total, 11466 us display, type 3
frame 282: 28406 us total, 11456 us display, type 3
frame 283: 28039 us total, 11451 us display, type 3
frame 284: 27143 us total, 11456 us display, type 3
frame 285: 27986 us total, 11457 us display, type 3
frame 286: 27717 us total, 11694 us display, type 3
frame 287: 28081 us total, 11469 us display, type 3
frame 288: 26748 us total, 11454 us display, type 3
frame 289: 27332 us total, 11439 us display, type 3
frame 290: 29675 us total, 11446 us display, type 3
frame 291: 26434 us total, 11447 us display, type 3
frame 292: 30755 us total, 11440 us display, type 3
frame 293: 27960 us total, 11440 us display, type 3
frame 294: 26725 us total, 11446 us display, type 3
frame 295: 29391 us total, 11453 us display, type 3
frame 296: 26883 us total, 11439 us display, type 3
frame 297: 28999 us total, 11442 us display, type 3
frame 298: 27262 us total, 11439 us display, type 3
frame 299: 27800 us total, 11445 us display, type 3
frame 300: 31822 us total, 11446 us display, type 3
frame 301: 27312 us total, 11439 us display, type 3
frame 302: 27877 us total, 11564 us display, type 3
frame 303: 29066 us total, 11634 us display, type 3
frame 304: 27372 us total, 11448 us display, type 3
frame 305: 30014 us total, 11439 us display, type 3
frame 306: 28657 us total, 11520 us display, type 3
frame 307: 27887 us total, 11448 us display, type 3
frame 308: 29141 us total, 11446 us display, type 3
frame 309: 28009 us total, 11452 us display, type 3
frame 310: 31729 us total, 11438 us display, type 3
frame 311: 30198 us total, 11439 us display, type 3
frame 312: 28414 us total, 11439 us display, type 3
frame 313: 30193 us total, 11447 us display, type 3
frame 314: 29594 us total, 11444 us display, type 3
frame 315: 28455 us total, 11818 us display, type 3
frame 316: 29298 us total, 11454 us display, type 3
frame 317: 29233 us total, 11457 us display, type 3
frame 318: 27772 us total, 11452 us display, type 3
frame 319: 28958 us total, 11477 us display, type 3
frame 320: 28126 us total, 11468 us display, type 3
frame 321: 31567 us total, 11468 us display, type 3
frame 322: 30552 us total, 11464 us display, type 3
frame 323: 27066 us total, 11616 us display, type 3
frame 324: 29538 us total, 11466 us display, type 3
frame 325: 31916 us total, 11477 us display, type 3
frame 326: 25766 us total, 11712 us display, type 3
frame 327: 30605 us total, 11680 us display, type 3
frame 328: 28470 us total, 11741 us display, type 3
frame 329: 29177 us total, 11468 us display, type 3
frame 330: 29665 us total, 11470 us display, type 3
frame 331: 24454 us total, 11531 us display, type 3
frame 332: 31352 us total, 11470 us display, type 3
frame 333: 25905 us total, 11790 us display, type 3
frame 334: 30950 us total, 11467 us display, type 3
frame 335: 30269 us total, 11470 us display, type 3
frame 336: 25072 us total, 11698 us display, type 3
frame 337: 30940 us total, 11816 us display, type 3
frame 338: 28574 us total, 11673 us display, type 3
frame 339: 27715 us total, 11458 us display, type 3
frame 340: 30927 us total, 11752 us display, type 3
frame 341: 26302 us total, 11773 us display, type 3
frame 342: 32555 us total, 11459 us display, type 3
frame 343: 30642 us total, 11461 us display, type 3
frame 344: 28179 us total, 11459 us display, type 3
frame 345: 30749 us total, 11463 us display, type 3
frame 346: 30049 us total, 11465 us display, type 3
frame 347: 27154 us total, 11474 us display, type 3
frame 348: 30588 us total, 11798 us display, type 3
frame 349: 32002 us total, 11472 us display, type 3
frame 350: 28093 us total, 11786 us display, type 3
frame 351: 30022 us total, 11804 us display, type 3
frame 352: 28866 us total, 11679 us display, type 3
frame 353: 33283 us total, 11464 us display, type 3
frame 354: 31858 us total, 11467 us display, type 3
frame 355: 32607 us total, 11469 us display, type 3
frame 356: 29835 us total, 11597 us display, type 3
frame 357: 32056 us total, 11473 us display, type 3
frame 358: 32650 us total, 11470 us display, type 3
frame 359: 30852 us total, 11521 us display, type 3
frame 360: 31860 us total, 11662 us display, type 3
frame 361: 34308 us total, 11463 us display, type 3
frame 362: 30492 us total, 11650 us display, type 3
frame 363: 32180 us total, 11475 us display, type 3
frame 364: 32466 us total, 11829 us display, type 3
frame 365: 30100 us total, 11464 us display, type 3
frame 366: 34667 us total, 11472 us display, type 3
frame 367: 35586 us total, 11819 us display, type 3
frame 368: 34180 us total, 11477 us display, type 3
frame 369: 33338 us total, 11469 us display, type 3
frame 370: 35059 us total, 11464 us display, type 3
frame 371: 34573 us total, 11480 us display, type 3
frame 372: 33419 us total, 11817 us display, type 3
frame 373: 29219 us total, 11465 us display, type 3
frame 374: 29403 us total, 11478 us display, type 3
frame 375: 26329 us total, 11468 us display, type 3
frame 376: 28606 us total, 11471 us display, type 3
frame 377: 27443 us total, 11453 us display, type 3
frame 378: 25251 us total, 11475 us display, type 3
frame 379: 28830 us total, 11463 us display, type 3
frame 380: 25731 us total, 11650 us display, type 3
frame 381: 26363 us total, 11458 us display, type 3
frame 382: 26684 us total, 11460 us display, type 3
frame 383: 25705 us total, 11473 us display, type 3
profile (avg of 128 frames, ms): logic+bsp 6.4 wait-fb 0.0 vp-mark 2.2 flats 4.6 columns 6.8 fuzz 0.0
frame 384: 29510 us total, 11514 us display, type 3
frame 385: 27411 us total, 11467 us display, type 3
frame 386: 28440 us total, 11470 us display, type 3
frame 387: 29755 us total, 11474 us display, type 3
frame 388: 27892 us total, 11468 us display, type 3
frame 389: 29180 us total, 11469 us display, type 3
frame 390: 27306 us total, 11470 us display, type 3
frame 391: 27727 us total, 11717 us display, type 3
frame 392: 29082 us total, 11663 us display, type 3
frame 393: 27790 us total, 11464 us display, type 3
frame 394: 28876 us total, 11461 us display, type 3
frame 395: 28752 us total, 11483 us display, type 3
frame 396: 28313 us total, 11466 us display, type 3
frame 397: 29207 us total, 11456 us display, type 3
frame 398: 27816 us total, 11470 us display, type 3
frame 399: 29979 us total, 11463 us display, type 3
frame 400: 28953 us total, 11793 us display, type 3
frame 401: 27166 us total, 11467 us display, type 3
frame 402: 30000 us total, 11681 us display, type 3
frame 403: 27387 us total, 11456 us display, type 3
frame 404: 29125 us total, 11456 us display, type 3
frame 405: 28907 us total, 11819 us display, type 3
frame 406: 28293 us total, 11461 us display, type 3
frame 407: 29088 us total, 11615 us display, type 3
frame 408: 27958 us total, 11469 us display, type 3
frame 409: 30239 us total, 11458 us display, type 3
frame 410: 27785 us total, 11465 us display, type 3
frame 411: 28083 us total, 11713 us display, type 3
frame 412: 32699 us total, 11459 us display, type 3
frame 413: 27372 us total, 11469 us display, type 3
frame 414: 27183 us total, 11686 us display, type 3
frame 415: 30011 us total, 11817 us display, type 3
frame 416: 28284 us total, 11464 us display, type 3
frame 417: 29287 us total, 11468 us display, type 3
frame 418: 28988 us total, 11473 us display, type 3
frame 419: 28158 us total, 11471 us display, type 3
frame 420: 29756 us total, 11464 us display, type 3
frame 421: 26452 us total, 11462 us display, type 3
frame 422: 30385 us total, 11458 us display, type 3
frame 423: 29044 us total, 11473 us display, type 3
frame 424: 26809 us total, 11462 us display, type 3
frame 425: 29691 us total, 11720 us display, type 3
frame 426: 28403 us total, 11466 us display, type 3
frame 427: 27312 us total, 11472 us display, type 3
frame 428: 29654 us total, 11636 us display, type 3
frame 429: 28285 us total, 11466 us display, type 3
frame 430: 30213 us total, 11469 us display, type 3
frame 431: 28480 us total, 11630 us display, type 3
frame 432: 27366 us total, 11468 us display, type 3
frame 433: 28539 us total, 11458 us display, type 3
frame 434: 26830 us total, 11462 us display, type 3
frame 435: 29072 us total, 11461 us display, type 3
frame 436: 29932 us total, 11785 us display, type 3
frame 437: 27442 us total, 11460 us display, type 3
frame 438: 28282 us total, 11469 us display, type 3
frame 439: 29748 us total, 11475 us display, type 3
frame 440: 27095 us total, 11787 us display, type 3
frame 441: 27960 us total, 11457 us display, type 3
frame 442: 28396 us total, 11455 us display, type 3
frame 443: 27882 us total, 11652 us display, type 3
frame 444: 28220 us total, 11460 us display, type 3
frame 445: 28058 us total, 11457 us display, type 3
frame 446: 30051 us total, 11488 us display, type 3
frame 447: 28202 us total, 11471 us display, type 3
frame 448: 29228 us total, 11462 us display, type 3
frame 449: 30717 us total, 11541 us display, type 3
frame 450: 27215 us total, 11575 us display, type 3
frame 451: 28297 us total, 11473 us display, type 3
frame 452: 29884 us total, 11473 us display, type 3
frame 453: 27693 us total, 11455 us display, type 3
frame 454: 27726 us total, 11456 us display, type 3
frame 455: 27492 us total, 11458 us display, type 3
frame 456: 30411 us total, 11842 us display, type 3
frame 457: 29985 us total, 11817 us display, type 3
frame 458: 27679 us total, 11468 us display, type 3
frame 459: 29915 us total, 11457 us display, type 3
frame 460: 27773 us total, 11591 us display, type 3
frame 461: 29074 us total, 11598 us display, type 3
frame 462: 29999 us total, 11619 us display, type 3
frame 463: 28146 us total, 11676 us display, type 3
frame 464: 29071 us total, 11517 us display, type 3
frame 465: 28627 us total, 11467 us display, type 3
frame 466: 27663 us total, 11823 us display, type 3
frame 467: 29271 us total, 11462 us display, type 3
frame 468: 26860 us total, 11515 us display, type 3
frame 469: 30006 us total, 11490 us display, type 3
frame 470: 29491 us total, 11465 us display, type 3
frame 471: 26855 us total, 11471 us display, type 3
frame 472: 29160 us total, 11471 us display, type 3
frame 473: 27065 us total, 11832 us display, type 3
frame 474: 28576 us total, 11461 us display, type 3
frame 475: 27916 us total, 11460 us display, type 3
frame 476: 25850 us total, 11474 us display, type 3
frame 477: 29402 us total, 11455 us display, type 3
frame 478: 29202 us total, 11453 us display, type 3
frame 479: 28690 us total, 11535 us display, type 3
frame 480: 28321 us total, 11467 us display, type 3
frame 481: 27040 us total, 11666 us display, type 3
frame 482: 32340 us total, 11475 us display, type 3
frame 483: 30446 us total, 11555 us display, type 3
frame 484: 27216 us total, 11520 us display, type 3
frame 485: 28636 us total, 11467 us display, type 3
frame 486: 31368 us total, 11538 us display, type 3
frame 487: 28171 us total, 11462 us display, type 3
frame 488: 27442 us total, 11474 us display, type 3
frame 489: 27020 us total, 11462 us display, type 3
frame 490: 28860 us total, 11775 us display, type 3
frame 491: 27525 us total, 11474 us display, type 3
frame 492: 27275 us total, 11622 us display, type 3
frame 493: 29637 us total, 11634 us display, type 3
frame 494: 26640 us total, 11447 us display, type 3
frame 495: 29959 us total, 11464 us display, type 3
frame 496: 28625 us total, 11794 us display, type 3
frame 497: 28086 us total, 11579 us display, type 3
frame 498: 30968 us total, 11572 us display, type 3
frame 499: 28651 us total, 11470 us display, type 3
frame 500: 31347 us total, 11832 us display, type 3
frame 501: 29998 us total, 11505 us display, type 3
frame 502: 30459 us total, 11467 us display, type 3
frame 503: 31054 us total, 11459 us display, type 3
frame 504: 31059 us total, 11458 us display, type 3
frame 505: 29751 us total, 11457 us display, type 3
frame 506: 30491 us total, 11471 us display, type 3
frame 507: 30370 us total, 11462 us display, type 3
frame 508: 28640 us total, 11463 us display, type 3
frame 509: 30310 us total, 11469 us display, type 3
frame 510: 29659 us total, 11463 us display, type 3
frame 511: 27286 us total, 11554 us display, type 3
profile (avg of 128 frames, ms): logic+bsp 8.1 wait-fb 0.0 vp-mark 2.2 flats 4.9 columns 8.2 fuzz 0.0
frame 512: 29990 us total, 11787 us display, type 3
audio: 70 underruns, 46 ms queued
mem @frame 512: heap free 46492, largest 20992, min ever 46004, zone free 41204, display stack free 4400, uptime 16 s, gamestate 0, demo 1, usergame 0, tic 448
frame 513: 27433 us total, 11467 us display, type 3
frame 514: 27421 us total, 11467 us display, type 3
frame 515: 26794 us total, 11771 us display, type 3
frame 516: 25232 us total, 11796 us display, type 3
frame 517: 24487 us total, 11460 us display, type 3
frame 518: 24365 us total, 11601 us display, type 3
frame 519: 24422 us total, 11457 us display, type 3
frame 520: 25708 us total, 11461 us display, type 3
frame 521: 27172 us total, 11462 us display, type 3
frame 522: 29547 us total, 11549 us display, type 3
frame 523: 27061 us total, 11451 us display, type 3
frame 524: 28430 us total, 11451 us display, type 3
frame 525: 27799 us total, 11741 us display, type 3
frame 526: 28727 us total, 11468 us display, type 3
frame 527: 28721 us total, 11456 us display, type 3
frame 528: 27893 us total, 11480 us display, type 3
frame 529: 29046 us total, 11521 us display, type 3
frame 530: 28221 us total, 11537 us display, type 3
frame 531: 28280 us total, 11608 us display, type 3
frame 532: 31010 us total, 11475 us display, type 3
frame 533: 25305 us total, 11450 us display, type 3
frame 534: 29280 us total, 11455 us display, type 3
frame 535: 32722 us total, 11458 us display, type 3
frame 536: 25445 us total, 11452 us display, type 3
frame 537: 29721 us total, 11462 us display, type 3
frame 538: 27843 us total, 11643 us display, type 3
frame 539: 30421 us total, 11462 us display, type 3
frame 540: 28786 us total, 11455 us display, type 3
frame 541: 25410 us total, 11458 us display, type 3
frame 542: 33172 us total, 11461 us display, type 3
frame 543: 25140 us total, 11450 us display, type 3
frame 544: 30797 us total, 11606 us display, type 3
frame 545: 28399 us total, 11463 us display, type 3
frame 546: 26864 us total, 11802 us display, type 3
frame 547: 31070 us total, 11462 us display, type 3
frame 548: 29116 us total, 11456 us display, type 3
frame 549: 26216 us total, 11458 us display, type 3
frame 550: 29737 us total, 11467 us display, type 3
frame 551: 26590 us total, 11460 us display, type 3
frame 552: 31488 us total, 11574 us display, type 3
frame 553: 28648 us total, 11477 us display, type 3
frame 554: 26715 us total, 11776 us display, type 3
frame 555: 29485 us total, 11472 us display, type 3
frame 556: 27862 us total, 11461 us display, type 3
frame 557: 28668 us total, 11456 us display, type 3
frame 558: 28366 us total, 11465 us display, type 3
frame 559: 27472 us total, 11458 us display, type 3
frame 560: 29922 us total, 11465 us display, type 3
frame 561: 27843 us total, 11780 us display, type 3
frame 562: 28157 us total, 11635 us display, type 3
frame 563: 29472 us total, 11464 us display, type 3
frame 564: 27272 us total, 11453 us display, type 3
frame 565: 29843 us total, 11461 us display, type 3
frame 566: 28073 us total, 11451 us display, type 3
frame 567: 27905 us total, 11798 us display, type 3
frame 568: 28253 us total, 11454 us display, type 3
frame 569: 28754 us total, 11661 us display, type 3
frame 570: 30002 us total, 11597 us display, type 3
frame 571: 27714 us total, 11463 us display, type 3
frame 572: 28635 us total, 11634 us display, type 3
frame 573: 28147 us total, 11771 us display, type 3
frame 574: 29114 us total, 11456 us display, type 3
frame 575: 27134 us total, 11457 us display, type 3
frame 576: 28657 us total, 11448 us display, type 3
frame 577: 27571 us total, 11463 us display, type 3
frame 578: 28252 us total, 11456 us display, type 3
frame 579: 29223 us total, 11457 us display, type 3
frame 580: 27734 us total, 11623 us display, type 3
frame 581: 28117 us total, 11452 us display, type 3
frame 582: 29193 us total, 11458 us display, type 3
frame 583: 29076 us total, 11626 us display, type 3
frame 584: 29079 us total, 11751 us display, type 3
frame 585: 27290 us total, 11452 us display, type 3
frame 586: 29249 us total, 11449 us display, type 3
frame 587: 28144 us total, 11457 us display, type 3
frame 588: 28604 us total, 11743 us display, type 3
frame 589: 28141 us total, 11485 us display, type 3
frame 590: 28140 us total, 11449 us display, type 3
frame 591: 29067 us total, 11731 us display, type 3
frame 592: 29269 us total, 11460 us display, type 3
frame 593: 27691 us total, 11642 us display, type 3
frame 594: 28463 us total, 11513 us display, type 3
frame 595: 28506 us total, 11463 us display, type 3
frame 596: 28713 us total, 11456 us display, type 3
frame 597: 28227 us total, 11455 us display, type 3
frame 598: 29751 us total, 11716 us display, type 3
frame 599: 28116 us total, 11459 us display, type 3
frame 600: 29067 us total, 11729 us display, type 3
frame 601: 27317 us total, 11453 us display, type 3
frame 602: 31857 us total, 11458 us display, type 3
frame 603: 27124 us total, 11643 us display, type 3
frame 604: 30034 us total, 11814 us display, type 3
frame 605: 28437 us total, 11463 us display, type 3
frame 606: 28790 us total, 11728 us display, type 3
frame 607: 29078 us total, 11604 us display, type 3
frame 608: 27197 us total, 11461 us display, type 3
frame 609: 29321 us total, 11465 us display, type 3
frame 610: 30331 us total, 11456 us display, type 3
frame 611: 25967 us total, 11463 us display, type 3
frame 612: 30959 us total, 11470 us display, type 3
frame 613: 27709 us total, 11469 us display, type 3
frame 614: 28149 us total, 11637 us display, type 3
frame 615: 29077 us total, 11578 us display, type 3
frame 616: 29029 us total, 11600 us display, type 3
frame 617: 28582 us total, 11629 us display, type 3
frame 618: 28685 us total, 11593 us display, type 3
frame 619: 28548 us total, 11464 us display, type 3
frame 620: 28591 us total, 11455 us display, type 3
frame 621: 27086 us total, 11722 us display, type 3
frame 622: 29260 us total, 11465 us display, type 3
frame 623: 28220 us total, 11463 us display, type 3
frame 624: 26942 us total, 11621 us display, type 3
frame 625: 29583 us total, 11468 us display, type 3
frame 626: 29681 us total, 11460 us display, type 3
frame 627: 27082 us total, 11697 us display, type 3
frame 628: 29203 us total, 11468 us display, type 3
frame 629: 27848 us total, 11459 us display, type 3
frame 630: 30863 us total, 11459 us display, type 3
frame 631: 27597 us total, 11457 us display, type 3
frame 632: 28247 us total, 11459 us display, type 3
frame 633: 29538 us total, 11614 us display, type 3
frame 634: 27791 us total, 11460 us display, type 3
frame 635: 29930 us total, 11468 us display, type 3
frame 636: 27995 us total, 11468 us display, type 3
frame 637: 27962 us total, 11465 us display, type 3
frame 638: 28488 us total, 11464 us display, type 3
frame 639: 29641 us total, 11476 us display, type 3
profile (avg of 128 frames, ms): logic+bsp 5.8 wait-fb 0.0 vp-mark 1.8 flats 4.1 columns 7.2 fuzz 0.7
frame 640: 28354 us total, 11460 us display, type 3
frame 641: 27680 us total, 11808 us display, type 3
frame 642: 27604 us total, 11460 us display, type 3
frame 643: 28620 us total, 11591 us display, type 3
frame 644: 29615 us total, 11465 us display, type 3
frame 645: 26718 us total, 11460 us display, type 3
frame 646: 30152 us total, 11468 us display, type 3
frame 647: 28546 us total, 11448 us display, type 3
frame 648: 29460 us total, 11782 us display, type 3
frame 649: 30009 us total, 11673 us display, type 3
frame 650: 26274 us total, 11459 us display, type 3
frame 651: 28952 us total, 11463 us display, type 3
frame 652: 28306 us total, 11458 us display, type 3
frame 653: 27248 us total, 11455 us display, type 3
frame 654: 29798 us total, 11460 us display, type 3
frame 655: 27696 us total, 11465 us display, type 3
frame 656: 29646 us total, 11470 us display, type 3
frame 657: 28926 us total, 11717 us display, type 3
frame 658: 29385 us total, 11469 us display, type 3
frame 659: 28765 us total, 11534 us display, type 3
frame 660: 27076 us total, 11448 us display, type 3
frame 661: 29117 us total, 11470 us display, type 3
frame 662: 29327 us total, 11455 us display, type 3
frame 663: 27039 us total, 11461 us display, type 3
frame 664: 28882 us total, 11459 us display, type 3
frame 665: 29481 us total, 11461 us display, type 3
frame 666: 27780 us total, 11461 us display, type 3
frame 667: 30257 us total, 11473 us display, type 3
frame 668: 28312 us total, 11474 us display, type 3
frame 669: 29690 us total, 11476 us display, type 3
frame 670: 28964 us total, 11476 us display, type 3
frame 671: 26281 us total, 11464 us display, type 3
frame 672: 31863 us total, 11819 us display, type 3
frame 673: 25922 us total, 11463 us display, type 3
frame 674: 29668 us total, 11453 us display, type 3
frame 675: 28640 us total, 11469 us display, type 3
frame 676: 26803 us total, 11455 us display, type 3
frame 677: 29529 us total, 11664 us display, type 3
frame 678: 28153 us total, 11626 us display, type 3
frame 679: 28263 us total, 11458 us display, type 3
frame 680: 28295 us total, 11664 us display, type 3
frame 681: 27324 us total, 11451 us display, type 3
frame 682: 30794 us total, 11458 us display, type 3
frame 683: 27620 us total, 11451 us display, type 3
frame 684: 27344 us total, 11455 us display, type 3
frame 685: 28991 us total, 11627 us display, type 3
frame 686: 30002 us total, 11569 us display, type 3
frame 687: 28251 us total, 11457 us display, type 3
frame 688: 29033 us total, 11744 us display, type 3
frame 689: 28149 us total, 11521 us display, type 3
frame 690: 28146 us total, 11471 us display, type 3
frame 691: 28425 us total, 11463 us display, type 3
frame 692: 27627 us total, 11451 us display, type 3
frame 693: 28459 us total, 11802 us display, type 3
frame 694: 27135 us total, 11453 us display, type 3
frame 695: 29012 us total, 11458 us display, type 3
frame 696: 30794 us total, 11571 us display, type 3
frame 697: 26546 us total, 11460 us display, type 3
frame 698: 29056 us total, 11462 us display, type 3
frame 699: 28052 us total, 11457 us display, type 3
frame 700: 30986 us total, 11459 us display, type 3
frame 701: 27457 us total, 11460 us display, type 3
frame 702: 28454 us total, 11449 us display, type 3
frame 703: 29530 us total, 11456 us display, type 3
frame 704: 28486 us total, 11455 us display, type 3
frame 705: 27351 us total, 11592 us display, type 3
frame 706: 28241 us total, 11464 us display, type 3
frame 707: 27626 us total, 11453 us display, type 3
frame 708: 28851 us total, 11455 us display, type 3
frame 709: 30712 us total, 11759 us display, type 3
frame 710: 28132 us total, 11683 us display, type 3
frame 711: 28469 us total, 11635 us display, type 3
frame 712: 28317 us total, 11464 us display, type 3
frame 713: 28486 us total, 11461 us display, type 3
frame 714: 30224 us total, 11462 us display, type 3
frame 715: 26875 us total, 11727 us display, type 3
frame 716: 28708 us total, 11462 us display, type 3
frame 717: 29420 us total, 11759 us display, type 3
frame 718: 27279 us total, 11453 us display, type 3
frame 719: 30377 us total, 11474 us display, type 3
frame 720: 27370 us total, 11456 us display, type 3
frame 721: 29591 us total, 11464 us display, type 3
frame 722: 28960 us total, 11576 us display, type 3
frame 723: 27278 us total, 11463 us display, type 3
frame 724: 29660 us total, 11459 us display, type 3
frame 725: 26712 us total, 11458 us display, type 3
frame 726: 29638 us total, 11697 us display, type 3
frame 727: 28130 us total, 11464 us display, type 3
frame 728: 29067 us total, 11773 us display, type 3
frame 729: 28746 us total, 11473 us display, type 3
frame 730: 29479 us total, 11783 us display, type 3
frame 731: 27387 us total, 11459 us display, type 3
frame 732: 29341 us total, 11458 us display, type 3
frame 733: 27982 us total, 11459 us display, type 3
frame 734: 28651 us total, 11460 us display, type 3
frame 735: 28664 us total, 11458 us display, type 3
frame 736: 27554 us total, 11664 us display, type 3
frame 737: 29085 us total, 11515 us display, type 3
frame 738: 28471 us total, 11469 us display, type 3
frame 739: 28881 us total, 11464 us display, type 3
frame 740: 28984 us total, 11645 us display, type 3
frame 741: 27208 us total, 11533 us display, type 3
frame 742: 31862 us total, 11691 us display, type 3
frame 743: 27226 us total, 11633 us display, type 3
frame 744: 27548 us total, 11466 us display, type 3
frame 745: 29289 us total, 11468 us display, type 3
frame 746: 27656 us total, 11773 us display, type 3
frame 747: 30121 us total, 11465 us display, type 3
frame 748: 27321 us total, 11463 us display, type 3
frame 749: 28533 us total, 11743 us display, type 3
frame 750: 29156 us total, 11628 us display, type 3
frame 751: 27219 us total, 11750 us display, type 3
frame 752: 31073 us total, 11464 us display, type 3
frame 753: 27450 us total, 11474 us display, type 3
frame 754: 27777 us total, 11728 us display, type 3
frame 755: 28704 us total, 11455 us display, type 3
frame 756: 30125 us total, 11466 us display, type 3
frame 757: 25909 us total, 11453 us display, type 3
frame 758: 29477 us total, 11603 us display, type 3
frame 759: 28145 us total, 11452 us display, type 3
frame 760: 29333 us total, 11467 us display, type 3
frame 761: 28891 us total, 11464 us display, type 3
frame 762: 28573 us total, 11459 us display, type 3
frame 763: 29019 us total, 11469 us display, type 3
frame 764: 26361 us total, 11452 us display, type 3
frame 765: 30430 us total, 11831 us display, type 3
frame 766: 29258 us total, 11464 us display, type 3
frame 767: 25505 us total, 11456 us display, type 3
profile (avg of 128 frames, ms): logic+bsp 6.5 wait-fb 0.0 vp-mark 2.0 flats 4.6 columns 6.8 fuzz 1.0
frame 768: 30410 us total, 11651 us display, type 3
audio: 70 underruns, 46 ms queued
mem @frame 768: heap free 46492, largest 20992, min ever 46004, zone free 39844, display stack free 4400, uptime 23 s, gamestate 0, demo 1, usergame 0, tic 704
frame 769: 30007 us total, 11687 us display, type 3
frame 770: 25703 us total, 11453 us display, type 3
frame 771: 28152 us total, 11464 us display, type 3
frame 772: 28762 us total, 11493 us display, type 3
frame 773: 29523 us total, 11455 us display, type 3
frame 774: 28626 us total, 11681 us display, type 3
frame 775: 26284 us total, 11449 us display, type 3
frame 776: 29465 us total, 11452 us display, type 3
frame 777: 26225 us total, 11453 us display, type 3
frame 778: 29459 us total, 11602 us display, type 3
frame 779: 29989 us total, 11769 us display, type 3
frame 780: 27181 us total, 11633 us display, type 3
frame 781: 28598 us total, 11463 us display, type 3
frame 782: 27999 us total, 11577 us display, type 3
frame 783: 30154 us total, 11595 us display, type 3
frame 784: 28727 us total, 11823 us display, type 3
frame 785: 26553 us total, 11444 us display, type 3
frame 786: 30193 us total, 11450 us display, type 3
frame 787: 28721 us total, 11456 us display, type 3
frame 788: 25932 us total, 11604 us display, type 3
frame 789: 30090 us total, 11472 us display, type 3
frame 790: 26370 us total, 11447 us display, type 3
frame 791: 29072 us total, 11450 us display, type 3
frame 792: 29830 us total, 11502 us display, type 3
frame 793: 27245 us total, 11449 us display, type 3
frame 794: 29858 us total, 11445 us display, type 3
frame 795: 26472 us total, 11445 us display, type 3
frame 796: 29316 us total, 11450 us display, type 3
frame 797: 29589 us total, 11808 us display, type 3
frame 798: 26708 us total, 11449 us display, type 3
frame 799: 29547 us total, 11454 us display, type 3
frame 800: 29527 us total, 11463 us display, type 3
frame 801: 26917 us total, 11449 us display, type 3
frame 802: 29925 us total, 11449 us display, type 3
frame 803: 27581 us total, 11451 us display, type 3
frame 804: 29436 us total, 11445 us display, type 3
frame 805: 29242 us total, 11452 us display, type 3
frame 806: 27466 us total, 11449 us display, type 3
frame 807: 29602 us total, 11652 us display, type 3
frame 808: 27296 us total, 11457 us display, type 3
frame 809: 29877 us total, 11592 us display, type 3
frame 810: 29219 us total, 11451 us display, type 3
frame 811: 27343 us total, 11447 us display, type 3
frame 812: 30942 us total, 11457 us display, type 3
frame 813: 28004 us total, 11453 us display, type 3
frame 814: 28611 us total, 11587 us display, type 3
frame 815: 30381 us total, 11782 us display, type 3
frame 816: 28539 us total, 11460 us display, type 3
frame 817: 30703 us total, 11605 us display, type 3
frame 818: 30271 us total, 11638 us display, type 3
frame 819: 30481 us total, 11677 us display, type 3
frame 820: 30415 us total, 11464 us display, type 3
frame 821: 31438 us total, 11728 us display, type 3
frame 822: 30928 us total, 11710 us display, type 3
frame 823: 30461 us total, 11470 us display, type 3
frame 824: 29537 us total, 11537 us display, type 3
frame 825: 28208 us total, 11461 us display, type 3
frame 826: 29008 us total, 11756 us display, type 3
frame 827: 28366 us total, 11472 us display, type 3
frame 828: 26990 us total, 11469 us display, type 3
frame 829: 27076 us total, 11663 us display, type 3
frame 830: 24440 us total, 11460 us display, type 3
frame 831: 27597 us total, 11657 us display, type 3
frame 832: 28166 us total, 11463 us display, type 3
frame 833: 28373 us total, 11461 us display, type 3
frame 834: 29704 us total, 11459 us display, type 3
frame 835: 27068 us total, 11467 us display, type 3
frame 836: 29647 us total, 11727 us display, type 3
frame 837: 29998 us total, 11665 us display, type 3
frame 838: 28641 us total, 11458 us display, type 3
frame 839: 30432 us total, 11583 us display, type 3
frame 840: 29077 us total, 11697 us display, type 3
frame 841: 29995 us total, 11834 us display, type 3
frame 842: 30403 us total, 11465 us display, type 3
frame 843: 28685 us total, 11462 us display, type 3
frame 844: 29981 us total, 11671 us display, type 3
frame 845: 29492 us total, 11471 us display, type 3
frame 846: 28691 us total, 11463 us display, type 3
frame 847: 29964 us total, 11699 us display, type 3
frame 848: 28146 us total, 11680 us display, type 3
frame 849: 28303 us total, 11634 us display, type 3
frame 850: 28911 us total, 11792 us display, type 3
frame 851: 25280 us total, 11464 us display, type 3
frame 852: 28997 us total, 11802 us display, type 3
frame 853: 25358 us total, 11692 us display, type 3
frame 854: 26773 us total, 11639 us display, type 3
frame 855: 26363 us total, 11460 us display, type 3
frame 856: 23101 us total, 11459 us display, type 3
frame 857: 27045 us total, 11463 us display, type 3
frame 858: 27068 us total, 11600 us display, type 3
frame 859: 32050 us total, 11474 us display, type 3
frame 860: 32613 us total, 11461 us display, type 3
frame 861: 28653 us total, 11467 us display, type 3
frame 862: 30410 us total, 11797 us display, type 3
frame 863: 25536 us total, 11467 us display, type 3
frame 864: 27684 us total, 11460 us display, type 3
frame 865: 27321 us total, 11481 us display, type 3
frame 866: 27188 us total, 11537 us display, type 3
frame 867: 29144 us total, 11457 us display, type 3
frame 868: 27734 us total, 11456 us display, type 3
frame 869: 29665 us total, 11471 us display, type 3
frame 870: 29804 us total, 11614 us display, type 3
frame 871: 24261 us total, 11460 us display, type 3
frame 872: 29441 us total, 11459 us display, type 3
frame 873: 27176 us total, 11459 us display, type 3
frame 874: 28828 us total, 11460 us display, type 3
frame 875: 30806 us total, 11545 us display, type 3
frame 876: 27422 us total, 11458 us display, type 3
frame 877: 30346 us total, 11473 us display, type 3
frame 878: 27837 us total, 11465 us display, type 3
frame 879: 27948 us total, 11542 us display, type 3
frame 880: 29078 us total, 11829 us display, type 3
frame 881: 27515 us total, 11455 us display, type 3
frame 882: 29963 us total, 11462 us display, type 3
frame 883: 27295 us total, 11465 us display, type 3
frame 884: 27829 us total, 11461 us display, type 3
frame 885: 29411 us total, 11461 us display, type 3
frame 886: 28036 us total, 11460 us display, type 3
frame 887: 29585 us total, 11718 us display, type 3
frame 888: 28410 us total, 11465 us display, type 3
frame 889: 28898 us total, 11462 us display, type 3
frame 890: 28518 us total, 11668 us display, type 3
frame 891: 29041 us total, 11464 us display, type 3
frame 892: 28569 us total, 11461 us display, type 3
frame 893: 25233 us total, 11487 us display, type 3
frame 894: 27524 us total, 11459 us display, type 3
frame 895: 28317 us total, 11461 us display, type 3
profile (avg of 128 frames, ms): logic+bsp 7.1 wait-fb 0.0 vp-mark 1.2 flats 3.7 columns 8.5 fuzz 0.0
frame 896: 29427 us total, 11502 us display, type 3
frame 897: 27272 us total, 11740 us display, type 3
frame 898: 28574 us total, 11450 us display, type 3
frame 899: 27199 us total, 11448 us display, type 3
frame 900: 27646 us total, 11674 us display, type 3
frame 901: 28109 us total, 11777 us display, type 3
frame 902: 28399 us total, 11440 us display, type 3
frame 903: 30664 us total, 11613 us display, type 3
frame 904: 29277 us total, 11449 us display, type 3
frame 905: 28821 us total, 11514 us display, type 3
frame 906: 29100 us total, 11510 us display, type 3
frame 907: 28283 us total, 11456 us display, type 3
frame 908: 28031 us total, 11573 us display, type 3
frame 909: 29070 us total, 11801 us display, type 3
frame 910: 27686 us total, 11446 us display, type 3
frame 911: 27719 us total, 11450 us display, type 3
frame 912: 28915 us total, 11453 us display, type 3
frame 913: 28260 us total, 11455 us display, type 3
frame 914: 27954 us total, 11455 us display, type 3
frame 915: 28085 us total, 11643 us display, type 3
frame 916: 28277 us total, 11447 us display, type 3
frame 917: 28970 us total, 11649 us display, type 3
frame 918: 28303 us total, 11448 us display, type 3
frame 919: 29385 us total, 11442 us display, type 3
frame 920: 27977 us total, 11447 us display, type 3
frame 921: 27972 us total, 11439 us display, type 3
frame 922: 29972 us total, 11450 us display, type 3
frame 923: 28882 us total, 11723 us display, type 3
frame 924: 29039 us total, 11747 us display, type 3
frame 925: 27716 us total, 11462 us display, type 3
frame 926: 28956 us total, 11461 us display, type 3
frame 927: 29216 us total, 11456 us display, type 3
frame 928: 27555 us total, 11533 us display, type 3
frame 929: 29340 us total, 11465 us display, type 3
frame 930: 29857 us total, 11733 us display, type 3
frame 931: 27571 us total, 11449 us display, type 3
frame 932: 29967 us total, 11445 us display, type 3
frame 933: 27051 us total, 11449 us display, type 3
frame 934: 29724 us total, 11455 us display, type 3
frame 935: 28995 us total, 11754 us display, type 3
frame 936: 27540 us total, 11461 us display, type 3
frame 937: 29341 us total, 11466 us display, type 3
frame 938: 28421 us total, 11628 us display, type 3
frame 939: 29561 us total, 11464 us display, type 3
frame 940: 30547 us total, 11500 us display, type 3
frame 941: 29247 us total, 11459 us display, type 3
frame 942: 29835 us total, 11839 us display, type 3
frame 943: 28623 us total, 11632 us display, type 3
frame 944: 25961 us total, 11444 us display, type 3
frame 945: 30543 us total, 11460 us display, type 3
frame 946: 26499 us total, 11458 us display, type 3
frame 947: 30107 us total, 11458 us display, type 3
frame 948: 29833 us total, 11469 us display, type 3
frame 949: 27319 us total, 11455 us display, type 3
frame 950: 29823 us total, 11615 us display, type 3
frame 951: 28434 us total, 11461 us display, type 3
frame 952: 28099 us total, 11462 us display, type 3
frame 953: 29721 us total, 11788 us display, type 3
frame 954: 27256 us total, 11782 us display, type 3
frame 955: 30282 us total, 11469 us display, type 3
frame 956: 28591 us total, 11463 us display, type 3
frame 957: 26766 us total, 11456 us display, type 3
frame 958: 30024 us total, 11460 us display, type 3
frame 959: 27671 us total, 11526 us display, type 3
frame 960: 29520 us total, 11457 us display, type 3
frame 961: 29572 us total, 11853 us display, type 3
frame 962: 27426 us total, 11463 us display, type 3
frame 963: 28864 us total, 11559 us display, type 3
frame 964: 29071 us total, 11629 us display, type 3
frame 965: 26135 us total, 11455 us display, type 3
frame 966: 30174 us total, 11462 us display, type 3
frame 967: 26596 us total, 11463 us display, type 3
frame 968: 29856 us total, 11476 us display, type 3
frame 969: 29983 us total, 11466 us display, type 3
frame 970: 26835 us total, 11773 us display, type 3
frame 971: 30061 us total, 11729 us display, type 3
frame 972: 27445 us total, 11456 us display, type 3
frame 973: 29764 us total, 11653 us display, type 3
frame 974: 27218 us total, 11603 us display, type 3
frame 975: 26693 us total, 11456 us display, type 3
frame 976: 29409 us total, 11460 us display, type 3
frame 977: 27259 us total, 11464 us display, type 3
frame 978: 27528 us total, 11458 us display, type 3
frame 979: 28977 us total, 11461 us display, type 3
frame 980: 27911 us total, 11462 us display, type 3
frame 981: 28107 us total, 11453 us display, type 3
frame 982: 30031 us total, 11564 us display, type 3
frame 983: 28148 us total, 11713 us display, type 3
frame 984: 29278 us total, 11470 us display, type 3
frame 985: 28585 us total, 11455 us display, type 3
frame 986: 29740 us total, 11456 us display, type 3
frame 987: 28465 us total, 11468 us display, type 3
frame 988: 27231 us total, 11611 us display, type 3
frame 989: 30537 us total, 11467 us display, type 3
frame 990: 29457 us total, 11654 us display, type 3
frame 991: 29069 us total, 11735 us display, type 3
frame 992: 32123 us total, 11473 us display, type 3
frame 993: 29786 us total, 11610 us display, type 3
frame 994: 31446 us total, 11467 us display, type 3
frame 995: 31265 us total, 11459 us display, type 3
frame 996: 30433 us total, 11464 us display, type 3
frame 997: 31145 us total, 11467 us display, type 3
frame 998: 30934 us total, 11470 us display, type 3
frame 999: 31448 us total, 11759 us display, type 3
frame 1000: 30921 us total, 11479 us display, type 3
frame 1001: 30930 us total, 11658 us display, type 3
frame 1002: 31295 us total, 11485 us display, type 3
frame 1003: 30560 us total, 11689 us display, type 3
frame 1004: 30000 us total, 11844 us display, type 3
frame 1005: 29076 us total, 11635 us display, type 3
frame 1006: 30382 us total, 11476 us display, type 3
frame 1007: 29020 us total, 11477 us display, type 3
frame 1008: 29054 us total, 11479 us display, type 3
frame 1009: 29683 us total, 11819 us display, type 3
frame 1010: 28410 us total, 11642 us display, type 3
frame 1011: 28808 us total, 11721 us display, type 3
frame 1012: 28350 us total, 11459 us display, type 3
frame 1013: 28923 us total, 11472 us display, type 3
frame 1014: 28126 us total, 11467 us display, type 3
frame 1015: 28375 us total, 11459 us display, type 3
frame 1016: 28644 us total, 11848 us display, type 3
frame 1017: 28407 us total, 11473 us display, type 3
frame 1018: 28813 us total, 11636 us display, type 3
frame 1019: 29070 us total, 11788 us display, type 3
frame 1020: 28319 us total, 11472 us display, type 3
frame 1021: 29833 us total, 11539 us display, type 3
frame 1022: 29996 us total, 11494 us display, type 3
frame 1023: 29615 us total, 11652 us display, type 3
profile (avg of 128 frames, ms): logic+bsp 7.3 wait-fb 0.0 vp-mark 1.6 flats 3.2 columns 8.1 fuzz 0.1
frame 1024: 29062 us total, 11467 us display, type 3
audio: 70 underruns, 69 ms queued
mem @frame 1024: heap free 46492, largest 20992, min ever 46004, zone free 41204, display stack free 4400, uptime 30 s, gamestate 0, demo 1, usergame 0, tic 961
frame 1025: 29467 us total, 11537 us display, type 3
frame 1026: 29316 us total, 11458 us display, type 3
frame 1027: 29062 us total, 11463 us display, type 3
frame 1028: 28630 us total, 11472 us display, type 3
frame 1029: 28658 us total, 11469 us display, type 3
frame 1030: 28615 us total, 11608 us display, type 3
frame 1031: 28674 us total, 11461 us display, type 3
frame 1032: 26768 us total, 11462 us display, type 3
frame 1033: 28989 us total, 11611 us display, type 3
frame 1034: 27876 us total, 11657 us display, type 3
frame 1035: 27899 us total, 11471 us display, type 3
frame 1036: 28177 us total, 11459 us display, type 3
frame 1037: 28442 us total, 11813 us display, type 3
frame 1038: 28395 us total, 11465 us display, type 3
frame 1039: 27000 us total, 11648 us display, type 3
frame 1040: 28514 us total, 11469 us display, type 3
frame 1041: 32410 us total, 11677 us display, type 3
frame 1042: 29076 us total, 11569 us display, type 3
frame 1043: 29069 us total, 11793 us display, type 3
frame 1044: 30002 us total, 11680 us display, type 3
frame 1045: 28650 us total, 11470 us display, type 3
frame 1046: 29838 us total, 11470 us display, type 3
frame 1047: 29941 us total, 11470 us display, type 3
frame 1048: 28896 us total, 11465 us display, type 3
frame 1049: 31742 us total, 11766 us display, type 3
frame 1050: 30006 us total, 11602 us display, type 3
frame 1051: 32775 us total, 11753 us display, type 3
frame 1052: 30944 us total, 11463 us display, type 3
frame 1053: 30919 us total, 11493 us display, type 3
frame 1054: 33146 us total, 11467 us display, type 3
frame 1055: 31100 us total, 11465 us display, type 3
frame 1056: 29164 us total, 11470 us display, type 3
frame 1057: 32309 us total, 11542 us display, type 3
frame 1058: 32191 us total, 11482 us display, type 3
frame 1059: 31825 us total, 11479 us display, type 3
frame 1060: 31837 us total, 11466 us display, type 3
frame 1061: 30745 us total, 11477 us display, type 3
frame 1062: 30390 us total, 11474 us display, type 3
frame 1063: 29514 us total, 11469 us display, type 3
frame 1064: 31211 us total, 11467 us display, type 3
frame 1065: 30644 us total, 11533 us display, type 3
frame 1066: 28416 us total, 11472 us display, type 3
frame 1067: 30035 us total, 11472 us display, type 3
frame 1068: 28762 us total, 11797 us display, type 3
frame 1069: 29417 us total, 11474 us display, type 3
frame 1070: 29651 us total, 11827 us display, type 3
frame 1071: 28429 us total, 11471 us display, type 3
frame 1072: 30248 us total, 11465 us display, type 3
frame 1073: 29906 us total, 11465 us display, type 3
frame 1074: 28939 us total, 11531 us display, type 3
frame 1075: 29942 us total, 11464 us display, type 3
frame 1076: 29984 us total, 11467 us display, type 3
frame 1077: 29402 us total, 11631 us display, type 3
frame 1078: 29437 us total, 11718 us display, type 3
frame 1079: 29044 us total, 11820 us display, type 3
frame 1080: 28438 us total, 11460 us display, type 3
frame 1081: 28198 us total, 11460 us display, type 3
frame 1082: 28590 us total, 11696 us display, type 3
frame 1083: 27223 us total, 11636 us display, type 3
frame 1084: 25860 us total, 11467 us display, type 3
frame 1085: 26208 us total, 11455 us display, type 3
frame 1086: 26656 us total, 11744 us display, type 3
frame 1087: 25558 us total, 11473 us display, type 3
frame 1088: 26079 us total, 11697 us display, type 3
frame 1089: 26097 us total, 11454 us display, type 3
frame 1090: 29423 us total, 11460 us display, type 3
frame 1091: 28146 us total, 11454 us display, type 3
frame 1092: 29986 us total, 11462 us display, type 3
frame 1093: 28763 us total, 11473 us display, type 3
frame 1094: 29979 us total, 11492 us display, type 3
frame 1095: 30029 us total, 11800 us display, type 3
frame 1096: 29339 us total, 11466 us display, type 3
frame 1097: 29741 us total, 11565 us display, type 3
frame 1098: 30357 us total, 11476 us display, type 3
frame 1099: 31033 us total, 11465 us display, type 3
frame 1100: 30731 us total, 11470 us display, type 3
frame 1101: 30391 us total, 11461 us display, type 3
frame 1102: 30850 us total, 11460 us display, type 3
frame 1103: 30646 us total, 11463 us display, type 3
frame 1104: 30842 us total, 11474 us display, type 3
frame 1105: 30447 us total, 11467 us display, type 3
frame 1106: 30724 us total, 11474 us display, type 3
frame 1107: 30939 us total, 11651 us display, type 3
frame 1108: 30089 us total, 11657 us display, type 3
frame 1109: 30526 us total, 11485 us display, type 3
frame 1110: 31425 us total, 11469 us display, type 3
frame 1111: 30616 us total, 11463 us display, type 3
frame 1112: 30156 us total, 11481 us display, type 3
frame 1113: 31527 us total, 11468 us display, type 3
frame 1114: 30915 us total, 11664 us display, type 3
frame 1115: 30099 us total, 11466 us display, type 3
frame 1116: 30827 us total, 11714 us display, type 3
frame 1117: 30004 us total, 11710 us display, type 3
frame 1118: 30106 us total, 11469 us display, type 3
frame 1119: 30209 us total, 11468 us display, type 3
frame 1120: 29678 us total, 11678 us display, type 3
frame 1121: 29581 us total, 11474 us display, type 3
frame 1122: 29963 us total, 11470 us display, type 3
frame 1123: 29538 us total, 11591 us display, type 3
frame 1124: 29992 us total, 11784 us display, type 3
frame 1125: 29371 us total, 11471 us display, type 3
frame 1126: 29835 us total, 11469 us display, type 3
frame 1127: 31031 us total, 11467 us display, type 3
frame 1128: 30889 us total, 11476 us display, type 3
frame 1129: 28377 us total, 11476 us display, type 3
frame 1130: 28770 us total, 11475 us display, type 3
frame 1131: 27549 us total, 11467 us display, type 3
frame 1132: 28667 us total, 11629 us display, type 3
frame 1133: 27316 us total, 11453 us display, type 3
frame 1134: 26478 us total, 11460 us display, type 3
frame 1135: 28069 us total, 11465 us display, type 3
frame 1136: 26789 us total, 11738 us display, type 3
frame 1137: 29236 us total, 11462 us display, type 3
frame 1138: 28911 us total, 11735 us display, type 3
frame 1139: 27565 us total, 11459 us display, type 3
frame 1140: 28727 us total, 11466 us display, type 3
frame 1141: 29022 us total, 11469 us display, type 3
frame 1142: 27057 us total, 11558 us display, type 3
frame 1143: 29066 us total, 11549 us display, type 3
frame 1144: 27551 us total, 11464 us display, type 3
frame 1145: 29809 us total, 11465 us display, type 3
frame 1146: 28994 us total, 11576 us display, type 3
frame 1147: 27604 us total, 11465 us display, type 3
frame 1148: 29602 us total, 11487 us display, type 3
frame 1149: 27216 us total, 11685 us display, type 3
frame 1150: 30003 us total, 11717 us display, type 3
frame 1151: 27440 us total, 11460 us display, type 3
profile (avg of 128 frames, ms): logic+bsp 8.8 wait-fb 0.0 vp-mark 1.7 flats 4.3 columns 11.3 fuzz 0.0
frame 1152: 28046 us total, 11457 us display, type 3
frame 1153: 28888 us total, 11461 us display, type 3
frame 1154: 27320 us total, 11463 us display, type 3
frame 1155: 29289 us total, 11539 us display, type 3
frame 1156: 27798 us total, 11458 us display, type 3
frame 1157: 28495 us total, 11475 us display, type 3
frame 1158: 28974 us total, 11638 us display, type 3
frame 1159: 28131 us total, 11452 us display, type 3
frame 1160: 27035 us total, 11459 us display, type 3
frame 1161: 28047 us total, 11457 us display, type 3
frame 1162: 27840 us total, 11633 us display, type 3
frame 1163: 28077 us total, 11540 us display, type 3
frame 1164: 28596 us total, 11459 us display, type 3
frame 1165: 27162 us total, 11511 us display, type 3
frame 1166: 27928 us total, 11451 us display, type 3
frame 1167: 27963 us total, 11459 us display, type 3
frame 1168: 28161 us total, 11478 us display, type 3
frame 1169: 27645 us total, 11447 us display, type 3
frame 1170: 26952 us total, 11440 us display, type 3
frame 1171: 29314 us total, 11454 us display, type 3
frame 1172: 27546 us total, 11475 us display, type 3
frame 1173: 30922 us total, 11556 us display, type 3
frame 1174: 28216 us total, 11440 us display, type 3
frame 1175: 27092 us total, 11439 us display, type 3
frame 1176: 29024 us total, 11439 us display, type 3
frame 1177: 27329 us total, 11759 us display, type 3
frame 1178: 29264 us total, 11440 us display, type 3
frame 1179: 28132 us total, 11439 us display, type 3
frame 1180: 27975 us total, 11446 us display, type 3
frame 1181: 30220 us total, 11446 us display, type 3
frame 1182: 27883 us total, 11443 us display, type 3
frame 1183: 27256 us total, 11443 us display, type 3
frame 1184: 30859 us total, 11453 us display, type 3
frame 1185: 29015 us total, 11445 us display, type 3
frame 1186: 30394 us total, 11451 us display, type 3
frame 1187: 29690 us total, 11705 us display, type 3
frame 1188: 28862 us total, 11448 us display, type 3
frame 1189: 29655 us total, 11446 us display, type 3
frame 1190: 29537 us total, 11455 us display, type 3
frame 1191: 32273 us total, 11459 us display, type 3
frame 1192: 28525 us total, 11464 us display, type 3
frame 1193: 27429 us total, 11811 us display, type 3
frame 1194: 30213 us total, 11453 us display, type 3
frame 1195: 30049 us total, 11454 us display, type 3
frame 1196: 24437 us total, 11453 us display, type 3
frame 1197: 30962 us total, 11457 us display, type 3
frame 1198: 28726 us total, 11459 us display, type 3
frame 1199: 26459 us total, 11461 us display, type 3
frame 1200: 30017 us total, 11464 us display, type 3
frame 1201: 27013 us total, 11448 us display, type 3
frame 1202: 30899 us total, 11829 us display, type 3
frame 1203: 30032 us total, 11718 us display, type 3
frame 1204: 25654 us total, 11457 us display, type 3
frame 1205: 30050 us total, 11463 us display, type 3
frame 1206: 26647 us total, 11456 us display, type 3
frame 1207: 30978 us total, 11586 us display, type 3
frame 1208: 29190 us total, 11470 us display, type 3
frame 1209: 26681 us total, 11458 us display, type 3
frame 1210: 30616 us total, 11470 us display, type 3
frame 1211: 30747 us total, 11709 us display, type 3
frame 1212: 25634 us total, 11603 us display, type 3
frame 1213: 30039 us total, 11640 us display, type 3
frame 1214: 25795 us total, 11465 us display, type 3
frame 1215: 31131 us total, 11468 us display, type 3
frame 1216: 28364 us total, 11463 us display, type 3
frame 1217: 26246 us total, 11459 us display, type 3
frame 1218: 29638 us total, 11779 us display, type 3
frame 1219: 30011 us total, 11786 us display, type 3
frame 1220: 29516 us total, 11459 us display, type 3
frame 1221: 32512 us total, 11465 us display, type 3
frame 1222: 30741 us total, 11792 us display, type 3
frame 1223: 30003 us total, 11700 us display, type 3
frame 1224: 30006 us total, 11478 us display, type 3
frame 1225: 30395 us total, 11464 us display, type 3
frame 1226: 29603 us total, 11742 us display, type 3
frame 1227: 30328 us total, 11468 us display, type 3
frame 1228: 33265 us total, 11463 us display, type 3
frame 1229: 31208 us total, 11655 us display, type 3
frame 1230: 30360 us total, 11464 us display, type 3
frame 1231: 31492 us total, 11820 us display, type 3
frame 1232: 30928 us total, 11675 us display, type 3
frame 1233: 31437 us total, 11466 us display, type 3
frame 1234: 32627 us total, 11463 us display, type 3
frame 1235: 30575 us total, 11538 us display, type 3
frame 1236: 30935 us total, 11819 us display, type 3
frame 1237: 27508 us total, 11464 us display, type 3
frame 1238: 26907 us total, 11837 us display, type 3
frame 1239: 27234 us total, 11820 us display, type 3
frame 1240: 25200 us total, 11816 us display, type 3
frame 1241: 26450 us total, 11467 us display, type 3
frame 1242: 24812 us total, 11652 us display, type 3
frame 1243: 28643 us total, 11474 us display, type 3
frame 1244: 26243 us total, 11801 us display, type 3
frame 1245: 29784 us total, 11811 us display, type 3
frame 1246: 27573 us total, 11456 us display, type 3
frame 1247: 28164 us total, 11459 us display, type 3
frame 1248: 30642 us total, 11461 us display, type 3
frame 1249: 29272 us total, 11463 us display, type 3
frame 1250: 27855 us total, 11802 us display, type 3
frame 1251: 29086 us total, 11464 us display, type 3
frame 1252: 27187 us total, 11760 us display, type 3
frame 1253: 28571 us total, 11465 us display, type 3
frame 1254: 27741 us total, 11461 us display, type 3
frame 1255: 26995 us total, 11601 us display, type 3
frame 1256: 29138 us total, 11456 us display, type 3
frame 1257: 28411 us total, 11456 us display, type 3
frame 1258: 27740 us total, 11503 us display, type 3
frame 1259: 28219 us total, 11564 us display, type 3
frame 1260: 27635 us total, 11451 us display, type 3
frame 1261: 29622 us total, 11594 us display, type 3
frame 1262: 26786 us total, 11446 us display, type 3
frame 1263: 30070 us total, 11444 us display, type 3
frame 1264: 34222 us total, 11636 us display, type 3
frame 1265: 24492 us total, 11457 us display, type 3
frame 1266: 30120 us total, 11460 us display, type 3
frame 1267: 27797 us total, 11460 us display, type 3
frame 1268: 28254 us total, 11450 us display, type 3
frame 1269: 28010 us total, 11455 us display, type 3
frame 1270: 27987 us total, 11679 us display, type 3
frame 1271: 30968 us total, 11825 us display, type 3
frame 1272: 29602 us total, 11449 us display, type 3
frame 1273: 27016 us total, 11451 us display, type 3
frame 1274: 29691 us total, 11520 us display, type 3
frame 1275: 28133 us total, 11463 us display, type 3
frame 1276: 28589 us total, 11454 us display, type 3
frame 1277: 28599 us total, 11458 us display, type 3
frame 1278: 29170 us total, 11459 us display, type 3
frame 1279: 28281 us total, 11463 us display, type 3
profile (avg of 128 frames, ms): logic+bsp 8.0 wait-fb 0.0 vp-mark 1.2 flats 3.2 columns 8.5 fuzz 0.0
frame 1280: 30933 us total, 11454 us display, type 3
audio: 70 underruns, 58 ms queued
mem @frame 1280: heap free 46492, largest 20992, min ever 46004, zone free 40564, display stack free 4400, uptime 38 s, gamestate 0, demo 1, usergame 0, tic 1222
frame 1281: 27187 us total, 11451 us display, type 3
frame 1282: 29736 us total, 11461 us display, type 3
frame 1283: 26545 us total, 11463 us display, type 3
frame 1284: 30019 us total, 11469 us display, type 3
frame 1285: 28738 us total, 11833 us display, type 3
frame 1286: 29067 us total, 11716 us display, type 3
frame 1287: 28897 us total, 11460 us display, type 3
frame 1288: 29250 us total, 11466 us display, type 3
frame 1289: 27373 us total, 11455 us display, type 3
frame 1290: 31326 us total, 11456 us display, type 3
frame 1291: 29443 us total, 11753 us display, type 3
frame 1292: 28406 us total, 11461 us display, type 3
frame 1293: 30507 us total, 11468 us display, type 3
frame 1294: 28142 us total, 11738 us display, type 3
frame 1295: 28149 us total, 11658 us display, type 3
frame 1296: 28496 us total, 11475 us display, type 3
frame 1297: 28074 us total, 11463 us display, type 3
frame 1298: 29303 us total, 11460 us display, type 3
frame 1299: 30415 us total, 11535 us display, type 3
frame 1300: 29999 us total, 11629 us display, type 3
frame 1301: 30001 us total, 11685 us display, type 3
frame 1302: 28228 us total, 11641 us display, type 3
frame 1303: 29384 us total, 11464 us display, type 3
frame 1304: 28427 us total, 11465 us display, type 3
frame 1305: 28026 us total, 11459 us display, type 3
frame 1306: 27700 us total, 11467 us display, type 3
frame 1307: 26945 us total, 11463 us display, type 3
frame 1308: 26785 us total, 11475 us display, type 3
frame 1309: 27778 us total, 11660 us display, type 3
frame 1310: 24667 us total, 11459 us display, type 3
frame 1311: 26650 us total, 11677 us display, type 3
frame 1312: 26695 us total, 11458 us display, type 3
frame 1313: 30148 us total, 11469 us display, type 3
frame 1314: 29922 us total, 11481 us display, type 3
frame 1315: 27715 us total, 11469 us display, type 3
frame 1316: 31174 us total, 11475 us display, type 3
frame 1317: 27514 us total, 11462 us display, type 3
frame 1318: 29918 us total, 11469 us display, type 3
frame 1319: 33752 us total, 11475 us display, type 3
frame 1320: 28963 us total, 11469 us display, type 3
frame 1321: 31466 us total, 11775 us display, type 3
frame 1322: 32080 us total, 11465 us display, type 3
frame 1323: 30697 us total, 11709 us display, type 3
frame 1324: 32779 us total, 11617 us display, type 3
frame 1325: 31953 us total, 11465 us display, type 3
frame 1326: 30591 us total, 11454 us display, type 3
frame 1327: 32544 us total, 11459 us display, type 3
frame 1328: 32813 us total, 11467 us display, type 3
frame 1329: 36180 us total, 11552 us display, type 3
frame 1330: 32665 us total, 11455 us display, type 3
frame 1331: 35839 us total, 11546 us display, type 3
frame 1332: 35571 us total, 11582 us display, type 3
frame 1333: 36133 us total, 11456 us display, type 3
frame 1334: 34220 us total, 11693 us display, type 3
frame 1335: 35857 us total, 11459 us display, type 3
frame 1336: 36376 us total, 11636 us display, type 3
frame 1337: 36605 us total, 11467 us display, type 3
frame 1338: 32845 us total, 11466 us display, type 3
frame 1339: 36537 us total, 11458 us display, type 3
frame 1340: 35493 us total, 11544 us display, type 3
frame 1341: 35772 us total, 11470 us display, type 3
frame 1342: 33678 us total, 11658 us display, type 3
frame 1343: 33695 us total, 11643 us display, type 3
frame 1344: 32142 us total, 11458 us display, type 3
frame 1345: 32085 us total, 11458 us display, type 3
frame 1346: 29670 us total, 11464 us display, type 3
frame 1347: 29812 us total, 11752 us display, type 3
frame 1348: 30352 us total, 11473 us display, type 3
frame 1349: 29731 us total, 11465 us display, type 3
frame 1350: 30060 us total, 11474 us display, type 3
frame 1351: 35587 us total, 11660 us display, type 3
frame 1352: 30003 us total, 11601 us display, type 3
frame 1353: 31333 us total, 11666 us display, type 3
frame 1354: 30520 us total, 11561 us display, type 3
frame 1355: 29998 us total, 11621 us display, type 3
frame 1356: 30487 us total, 11457 us display, type 3
frame 1357: 30747 us total, 11476 us display, type 3
frame 1358: 29690 us total, 11781 us display, type 3
frame 1359: 31329 us total, 11465 us display, type 3
frame 1360: 31034 us total, 11464 us display, type 3
frame 1361: 30424 us total, 11521 us display, type 3
frame 1362: 32935 us total, 11459 us display, type 3
frame 1363: 32988 us total, 11456 us display, type 3
frame 1364: 29866 us total, 11794 us display, type 3
frame 1365: 32068 us total, 11464 us display, type 3
frame 1366: 32877 us total, 11650 us display, type 3
frame 1367: 33335 us total, 11606 us display, type 3
frame 1368: 34635 us total, 11578 us display, type 3
frame 1369: 36859 us total, 11665 us display, type 3
frame 1370: 33510 us total, 11649 us display, type 3
frame 1371: 32263 us total, 11460 us display, type 3
frame 1372: 33296 us total, 11769 us display, type 3
frame 1373: 34803 us total, 11820 us display, type 3
frame 1374: 31869 us total, 11463 us display, type 3
frame 1375: 34615 us total, 11511 us display, type 3
frame 1376: 33132 us total, 11468 us display, type 3
frame 1377: 33185 us total, 11457 us display, type 3
frame 1378: 30895 us total, 11465 us display, type 3
frame 1379: 30875 us total, 11465 us display, type 3
frame 1380: 30428 us total, 11548 us display, type 3
frame 1381: 29558 us total, 11465 us display, type 3
frame 1382: 30507 us total, 11475 us display, type 3
frame 1383: 30917 us total, 11643 us display, type 3
frame 1384: 34148 us total, 11471 us display, type 3
frame 1385: 33212 us total, 11826 us display, type 3
frame 1386: 31330 us total, 11466 us display, type 3
frame 1387: 32984 us total, 11456 us display, type 3
frame 1388: 32341 us total, 11546 us display, type 3
frame 1389: 32252 us total, 11469 us display, type 3
frame 1390: 31611 us total, 11472 us display, type 3
frame 1391: 33778 us total, 11459 us display, type 3
frame 1392: 31852 us total, 11473 us display, type 3
frame 1393: 33331 us total, 11468 us display, type 3
frame 1394: 30030 us total, 11457 us display, type 3
frame 1395: 32507 us total, 11469 us display, type 3
frame 1396: 32430 us total, 11473 us display, type 3
frame 1397: 30925 us total, 11607 us display, type 3
frame 1398: 31851 us total, 11763 us display, type 3
frame 1399: 33017 us total, 11460 us display, type 3
frame 1400: 30100 us total, 11464 us display, type 3
frame 1401: 33021 us total, 11467 us display, type 3
frame 1402: 32530 us total, 11471 us display, type 3
frame 1403: 30946 us total, 11475 us display, type 3
frame 1404: 31816 us total, 11476 us display, type 3
frame 1405: 33575 us total, 11570 us display, type 3
frame 1406: 32289 us total, 11460 us display, type 3
frame 1407: 32340 us total, 11785 us display, type 3
profile (avg of 128 frames, ms): logic+bsp 11.8 wait-fb 0.0 vp-mark 1.4 flats 3.9 columns 10.5 fuzz 0.0
frame 1408: 33495 us total, 11468 us display, type 3
frame 1409: 33584 us total, 11460 us display, type 3
frame 1410: 31022 us total, 11461 us display, type 3
frame 1411: 33613 us total, 11466 us display, type 3
frame 1412: 32364 us total, 11715 us display, type 3
frame 1413: 30919 us total, 11485 us display, type 3
frame 1414: 32536 us total, 11462 us display, type 3
frame 1415: 33667 us total, 11673 us display, type 3
frame 1416: 31387 us total, 11648 us display, type 3
frame 1417: 34632 us total, 11587 us display, type 3
frame 1418: 32844 us total, 11479 us display, type 3
frame 1419: 34103 us total, 11461 us display, type 3
frame 1420: 32140 us total, 11646 us display, type 3
frame 1421: 33581 us total, 11466 us display, type 3
frame 1422: 32446 us total, 11466 us display, type 3
frame 1423: 33826 us total, 11793 us display, type 3
frame 1424: 31388 us total, 11457 us display, type 3
frame 1425: 33589 us total, 11677 us display, type 3
frame 1426: 32761 us total, 11466 us display, type 3
frame 1427: 33525 us total, 11470 us display, type 3
frame 1428: 33691 us total, 11817 us display, type 3
frame 1429: 33964 us total, 11473 us display, type 3
frame 1430: 32789 us total, 11473 us display, type 3
frame 1431: 32916 us total, 11466 us display, type 3
frame 1432: 33652 us total, 11463 us display, type 3
frame 1433: 35371 us total, 11662 us display, type 3
frame 1434: 32027 us total, 11467 us display, type 3
frame 1435: 33883 us total, 11463 us display, type 3
frame 1436: 33405 us total, 11465 us display, type 3
frame 1437: 34573 us total, 11461 us display, type 3
frame 1438: 33170 us total, 11469 us display, type 3
frame 1439: 35432 us total, 11459 us display, type 3
frame 1440: 34777 us total, 11460 us display, type 3
frame 1441: 34591 us total, 11787 us display, type 3
frame 1442: 31347 us total, 11471 us display, type 3
frame 1443: 34436 us total, 11459 us display, type 3
frame 1444: 32848 us total, 11460 us display, type 3
frame 1445: 32533 us total, 11467 us display, type 3
frame 1446: 32904 us total, 11636 us display, type 3
frame 1447: 32782 us total, 11596 us display, type 3
frame 1448: 32782 us total, 11713 us display, type 3
frame 1449: 35438 us total, 11457 us display, type 3
frame 1450: 33999 us total, 11755 us display, type 3
frame 1451: 34069 us total, 11474 us display, type 3
frame 1452: 33573 us total, 11463 us display, type 3
frame 1453: 32812 us total, 11458 us display, type 3
frame 1454: 33050 us total, 11458 us display, type 3
frame 1455: 34661 us total, 11472 us display, type 3
frame 1456: 33538 us total, 11462 us display, type 3
frame 1457: 34459 us total, 11461 us display, type 3
frame 1458: 33839 us total, 11659 us display, type 3
frame 1459: 34639 us total, 11794 us display, type 3
frame 1460: 32780 us total, 11794 us display, type 3
frame 1461: 34519 us total, 11460 us display, type 3
frame 1462: 33993 us total, 11698 us display, type 3
frame 1463: 33966 us total, 11471 us display, type 3
frame 1464: 31795 us total, 11464 us display, type 3
frame 1465: 34238 us total, 11455 us display, type 3
frame 1466: 33141 us total, 11734 us display, type 3
frame 1467: 32778 us total, 11814 us display, type 3
frame 1468: 32790 us total, 11747 us display, type 3
frame 1469: 32859 us total, 11640 us display, type 3
frame 1470: 31772 us total, 11640 us display, type 3
frame 1471: 33425 us total, 11465 us display, type 3
frame 1472: 32369 us total, 11653 us display, type 3
frame 1473: 32815 us total, 11479 us display, type 3
frame 1474: 33187 us total, 11470 us display, type 3
frame 1475: 32275 us total, 11513 us display, type 3
frame 1476: 31063 us total, 11470 us display, type 3
frame 1477: 31297 us total, 11457 us display, type 3
frame 1478: 31587 us total, 11462 us display, type 3
frame 1479: 31790 us total, 11651 us display, type 3
frame 1480: 30532 us total, 11465 us display, type 3
frame 1481: 36227 us total, 11468 us display, type 3
frame 1482: 33882 us total, 11461 us display, type 3
frame 1483: 33521 us total, 11466 us display, type 3
frame 1484: 31306 us total, 11469 us display, type 3
frame 1485: 33504 us total, 11468 us display, type 3
frame 1486: 32516 us total, 11772 us display, type 3
frame 1487: 32399 us total, 11463 us display, type 3
frame 1488: 35382 us total, 11455 us display, type 3
frame 1489: 34435 us total, 11694 us display, type 3
frame 1490: 32996 us total, 11467 us display, type 3
frame 1491: 33492 us total, 11552 us display, type 3
frame 1492: 33677 us total, 11455 us display, type 3
frame 1493: 31121 us total, 11644 us display, type 3
frame 1494: 27715 us total, 11450 us display, type 3
frame 1495: 29791 us total, 11454 us display, type 3
frame 1496: 26758 us total, 11637 us display, type 3
frame 1497: 23521 us total, 11527 us display, type 3
frame 1498: 27573 us total, 11456 us display, type 3
frame 1499: 26631 us total, 11452 us display, type 3
frame 1500: 29507 us total, 11456 us display, type 3
frame 1501: 28656 us total, 11603 us display, type 3
frame 1502: 26258 us total, 11460 us display, type 3
frame 1503: 29644 us total, 11467 us display, type 3
frame 1504: 27464 us total, 11586 us display, type 3
frame 1505: 29041 us total, 11451 us display, type 3
frame 1506: 29266 us total, 11521 us display, type 3
frame 1507: 26994 us total, 11454 us display, type 3
frame 1508: 28739 us total, 11450 us display, type 3
frame 1509: 25705 us total, 11633 us display, type 3
frame 1510: 28626 us total, 11440 us display, type 3
frame 1511: 29119 us total, 11442 us display, type 3
frame 1512: 26970 us total, 11446 us display, type 3
frame 1513: 30064 us total, 11451 us display, type 3
frame 1514: 27292 us total, 11440 us display, type 3
frame 1515: 29867 us total, 11453 us display, type 3
frame 1516: 28074 us total, 11439 us display, type 3
frame 1517: 28490 us total, 11446 us display, type 3
frame 1518: 29711 us total, 11452 us display, type 3
frame 1519: 27927 us total, 11448 us display, type 3
frame 1520: 27569 us total, 11446 us display, type 3
frame 1521: 29396 us total, 11621 us display, type 3
frame 1522: 27405 us total, 11445 us display, type 3
frame 1523: 29058 us total, 11446 us display, type 3
frame 1524: 28943 us total, 11439 us display, type 3
frame 1525: 28057 us total, 11447 us display, type 3
frame 1526: 28880 us total, 11439 us display, type 3
frame 1527: 28806 us total, 11439 us display, type 3
frame 1528: 28710 us total, 11816 us display, type 3
frame 1529: 28964 us total, 11587 us display, type 3
frame 1530: 27748 us total, 11439 us display, type 3
frame 1531: 29467 us total, 11446 us display, type 3
frame 1532: 28978 us total, 11648 us display, type 3
frame 1533: 27462 us total, 11447 us display, type 3
frame 1534: 30268 us total, 11464 us display, type 3
frame 1535: 27536 us total, 11569 us display, type 3
profile (avg of 128 frames, ms): logic+bsp 9.9 wait-fb 0.0 vp-mark 1.5 flats 4.3 columns 9.4 fuzz 0.0
frame 1536: 29717 us total, 11524 us display, type 3
audio: 70 underruns, 46 ms queued
mem @frame 1536: heap free 46500, largest 20992, min ever 46004, zone free 41204, display stack free 4400, uptime 46 s, gamestate 0, demo 1, usergame 0, tic 1503
frame 1537: 30353 us total, 11661 us display, type 3
frame 1538: 27468 us total, 11454 us display, type 3
frame 1539: 29012 us total, 11450 us display, type 3
frame 1540: 28131 us total, 11817 us display, type 3
frame 1541: 29106 us total, 11451 us display, type 3
frame 1542: 28413 us total, 11451 us display, type 3
frame 1543: 28498 us total, 11675 us display, type 3
frame 1544: 29009 us total, 11602 us display, type 3
frame 1545: 29067 us total, 11690 us display, type 3
frame 1546: 28295 us total, 11453 us display, type 3
frame 1547: 29932 us total, 11452 us display, type 3
frame 1548: 28243 us total, 11449 us display, type 3
frame 1549: 30884 us total, 11655 us display, type 3
frame 1550: 29080 us total, 11475 us display, type 3
frame 1551: 28416 us total, 11454 us display, type 3
frame 1552: 30134 us total, 11464 us display, type 3
frame 1553: 29607 us total, 11470 us display, type 3
frame 1554: 27988 us total, 11460 us display, type 3
frame 1555: 28572 us total, 11455 us display, type 3
frame 1556: 26985 us total, 11460 us display, type 3
frame 1557: 29844 us total, 11468 us display, type 3
frame 1558: 29393 us total, 11458 us display, type 3
frame 1559: 27845 us total, 11455 us display, type 3
frame 1560: 30134 us total, 11468 us display, type 3
frame 1561: 28869 us total, 11688 us display, type 3
frame 1562: 28629 us total, 11477 us display, type 3
frame 1563: 29511 us total, 11633 us display, type 3
frame 1564: 28715 us total, 11640 us display, type 3
frame 1565: 29539 us total, 11642 us display, type 3
frame 1566: 29888 us total, 11727 us display, type 3
frame 1567: 28638 us total, 11458 us display, type 3
frame 1568: 29056 us total, 11464 us display, type 3
frame 1569: 29112 us total, 11461 us display, type 3
frame 1570: 28891 us total, 11464 us display, type 3
frame 1571: 30042 us total, 11461 us display, type 3
frame 1572: 28535 us total, 11603 us display, type 3
frame 1573: 30015 us total, 11781 us display, type 3
frame 1574: 29991 us total, 11653 us display, type 3
frame 1575: 28620 us total, 11466 us display, type 3
frame 1576: 29760 us total, 11460 us display, type 3
frame 1577: 29767 us total, 11760 us display, type 3
frame 1578: 29070 us total, 11605 us display, type 3
frame 1579: 29071 us total, 11595 us display, type 3
frame 1580: 29069 us total, 11635 us display, type 3
frame 1581: 29071 us total, 11712 us display, type 3
frame 1582: 28518 us total, 11476 us display, type 3
frame 1583: 28244 us total, 11635 us display, type 3
frame 1584: 28603 us total, 11787 us display, type 3
frame 1585: 27267 us total, 11467 us display, type 3
frame 1586: 27255 us total, 11464 us display, type 3
frame 1587: 27969 us total, 11470 us display, type 3
frame 1588: 27591 us total, 11464 us display, type 3
frame 1589: 27165 us total, 11470 us display, type 3
frame 1590: 27753 us total, 11625 us display, type 3
frame 1591: 26725 us total, 11453 us display, type 3
frame 1592: 26067 us total, 11464 us display, type 3
frame 1593: 27286 us total, 11476 us display, type 3
frame 1594: 26781 us total, 11798 us display, type 3
frame 1595: 26916 us total, 11462 us display, type 3
frame 1596: 26023 us total, 11461 us display, type 3
frame 1597: 30031 us total, 11473 us display, type 3
frame 1598: 26589 us total, 11570 us display, type 3
frame 1599: 28724 us total, 11465 us display, type 3
frame 1600: 27705 us total, 11459 us display, type 3
frame 1601: 29508 us total, 11452 us display, type 3
frame 1602: 29128 us total, 11651 us display, type 3
frame 1603: 27426 us total, 11452 us display, type 3
frame 1604: 28904 us total, 11463 us display, type 3
frame 1605: 27836 us total, 11450 us display, type 3
frame 1606: 28561 us total, 11476 us display, type 3
frame 1607: 28110 us total, 11463 us display, type 3
frame 1608: 27385 us total, 11446 us display, type 3
frame 1609: 28786 us total, 11548 us display, type 3
frame 1610: 28403 us total, 11448 us display, type 3
frame 1611: 28066 us total, 11762 us display, type 3
frame 1612: 27842 us total, 11442 us display, type 3
frame 1613: 28705 us total, 11445 us display, type 3
frame 1614: 27355 us total, 11441 us display, type 3
frame 1615: 27835 us total, 11449 us display, type 3
frame 1616: 28098 us total, 11440 us display, type 3
frame 1617: 28946 us total, 11439 us display, type 3
frame 1618: 27905 us total, 11448 us display, type 3
frame 1619: 28325 us total, 11448 us display, type 3
frame 1620: 29150 us total, 11451 us display, type 3
frame 1621: 28355 us total, 11446 us display, type 3
frame 1622: 29032 us total, 11439 us display, type 3
frame 1623: 27344 us total, 11441 us display, type 3
frame 1624: 28504 us total, 11513 us display, type 3
frame 1625: 28639 us total, 11447 us display, type 3
frame 1626: 26053 us total, 11451 us display, type 3
frame 1627: 30221 us total, 11443 us display, type 3
frame 1628: 26030 us total, 11439 us display, type 3
frame 1629: 31983 us total, 11441 us display, type 3
frame 1630: 29293 us total, 11439 us display, type 3
frame 1631: 25752 us total, 11448 us display, type 3
frame 1632: 30372 us total, 11448 us display, type 3
frame 1633: 28561 us total, 11755 us display, type 3
frame 1634: 27714 us total, 11448 us display, type 3
frame 1635: 29456 us total, 11572 us display, type 3
frame 1636: 27133 us total, 11443 us display, type 3
frame 1637: 30389 us total, 11448 us display, type 3
frame 1638: 27809 us total, 11448 us display, type 3
frame 1639: 27601 us total, 11439 us display, type 3
frame 1640: 29619 us total, 11446 us display, type 3
frame 1641: 32680 us total, 11576 us display, type 3
frame 1642: 27115 us total, 11439 us display, type 3
frame 1643: 30439 us total, 11452 us display, type 3
frame 1644: 30772 us total, 11544 us display, type 3
frame 1645: 31261 us total, 11607 us display, type 3
frame 1646: 29103 us total, 11459 us display, type 3
frame 1647: 28329 us total, 11453 us display, type 3
frame 1648: 31394 us total, 11475 us display, type 3
frame 1649: 26479 us total, 11465 us display, type 3
frame 1650: 27017 us total, 11455 us display, type 3
frame 1651: 29930 us total, 11464 us display, type 3
frame 1652: 27502 us total, 11459 us display, type 3
frame 1653: 29561 us total, 11579 us display, type 3
frame 1654: 28683 us total, 11464 us display, type 3
frame 1655: 27617 us total, 11828 us display, type 3
frame 1656: 28324 us total, 11472 us display, type 3
frame 1657: 28917 us total, 11462 us display, type 3
frame 1658: 27960 us total, 11465 us display, type 3
frame 1659: 28545 us total, 11468 us display, type 3
frame 1660: 28238 us total, 11468 us display, type 3
frame 1661: 29427 us total, 11584 us display, type 3
frame 1662: 28322 us total, 11459 us display, type 3
frame 1663: 26717 us total, 11452 us display, type 3
profile (avg of 128 frames, ms): logic+bsp 6.1 wait-fb 0.0 vp-mark 1.1 flats 2.9 columns 9.1 fuzz 0.0
frame 1664: 29714 us total, 11464 us display, type 3
frame 1665: 27900 us total, 11580 us display, type 3
frame 1666: 27916 us total, 11456 us display, type 3
frame 1667: 29614 us total, 11459 us display, type 3
frame 1668: 28096 us total, 11460 us display, type 3
frame 1669: 27824 us total, 11457 us display, type 3
frame 1670: 26151 us total, 11449 us display, type 3
frame 1671: 26236 us total, 11449 us display, type 3
frame 1672: 28023 us total, 11519 us display, type 3
frame 1673: 27493 us total, 11440 us display, type 3
frame 1674: 29617 us total, 11439 us display, type 3
frame 1675: 27363 us total, 11443 us display, type 3
frame 1676: 29258 us total, 11440 us display, type 3
frame 1677: 28362 us total, 11439 us display, type 3
frame 1678: 28526 us total, 11626 us display, type 3
frame 1679: 30081 us total, 11441 us display, type 3
frame 1680: 28428 us total, 11440 us display, type 3
frame 1681: 27086 us total, 11448 us display, type 3
frame 1682: 28792 us total, 11595 us display, type 3
frame 1683: 27779 us total, 11439 us display, type 3
frame 1684: 27917 us total, 11443 us display, type 3
frame 1685: 29086 us total, 11440 us display, type 3
frame 1686: 27821 us total, 11629 us display, type 3
frame 1687: 28396 us total, 11440 us display, type 3
frame 1688: 27308 us total, 11454 us display, type 3
frame 1689: 28540 us total, 11456 us display, type 3
frame 1690: 29485 us total, 11446 us display, type 3
frame 1691: 26528 us total, 11439 us display, type 3
frame 1692: 29176 us total, 11447 us display, type 3
frame 1693: 27432 us total, 11532 us display, type 3
frame 1694: 28591 us total, 11438 us display, type 3
frame 1695: 29019 us total, 11438 us display, type 3
frame 1696: 28094 us total, 11447 us display, type 3
frame 1697: 30123 us total, 11446 us display, type 3
frame 1698: 28095 us total, 11454 us display, type 3
frame 1699: 29413 us total, 11439 us display, type 3
frame 1700: 29732 us total, 11446 us display, type 3
frame 1701: 27467 us total, 11445 us display, type 3
frame 1702: 29271 us total, 11446 us display, type 3
frame 1703: 28060 us total, 11446 us display, type 3
frame 1704: 28500 us total, 11442 us display, type 3
frame 1705: 28198 us total, 11446 us display, type 3
frame 1706: 28886 us total, 11439 us display, type 3
frame 1707: 29002 us total, 11440 us display, type 3
frame 1708: 27836 us total, 11448 us display, type 3
frame 1709: 28898 us total, 11565 us display, type 3
frame 1710: 28442 us total, 11440 us display, type 3
frame 1711: 29099 us total, 11458 us display, type 3
frame 1712: 27113 us total, 11453 us display, type 3
frame 1713: 34080 us total, 11454 us display, type 3
frame 1714: 30502 us total, 11448 us display, type 3
frame 1715: 31824 us total, 11565 us display, type 3
frame 1716: 33847 us total, 11506 us display, type 3
frame 1717: 30996 us total, 11476 us display, type 3
frame 1718: 28424 us total, 11460 us display, type 3
frame 1719: 27162 us total, 11462 us display, type 3
frame 1720: 26341 us total, 11655 us display, type 3
frame 1721: 28203 us total, 11471 us display, type 3
frame 1722: 27602 us total, 11466 us display, type 3
frame 1723: 26672 us total, 11455 us display, type 3
frame 1724: 27854 us total, 11456 us display, type 3
frame 1725: 29343 us total, 11458 us display, type 3
frame 1726: 28696 us total, 11458 us display, type 3
frame 1727: 29271 us total, 11457 us display, type 3
frame 1728: 28431 us total, 11466 us display, type 3
frame 1729: 28580 us total, 11648 us display, type 3
frame 1730: 29132 us total, 11468 us display, type 3
frame 1731: 27348 us total, 11460 us display, type 3
frame 1732: 28123 us total, 11456 us display, type 3
frame 1733: 28230 us total, 11469 us display, type 3
frame 1734: 29443 us total, 11597 us display, type 3
frame 1735: 32481 us total, 11472 us display, type 3
frame 1736: 29470 us total, 11623 us display, type 3
frame 1737: 29326 us total, 11470 us display, type 3
frame 1738: 27018 us total, 11794 us display, type 3
frame 1739: 28145 us total, 11560 us display, type 3
frame 1740: 25862 us total, 11461 us display, type 3
frame 1741: 27394 us total, 11454 us display, type 3
frame 1742: 27458 us total, 11457 us display, type 3
frame 1743: 27926 us total, 11673 us display, type 3
frame 1744: 28511 us total, 11454 us display, type 3
frame 1745: 28659 us total, 11595 us display, type 3
frame 1746: 28644 us total, 11462 us display, type 3
frame 1747: 28595 us total, 11584 us display, type 3
frame 1748: 29135 us total, 11779 us display, type 3
frame 1749: 29371 us total, 11634 us display, type 3
frame 1750: 28799 us total, 11621 us display, type 3
frame 1751: 28014 us total, 11453 us display, type 3
frame 1752: 27717 us total, 11455 us display, type 3
frame 1753: 28663 us total, 11455 us display, type 3
frame 1754: 27956 us total, 11535 us display, type 3
frame 1755: 29148 us total, 11452 us display, type 3
frame 1756: 27585 us total, 11462 us display, type 3
frame 1757: 27968 us total, 11456 us display, type 3
frame 1758: 28840 us total, 11700 us display, type 3
frame 1759: 27760 us total, 11444 us display, type 3
frame 1760: 29661 us total, 11446 us display, type 3
frame 1761: 27184 us total, 11453 us display, type 3
frame 1762: 28998 us total, 11457 us display, type 3
frame 1763: 28787 us total, 11456 us display, type 3
frame 1764: 27290 us total, 11447 us display, type 3
frame 1765: 28138 us total, 11454 us display, type 3
frame 1766: 28035 us total, 11441 us display, type 3
frame 1767: 28701 us total, 11445 us display, type 3
frame 1768: 28621 us total, 11447 us display, type 3
frame 1769: 27604 us total, 11439 us display, type 3
frame 1770: 30233 us total, 11443 us display, type 3
frame 1771: 28286 us total, 11680 us display, type 3
frame 1772: 27144 us total, 11594 us display, type 3
frame 1773: 28581 us total, 11442 us display, type 3
frame 1774: 28599 us total, 11599 us display, type 3
frame 1775: 28513 us total, 11454 us display, type 3
frame 1776: 28643 us total, 11610 us display, type 3
frame 1777: 28850 us total, 11443 us display, type 3
frame 1778: 28024 us total, 11447 us display, type 3
frame 1779: 28273 us total, 11446 us display, type 3
frame 1780: 28845 us total, 11442 us display, type 3
frame 1781: 29106 us total, 11448 us display, type 3
frame 1782: 27781 us total, 11447 us display, type 3
frame 1783: 29193 us total, 11440 us display, type 3
frame 1784: 29228 us total, 11447 us display, type 3
frame 1785: 27617 us total, 11440 us display, type 3
frame 1786: 29235 us total, 11447 us display, type 3
frame 1787: 27997 us total, 11470 us display, type 3
frame 1788: 28610 us total, 11439 us display, type 3
frame 1789: 28079 us total, 11439 us display, type 3
frame 1790: 29748 us total, 11453 us display, type 3
frame 1791: 28361 us total, 11447 us display, type 3
profile (avg of 128 frames, ms): logic+bsp 4.1 wait-fb 0.0 vp-mark 1.4 flats 3.2 columns 7.1 fuzz 0.0
frame 1792: 28246 us total, 11440 us display, type 3
audio: 70 underruns, 23 ms queued
mem @frame 1792: heap free 46500, largest 20992, min ever 46004, zone free 41164, display stack free 4400, uptime 53 s, gamestate 0, demo 1, usergame 0, tic 1759
frame 1793: 29431 us total, 11500 us display, type 3
frame 1794: 27771 us total, 11446 us display, type 3
frame 1795: 28422 us total, 11688 us display, type 3
frame 1796: 28186 us total, 11440 us display, type 3
frame 1797: 30002 us total, 11439 us display, type 3
frame 1798: 28117 us total, 11462 us display, type 3
frame 1799: 28574 us total, 11439 us display, type 3
frame 1800: 28989 us total, 11441 us display, type 3
frame 1801: 28589 us total, 11440 us display, type 3
frame 1802: 28663 us total, 11446 us display, type 3
frame 1803: 27934 us total, 11447 us display, type 3
frame 1804: 29193 us total, 11440 us display, type 3
frame 1805: 28942 us total, 11444 us display, type 3
frame 1806: 27983 us total, 11440 us display, type 3
frame 1807: 29085 us total, 11443 us display, type 3
frame 1808: 27642 us total, 11452 us display, type 3
frame 1809: 28718 us total, 11455 us display, type 3
frame 1810: 29086 us total, 11449 us display, type 3
frame 1811: 28840 us total, 11454 us display, type 3
frame 1812: 28674 us total, 11448 us display, type 3
frame 1813: 27728 us total, 11440 us display, type 3
frame 1814: 29799 us total, 11508 us display, type 3
frame 1815: 28415 us total, 11444 us display, type 3
frame 1816: 27788 us total, 11604 us display, type 3
frame 1817: 29303 us total, 11443 us display, type 3
frame 1818: 27544 us total, 11439 us display, type 3
frame 1819: 29610 us total, 11448 us display, type 3
frame 1820: 29310 us total, 11467 us display, type 3
frame 1821: 27994 us total, 11458 us display, type 3
frame 1822: 29851 us total, 11461 us display, type 3
frame 1823: 29171 us total, 11451 us display, type 3
frame 1824: 26406 us total, 11456 us display, type 3
frame 1825: 29621 us total, 11756 us display, type 3
frame 1826: 26474 us total, 11440 us display, type 3
frame 1827: 29135 us total, 11440 us display, type 3
frame 1828: 28088 us total, 11440 us display, type 3
frame 1829: 25407 us total, 11439 us display, type 3
frame 1830: 32618 us total, 11457 us display, type 3
frame 1831: 27075 us total, 11449 us display, type 3
frame 1832: 28963 us total, 11446 us display, type 3
frame 1833: 28185 us total, 11588 us display, type 3
frame 1834: 27217 us total, 11759 us display, type 3
frame 1835: 30001 us total, 11487 us display, type 3
frame 1836: 31843 us total, 11778 us display, type 3
frame 1837: 30950 us total, 11762 us display, type 3
frame 1838: 34302 us total, 11457 us display, type 3
frame 1839: 29942 us total, 11459 us display, type 3
frame 1840: 29261 us total, 11466 us display, type 3
frame 1841: 31751 us total, 11466 us display, type 3
frame 1842: 30987 us total, 11681 us display, type 3
frame 1843: 29621 us total, 11651 us display, type 3
frame 1844: 30802 us total, 11589 us display, type 3
frame 1845: 30520 us total, 11467 us display, type 3
frame 1846: 29647 us total, 11470 us display, type 3
frame 1847: 30754 us total, 11481 us display, type 3
frame 1848: 29113 us total, 11465 us display, type 3
frame 1849: 30027 us total, 11465 us display, type 3
frame 1850: 30865 us total, 11779 us display, type 3
frame 1851: 29069 us total, 11609 us display, type 3
frame 1852: 30925 us total, 11747 us display, type 3
frame 1853: 30934 us total, 11836 us display, type 3
frame 1854: 29233 us total, 11461 us display, type 3
frame 1855: 29862 us total, 11473 us display, type 3
frame 1856: 31352 us total, 11476 us display, type 3
frame 1857: 29694 us total, 11463 us display, type 3
frame 1858: 30369 us total, 11472 us display, type 3
frame 1859: 30422 us total, 11565 us display, type 3
frame 1860: 29063 us total, 11660 us display, type 3
frame 1861: 30369 us total, 11477 us display, type 3
frame 1862: 30770 us total, 11467 us display, type 3
frame 1863: 28870 us total, 11493 us display, type 3
frame 1864: 30200 us total, 11467 us display, type 3
frame 1865: 28224 us total, 11487 us display, type 3
frame 1866: 30062 us total, 11484 us display, type 3
frame 1867: 28766 us total, 11635 us display, type 3
frame 1868: 26679 us total, 11467 us display, type 3
frame 1869: 29622 us total, 11478 us display, type 3
frame 1870: 29019 us total, 11828 us display, type 3
frame 1871: 30427 us total, 11458 us display, type 3
frame 1872: 32140 us total, 11466 us display, type 3
frame 1873: 34856 us total, 11575 us display, type 3
frame 1874: 33242 us total, 11462 us display, type 3
frame 1875: 37208 us total, 11472 us display, type 3
frame 1876: 34546 us total, 11810 us display, type 3
frame 1877: 33292 us total, 11472 us display, type 3
frame 1878: 35204 us total, 11478 us display, type 3
frame 1879: 35188 us total, 11473 us display, type 3
frame 1880: 36282 us total, 11469 us display, type 3
frame 1881: 32550 us total, 11815 us display, type 3
frame 1882: 31713 us total, 11462 us display, type 3
frame 1883: 32064 us total, 11729 us display, type 3
frame 1884: 32781 us total, 11469 us display, type 3
frame 1885: 31894 us total, 11469 us display, type 3
frame 1886: 35017 us total, 11478 us display, type 3
frame 1887: 32598 us total, 11460 us display, type 3
frame 1888: 31881 us total, 11467 us display, type 3
frame 1889: 30824 us total, 11618 us display, type 3
frame 1890: 33714 us total, 11697 us display, type 3
frame 1891: 32965 us total, 11464 us display, type 3
frame 1892: 32156 us total, 11469 us display, type 3
frame 1893: 32552 us total, 11813 us display, type 3
frame 1894: 32249 us total, 11455 us display, type 3
frame 1895: 33712 us total, 11463 us display, type 3
frame 1896: 37367 us total, 11462 us display, type 3
frame 1897: 36696 us total, 11684 us display, type 3
frame 1898: 34160 us total, 11785 us display, type 3
frame 1899: 30928 us total, 11766 us display, type 3
frame 1900: 32790 us total, 11750 us display, type 3
frame 1901: 32845 us total, 11478 us display, type 3
frame 1902: 29858 us total, 11470 us display, type 3
frame 1903: 33008 us total, 11649 us display, type 3
frame 1904: 33205 us total, 11476 us display, type 3
frame 1905: 33812 us total, 11476 us display, type 3
frame 1906: 30517 us total, 11466 us display, type 3
frame 1907: 32678 us total, 11727 us display, type 3
frame 1908: 32418 us total, 11466 us display, type 3
frame 1909: 29899 us total, 11463 us display, type 3
frame 1910: 34639 us total, 11473 us display, type 3
frame 1911: 33470 us total, 11469 us display, type 3
frame 1912: 32709 us total, 11571 us display, type 3
frame 1913: 34097 us total, 11461 us display, type 3
frame 1914: 34081 us total, 11668 us display, type 3
frame 1915: 35908 us total, 11522 us display, type 3
frame 1916: 33124 us total, 11475 us display, type 3
frame 1917: 39083 us total, 11674 us display, type 3
frame 1918: 35632 us total, 11469 us display, type 3
frame 1919: 36588 us total, 11498 us display, type 3
profile (avg of 128 frames, ms): logic+bsp 7.8 wait-fb 0.0 vp-mark 2.0 flats 4.7 columns 9.0 fuzz 0.0
frame 1920: 36979 us total, 11478 us display, type 3
frame 1921: 37235 us total, 11651 us display, type 3
frame 1922: 37275 us total, 11559 us display, type 3
frame 1923: 36212 us total, 11467 us display, type 3
frame 1924: 37868 us total, 11593 us display, type 3
frame 1925: 37588 us total, 11476 us display, type 3
frame 1926: 34812 us total, 11470 us display, type 3
frame 1927: 33995 us total, 11465 us display, type 3
frame 1928: 32535 us total, 11786 us display, type 3
frame 1929: 31628 us total, 11473 us display, type 3
frame 1930: 29584 us total, 11458 us display, type 3
frame 1931: 32679 us total, 11480 us display, type 3
frame 1932: 31718 us total, 11468 us display, type 3
frame 1933: 31305 us total, 11480 us display, type 3
frame 1934: 31375 us total, 11728 us display, type 3
frame 1935: 31852 us total, 11546 us display, type 3
frame 1936: 33695 us total, 11581 us display, type 3
frame 1937: 38124 us total, 11460 us display, type 3
frame 1938: 35963 us total, 11662 us display, type 3
frame 1939: 36729 us total, 11660 us display, type 3
frame 1940: 35709 us total, 11463 us display, type 3
frame 1941: 37630 us total, 11532 us display, type 3
frame 1942: 36219 us total, 11623 us display, type 3
frame 1943: 38152 us total, 11463 us display, type 3
frame 1944: 37821 us total, 11467 us display, type 3
frame 1945: 36882 us total, 11465 us display, type 3
frame 1946: 35286 us total, 11499 us display, type 3
frame 1947: 36113 us total, 11471 us display, type 3
frame 1948: 34594 us total, 11463 us display, type 3
frame 1949: 35228 us total, 11573 us display, type 3
frame 1950: 33709 us total, 11734 us display, type 3
frame 1951: 35495 us total, 11468 us display, type 3
frame 1952: 38584 us total, 11504 us display, type 3
frame 1953: 35781 us total, 11479 us display, type 3
frame 1954: 33648 us total, 11590 us display, type 3
frame 1955: 35989 us total, 11475 us display, type 3
frame 1956: 36105 us total, 11473 us display, type 3
frame 1957: 33254 us total, 11486 us display, type 3
frame 1958: 32000 us total, 11480 us display, type 3
frame 1959: 35074 us total, 11521 us display, type 3
frame 1960: 35134 us total, 11469 us display, type 3
frame 1961: 36154 us total, 11600 us display, type 3
frame 1962: 33944 us total, 11464 us display, type 3
frame 1963: 33709 us total, 11465 us display, type 3
frame 1964: 33840 us total, 11472 us display, type 3
frame 1965: 34714 us total, 11468 us display, type 3
frame 1966: 32501 us total, 11755 us display, type 3
frame 1967: 35723 us total, 11715 us display, type 3
frame 1968: 34170 us total, 11472 us display, type 3
frame 1969: 35468 us total, 11472 us display, type 3
frame 1970: 33983 us total, 11463 us display, type 3
frame 1971: 35094 us total, 11649 us display, type 3
frame 1972: 34986 us total, 11474 us display, type 3
frame 1973: 32572 us total, 11808 us display, type 3
frame 1974: 32786 us total, 11474 us display, type 3
frame 1975: 36508 us total, 11551 us display, type 3
frame 1976: 35035 us total, 11467 us display, type 3
frame 1977: 33956 us total, 11461 us display, type 3
frame 1978: 36179 us total, 11466 us display, type 3
frame 1979: 36315 us total, 11472 us display, type 3
frame 1980: 36659 us total, 11534 us display, type 3
frame 1981: 36491 us total, 11530 us display, type 3
frame 1982: 35723 us total, 11728 us display, type 3
frame 1983: 36534 us total, 11464 us display, type 3
frame 1984: 35417 us total, 11460 us display, type 3
frame 1985: 37690 us total, 11613 us display, type 3
frame 1986: 34800 us total, 11469 us display, type 3
frame 1987: 32730 us total, 11466 us display, type 3
frame 1988: 31903 us total, 11497 us display, type 3
frame 1989: 30006 us total, 11738 us display, type 3
frame 1990: 29011 us total, 11472 us display, type 3
frame 1991: 32840 us total, 11710 us display, type 3
frame 1992: 31855 us total, 11545 us display, type 3
frame 1993: 32787 us total, 11706 us display, type 3
frame 1994: 32880 us total, 11471 us display, type 3
frame 1995: 36591 us total, 11657 us display, type 3
frame 1996: 34101 us total, 11466 us display, type 3
frame 1997: 35380 us total, 11473 us display, type 3
frame 1998: 34549 us total, 11693 us display, type 3
frame 1999: 35079 us total, 11475 us display, type 3
frame 2000: 34377 us total, 11463 us display, type 3
frame 2001: 37182 us total, 11669 us display, type 3
frame 2002: 34860 us total, 11648 us display, type 3
frame 2003: 36824 us total, 11465 us display, type 3
frame 2004: 36317 us total, 11705 us display, type 3
frame 2005: 33196 us total, 11469 us display, type 3
frame 2006: 33724 us total, 11470 us display, type 3
frame 2007: 33681 us total, 11479 us display, type 3
frame 2008: 31145 us total, 11669 us display, type 3
frame 2009: 35523 us total, 11470 us display, type 3
frame 2010: 31984 us total, 11468 us display, type 3
frame 2011: 33534 us total, 11469 us display, type 3
frame 2012: 29583 us total, 11468 us display, type 3
frame 2013: 31927 us total, 11469 us display, type 3
frame 2014: 31994 us total, 11650 us display, type 3
frame 2015: 30089 us total, 11660 us display, type 3
frame 2016: 32766 us total, 11464 us display, type 3
frame 2017: 32707 us total, 11485 us display, type 3
frame 2018: 31395 us total, 11462 us display, type 3
frame 2019: 31835 us total, 11459 us display, type 3
frame 2020: 34620 us total, 11463 us display, type 3
frame 2021: 31826 us total, 11656 us display, type 3
frame 2022: 32816 us total, 11473 us display, type 3
frame 2023: 34374 us total, 11602 us display, type 3
frame 2024: 36166 us total, 11460 us display, type 3
frame 2025: 30680 us total, 11477 us display, type 3
frame 2026: 34429 us total, 11522 us display, type 3
frame 2027: 33721 us total, 11623 us display, type 3
frame 2028: 30913 us total, 11833 us display, type 3
frame 2029: 33730 us total, 11468 us display, type 3
frame 2030: 36647 us total, 11701 us display, type 3
frame 2031: 35569 us total, 11816 us display, type 3
frame 2032: 31987 us total, 11472 us display, type 3
frame 2033: 37001 us total, 11464 us display, type 3
frame 2034: 38955 us total, 11467 us display, type 3
frame 2035: 37681 us total, 11476 us display, type 3
frame 2036: 35452 us total, 11801 us display, type 3
frame 2037: 32350 us total, 11464 us display, type 3
frame 2038: 36001 us total, 11541 us display, type 3
frame 2039: 35563 us total, 11577 us display, type 3
frame 2040: 35214 us total, 11475 us display, type 3
frame 2041: 32728 us total, 11469 us display, type 3
frame 2042: 35603 us total, 11468 us display, type 3
frame 2043: 38108 us total, 11676 us display, type 3
frame 2044: 35075 us total, 11466 us display, type 3
frame 2045: 32342 us total, 11560 us display, type 3
frame 2046: 36175 us total, 11466 us display, type 3
frame 2047: 35630 us total, 11473 us display, type 3
profile (avg of 128 frames, ms): logic+bsp 11.5 wait-fb 0.0 vp-mark 2.0 flats 5.9 columns 11.1 fuzz 0.0
frame 2048: 35275 us total, 11824 us display, type 3
audio: 70 underruns, 58 ms queued
mem @frame 2048: heap free 46500, largest 20992, min ever 46004, zone free 40260, display stack free 4400, uptime 61 s, gamestate 0, demo 1, usergame 0, tic 2052
frame 2049: 33075 us total, 11454 us display, type 3
frame 2050: 34576 us total, 11474 us display, type 3
frame 2051: 36197 us total, 11487 us display, type 3
frame 2052: 34799 us total, 11561 us display, type 3
frame 2053: 31856 us total, 11536 us display, type 3
frame 2054: 32837 us total, 11474 us display, type 3
frame 2055: 34189 us total, 11466 us display, type 3
frame 2056: 32475 us total, 11782 us display, type 3
frame 2057: 32488 us total, 11452 us display, type 3
frame 2058: 31158 us total, 11762 us display, type 3
frame 2059: 27645 us total, 11460 us display, type 3
frame 2060: 30542 us total, 11471 us display, type 3
frame 2061: 30120 us total, 11462 us display, type 3
frame 2062: 26878 us total, 11568 us display, type 3
frame 2063: 29111 us total, 11468 us display, type 3
frame 2064: 27614 us total, 11473 us display, type 3
frame 2065: 25373 us total, 11459 us display, type 3
frame 2066: 27716 us total, 11530 us display, type 3
frame 2067: 26829 us total, 11464 us display, type 3
frame 2068: 27513 us total, 11471 us display, type 3
frame 2069: 26216 us total, 11576 us display, type 3
frame 2070: 28150 us total, 11697 us display, type 3
frame 2071: 26649 us total, 11467 us display, type 3
frame 2072: 26540 us total, 11453 us display, type 3
frame 2073: 28428 us total, 11461 us display, type 3
frame 2074: 26444 us total, 11462 us display, type 3
frame 2075: 30747 us total, 11459 us display, type 3
frame 2076: 28036 us total, 11467 us display, type 3
frame 2077: 27352 us total, 11452 us display, type 3
frame 2078: 29150 us total, 11471 us display, type 3
frame 2079: 29799 us total, 11678 us display, type 3
frame 2080: 25938 us total, 11448 us display, type 3
frame 2081: 29139 us total, 11446 us display, type 3
frame 2082: 28219 us total, 11553 us display, type 3
frame 2083: 28308 us total, 11454 us display, type 3
frame 2084: 29200 us total, 11454 us display, type 3
frame 2085: 27172 us total, 11460 us display, type 3
frame 2086: 29678 us total, 11594 us display, type 3
frame 2087: 27745 us total, 11461 us display, type 3
frame 2088: 29572 us total, 11527 us display, type 3
frame 2089: 30022 us total, 11566 us display, type 3
frame 2090: 26640 us total, 11448 us display, type 3
frame 2091: 29396 us total, 11447 us display, type 3
frame 2092: 28573 us total, 11450 us display, type 3
frame 2093: 26985 us total, 11455 us display, type 3
frame 2094: 28404 us total, 11467 us display, type 3
frame 2095: 28331 us total, 11464 us display, type 3
frame 2096: 29019 us total, 11460 us display, type 3
frame 2097: 29489 us total, 11460 us display, type 3
frame 2098: 27195 us total, 11682 us display, type 3
frame 2099: 29196 us total, 11459 us display, type 3
frame 2100: 27509 us total, 11448 us display, type 3
frame 2101: 27917 us total, 11449 us display, type 3
frame 2102: 28808 us total, 11449 us display, type 3
frame 2103: 27064 us total, 11473 us display, type 3
frame 2104: 28139 us total, 11443 us display, type 3
frame 2105: 28150 us total, 11439 us display, type 3
frame 2106: 28755 us total, 11447 us display, type 3
frame 2107: 29368 us total, 11622 us display, type 3
frame 2108: 27370 us total, 11446 us display, type 3
frame 2109: 30050 us total, 11450 us display, type 3
frame 2110: 29140 us total, 11448 us display, type 3
frame 2111: 27992 us total, 11446 us display, type 3
frame 2112: 31003 us total, 11808 us display, type 3
frame 2113: 28942 us total, 11451 us display, type 3
frame 2114: 29419 us total, 11463 us display, type 3
frame 2115: 28201 us total, 11458 us display, type 3
frame 2116: 27548 us total, 11531 us display, type 3
frame 2117: 30379 us total, 11469 us display, type 3
frame 2118: 28838 us total, 11463 us display, type 3
frame 2119: 28509 us total, 11465 us display, type 3
frame 2120: 26876 us total, 11461 us display, type 3
frame 2121: 27196 us total, 11459 us display, type 3
frame 2122: 32006 us total, 11462 us display, type 3
frame 2123: 29987 us total, 11461 us display, type 3
frame 2124: 30771 us total, 11475 us display, type 3
frame 2125: 30339 us total, 11475 us display, type 3
frame 2126: 26640 us total, 11475 us display, type 3
frame 2127: 26451 us total, 11462 us display, type 3
frame 2128: 30344 us total, 11467 us display, type 3
frame 2129: 27665 us total, 11633 us display, type 3
frame 2130: 30477 us total, 11467 us display, type 3
frame 2131: 28640 us total, 11643 us display, type 3
frame 2132: 28137 us total, 11521 us display, type 3
frame 2133: 30505 us total, 11481 us display, type 3
frame 2134: 26008 us total, 11470 us display, type 3
frame 2135: 31337 us total, 11671 us display, type 3
frame 2136: 27962 us total, 11466 us display, type 3
frame 2137: 27543 us total, 11467 us display, type 3
frame 2138: 29965 us total, 11477 us display, type 3
frame 2139: 27426 us total, 11465 us display, type 3
frame 2140: 30302 us total, 11466 us display, type 3
frame 2141: 29518 us total, 11655 us display, type 3
frame 2142: 28206 us total, 11478 us display, type 3
frame 2143: 29546 us total, 11473 us display, type 3
frame 2144: 29992 us total, 11480 us display, type 3
frame 2145: 28557 us total, 11589 us display, type 3
frame 2146: 29543 us total, 11477 us display, type 3
frame 2147: 30490 us total, 11477 us display, type 3
frame 2148: 28205 us total, 11472 us display, type 3
frame 2149: 30834 us total, 11856 us display, type 3
frame 2150: 28138 us total, 11713 us display, type 3
frame 2151: 29999 us total, 11632 us display, type 3
frame 2152: 30154 us total, 11473 us display, type 3
frame 2153: 28161 us total, 11647 us display, type 3
frame 2154: 30047 us total, 11665 us display, type 3
frame 2155: 29354 us total, 11469 us display, type 3
frame 2156: 26831 us total, 11463 us display, type 3
frame 2157: 29301 us total, 11459 us display, type 3
frame 2158: 25786 us total, 11669 us display, type 3
frame 2159: 28154 us total, 11557 us display, type 3
frame 2160: 27578 us total, 11471 us display, type 3
frame 2161: 23927 us total, 11463 us display, type 3
frame 2162: 26735 us total, 11469 us display, type 3
frame 2163: 24988 us total, 11462 us display, type 3
frame 2164: 28989 us total, 11807 us display, type 3
frame 2165: 28146 us total, 11636 us display, type 3
frame 2166: 25402 us total, 11814 us display, type 3
frame 2167: 28834 us total, 11583 us display, type 3
frame 2168: 26341 us total, 11454 us display, type 3
frame 2169: 29897 us total, 11500 us display, type 3
frame 2170: 29055 us total, 11509 us display, type 3
frame 2171: 26604 us total, 11461 us display, type 3
frame 2172: 30706 us total, 11689 us display, type 3
frame 2173: 26653 us total, 11443 us display, type 3
frame 2174: 28995 us total, 11448 us display, type 3
frame 2175: 29360 us total, 11449 us display, type 3
profile (avg of 128 frames, ms): logic+bsp 7.0 wait-fb 0.0 vp-mark 1.8 flats 3.7 columns 8.2 fuzz 0.0
frame 2176: 27360 us total, 11756 us display, type 3
frame 2177: 29457 us total, 11456 us display, type 3
frame 2178: 26791 us total, 11509 us display, type 3
frame 2179: 30108 us total, 11455 us display, type 3
frame 2180: 28976 us total, 11458 us display, type 3
frame 2181: 27123 us total, 11650 us display, type 3
frame 2182: 29644 us total, 11461 us display, type 3
frame 2183: 27015 us total, 11462 us display, type 3
frame 2184: 29226 us total, 11453 us display, type 3
frame 2185: 29189 us total, 11448 us display, type 3
frame 2186: 27036 us total, 11454 us display, type 3
frame 2187: 29614 us total, 11454 us display, type 3
frame 2188: 27048 us total, 11488 us display, type 3
frame 2189: 27294 us total, 11444 us display, type 3
frame 2190: 28116 us total, 11446 us display, type 3
frame 2191: 26217 us total, 11452 us display, type 3
frame 2192: 28601 us total, 11439 us display, type 3
frame 2193: 26736 us total, 11615 us display, type 3
frame 2194: 29258 us total, 11440 us display, type 3
frame 2195: 27889 us total, 11582 us display, type 3
frame 2196: 26853 us total, 11446 us display, type 3
frame 2197: 29387 us total, 11439 us display, type 3
frame 2198: 31533 us total, 11454 us display, type 3
frame 2199: 26757 us total, 11447 us display, type 3
frame 2200: 30508 us total, 11440 us display, type 3
frame 2201: 26970 us total, 11443 us display, type 3
frame 2202: 30550 us total, 11452 us display, type 3
frame 2203: 28321 us total, 11812 us display, type 3
frame 2204: 26974 us total, 11471 us display, type 3
frame 2205: 32341 us total, 11446 us display, type 3
frame 2206: 29642 us total, 11449 us display, type 3
frame 2207: 30869 us total, 11820 us display, type 3
frame 2208: 31017 us total, 11462 us display, type 3
frame 2209: 29664 us total, 11459 us display, type 3
frame 2210: 27358 us total, 11523 us display, type 3
frame 2211: 30549 us total, 11458 us display, type 3
frame 2212: 28493 us total, 11516 us display, type 3
frame 2213: 30258 us total, 11468 us display, type 3
frame 2214: 30896 us total, 11473 us display, type 3
frame 2215: 28005 us total, 11639 us display, type 3
frame 2216: 29376 us total, 11476 us display, type 3
frame 2217: 31153 us total, 11466 us display, type 3
frame 2218: 28541 us total, 11607 us display, type 3
frame 2219: 33006 us total, 11477 us display, type 3
frame 2220: 32410 us total, 11465 us display, type 3
frame 2221: 29836 us total, 11461 us display, type 3
frame 2222: 33258 us total, 11774 us display, type 3
frame 2223: 32345 us total, 11470 us display, type 3
frame 2224: 30497 us total, 11463 us display, type 3
frame 2225: 31324 us total, 11479 us display, type 3
frame 2226: 32331 us total, 11635 us display, type 3
frame 2227: 30320 us total, 11472 us display, type 3
frame 2228: 32892 us total, 11475 us display, type 3
frame 2229: 32399 us total, 11476 us display, type 3
frame 2230: 29499 us total, 11456 us display, type 3
frame 2231: 32536 us total, 11466 us display, type 3
frame 2232: 30852 us total, 11637 us display, type 3
frame 2233: 28286 us total, 11460 us display, type 3
frame 2234: 31714 us total, 11512 us display, type 3
frame 2235: 30284 us total, 11481 us display, type 3
frame 2236: 29128 us total, 11469 us display, type 3
frame 2237: 30826 us total, 11479 us display, type 3
frame 2238: 32650 us total, 11475 us display, type 3
frame 2239: 30035 us total, 11460 us display, type 3
frame 2240: 31722 us total, 11678 us display, type 3
frame 2241: 26641 us total, 11650 us display, type 3
frame 2242: 24814 us total, 11804 us display, type 3
frame 2243: 26730 us total, 11469 us display, type 3
frame 2244: 25903 us total, 11451 us display, type 3
frame 2245: 31166 us total, 11461 us display, type 3
frame 2246: 27880 us total, 11839 us display, type 3
frame 2247: 27219 us total, 11655 us display, type 3
frame 2248: 30364 us total, 11463 us display, type 3
frame 2249: 25906 us total, 11819 us display, type 3
frame 2250: 31257 us total, 11453 us display, type 3
frame 2251: 26686 us total, 11536 us display, type 3
frame 2252: 25775 us total, 11461 us display, type 3
frame 2253: 30174 us total, 11470 us display, type 3
frame 2254: 26151 us total, 11605 us display, type 3
frame 2255: 31889 us total, 11478 us display, type 3
frame 2256: 28654 us total, 11610 us display, type 3
frame 2257: 26378 us total, 11454 us display, type 3
frame 2258: 29449 us total, 11454 us display, type 3
frame 2259: 26045 us total, 11453 us display, type 3
frame 2260: 30966 us total, 11464 us display, type 3
frame 2261: 28253 us total, 11457 us display, type 3
frame 2262: 26760 us total, 11461 us display, type 3
frame 2263: 29782 us total, 11694 us display, type 3
frame 2264: 28521 us total, 11461 us display, type 3
frame 2265: 26226 us total, 11451 us display, type 3
frame 2266: 29495 us total, 11456 us display, type 3
frame 2267: 26570 us total, 11455 us display, type 3
frame 2268: 29900 us total, 11631 us display, type 3
frame 2269: 31678 us total, 11456 us display, type 3
frame 2270: 26442 us total, 11453 us display, type 3
frame 2271: 31889 us total, 11691 us display, type 3
frame 2272: 29216 us total, 11467 us display, type 3
frame 2273: 25508 us total, 11452 us display, type 3
frame 2274: 29290 us total, 11465 us display, type 3
frame 2275: 28927 us total, 11817 us display, type 3
frame 2276: 30565 us total, 11595 us display, type 3
frame 2277: 30944 us total, 11466 us display, type 3
frame 2278: 25785 us total, 11457 us display, type 3
frame 2279: 30079 us total, 11461 us display, type 3
frame 2280: 27611 us total, 11457 us display, type 3
frame 2281: 29807 us total, 11457 us display, type 3
frame 2282: 29237 us total, 11467 us display, type 3
frame 2283: 24251 us total, 11723 us display, type 3
frame 2284: 28296 us total, 11458 us display, type 3
frame 2285: 27449 us total, 11460 us display, type 3
frame 2286: 29255 us total, 11636 us display, type 3
frame 2287: 31597 us total, 11476 us display, type 3
frame 2288: 25749 us total, 11446 us display, type 3
frame 2289: 29801 us total, 11458 us display, type 3
frame 2290: 29885 us total, 11458 us display, type 3
frame 2291: 25186 us total, 11457 us display, type 3
frame 2292: 30978 us total, 11471 us display, type 3
frame 2293: 26787 us total, 11529 us display, type 3
frame 2294: 30052 us total, 11459 us display, type 3
frame 2295: 29113 us total, 11461 us display, type 3
frame 2296: 27191 us total, 11696 us display, type 3
frame 2297: 31079 us total, 11468 us display, type 3
frame 2298: 26144 us total, 11666 us display, type 3
frame 2299: 29317 us total, 11451 us display, type 3
frame 2300: 29177 us total, 11457 us display, type 3
frame 2301: 25785 us total, 11606 us display, type 3
frame 2302: 27501 us total, 11460 us display, type 3
frame 2303: 29080 us total, 11458 us display, type 3
profile (avg of 128 frames, ms): logic+bsp 6.4 wait-fb 0.0 vp-mark 1.2 flats 3.0 columns 8.5 fuzz 0.0
frame 2304: 27799 us total, 11455 us display, type 3
audio: 70 underruns, 34 ms queued
mem @frame 2304: heap free 46404, largest 20992, min ever 46004, zone free 40884, display stack free 4400, uptime 69 s, gamestate 0, demo 1, usergame 0, tic 2311
frame 2305: 30073 us total, 11460 us display, type 3
frame 2306: 25813 us total, 11445 us display, type 3
frame 2307: 29817 us total, 11445 us display, type 3
frame 2308: 29698 us total, 11461 us display, type 3
frame 2309: 26146 us total, 11808 us display, type 3
frame 2310: 29181 us total, 11447 us display, type 3
frame 2311: 27053 us total, 11764 us display, type 3
frame 2312: 29076 us total, 11442 us display, type 3
frame 2313: 29030 us total, 11450 us display, type 3
frame 2314: 26955 us total, 11477 us display, type 3
frame 2315: 29617 us total, 11506 us display, type 3
frame 2316: 28147 us total, 11454 us display, type 3
frame 2317: 27857 us total, 11447 us display, type 3
frame 2318: 29800 us total, 11441 us display, type 3
frame 2319: 26929 us total, 11448 us display, type 3
frame 2320: 29483 us total, 11601 us display, type 3
frame 2321: 28074 us total, 11633 us display, type 3
frame 2322: 28121 us total, 11607 us display, type 3
frame 2323: 29032 us total, 11653 us display, type 3
frame 2324: 27479 us total, 11511 us display, type 3
frame 2325: 30219 us total, 11491 us display, type 3
frame 2326: 27303 us total, 11445 us display, type 3
frame 2327: 29313 us total, 11438 us display, type 3
frame 2328: 27641 us total, 11440 us display, type 3
frame 2329: 28058 us total, 11439 us display, type 3
frame 2330: 31631 us total, 11784 us display, type 3
frame 2331: 28132 us total, 11792 us display, type 3
frame 2332: 27294 us total, 11446 us display, type 3
frame 2333: 28887 us total, 11588 us display, type 3
frame 2334: 28514 us total, 11454 us display, type 3
frame 2335: 27877 us total, 11510 us display, type 3
frame 2336: 28506 us total, 11439 us display, type 3
frame 2337: 28927 us total, 11441 us display, type 3
frame 2338: 29441 us total, 11445 us display, type 3
frame 2339: 29476 us total, 11456 us display, type 3
frame 2340: 27945 us total, 11464 us display, type 3
frame 2341: 28356 us total, 11459 us display, type 3
frame 2342: 28118 us total, 11442 us display, type 3
frame 2343: 29386 us total, 11463 us display, type 3
frame 2344: 28567 us total, 11456 us display, type 3
frame 2345: 27217 us total, 11449 us display, type 3
frame 2346: 29421 us total, 11530 us display, type 3
frame 2347: 28638 us total, 11479 us display, type 3
frame 2348: 27715 us total, 11445 us display, type 3
frame 2349: 28820 us total, 11438 us display, type 3
frame 2350: 27817 us total, 11736 us display, type 3
frame 2351: 28913 us total, 11448 us display, type 3
frame 2352: 28811 us total, 11449 us display, type 3
frame 2353: 27649 us total, 11449 us display, type 3
frame 2354: 29354 us total, 11449 us display, type 3
frame 2355: 27746 us total, 11698 us display, type 3
frame 2356: 28459 us total, 11456 us display, type 3
frame 2357: 29690 us total, 11512 us display, type 3
frame 2358: 26841 us total, 11439 us display, type 3
frame 2359: 29410 us total, 11809 us display, type 3
frame 2360: 29360 us total, 11447 us display, type 3
frame 2361: 26373 us total, 11446 us display, type 3
frame 2362: 30051 us total, 11440 us display, type 3
frame 2363: 27592 us total, 11478 us display, type 3
frame 2364: 30384 us total, 11444 us display, type 3
frame 2365: 28011 us total, 11442 us display, type 3
frame 2366: 27901 us total, 11482 us display, type 3
frame 2367: 32752 us total, 11467 us display, type 3
frame 2368: 28697 us total, 11453 us display, type 3
frame 2369: 26944 us total, 11460 us display, type 3
frame 2370: 29921 us total, 11463 us display, type 3
frame 2371: 27166 us total, 11899 us display, type 3
frame 2372: 29212 us total, 11464 us display, type 3
frame 2373: 28759 us total, 11573 us display, type 3
frame 2374: 27752 us total, 11462 us display, type 3
frame 2375: 29563 us total, 11462 us display, type 3
frame 2376: 27584 us total, 11453 us display, type 3
frame 2377: 29588 us total, 11446 us display, type 3
frame 2378: 29570 us total, 11451 us display, type 3
frame 2379: 27551 us total, 11540 us display, type 3
frame 2380: 30345 us total, 11639 us display, type 3
frame 2381: 29308 us total, 11459 us display, type 3
frame 2382: 27193 us total, 11453 us display, type 3
frame 2383: 30529 us total, 11457 us display, type 3
frame 2384: 26056 us total, 11452 us display, type 3
frame 2385: 30361 us total, 11458 us display, type 3
frame 2386: 28679 us total, 11755 us display, type 3
frame 2387: 27136 us total, 11687 us display, type 3
frame 2388: 30974 us total, 11783 us display, type 3
frame 2389: 25765 us total, 11461 us display, type 3
frame 2390: 30180 us total, 11456 us display, type 3
frame 2391: 28853 us total, 11633 us display, type 3
frame 2392: 27370 us total, 11445 us display, type 3
frame 2393: 29379 us total, 11458 us display, type 3
frame 2394: 28677 us total, 11448 us display, type 3
frame 2395: 26671 us total, 11599 us display, type 3
frame 2396: 29066 us total, 11652 us display, type 3
frame 2397: 27401 us total, 11448 us display, type 3
frame 2398: 28252 us total, 11460 us display, type 3
frame 2399: 28250 us total, 11469 us display, type 3
frame 2400: 26632 us total, 11440 us display, type 3
frame 2401: 30502 us total, 11449 us display, type 3
frame 2402: 26755 us total, 11619 us display, type 3
frame 2403: 29438 us total, 11449 us display, type 3
frame 2404: 30974 us total, 11453 us display, type 3
frame 2405: 27056 us total, 11446 us display, type 3
frame 2406: 28863 us total, 11453 us display, type 3
frame 2407: 27284 us total, 11441 us display, type 3
frame 2408: 29922 us total, 11449 us display, type 3
frame 2409: 28847 us total, 11449 us display, type 3
frame 2410: 26643 us total, 11447 us display, type 3
frame 2411: 30343 us total, 11445 us display, type 3
frame 2412: 29372 us total, 11442 us display, type 3
frame 2413: 27514 us total, 11442 us display, type 3
frame 2414: 29750 us total, 11812 us display, type 3
frame 2415: 27505 us total, 11453 us display, type 3
frame 2416: 29951 us total, 11453 us display, type 3
frame 2417: 29940 us total, 11458 us display, type 3
frame 2418: 26891 us total, 11601 us display, type 3
frame 2419: 29024 us total, 11575 us display, type 3
frame 2420: 26955 us total, 11484 us display, type 3
frame 2421: 29490 us total, 11494 us display, type 3
frame 2422: 29190 us total, 11455 us display, type 3
frame 2423: 27306 us total, 11442 us display, type 3
frame 2424: 29619 us total, 11451 us display, type 3
frame 2425: 29656 us total, 11451 us display, type 3
frame 2426: 26099 us total, 11452 us display, type 3
frame 2427: 31918 us total, 11459 us display, type 3
frame 2428: 28207 us total, 11454 us display, type 3
frame 2429: 31292 us total, 11463 us display, type 3
frame 2430: 32412 us total, 11457 us display, type 3
frame 2431: 24744 us total, 11486 us display, type 3
profile (avg of 128 frames, ms): logic+bsp 4.7 wait-fb 0.0 vp-mark 0.7 flats 1.6 columns 7.7 fuzz 0.0
frame 2432: 31175 us total, 11473 us display, type 3
frame 2433: 28007 us total, 11784 us display, type 3
frame 2434: 28141 us total, 11827 us display, type 3
frame 2435: 27813 us total, 11660 us display, type 3
frame 2436: 27095 us total, 11464 us display, type 3
frame 2437: 29508 us total, 11475 us display, type 3
frame 2438: 27421 us total, 11467 us display, type 3
frame 2439: 27841 us total, 11462 us display, type 3
frame 2440: 27661 us total, 11467 us display, type 3
frame 2441: 27887 us total, 11456 us display, type 3
frame 2442: 29043 us total, 11460 us display, type 3
frame 2443: 29784 us total, 11639 us display, type 3
frame 2444: 29088 us total, 11746 us display, type 3
frame 2445: 29078 us total, 11609 us display, type 3
frame 2446: 29074 us total, 11518 us display, type 3
frame 2447: 28370 us total, 11452 us display, type 3
frame 2448: 28887 us total, 11473 us display, type 3
frame 2449: 26949 us total, 11591 us display, type 3
frame 2450: 28564 us total, 11459 us display, type 3
frame 2451: 28669 us total, 11463 us display, type 3
frame 2452: 28062 us total, 11559 us display, type 3
frame 2453: 28775 us total, 11455 us display, type 3
frame 2454: 28079 us total, 11625 us display, type 3
frame 2455: 28860 us total, 11471 us display, type 3
frame 2456: 29345 us total, 11468 us display, type 3
frame 2457: 28513 us total, 11463 us display, type 3
frame 2458: 29491 us total, 11458 us display, type 3
frame 2459: 28551 us total, 11813 us display, type 3
frame 2460: 28097 us total, 11696 us display, type 3
frame 2461: 28572 us total, 11463 us display, type 3
frame 2462: 28607 us total, 11597 us display, type 3
frame 2463: 28732 us total, 11470 us display, type 3
frame 2464: 29543 us total, 11462 us display, type 3
frame 2465: 28413 us total, 11467 us display, type 3
frame 2466: 28894 us total, 11468 us display, type 3
frame 2467: 29984 us total, 11464 us display, type 3
frame 2468: 27457 us total, 11464 us display, type 3
frame 2469: 29742 us total, 11475 us display, type 3
frame 2470: 26017 us total, 11556 us display, type 3
frame 2471: 28389 us total, 11473 us display, type 3
frame 2472: 29276 us total, 11469 us display, type 3
frame 2473: 27678 us total, 11460 us display, type 3
frame 2474: 29655 us total, 11467 us display, type 3
frame 2475: 28522 us total, 11520 us display, type 3
frame 2476: 30442 us total, 11465 us display, type 3
frame 2477: 29571 us total, 11666 us display, type 3
frame 2478: 23876 us total, 11450 us display, type 3
frame 2479: 26275 us total, 11454 us display, type 3
frame 2480: 25801 us total, 11439 us display, type 3
frame 2481: 31711 us total, 11693 us display, type 3
frame 2482: 29654 us total, 11466 us display, type 3
frame 2483: 28758 us total, 11453 us display, type 3
frame 2484: 29792 us total, 11636 us display, type 3
frame 2485: 30047 us total, 11464 us display, type 3
frame 2486: 27624 us total, 11462 us display, type 3
frame 2487: 30540 us total, 11613 us display, type 3
frame 2488: 27202 us total, 11562 us display, type 3
frame 2489: 30448 us total, 11466 us display, type 3
frame 2490: 31054 us total, 11654 us display, type 3
frame 2491: 25487 us total, 11458 us display, type 3
frame 2492: 30510 us total, 11469 us display, type 3
frame 2493: 29440 us total, 11476 us display, type 3
frame 2494: 25969 us total, 11455 us display, type 3
frame 2495: 30970 us total, 11463 us display, type 3
frame 2496: 25750 us total, 11679 us display, type 3
frame 2497: 32001 us total, 11480 us display, type 3
frame 2498: 29291 us total, 11477 us display, type 3
frame 2499: 25934 us total, 11685 us display, type 3
frame 2500: 30263 us total, 11481 us display, type 3
frame 2501: 25614 us total, 11453 us display, type 3
frame 2502: 31309 us total, 11467 us display, type 3
frame 2503: 29495 us total, 11466 us display, type 3
frame 2504: 24741 us total, 11612 us display, type 3
frame 2505: 30053 us total, 11501 us display, type 3
frame 2506: 26304 us total, 11728 us display, type 3
frame 2507: 31870 us total, 11822 us display, type 3
frame 2508: 28153 us total, 11516 us display, type 3
frame 2509: 26760 us total, 11626 us display, type 3
frame 2510: 30446 us total, 11633 us display, type 3
frame 2511: 30000 us total, 11475 us display, type 3
frame 2512: 25160 us total, 11456 us display, type 3
frame 2513: 30886 us total, 11461 us display, type 3
frame 2514: 26724 us total, 11473 us display, type 3
frame 2515: 32434 us total, 11475 us display, type 3
frame 2516: 29190 us total, 11819 us display, type 3
frame 2517: 26214 us total, 11465 us display, type 3
frame 2518: 29412 us total, 11462 us display, type 3
frame 2519: 27766 us total, 11671 us display, type 3
frame 2520: 26285 us total, 11715 us display, type 3
frame 2521: 29998 us total, 11642 us display, type 3
frame 2522: 25702 us total, 11455 us display, type 3
frame 2523: 31728 us total, 11462 us display, type 3
frame 2524: 31818 us total, 11472 us display, type 3
frame 2525: 26875 us total, 11473 us display, type 3
frame 2526: 29803 us total, 11461 us display, type 3
frame 2527: 29870 us total, 11459 us display, type 3
frame 2528: 25886 us total, 11466 us display, type 3
frame 2529: 29016 us total, 11474 us display, type 3
frame 2530: 25646 us total, 11474 us display, type 3
frame 2531: 30518 us total, 11476 us display, type 3
frame 2532: 29274 us total, 11480 us display, type 3
frame 2533: 26592 us total, 11458 us display, type 3
frame 2534: 29969 us total, 11469 us display, type 3
frame 2535: 25791 us total, 11460 us display, type 3
frame 2536: 31006 us total, 11477 us display, type 3
frame 2537: 29966 us total, 11468 us display, type 3
frame 2538: 26223 us total, 11461 us display, type 3
frame 2539: 29171 us total, 11462 us display, type 3
frame 2540: 24408 us total, 11469 us display, type 3
frame 2541: 31669 us total, 11789 us display, type 3
frame 2542: 30927 us total, 11751 us display, type 3
frame 2543: 25139 us total, 11456 us display, type 3
frame 2544: 30609 us total, 11463 us display, type 3
frame 2545: 29286 us total, 11471 us display, type 3
frame 2546: 26883 us total, 11468 us display, type 3
frame 2547: 32497 us total, 11467 us display, type 3
frame 2548: 29245 us total, 11466 us display, type 3
frame 2549: 32151 us total, 11454 us display, type 3
frame 2550: 32337 us total, 11708 us display, type 3
frame 2551: 28575 us total, 11459 us display, type 3
frame 2552: 31519 us total, 11612 us display, type 3
frame 2553: 30835 us total, 11760 us display, type 3
frame 2554: 26924 us total, 11459 us display, type 3
frame 2555: 28948 us total, 11470 us display, type 3
frame 2556: 27479 us total, 11713 us display, type 3
frame 2557: 25636 us total, 11478 us display, type 3
frame 2558: 29726 us total, 11730 us display, type 3
frame 2559: 28144 us total, 11704 us display, type 3
profile (avg of 128 frames, ms): logic+bsp 8.1 wait-fb 0.0 vp-mark 1.0 flats 3.0 columns 9.5 fuzz 0.0
frame 2560: 29441 us total, 11477 us display, type 3
audio: 70 underruns, 34 ms queued
mem @frame 2560: heap free 46404, largest 20992, min ever 46004, zone free 40188, display stack free 4368, uptime 76 s, gamestate 0, demo 1, usergame 0, tic 2568
frame 2561: 33480 us total, 11479 us display, type 3
frame 2562: 28043 us total, 11462 us display, type 3
frame 2563: 29967 us total, 11587 us display, type 3
frame 2564: 30054 us total, 11475 us display, type 3
frame 2565: 28088 us total, 11680 us display, type 3
frame 2566: 29117 us total, 11471 us display, type 3
frame 2567: 30878 us total, 11790 us display, type 3
frame 2568: 28669 us total, 11601 us display, type 3
frame 2569: 30826 us total, 11464 us display, type 3
frame 2570: 28774 us total, 11633 us display, type 3
frame 2571: 30066 us total, 11605 us display, type 3
frame 2572: 30464 us total, 11616 us display, type 3
frame 2573: 28739 us total, 11462 us display, type 3
frame 2574: 30674 us total, 11644 us display, type 3
frame 2575: 31828 us total, 11484 us display, type 3
frame 2576: 28765 us total, 11616 us display, type 3
frame 2577: 31199 us total, 11844 us display, type 3
frame 2578: 30173 us total, 11462 us display, type 3
frame 2579: 28976 us total, 11559 us display, type 3
frame 2580: 30849 us total, 11689 us display, type 3
frame 2581: 31857 us total, 11782 us display, type 3
frame 2582: 28424 us total, 11477 us display, type 3
frame 2583: 31610 us total, 11475 us display, type 3
frame 2584: 32306 us total, 11474 us display, type 3
frame 2585: 28580 us total, 11731 us display, type 3
frame 2586: 30946 us total, 11753 us display, type 3
frame 2587: 30268 us total, 11476 us display, type 3
frame 2588: 27864 us total, 11609 us display, type 3
frame 2589: 29072 us total, 11480 us display, type 3
frame 2590: 27272 us total, 11607 us display, type 3
frame 2591: 29019 us total, 11663 us display, type 3
frame 2592: 28811 us total, 11469 us display, type 3
frame 2593: 26492 us total, 11468 us display, type 3
frame 2594: 30366 us total, 11473 us display, type 3
frame 2595: 26787 us total, 11468 us display, type 3
frame 2596: 29429 us total, 11474 us display, type 3
frame 2597: 34488 us total, 11806 us display, type 3
frame 2598: 30622 us total, 11465 us display, type 3
frame 2599: 31832 us total, 11478 us display, type 3
frame 2600: 31394 us total, 11493 us display, type 3
frame 2601: 28063 us total, 11453 us display, type 3
frame 2602: 31719 us total, 11725 us display, type 3
frame 2603: 32785 us total, 11722 us display, type 3
frame 2604: 29067 us total, 11624 us display, type 3
frame 2605: 31861 us total, 11684 us display, type 3
frame 2606: 31857 us total, 11853 us display, type 3
frame 2607: 28506 us total, 11469 us display, type 3
frame 2608: 32417 us total, 11564 us display, type 3
frame 2609: 31883 us total, 11476 us display, type 3
frame 2610: 31212 us total, 11467 us display, type 3
frame 2611: 32573 us total, 11464 us display, type 3
frame 2612: 32833 us total, 11752 us display, type 3
frame 2613: 28824 us total, 11463 us display, type 3
frame 2614: 31696 us total, 11466 us display, type 3
frame 2615: 31815 us total, 11480 us display, type 3
frame 2616: 28969 us total, 11637 us display, type 3
frame 2617: 31556 us total, 11465 us display, type 3
frame 2618: 31360 us total, 11495 us display, type 3
frame 2619: 29054 us total, 11461 us display, type 3
frame 2620: 32501 us total, 11464 us display, type 3
frame 2621: 33510 us total, 11822 us display, type 3
frame 2622: 28138 us total, 11740 us display, type 3
frame 2623: 30022 us total, 11469 us display, type 3
frame 2624: 30992 us total, 11475 us display, type 3
frame 2625: 28194 us total, 11462 us display, type 3
frame 2626: 30357 us total, 11479 us display, type 3
frame 2627: 29620 us total, 11479 us display, type 3
frame 2628: 28163 us total, 11473 us display, type 3
frame 2629: 29302 us total, 11479 us display, type 3
frame 2630: 28872 us total, 11468 us display, type 3
frame 2631: 30766 us total, 11583 us display, type 3
frame 2632: 30006 us total, 11664 us display, type 3
frame 2633: 30450 us total, 11479 us display, type 3
frame 2634: 29549 us total, 11843 us display, type 3
frame 2635: 30492 us total, 11492 us display, type 3
frame 2636: 28712 us total, 11465 us display, type 3
frame 2637: 30306 us total, 11480 us display, type 3
frame 2638: 31643 us total, 11474 us display, type 3
frame 2639: 29191 us total, 11465 us display, type 3
frame 2640: 31120 us total, 11472 us display, type 3
frame 2641: 33543 us total, 11466 us display, type 3
frame 2642: 30128 us total, 11465 us display, type 3
frame 2643: 33049 us total, 11471 us display, type 3
frame 2644: 32371 us total, 11479 us display, type 3
frame 2645: 29861 us total, 11475 us display, type 3
frame 2646: 32181 us total, 11626 us display, type 3
frame 2647: 32402 us total, 11539 us display, type 3
frame 2648: 33712 us total, 11633 us display, type 3
frame 2649: 30925 us total, 11665 us display, type 3
frame 2650: 32131 us total, 11478 us display, type 3
frame 2651: 32783 us total, 11485 us display, type 3
frame 2652: 30100 us total, 11458 us display, type 3
frame 2653: 32567 us total, 11697 us display, type 3
frame 2654: 31858 us total, 11569 us display, type 3
frame 2655: 29068 us total, 11479 us display, type 3
frame 2656: 31370 us total, 11479 us display, type 3
frame 2657: 31423 us total, 11614 us display, type 3
frame 2658: 29063 us total, 11499 us display, type 3
frame 2659: 30930 us total, 11786 us display, type 3
frame 2660: 29428 us total, 11483 us display, type 3
frame 2661: 30001 us total, 11470 us display, type 3
frame 2662: 30570 us total, 11728 us display, type 3
frame 2663: 30000 us total, 11665 us display, type 3
frame 2664: 27482 us total, 11478 us display, type 3
frame 2665: 32513 us total, 11619 us display, type 3
frame 2666: 32257 us total, 11468 us display, type 3
frame 2667: 28668 us total, 11569 us display, type 3
frame 2668: 31865 us total, 11527 us display, type 3
frame 2669: 28567 us total, 11461 us display, type 3
frame 2670: 32345 us total, 11609 us display, type 3
frame 2671: 31390 us total, 11474 us display, type 3
frame 2672: 33803 us total, 11460 us display, type 3
frame 2673: 29926 us total, 11453 us display, type 3
frame 2674: 32534 us total, 11603 us display, type 3
frame 2675: 33679 us total, 11472 us display, type 3
frame 2676: 30884 us total, 11717 us display, type 3
frame 2677: 33795 us total, 11800 us display, type 3
frame 2678: 33820 us total, 11476 us display, type 3
frame 2679: 31254 us total, 11461 us display, type 3
frame 2680: 34549 us total, 11466 us display, type 3
frame 2681: 35404 us total, 11468 us display, type 3
frame 2682: 34007 us total, 11465 us display, type 3
frame 2683: 31131 us total, 11456 us display, type 3
frame 2684: 34198 us total, 11592 us display, type 3
frame 2685: 33714 us total, 11751 us display, type 3
frame 2686: 32359 us total, 11463 us display, type 3
frame 2687: 35518 us total, 11459 us display, type 3
profile (avg of 128 frames, ms): logic+bsp 11.1 wait-fb 0.0 vp-mark 0.9 flats 3.3 columns 10.5 fuzz 0.4
frame 2688: 34344 us total, 11641 us display, type 3
frame 2689: 33268 us total, 11458 us display, type 3
frame 2690: 30432 us total, 11815 us display, type 3
frame 2691: 31919 us total, 11480 us display, type 3
frame 2692: 33009 us total, 11477 us display, type 3
frame 2693: 29728 us total, 11463 us display, type 3
frame 2694: 31987 us total, 11844 us display, type 3
frame 2695: 30936 us total, 11742 us display, type 3
frame 2696: 28269 us total, 11475 us display, type 3
frame 2697: 30953 us total, 11482 us display, type 3
frame 2698: 34492 us total, 11671 us display, type 3
frame 2699: 30001 us total, 11809 us display, type 3
frame 2700: 31216 us total, 11464 us display, type 3
frame 2701: 32491 us total, 11587 us display, type 3
frame 2702: 29991 us total, 11829 us display, type 3
frame 2703: 31259 us total, 11465 us display, type 3
frame 2704: 32307 us total, 11460 us display, type 3
frame 2705: 31104 us total, 11464 us display, type 3
frame 2706: 32915 us total, 11801 us display, type 3
frame 2707: 31859 us total, 11843 us display, type 3
frame 2708: 31860 us total, 11599 us display, type 3
frame 2709: 30075 us total, 11461 us display, type 3
frame 2710: 32711 us total, 11522 us display, type 3
frame 2711: 32939 us total, 11471 us display, type 3
frame 2712: 29858 us total, 11478 us display, type 3
frame 2713: 32332 us total, 11474 us display, type 3
frame 2714: 32542 us total, 11475 us display, type 3
frame 2715: 30832 us total, 11847 us display, type 3
frame 2716: 30921 us total, 11739 us display, type 3
frame 2717: 29777 us total, 11651 us display, type 3
frame 2718: 27815 us total, 11460 us display, type 3
frame 2719: 29755 us total, 11480 us display, type 3
frame 2720: 28024 us total, 11482 us display, type 3
frame 2721: 28376 us total, 11467 us display, type 3
frame 2722: 28793 us total, 11464 us display, type 3
frame 2723: 27097 us total, 11554 us display, type 3
frame 2724: 29084 us total, 11486 us display, type 3
frame 2725: 29064 us total, 11545 us display, type 3
frame 2726: 28149 us total, 11465 us display, type 3
frame 2727: 28580 us total, 11656 us display, type 3
frame 2728: 26214 us total, 11463 us display, type 3
frame 2729: 26874 us total, 11474 us display, type 3
frame 2730: 27409 us total, 11465 us display, type 3
frame 2731: 25922 us total, 11643 us display, type 3
frame 2732: 28516 us total, 11627 us display, type 3
frame 2733: 31559 us total, 11460 us display, type 3
frame 2734: 30416 us total, 11465 us display, type 3
frame 2735: 30890 us total, 11468 us display, type 3
frame 2736: 29541 us total, 11589 us display, type 3
frame 2737: 30927 us total, 11545 us display, type 3
frame 2738: 30116 us total, 11470 us display, type 3
frame 2739: 28957 us total, 11800 us display, type 3
frame 2740: 30305 us total, 11474 us display, type 3
frame 2741: 29697 us total, 11517 us display, type 3
frame 2742: 29120 us total, 11469 us display, type 3
frame 2743: 29956 us total, 11809 us display, type 3
frame 2744: 29066 us total, 11567 us display, type 3
frame 2745: 31242 us total, 11480 us display, type 3
frame 2746: 30861 us total, 11470 us display, type 3
frame 2747: 29981 us total, 11469 us display, type 3
frame 2748: 31655 us total, 11461 us display, type 3
frame 2749: 31254 us total, 11471 us display, type 3
frame 2750: 29038 us total, 11458 us display, type 3
frame 2751: 30890 us total, 11474 us display, type 3
frame 2752: 31085 us total, 11468 us display, type 3
frame 2753: 30000 us total, 11462 us display, type 3
frame 2754: 31415 us total, 11777 us display, type 3
frame 2755: 31065 us total, 11478 us display, type 3
frame 2756: 29477 us total, 11469 us display, type 3
frame 2757: 28569 us total, 11471 us display, type 3
frame 2758: 27244 us total, 11466 us display, type 3
frame 2759: 24791 us total, 11465 us display, type 3
frame 2760: 24793 us total, 11680 us display, type 3
frame 2761: 22766 us total, 11468 us display, type 3
frame 2762: 23293 us total, 11827 us display, type 3
frame 2763: 22678 us total, 11455 us display, type 3
frame 2764: 27422 us total, 11546 us display, type 3
frame 2765: 27554 us total, 11443 us display, type 3
frame 2766: 28796 us total, 11444 us display, type 3
frame 2767: 29198 us total, 11446 us display, type 3
frame 2768: 27368 us total, 11451 us display, type 3
frame 2769: 28318 us total, 11446 us display, type 3
frame 2770: 27017 us total, 11443 us display, type 3
frame 2771: 28927 us total, 11446 us display, type 3
frame 2772: 28679 us total, 11446 us display, type 3
frame 2773: 28571 us total, 11487 us display, type 3
frame 2774: 29112 us total, 11441 us display, type 3
frame 2775: 28355 us total, 11444 us display, type 3
frame 2776: 28288 us total, 11439 us display, type 3
frame 2777: 28027 us total, 11441 us display, type 3
frame 2778: 27271 us total, 11440 us display, type 3
frame 2779: 29007 us total, 11441 us display, type 3
frame 2780: 28622 us total, 11478 us display, type 3
frame 2781: 26541 us total, 11507 us display, type 3
frame 2782: 29802 us total, 11511 us display, type 3
frame 2783: 27280 us total, 11454 us display, type 3
frame 2784: 29383 us total, 11439 us display, type 3
frame 2785: 26925 us total, 11452 us display, type 3
frame 2786: 28323 us total, 11440 us display, type 3
frame 2787: 29242 us total, 11447 us display, type 3
frame 2788: 26788 us total, 11448 us display, type 3
frame 2789: 30004 us total, 11441 us display, type 3
frame 2790: 27900 us total, 11485 us display, type 3
frame 2791: 29326 us total, 11484 us display, type 3
frame 2792: 31215 us total, 11445 us display, type 3
frame 2793: 29568 us total, 11449 us display, type 3
frame 2794: 28364 us total, 11448 us display, type 3
frame 2795: 28983 us total, 11446 us display, type 3
frame 2796: 28897 us total, 11454 us display, type 3
frame 2797: 33619 us total, 11635 us display, type 3
frame 2798: 31144 us total, 11723 us display, type 3
frame 2799: 27668 us total, 11458 us display, type 3
frame 2800: 29542 us total, 11509 us display, type 3
frame 2801: 28899 us total, 11468 us display, type 3
frame 2802: 26380 us total, 11454 us display, type 3
frame 2803: 29909 us total, 11578 us display, type 3
frame 2804: 27455 us total, 11458 us display, type 3
frame 2805: 28992 us total, 11468 us display, type 3
frame 2806: 28900 us total, 11777 us display, type 3
frame 2807: 27556 us total, 11470 us display, type 3
frame 2808: 29861 us total, 11463 us display, type 3
frame 2809: 28908 us total, 11596 us display, type 3
frame 2810: 28142 us total, 11562 us display, type 3
frame 2811: 29204 us total, 11471 us display, type 3
frame 2812: 28362 us total, 11460 us display, type 3
frame 2813: 29063 us total, 11465 us display, type 3
frame 2814: 32414 us total, 11471 us display, type 3
frame 2815: 26542 us total, 11464 us display, type 3
profile (avg of 128 frames, ms): logic+bsp 8.7 wait-fb 0.0 vp-mark 0.8 flats 2.7 columns 9.5 fuzz 0.2
frame 2816: 27668 us total, 11593 us display, type 3
audio: 70 underruns, 46 ms queued
mem @frame 2816: heap free 46404, largest 20992, min ever 46004, zone free 40716, display stack free 4368, uptime 84 s, gamestate 0, demo 1, usergame 0, tic 2838
frame 2817: 29165 us total, 11623 us display, type 3
frame 2818: 28587 us total, 11465 us display, type 3
frame 2819: 29942 us total, 11465 us display, type 3
frame 2820: 27035 us total, 11471 us display, type 3
frame 2821: 30727 us total, 11558 us display, type 3
frame 2822: 30004 us total, 11591 us display, type 3
frame 2823: 29078 us total, 11858 us display, type 3
frame 2824: 29239 us total, 11467 us display, type 3
frame 2825: 27538 us total, 11459 us display, type 3
frame 2826: 28666 us total, 11467 us display, type 3
frame 2827: 29673 us total, 11465 us display, type 3
frame 2828: 27475 us total, 11466 us display, type 3
frame 2829: 29354 us total, 11468 us display, type 3
frame 2830: 27913 us total, 11474 us display, type 3
frame 2831: 25419 us total, 11473 us display, type 3
frame 2832: 28555 us total, 11674 us display, type 3
frame 2833: 27124 us total, 11458 us display, type 3
frame 2834: 30229 us total, 11470 us display, type 3
frame 2835: 28513 us total, 11466 us display, type 3
frame 2836: 27206 us total, 11465 us display, type 3
frame 2837: 29529 us total, 11490 us display, type 3
frame 2838: 28188 us total, 11583 us display, type 3
frame 2839: 30433 us total, 11466 us display, type 3
frame 2840: 28887 us total, 11466 us display, type 3
frame 2841: 26977 us total, 11576 us display, type 3
frame 2842: 30006 us total, 11726 us display, type 3
frame 2843: 27235 us total, 11638 us display, type 3
frame 2844: 29514 us total, 11465 us display, type 3
frame 2845: 28769 us total, 11467 us display, type 3
frame 2846: 25926 us total, 11527 us display, type 3
frame 2847: 30111 us total, 11484 us display, type 3
frame 2848: 28572 us total, 11472 us display, type 3
frame 2849: 27256 us total, 11461 us display, type 3
frame 2850: 31381 us total, 11470 us display, type 3
frame 2851: 28308 us total, 11456 us display, type 3
frame 2852: 30834 us total, 11469 us display, type 3
frame 2853: 30227 us total, 11470 us display, type 3
frame 2854: 31497 us total, 11602 us display, type 3
frame 2855: 33010 us total, 11780 us display, type 3
frame 2856: 33773 us total, 11483 us display, type 3
frame 2857: 32101 us total, 11470 us display, type 3
frame 2858: 33416 us total, 11456 us display, type 3
frame 2859: 33023 us total, 11469 us display, type 3
frame 2860: 34444 us total, 11469 us display, type 3
frame 2861: 30862 us total, 11466 us display, type 3
frame 2862: 32850 us total, 11621 us display, type 3
frame 2863: 32416 us total, 11466 us display, type 3
frame 2864: 30853 us total, 11462 us display, type 3
frame 2865: 31842 us total, 11455 us display, type 3
frame 2866: 31418 us total, 11743 us display, type 3
frame 2867: 29302 us total, 11458 us display, type 3
frame 2868: 31119 us total, 11460 us display, type 3
frame 2869: 34139 us total, 11457 us display, type 3
frame 2870: 28420 us total, 11814 us display, type 3
frame 2871: 31444 us total, 11465 us display, type 3
frame 2872: 32224 us total, 11479 us display, type 3
frame 2873: 29999 us total, 11757 us display, type 3
frame 2874: 31857 us total, 11505 us display, type 3
frame 2875: 31431 us total, 11468 us display, type 3
frame 2876: 29501 us total, 11645 us display, type 3
frame 2877: 32802 us total, 11459 us display, type 3
frame 2878: 31148 us total, 11468 us display, type 3
frame 2879: 29758 us total, 11727 us display, type 3
frame 2880: 32353 us total, 11464 us display, type 3
frame 2881: 32390 us total, 11811 us display, type 3
frame 2882: 31921 us total, 11468 us display, type 3
frame 2883: 31903 us total, 11471 us display, type 3
frame 2884: 34649 us total, 11468 us display, type 3
frame 2885: 34017 us total, 11462 us display, type 3
frame 2886: 30932 us total, 11460 us display, type 3
frame 2887: 36281 us total, 11636 us display, type 3
frame 2888: 32869 us total, 11469 us display, type 3
frame 2889: 34534 us total, 11785 us display, type 3
frame 2890: 31230 us total, 11459 us display, type 3
frame 2891: 35425 us total, 11784 us display, type 3
frame 2892: 35662 us total, 11472 us display, type 3
frame 2893: 34547 us total, 11758 us display, type 3
frame 2894: 36363 us total, 11634 us display, type 3
frame 2895: 35386 us total, 11464 us display, type 3
frame 2896: 36913 us total, 11462 us display, type 3
frame 2897: 37853 us total, 11463 us display, type 3
frame 2898: 32593 us total, 11468 us display, type 3
frame 2899: 34697 us total, 11461 us display, type 3
frame 2900: 34697 us total, 11495 us display, type 3
frame 2901: 35917 us total, 11476 us display, type 3
frame 2902: 32297 us total, 11461 us display, type 3
frame 2903: 34617 us total, 11620 us display, type 3
frame 2904: 36077 us total, 11470 us display, type 3
frame 2905: 34797 us total, 11465 us display, type 3
frame 2906: 33998 us total, 11657 us display, type 3
frame 2907: 35075 us total, 11714 us display, type 3
frame 2908: 35328 us total, 11470 us display, type 3
frame 2909: 32268 us total, 11472 us display, type 3
frame 2910: 29551 us total, 11456 us display, type 3
frame 2911: 35293 us total, 11469 us display, type 3
frame 2912: 33494 us total, 11818 us display, type 3
frame 2913: 29065 us total, 11689 us display, type 3
frame 2914: 32812 us total, 11468 us display, type 3
frame 2915: 32866 us total, 11464 us display, type 3
frame 2916: 28403 us total, 11456 us display, type 3
frame 2917: 32450 us total, 11462 us display, type 3
frame 2918: 32960 us total, 11626 us display, type 3
frame 2919: 29209 us total, 11477 us display, type 3
frame 2920: 32593 us total, 11778 us display, type 3
frame 2921: 31092 us total, 11463 us display, type 3
frame 2922: 28200 us total, 11469 us display, type 3
frame 2923: 31841 us total, 11463 us display, type 3
frame 2924: 31236 us total, 11469 us display, type 3
frame 2925: 29023 us total, 11459 us display, type 3
frame 2926: 29875 us total, 11473 us display, type 3
frame 2927: 30129 us total, 11473 us display, type 3
frame 2928: 28603 us total, 11819 us display, type 3
frame 2929: 30531 us total, 11463 us display, type 3
frame 2930: 30400 us total, 11801 us display, type 3
frame 2931: 28143 us total, 11536 us display, type 3
frame 2932: 30057 us total, 11464 us display, type 3
frame 2933: 28439 us total, 11475 us display, type 3
frame 2934: 29738 us total, 11470 us display, type 3
frame 2935: 28752 us total, 11467 us display, type 3
frame 2936: 26400 us total, 11472 us display, type 3
frame 2937: 28499 us total, 11462 us display, type 3
frame 2938: 25906 us total, 11561 us display, type 3
frame 2939: 27393 us total, 11474 us display, type 3
frame 2940: 26410 us total, 11462 us display, type 3
frame 2941: 24397 us total, 11512 us display, type 3
frame 2942: 25146 us total, 11475 us display, type 3
frame 2943: 23496 us total, 11467 us display, type 3
profile (avg of 128 frames, ms): logic+bsp 9.5 wait-fb 0.0 vp-mark 1.7 flats 4.1 columns 11.0 fuzz 0.1
frame 2944: 27783 us total, 11782 us display, type 3
frame 2945: 26513 us total, 11462 us display, type 3
frame 2946: 29780 us total, 11787 us display, type 3
frame 2947: 29600 us total, 11464 us display, type 3
frame 2948: 27620 us total, 11638 us display, type 3
frame 2949: 29586 us total, 11458 us display, type 3
frame 2950: 27630 us total, 11835 us display, type 3
frame 2951: 27565 us total, 11456 us display, type 3
frame 2952: 27793 us total, 11471 us display, type 3
frame 2953: 26164 us total, 11462 us display, type 3
frame 2954: 29967 us total, 11484 us display, type 3
frame 2955: 29077 us total, 11514 us display, type 3
frame 2956: 28142 us total, 11620 us display, type 3
frame 2957: 28570 us total, 11485 us display, type 3
frame 2958: 26734 us total, 11458 us display, type 3
frame 2959: 29323 us total, 11462 us display, type 3
frame 2960: 29018 us total, 11463 us display, type 3
frame 2961: 26158 us total, 11453 us display, type 3
frame 2962: 26629 us total, 11460 us display, type 3
frame 2963: 28103 us total, 11462 us display, type 3
frame 2964: 33315 us total, 11465 us display, type 3
frame 2965: 29330 us total, 11465 us display, type 3
frame 2966: 26299 us total, 11465 us display, type 3
frame 2967: 30599 us total, 11664 us display, type 3
frame 2968: 26287 us total, 11454 us display, type 3
frame 2969: 30000 us total, 11468 us display, type 3
frame 2970: 28637 us total, 11464 us display, type 3
frame 2971: 26701 us total, 11460 us display, type 3
frame 2972: 30096 us total, 11466 us display, type 3
frame 2973: 29783 us total, 11466 us display, type 3
frame 2974: 26437 us total, 11460 us display, type 3
frame 2975: 30764 us total, 11643 us display, type 3
frame 2976: 27566 us total, 11474 us display, type 3
frame 2977: 30753 us total, 11470 us display, type 3
frame 2978: 28409 us total, 11476 us display, type 3
frame 2979: 27126 us total, 11459 us display, type 3
frame 2980: 30661 us total, 11625 us display, type 3
frame 2981: 25622 us total, 11448 us display, type 3
frame 2982: 30323 us total, 11457 us display, type 3
frame 2983: 28206 us total, 11649 us display, type 3
frame 2984: 26721 us total, 11452 us display, type 3
frame 2985: 30516 us total, 11533 us display, type 3
frame 2986: 29100 us total, 11523 us display, type 3
frame 2987: 26740 us total, 11461 us display, type 3
frame 2988: 30484 us total, 11792 us display, type 3
frame 2989: 27949 us total, 11665 us display, type 3
frame 2990: 29256 us total, 11644 us display, type 3
frame 2991: 30002 us total, 11820 us display, type 3
frame 2992: 25794 us total, 11454 us display, type 3
frame 2993: 29940 us total, 11463 us display, type 3
frame 2994: 27854 us total, 11465 us display, type 3
frame 2995: 27901 us total, 11471 us display, type 3
frame 2996: 29074 us total, 11609 us display, type 3
frame 2997: 27246 us total, 11460 us display, type 3
frame 2998: 29487 us total, 11469 us display, type 3
frame 2999: 29566 us total, 11807 us display, type 3
frame 3000: 27187 us total, 11827 us display, type 3
frame 3001: 31594 us total, 11622 us display, type 3
frame 3002: 25778 us total, 11458 us display, type 3
frame 3003: 30620 us total, 11466 us display, type 3
frame 3004: 28706 us total, 11461 us display, type 3
frame 3005: 26219 us total, 11459 us display, type 3
frame 3006: 29687 us total, 11471 us display, type 3
frame 3007: 27149 us total, 11453 us display, type 3
frame 3008: 31104 us total, 11469 us display, type 3
frame 3009: 28813 us total, 11468 us display, type 3
frame 3010: 26618 us total, 11628 us display, type 3
frame 3011: 29171 us total, 11467 us display, type 3
frame 3012: 29087 us total, 11459 us display, type 3
frame 3013: 27049 us total, 11455 us display, type 3
frame 3014: 29751 us total, 11773 us display, type 3
frame 3015: 27500 us total, 11469 us display, type 3
frame 3016: 28843 us total, 11465 us display, type 3
frame 3017: 28833 us total, 11710 us display, type 3
frame 3018: 28136 us total, 11771 us display, type 3
frame 3019: 32347 us total, 11466 us display, type 3
frame 3020: 29039 us total, 11471 us display, type 3
frame 3021: 27778 us total, 11464 us display, type 3
frame 3022: 29915 us total, 11464 us display, type 3
frame 3023: 27352 us total, 11655 us display, type 3
frame 3024: 29895 us total, 11636 us display, type 3
frame 3025: 28192 us total, 11467 us display, type 3
frame 3026: 27121 us total, 11786 us display, type 3
frame 3027: 28939 us total, 11627 us display, type 3
frame 3028: 26640 us total, 11461 us display, type 3
frame 3029: 29767 us total, 11471 us display, type 3
frame 3030: 28023 us total, 11498 us display, type 3
frame 3031: 26904 us total, 11625 us display, type 3
frame 3032: 28458 us total, 11717 us display, type 3
frame 3033: 26834 us total, 11456 us display, type 3
frame 3034: 30366 us total, 11467 us display, type 3
frame 3035: 29286 us total, 11475 us display, type 3
frame 3036: 26220 us total, 11463 us display, type 3
frame 3037: 29242 us total, 11466 us display, type 3
frame 3038: 31396 us total, 11659 us display, type 3
frame 3039: 26602 us total, 11458 us display, type 3
frame 3040: 31549 us total, 11786 us display, type 3
frame 3041: 27572 us total, 11475 us display, type 3
frame 3042: 29220 us total, 11471 us display, type 3
frame 3043: 28567 us total, 11565 us display, type 3
frame 3044: 27275 us total, 11470 us display, type 3
frame 3045: 30927 us total, 11474 us display, type 3
frame 3046: 28426 us total, 11459 us display, type 3
frame 3047: 26262 us total, 11463 us display, type 3
frame 3048: 28604 us total, 11504 us display, type 3
frame 3049: 28138 us total, 11757 us display, type 3
frame 3050: 28412 us total, 11463 us display, type 3
frame 3051: 27276 us total, 11470 us display, type 3
frame 3052: 26596 us total, 11454 us display, type 3
frame 3053: 29885 us total, 11459 us display, type 3
frame 3054: 25203 us total, 11453 us display, type 3
frame 3055: 28498 us total, 11597 us display, type 3
frame 3056: 28397 us total, 11454 us display, type 3
frame 3057: 27366 us total, 11462 us display, type 3
frame 3058: 29505 us total, 11647 us display, type 3
frame 3059: 28261 us total, 11674 us display, type 3
frame 3060: 29467 us total, 11451 us display, type 3
frame 3061: 32428 us total, 11817 us display, type 3
frame 3062: 28148 us total, 11704 us display, type 3
frame 3063: 31859 us total, 11681 us display, type 3
frame 3064: 30109 us total, 11463 us display, type 3
frame 3065: 26336 us total, 11463 us display, type 3
frame 3066: 28979 us total, 11459 us display, type 3
frame 3067: 25459 us total, 11457 us display, type 3
frame 3068: 29626 us total, 11759 us display, type 3
frame 3069: 27390 us total, 11464 us display, type 3
frame 3070: 27448 us total, 11464 us display, type 3
frame 3071: 31915 us total, 11472 us display, type 3
profile (avg of 128 frames, ms): logic+bsp 6.5 wait-fb 0.0 vp-mark 1.2 flats 3.6 columns 9.5 fuzz 0.8
frame 3072: 29665 us total, 11460 us display, type 3
audio: 70 underruns, 58 ms queued
mem @frame 3072: heap free 46404, largest 20992, min ever 46004, zone free 40340, display stack free 4368, uptime 91 s, gamestate 0, demo 1, usergame 0, tic 3104
frame 3073: 28996 us total, 11843 us display, type 3
frame 3074: 27491 us total, 11652 us display, type 3
frame 3075: 27894 us total, 11463 us display, type 3
frame 3076: 28570 us total, 11454 us display, type 3
frame 3077: 27802 us total, 11467 us display, type 3
frame 3078: 29011 us total, 11467 us display, type 3
frame 3079: 28821 us total, 11527 us display, type 3
frame 3080: 28600 us total, 11463 us display, type 3
frame 3081: 29022 us total, 11462 us display, type 3
frame 3082: 28757 us total, 11467 us display, type 3
frame 3083: 31819 us total, 11616 us display, type 3
frame 3084: 29154 us total, 11463 us display, type 3
frame 3085: 28067 us total, 11749 us display, type 3
frame 3086: 26767 us total, 11462 us display, type 3
frame 3087: 27943 us total, 11459 us display, type 3
frame 3088: 28877 us total, 11463 us display, type 3
frame 3089: 29177 us total, 11468 us display, type 3
frame 3090: 29638 us total, 11829 us display, type 3
frame 3091: 27650 us total, 11472 us display, type 3
frame 3092: 29159 us total, 11461 us display, type 3
frame 3093: 28568 us total, 11815 us display, type 3
frame 3094: 29528 us total, 11472 us display, type 3
frame 3095: 30490 us total, 11466 us display, type 3
frame 3096: 29054 us total, 11738 us display, type 3
frame 3097: 30005 us total, 11649 us display, type 3
frame 3098: 29995 us total, 11665 us display, type 3
frame 3099: 29073 us total, 11687 us display, type 3
frame 3100: 30000 us total, 11760 us display, type 3
frame 3101: 30000 us total, 11745 us display, type 3
frame 3102: 28145 us total, 11773 us display, type 3
frame 3103: 29999 us total, 11780 us display, type 3
frame 3104: 28144 us total, 11848 us display, type 3
frame 3105: 29994 us total, 11672 us display, type 3
frame 3106: 30000 us total, 11717 us display, type 3
frame 3107: 27450 us total, 11459 us display, type 3
frame 3108: 30080 us total, 11462 us display, type 3
frame 3109: 30256 us total, 11456 us display, type 3
frame 3110: 26670 us total, 11468 us display, type 3
frame 3111: 29822 us total, 11734 us display, type 3
frame 3112: 27289 us total, 11469 us display, type 3
frame 3113: 29954 us total, 11466 us display, type 3
frame 3114: 29259 us total, 11475 us display, type 3
frame 3115: 27931 us total, 11569 us display, type 3
frame 3116: 28472 us total, 11476 us display, type 3
frame 3117: 28747 us total, 11649 us display, type 3
frame 3118: 27290 us total, 11465 us display, type 3
frame 3119: 28358 us total, 11465 us display, type 3
frame 3120: 30415 us total, 11458 us display, type 3
frame 3121: 30564 us total, 11464 us display, type 3
frame 3122: 29283 us total, 11474 us display, type 3
frame 3123: 27436 us total, 11806 us display, type 3
frame 3124: 30004 us total, 11541 us display, type 3
frame 3125: 29990 us total, 11494 us display, type 3
frame 3126: 26798 us total, 11473 us display, type 3
frame 3127: 29729 us total, 11473 us display, type 3
frame 3128: 27919 us total, 11686 us display, type 3
frame 3129: 29575 us total, 11477 us display, type 3
frame 3130: 29779 us total, 11473 us display, type 3
frame 3131: 27865 us total, 11808 us display, type 3
frame 3132: 29998 us total, 11489 us display, type 3
frame 3133: 30233 us total, 11473 us display, type 3
frame 3134: 28163 us total, 11477 us display, type 3
frame 3135: 29983 us total, 11479 us display, type 3
frame 3136: 28049 us total, 11460 us display, type 3
frame 3137: 30188 us total, 11460 us display, type 3
frame 3138: 30528 us total, 11467 us display, type 3
frame 3139: 28084 us total, 11462 us display, type 3
frame 3140: 29113 us total, 11816 us display, type 3
frame 3141: 28993 us total, 11597 us display, type 3
frame 3142: 28156 us total, 11663 us display, type 3
frame 3143: 29592 us total, 11470 us display, type 3
frame 3144: 29828 us total, 11476 us display, type 3
frame 3145: 28946 us total, 11461 us display, type 3
frame 3146: 28918 us total, 11469 us display, type 3
frame 3147: 29012 us total, 11623 us display, type 3
frame 3148: 29494 us total, 11479 us display, type 3
frame 3149: 29143 us total, 11466 us display, type 3
frame 3150: 27141 us total, 11466 us display, type 3
frame 3151: 27509 us total, 11461 us display, type 3
frame 3152: 26336 us total, 11719 us display, type 3
frame 3153: 29074 us total, 11795 us display, type 3
frame 3154: 27728 us total, 11468 us display, type 3
frame 3155: 27635 us total, 11601 us display, type 3
frame 3156: 31873 us total, 11740 us display, type 3
frame 3157: 27208 us total, 11584 us display, type 3
frame 3158: 29185 us total, 11468 us display, type 3
frame 3159: 29630 us total, 11645 us display, type 3
frame 3160: 27403 us total, 11468 us display, type 3
frame 3161: 29539 us total, 11467 us display, type 3
frame 3162: 29663 us total, 11465 us display, type 3
frame 3163: 27420 us total, 11470 us display, type 3
frame 3164: 29889 us total, 11461 us display, type 3
frame 3165: 27833 us total, 11583 us display, type 3
frame 3166: 29497 us total, 11462 us display, type 3
frame 3167: 30513 us total, 11725 us display, type 3
frame 3168: 28437 us total, 11466 us display, type 3
frame 3169: 30629 us total, 11499 us display, type 3
frame 3170: 30930 us total, 11503 us display, type 3
frame 3171: 29223 us total, 11464 us display, type 3
frame 3172: 32052 us total, 11475 us display, type 3
frame 3173: 32577 us total, 11469 us display, type 3
frame 3174: 29478 us total, 11465 us display, type 3
frame 3175: 32538 us total, 11466 us display, type 3
frame 3176: 32183 us total, 11661 us display, type 3
frame 3177: 30097 us total, 11628 us display, type 3
frame 3178: 33140 us total, 11848 us display, type 3
frame 3179: 33712 us total, 11586 us display, type 3
frame 3180: 29122 us total, 11462 us display, type 3
frame 3181: 32225 us total, 11466 us display, type 3
frame 3182: 31723 us total, 11463 us display, type 3
frame 3183: 27352 us total, 11466 us display, type 3
frame 3184: 29086 us total, 11467 us display, type 3
frame 3185: 28915 us total, 11470 us display, type 3
frame 3186: 26997 us total, 11472 us display, type 3
frame 3187: 28423 us total, 11478 us display, type 3
frame 3188: 26976 us total, 11468 us display, type 3
frame 3189: 28934 us total, 11470 us display, type 3
frame 3190: 28140 us total, 11814 us display, type 3
frame 3191: 27267 us total, 11465 us display, type 3
frame 3192: 31875 us total, 11464 us display, type 3
frame 3193: 30254 us total, 11461 us display, type 3
frame 3194: 28628 us total, 11670 us display, type 3
frame 3195: 30359 us total, 11472 us display, type 3
frame 3196: 27859 us total, 11461 us display, type 3
frame 3197: 30185 us total, 11462 us display, type 3
frame 3198: 28824 us total, 11499 us display, type 3
frame 3199: 27625 us total, 11472 us display, type 3
profile (avg of 128 frames, ms): logic+bsp 10.0 wait-fb 0.0 vp-mark 0.9 flats 3.4 columns 11.0 fuzz 0.0
frame 3200: 30516 us total, 11536 us display, type 3
frame 3201: 30004 us total, 11774 us display, type 3
frame 3202: 27219 us total, 11464 us display, type 3
frame 3203: 29994 us total, 11590 us display, type 3
frame 3204: 27726 us total, 11457 us display, type 3
frame 3205: 29721 us total, 11463 us display, type 3
frame 3206: 30696 us total, 11713 us display, type 3
frame 3207: 26955 us total, 11456 us display, type 3
frame 3208: 29778 us total, 11457 us display, type 3
frame 3209: 29874 us total, 11456 us display, type 3
frame 3210: 26196 us total, 11461 us display, type 3
frame 3211: 29759 us total, 11472 us display, type 3
frame 3212: 28013 us total, 11718 us display, type 3
frame 3213: 29993 us total, 11710 us display, type 3
frame 3214: 30000 us total, 11789 us display, type 3
frame 3215: 27386 us total, 11469 us display, type 3
frame 3216: 29217 us total, 11478 us display, type 3
frame 3217: 28848 us total, 11641 us display, type 3
frame 3218: 26025 us total, 11469 us display, type 3
frame 3219: 28155 us total, 11496 us display, type 3
frame 3220: 26525 us total, 11463 us display, type 3
frame 3221: 27915 us total, 11579 us display, type 3
frame 3222: 25360 us total, 11831 us display, type 3
frame 3223: 22773 us total, 11465 us display, type 3
frame 3224: 22226 us total, 11664 us display, type 3
frame 3225: 21492 us total, 11718 us display, type 3
frame 3226: 23496 us total, 11507 us display, type 3
frame 3227: 27810 us total, 11447 us display, type 3
frame 3228: 27387 us total, 11661 us display, type 3
frame 3229: 27443 us total, 11445 us display, type 3
frame 3230: 28186 us total, 11454 us display, type 3
frame 3231: 28261 us total, 11447 us display, type 3
frame 3232: 28905 us total, 11448 us display, type 3
frame 3233: 28256 us total, 11481 us display, type 3
frame 3234: 28197 us total, 11439 us display, type 3
frame 3235: 28745 us total, 11456 us display, type 3
frame 3236: 29178 us total, 11439 us display, type 3
frame 3237: 28210 us total, 11440 us display, type 3
frame 3238: 28668 us total, 11704 us display, type 3
frame 3239: 28358 us total, 11440 us display, type 3
frame 3240: 28183 us total, 11448 us display, type 3
frame 3241: 29210 us total, 11451 us display, type 3
frame 3242: 27614 us total, 11468 us display, type 3
frame 3243: 29164 us total, 11448 us display, type 3
frame 3244: 27574 us total, 11439 us display, type 3
frame 3245: 28356 us total, 11447 us display, type 3
frame 3246: 28522 us total, 11811 us display, type 3
frame 3247: 27199 us total, 11440 us display, type 3
frame 3248: 29300 us total, 11441 us display, type 3
frame 3249: 27114 us total, 11448 us display, type 3
frame 3250: 29332 us total, 11447 us display, type 3
frame 3251: 29426 us total, 11441 us display, type 3
frame 3252: 27498 us total, 11531 us display, type 3
frame 3253: 28250 us total, 11447 us display, type 3
frame 3254: 27379 us total, 11439 us display, type 3
frame 3255: 28476 us total, 11499 us display, type 3
frame 3256: 30097 us total, 11441 us display, type 3
frame 3257: 29903 us total, 11563 us display, type 3
frame 3258: 29536 us total, 11441 us display, type 3
frame 3259: 28588 us total, 11753 us display, type 3
frame 3260: 28609 us total, 11440 us display, type 3
frame 3261: 27780 us total, 11447 us display, type 3
frame 3262: 29368 us total, 11452 us display, type 3
frame 3263: 27915 us total, 11447 us display, type 3
frame 3264: 29166 us total, 11509 us display, type 3
frame 3265: 28782 us total, 11440 us display, type 3
frame 3266: 28369 us total, 11446 us display, type 3
frame 3267: 28546 us total, 11442 us display, type 3
frame 3268: 28340 us total, 11670 us display, type 3
frame 3269: 29037 us total, 11788 us display, type 3
frame 3270: 27379 us total, 11440 us display, type 3
frame 3271: 29987 us total, 11441 us display, type 3
frame 3272: 30782 us total, 11452 us display, type 3
frame 3273: 30467 us total, 11456 us display, type 3
frame 3274: 29512 us total, 11509 us display, type 3
frame 3275: 28370 us total, 11461 us display, type 3
frame 3276: 29105 us total, 11465 us display, type 3
frame 3277: 28856 us total, 11792 us display, type 3
frame 3278: 29093 us total, 11573 us display, type 3
frame 3279: 30010 us total, 11724 us display, type 3
frame 3280: 28647 us total, 11669 us display, type 3
frame 3281: 31351 us total, 11779 us display, type 3
frame 3282: 28631 us total, 11664 us display, type 3
frame 3283: 26590 us total, 11469 us display, type 3
frame 3284: 26516 us total, 11459 us display, type 3
frame 3285: 29118 us total, 11461 us display, type 3
frame 3286: 29925 us total, 11469 us display, type 3
frame 3287: 27397 us total, 11459 us display, type 3
frame 3288: 27965 us total, 11460 us display, type 3
frame 3289: 27926 us total, 11803 us display, type 3
frame 3290: 28323 us total, 11463 us display, type 3
frame 3291: 27456 us total, 11458 us display, type 3
frame 3292: 28653 us total, 11802 us display, type 3
frame 3293: 32133 us total, 11466 us display, type 3
frame 3294: 31051 us total, 11461 us display, type 3
frame 3295: 31468 us total, 11663 us display, type 3
frame 3296: 30928 us total, 11814 us display, type 3
frame 3297: 28569 us total, 11461 us display, type 3
frame 3298: 29704 us total, 11483 us display, type 3
frame 3299: 30208 us total, 11465 us display, type 3
frame 3300: 29232 us total, 11463 us display, type 3
frame 3301: 30574 us total, 11489 us display, type 3
frame 3302: 30828 us total, 11655 us display, type 3
frame 3303: 30007 us total, 11652 us display, type 3
frame 3304: 30493 us total, 11657 us display, type 3
frame 3305: 29812 us total, 11660 us display, type 3
frame 3306: 30567 us total, 11831 us display, type 3
frame 3307: 30330 us total, 11474 us display, type 3
frame 3308: 30066 us total, 11478 us display, type 3
frame 3309: 30536 us total, 11605 us display, type 3
frame 3310: 29997 us total, 11740 us display, type 3
frame 3311: 29528 us total, 11471 us display, type 3
frame 3312: 29684 us total, 11470 us display, type 3
frame 3313: 29276 us total, 11651 us display, type 3
frame 3314: 28736 us total, 11473 us display, type 3
frame 3315: 28417 us total, 11465 us display, type 3
frame 3316: 28444 us total, 11468 us display, type 3
frame 3317: 28333 us total, 11483 us display, type 3
frame 3318: 28468 us total, 11468 us display, type 3
frame 3319: 29094 us total, 11473 us display, type 3
frame 3320: 28734 us total, 11501 us display, type 3
frame 3321: 28546 us total, 11478 us display, type 3
frame 3322: 30963 us total, 11482 us display, type 3
frame 3323: 30086 us total, 11475 us display, type 3
frame 3324: 28554 us total, 11468 us display, type 3
frame 3325: 29988 us total, 11693 us display, type 3
frame 3326: 30003 us total, 11820 us display, type 3
frame 3327: 26911 us total, 11645 us display, type 3
profile (avg of 128 frames, ms): logic+bsp 7.1 wait-fb 0.0 vp-mark 1.1 flats 2.8 columns 9.5 fuzz 0.0
frame 3328: 30305 us total, 11599 us display, type 3
audio: 70 underruns, 34 ms queued
mem @frame 3328: heap free 46412, largest 20992, min ever 46004, zone free 39772, display stack free 4368, uptime 99 s, gamestate 0, demo 1, usergame 0, tic 3363
frame 3329: 30930 us total, 11780 us display, type 3
frame 3330: 29072 us total, 11786 us display, type 3
frame 3331: 30925 us total, 11531 us display, type 3
frame 3332: 31856 us total, 11708 us display, type 3
frame 3333: 30886 us total, 11755 us display, type 3
frame 3334: 31893 us total, 11680 us display, type 3
frame 3335: 32096 us total, 11464 us display, type 3
frame 3336: 31656 us total, 11795 us display, type 3
frame 3337: 32574 us total, 11454 us display, type 3
frame 3338: 33117 us total, 11577 us display, type 3
frame 3339: 31338 us total, 11471 us display, type 3
frame 3340: 32866 us total, 11470 us display, type 3
frame 3341: 33219 us total, 11584 us display, type 3
frame 3342: 33601 us total, 11459 us display, type 3
frame 3343: 32569 us total, 11460 us display, type 3
frame 3344: 35133 us total, 11468 us display, type 3
frame 3345: 36606 us total, 11471 us display, type 3
frame 3346: 35594 us total, 11559 us display, type 3
frame 3347: 35175 us total, 11461 us display, type 3
frame 3348: 37490 us total, 11464 us display, type 3
frame 3349: 36046 us total, 11541 us display, type 3
frame 3350: 34161 us total, 11468 us display, type 3
frame 3351: 33184 us total, 11466 us display, type 3
frame 3352: 33501 us total, 11476 us display, type 3
frame 3353: 31840 us total, 11472 us display, type 3
frame 3354: 30970 us total, 11475 us display, type 3
frame 3355: 30750 us total, 11472 us display, type 3
frame 3356: 32454 us total, 11712 us display, type 3
frame 3357: 31853 us total, 11847 us display, type 3
frame 3358: 32179 us total, 11460 us display, type 3
frame 3359: 31658 us total, 11476 us display, type 3
frame 3360: 29924 us total, 11460 us display, type 3
frame 3361: 26430 us total, 11471 us display, type 3
frame 3362: 28059 us total, 11469 us display, type 3
frame 3363: 27201 us total, 11465 us display, type 3
frame 3364: 28271 us total, 11463 us display, type 3
frame 3365: 27930 us total, 11718 us display, type 3
frame 3366: 28499 us total, 11470 us display, type 3
frame 3367: 29639 us total, 11672 us display, type 3
frame 3368: 28630 us total, 11465 us display, type 3
frame 3369: 29217 us total, 11465 us display, type 3
frame 3370: 28920 us total, 11465 us display, type 3
frame 3371: 28428 us total, 11612 us display, type 3
frame 3372: 29472 us total, 11457 us display, type 3
frame 3373: 28683 us total, 11611 us display, type 3
frame 3374: 29998 us total, 11771 us display, type 3
frame 3375: 29098 us total, 11464 us display, type 3
frame 3376: 29050 us total, 11845 us display, type 3
frame 3377: 29565 us total, 11476 us display, type 3
frame 3378: 29626 us total, 11463 us display, type 3
frame 3379: 28214 us total, 11467 us display, type 3
frame 3380: 28962 us total, 11466 us display, type 3
frame 3381: 28992 us total, 11649 us display, type 3
frame 3382: 26489 us total, 11455 us display, type 3
frame 3383: 27139 us total, 11471 us display, type 3
frame 3384: 26942 us total, 11661 us display, type 3
frame 3385: 27295 us total, 11464 us display, type 3
frame 3386: 27195 us total, 11465 us display, type 3
frame 3387: 28513 us total, 11461 us display, type 3
frame 3388: 27771 us total, 11471 us display, type 3
frame 3389: 27071 us total, 11742 us display, type 3
frame 3390: 29004 us total, 11669 us display, type 3
frame 3391: 28143 us total, 11812 us display, type 3
frame 3392: 29610 us total, 11470 us display, type 3
frame 3393: 29790 us total, 11468 us display, type 3
frame 3394: 28750 us total, 11720 us display, type 3
frame 3395: 30000 us total, 11625 us display, type 3
frame 3396: 30193 us total, 11469 us display, type 3
frame 3397: 28878 us total, 11795 us display, type 3
frame 3398: 29073 us total, 11833 us display, type 3
frame 3399: 28581 us total, 11458 us display, type 3
frame 3400: 26641 us total, 11459 us display, type 3
frame 3401: 28868 us total, 11461 us display, type 3
frame 3402: 26973 us total, 11457 us display, type 3
frame 3403: 28172 us total, 11463 us display, type 3
frame 3404: 32333 us total, 11461 us display, type 3
frame 3405: 28198 us total, 11465 us display, type 3
frame 3406: 29226 us total, 11467 us display, type 3
frame 3407: 27867 us total, 11570 us display, type 3
frame 3408: 30399 us total, 11463 us display, type 3
frame 3409: 30525 us total, 11806 us display, type 3
frame 3410: 26781 us total, 11459 us display, type 3
frame 3411: 29984 us total, 11478 us display, type 3
frame 3412: 30448 us total, 11755 us display, type 3
frame 3413: 28146 us total, 11629 us display, type 3
frame 3414: 31362 us total, 11469 us display, type 3
frame 3415: 31419 us total, 11657 us display, type 3
frame 3416: 30004 us total, 11795 us display, type 3
frame 3417: 29569 us total, 11466 us display, type 3
frame 3418: 28595 us total, 11469 us display, type 3
frame 3419: 29505 us total, 11457 us display, type 3
frame 3420: 29603 us total, 11459 us display, type 3
frame 3421: 29653 us total, 11639 us display, type 3
frame 3422: 29363 us total, 11774 us display, type 3
frame 3423: 29076 us total, 11675 us display, type 3
frame 3424: 27573 us total, 11463 us display, type 3
frame 3425: 28849 us total, 11459 us display, type 3
frame 3426: 27854 us total, 11632 us display, type 3
frame 3427: 28208 us total, 11472 us display, type 3
frame 3428: 29008 us total, 11605 us display, type 3
frame 3429: 28145 us total, 11708 us display, type 3
frame 3430: 28363 us total, 11474 us display, type 3
frame 3431: 29777 us total, 11823 us display, type 3
frame 3432: 27319 us total, 11473 us display, type 3
frame 3433: 28216 us total, 11455 us display, type 3
frame 3434: 26285 us total, 11462 us display, type 3
frame 3435: 27825 us total, 11574 us display, type 3
frame 3436: 27247 us total, 11463 us display, type 3
frame 3437: 27338 us total, 11462 us display, type 3
frame 3438: 27299 us total, 11456 us display, type 3
frame 3439: 27060 us total, 11790 us display, type 3
frame 3440: 30139 us total, 11455 us display, type 3
frame 3441: 28694 us total, 11605 us display, type 3
frame 3442: 28150 us total, 11684 us display, type 3
frame 3443: 29290 us total, 11458 us display, type 3
frame 3444: 27925 us total, 11505 us display, type 3
frame 3445: 29203 us total, 11475 us display, type 3
frame 3446: 28944 us total, 11759 us display, type 3
frame 3447: 28442 us total, 11471 us display, type 3
frame 3448: 29864 us total, 11466 us display, type 3
frame 3449: 28110 us total, 11478 us display, type 3
frame 3450: 27597 us total, 11455 us display, type 3
frame 3451: 28399 us total, 11816 us display, type 3
frame 3452: 26548 us total, 11461 us display, type 3
frame 3453: 29307 us total, 11464 us display, type 3
frame 3454: 26852 us total, 11474 us display, type 3
frame 3455: 28965 us total, 11467 us display, type 3
profile (avg of 128 frames, ms): logic+bsp 8.1 wait-fb 0.0 vp-mark 2.2 flats 4.6 columns 11.5 fuzz 0.1
frame 3456: 29276 us total, 11467 us display, type 3
frame 3457: 26576 us total, 11452 us display, type 3
frame 3458: 27621 us total, 11793 us display, type 3
frame 3459: 27003 us total, 11542 us display, type 3
frame 3460: 28668 us total, 11460 us display, type 3
frame 3461: 30503 us total, 11464 us display, type 3
frame 3462: 27190 us total, 11820 us display, type 3
frame 3463: 29083 us total, 11667 us display, type 3
frame 3464: 29071 us total, 11842 us display, type 3
frame 3465: 28288 us total, 11641 us display, type 3
frame 3466: 28921 us total, 11715 us display, type 3
frame 3467: 26579 us total, 11447 us display, type 3
frame 3468: 30802 us total, 11461 us display, type 3
frame 3469: 29647 us total, 11463 us display, type 3
frame 3470: 27187 us total, 11534 us display, type 3
frame 3471: 29141 us total, 11574 us display, type 3
frame 3472: 27204 us total, 11709 us display, type 3
frame 3473: 30114 us total, 11464 us display, type 3
frame 3474: 28103 us total, 11467 us display, type 3
frame 3475: 28369 us total, 11467 us display, type 3
frame 3476: 31006 us total, 11470 us display, type 3
frame 3477: 34329 us total, 11472 us display, type 3
frame 3478: 29016 us total, 11482 us display, type 3
frame 3479: 30925 us total, 11769 us display, type 3
frame 3480: 30063 us total, 11473 us display, type 3
frame 3481: 29404 us total, 11459 us display, type 3
frame 3482: 30536 us total, 11648 us display, type 3
frame 3483: 30010 us total, 11478 us display, type 3
frame 3484: 29583 us total, 11468 us display, type 3
frame 3485: 32257 us total, 11534 us display, type 3
frame 3486: 30546 us total, 11471 us display, type 3
frame 3487: 29474 us total, 11462 us display, type 3
frame 3488: 30905 us total, 11722 us display, type 3
frame 3489: 30935 us total, 11763 us display, type 3
frame 3490: 29567 us total, 11471 us display, type 3
frame 3491: 32131 us total, 11471 us display, type 3
frame 3492: 31468 us total, 11454 us display, type 3
frame 3493: 29224 us total, 11454 us display, type 3
frame 3494: 30708 us total, 11470 us display, type 3
frame 3495: 29068 us total, 11455 us display, type 3
frame 3496: 30523 us total, 11466 us display, type 3
frame 3497: 30390 us total, 11467 us display, type 3
frame 3498: 28664 us total, 11464 us display, type 3
frame 3499: 30324 us total, 11478 us display, type 3
frame 3500: 31804 us total, 11848 us display, type 3
frame 3501: 28347 us total, 11456 us display, type 3
frame 3502: 30996 us total, 11463 us display, type 3
frame 3503: 30659 us total, 11505 us display, type 3
frame 3504: 30445 us total, 11462 us display, type 3
frame 3505: 30826 us total, 11671 us display, type 3
frame 3506: 29654 us total, 11801 us display, type 3
frame 3507: 29044 us total, 11839 us display, type 3
frame 3508: 29216 us total, 11472 us display, type 3
frame 3509: 29761 us total, 11463 us display, type 3
frame 3510: 28089 us total, 11473 us display, type 3
frame 3511: 28163 us total, 11479 us display, type 3
frame 3512: 28151 us total, 11816 us display, type 3
frame 3513: 28378 us total, 11468 us display, type 3
frame 3514: 28250 us total, 11476 us display, type 3
frame 3515: 29658 us total, 11600 us display, type 3
frame 3516: 28590 us total, 11478 us display, type 3
frame 3517: 28046 us total, 11668 us display, type 3
frame 3518: 28725 us total, 11732 us display, type 3
frame 3519: 28675 us total, 11457 us display, type 3
frame 3520: 28267 us total, 11462 us display, type 3
frame 3521: 29398 us total, 11788 us display, type 3
frame 3522: 28232 us total, 11465 us display, type 3
frame 3523: 29978 us total, 11474 us display, type 3
frame 3524: 28827 us total, 11465 us display, type 3
frame 3525: 29043 us total, 11518 us display, type 3
frame 3526: 28403 us total, 11472 us display, type 3
frame 3527: 28214 us total, 11477 us display, type 3
frame 3528: 27884 us total, 11460 us display, type 3
frame 3529: 28458 us total, 11460 us display, type 3
frame 3530: 27466 us total, 11468 us display, type 3
frame 3531: 28998 us total, 11466 us display, type 3
frame 3532: 26953 us total, 11465 us display, type 3
frame 3533: 28627 us total, 11715 us display, type 3
frame 3534: 29194 us total, 11473 us display, type 3
frame 3535: 29292 us total, 11465 us display, type 3
frame 3536: 28823 us total, 11463 us display, type 3
frame 3537: 28978 us total, 11469 us display, type 3
frame 3538: 28148 us total, 11541 us display, type 3
frame 3539: 30105 us total, 11464 us display, type 3
frame 3540: 28922 us total, 11719 us display, type 3
frame 3541: 27925 us total, 11466 us display, type 3
frame 3542: 27748 us total, 11466 us display, type 3
frame 3543: 27717 us total, 11616 us display, type 3
frame 3544: 29226 us total, 11464 us display, type 3
frame 3545: 28924 us total, 11673 us display, type 3
frame 3546: 29072 us total, 11782 us display, type 3
frame 3547: 29276 us total, 11470 us display, type 3
frame 3548: 28960 us total, 11462 us display, type 3
frame 3549: 29476 us total, 11465 us display, type 3
frame 3550: 28609 us total, 11476 us display, type 3
frame 3551: 28692 us total, 11672 us display, type 3
frame 3552: 28488 us total, 11705 us display, type 3
frame 3553: 29088 us total, 11466 us display, type 3
frame 3554: 28417 us total, 11456 us display, type 3
frame 3555: 29729 us total, 11463 us display, type 3
frame 3556: 28245 us total, 11470 us display, type 3
frame 3557: 27873 us total, 11597 us display, type 3
frame 3558: 29075 us total, 11817 us display, type 3
frame 3559: 28570 us total, 11470 us display, type 3
frame 3560: 28646 us total, 11598 us display, type 3
frame 3561: 28489 us total, 11470 us display, type 3
frame 3562: 27797 us total, 11788 us display, type 3
frame 3563: 28605 us total, 11458 us display, type 3
frame 3564: 27351 us total, 11466 us display, type 3
frame 3565: 27396 us total, 11536 us display, type 3
frame 3566: 28152 us total, 11844 us display, type 3
frame 3567: 26300 us total, 11468 us display, type 3
frame 3568: 30905 us total, 11753 us display, type 3
frame 3569: 27219 us total, 11518 us display, type 3
frame 3570: 27479 us total, 11463 us display, type 3
frame 3571: 28968 us total, 11458 us display, type 3
frame 3572: 26853 us total, 11534 us display, type 3
frame 3573: 29052 us total, 11704 us display, type 3
frame 3574: 27577 us total, 11463 us display, type 3
frame 3575: 29774 us total, 11466 us display, type 3
frame 3576: 29017 us total, 11460 us display, type 3
frame 3577: 27209 us total, 11531 us display, type 3
frame 3578: 29355 us total, 11465 us display, type 3
frame 3579: 31067 us total, 11464 us display, type 3
frame 3580: 27326 us total, 11467 us display, type 3
frame 3581: 28372 us total, 11460 us display, type 3
frame 3582: 27643 us total, 11467 us display, type 3
frame 3583: 29682 us total, 11758 us display, type 3
profile (avg of 128 frames, ms): logic+bsp 7.9 wait-fb 0.0 vp-mark 2.0 flats 4.1 columns 11.5 fuzz 0.0
frame 3584: 30401 us total, 11462 us display, type 3
audio: 70 underruns, 58 ms queued
mem @frame 3584: heap free 46412, largest 20992, min ever 46004, zone free 40716, display stack free 4368, uptime 106 s, gamestate 0, demo 1, usergame 0, tic 3626
frame 3585: 28949 us total, 11464 us display, type 3
frame 3586: 29772 us total, 11468 us display, type 3
frame 3587: 29317 us total, 11468 us display, type 3
frame 3588: 28680 us total, 11671 us display, type 3
frame 3589: 29327 us total, 11465 us display, type 3
frame 3590: 28824 us total, 11641 us display, type 3
frame 3591: 29202 us total, 11467 us display, type 3
frame 3592: 28935 us total, 11662 us display, type 3
frame 3593: 28192 us total, 11475 us display, type 3
frame 3594: 29026 us total, 11793 us display, type 3
frame 3595: 28147 us total, 11686 us display, type 3
frame 3596: 27269 us total, 11470 us display, type 3
frame 3597: 27927 us total, 11622 us display, type 3
frame 3598: 27225 us total, 11468 us display, type 3
frame 3599: 27575 us total, 11467 us display, type 3
frame 3600: 26355 us total, 11673 us display, type 3
frame 3601: 27779 us total, 11465 us display, type 3
frame 3602: 27480 us total, 11466 us display, type 3
frame 3603: 26924 us total, 11459 us display, type 3
frame 3604: 27837 us total, 11582 us display, type 3
frame 3605: 26618 us total, 11461 us display, type 3
frame 3606: 29251 us total, 11460 us display, type 3
frame 3607: 28288 us total, 11452 us display, type 3
frame 3608: 27834 us total, 11449 us display, type 3
frame 3609: 29091 us total, 11453 us display, type 3
frame 3610: 26746 us total, 11564 us display, type 3
frame 3611: 27400 us total, 11452 us display, type 3
frame 3612: 28434 us total, 11463 us display, type 3
frame 3613: 26638 us total, 11459 us display, type 3
frame 3614: 29544 us total, 11460 us display, type 3
frame 3615: 27659 us total, 11439 us display, type 3
frame 3616: 26310 us total, 11487 us display, type 3
frame 3617: 27514 us total, 11450 us display, type 3
frame 3618: 28090 us total, 11440 us display, type 3
frame 3619: 29703 us total, 11442 us display, type 3
frame 3620: 28393 us total, 11438 us display, type 3
frame 3621: 27352 us total, 11450 us display, type 3
frame 3622: 29814 us total, 11471 us display, type 3
frame 3623: 27305 us total, 11439 us display, type 3
frame 3624: 29982 us total, 11448 us display, type 3
frame 3625: 28849 us total, 11446 us display, type 3
frame 3626: 26154 us total, 11708 us display, type 3
frame 3627: 34559 us total, 11439 us display, type 3
frame 3628: 30703 us total, 11448 us display, type 3
frame 3629: 30441 us total, 11458 us display, type 3
frame 3630: 33197 us total, 11469 us display, type 3
frame 3631: 36354 us total, 11473 us display, type 3
frame 3632: 34981 us total, 11454 us display, type 3
frame 3633: 38838 us total, 11515 us display, type 3
frame 3634: 38909 us total, 11638 us display, type 3
frame 3635: 41325 us total, 11464 us display, type 3
frame 3636: 37504 us total, 11477 us display, type 3
frame 3637: 37433 us total, 11463 us display, type 3
frame 3638: 35555 us total, 11467 us display, type 3
frame 3639: 37073 us total, 11471 us display, type 3
frame 3640: 37568 us total, 11570 us display, type 3
frame 3641: 40141 us total, 11461 us display, type 3
frame 3642: 37651 us total, 11791 us display, type 3
frame 3643: 34873 us total, 11463 us display, type 3
frame 3644: 39431 us total, 11464 us display, type 3
frame 3645: 37910 us total, 11455 us display, type 3
frame 3646: 37348 us total, 11478 us display, type 3
frame 3647: 43578 us total, 11816 us display, type 3
frame 3648: 38857 us total, 11464 us display, type 3
frame 3649: 36143 us total, 11557 us display, type 3
frame 3650: 40021 us total, 11456 us display, type 3
frame 3651: 37912 us total, 11460 us display, type 3
frame 3652: 39886 us total, 11665 us display, type 3
frame 3653: 41957 us total, 11466 us display, type 3
frame 3654: 39216 us total, 11465 us display, type 3
frame 3655: 37393 us total, 11477 us display, type 3
frame 3656: 39483 us total, 11462 us display, type 3
frame 3657: 40062 us total, 11748 us display, type 3
frame 3658: 42711 us total, 11464 us display, type 3
frame 3659: 41462 us total, 11462 us display, type 3
frame 3660: 43184 us total, 11463 us display, type 3
frame 3661: 43215 us total, 11692 us display, type 3
frame 3662: 44129 us total, 11471 us display, type 3
frame 3663: 43110 us total, 11470 us display, type 3
frame 3664: 44422 us total, 11463 us display, type 3
frame 3665: 42836 us total, 11470 us display, type 3
frame 3666: 42521 us total, 11467 us display, type 3
frame 3667: 42770 us total, 11681 us display, type 3
frame 3668: 43264 us total, 11469 us display, type 3
frame 3669: 42128 us total, 11475 us display, type 3
frame 3670: 44369 us total, 11463 us display, type 3
frame 3671: 41009 us total, 11480 us display, type 3
frame 3672: 42935 us total, 11700 us display, type 3
frame 3673: 39803 us total, 11459 us display, type 3
frame 3674: 41688 us total, 11675 us display, type 3
frame 3675: 39646 us total, 11469 us display, type 3
frame 3676: 38935 us total, 11455 us display, type 3
frame 3677: 40492 us total, 11560 us display, type 3
frame 3678: 40371 us total, 11490 us display, type 3
frame 3679: 40857 us total, 11465 us display, type 3
frame 3680: 39913 us total, 11462 us display, type 3
frame 3681: 40666 us total, 11466 us display, type 3
frame 3682: 39442 us total, 11468 us display, type 3
frame 3683: 37830 us total, 11807 us display, type 3
frame 3684: 40354 us total, 11844 us display, type 3
frame 3685: 39027 us total, 11460 us display, type 3
frame 3686: 38765 us total, 11537 us display, type 3
frame 3687: 40367 us total, 11744 us display, type 3
frame 3688: 38385 us total, 11479 us display, type 3
frame 3689: 39389 us total, 11494 us display, type 3
frame 3690: 37174 us total, 11468 us display, type 3
frame 3691: 39685 us total, 11472 us display, type 3
frame 3692: 39485 us total, 11653 us display, type 3
frame 3693: 36849 us total, 11469 us display, type 3
frame 3694: 37604 us total, 11466 us display, type 3
frame 3695: 37233 us total, 11469 us display, type 3
frame 3696: 35381 us total, 11471 us display, type 3
frame 3697: 35666 us total, 11647 us display, type 3
frame 3698: 35562 us total, 11575 us display, type 3
frame 3699: 37040 us total, 11675 us display, type 3
frame 3700: 35178 us total, 11781 us display, type 3
frame 3701: 35928 us total, 11462 us display, type 3
frame 3702: 36616 us total, 11474 us display, type 3
frame 3703: 37696 us total, 11461 us display, type 3
frame 3704: 37906 us total, 11737 us display, type 3
frame 3705: 35669 us total, 11467 us display, type 3
frame 3706: 42111 us total, 11519 us display, type 3
frame 3707: 42226 us total, 11599 us display, type 3
frame 3708: 42531 us total, 11474 us display, type 3
frame 3709: 38106 us total, 11488 us display, type 3
frame 3710: 36217 us total, 11667 us display, type 3
frame 3711: 34994 us total, 11790 us display, type 3
profile (avg of 128 frames, ms): logic+bsp 9.7 wait-fb 0.0 vp-mark 1.4 flats 4.0 columns 13.3 fuzz 0.0
frame 3712: 35963 us total, 11464 us display, type 3
frame 3713: 36257 us total, 11571 us display, type 3
frame 3714: 36483 us total, 11833 us display, type 3
frame 3715: 37017 us total, 11475 us display, type 3
frame 3716: 35207 us total, 11514 us display, type 3
frame 3717: 36848 us total, 11475 us display, type 3
frame 3718: 36647 us total, 11470 us display, type 3
frame 3719: 35662 us total, 11458 us display, type 3
frame 3720: 35039 us total, 11662 us display, type 3
frame 3721: 34971 us total, 11462 us display, type 3
frame 3722: 33681 us total, 11484 us display, type 3
frame 3723: 40399 us total, 11465 us display, type 3
frame 3724: 33635 us total, 11459 us display, type 3
frame 3725: 32049 us total, 11773 us display, type 3
frame 3726: 34091 us total, 11463 us display, type 3
frame 3727: 35628 us total, 11463 us display, type 3
frame 3728: 31340 us total, 11716 us display, type 3
frame 3729: 34668 us total, 11464 us display, type 3
frame 3730: 34952 us total, 11466 us display, type 3
frame 3731: 34816 us total, 11455 us display, type 3
frame 3732: 33348 us total, 11546 us display, type 3
frame 3733: 33381 us total, 11453 us display, type 3
frame 3734: 33398 us total, 11470 us display, type 3
frame 3735: 31216 us total, 11474 us display, type 3
frame 3736: 34370 us total, 11458 us display, type 3
frame 3737: 32643 us total, 11774 us display, type 3
frame 3738: 35803 us total, 11649 us display, type 3
frame 3739: 31779 us total, 11497 us display, type 3
frame 3740: 34092 us total, 11464 us display, type 3
frame 3741: 32953 us total, 11474 us display, type 3
frame 3742: 30879 us total, 11465 us display, type 3
frame 3743: 35217 us total, 11698 us display, type 3
frame 3744: 34638 us total, 11767 us display, type 3
frame 3745: 33709 us total, 11670 us display, type 3
frame 3746: 30928 us total, 11538 us display, type 3
frame 3747: 33179 us total, 11456 us display, type 3
frame 3748: 32933 us total, 11661 us display, type 3
frame 3749: 30542 us total, 11622 us display, type 3
frame 3750: 32272 us total, 11469 us display, type 3
frame 3751: 32546 us total, 11469 us display, type 3
frame 3752: 32200 us total, 11466 us display, type 3
frame 3753: 29481 us total, 11468 us display, type 3
frame 3754: 31844 us total, 11738 us display, type 3
frame 3755: 34800 us total, 11656 us display, type 3
frame 3756: 30928 us total, 11799 us display, type 3
frame 3757: 33838 us total, 11469 us display, type 3
frame 3758: 33158 us total, 11462 us display, type 3
frame 3759: 31498 us total, 11464 us display, type 3
frame 3760: 33664 us total, 11462 us display, type 3
frame 3761: 34162 us total, 11479 us display, type 3
frame 3762: 34349 us total, 11470 us display, type 3
frame 3763: 31181 us total, 11457 us display, type 3
frame 3764: 35851 us total, 11462 us display, type 3
frame 3765: 35231 us total, 11471 us display, type 3
frame 3766: 31173 us total, 11467 us display, type 3
frame 3767: 33816 us total, 11459 us display, type 3
frame 3768: 35573 us total, 11463 us display, type 3
frame 3769: 37994 us total, 11513 us display, type 3
frame 3770: 41298 us total, 11530 us display, type 3
frame 3771: 38304 us total, 11465 us display, type 3
frame 3772: 39960 us total, 11471 us display, type 3
frame 3773: 39941 us total, 11461 us display, type 3
frame 3774: 39541 us total, 11456 us display, type 3
frame 3775: 40306 us total, 11469 us display, type 3
frame 3776: 40089 us total, 11830 us display, type 3
frame 3777: 38348 us total, 11561 us display, type 3
frame 3778: 37063 us total, 11473 us display, type 3
frame 3779: 39266 us total, 11456 us display, type 3
frame 3780: 39032 us total, 11557 us display, type 3
frame 3781: 38857 us total, 11461 us display, type 3
frame 3782: 36667 us total, 11463 us display, type 3
frame 3783: 37761 us total, 11461 us display, type 3
frame 3784: 32574 us total, 11675 us display, type 3
frame 3785: 35151 us total, 11455 us display, type 3
frame 3786: 34976 us total, 11470 us display, type 3
frame 3787: 32169 us total, 11462 us display, type 3
frame 3788: 34605 us total, 11465 us display, type 3
frame 3789: 33177 us total, 11705 us display, type 3
frame 3790: 29997 us total, 11564 us display, type 3
frame 3791: 28418 us total, 11465 us display, type 3
frame 3792: 31581 us total, 11810 us display, type 3
frame 3793: 30928 us total, 11741 us display, type 3
frame 3794: 29068 us total, 11819 us display, type 3
frame 3795: 30445 us total, 11462 us display, type 3
frame 3796: 32530 us total, 11470 us display, type 3
frame 3797: 30723 us total, 11554 us display, type 3
frame 3798: 32959 us total, 11469 us display, type 3
frame 3799: 33781 us total, 11466 us display, type 3
frame 3800: 29997 us total, 11459 us display, type 3
frame 3801: 31945 us total, 11465 us display, type 3
frame 3802: 30819 us total, 11474 us display, type 3
frame 3803: 30013 us total, 11462 us display, type 3
frame 3804: 30869 us total, 11722 us display, type 3
frame 3805: 31201 us total, 11478 us display, type 3
frame 3806: 30142 us total, 11461 us display, type 3
frame 3807: 31499 us total, 11464 us display, type 3
frame 3808: 32003 us total, 11477 us display, type 3
frame 3809: 31958 us total, 11461 us display, type 3
frame 3810: 33032 us total, 11470 us display, type 3
frame 3811: 32568 us total, 11471 us display, type 3
frame 3812: 30947 us total, 11462 us display, type 3
frame 3813: 31651 us total, 11500 us display, type 3
frame 3814: 32065 us total, 11468 us display, type 3
frame 3815: 30301 us total, 11460 us display, type 3
frame 3816: 30834 us total, 11459 us display, type 3
frame 3817: 30506 us total, 11764 us display, type 3
frame 3818: 29567 us total, 11469 us display, type 3
frame 3819: 29509 us total, 11719 us display, type 3
frame 3820: 27348 us total, 11465 us display, type 3
frame 3821: 27078 us total, 11711 us display, type 3
frame 3822: 29074 us total, 11792 us display, type 3
frame 3823: 28144 us total, 11574 us display, type 3
frame 3824: 28678 us total, 11457 us display, type 3
frame 3825: 29810 us total, 11464 us display, type 3
frame 3826: 28290 us total, 11455 us display, type 3
frame 3827: 29618 us total, 11465 us display, type 3
frame 3828: 27976 us total, 11465 us display, type 3
frame 3829: 28042 us total, 11487 us display, type 3
frame 3830: 29431 us total, 11468 us display, type 3
frame 3831: 26251 us total, 11464 us display, type 3
frame 3832: 29184 us total, 11467 us display, type 3
frame 3833: 29191 us total, 11644 us display, type 3
frame 3834: 28759 us total, 11473 us display, type 3
frame 3835: 29039 us total, 11472 us display, type 3
frame 3836: 29128 us total, 11465 us display, type 3
frame 3837: 27311 us total, 11462 us display, type 3
frame 3838: 28877 us total, 11464 us display, type 3
frame 3839: 27326 us total, 11456 us display, type 3
profile (avg of 128 frames, ms): logic+bsp 10.3 wait-fb 0.0 vp-mark 1.4 flats 4.5 columns 12.1 fuzz 0.1
frame 3840: 28840 us total, 11459 us display, type 3
audio: 70 underruns, 46 ms queued
mem @frame 3840: heap free 46412, largest 20992, min ever 46004, zone free 40628, display stack free 4368, uptime 115 s, gamestate 0, demo 1, usergame 0, tic 3932
frame 3841: 30134 us total, 11463 us display, type 3
frame 3842: 25506 us total, 11658 us display, type 3
frame 3843: 29535 us total, 11743 us display, type 3
frame 3844: 28585 us total, 11460 us display, type 3
frame 3845: 28886 us total, 11464 us display, type 3
frame 3846: 28632 us total, 11466 us display, type 3
frame 3847: 26605 us total, 11457 us display, type 3
frame 3848: 29656 us total, 11464 us display, type 3
frame 3849: 28156 us total, 11503 us display, type 3
frame 3850: 29531 us total, 11471 us display, type 3
frame 3851: 29596 us total, 11545 us display, type 3
frame 3852: 27402 us total, 11467 us display, type 3
frame 3853: 28882 us total, 11781 us display, type 3
frame 3854: 28321 us total, 11475 us display, type 3
frame 3855: 28041 us total, 11466 us display, type 3
frame 3856: 29396 us total, 11466 us display, type 3
frame 3857: 27940 us total, 11466 us display, type 3
frame 3858: 29796 us total, 11465 us display, type 3
frame 3859: 28959 us total, 11462 us display, type 3
frame 3860: 28112 us total, 11746 us display, type 3
frame 3861: 29398 us total, 11467 us display, type 3
frame 3862: 28027 us total, 11476 us display, type 3
frame 3863: 29125 us total, 11470 us display, type 3
frame 3864: 27888 us total, 11584 us display, type 3
frame 3865: 28139 us total, 11727 us display, type 3
frame 3866: 27637 us total, 11459 us display, type 3
frame 3867: 28103 us total, 11471 us display, type 3
frame 3868: 26179 us total, 11454 us display, type 3
frame 3869: 28524 us total, 11708 us display, type 3
frame 3870: 27268 us total, 11510 us display, type 3
frame 3871: 30060 us total, 11578 us display, type 3
frame 3872: 28682 us total, 11671 us display, type 3
frame 3873: 27363 us total, 11456 us display, type 3
frame 3874: 29228 us total, 11466 us display, type 3
frame 3875: 27154 us total, 11651 us display, type 3
frame 3876: 29066 us total, 11716 us display, type 3
frame 3877: 28360 us total, 11462 us display, type 3
frame 3878: 28027 us total, 11454 us display, type 3
frame 3879: 30050 us total, 11461 us display, type 3
frame 3880: 27839 us total, 11524 us display, type 3
frame 3881: 30141 us total, 11712 us display, type 3
frame 3882: 28417 us total, 11464 us display, type 3
frame 3883: 28834 us total, 11708 us display, type 3
frame 3884: 29125 us total, 11479 us display, type 3
frame 3885: 29088 us total, 11457 us display, type 3
frame 3886: 28193 us total, 11463 us display, type 3
frame 3887: 29296 us total, 11461 us display, type 3
frame 3888: 28564 us total, 11625 us display, type 3
frame 3889: 29051 us total, 11715 us display, type 3
frame 3890: 30012 us total, 11630 us display, type 3
frame 3891: 27187 us total, 11700 us display, type 3
frame 3892: 30182 us total, 11469 us display, type 3
frame 3893: 30243 us total, 11466 us display, type 3
frame 3894: 27361 us total, 11462 us display, type 3
frame 3895: 29911 us total, 11466 us display, type 3
frame 3896: 27197 us total, 11656 us display, type 3
frame 3897: 30595 us total, 11465 us display, type 3
frame 3898: 29602 us total, 11652 us display, type 3
frame 3899: 27679 us total, 11462 us display, type 3
frame 3900: 28689 us total, 11455 us display, type 3
frame 3901: 29533 us total, 11456 us display, type 3
frame 3902: 26906 us total, 11458 us display, type 3
frame 3903: 29924 us total, 11614 us display, type 3
frame 3904: 28590 us total, 11456 us display, type 3
frame 3905: 29037 us total, 11469 us display, type 3
frame 3906: 29048 us total, 11472 us display, type 3
frame 3907: 27767 us total, 11494 us display, type 3
frame 3908: 30005 us total, 11729 us display, type 3
frame 3909: 27687 us total, 11652 us display, type 3
frame 3910: 29993 us total, 11645 us display, type 3
frame 3911: 29826 us total, 11686 us display, type 3
frame 3912: 27089 us total, 11456 us display, type 3
frame 3913: 30133 us total, 11462 us display, type 3
frame 3914: 29665 us total, 11469 us display, type 3
frame 3915: 27414 us total, 11460 us display, type 3
frame 3916: 28971 us total, 11468 us display, type 3
frame 3917: 27923 us total, 11770 us display, type 3
frame 3918: 29117 us total, 11464 us display, type 3
frame 3919: 29555 us total, 11474 us display, type 3
frame 3920: 27775 us total, 11463 us display, type 3
frame 3921: 29848 us total, 11749 us display, type 3
frame 3922: 29079 us total, 11843 us display, type 3
frame 3923: 27323 us total, 11477 us display, type 3
frame 3924: 27517 us total, 11458 us display, type 3
frame 3925: 26256 us total, 11460 us display, type 3
frame 3926: 27743 us total, 11480 us display, type 3
frame 3927: 24857 us total, 11651 us display, type 3
frame 3928: 29556 us total, 11626 us display, type 3
frame 3929: 28185 us total, 11462 us display, type 3
frame 3930: 25931 us total, 11643 us display, type 3
frame 3931: 30043 us total, 11474 us display, type 3
frame 3932: 30227 us total, 11471 us display, type 3
frame 3933: 25283 us total, 11453 us display, type 3
frame 3934: 30212 us total, 11473 us display, type 3
frame 3935: 25458 us total, 11619 us display, type 3
frame 3936: 29599 us total, 11628 us display, type 3
frame 3937: 28978 us total, 11786 us display, type 3
frame 3938: 24305 us total, 11728 us display, type 3
frame 3939: 28315 us total, 11452 us display, type 3
frame 3940: 24293 us total, 11440 us display, type 3
frame 3941: 29413 us total, 11440 us display, type 3
frame 3942: 25974 us total, 11440 us display, type 3
frame 3943: 31235 us total, 11439 us display, type 3
frame 3944: 30951 us total, 11443 us display, type 3
frame 3945: 29402 us total, 11452 us display, type 3
frame 3946: 32179 us total, 11653 us display, type 3
frame 3947: 30836 us total, 11833 us display, type 3
frame 3948: 27666 us total, 11452 us display, type 3
frame 3949: 29813 us total, 11468 us display, type 3
frame 3950: 27944 us total, 11455 us display, type 3
frame 3951: 27857 us total, 11555 us display, type 3
frame 3952: 28533 us total, 11464 us display, type 3
frame 3953: 28669 us total, 11724 us display, type 3
frame 3954: 29291 us total, 11472 us display, type 3
frame 3955: 29142 us total, 11467 us display, type 3
frame 3956: 27051 us total, 11465 us display, type 3
frame 3957: 27413 us total, 11466 us display, type 3
frame 3958: 27455 us total, 11454 us display, type 3
frame 3959: 28876 us total, 11447 us display, type 3
frame 3960: 28071 us total, 11455 us display, type 3
frame 3961: 27011 us total, 11450 us display, type 3
frame 3962: 28770 us total, 11479 us display, type 3
frame 3963: 27734 us total, 11460 us display, type 3
frame 3964: 29470 us total, 11649 us display, type 3
frame 3965: 29194 us total, 11564 us display, type 3
frame 3966: 27211 us total, 11460 us display, type 3
frame 3967: 29478 us total, 11448 us display, type 3
profile (avg of 128 frames, ms): logic+bsp 8.2 wait-fb 0.0 vp-mark 0.9 flats 2.2 columns 9.6 fuzz 0.0
frame 3968: 29557 us total, 11454 us display, type 3
frame 3969: 27100 us total, 11595 us display, type 3
frame 3970: 29327 us total, 11456 us display, type 3
frame 3971: 27405 us total, 11449 us display, type 3
frame 3972: 29458 us total, 11556 us display, type 3
frame 3973: 28614 us total, 11462 us display, type 3
frame 3974: 25862 us total, 11497 us display, type 3
frame 3975: 27314 us total, 11446 us display, type 3
frame 3976: 26572 us total, 11440 us display, type 3
frame 3977: 30465 us total, 11776 us display, type 3
frame 3978: 28137 us total, 11455 us display, type 3
frame 3979: 27599 us total, 11440 us display, type 3
frame 3980: 28674 us total, 11440 us display, type 3
frame 3981: 28120 us total, 11439 us display, type 3
frame 3982: 28789 us total, 11488 us display, type 3
frame 3983: 29570 us total, 11501 us display, type 3
frame 3984: 27413 us total, 11439 us display, type 3
frame 3985: 29358 us total, 11447 us display, type 3
frame 3986: 28735 us total, 11440 us display, type 3
frame 3987: 26752 us total, 11476 us display, type 3
frame 3988: 30444 us total, 11440 us display, type 3
frame 3989: 26677 us total, 11472 us display, type 3
frame 3990: 29981 us total, 11636 us display, type 3
frame 3991: 29466 us total, 11440 us display, type 3
frame 3992: 26045 us total, 11492 us display, type 3
frame 3993: 30786 us total, 11440 us display, type 3
frame 3994: 26493 us total, 11445 us display, type 3
frame 3995: 29972 us total, 11446 us display, type 3
frame 3996: 26989 us total, 11478 us display, type 3
frame 3997: 28527 us total, 11440 us display, type 3
idle 120 s in attract: display sleep
