ESP-ROM:esp32c6-20220919
Build:Sep 19 2022
rst:0x15 (USB_UART_HPSYS),boot:0x2c (SPI_FAST_FLASH_BOOT)
Saved PC:0x4001a36e
SPIWP:0xee
mode:DIO, clock div:2
load:0x40875720,len:0x1a5c
load:0x4086c110,len:0xf58
load:0x4086e610,len:0x3074
entry 0x4086c11a
[0;32mI (23) boot: ESP-IDF v5.3.4 2nd stage bootloader[0m
[0;32mI (23) boot: compile time Sep 14 2026 20:53:10[0m
[0;32mI (24) boot: chip revision: v0.2[0m
[0;32mI (24) boot: efuse block revision: v0.3[0m
[0;32mI (24) qio_mode: Enabling QIO for flash chip WinBond[0m
[0;32mI (25) boot.esp32c6: SPI Speed      : 80MHz[0m
[0;32mI (25) boot.esp32c6: SPI Mode       : QIO[0m
[0;32mI (25) boot.esp32c6: SPI Flash Size : 16MB[0m
[0;32mI (25) boot: Enabling RNG early entropy source...[0m
[0;32mI (26) boot: Partition Table:[0m
[0;32mI (26) boot: ## Label            Usage          Type ST Offset   Length[0m
[0;32mI (27) boot:  0 nvs              WiFi data        01 02 00009000 00006000[0m
[0;32mI (27) boot:  1 phy_init         RF data          01 01 0000f000 00001000[0m
[0;32mI (28) boot:  2 factory          factory app      00 00 00010000 00200000[0m
[0;32mI (28) boot:  3 wad              Unknown data     01 40 00210000 00400000[0m
[0;32mI (29) boot:  4 saves            WiFi data        01 02 00610000 00020000[0m
[0;32mI (30) boot: End of partition table[0m
[0;32mI (30) esp_image: segment 0: paddr=00010020 vaddr=420c0020 size=33e20h (212512) map[0m
[0;32mI (69) esp_image: segment 1: paddr=00043e48 vaddr=40800000 size=0c1d0h ( 49616) load[0m
[0;32mI (80) esp_image: segment 2: paddr=00050020 vaddr=42000020 size=b6da8h (748968) map[0m
[0;32mI (214) esp_image: segment 3: paddr=00106dd0 vaddr=4080c1d0 size=0df54h ( 57172) load[0m
[0;32mI (227) esp_image: segment 4: paddr=00114d2c vaddr=50000000 size=00004h (     4) load[0m
[0;32mI (233) boot: Loaded app from partition at offset 0x10000[0m
[0;32mI (233) boot: Disabling RNG early entropy source...[0m
[0;32mI (234) cpu_start: Unicore app[0m
[0;32mI (243) cpu_start: Pro cpu start user code[0m
[0;32mI (243) cpu_start: cpu freq: 160000000 Hz[0m
[0;32mI (243) app_init: Application information:[0m
[0;32mI (244) app_init: Project name:     diablito[0m
[0;32mI (244) app_init: App version:      0b153ef-dirty[0m
[0;32mI (244) app_init: Compile time:     Sep 14 2026 22:57:34[0m
[0;32mI (244) app_init: ELF file SHA256:  f5fbfb0e3...[0m
[0;32mI (245) app_init: ESP-IDF:          v5.3.4[0m
[0;32mI (245) efuse_init: Min chip rev:     v0.0[0m
[0;32mI (245) efuse_init: Max chip rev:     v0.99 [0m
[0;32mI (245) efuse_init: Chip rev:         v0.2[0m
[0;32mI (246) heap_init: Initializing. RAM available for dynamic allocation:[0m
[0;32mI (246) heap_init: At 40834BE0 len 00047A30 (286 KiB): RAM[0m
[0;32mI (246) heap_init: At 4087C610 len 00002F54 (11 KiB): RAM[0m
[0;32mI (247) heap_init: At 50000004 len 00003FE4 (15 KiB): RTCRAM[0m
[0;32mI (247) spi_flash: detected chip: generic[0m
[0;32mI (248) spi_flash: flash io: qio[0m
[0;33mW (248) i2c: This driver is an old driver, please migrate your application code to adapt `driver/i2c_master.h`[0m
[0;32mI (249) sleep: Configure to isolate all GPIO pins in sleep state[0m
[0;32mI (249) sleep: Enable automatic switching of GPIO sleep configuration[0m
[0;32mI (249) coexist: coex firmware version: a13b09d[0m
[0;32mI (250) coexist: coexist rom version 5b8dcfa[0m
[0;32mI (250) main_task: Started on CPU0[0m
[0;32mI (250) main_task: Calling app_main()[0m
[0;32mI (250) gpio: GPIO[15]| InputEn: 0| OutputEn: 1| OpenDrain: 0| Pullup: 0| Pulldown: 0| Intr:0 [0m
[0;32mI (250) gpio: GPIO[9]| InputEn: 1| OutputEn: 0| OpenDrain: 0| Pullup: 1| Pulldown: 0| Intr:0 [0m
[0;32mI (250) gpio: GPIO[18]| InputEn: 1| OutputEn: 0| OpenDrain: 0| Pullup: 1| Pulldown: 0| Intr:0 [0m
[0;32mI (251) gpio: GPIO[0]| InputEn: 0| OutputEn: 0| OpenDrain: 0| Pullup: 0| Pulldown: 0| Intr:0 [0m
[0;32mI (251) DIABLITO: DIABLITO skeleton, IDF v5.3.4, CPU 160 MHz[0m
[0;32mI (251) DIABLITO: heap at boot: free 290468, largest block 262144, min ever 290468, dma-capable 275868[0m
[0;32mI (252) gpio: GPIO[3]| InputEn: 0| OutputEn: 1| OpenDrain: 0| Pullup: 0| Pulldown: 0| Intr:0 [0m
[0;32mI (252) gpio: GPIO[4]| InputEn: 0| OutputEn: 1| OpenDrain: 0| Pullup: 0| Pulldown: 0| Intr:0 [0m
[0;32mI (756) DISPLAY: ST7789 up: 280x240 landscape, SPI 80 MHz, 2 x 8960 B DMA strips[0m
[0;32mI (756) DIABLITO: heap after display: free 270984, largest block 245760, min ever 270984, dma-capable 256384[0m
[0;32mI (757) DIABLITO: wad partition @0x210000 size 4194304: magic IWHD, 1264 lumps, infotable @36, file 2073676 bytes[0m
[0;32mI (757) DIABLITO: WHD mapped at 0x42100000, header via mmap: IWHD ·©ÔUDOOM1[0m
[0;32mI (758) DIABLITO: heap after wad mmap: free 270352, largest block 241664, min ever 270352, dma-capable 255752[0m
[0;32mI (758) DIABLITO: main task stack high-water: 14904 bytes free[0m
[0;32mI (759) DIABLITO: .bss ends at 0x40834be0 (short-pointer window ends at 0x40840000, 46112 bytes spare)[0m
[0;32mI (759) DIABLITO: heap before BLE: free 270352, largest block 241664, min ever 270352, dma-capable 255752[0m
[0;32mI (773) BLE_INIT: Using main XTAL as clock source, chip ver: 2[0m
[0;32mI (773) BLE_INIT: ble controller commit:[ca6c20b][0m
[0;32mI (777) BLE_INIT: Bluetooth MAC: fc:01:2c:fd:fc:b2[0m
[0;32mI (777) phy_init: phy_version 341,a6c8fe6,Jul 30 2025,18:34:11[0m
[0;32mI (873) phy: libbtbb version: a945109, Jul 30 2025, 18:34:25[0m
[0;32mI (880) PAD: init, saved controller: yes[0m
[0;32mI (956) PAD: found  78:86:2e:8f:59:f6 rssi -48[0m
[0;32mI (1081) DIABLITO: heap after BLE init: free 230752, largest block 204800, min ever 230480, dma-capable 216152[0m
[0;32mI (1081) DIABLITO: starting Doom[0m
                          DIABLITO Doom 3.0.0
Z_Init: Init zone memory allocation daemon. 
zone memory: 0x40822224, 10000 allocated for zone
M_LoadDefaults: Load system defaults.
W_Init: Init WADfiles.
===========================================================================
                            DOOM Shareware
===========================================================================
 DIABLITO Doom is free software, covered by the GNU General Public
 License.  There is NO warranty; not even for MERCHANTABILITY or FITNESS
 FOR A PARTICULAR PURPOSE. You are welcome to change and distribute
 copies under certain conditions. See the source for more information.
===========================================================================
I_Init: Setting up machine state.
[0;32mI (1133) AUDIO: ES8311 + I2S: 22050 Hz, 2 ch, ring 8192 bytes (92 ms)[0m
M_Init: Init miscellaneous info.
R_Init: Init DOOM refresh daemon - .........
P_Init: Init Playloop state.
S_Init: Setting up sound.
D_CheckNetGame: Checking network game status.
Emulating the behavior of the 'Doom 1.9' executable.
HU_Init: Setting up heads up display.
ST_Init: Init status bar.
frame 2: 34243 us total, 11689 us display, type 4
frame 3: 12331 us total, 11637 us display, type 4
frame 4: 16971 us total, 11630 us display, type 4
frame 5: 28084 us total, 11642 us display, type 4
[0;33mW (1305) AUDIO: short write 3072/4096[0m
frame 6: 29209 us total, 11635 us display, type 4
[0;33mW (1333) AUDIO: short write 3072/4096[0m
frame 7: 28019 us total, 11641 us display, type 4
frame 8: 31694 us total, 13110 us display, type 4
frame 9: 25329 us total, 11652 us display, type 4
[0;33mW (1419) AUDIO: short write 3072/4096[0m
[0;32mI (1425) NimBLE: Connection established [0m
[0;32mI (1426) NIMBLE_HIDH: pairing for encrypted link (rc=0)[0m
frame 10: 30528 us total, 13246 us display, type 4
frame 11: 27411 us total, 11649 us display, type 4
frame 12: 29029 us total, 11667 us display, type 4
frame 13: 27766 us total, 11640 us display, type 4
[0;32mI (1524) NimBLE: mtu update event; conn_handle=0 cid=4 mtu=23
[0m
frame 14: 28141 us total, 11666 us display, type 4
frame 15: 28795 us total, 11630 us display, type 4
frame 16: 28225 us total, 11669 us display, type 4
frame 17: 28819 us total, 11635 us display, type 4
frame 18: 29071 us total, 11642 us display, type 4
[0;32mI (1675) NIMBLE_HIDH: encryption change: status=0[0m
frame 19: 28492 us total, 11687 us display, type 4
frame 20: 28442 us total, 11630 us display, type 4
frame 21: 28209 us total, 11676 us display, type 4
frame 22: 28777 us total, 11630 us display, type 4
[0;32mI (1774) NIMBLE_HIDH: service 0x1800 handles 1-7[0m
[0;32mI (1774) NIMBLE_HIDH: service 0x1801 handles 8-8[0m
[0;32mI (1775) NIMBLE_HIDH: service 0x180a handles 9-17[0m
frame 23: 28175 us total, 11663 us display, type 4
frame 24: 29050 us total, 11840 us display, type 4
frame 25: 28967 us total, 11658 us display, type 4
[0;32mI (1874) NIMBLE_HIDH: service 0x180f handles 18-21[0m
[0;32mI (1874) NIMBLE_HIDH: service 0x1812 handles 22-35[0m
frame 26: 28030 us total, 11676 us display, type 4
frame 27: 28788 us total, 11631 us display, type 4
frame 28: 28204 us total, 11677 us display, type 4
frame 29: 28786 us total, 11635 us display, type 4
[0;32mI (1974) NIMBLE_HIDH: service 00000001-5f60-4c4f-9c83-a7953298d40d handles 36-42[0m
frame 30: 28200 us total, 11675 us display, type 4
frame 31: 29031 us total, 11851 us display, type 4
frame 32: 28962 us total, 11660 us display, type 4
frame 33: 28029 us total, 11671 us display, type 4
frame 34: 28740 us total, 11630 us display, type 4
frame 35: 28256 us total, 11677 us display, type 4
frame 36: 28782 us total, 11635 us display, type 4
frame 37: 28198 us total, 11681 us display, type 4
frame 38: 29037 us total, 11854 us display, type 4
frame 39: 28967 us total, 11667 us display, type 4
frame 40: 28020 us total, 11674 us display, type 4
frame 41: 28740 us total, 11630 us display, type 4
frame 42: 28261 us total, 11673 us display, type 4
frame 43: 28777 us total, 11635 us display, type 4
[0;32mI (2374) NimBLE: Read complete; status=0 conn_handle=0[0m
frame 44: 28290 us total, 11677 us display, type 4
frame 45: 28748 us total, 11644 us display, type 4
[0;32mI (2434) NimBLE: Read complete; status=0 conn_handle=0[0m
[0;32mI (2435) NimBLE: Read complete; status=14 conn_handle=0[0m
frame 46: 29214 us total, 11672 us display, type 4
frame 47: 28075 us total, 11732 us display, type 4
frame 48: 29086 us total, 11814 us display, type 4
frame 49: 28137 us total, 11998 us display, type 4
frame 50: 29059 us total, 12014 us display, type 4
[0;32mI (2584) NimBLE: Read complete; status=0 conn_handle=0[0m
[0;32mI (2585) NimBLE: Read complete; status=14 conn_handle=0[0m
frame 51: 27672 us total, 11679 us display, type 4
[0;32mI (2614) NimBLE: Read complete; status=0 conn_handle=0[0m
[0;32mI (2615) NimBLE: Read complete; status=14 conn_handle=0[0m
frame 52: 28945 us total, 11677 us display, type 4
[0;32mI (2645) NimBLE: Read complete; status=0 conn_handle=0[0m
[0;32mI (2645) NimBLE: Read complete; status=14 conn_handle=0[0m
frame 53: 29055 us total, 11678 us display, type 4
frame 54: 27994 us total, 11675 us display, type 4
frame 55: 29374 us total, 11684 us display, type 4
frame 56: 28340 us total, 12567 us display, type 4
frame 57: 29247 us total, 12642 us display, type 4
frame 58: 27544 us total, 12199 us display, type 4
frame 59: 29432 us total, 12619 us display, type 4
[0;32mI (2854) NimBLE: Read complete; status=0 conn_handle=0[0m
frame 60: 28693 us total, 12377 us display, type 4
[0;32mI (2885) NimBLE: Read complete; status=0 conn_handle=0[0m
frame 61: 28164 us total, 12454 us display, type 4
[0;32mI (2915) NimBLE: Read complete; status=0 conn_handle=0[0m
frame 62: 28946 us total, 12434 us display, type 4
[0;32mI (2945) NimBLE: Read complete; status=0 conn_handle=0[0m
frame 63: 28130 us total, 12595 us display, type 4
frame 64: 28110 us total, 11668 us display, type 4
[0;32mI (2975) NimBLE: Read complete; status=0 conn_handle=0[0m
frame 65: 28027 us total, 11675 us display, type 4
[0;32mI (3005) NimBLE: Read complete; status=0 conn_handle=0[0m
frame 66: 29360 us total, 11681 us display, type 4
[0;32mI (3035) NimBLE: Read complete; status=0 conn_handle=0[0m
frame 67: 28579 us total, 11679 us display, type 4
[0;32mI (3065) NimBLE: Read complete; status=0 conn_handle=0[0m
frame 68: 28096 us total, 11726 us display, type 4
[0;32mI (3095) NimBLE: Read complete; status=0 conn_handle=0[0m
frame 69: 29069 us total, 11789 us display, type 4
[0;32mI (3125) NimBLE: Read complete; status=0 conn_handle=0[0m
frame 70: 28162 us total, 11963 us display, type 4
[0;32mI (3155) NimBLE: Read complete; status=0 conn_handle=0[0m
frame 71: 29052 us total, 12044 us display, type 4
[0;32mI (3185) NimBLE: Read complete; status=0 conn_handle=0[0m
frame 72: 27665 us total, 11676 us display, type 4
[0;32mI (3215) NimBLE: Read complete; status=0 conn_handle=0[0m
[0;32mI (3215) NimBLE: Read complete; status=14 conn_handle=0[0m
frame 73: 29012 us total, 11679 us display, type 4
frame 74: 28987 us total, 11678 us display, type 4
[0;32mI (3274) NimBLE: Read complete; status=0 conn_handle=0[0m
[0;32mI (3275) NimBLE: Read complete; status=14 conn_handle=0[0m
frame 75: 27897 us total, 11677 us display, type 4
frame 76: 29799 us total, 11678 us display, type 4
[0;32mI (3335) NimBLE: Read complete; status=0 conn_handle=0[0m
[0;32mI (3335) NimBLE: Read complete; status=14 conn_handle=0[0m
[0;32mI (3336) NIMBLE_HIDH: attaching listeners, battery handle 20 ccc 21[0m
[0;32mI (3337) PAD: report map: 22 input fields[0m
[0;32mI (3337) PAD:   field rid 1 page 1 usage 0x30 bits 16 @0 logical 0..65535[0m
[0;32mI (3337) PAD:   field rid 1 page 1 usage 0x31 bits 16 @16 logical 0..65535[0m
[0;32mI (3338) PAD:   field rid 1 page 1 usage 0x32 bits 16 @32 logical 0..65535[0m
[0;32mI (3338) PAD:   field rid 1 page 1 usage 0x35 bits 16 @48 logical 0..65535[0m
[0;32mI (3339) PAD:   field rid 1 page 2 usage 0xc5 bits 10 @64 logical 0..1023[0m
[0;32mI (3339) PAD:   field rid 1 page 2 usage 0xc4 bits 10 @80 logical 0..1023[0m
[0;32mI (3339) PAD:   field rid 1 page 1 usage 0x39 bits 4 @96 logical 1..8[0m
[0;32mI (3340) PAD:   field rid 1 page 9 usage 0x01 bits 1 @104 logical 0..1[0m
[0;32mI (3340) PAD:   field rid 1 page 9 usage 0x02 bits 1 @105 logical 0..1[0m
[0;32mI (3340) PAD:   field rid 1 page 9 usage 0x03 bits 1 @106 logical 0..1[0m
[0;32mI (3341) PAD:   field rid 1 page 9 usage 0x04 bits 1 @107 logical 0..1[0m
[0;32mI (3341) PAD:   field rid 1 page 9 usage 0x05 bits 1 @108 logical 0..1[0m
[0;32mI (3341) PAD:   field rid 1 page 9 usage 0x06 bits 1 @109 logical 0..1[0m
[0;32mI (3341) PAD:   field rid 1 page 9 usage 0x07 bits 1 @110 logical 0..1[0m
[0;32mI (3342) PAD:   field rid 1 page 9 usage 0x08 bits 1 @111 logical 0..1[0m
[0;32mI (3342) PAD:   field rid 1 page 9 usage 0x09 bits 1 @112 logical 0..1[0m
[0;32mI (3342) PAD:   field rid 1 page 9 usage 0x0a bits 1 @113 logical 0..1[0m
[0;32mI (3343) PAD:   field rid 1 page 9 usage 0x0b bits 1 @114 logical 0..1[0m
[0;32mI (3343) PAD:   field rid 1 page 9 usage 0x0c bits 1 @115 logical 0..1[0m
[0;32mI (3343) PAD:   field rid 1 page 9 usage 0x0d bits 1 @116 logical 0..1[0m
[0;32mI (3344) PAD:   field rid 1 page 9 usage 0x0e bits 1 @117 logical 0..1[0m
[0;32mI (3344) PAD:   field rid 1 page 9 usage 0x0f bits 1 @118 logical 0..1[0m
[0;32mI (3344) PAD:   rid 1 page 1 usage 30 bit 0 size 16 [0..65535][0m
[0;32mI (3345) PAD:   rid 1 page 1 usage 31 bit 16 size 16 [0..65535][0m
[0;32mI (3345) PAD:   rid 1 page 1 usage 32 bit 32 size 16 [0..65535][0m
[0;32mI (3345) PAD:   rid 1 page 1 usage 35 bit 48 size 16 [0..65535][0m
[0;32mI (3346) PAD:   rid 1 page 2 usage c5 bit 64 size 10 [0..1023][0m
[0;32mI (3346) PAD:   rid 1 page 2 usage c4 bit 80 size 10 [0..1023][0m
[0;32mI (3346) PAD:   rid 1 page 1 usage 39 bit 96 size 4 [1..8][0m
[0;32mI (3346) PAD:   rid 1 page 9 usage 1 bit 104 size 1 [0..1][0m
[0;32mI (3347) PAD:   rid 1 page 9 usage 2 bit 105 size 1 [0..1][0m
[0;32mI (3347) PAD:   rid 1 page 9 usage 3 bit 106 size 1 [0..1][0m
[0;32mI (3347) PAD:   rid 1 page 9 usage 4 bit 107 size 1 [0..1][0m
[0;32mI (3347) PAD:   rid 1 page 9 usage 5 bit 108 size 1 [0..1][0m
[0;32mI (3348) PAD:   rid 1 page 9 usage 6 bit 109 size 1 [0..1][0m
[0;32mI (3348) PAD:   rid 1 page 9 usage 7 bit 110 size 1 [0..1][0m
[0;32mI (3348) PAD:   rid 1 page 9 usage 8 bit 111 size 1 [0..1][0m
[0;32mI (3349) PAD:   rid 1 page 9 usage 9 bit 112 size 1 [0..1][0m
[0;32mI (3349) PAD:   rid 1 page 9 usage a bit 113 size 1 [0..1][0m
[0;32mI (3350) PAD:   rid 1 page 9 usage b bit 114 size 1 [0..1][0m
[0;32mI (3350) PAD:   rid 1 page 9 usage c bit 115 size 1 [0..1][0m
[0;32mI (3350) PAD:   rid 1 page 9 usage d bit 116 size 1 [0..1][0m
[0;32mI (3350) PAD:   rid 1 page 9 usage e bit 117 size 1 [0..1][0m
[0;32mI (3351) PAD:   rid 1 page 9 usage f bit 118 size 1 [0..1][0m
[0;32mI (3351) PAD: connected: Xbox Wireless Controller[0m
frame 77: 44476 us total, 28969 us display, type 4
gamepad connected: Xbox Wireless Controller
[0;32mI (3365) NimBLE: Subscribe complete; status=259 conn_handle=0 attr_handle=20
[0m
frame 78: 13674 us total, 12837 us display, type 4
[0;32mI (3395) NIMBLE_HIDH: write complete; status=0 attr_handle=21[0m
[0;32mI (3395) NIMBLE_HIDH: report id 3 type 2 mode 1 perms 0xe handle 34 ccc 0[0m
[0;32mI (3395) NIMBLE_HIDH: report id 1 type 1 mode 1 perms 0x12 handle 30 ccc 31[0m
frame 79: 28229 us total, 13722 us display, type 4
[0;32mI (3425) NimBLE: Subscribe complete; status=259 conn_handle=0 attr_handle=30
[0m
[0;32mI (3425) NIMBLE_HIDH:   notify registered[0m
frame 80: 28685 us total, 13422 us display, type 4
[0;32mI (3455) NIMBLE_HIDH: write complete; status=0 attr_handle=31[0m
[0;32mI (3455) NIMBLE_HIDH:   ccc written[0m
[0;32mI (3455) NIMBLE_HIDH: listeners attached[0m
frame 81: 28257 us total, 12680 us display, type 4
frame 82: 27167 us total, 11947 us display, type 4
frame 83: 29083 us total, 11999 us display, type 4
frame 84: 28137 us total, 12136 us display, type 4
frame 85: 29145 us total, 12287 us display, type 4
frame 86: 27345 us total, 11666 us display, type 4
frame 87: 29050 us total, 11675 us display, type 4
frame 88: 29181 us total, 11884 us display, type 4
frame 89: 27776 us total, 11675 us display, type 4
frame 90: 29032 us total, 11675 us display, type 4
frame 91: 27896 us total, 11648 us display, type 4
frame 92: 28981 us total, 11648 us display, type 4
frame 93: 27962 us total, 11644 us display, type 4
frame 94: 29045 us total, 11646 us display, type 4
frame 95: 28993 us total, 11648 us display, type 4
frame 96: 28029 us total, 11645 us display, type 4
frame 97: 28925 us total, 11646 us display, type 4
frame 98: 28046 us total, 11645 us display, type 4
frame 99: 29000 us total, 11647 us display, type 4
frame 100: 28005 us total, 11646 us display, type 4
frame 101: 28958 us total, 11644 us display, type 4
frame 102: 29051 us total, 11646 us display, type 4
frame 103: 27986 us total, 11647 us display, type 4
frame 104: 28963 us total, 11644 us display, type 4
frame 105: 28041 us total, 11646 us display, type 4
frame 106: 29052 us total, 11703 us display, type 4
frame 107: 27944 us total, 11647 us display, type 4
frame 108: 28952 us total, 11645 us display, type 4
frame 109: 29048 us total, 11646 us display, type 4
frame 110: 28002 us total, 11646 us display, type 4
frame 111: 28998 us total, 11647 us display, type 4
frame 112: 27963 us total, 11644 us display, type 4
frame 113: 29041 us total, 11646 us display, type 4
frame 114: 27996 us total, 11647 us display, type 4
frame 115: 28970 us total, 11651 us display, type 4
frame 116: 29034 us total, 11646 us display, type 4
frame 117: 27996 us total, 11647 us display, type 4
frame 118: 28998 us total, 11653 us display, type 4
frame 119: 27960 us total, 11643 us display, type 4
frame 120: 29046 us total, 11646 us display, type 4
frame 121: 27996 us total, 11647 us display, type 4
frame 122: 29000 us total, 11647 us display, type 4
frame 123: 28963 us total, 11644 us display, type 4
frame 124: 28041 us total, 11646 us display, type 4
frame 125: 28996 us total, 11647 us display, type 4
frame 126: 28010 us total, 11646 us display, type 4
frame 127: 29045 us total, 11736 us display, type 4
frame 128: 27949 us total, 11646 us display, type 4
frame 129: 28990 us total, 11653 us display, type 4
frame 130: 28964 us total, 11643 us display, type 4
frame 131: 28064 us total, 11647 us display, type 4
frame 132: 28981 us total, 11646 us display, type 4
frame 133: 27997 us total, 11648 us display, type 4
frame 134: 28966 us total, 11645 us display, type 4
frame 135: 28036 us total, 11645 us display, type 4
frame 136: 28998 us total, 11648 us display, type 4
frame 137: 29000 us total, 11648 us display, type 4
frame 138: 27962 us total, 11644 us display, type 4
frame 139: 29036 us total, 11653 us display, type 4
frame 140: 27999 us total, 11650 us display, type 4
frame 141: 28972 us total, 11651 us display, type 4
frame 142: 28037 us total, 11646 us display, type 4
frame 143: 28994 us total, 11648 us display, type 4
frame 144: 29000 us total, 11648 us display, type 4
frame 145: 27962 us total, 11644 us display, type 4
frame 146: 29040 us total, 11645 us display, type 4
frame 147: 27998 us total, 11648 us display, type 4
frame 148: 29057 us total, 11705 us display, type 4
frame 149: 27905 us total, 11644 us display, type 4
frame 150: 29038 us total, 11651 us display, type 4
frame 151: 28997 us total, 11651 us display, type 4
frame 152: 28007 us total, 11646 us display, type 4
frame 153: 28958 us total, 11644 us display, type 4
frame 154: 28040 us total, 11645 us display, type 4
frame 155: 28998 us total, 11648 us display, type 4
frame 156: 27962 us total, 11644 us display, type 4
frame 157: 29040 us total, 11645 us display, type 4
frame 158: 29000 us total, 11646 us display, type 4
frame 159: 27998 us total, 11648 us display, type 4
frame 160: 28950 us total, 11644 us display, type 4
frame 161: 28050 us total, 11647 us display, type 4
frame 162: 29000 us total, 11648 us display, type 4
frame 163: 28000 us total, 11648 us display, type 4
frame 164: 28962 us total, 11644 us display, type 4
frame 165: 29040 us total, 11645 us display, type 4
frame 166: 28022 us total, 11647 us display, type 4
frame 167: 28939 us total, 11644 us display, type 4
frame 168: 28041 us total, 11645 us display, type 4
frame 169: 60367 us total, 12400 us display, type 5
frame 170: 13154 us total, 12145 us display, type 5
frame 171: 13129 us total, 12152 us display, type 5
frame 172: 13119 us total, 12285 us display, type 5
frame 173: 13103 us total, 12224 us display, type 5
frame 174: 13144 us total, 12273 us display, type 5
frame 175: 13056 us total, 12235 us display, type 5
frame 176: 13125 us total, 12255 us display, type 5
frame 177: 13050 us total, 12227 us display, type 5
frame 178: 13004 us total, 12139 us display, type 5
frame 179: 13102 us total, 12144 us display, type 5
frame 180: 13113 us total, 12251 us display, type 5
frame 181: 13105 us total, 12234 us display, type 5
frame 182: 13118 us total, 12258 us display, type 5
frame 183: 13060 us total, 12229 us display, type 5
frame 184: 13133 us total, 12247 us display, type 5
frame 185: 13120 us total, 12263 us display, type 5
frame 186: 12992 us total, 12149 us display, type 5
frame 187: 13138 us total, 12261 us display, type 5
frame 188: 13053 us total, 12255 us display, type 5
frame 189: 13127 us total, 12253 us display, type 5
frame 190: 13084 us total, 12243 us display, type 5
frame 191: 13141 us total, 12271 us display, type 5
frame 192: 13133 us total, 12250 us display, type 5
frame 193: 13012 us total, 12149 us display, type 5
frame 194: 12999 us total, 12139 us display, type 5
frame 195: 13133 us total, 12252 us display, type 5
frame 196: 13102 us total, 12260 us display, type 5
frame 197: 13109 us total, 12226 us display, type 5
frame 198: 13130 us total, 12259 us display, type 5
frame 199: 13039 us total, 12235 us display, type 5
frame 200: 13137 us total, 12256 us display, type 5
frame 201: 21320 us total, 12561 us display, type 5
frame 202: 13211 us total, 12241 us display, type 5
frame 203: 13088 us total, 12241 us display, type 5
frame 204: 13149 us total, 12267 us display, type 5
frame 205: 13098 us total, 12248 us display, type 5
frame 206: 13011 us total, 12161 us display, type 5
frame 207: 13098 us total, 12137 us display, type 5
frame 208: 13124 us total, 12258 us display, type 5
frame 209: 14213 us total, 12336 us display, type 5
frame 210: 13287 us total, 12294 us display, type 5
frame 211: 13096 us total, 12246 us display, type 5
frame 212: 13147 us total, 12269 us display, type 5
frame 213: 13088 us total, 12249 us display, type 5
frame 214: 13037 us total, 12155 us display, type 5
frame 215: 13018 us total, 12148 us display, type 5
frame 216: 13057 us total, 12235 us display, type 5
frame 217: 13154 us total, 12267 us display, type 5
frame 218: 13122 us total, 12248 us display, type 5
frame 219: 13149 us total, 12267 us display, type 5
frame 220: 13083 us total, 12242 us display, type 5
frame 221: 13189 us total, 12267 us display, type 5
frame 222: 12967 us total, 12148 us display, type 5
frame 223: 13033 us total, 12163 us display, type 5
frame 224: 13080 us total, 12251 us display, type 5
frame 225: 13097 us total, 12268 us display, type 5
frame 226: 13077 us total, 12243 us display, type 5
frame 227: 13137 us total, 12246 us display, type 5
frame 228: 13100 us total, 12263 us display, type 5
frame 229: 13114 us total, 12240 us display, type 5
frame 230: 13036 us total, 12162 us display, type 5
frame 231: 13103 us total, 12146 us display, type 5
frame 232: 13137 us total, 12261 us display, type 5
frame 233: 13070 us total, 12242 us display, type 5
frame 234: 13133 us total, 12268 us display, type 5
frame 235: 13177 us total, 12269 us display, type 5
frame 236: 13166 us total, 12283 us display, type 5
frame 237: 13124 us total, 12247 us display, type 5
frame 238: 13020 us total, 12151 us display, type 5
frame 239: 13072 us total, 12148 us display, type 5
frame 240: 13077 us total, 12237 us display, type 5
frame 241: 13136 us total, 12273 us display, type 5
frame 242: 12625 us total, 11660 us display, type 3
frame 243: 37594 us total, 11690 us display, type 3
frame 244: 33037 us total, 11691 us display, type 3
frame 245: 32823 us total, 11697 us display, type 3
frame 246: 32702 us total, 11706 us display, type 3
frame 247: 35598 us total, 11692 us display, type 3
frame 248: 34828 us total, 11699 us display, type 3
frame 249: 34738 us total, 11692 us display, type 3
frame 250: 35052 us total, 11692 us display, type 3
frame 251: 35559 us total, 11706 us display, type 3
frame 252: 35495 us total, 11692 us display, type 3
frame 253: 35134 us total, 11691 us display, type 3
frame 254: 36225 us total, 11705 us display, type 3
frame 255: 35522 us total, 11692 us display, type 3
frame 256: 36156 us total, 11940 us display, type 3
audio: 1 underruns, 58 ms queued
mem @frame 256: heap free 54400, largest 28672, min ever 53572, zone free 41244, stack free 14540, uptime 7 s, gamestate 0, demo 1, usergame 0, tic 191
frame 257: 35864 us total, 11692 us display, type 3
frame 258: 35322 us total, 11685 us display, type 3
frame 259: 35626 us total, 11795 us display, type 3
frame 260: 35913 us total, 11698 us display, type 3
frame 261: 35458 us total, 11866 us display, type 3
frame 262: 34796 us total, 11699 us display, type 3
frame 263: 35492 us total, 11706 us display, type 3
frame 264: 36143 us total, 11749 us display, type 3
frame 265: 35377 us total, 11697 us display, type 3
frame 266: 35788 us total, 11691 us display, type 3
frame 267: 37591 us total, 11699 us display, type 3
frame 268: 37027 us total, 11692 us display, type 3
frame 269: 37069 us total, 11706 us display, type 3
frame 270: 36957 us total, 11954 us display, type 3
frame 271: 36698 us total, 11699 us display, type 3
frame 272: 34001 us total, 11699 us display, type 3
frame 273: 33645 us total, 11705 us display, type 3
frame 274: 33153 us total, 11692 us display, type 3
frame 275: 33185 us total, 11699 us display, type 3
frame 276: 31727 us total, 11903 us display, type 3
frame 277: 30570 us total, 11705 us display, type 3
frame 278: 29942 us total, 11699 us display, type 3
frame 279: 30391 us total, 11835 us display, type 3
frame 280: 29301 us total, 11689 us display, type 3
frame 281: 27361 us total, 11706 us display, type 3
frame 282: 28073 us total, 11698 us display, type 3
frame 283: 27485 us total, 11682 us display, type 3
frame 284: 28510 us total, 11809 us display, type 3
frame 285: 27399 us total, 11691 us display, type 3
frame 286: 25993 us total, 11690 us display, type 3
frame 287: 26480 us total, 11704 us display, type 3
frame 288: 25434 us total, 11697 us display, type 3
frame 289: 24934 us total, 11768 us display, type 3
frame 290: 27481 us total, 11683 us display, type 3
frame 291: 28460 us total, 11696 us display, type 3
frame 292: 30070 us total, 11725 us display, type 3
frame 293: 27008 us total, 11690 us display, type 3
frame 294: 30890 us total, 11696 us display, type 3
frame 295: 27022 us total, 12050 us display, type 3
frame 296: 28840 us total, 11847 us display, type 3
frame 297: 27221 us total, 11812 us display, type 3
frame 298: 30087 us total, 11699 us display, type 3
frame 299: 28331 us total, 11699 us display, type 3
frame 300: 27776 us total, 11700 us display, type 3
frame 301: 30510 us total, 11704 us display, type 3
frame 302: 31014 us total, 11699 us display, type 3
frame 303: 30454 us total, 11690 us display, type 3
frame 304: 31708 us total, 11791 us display, type 3
frame 305: 31500 us total, 11692 us display, type 3
frame 306: 30363 us total, 11779 us display, type 3
frame 307: 32691 us total, 11689 us display, type 3
frame 308: 32192 us total, 11699 us display, type 3
frame 309: 32663 us total, 11883 us display, type 3
frame 310: 31940 us total, 11692 us display, type 3
frame 311: 31856 us total, 11698 us display, type 3
frame 312: 36148 us total, 11691 us display, type 3
frame 313: 36932 us total, 11800 us display, type 3
frame 314: 35132 us total, 11691 us display, type 3
frame 315: 35744 us total, 11692 us display, type 3
frame 316: 39373 us total, 11699 us display, type 3
frame 317: 37898 us total, 11693 us display, type 3
frame 318: 37729 us total, 11699 us display, type 3
frame 319: 39283 us total, 11691 us display, type 3
frame 320: 37836 us total, 12008 us display, type 3
frame 321: 38562 us total, 11698 us display, type 3
frame 322: 39125 us total, 11692 us display, type 3
frame 323: 38597 us total, 11692 us display, type 3
frame 324: 36549 us total, 11704 us display, type 3
frame 325: 37315 us total, 11692 us display, type 3
frame 326: 38573 us total, 11701 us display, type 3
frame 327: 37922 us total, 11786 us display, type 3
frame 328: 40548 us total, 11699 us display, type 3
frame 329: 41196 us total, 11925 us display, type 3
frame 330: 42294 us total, 11699 us display, type 3
frame 331: 42877 us total, 11699 us display, type 3
frame 332: 41219 us total, 11755 us display, type 3
frame 333: 44367 us total, 11692 us display, type 3
frame 334: 43762 us total, 11923 us display, type 3
frame 335: 43225 us total, 11882 us display, type 3
frame 336: 44336 us total, 11706 us display, type 3
frame 337: 44737 us total, 11744 us display, type 3
frame 338: 44751 us total, 11790 us display, type 3
frame 339: 44680 us total, 11778 us display, type 3
frame 340: 46011 us total, 11699 us display, type 3
frame 341: 43144 us total, 11701 us display, type 3
frame 342: 47409 us total, 11698 us display, type 3
frame 343: 42636 us total, 11707 us display, type 3
frame 344: 45818 us total, 11808 us display, type 3
frame 345: 47930 us total, 11699 us display, type 3
frame 346: 45694 us total, 11697 us display, type 3
frame 347: 47145 us total, 11699 us display, type 3
frame 348: 50842 us total, 11692 us display, type 3
frame 349: 44609 us total, 11692 us display, type 3
frame 350: 45542 us total, 11692 us display, type 3
frame 351: 40240 us total, 11917 us display, type 3
frame 352: 40337 us total, 11782 us display, type 3
frame 353: 38653 us total, 11693 us display, type 3
frame 354: 40344 us total, 11692 us display, type 3
frame 355: 37484 us total, 11711 us display, type 3
frame 356: 36581 us total, 11697 us display, type 3
frame 357: 37831 us total, 11692 us display, type 3
frame 358: 35974 us total, 11920 us display, type 3
frame 359: 35275 us total, 11694 us display, type 3
frame 360: 35255 us total, 11715 us display, type 3
frame 361: 36496 us total, 11699 us display, type 3
frame 362: 36205 us total, 11685 us display, type 3
frame 363: 35456 us total, 11701 us display, type 3
frame 364: 34414 us total, 11691 us display, type 3
frame 365: 36835 us total, 11700 us display, type 3
frame 366: 35082 us total, 11975 us display, type 3
frame 367: 34678 us total, 11832 us display, type 3
frame 368: 35063 us total, 11712 us display, type 3
frame 369: 35525 us total, 11692 us display, type 3
frame 370: 36274 us total, 11692 us display, type 3
frame 371: 36727 us total, 11692 us display, type 3
frame 372: 35452 us total, 11908 us display, type 3
frame 373: 37630 us total, 11693 us display, type 3
frame 374: 35585 us total, 11699 us display, type 3
frame 375: 36031 us total, 11692 us display, type 3
frame 376: 37529 us total, 11692 us display, type 3
frame 377: 36203 us total, 11691 us display, type 3
frame 378: 37631 us total, 11697 us display, type 3
frame 379: 36348 us total, 11985 us display, type 3
frame 380: 42151 us total, 11713 us display, type 3
frame 381: 38943 us total, 11699 us display, type 3
frame 382: 38270 us total, 11699 us display, type 3
frame 383: 40567 us total, 11697 us display, type 3
frame 384: 39714 us total, 11843 us display, type 3
frame 385: 42302 us total, 11691 us display, type 3
frame 386: 40501 us total, 11692 us display, type 3
frame 387: 41547 us total, 11699 us display, type 3
frame 388: 40730 us total, 12009 us display, type 3
frame 389: 40923 us total, 11689 us display, type 3
frame 390: 43357 us total, 11698 us display, type 3
frame 391: 40702 us total, 11699 us display, type 3
frame 392: 41884 us total, 11692 us display, type 3
frame 393: 40781 us total, 11685 us display, type 3
frame 394: 41865 us total, 11699 us display, type 3
frame 395: 40278 us total, 11699 us display, type 3
frame 396: 40697 us total, 11774 us display, type 3
frame 397: 39213 us total, 11699 us display, type 3
frame 398: 39556 us total, 11706 us display, type 3
frame 399: 40048 us total, 11709 us display, type 3
frame 400: 39036 us total, 11866 us display, type 3
frame 401: 39785 us total, 11698 us display, type 3
frame 402: 36445 us total, 11699 us display, type 3
frame 403: 36352 us total, 11700 us display, type 3
frame 404: 36468 us total, 11874 us display, type 3
frame 405: 38918 us total, 11698 us display, type 3
frame 406: 37049 us total, 11809 us display, type 3
frame 407: 40377 us total, 11692 us display, type 3
frame 408: 38941 us total, 11685 us display, type 3
frame 409: 39764 us total, 11775 us display, type 3
frame 410: 39417 us total, 11692 us display, type 3
frame 411: 37548 us total, 11706 us display, type 3
frame 412: 39713 us total, 11696 us display, type 3
frame 413: 41099 us total, 11744 us display, type 3
frame 414: 41243 us total, 11692 us display, type 3
frame 415: 42250 us total, 11695 us display, type 3
frame 416: 42969 us total, 11692 us display, type 3
frame 417: 42456 us total, 11699 us display, type 3
frame 418: 41221 us total, 11775 us display, type 3
frame 419: 41379 us total, 11692 us display, type 3
frame 420: 42534 us total, 11922 us display, type 3
frame 421: 41780 us total, 11690 us display, type 3
frame 422: 42627 us total, 11860 us display, type 3
frame 423: 40990 us total, 11693 us display, type 3
frame 424: 40561 us total, 11987 us display, type 3
frame 425: 38574 us total, 11691 us display, type 3
frame 426: 39668 us total, 11699 us display, type 3
frame 427: 38094 us total, 11705 us display, type 3
frame 428: 39448 us total, 11692 us display, type 3
frame 429: 38267 us total, 11822 us display, type 3
frame 430: 42749 us total, 11692 us display, type 3
frame 431: 41065 us total, 11692 us display, type 3
frame 432: 40636 us total, 11685 us display, type 3
frame 433: 42755 us total, 11696 us display, type 3
frame 434: 40374 us total, 11698 us display, type 3
frame 435: 40115 us total, 11706 us display, type 3
frame 436: 40561 us total, 11692 us display, type 3
frame 437: 38957 us total, 11842 us display, type 3
frame 438: 39339 us total, 11797 us display, type 3
frame 439: 39630 us total, 12011 us display, type 3
frame 440: 38773 us total, 11704 us display, type 3
frame 441: 42968 us total, 11699 us display, type 3
frame 442: 43346 us total, 11766 us display, type 3
frame 443: 43690 us total, 11705 us display, type 3
frame 444: 43491 us total, 11685 us display, type 3
frame 445: 44603 us total, 11699 us display, type 3
frame 446: 43273 us total, 11972 us display, type 3
frame 447: 44920 us total, 11985 us display, type 3
frame 448: 41970 us total, 11705 us display, type 3
frame 449: 43021 us total, 11699 us display, type 3
frame 450: 40414 us total, 11918 us display, type 3
frame 451: 40454 us total, 11696 us display, type 3
frame 452: 38585 us total, 11706 us display, type 3
frame 453: 38040 us total, 11692 us display, type 3
frame 454: 36551 us total, 11790 us display, type 3
frame 455: 34749 us total, 11699 us display, type 3
frame 456: 35872 us total, 11711 us display, type 3
frame 457: 35315 us total, 11702 us display, type 3
frame 458: 36472 us total, 11692 us display, type 3
frame 459: 35249 us total, 11699 us display, type 3
frame 460: 34642 us total, 11693 us display, type 3
frame 461: 34697 us total, 11699 us display, type 3
frame 462: 36157 us total, 11734 us display, type 3
frame 463: 34143 us total, 11699 us display, type 3
frame 464: 34643 us total, 11692 us display, type 3
frame 465: 34651 us total, 11698 us display, type 3
frame 466: 36240 us total, 11819 us display, type 3
frame 467: 33731 us total, 11692 us display, type 3
frame 468: 33824 us total, 11852 us display, type 3
frame 469: 37154 us total, 11692 us display, type 3
frame 470: 35992 us total, 11685 us display, type 3
frame 471: 38697 us total, 11692 us display, type 3
frame 472: 37244 us total, 11860 us display, type 3
frame 473: 36699 us total, 11691 us display, type 3
frame 474: 39835 us total, 11726 us display, type 3
frame 475: 36920 us total, 11706 us display, type 3
frame 476: 37139 us total, 11706 us display, type 3
frame 477: 37793 us total, 12006 us display, type 3
frame 478: 38147 us total, 11734 us display, type 3
frame 479: 37790 us total, 11962 us display, type 3
frame 480: 40575 us total, 11694 us display, type 3
frame 481: 37394 us total, 11699 us display, type 3
frame 482: 38351 us total, 11689 us display, type 3
frame 483: 38104 us total, 11688 us display, type 3
frame 484: 37080 us total, 11693 us display, type 3
frame 485: 37494 us total, 11699 us display, type 3
frame 486: 37657 us total, 11692 us display, type 3
frame 487: 37170 us total, 11698 us display, type 3
frame 488: 37385 us total, 11914 us display, type 3
frame 489: 36456 us total, 11685 us display, type 3
frame 490: 35792 us total, 11691 us display, type 3
frame 491: 35771 us total, 11698 us display, type 3
frame 492: 36411 us total, 11855 us display, type 3
frame 493: 36497 us total, 11757 us display, type 3
frame 494: 35545 us total, 11685 us display, type 3
frame 495: 36169 us total, 11699 us display, type 3
frame 496: 35785 us total, 11699 us display, type 3
frame 497: 36931 us total, 11746 us display, type 3
frame 498: 34307 us total, 11698 us display, type 3
frame 499: 35042 us total, 11954 us display, type 3
frame 500: 34959 us total, 11704 us display, type 3
frame 501: 34344 us total, 11757 us display, type 3
frame 502: 33315 us total, 11692 us display, type 3
frame 503: 33989 us total, 11685 us display, type 3
frame 504: 34087 us total, 11921 us display, type 3
frame 505: 32669 us total, 11781 us display, type 3
frame 506: 34811 us total, 11699 us display, type 3
frame 507: 33359 us total, 11685 us display, type 3
frame 508: 33473 us total, 11712 us display, type 3
frame 509: 32921 us total, 11697 us display, type 3
frame 510: 32805 us total, 11692 us display, type 3
frame 511: 32703 us total, 11699 us display, type 3
frame 512: 33976 us total, 11685 us display, type 3
audio: 1 underruns, 58 ms queued
mem @frame 512: heap free 54400, largest 28672, min ever 53572, zone free 41244, stack free 14540, uptime 16 s, gamestate 0, demo 1, usergame 0, tic 525
frame 513: 33830 us total, 11701 us display, type 3
frame 514: 33455 us total, 11698 us display, type 3
frame 515: 32524 us total, 11959 us display, type 3
frame 516: 32784 us total, 11735 us display, type 3
frame 517: 32881 us total, 11692 us display, type 3
frame 518: 33929 us total, 11690 us display, type 3
frame 519: 33453 us total, 11759 us display, type 3
frame 520: 33347 us total, 11692 us display, type 3
frame 521: 33578 us total, 11692 us display, type 3
frame 522: 32898 us total, 11704 us display, type 3
frame 523: 36102 us total, 11779 us display, type 3
frame 524: 36316 us total, 11686 us display, type 3
frame 525: 35098 us total, 11691 us display, type 3
frame 526: 35633 us total, 11699 us display, type 3
frame 527: 35754 us total, 11697 us display, type 3
frame 528: 36254 us total, 11739 us display, type 3
frame 529: 37402 us total, 11692 us display, type 3
frame 530: 35783 us total, 11812 us display, type 3
frame 531: 36708 us total, 11706 us display, type 3
frame 532: 37423 us total, 11692 us display, type 3
frame 533: 35771 us total, 11699 us display, type 3
frame 534: 37765 us total, 11701 us display, type 3
frame 535: 37086 us total, 11699 us display, type 3
frame 536: 37602 us total, 11716 us display, type 3
frame 537: 36407 us total, 11741 us display, type 3
frame 538: 37190 us total, 11685 us display, type 3
frame 539: 35459 us total, 11698 us display, type 3
frame 540: 35179 us total, 11757 us display, type 3
frame 541: 35189 us total, 11708 us display, type 3
frame 542: 36304 us total, 11691 us display, type 3
frame 543: 35092 us total, 11685 us display, type 3
frame 544: 35638 us total, 11698 us display, type 3
frame 545: 36803 us total, 11966 us display, type 3
frame 546: 37953 us total, 11698 us display, type 3
frame 547: 36174 us total, 11698 us display, type 3
frame 548: 37521 us total, 11961 us display, type 3
frame 549: 36710 us total, 11694 us display, type 3
frame 550: 37908 us total, 11701 us display, type 3
frame 551: 35613 us total, 11705 us display, type 3
frame 552: 36438 us total, 11692 us display, type 3
frame 553: 36947 us total, 11817 us display, type 3
frame 554: 35268 us total, 11699 us display, type 3
frame 555: 34663 us total, 11692 us display, type 3
frame 556: 35269 us total, 11691 us display, type 3
frame 557: 36028 us total, 11691 us display, type 3
frame 558: 36386 us total, 11705 us display, type 3
frame 559: 35515 us total, 11697 us display, type 3
frame 560: 37271 us total, 11804 us display, type 3
frame 561: 36503 us total, 11793 us display, type 3
frame 562: 35961 us total, 11692 us display, type 3
frame 563: 35446 us total, 11691 us display, type 3
frame 564: 35464 us total, 11781 us display, type 3
frame 565: 36969 us total, 11705 us display, type 3
frame 566: 35231 us total, 11780 us display, type 3
frame 567: 37680 us total, 11692 us display, type 3
frame 568: 38264 us total, 11698 us display, type 3
frame 569: 35992 us total, 11699 us display, type 3
frame 570: 37264 us total, 11692 us display, type 3
frame 571: 35977 us total, 11692 us display, type 3
frame 572: 37954 us total, 11700 us display, type 3
frame 573: 37639 us total, 11992 us display, type 3
frame 574: 37862 us total, 11705 us display, type 3
frame 575: 39159 us total, 11692 us display, type 3
frame 576: 38152 us total, 11710 us display, type 3
frame 577: 37438 us total, 11685 us display, type 3
frame 578: 40377 us total, 11965 us display, type 3
frame 579: 38076 us total, 11699 us display, type 3
frame 580: 37175 us total, 11699 us display, type 3
frame 581: 38459 us total, 11692 us display, type 3
frame 582: 36319 us total, 11756 us display, type 3
frame 583: 37268 us total, 11702 us display, type 3
frame 584: 36806 us total, 11953 us display, type 3
frame 585: 37522 us total, 11927 us display, type 3
frame 586: 35882 us total, 11691 us display, type 3
frame 587: 36679 us total, 11692 us display, type 3
frame 588: 38925 us total, 11827 us display, type 3
frame 589: 37279 us total, 11687 us display, type 3
frame 590: 37006 us total, 11699 us display, type 3
frame 591: 37544 us total, 11699 us display, type 3
frame 592: 35754 us total, 11692 us display, type 3
frame 593: 35573 us total, 11698 us display, type 3
frame 594: 35730 us total, 11699 us display, type 3
frame 595: 34557 us total, 11699 us display, type 3
frame 596: 36101 us total, 11692 us display, type 3
frame 597: 35534 us total, 11697 us display, type 3
frame 598: 35574 us total, 11692 us display, type 3
frame 599: 36940 us total, 11942 us display, type 3
frame 600: 35144 us total, 11699 us display, type 3
input: down 0x00040
frame 601: 37831 us total, 11692 us display, type 3
frame 602: 38566 us total, 11767 us display, type 3
frame 603: 37804 us total, 11692 us display, type 3
frame 604: 36811 us total, 11699 us display, type 3
frame 605: 37269 us total, 11692 us display, type 3
frame 606: 38134 us total, 12001 us display, type 3
frame 607: 36883 us total, 11692 us display, type 3
frame 608: 36554 us total, 11692 us display, type 3
frame 609: 37815 us total, 11685 us display, type 3
frame 610: 38755 us total, 11699 us display, type 3
frame 611: 37508 us total, 11685 us display, type 3
frame 612: 38554 us total, 11698 us display, type 3
frame 613: 37625 us total, 11712 us display, type 3
frame 614: 38165 us total, 11969 us display, type 3
frame 615: 38680 us total, 11699 us display, type 3
frame 616: 37637 us total, 11691 us display, type 3
frame 617: 37177 us total, 11693 us display, type 3
frame 618: 37822 us total, 11691 us display, type 3
frame 619: 37191 us total, 11711 us display, type 3
frame 620: 36505 us total, 11745 us display, type 3
frame 621: 39380 us total, 11787 us display, type 3
frame 622: 37494 us total, 11714 us display, type 3
frame 623: 37478 us total, 11937 us display, type 3
frame 624: 39113 us total, 11692 us display, type 3
frame 625: 37303 us total, 11699 us display, type 3
frame 626: 37053 us total, 12020 us display, type 3
frame 627: 38419 us total, 11829 us display, type 3
frame 628: 37417 us total, 11692 us display, type 3
frame 629: 37552 us total, 11767 us display, type 3
frame 630: 37720 us total, 11692 us display, type 3
frame 631: 39525 us total, 11692 us display, type 3
frame 632: 38208 us total, 11710 us display, type 3
frame 633: 37376 us total, 11791 us display, type 3
frame 634: 37654 us total, 11783 us display, type 3
frame 635: 37833 us total, 11699 us display, type 3
frame 636: 39416 us total, 11698 us display, type 3
frame 637: 37945 us total, 11933 us display, type 3
frame 638: 37483 us total, 11778 us display, type 3
frame 639: 38911 us total, 12026 us display, type 3
frame 640: 37621 us total, 11698 us display, type 3
frame 641: 36320 us total, 11692 us display, type 3
frame 642: 39930 us total, 11930 us display, type 3
frame 643: 37523 us total, 11692 us display, type 3
frame 644: 38433 us total, 11862 us display, type 3
frame 645: 38544 us total, 11894 us display, type 3
frame 646: 39331 us total, 11699 us display, type 3
frame 647: 37649 us total, 11692 us display, type 3
frame 648: 37868 us total, 11692 us display, type 3
frame 649: 37918 us total, 11765 us display, type 3
frame 650: 36752 us total, 11698 us display, type 3
frame 651: 38202 us total, 11730 us display, type 3
frame 652: 36964 us total, 11699 us display, type 3
frame 653: 35782 us total, 11708 us display, type 3
frame 654: 37884 us total, 11943 us display, type 3
frame 655: 35815 us total, 11692 us display, type 3
frame 656: 35442 us total, 11756 us display, type 3
frame 657: 35617 us total, 12028 us display, type 3
frame 658: 33470 us total, 11685 us display, type 3
frame 659: 35919 us total, 11807 us display, type 3
frame 660: 34857 us total, 11698 us display, type 3
frame 661: 34136 us total, 11692 us display, type 3
frame 662: 35210 us total, 11706 us display, type 3
frame 663: 34806 us total, 11698 us display, type 3
frame 664: 35132 us total, 11685 us display, type 3
frame 665: 35155 us total, 11692 us display, type 3
frame 666: 33981 us total, 11706 us display, type 3
frame 667: 33347 us total, 12025 us display, type 3
frame 668: 35168 us total, 11793 us display, type 3
frame 669: 33328 us total, 11692 us display, type 3
frame 670: 34027 us total, 11693 us display, type 3
frame 671: 33337 us total, 11691 us display, type 3
frame 672: 33804 us total, 11894 us display, type 3
frame 673: 33219 us total, 11705 us display, type 3
frame 674: 32494 us total, 11692 us display, type 3
frame 675: 31742 us total, 12024 us display, type 3
frame 676: 33250 us total, 12044 us display, type 3
frame 677: 33573 us total, 11705 us display, type 3
frame 678: 32544 us total, 11692 us display, type 3
frame 679: 33754 us total, 11793 us display, type 3
frame 680: 33726 us total, 11854 us display, type 3
frame 681: 33171 us total, 11699 us display, type 3
frame 682: 33146 us total, 11777 us display, type 3
frame 683: 33163 us total, 11699 us display, type 3
input: down 0x00010
frame 684: 32930 us total, 11691 us display, type 3
frame 685: 34137 us total, 11692 us display, type 3
frame 686: 35370 us total, 11697 us display, type 3
frame 687: 35844 us total, 11691 us display, type 3
frame 688: 35068 us total, 11692 us display, type 3
frame 689: 36008 us total, 11699 us display, type 3
frame 690: 38571 us total, 11685 us display, type 3
frame 691: 39172 us total, 11692 us display, type 3
frame 692: 42494 us total, 11699 us display, type 3
frame 693: 45578 us total, 11690 us display, type 3
frame 694: 45718 us total, 11692 us display, type 3
frame 695: 45919 us total, 11855 us display, type 3
frame 696: 42648 us total, 11699 us display, type 3
frame 697: 41056 us total, 11705 us display, type 3
frame 698: 41166 us total, 11994 us display, type 3
frame 699: 38585 us total, 11692 us display, type 3
frame 700: 36678 us total, 12004 us display, type 3
frame 701: 41694 us total, 11812 us display, type 3
frame 702: 39447 us total, 11692 us display, type 3
frame 703: 42210 us total, 11977 us display, type 3
frame 704: 40217 us total, 11757 us display, type 3
frame 705: 42148 us total, 11748 us display, type 3
frame 706: 43453 us total, 11692 us display, type 3
frame 707: 43880 us total, 11698 us display, type 3
frame 708: 44085 us total, 11699 us display, type 3
frame 709: 42137 us total, 11946 us display, type 3
frame 710: 44090 us total, 11747 us display, type 3
frame 711: 41953 us total, 11685 us display, type 3
frame 712: 42789 us total, 11698 us display, type 3
frame 713: 41372 us total, 11698 us display, type 3
frame 714: 42527 us total, 11791 us display, type 3
frame 715: 41630 us total, 11705 us display, type 3
frame 716: 40213 us total, 11698 us display, type 3
frame 717: 39216 us total, 11689 us display, type 3
frame 718: 38539 us total, 11705 us display, type 3
frame 719: 38267 us total, 11697 us display, type 3
frame 720: 40609 us total, 11698 us display, type 3
frame 721: 46606 us total, 11980 us display, type 3
frame 722: 40459 us total, 11692 us display, type 3
frame 723: 40155 us total, 11699 us display, type 3
frame 724: 39471 us total, 11775 us display, type 3
frame 725: 40688 us total, 11692 us display, type 3
frame 726: 40692 us total, 11700 us display, type 3
frame 727: 40290 us total, 11871 us display, type 3
frame 728: 37585 us total, 11692 us display, type 3
frame 729: 37461 us total, 11712 us display, type 3
frame 730: 35116 us total, 11692 us display, type 3
frame 731: 39211 us total, 11692 us display, type 3
frame 732: 38275 us total, 11692 us display, type 3
frame 733: 38304 us total, 11857 us display, type 3
frame 734: 39507 us total, 11909 us display, type 3
frame 735: 36437 us total, 11884 us display, type 3
frame 736: 36542 us total, 11687 us display, type 3
frame 737: 38713 us total, 11691 us display, type 3
frame 738: 36189 us total, 11685 us display, type 3
frame 739: 36814 us total, 11692 us display, type 3
frame 740: 37919 us total, 11692 us display, type 3
frame 741: 37068 us total, 11698 us display, type 3
frame 742: 37445 us total, 11692 us display, type 3
frame 743: 38028 us total, 11698 us display, type 3
frame 744: 36754 us total, 11684 us display, type 3
frame 745: 33336 us total, 11765 us display, type 3
frame 746: 32858 us total, 11699 us display, type 3
frame 747: 32387 us total, 11827 us display, type 3
frame 748: 33202 us total, 11692 us display, type 3
frame 749: 32151 us total, 11685 us display, type 3
frame 750: 31991 us total, 11685 us display, type 3
frame 751: 31366 us total, 11710 us display, type 3
frame 752: 31138 us total, 11744 us display, type 3
frame 753: 32363 us total, 11860 us display, type 3
frame 754: 33789 us total, 11961 us display, type 3
frame 755: 33906 us total, 12011 us display, type 3
frame 756: 34795 us total, 11763 us display, type 3
frame 757: 33715 us total, 11699 us display, type 3
frame 758: 31786 us total, 11694 us display, type 3
frame 759: 32654 us total, 11900 us display, type 3
frame 760: 32729 us total, 11685 us display, type 3
frame 761: 32342 us total, 11692 us display, type 3
frame 762: 34422 us total, 11696 us display, type 3
frame 763: 31746 us total, 11783 us display, type 3
input: down 0x00010
frame 764: 33085 us total, 11699 us display, type 3
frame 765: 32699 us total, 12018 us display, type 3
frame 766: 33257 us total, 11692 us display, type 3
frame 767: 33143 us total, 11804 us display, type 3
frame 768: 34019 us total, 11692 us display, type 3
audio: 1 underruns, 69 ms queued
mem @frame 768: heap free 54400, largest 28672, min ever 53572, zone free 41188, stack free 14540, uptime 26 s, gamestate 0, demo 1, usergame 0, tic 855
frame 769: 33500 us total, 11793 us display, type 3
frame 770: 33816 us total, 11692 us display, type 3
frame 771: 34013 us total, 11699 us display, type 3
frame 772: 32048 us total, 11706 us display, type 3
frame 773: 33412 us total, 11699 us display, type 3
frame 774: 35542 us total, 11692 us display, type 3
frame 775: 33777 us total, 11699 us display, type 3
frame 776: 33668 us total, 11947 us display, type 3
frame 777: 33777 us total, 11699 us display, type 3
frame 778: 33576 us total, 11685 us display, type 3
frame 779: 36066 us total, 11699 us display, type 3
frame 780: 34022 us total, 11692 us display, type 3
frame 781: 34388 us total, 11692 us display, type 3
frame 782: 34568 us total, 11699 us display, type 3
frame 783: 33878 us total, 11696 us display, type 3
frame 784: 36258 us total, 11692 us display, type 3
frame 785: 36055 us total, 11699 us display, type 3
frame 786: 38313 us total, 11695 us display, type 3
frame 787: 38214 us total, 11698 us display, type 3
frame 788: 38949 us total, 11692 us display, type 3
frame 789: 37877 us total, 11848 us display, type 3
frame 790: 38115 us total, 11700 us display, type 3
frame 791: 39698 us total, 11839 us display, type 3
frame 792: 39659 us total, 11699 us display, type 3
frame 793: 40125 us total, 11955 us display, type 3
frame 794: 39430 us total, 11706 us display, type 3
frame 795: 39373 us total, 11699 us display, type 3
frame 796: 41195 us total, 11874 us display, type 3
frame 797: 38742 us total, 11692 us display, type 3
frame 798: 41812 us total, 11920 us display, type 3
frame 799: 40920 us total, 11828 us display, type 3
frame 800: 40081 us total, 12033 us display, type 3
frame 801: 41981 us total, 11699 us display, type 3
frame 802: 39543 us total, 11699 us display, type 3
frame 803: 40457 us total, 11685 us display, type 3
frame 804: 38873 us total, 11790 us display, type 3
frame 805: 38870 us total, 11779 us display, type 3
frame 806: 39983 us total, 12045 us display, type 3
frame 807: 38851 us total, 11699 us display, type 3
input: down 0x00001
frame 808: 41124 us total, 11870 us display, type 3
frame 809: 38061 us total, 11953 us display, type 3
frame 810: 38304 us total, 12212 us display, type 3
frame 811: 37450 us total, 12090 us display, type 3
frame 812: 36430 us total, 11852 us display, type 3
frame 813: 35931 us total, 11699 us display, type 3
frame 814: 38285 us total, 12167 us display, type 3
frame 815: 35681 us total, 12554 us display, type 3
frame 816: 36352 us total, 11692 us display, type 3
frame 817: 35946 us total, 11992 us display, type 3
input: down 0x00001
frame 818: 36836 us total, 11713 us display, type 3
frame 819: 37991 us total, 12382 us display, type 3
frame 820: 36659 us total, 12068 us display, type 3
frame 821: 40647 us total, 11692 us display, type 3
frame 822: 40025 us total, 12311 us display, type 3
frame 823: 40080 us total, 12175 us display, type 3
frame 824: 46113 us total, 11692 us display, type 3
frame 825: 46326 us total, 11699 us display, type 3
frame 826: 47382 us total, 11950 us display, type 3
frame 827: 46140 us total, 11984 us display, type 3
frame 828: 47617 us total, 12283 us display, type 3
frame 829: 46171 us total, 11699 us display, type 3
frame 830: 47465 us total, 12044 us display, type 3
frame 831: 44700 us total, 11692 us display, type 3
frame 832: 46220 us total, 12302 us display, type 3
frame 833: 45004 us total, 12300 us display, type 3
input: down 0x00010
frame 834: 45192 us total, 11846 us display, type 3
frame 835: 43795 us total, 12151 us display, type 3
frame 836: 50625 us total, 12198 us display, type 5
frame 837: 13986 us total, 12913 us display, type 5
frame 838: 14008 us total, 12658 us display, type 5
frame 839: 13403 us total, 12361 us display, type 5
frame 840: 13449 us total, 12609 us display, type 5
frame 841: 13736 us total, 12375 us display, type 5
frame 842: 13441 us total, 12588 us display, type 5
frame 843: 13273 us total, 12336 us display, type 5
frame 844: 13903 us total, 12613 us display, type 5
frame 845: 13272 us total, 12353 us display, type 5
frame 846: 13001 us total, 12149 us display, type 5
frame 847: 14023 us total, 12166 us display, type 5
frame 848: 13204 us total, 12351 us display, type 5
frame 849: 13515 us total, 12627 us display, type 5
frame 850: 13642 us total, 12322 us display, type 5
frame 851: 13557 us total, 12633 us display, type 5
frame 852: 13183 us total, 12312 us display, type 5
frame 853: 13952 us total, 12611 us display, type 5
frame 854: 13237 us total, 12332 us display, type 5
frame 855: 12995 us total, 12161 us display, type 5
frame 856: 13521 us total, 12155 us display, type 5
frame 857: 13198 us total, 12153 us display, type 5
frame 858: 13920 us total, 12633 us display, type 5
frame 859: 13195 us total, 12327 us display, type 5
frame 860: 13545 us total, 12622 us display, type 5
frame 861: 13232 us total, 12315 us display, type 5
frame 862: 13565 us total, 12636 us display, type 5
frame 863: 13237 us total, 12327 us display, type 5
frame 864: 13556 us total, 12632 us display, type 5
frame 865: 12997 us total, 12150 us display, type 5
frame 866: 13249 us total, 12162 us display, type 5
frame 867: 23301 us total, 12540 us display, type 5
frame 868: 13913 us total, 12840 us display, type 5
frame 869: 13206 us total, 12331 us display, type 5
frame 870: 13552 us total, 12619 us display, type 5
frame 871: 13216 us total, 12294 us display, type 5
frame 872: 13069 us total, 12147 us display, type 5
frame 873: 13419 us total, 12605 us display, type 5
frame 874: 13321 us total, 12367 us display, type 5
frame 875: 14669 us total, 12759 us display, type 5
frame 876: 13341 us total, 12352 us display, type 5
frame 877: 13550 us total, 12646 us display, type 5
frame 878: 13309 us total, 12352 us display, type 5
frame 879: 13457 us total, 12605 us display, type 5
frame 880: 13359 us total, 12354 us display, type 5
frame 881: 12968 us total, 12143 us display, type 5
frame 882: 13432 us total, 12165 us display, type 5
frame 883: 13348 us total, 12347 us display, type 5
frame 884: 13453 us total, 12604 us display, type 5
frame 885: 13309 us total, 12354 us display, type 5
frame 886: 13579 us total, 12698 us display, type 5
frame 887: 13270 us total, 12348 us display, type 5
frame 888: 13453 us total, 12601 us display, type 5
frame 889: 13340 us total, 12350 us display, type 5
frame 890: 12993 us total, 12143 us display, type 5
frame 891: 13535 us total, 12170 us display, type 5
frame 892: 13183 us total, 12326 us display, type 5
frame 893: 13540 us total, 12625 us display, type 5
frame 894: 13347 us total, 12419 us display, type 5
frame 895: 13595 us total, 12660 us display, type 5
frame 896: 13200 us total, 12314 us display, type 5
frame 897: 13459 us total, 12592 us display, type 5
frame 898: 13275 us total, 12349 us display, type 5
frame 899: 12976 us total, 12142 us display, type 5
frame 900: 13578 us total, 12172 us display, type 5
frame 901: 13158 us total, 12332 us display, type 5
frame 902: 13498 us total, 12624 us display, type 5
frame 903: 13231 us total, 12318 us display, type 5
frame 904: 13543 us total, 12631 us display, type 5
frame 905: 13167 us total, 12316 us display, type 5
frame 906: 13661 us total, 12718 us display, type 5
frame 907: 13158 us total, 12321 us display, type 5
frame 908: 12737 us total, 11659 us display, type 3
frame 909: 45951 us total, 11705 us display, type 3
frame 910: 39285 us total, 11691 us display, type 3
frame 911: 40232 us total, 12006 us display, type 3
frame 912: 39752 us total, 11691 us display, type 3
frame 913: 40055 us total, 11692 us display, type 3
frame 914: 40738 us total, 12114 us display, type 3
frame 915: 40214 us total, 11694 us display, type 3
frame 916: 39852 us total, 11699 us display, type 3
frame 917: 41038 us total, 12014 us display, type 3
frame 918: 40594 us total, 11705 us display, type 3
frame 919: 40682 us total, 11692 us display, type 3
frame 920: 41323 us total, 12128 us display, type 3
frame 921: 40695 us total, 11697 us display, type 3
frame 922: 40172 us total, 11962 us display, type 3
frame 923: 39534 us total, 11702 us display, type 3
frame 924: 40081 us total, 11822 us display, type 3
frame 925: 40411 us total, 11958 us display, type 3
frame 926: 39849 us total, 11692 us display, type 3
frame 927: 40296 us total, 11712 us display, type 3
frame 928: 39863 us total, 11813 us display, type 3
frame 929: 39434 us total, 11706 us display, type 3
frame 930: 40249 us total, 11692 us display, type 3
frame 931: 39759 us total, 11692 us display, type 3
frame 932: 39978 us total, 11706 us display, type 3
frame 933: 40301 us total, 11699 us display, type 3
frame 934: 39942 us total, 11685 us display, type 3
frame 935: 39873 us total, 11699 us display, type 3
frame 936: 40080 us total, 11824 us display, type 3
frame 937: 39908 us total, 11692 us display, type 3
frame 938: 39803 us total, 11705 us display, type 3
frame 939: 40242 us total, 11887 us display, type 3
frame 940: 40426 us total, 11791 us display, type 3
frame 941: 39549 us total, 11699 us display, type 3
frame 942: 40186 us total, 11692 us display, type 3
frame 943: 39884 us total, 11689 us display, type 3
frame 944: 39738 us total, 11706 us display, type 3
frame 945: 40271 us total, 11788 us display, type 3
frame 946: 39732 us total, 11692 us display, type 3
frame 947: 40290 us total, 11699 us display, type 3
frame 948: 40079 us total, 11692 us display, type 3
frame 949: 39769 us total, 11699 us display, type 3
frame 950: 40654 us total, 12468 us display, type 3
frame 951: 40607 us total, 11691 us display, type 3
axes L   1641 -23221 R    417   1243 T     0 32767 level 1, 107 reports in 31548 ms
input: down 0x4000000
frame 952: 42357 us total, 12198 us display, type 3
frame 953: 40397 us total, 11777 us display, type 3
frame 954: 40870 us total, 11699 us display, type 3
frame 955: 43771 us total, 12283 us display, type 3
frame 956: 42006 us total, 11698 us display, type 3
frame 957: 42213 us total, 12330 us display, type 3
frame 958: 42070 us total, 11692 us display, type 3
frame 959: 41814 us total, 12055 us display, type 3
input: down 0x00010
frame 960: 42087 us total, 12052 us display, type 3
frame 961: 42245 us total, 11820 us display, type 3
frame 962: 42281 us total, 11698 us display, type 3
input: down 0x4000000
frame 963: 41997 us total, 11685 us display, type 3
frame 964: 41113 us total, 12409 us display, type 3
frame 965: 43219 us total, 12037 us display, type 3
frame 966: 41750 us total, 11691 us display, type 3
frame 967: 42571 us total, 12228 us display, type 3
frame 968: 42556 us total, 11775 us display, type 3
frame 969: 41538 us total, 11685 us display, type 3
frame 970: 41783 us total, 12066 us display, type 3
frame 971: 41641 us total, 11692 us display, type 3
frame 972: 41774 us total, 12212 us display, type 3
frame 973: 41311 us total, 11699 us display, type 3
frame 974: 41156 us total, 11713 us display, type 3
frame 975: 42017 us total, 12583 us display, type 3
frame 976: 40917 us total, 11699 us display, type 3
frame 977: 40437 us total, 11685 us display, type 3
frame 978: 41413 us total, 12555 us display, type 3
frame 979: 40549 us total, 11692 us display, type 3
frame 980: 41181 us total, 12304 us display, type 3
frame 981: 40437 us total, 12562 us display, type 3
frame 982: 41177 us total, 11892 us display, type 3
frame 983: 41206 us total, 12008 us display, type 3
frame 984: 40470 us total, 11705 us display, type 3
frame 985: 40196 us total, 11736 us display, type 3
frame 986: 41032 us total, 12037 us display, type 3
frame 987: 40580 us total, 11834 us display, type 3
frame 988: 40521 us total, 11699 us display, type 3
frame 989: 41669 us total, 12234 us display, type 3
frame 990: 40904 us total, 11692 us display, type 3
frame 991: 40702 us total, 11926 us display, type 3
frame 992: 40305 us total, 12272 us display, type 3
frame 993: 40588 us total, 11699 us display, type 3
frame 994: 41011 us total, 12270 us display, type 3
frame 995: 40461 us total, 11692 us display, type 3
frame 996: 40845 us total, 11692 us display, type 3
frame 997: 41462 us total, 12116 us display, type 3
frame 998: 40571 us total, 11937 us display, type 3
frame 999: 40519 us total, 12044 us display, type 3
frame 1000: 40904 us total, 12035 us display, type 3
frame 1001: 40705 us total, 11705 us display, type 3
frame 1002: 40661 us total, 11690 us display, type 3
frame 1003: 40207 us total, 11698 us display, type 3
frame 1004: 40308 us total, 11705 us display, type 3
frame 1005: 39833 us total, 11692 us display, type 3
frame 1006: 40230 us total, 11909 us display, type 3
frame 1007: 40015 us total, 11699 us display, type 3
frame 1008: 39766 us total, 11692 us display, type 3
input: down 0x00010
frame 1009: 40415 us total, 11706 us display, type 3
frame 1010: 41173 us total, 11692 us display, type 3
frame 1011: 40270 us total, 11891 us display, type 3
frame 1012: 39521 us total, 11699 us display, type 3
frame 1013: 42055 us total, 11699 us display, type 3
frame 1014: 41216 us total, 11705 us display, type 3
frame 1015: 40934 us total, 11685 us display, type 3
frame 1016: 41533 us total, 12012 us display, type 3
frame 1017: 41230 us total, 11789 us display, type 3
frame 1018: 41254 us total, 11806 us display, type 3
frame 1019: 40573 us total, 11692 us display, type 3
frame 1020: 40993 us total, 11985 us display, type 3
frame 1021: 40757 us total, 11699 us display, type 3
frame 1022: 40614 us total, 11772 us display, type 3
frame 1023: 40419 us total, 11692 us display, type 3
frame 1024: 40386 us total, 11752 us display, type 3
audio: 1 underruns, 46 ms queued
mem @frame 1024: heap free 54400, largest 28672, min ever 53572, zone free 55016, stack free 14540, uptime 34 s, gamestate 0, demo 0, usergame 1, tic 1114
frame 1025: 41609 us total, 11692 us display, type 3
frame 1026: 39912 us total, 11770 us display, type 3
frame 1027: 39875 us total, 11692 us display, type 3
frame 1028: 39982 us total, 11692 us display, type 3
frame 1029: 39773 us total, 11697 us display, type 3
frame 1030: 40168 us total, 11692 us display, type 3
frame 1031: 40478 us total, 11699 us display, type 3
frame 1032: 40070 us total, 11692 us display, type 3
frame 1033: 39969 us total, 11923 us display, type 3
frame 1034: 40003 us total, 11699 us display, type 3
frame 1035: 40042 us total, 11692 us display, type 3
frame 1036: 39987 us total, 11959 us display, type 3
frame 1037: 40340 us total, 11820 us display, type 3
frame 1038: 40364 us total, 11863 us display, type 3
frame 1039: 39659 us total, 11696 us display, type 3
frame 1040: 40184 us total, 11691 us display, type 3
frame 1041: 39816 us total, 11685 us display, type 3
frame 1042: 39902 us total, 11699 us display, type 3
frame 1043: 40073 us total, 11757 us display, type 3
frame 1044: 39830 us total, 11692 us display, type 3
frame 1045: 40366 us total, 11705 us display, type 3
frame 1046: 40084 us total, 11698 us display, type 3
frame 1047: 40093 us total, 11813 us display, type 3
frame 1048: 39513 us total, 11699 us display, type 3
frame 1049: 40062 us total, 11795 us display, type 3
frame 1050: 40006 us total, 11692 us display, type 3
frame 1051: 39815 us total, 11698 us display, type 3
frame 1052: 40660 us total, 11698 us display, type 3
frame 1053: 39936 us total, 11752 us display, type 3
frame 1054: 39443 us total, 11706 us display, type 3
frame 1055: 40187 us total, 11727 us display, type 3
frame 1056: 39823 us total, 11692 us display, type 3
frame 1057: 39957 us total, 11699 us display, type 3
frame 1058: 40221 us total, 11940 us display, type 3
input: down 0x00010
frame 1059: 40348 us total, 11877 us display, type 3
frame 1060: 41240 us total, 12022 us display, type 3
frame 1061: 40265 us total, 11969 us display, type 3
frame 1062: 42220 us total, 11830 us display, type 3
frame 1063: 41368 us total, 11704 us display, type 3
frame 1064: 41202 us total, 12020 us display, type 3
frame 1065: 41155 us total, 11706 us display, type 3
frame 1066: 41241 us total, 11691 us display, type 3
frame 1067: 41318 us total, 11760 us display, type 3
frame 1068: 40716 us total, 11692 us display, type 3
frame 1069: 41049 us total, 11692 us display, type 3
frame 1070: 40540 us total, 11705 us display, type 3
frame 1071: 40330 us total, 11685 us display, type 3
frame 1072: 40282 us total, 11692 us display, type 3
frame 1073: 40138 us total, 11692 us display, type 3
frame 1074: 40481 us total, 11692 us display, type 3
frame 1075: 39829 us total, 11732 us display, type 3
frame 1076: 40357 us total, 11815 us display, type 3
frame 1077: 39839 us total, 11692 us display, type 3
frame 1078: 39804 us total, 11734 us display, type 3
frame 1079: 40352 us total, 11985 us display, type 3
frame 1080: 39870 us total, 11699 us display, type 3
frame 1081: 40738 us total, 11844 us display, type 3
frame 1082: 40319 us total, 11972 us display, type 3
frame 1083: 39743 us total, 11692 us display, type 3
frame 1084: 39950 us total, 11826 us display, type 3
frame 1085: 40258 us total, 11925 us display, type 3
frame 1086: 39995 us total, 11699 us display, type 3
frame 1087: 39827 us total, 11705 us display, type 3
frame 1088: 40585 us total, 11692 us display, type 3
frame 1089: 40013 us total, 11960 us display, type 3
frame 1090: 39584 us total, 11700 us display, type 3
frame 1091: 40146 us total, 11699 us display, type 3
frame 1092: 39775 us total, 11692 us display, type 3
frame 1093: 39804 us total, 11762 us display, type 3
frame 1094: 40318 us total, 11730 us display, type 3
frame 1095: 40354 us total, 11823 us display, type 3
frame 1096: 39759 us total, 11697 us display, type 3
frame 1097: 39991 us total, 11699 us display, type 3
frame 1098: 39850 us total, 11692 us display, type 3
frame 1099: 40011 us total, 11706 us display, type 3
frame 1100: 39998 us total, 11737 us display, type 3
frame 1101: 40401 us total, 11947 us display, type 3
frame 1102: 39874 us total, 11698 us display, type 3
frame 1103: 40326 us total, 11699 us display, type 3
frame 1104: 39807 us total, 11755 us display, type 3
frame 1105: 39439 us total, 11706 us display, type 3
frame 1106: 40216 us total, 11699 us display, type 3
frame 1107: 39821 us total, 11691 us display, type 3
frame 1108: 39919 us total, 11699 us display, type 3
input: down 0x00010
frame 1109: 40836 us total, 11698 us display, type 3
frame 1110: 40700 us total, 11767 us display, type 3
frame 1111: 39667 us total, 11698 us display, type 3
frame 1112: 40061 us total, 11698 us display, type 3
frame 1113: 42114 us total, 11869 us display, type 3
frame 1114: 41370 us total, 11692 us display, type 3
frame 1115: 41030 us total, 11813 us display, type 3
frame 1116: 41812 us total, 11692 us display, type 3
frame 1117: 40895 us total, 11691 us display, type 3
frame 1118: 40737 us total, 11685 us display, type 3
frame 1119: 41042 us total, 11696 us display, type 3
frame 1120: 41093 us total, 11692 us display, type 3
frame 1121: 40712 us total, 11808 us display, type 3
frame 1122: 40360 us total, 11685 us display, type 3
frame 1123: 40294 us total, 11699 us display, type 3
frame 1124: 40059 us total, 11699 us display, type 3
frame 1125: 39912 us total, 11698 us display, type 3
frame 1126: 40022 us total, 11699 us display, type 3
frame 1127: 40033 us total, 11704 us display, type 3
frame 1128: 39801 us total, 11692 us display, type 3
frame 1129: 39984 us total, 11699 us display, type 3
frame 1130: 40864 us total, 11971 us display, type 3
frame 1131: 39876 us total, 11685 us display, type 3
frame 1132: 40032 us total, 11692 us display, type 3
frame 1133: 40078 us total, 11805 us display, type 3
frame 1134: 39792 us total, 11699 us display, type 3
frame 1135: 40088 us total, 11694 us display, type 3
frame 1136: 40115 us total, 11940 us display, type 3
frame 1137: 40437 us total, 11696 us display, type 3
frame 1138: 40158 us total, 11922 us display, type 3
frame 1139: 39991 us total, 11706 us display, type 3
frame 1140: 39940 us total, 11692 us display, type 3
frame 1141: 40067 us total, 11855 us display, type 3
frame 1142: 40335 us total, 11921 us display, type 3
frame 1143: 39746 us total, 11692 us display, type 3
frame 1144: 39937 us total, 11699 us display, type 3
frame 1145: 40785 us total, 11698 us display, type 3
frame 1146: 39817 us total, 11685 us display, type 3
frame 1147: 39868 us total, 11692 us display, type 3
frame 1148: 39950 us total, 11699 us display, type 3
frame 1149: 39788 us total, 11691 us display, type 3
frame 1150: 40059 us total, 11698 us display, type 3
frame 1151: 40048 us total, 11696 us display, type 3
frame 1152: 40398 us total, 11691 us display, type 3
frame 1153: 39786 us total, 11692 us display, type 3
frame 1154: 40066 us total, 11695 us display, type 3
frame 1155: 39940 us total, 11685 us display, type 3
frame 1156: 39813 us total, 11691 us display, type 3
frame 1157: 40078 us total, 11692 us display, type 3
frame 1158: 39952 us total, 11685 us display, type 3
frame 1159: 40574 us total, 11955 us display, type 3
frame 1160: 40320 us total, 11691 us display, type 3
frame 1161: 39800 us total, 11699 us display, type 3
frame 1162: 39948 us total, 11698 us display, type 3
frame 1163: 40254 us total, 11863 us display, type 3
frame 1164: 39729 us total, 11695 us display, type 3
frame 1165: 40005 us total, 11713 us display, type 3
frame 1166: 40407 us total, 11692 us display, type 3
frame 1167: 40234 us total, 11753 us display, type 3
frame 1168: 39453 us total, 11699 us display, type 3
frame 1169: 40126 us total, 11841 us display, type 3
frame 1170: 40038 us total, 11685 us display, type 3
frame 1171: 39810 us total, 11705 us display, type 3
frame 1172: 40269 us total, 11691 us display, type 3
frame 1173: 40305 us total, 11857 us display, type 3
frame 1174: 39529 us total, 11705 us display, type 3
frame 1175: 40247 us total, 11692 us display, type 3
frame 1176: 39846 us total, 11685 us display, type 3
frame 1177: 39928 us total, 11698 us display, type 3
frame 1178: 40075 us total, 11809 us display, type 3
frame 1179: 39802 us total, 11693 us display, type 3
frame 1180: 40438 us total, 11699 us display, type 3
frame 1181: 40112 us total, 11698 us display, type 3
frame 1182: 40016 us total, 11760 us display, type 3
frame 1183: 39444 us total, 11705 us display, type 3
frame 1184: 40139 us total, 11767 us display, type 3
frame 1185: 39968 us total, 11692 us display, type 3
frame 1186: 39811 us total, 11706 us display, type 3
frame 1187: 40637 us total, 11692 us display, type 3
frame 1188: 40002 us total, 11731 us display, type 3
frame 1189: 39513 us total, 11701 us display, type 3
frame 1190: 40151 us total, 11692 us display, type 3
frame 1191: 39726 us total, 11692 us display, type 3
frame 1192: 40053 us total, 11699 us display, type 3
frame 1193: 40189 us total, 11832 us display, type 3
frame 1194: 39866 us total, 11699 us display, type 3
frame 1195: 40384 us total, 11691 us display, type 3
frame 1196: 39997 us total, 11691 us display, type 3
frame 1197: 40134 us total, 11786 us display, type 3
frame 1198: 39431 us total, 11699 us display, type 3
frame 1199: 40151 us total, 11789 us display, type 3
frame 1200: 39916 us total, 11692 us display, type 3
frame 1201: 39962 us total, 11699 us display, type 3
frame 1202: 40662 us total, 11706 us display, type 3
frame 1203: 39883 us total, 11820 us display, type 3
frame 1204: 39457 us total, 11698 us display, type 3
frame 1205: 40250 us total, 11699 us display, type 3
frame 1206: 39850 us total, 11699 us display, type 3
frame 1207: 39884 us total, 11699 us display, type 3
frame 1208: 40177 us total, 11748 us display, type 3
frame 1209: 40355 us total, 11881 us display, type 3
frame 1210: 39859 us total, 11692 us display, type 3
frame 1211: 39997 us total, 11692 us display, type 3
frame 1212: 40164 us total, 11903 us display, type 3
frame 1213: 39481 us total, 11699 us display, type 3
frame 1214: 40092 us total, 11741 us display, type 3
frame 1215: 40068 us total, 11692 us display, type 3
frame 1216: 40148 us total, 11699 us display, type 3
frame 1217: 40347 us total, 11699 us display, type 3
frame 1218: 39868 us total, 11718 us display, type 3
frame 1219: 39537 us total, 11699 us display, type 3
frame 1220: 40220 us total, 11692 us display, type 3
frame 1221: 39745 us total, 11692 us display, type 3
frame 1222: 40111 us total, 11692 us display, type 3
frame 1223: 40475 us total, 11699 us display, type 3
frame 1224: 39892 us total, 11756 us display, type 3
frame 1225: 39626 us total, 11692 us display, type 3
frame 1226: 40026 us total, 11699 us display, type 3
frame 1227: 40037 us total, 11685 us display, type 3
frame 1228: 39754 us total, 11706 us display, type 3
frame 1229: 40155 us total, 11884 us display, type 3
frame 1230: 40423 us total, 11706 us display, type 3
frame 1231: 39645 us total, 11692 us display, type 3
frame 1232: 40145 us total, 11698 us display, type 3
frame 1233: 39746 us total, 11691 us display, type 3
frame 1234: 39760 us total, 11729 us display, type 3
frame 1235: 40342 us total, 11698 us display, type 3
frame 1236: 39827 us total, 11692 us display, type 3
frame 1237: 40370 us total, 11692 us display, type 3
frame 1238: 40103 us total, 11692 us display, type 3
frame 1239: 40035 us total, 11964 us display, type 3
frame 1240: 39709 us total, 11692 us display, type 3
frame 1241: 39955 us total, 11699 us display, type 3
frame 1242: 39961 us total, 11685 us display, type 3
frame 1243: 39709 us total, 11701 us display, type 3
frame 1244: 40269 us total, 11738 us display, type 3
frame 1245: 40426 us total, 11703 us display, type 3
frame 1246: 39455 us total, 11699 us display, type 3
frame 1247: 40174 us total, 11698 us display, type 3
frame 1248: 39810 us total, 11692 us display, type 3
frame 1249: 39854 us total, 11699 us display, type 3
frame 1250: 40320 us total, 11860 us display, type 3
frame 1251: 39865 us total, 11699 us display, type 3
frame 1252: 40752 us total, 11995 us display, type 3
frame 1253: 40325 us total, 11902 us display, type 3
frame 1254: 39774 us total, 11705 us display, type 3
frame 1255: 39903 us total, 12017 us display, type 3
frame 1256: 40260 us total, 11934 us display, type 3
frame 1257: 40040 us total, 11700 us display, type 3
frame 1258: 39700 us total, 11859 us display, type 3
frame 1259: 40357 us total, 11692 us display, type 3
frame 1260: 40335 us total, 11934 us display, type 3
frame 1261: 39521 us total, 11699 us display, type 3
frame 1262: 40229 us total, 11692 us display, type 3
frame 1263: 39788 us total, 11707 us display, type 3
frame 1264: 39399 us total, 11692 us display, type 3
frame 1265: 40367 us total, 11699 us display, type 3
frame 1266: 40269 us total, 11704 us display, type 3
frame 1267: 39770 us total, 11706 us display, type 3
frame 1268: 39961 us total, 11699 us display, type 3
frame 1269: 39772 us total, 11697 us display, type 3
frame 1270: 39737 us total, 11692 us display, type 3
frame 1271: 39967 us total, 11699 us display, type 3
frame 1272: 40285 us total, 11934 us display, type 3
frame 1273: 39871 us total, 11695 us display, type 3
frame 1274: 40193 us total, 11699 us display, type 3
frame 1275: 40080 us total, 11780 us display, type 3
frame 1276: 39445 us total, 11699 us display, type 3
frame 1277: 40182 us total, 11692 us display, type 3
frame 1278: 39802 us total, 11692 us display, type 3
frame 1279: 39817 us total, 11699 us display, type 3
frame 1280: 40643 us total, 11691 us display, type 3
audio: 1 underruns, 46 ms queued
mem @frame 1280: heap free 54400, largest 28672, min ever 53572, zone free 55016, stack free 14540, uptime 44 s, gamestate 0, demo 0, usergame 1, tic 1474
frame 1281: 41260 us total, 11766 us display, type 3
frame 1282: 40073 us total, 12015 us display, type 3
frame 1283: 40140 us total, 11843 us display, type 3
frame 1284: 39862 us total, 11774 us display, type 3
input: down 0x00020
frame 1285: 40248 us total, 12014 us display, type 3
frame 1286: 39964 us total, 11704 us display, type 3
frame 1287: 40608 us total, 11699 us display, type 3
frame 1288: 39892 us total, 11699 us display, type 3
frame 1289: 40017 us total, 11699 us display, type 3
frame 1290: 39788 us total, 11759 us display, type 3
frame 1291: 39866 us total, 11685 us display, type 3
frame 1292: 40121 us total, 11692 us display, type 3
frame 1293: 40004 us total, 11989 us display, type 3
frame 1294: 40320 us total, 11699 us display, type 3
frame 1295: 40237 us total, 11818 us display, type 3
frame 1296: 39986 us total, 11705 us display, type 3
frame 1297: 39994 us total, 11699 us display, type 3
frame 1298: 40020 us total, 11816 us display, type 3
frame 1299: 40345 us total, 11900 us display, type 3
frame 1300: 39795 us total, 11694 us display, type 3
frame 1301: 40009 us total, 11699 us display, type 3
frame 1302: 40612 us total, 11706 us display, type 3
frame 1303: 39743 us total, 11692 us display, type 3
frame 1304: 40099 us total, 11692 us display, type 3
frame 1305: 39914 us total, 11692 us display, type 3
frame 1306: 39785 us total, 11686 us display, type 3
frame 1307: 40063 us total, 11699 us display, type 3
frame 1308: 40074 us total, 11699 us display, type 3
frame 1309: 40373 us total, 11692 us display, type 3
frame 1310: 40117 us total, 11977 us display, type 3
frame 1311: 39946 us total, 11699 us display, type 3
frame 1312: 40039 us total, 11699 us display, type 3
frame 1313: 40015 us total, 11730 us display, type 3
frame 1314: 40337 us total, 11946 us display, type 3
frame 1315: 39875 us total, 11692 us display, type 3
frame 1316: 40233 us total, 11692 us display, type 3
frame 1317: 40352 us total, 11698 us display, type 3
frame 1318: 39734 us total, 11685 us display, type 3
frame 1319: 39884 us total, 11691 us display, type 3
frame 1320: 39959 us total, 11691 us display, type 3
frame 1321: 39812 us total, 11691 us display, type 3
frame 1322: 40179 us total, 11694 us display, type 3
frame 1323: 40384 us total, 11699 us display, type 3
frame 1324: 40027 us total, 11692 us display, type 3
frame 1325: 40143 us total, 11995 us display, type 3
frame 1326: 40288 us total, 11927 us display, type 3
frame 1327: 39966 us total, 11692 us display, type 3
frame 1328: 39781 us total, 11757 us display, type 3
frame 1329: 40312 us total, 11691 us display, type 3
frame 1330: 40376 us total, 11811 us display, type 3
frame 1331: 39576 us total, 11699 us display, type 3
frame 1332: 40157 us total, 11692 us display, type 3
frame 1333: 39797 us total, 11692 us display, type 3
frame 1334: 39971 us total, 11706 us display, type 3
frame 1335: 40121 us total, 11852 us display, type 3
frame 1336: 39747 us total, 11692 us display, type 3
frame 1337: 40354 us total, 11699 us display, type 3
frame 1338: 40180 us total, 11698 us display, type 3
frame 1339: 40101 us total, 11834 us display, type 3
frame 1340: 39453 us total, 11699 us display, type 3
frame 1341: 40117 us total, 11827 us display, type 3
frame 1342: 40073 us total, 11685 us display, type 3
frame 1343: 39792 us total, 11698 us display, type 3
frame 1344: 40615 us total, 11698 us display, type 3
frame 1345: 39947 us total, 11762 us display, type 3
frame 1346: 39457 us total, 11699 us display, type 3
frame 1347: 40238 us total, 11692 us display, type 3
frame 1348: 39751 us total, 11692 us display, type 3
frame 1349: 39912 us total, 11698 us display, type 3
frame 1350: 39958 us total, 11699 us display, type 3
frame 1351: 39963 us total, 11692 us display, type 3
frame 1352: 40388 us total, 11692 us display, type 3
frame 1353: 40014 us total, 11699 us display, type 3
frame 1354: 39885 us total, 11699 us display, type 3
frame 1355: 39798 us total, 11699 us display, type 3
frame 1356: 40221 us total, 11830 us display, type 3
frame 1357: 39932 us total, 11692 us display, type 3
frame 1358: 39841 us total, 11698 us display, type 3
frame 1359: 40670 us total, 11692 us display, type 3
frame 1360: 39963 us total, 11840 us display, type 3
frame 1361: 39437 us total, 11702 us display, type 3
frame 1362: 40220 us total, 11698 us display, type 3
frame 1363: 39777 us total, 11692 us display, type 3
frame 1364: 39972 us total, 11699 us display, type 3
frame 1365: 40220 us total, 11815 us display, type 3
frame 1366: 40366 us total, 11861 us display, type 3
frame 1367: 39767 us total, 11699 us display, type 3
frame 1368: 40049 us total, 11692 us display, type 3
frame 1369: 40197 us total, 11960 us display, type 3
frame 1370: 39457 us total, 11699 us display, type 3
frame 1371: 40127 us total, 11799 us display, type 3
frame 1372: 40425 us total, 11971 us display, type 3
frame 1373: 40224 us total, 11972 us display, type 3
frame 1374: 40322 us total, 11728 us display, type 3
frame 1375: 39777 us total, 11704 us display, type 3
frame 1376: 39457 us total, 11699 us display, type 3
frame 1377: 40252 us total, 11699 us display, type 3
frame 1378: 39963 us total, 11864 us display, type 3
frame 1379: 39681 us total, 11692 us display, type 3
frame 1380: 40406 us total, 11699 us display, type 3
frame 1381: 39980 us total, 11705 us display, type 3
frame 1382: 39644 us total, 11699 us display, type 3
frame 1383: 39976 us total, 11692 us display, type 3
frame 1384: 39943 us total, 11699 us display, type 3
frame 1385: 39774 us total, 11699 us display, type 3
frame 1386: 40168 us total, 11817 us display, type 3
frame 1387: 40470 us total, 11698 us display, type 3
frame 1388: 39567 us total, 11692 us display, type 3
frame 1389: 40201 us total, 11692 us display, type 3
frame 1390: 39821 us total, 11691 us display, type 3
frame 1391: 39710 us total, 11706 us display, type 3
frame 1392: 40274 us total, 11771 us display, type 3
frame 1393: 39761 us total, 11692 us display, type 3
frame 1394: 40339 us total, 11699 us display, type 3
frame 1395: 40080 us total, 11695 us display, type 3
frame 1396: 39793 us total, 11685 us display, type 3
frame 1397: 39857 us total, 11699 us display, type 3
frame 1398: 40172 us total, 11807 us display, type 3
frame 1399: 39923 us total, 11691 us display, type 3
frame 1400: 39769 us total, 11759 us display, type 3
frame 1401: 40265 us total, 11870 us display, type 3
frame 1402: 40567 us total, 11705 us display, type 3
frame 1403: 39508 us total, 11692 us display, type 3
frame 1404: 40090 us total, 11692 us display, type 3
frame 1405: 39754 us total, 11699 us display, type 3
frame 1406: 39803 us total, 11761 us display, type 3
frame 1407: 40321 us total, 11758 us display, type 3
frame 1408: 39876 us total, 11699 us display, type 3
frame 1409: 40373 us total, 11691 us display, type 3
input: down 0x00010
frame 1410: 40236 us total, 11698 us display, type 3
frame 1411: 40816 us total, 11925 us display, type 3
frame 1412: 39583 us total, 11706 us display, type 3
frame 1413: 40012 us total, 11727 us display, type 3
frame 1414: 41942 us total, 11699 us display, type 3
frame 1415: 41112 us total, 11699 us display, type 3
frame 1416: 41664 us total, 11805 us display, type 3
frame 1417: 41586 us total, 11692 us display, type 3
frame 1418: 40485 us total, 11699 us display, type 3
frame 1419: 40848 us total, 11692 us display, type 3
frame 1420: 40743 us total, 11692 us display, type 3
frame 1421: 40999 us total, 11691 us display, type 3
frame 1422: 40645 us total, 11700 us display, type 3
frame 1423: 41271 us total, 11685 us display, type 3
frame 1424: 39996 us total, 11691 us display, type 3
frame 1425: 40062 us total, 11929 us display, type 3
frame 1426: 39914 us total, 11692 us display, type 3
frame 1427: 39972 us total, 11692 us display, type 3
frame 1428: 40125 us total, 11840 us display, type 3
frame 1429: 39876 us total, 11685 us display, type 3
frame 1430: 40325 us total, 11699 us display, type 3
frame 1431: 40176 us total, 11706 us display, type 3
frame 1432: 39848 us total, 11692 us display, type 3
frame 1433: 40326 us total, 11917 us display, type 3
frame 1434: 39927 us total, 11698 us display, type 3
frame 1435: 39732 us total, 11692 us display, type 3
frame 1436: 40341 us total, 11699 us display, type 3
frame 1437: 40432 us total, 11699 us display, type 3
frame 1438: 40040 us total, 11691 us display, type 3
frame 1439: 39833 us total, 11691 us display, type 3
frame 1440: 39989 us total, 11740 us display, type 3
frame 1441: 40059 us total, 11692 us display, type 3
frame 1442: 39892 us total, 11692 us display, type 3
frame 1443: 40285 us total, 11692 us display, type 3
frame 1444: 40144 us total, 11692 us display, type 3
frame 1445: 40246 us total, 11979 us display, type 3
frame 1446: 40345 us total, 11934 us display, type 3
frame 1447: 39753 us total, 11692 us display, type 3
frame 1448: 40021 us total, 11699 us display, type 3
frame 1449: 40233 us total, 11863 us display, type 3
frame 1450: 39988 us total, 11685 us display, type 3
frame 1451: 40597 us total, 11927 us display, type 3
frame 1452: 40297 us total, 11889 us display, type 3
frame 1453: 40048 us total, 11699 us display, type 3
frame 1454: 39755 us total, 11699 us display, type 3
frame 1455: 40234 us total, 11800 us display, type 3
frame 1456: 39739 us total, 11692 us display, type 3
frame 1457: 39932 us total, 11901 us display, type 3
frame 1458: 40764 us total, 11698 us display, type 3
frame 1459: 39948 us total, 11767 us display, type 3
frame 1460: 39593 us total, 11692 us display, type 3
frame 1461: 40029 us total, 11760 us display, type 3
frame 1462: 39844 us total, 11699 us display, type 3
frame 1463: 39926 us total, 11698 us display, type 3
frame 1464: 40222 us total, 11970 us display, type 3
frame 1465: 40373 us total, 11723 us display, type 3
frame 1466: 39626 us total, 11691 us display, type 3
frame 1467: 40116 us total, 11692 us display, type 3
frame 1468: 40267 us total, 11980 us display, type 3
frame 1469: 39433 us total, 11699 us display, type 3
frame 1470: 40217 us total, 11692 us display, type 3
frame 1471: 39841 us total, 11705 us display, type 3
frame 1472: 39853 us total, 11706 us display, type 3
frame 1473: 40627 us total, 11692 us display, type 3
frame 1474: 39990 us total, 11959 us display, type 3
frame 1475: 39707 us total, 11691 us display, type 3
frame 1476: 40034 us total, 11692 us display, type 3
frame 1477: 39804 us total, 11692 us display, type 3
frame 1478: 39924 us total, 11705 us display, type 3
frame 1479: 40190 us total, 11744 us display, type 3
frame 1480: 40379 us total, 11698 us display, type 3
frame 1481: 39408 us total, 11699 us display, type 3
frame 1482: 40169 us total, 11909 us display, type 3
frame 1483: 40077 us total, 11685 us display, type 3
frame 1484: 40079 us total, 11983 us display, type 3
frame 1485: 40138 us total, 11692 us display, type 3
frame 1486: 40128 us total, 11963 us display, type 3
frame 1487: 39860 us total, 11698 us display, type 3
frame 1488: 40356 us total, 11699 us display, type 3
frame 1489: 39822 us total, 11698 us display, type 3
frame 1490: 39561 us total, 11692 us display, type 3
frame 1491: 40029 us total, 11740 us display, type 3
frame 1492: 39859 us total, 11699 us display, type 3
frame 1493: 40021 us total, 11699 us display, type 3
frame 1494: 40431 us total, 11699 us display, type 3
frame 1495: 40056 us total, 11753 us display, type 3
frame 1496: 39524 us total, 11699 us display, type 3
frame 1497: 40068 us total, 11712 us display, type 3
frame 1498: 39985 us total, 11695 us display, type 3
frame 1499: 39743 us total, 11738 us display, type 3
frame 1500: 40375 us total, 11692 us display, type 3
frame 1501: 40312 us total, 11728 us display, type 3
frame 1502: 39545 us total, 11699 us display, type 3
frame 1503: 40175 us total, 11699 us display, type 3
frame 1504: 39766 us total, 11699 us display, type 3
frame 1505: 40038 us total, 11699 us display, type 3
frame 1506: 40100 us total, 11846 us display, type 3
frame 1507: 39755 us total, 11698 us display, type 3
frame 1508: 40353 us total, 11698 us display, type 3
frame 1509: 40204 us total, 11698 us display, type 3
frame 1510: 40062 us total, 11886 us display, type 3
frame 1511: 39403 us total, 11699 us display, type 3
frame 1512: 40184 us total, 11850 us display, type 3
frame 1513: 40064 us total, 11685 us display, type 3
frame 1514: 39758 us total, 11699 us display, type 3
frame 1515: 40553 us total, 11692 us display, type 3
frame 1516: 40038 us total, 11878 us display, type 3
frame 1517: 39400 us total, 11699 us display, type 3
frame 1518: 40261 us total, 11692 us display, type 3
frame 1519: 39767 us total, 11692 us display, type 3
frame 1520: 39888 us total, 11708 us display, type 3
frame 1521: 39990 us total, 11698 us display, type 3
frame 1522: 39949 us total, 11691 us display, type 3
frame 1523: 40441 us total, 11691 us display, type 3
frame 1524: 39956 us total, 11697 us display, type 3
frame 1525: 39996 us total, 11685 us display, type 3
frame 1526: 39772 us total, 11706 us display, type 3
frame 1527: 40164 us total, 11780 us display, type 3
frame 1528: 39975 us total, 11699 us display, type 3
frame 1529: 39843 us total, 11698 us display, type 3
frame 1530: 40696 us total, 11699 us display, type 3
frame 1531: 39907 us total, 11774 us display, type 3
frame 1532: 39457 us total, 11699 us display, type 3
frame 1533: 40166 us total, 11700 us display, type 3
frame 1534: 39788 us total, 11699 us display, type 3
input: down 0x00010
frame 1535: 40236 us total, 11695 us display, type 3
frame 1536: 40919 us total, 11758 us display, type 3
audio: 1 underruns, 69 ms queued
mem @frame 1536: heap free 54400, largest 28672, min ever 53572, zone free 55016, stack free 14540, uptime 55 s, gamestate 0, demo 0, usergame 1, tic 1833
frame 1537: 41611 us total, 11699 us display, type 3
frame 1538: 40096 us total, 11696 us display, type 3
frame 1539: 41976 us total, 11759 us display, type 3
frame 1540: 41320 us total, 11705 us display, type 3
frame 1541: 41012 us total, 11799 us display, type 3
frame 1542: 41059 us total, 11687 us display, type 3
frame 1543: 40851 us total, 11705 us display, type 3
frame 1544: 41726 us total, 11699 us display, type 3
frame 1545: 40977 us total, 11766 us display, type 3
frame 1546: 40593 us total, 11689 us display, type 3
frame 1547: 40975 us total, 11699 us display, type 3
frame 1548: 40861 us total, 11754 us display, type 3
frame 1549: 39941 us total, 11699 us display, type 3
frame 1550: 40084 us total, 11692 us display, type 3
frame 1551: 40400 us total, 11699 us display, type 3
frame 1552: 40128 us total, 11692 us display, type 3
frame 1553: 39766 us total, 11692 us display, type 3
frame 1554: 40156 us total, 11699 us display, type 3
frame 1555: 39780 us total, 11685 us display, type 3
frame 1556: 39916 us total, 11694 us display, type 3
frame 1557: 40284 us total, 11699 us display, type 3
frame 1558: 40155 us total, 11699 us display, type 3
frame 1559: 40074 us total, 11714 us display, type 3
frame 1560: 40308 us total, 11952 us display, type 3
frame 1561: 39833 us total, 11692 us display, type 3
frame 1562: 39942 us total, 11699 us display, type 3
frame 1563: 40192 us total, 11840 us display, type 3
frame 1564: 40424 us total, 11961 us display, type 3
frame 1565: 40228 us total, 12022 us display, type 3
frame 1566: 40271 us total, 11897 us display, type 3
frame 1567: 39965 us total, 11701 us display, type 3
frame 1568: 39751 us total, 12012 us display, type 3
frame 1569: 40330 us total, 11738 us display, type 3
frame 1570: 39774 us total, 11705 us display, type 3
frame 1571: 39396 us total, 11694 us display, type 3
frame 1572: 40830 us total, 11812 us display, type 3
frame 1573: 39968 us total, 11701 us display, type 3
frame 1574: 39719 us total, 11784 us display, type 3
frame 1575: 40310 us total, 11932 us display, type 3
frame 1576: 39807 us total, 11701 us display, type 3
frame 1577: 39882 us total, 11928 us display, type 3
frame 1578: 40262 us total, 11896 us display, type 3
frame 1579: 40489 us total, 11778 us display, type 3
frame 1580: 39535 us total, 11699 us display, type 3
frame 1581: 40102 us total, 11692 us display, type 3
frame 1582: 39969 us total, 11706 us display, type 3
frame 1583: 39630 us total, 11872 us display, type 3
frame 1584: 40325 us total, 11827 us display, type 3
frame 1585: 39768 us total, 11705 us display, type 3
frame 1586: 39905 us total, 12003 us display, type 3
frame 1587: 40668 us total, 11692 us display, type 3
frame 1588: 40020 us total, 11948 us display, type 3
frame 1589: 39630 us total, 11699 us display, type 3
frame 1590: 40040 us total, 11698 us display, type 3
frame 1591: 39803 us total, 11700 us display, type 3
frame 1592: 39853 us total, 11970 us display, type 3
frame 1593: 40268 us total, 11883 us display, type 3
frame 1594: 40654 us total, 11787 us display, type 3
frame 1595: 39512 us total, 11692 us display, type 3
frame 1596: 39988 us total, 11692 us display, type 3
frame 1597: 39908 us total, 11707 us display, type 3
frame 1598: 39665 us total, 11883 us display, type 3
frame 1599: 40317 us total, 11754 us display, type 3
frame 1600: 39976 us total, 11701 us display, type 3
frame 1601: 39903 us total, 11700 us display, type 3
frame 1602: 40124 us total, 11737 us display, type 3
frame 1603: 39898 us total, 11701 us display, type 3
frame 1604: 39787 us total, 11834 us display, type 3
frame 1605: 40014 us total, 11699 us display, type 3
frame 1606: 39730 us total, 11707 us display, type 3
frame 1607: 39808 us total, 11699 us display, type 3
frame 1608: 40715 us total, 11923 us display, type 3
frame 1609: 40069 us total, 11707 us display, type 3
frame 1610: 39663 us total, 11916 us display, type 3
frame 1611: 39927 us total, 11699 us display, type 3
frame 1612: 40118 us total, 11712 us display, type 3
frame 1613: 39444 us total, 11692 us display, type 3
frame 1614: 40303 us total, 11706 us display, type 3
frame 1615: 40177 us total, 11711 us display, type 3
frame 1616: 39597 us total, 11692 us display, type 3
frame 1617: 40166 us total, 11691 us display, type 3
frame 1618: 40009 us total, 11951 us display, type 3
frame 1619: 39698 us total, 11692 us display, type 3
frame 1620: 40060 us total, 11692 us display, type 3
frame 1621: 39860 us total, 11692 us display, type 3
frame 1622: 40645 us total, 11978 us display, type 3
frame 1623: 40276 us total, 11836 us display, type 3
frame 1624: 40021 us total, 11700 us display, type 3
frame 1625: 39704 us total, 11775 us display, type 3
frame 1626: 39939 us total, 11698 us display, type 3
frame 1627: 39981 us total, 11704 us display, type 3
frame 1628: 39439 us total, 11692 us display, type 3
frame 1629: 40949 us total, 11943 us display, type 3
frame 1630: 39958 us total, 11701 us display, type 3
frame 1631: 39717 us total, 11972 us display, type 3
frame 1632: 40338 us total, 11922 us display, type 3
frame 1633: 39860 us total, 11707 us display, type 3
frame 1634: 39815 us total, 11844 us display, type 3
frame 1635: 39967 us total, 11706 us display, type 3
frame 1636: 39820 us total, 11698 us display, type 3
frame 1637: 40212 us total, 11719 us display, type 3
frame 1638: 40267 us total, 11903 us display, type 3
frame 1639: 40016 us total, 11701 us display, type 3
frame 1640: 39718 us total, 11978 us display, type 3
frame 1641: 39998 us total, 11698 us display, type 3
frame 1642: 40028 us total, 11705 us display, type 3
frame 1643: 39544 us total, 11692 us display, type 3
frame 1644: 40745 us total, 11794 us display, type 3
frame 1645: 39762 us total, 11705 us display, type 3
frame 1646: 39475 us total, 11698 us display, type 3
frame 1647: 40192 us total, 11691 us display, type 3
frame 1648: 39997 us total, 11847 us display, type 3
frame 1649: 39628 us total, 11692 us display, type 3
frame 1650: 40286 us total, 11691 us display, type 3
frame 1651: 40247 us total, 11710 us display, type 3
frame 1652: 39715 us total, 11698 us display, type 3
frame 1653: 39975 us total, 11692 us display, type 3
frame 1654: 40168 us total, 11820 us display, type 3
frame 1655: 39537 us total, 11699 us display, type 3
frame 1656: 40037 us total, 11754 us display, type 3
frame 1657: 40402 us total, 11974 us display, type 3
frame 1658: 39864 us total, 11692 us display, type 3
frame 1659: 40375 us total, 11698 us display, type 3
frame 1660: 39792 us total, 11736 us display, type 3
frame 1661: 39437 us total, 11698 us display, type 3
frame 1662: 40180 us total, 11692 us display, type 3
frame 1663: 39835 us total, 11692 us display, type 3
frame 1664: 40022 us total, 11699 us display, type 3
frame 1665: 40399 us total, 11692 us display, type 3
frame 1666: 40104 us total, 11847 us display, type 3
frame 1667: 39704 us total, 11692 us display, type 3
frame 1668: 40056 us total, 11691 us display, type 3
frame 1669: 40260 us total, 11966 us display, type 3
frame 1670: 39427 us total, 11698 us display, type 3
frame 1671: 40144 us total, 11869 us display, type 3
frame 1672: 40508 us total, 11705 us display, type 3
frame 1673: 39565 us total, 11699 us display, type 3
frame 1674: 40185 us total, 11692 us display, type 3
frame 1675: 40173 us total, 11909 us display, type 3
frame 1676: 39507 us total, 11699 us display, type 3
frame 1677: 40198 us total, 11698 us display, type 3
frame 1678: 39754 us total, 11692 us display, type 3
frame 1679: 40357 us total, 11692 us display, type 3
frame 1680: 40173 us total, 11692 us display, type 3
frame 1681: 39990 us total, 11861 us display, type 3
frame 1682: 39653 us total, 11698 us display, type 3
frame 1683: 39985 us total, 11692 us display, type 3
frame 1684: 40390 us total, 11954 us display, type 3
frame 1685: 39506 us total, 11698 us display, type 3
frame 1686: 40079 us total, 11692 us display, type 3
frame 1687: 40414 us total, 11704 us display, type 3
frame 1688: 39432 us total, 11699 us display, type 3
frame 1689: 40246 us total, 11692 us display, type 3
frame 1690: 39770 us total, 11692 us display, type 3
frame 1691: 39841 us total, 11751 us display, type 3
frame 1692: 40319 us total, 11849 us display, type 3
frame 1693: 40014 us total, 11691 us display, type 3
frame 1694: 40608 us total, 11940 us display, type 3
frame 1695: 39968 us total, 11704 us display, type 3
frame 1696: 39777 us total, 11788 us display, type 3
frame 1697: 39709 us total, 11691 us display, type 3
frame 1698: 40104 us total, 11692 us display, type 3
frame 1699: 40200 us total, 11922 us display, type 3
frame 1700: 39680 us total, 11691 us display, type 3
frame 1701: 40420 us total, 11698 us display, type 3
frame 1702: 40199 us total, 11705 us display, type 3
frame 1703: 39448 us total, 11692 us display, type 3
frame 1704: 40180 us total, 11699 us display, type 3
frame 1705: 40056 us total, 11972 us display, type 3
frame 1706: 39531 us total, 11699 us display, type 3
frame 1707: 40286 us total, 11692 us display, type 3
frame 1708: 40197 us total, 11697 us display, type 3
frame 1709: 39767 us total, 11692 us display, type 3
frame 1710: 40035 us total, 11692 us display, type 3
frame 1711: 40159 us total, 11954 us display, type 3
frame 1712: 39656 us total, 11692 us display, type 3
frame 1713: 39973 us total, 11702 us display, type 3
frame 1714: 40428 us total, 11968 us display, type 3
frame 1715: 40225 us total, 11980 us display, type 3
frame 1716: 40272 us total, 11886 us display, type 3
frame 1717: 39961 us total, 11701 us display, type 3
frame 1718: 39755 us total, 11983 us display, type 3
frame 1719: 40328 us total, 11777 us display, type 3
frame 1720: 39816 us total, 11701 us display, type 3
frame 1721: 39387 us total, 11692 us display, type 3
frame 1722: 40797 us total, 11859 us display, type 3
frame 1723: 39975 us total, 11701 us display, type 3
frame 1724: 39712 us total, 11767 us display, type 3
frame 1725: 40308 us total, 11908 us display, type 3
frame 1726: 39808 us total, 11703 us display, type 3
frame 1727: 39885 us total, 11932 us display, type 3
frame 1728: 40264 us total, 11928 us display, type 3
frame 1729: 40538 us total, 11777 us display, type 3
frame 1730: 39546 us total, 11699 us display, type 3
frame 1731: 40053 us total, 11698 us display, type 3
frame 1732: 39981 us total, 11692 us display, type 3
frame 1733: 39602 us total, 11840 us display, type 3
frame 1734: 40340 us total, 11853 us display, type 3
frame 1735: 39766 us total, 11705 us display, type 3
frame 1736: 39893 us total, 11948 us display, type 3
frame 1737: 40576 us total, 11691 us display, type 3
frame 1738: 39776 us total, 11708 us display, type 3
frame 1739: 39661 us total, 11722 us display, type 3
frame 1740: 40312 us total, 11966 us display, type 3
frame 1741: 39806 us total, 11707 us display, type 3
frame 1742: 39882 us total, 12009 us display, type 3
frame 1743: 40273 us total, 11898 us display, type 3
frame 1744: 40577 us total, 11783 us display, type 3
frame 1745: 39514 us total, 11692 us display, type 3
frame 1746: 39961 us total, 11706 us display, type 3
frame 1747: 39941 us total, 11700 us display, type 3
frame 1748: 39725 us total, 11942 us display, type 3
frame 1749: 40324 us total, 11778 us display, type 3
frame 1750: 40644 us total, 11731 us display, type 3
frame 1751: 40348 us total, 12016 us display, type 3
frame 1752: 39957 us total, 11726 us display, type 3
frame 1753: 39924 us total, 11765 us display, type 3
frame 1754: 39942 us total, 12014 us display, type 3
frame 1755: 40134 us total, 11913 us display, type 3
frame 1756: 39959 us total, 11789 us display, type 3
frame 1757: 39959 us total, 12021 us display, type 3
frame 1758: 40411 us total, 11692 us display, type 3
frame 1759: 40048 us total, 11703 us display, type 3
frame 1760: 39816 us total, 11692 us display, type 3
frame 1761: 40131 us total, 11692 us display, type 3
frame 1762: 40043 us total, 11919 us display, type 3
frame 1763: 39764 us total, 12008 us display, type 3
frame 1764: 40231 us total, 11698 us display, type 3
frame 1765: 40266 us total, 11706 us display, type 3
frame 1766: 40049 us total, 11692 us display, type 3
frame 1767: 39890 us total, 11699 us display, type 3
frame 1768: 39793 us total, 11755 us display, type 3
frame 1769: 40024 us total, 11685 us display, type 3
frame 1770: 40001 us total, 11692 us display, type 3
frame 1771: 39993 us total, 11737 us display, type 3
frame 1772: 40134 us total, 11685 us display, type 3
frame 1773: 40037 us total, 11705 us display, type 3
frame 1774: 40154 us total, 11706 us display, type 3
frame 1775: 39878 us total, 11691 us display, type 3
frame 1776: 40348 us total, 11992 us display, type 3
frame 1777: 39882 us total, 11699 us display, type 3
frame 1778: 39813 us total, 11699 us display, type 3
frame 1779: 40590 us total, 11698 us display, type 3
frame 1780: 40051 us total, 11705 us display, type 3
frame 1781: 39875 us total, 11691 us display, type 3
frame 1782: 39888 us total, 11698 us display, type 3
frame 1783: 40191 us total, 11893 us display, type 3
frame 1784: 39992 us total, 11692 us display, type 3
frame 1785: 39939 us total, 11692 us display, type 3
frame 1786: 40552 us total, 11705 us display, type 3
frame 1787: 39924 us total, 11693 us display, type 3
frame 1788: 40216 us total, 11971 us display, type 3
frame 1789: 40351 us total, 11924 us display, type 3
frame 1790: 39742 us total, 11692 us display, type 3
frame 1791: 40074 us total, 11698 us display, type 3
frame 1792: 40198 us total, 11880 us display, type 3
audio: 1 underruns, 69 ms queued
mem @frame 1792: heap free 54400, largest 28672, min ever 53572, zone free 55016, stack free 14540, uptime 65 s, gamestate 0, demo 0, usergame 1, tic 2192
frame 1793: 41272 us total, 11782 us display, type 3
frame 1794: 40258 us total, 11854 us display, type 3
frame 1795: 39973 us total, 11699 us display, type 3
frame 1796: 40009 us total, 11704 us display, type 3
frame 1797: 39405 us total, 11692 us display, type 3
frame 1798: 40049 us total, 11691 us display, type 3
frame 1799: 39941 us total, 11685 us display, type 3
frame 1800: 39960 us total, 11702 us display, type 3
frame 1801: 40661 us total, 11698 us display, type 3
frame 1802: 39765 us total, 11719 us display, type 3
frame 1803: 39452 us total, 11698 us display, type 3
frame 1804: 40300 us total, 11692 us display, type 3
frame 1805: 39863 us total, 11685 us display, type 3
frame 1806: 39885 us total, 11704 us display, type 3
frame 1807: 40117 us total, 11744 us display, type 3
frame 1808: 40363 us total, 11876 us display, type 3
frame 1809: 39830 us total, 11692 us display, type 3
frame 1810: 39987 us total, 11692 us display, type 3
frame 1811: 40214 us total, 11899 us display, type 3
frame 1812: 39489 us total, 11704 us display, type 3
frame 1813: 40086 us total, 11735 us display, type 3
frame 1814: 40055 us total, 11685 us display, type 3
frame 1815: 40153 us total, 11699 us display, type 3
frame 1816: 40287 us total, 11699 us display, type 3
frame 1817: 39918 us total, 11786 us display, type 3
frame 1818: 39576 us total, 11699 us display, type 3
frame 1819: 40196 us total, 11692 us display, type 3
frame 1820: 39790 us total, 11699 us display, type 3
frame 1821: 40086 us total, 11698 us display, type 3
frame 1822: 40489 us total, 11699 us display, type 3
frame 1823: 39844 us total, 11697 us display, type 3
frame 1824: 39629 us total, 11691 us display, type 3
frame 1825: 40038 us total, 11692 us display, type 3
frame 1826: 40356 us total, 11966 us display, type 3
frame 1827: 39451 us total, 11698 us display, type 3
frame 1828: 40118 us total, 11821 us display, type 3
frame 1829: 40429 us total, 11699 us display, type 3
frame 1830: 39633 us total, 11698 us display, type 3
frame 1831: 40206 us total, 11692 us display, type 3
frame 1832: 39748 us total, 11685 us display, type 3
frame 1833: 39726 us total, 11699 us display, type 3
frame 1834: 40302 us total, 11747 us display, type 3
frame 1835: 39834 us total, 11692 us display, type 3
frame 1836: 40379 us total, 11692 us display, type 3
frame 1837: 40109 us total, 11693 us display, type 3
frame 1838: 40047 us total, 11922 us display, type 3
frame 1839: 39701 us total, 11691 us display, type 3
frame 1840: 39990 us total, 11692 us display, type 3
frame 1841: 39969 us total, 11685 us display, type 3
frame 1842: 39723 us total, 11699 us display, type 3
frame 1843: 40204 us total, 11728 us display, type 3
frame 1844: 40434 us total, 11698 us display, type 3
frame 1845: 39464 us total, 11703 us display, type 3
frame 1846: 40177 us total, 11695 us display, type 3
frame 1847: 39874 us total, 11692 us display, type 3
frame 1848: 39846 us total, 11699 us display, type 3
frame 1849: 40254 us total, 11796 us display, type 3
frame 1850: 39874 us total, 11705 us display, type 3
frame 1851: 40744 us total, 11981 us display, type 3
frame 1852: 40308 us total, 11958 us display, type 3
frame 1853: 39772 us total, 11704 us display, type 3
frame 1854: 39546 us total, 11699 us display, type 3
frame 1855: 40036 us total, 11698 us display, type 3
frame 1856: 40098 us total, 11716 us display, type 3
frame 1857: 39537 us total, 11699 us display, type 3
frame 1858: 40411 us total, 11699 us display, type 3
frame 1859: 40075 us total, 11697 us display, type 3
frame 1860: 39547 us total, 11706 us display, type 3
frame 1861: 40185 us total, 11699 us display, type 3
frame 1862: 39799 us total, 11699 us display, type 3
frame 1863: 39750 us total, 11699 us display, type 3
frame 1864: 40314 us total, 11701 us display, type 3
frame 1865: 40360 us total, 11734 us display, type 3
frame 1866: 39749 us total, 11692 us display, type 3
frame 1867: 39966 us total, 11692 us display, type 3
frame 1868: 39750 us total, 11692 us display, type 3
frame 1869: 40013 us total, 11699 us display, type 3
frame 1870: 40115 us total, 11821 us display, type 3
frame 1871: 40069 us total, 11692 us display, type 3
frame 1872: 40155 us total, 11692 us display, type 3
frame 1873: 40189 us total, 11691 us display, type 3
frame 1874: 40025 us total, 11719 us display, type 3
frame 1875: 39440 us total, 11698 us display, type 3
frame 1876: 40198 us total, 11699 us display, type 3
frame 1877: 39844 us total, 11699 us display, type 3
frame 1878: 39811 us total, 11700 us display, type 3
frame 1879: 40618 us total, 11698 us display, type 3
frame 1880: 40054 us total, 11864 us display, type 3
frame 1881: 39704 us total, 11692 us display, type 3
frame 1882: 40043 us total, 11699 us display, type 3
frame 1883: 39820 us total, 11692 us display, type 3
frame 1884: 39947 us total, 11706 us display, type 3
frame 1885: 40093 us total, 11808 us display, type 3
frame 1886: 40499 us total, 11705 us display, type 3
frame 1887: 39567 us total, 11706 us display, type 3
frame 1888: 40001 us total, 11693 us display, type 3
frame 1889: 39949 us total, 11685 us display, type 3
frame 1890: 39831 us total, 11702 us display, type 3
frame 1891: 40191 us total, 11710 us display, type 3
frame 1892: 39800 us total, 11699 us display, type 3
frame 1893: 39874 us total, 11739 us display, type 3
frame 1894: 40700 us total, 11692 us display, type 3
frame 1895: 39995 us total, 11858 us display, type 3
frame 1896: 39649 us total, 11706 us display, type 3
frame 1897: 39998 us total, 11699 us display, type 3
frame 1898: 39800 us total, 11692 us display, type 3
frame 1899: 39979 us total, 11705 us display, type 3
frame 1900: 40158 us total, 11785 us display, type 3
frame 1901: 40470 us total, 11698 us display, type 3
frame 1902: 39433 us total, 11699 us display, type 3
frame 1903: 40105 us total, 11731 us display, type 3
frame 1904: 39952 us total, 11692 us display, type 3
frame 1905: 39775 us total, 11699 us display, type 3
frame 1906: 40307 us total, 11846 us display, type 3
frame 1907: 39945 us total, 11699 us display, type 3
frame 1908: 40194 us total, 11692 us display, type 3
frame 1909: 40306 us total, 11699 us display, type 3
frame 1910: 39928 us total, 11811 us display, type 3
frame 1911: 39705 us total, 11691 us display, type 3
frame 1912: 40091 us total, 11699 us display, type 3
frame 1913: 39772 us total, 11699 us display, type 3
frame 1914: 40029 us total, 11706 us display, type 3
frame 1915: 40434 us total, 11691 us display, type 3
frame 1916: 40162 us total, 11704 us display, type 3
frame 1917: 39442 us total, 11692 us display, type 3
frame 1918: 39962 us total, 11699 us display, type 3
frame 1919: 40026 us total, 11685 us display, type 3
frame 1920: 39818 us total, 11702 us display, type 3
frame 1921: 40294 us total, 11699 us display, type 3
frame 1922: 40282 us total, 11788 us display, type 3
frame 1923: 39546 us total, 11706 us display, type 3
frame 1924: 40238 us total, 11699 us display, type 3
frame 1925: 39853 us total, 11687 us display, type 3
frame 1926: 39905 us total, 11699 us display, type 3
frame 1927: 40072 us total, 11802 us display, type 3
frame 1928: 39811 us total, 11692 us display, type 3
frame 1929: 40423 us total, 11699 us display, type 3
frame 1930: 40118 us total, 11691 us display, type 3
frame 1931: 40023 us total, 11766 us display, type 3
frame 1932: 39460 us total, 11706 us display, type 3
frame 1933: 40120 us total, 11752 us display, type 3
frame 1934: 39982 us total, 11699 us display, type 3
frame 1935: 39790 us total, 11706 us display, type 3
frame 1936: 40582 us total, 11699 us display, type 3
frame 1937: 40068 us total, 11788 us display, type 3
frame 1938: 39518 us total, 11699 us display, type 3
frame 1939: 40180 us total, 11692 us display, type 3
frame 1940: 39755 us total, 11692 us display, type 3
frame 1941: 40005 us total, 11713 us display, type 3
frame 1942: 40163 us total, 11821 us display, type 3
frame 1943: 39865 us total, 11698 us display, type 3
frame 1944: 40380 us total, 11698 us display, type 3
frame 1945: 39953 us total, 11692 us display, type 3
frame 1946: 40197 us total, 11801 us display, type 3
frame 1947: 39446 us total, 11699 us display, type 3
frame 1948: 40125 us total, 11816 us display, type 3
frame 1949: 39936 us total, 11692 us display, type 3
frame 1950: 39952 us total, 11699 us display, type 3
frame 1951: 40652 us total, 11706 us display, type 3
frame 1952: 39878 us total, 11807 us display, type 3
frame 1953: 39448 us total, 11699 us display, type 3
frame 1954: 40231 us total, 11692 us display, type 3
frame 1955: 39926 us total, 11685 us display, type 3
frame 1956: 39914 us total, 11699 us display, type 3
frame 1957: 40097 us total, 11691 us display, type 3
frame 1958: 40362 us total, 11844 us display, type 3
frame 1959: 39837 us total, 11692 us display, type 3
frame 1960: 39971 us total, 11699 us display, type 3
frame 1961: 40213 us total, 11958 us display, type 3
frame 1962: 39473 us total, 11699 us display, type 3
frame 1963: 40099 us total, 11739 us display, type 3
frame 1964: 40441 us total, 11989 us display, type 3
frame 1965: 40202 us total, 12009 us display, type 3
frame 1966: 40339 us total, 11727 us display, type 3
frame 1967: 39842 us total, 11700 us display, type 3
frame 1968: 39435 us total, 11692 us display, type 3
frame 1969: 40191 us total, 11692 us display, type 3
frame 1970: 39956 us total, 11895 us display, type 3
frame 1971: 39835 us total, 11692 us display, type 3
frame 1972: 40737 us total, 11946 us display, type 3
frame 1973: 39957 us total, 11701 us display, type 3
frame 1974: 39732 us total, 11858 us display, type 3
frame 1975: 39994 us total, 11698 us display, type 3
frame 1976: 40077 us total, 11705 us display, type 3
frame 1977: 39422 us total, 11692 us display, type 3
frame 1978: 39979 us total, 11699 us display, type 3
frame 1979: 40422 us total, 11718 us display, type 3
frame 1980: 39670 us total, 11692 us display, type 3
frame 1981: 40180 us total, 11692 us display, type 3
frame 1982: 40021 us total, 11894 us display, type 3
frame 1983: 39441 us total, 11699 us display, type 3
frame 1984: 40244 us total, 11692 us display, type 3
frame 1985: 39833 us total, 11692 us display, type 3
frame 1986: 40345 us total, 11696 us display, type 3
frame 1987: 40083 us total, 11692 us display, type 3
frame 1988: 40005 us total, 11946 us display, type 3
frame 1989: 39734 us total, 11692 us display, type 3
frame 1990: 39989 us total, 11692 us display, type 3
frame 1991: 40329 us total, 11972 us display, type 3
frame 1992: 39429 us total, 11699 us display, type 3
frame 1993: 40138 us total, 11711 us display, type 3
frame 1994: 40429 us total, 11698 us display, type 3
frame 1995: 39446 us total, 11699 us display, type 3
frame 1996: 40171 us total, 11759 us display, type 3
frame 1997: 39839 us total, 11692 us display, type 3
frame 1998: 39838 us total, 11711 us display, type 3
frame 1999: 40319 us total, 11851 us display, type 3
frame 2000: 39939 us total, 11699 us display, type 3
frame 2001: 40685 us total, 11935 us display, type 3
frame 2002: 40310 us total, 11957 us display, type 3
frame 2003: 39765 us total, 11704 us display, type 3
frame 2004: 39562 us total, 11692 us display, type 3
frame 2005: 40009 us total, 11692 us display, type 3
frame 2006: 40111 us total, 11769 us display, type 3
frame 2007: 39583 us total, 11713 us display, type 3
frame 2008: 40424 us total, 11692 us display, type 3
frame 2009: 40146 us total, 11704 us display, type 3
frame 2010: 39512 us total, 11692 us display, type 3
frame 2011: 40129 us total, 11699 us display, type 3
frame 2012: 39780 us total, 11692 us display, type 3
frame 2013: 39739 us total, 11698 us display, type 3
frame 2014: 40350 us total, 11692 us display, type 3
frame 2015: 40328 us total, 11755 us display, type 3
frame 2016: 39760 us total, 11692 us display, type 3
frame 2017: 39982 us total, 11691 us display, type 3
frame 2018: 39843 us total, 11691 us display, type 3
frame 2019: 40013 us total, 11698 us display, type 3
frame 2020: 39989 us total, 11714 us display, type 3
frame 2021: 40066 us total, 11694 us display, type 3
frame 2022: 40155 us total, 11692 us display, type 3
frame 2023: 40188 us total, 11696 us display, type 3
frame 2024: 40043 us total, 11796 us display, type 3
frame 2025: 39448 us total, 11699 us display, type 3
frame 2026: 40174 us total, 11698 us display, type 3
frame 2027: 39881 us total, 11692 us display, type 3
frame 2028: 39803 us total, 11699 us display, type 3
frame 2029: 40607 us total, 11692 us display, type 3
frame 2030: 40041 us total, 11861 us display, type 3
frame 2031: 39733 us total, 11699 us display, type 3
frame 2032: 40057 us total, 11692 us display, type 3
