ESP-ROM:esp32c6-20220919
Build:Sep 19 2022
rst:0x15 (USB_UART_HPSYS),boot:0x2c (SPI_FAST_FLASH_BOOT)
Saved PC:0x4087063a
SPIWP:0xee
mode:DIO, clock div:2
load:0x40875720,len:0x1a5c
load:0x4086c110,len:0xf58
load:0x4086e610,len:0x3074
entry 0x4086c11a
[0;32mI (23) boot: ESP-IDF v5.3.4 2nd stage bootloader[0m
[0;32mI (23) boot: compile time Sep 14 2026 20:53:10[0m
[0;32mI (24) boot: chip revision: v0.2[0m
[0;32mI (24) boot: efuse block revision: v0.3[0m
[0;32mI (24) qio_mode: Enabling QIO for flash chip WinBond[0m
[0;32mI (24) boot.esp32c6: SPI Speed      : 80MHz[0m
[0;32mI (25) boot.esp32c6: SPI Mode       : QIO[0m
[0;32mI (25) boot.esp32c6: SPI Flash Size : 16MB[0m
[0;32mI (25) boot: Enabling RNG early entropy source...[0m
[0;32mI (26) boot: Partition Table:[0m
[0;32mI (26) boot: ## Label            Usage          Type ST Offset   Length[0m
[0;32mI (26) boot:  0 nvs              WiFi data        01 02 00009000 00006000[0m
[0;32mI (27) boot:  1 phy_init         RF data          01 01 0000f000 00001000[0m
[0;32mI (28) boot:  2 factory          factory app      00 00 00010000 00200000[0m
[0;32mI (28) boot:  3 wad              Unknown data     01 40 00210000 00400000[0m
[0;32mI (29) boot:  4 saves            WiFi data        01 02 00610000 00020000[0m
[0;32mI (30) boot: End of partition table[0m
[0;32mI (30) esp_image: segment 0: paddr=00010020 vaddr=420c0020 size=33eb0h (212656) map[0m
[0;32mI (69) esp_image: segment 1: paddr=00043ed8 vaddr=40800000 size=0c140h ( 49472) load[0m
[0;32mI (80) esp_image: segment 2: paddr=00050020 vaddr=42000020 size=b7020h (749600) map[0m
[0;32mI (214) esp_image: segment 3: paddr=00107048 vaddr=4080c140 size=0dfe4h ( 57316) load[0m
[0;32mI (227) esp_image: segment 4: paddr=00115034 vaddr=50000000 size=00004h (     4) load[0m
[0;32mI (233) boot: Loaded app from partition at offset 0x10000[0m
[0;32mI (233) boot: Disabling RNG early entropy source...[0m
[0;32mI (235) cpu_start: Unicore app[0m
[0;32mI (243) cpu_start: Pro cpu start user code[0m
[0;32mI (243) cpu_start: cpu freq: 160000000 Hz[0m
[0;32mI (243) app_init: Application information:[0m
[0;32mI (244) app_init: Project name:     diablito[0m
[0;32mI (244) app_init: App version:      5487ef9-dirty[0m
[0;32mI (244) app_init: Compile time:     Sep 14 2026 23:04:05[0m
[0;32mI (245) app_init: ELF file SHA256:  037634e37...[0m
[0;32mI (245) app_init: ESP-IDF:          v5.3.4[0m
[0;32mI (245) efuse_init: Min chip rev:     v0.0[0m
[0;32mI (245) efuse_init: Max chip rev:     v0.99 [0m
[0;32mI (245) efuse_init: Chip rev:         v0.2[0m
[0;32mI (246) heap_init: Initializing. RAM available for dynamic allocation:[0m
[0;32mI (246) heap_init: At 40834C10 len 00047A00 (286 KiB): RAM[0m
[0;32mI (246) heap_init: At 4087C610 len 00002F54 (11 KiB): RAM[0m
[0;32mI (247) heap_init: At 50000004 len 00003FE4 (15 KiB): RTCRAM[0m
[0;32mI (248) spi_flash: detected chip: generic[0m
[0;32mI (248) spi_flash: flash io: qio[0m
[0;33mW (248) i2c: This driver is an old driver, please migrate your application code to adapt `driver/i2c_master.h`[0m
[0;32mI (249) sleep: Configure to isolate all GPIO pins in sleep state[0m
[0;32mI (249) sleep: Enable automatic switching of GPIO sleep configuration[0m
[0;32mI (250) coexist: coex firmware version: a13b09d[0m
[0;32mI (250) coexist: coexist rom version 5b8dcfa[0m
[0;32mI (250) main_task: Started on CPU0[0m
[0;32mI (250) main_task: Calling app_main()[0m
[0;32mI (250) gpio: GPIO[15]| InputEn: 0| OutputEn: 1| OpenDrain: 0| Pullup: 0| Pulldown: 0| Intr:0 [0m
[0;32mI (250) gpio: GPIO[9]| InputEn: 1| OutputEn: 0| OpenDrain: 0| Pullup: 1| Pulldown: 0| Intr:0 [0m
[0;32mI (250) gpio: GPIO[18]| InputEn: 1| OutputEn: 0| OpenDrain: 0| Pullup: 1| Pulldown: 0| Intr:0 [0m
[0;32mI (251) gpio: GPIO[0]| InputEn: 0| OutputEn: 0| OpenDrain: 0| Pullup: 0| Pulldown: 0| Intr:0 [0m
[0;32mI (251) DIABLITO: DIABLITO skeleton, IDF v5.3.4, CPU 160 MHz[0m
[0;32mI (251) DIABLITO: heap at boot: free 290420, largest block 262144, min ever 290420, dma-capable 275820[0m
[0;32mI (252) gpio: GPIO[3]| InputEn: 0| OutputEn: 1| OpenDrain: 0| Pullup: 0| Pulldown: 0| Intr:0 [0m
[0;32mI (252) gpio: GPIO[4]| InputEn: 0| OutputEn: 1| OpenDrain: 0| Pullup: 0| Pulldown: 0| Intr:0 [0m
[0;32mI (756) DISPLAY: ST7789 up: 280x240 landscape, SPI 80 MHz, 2 x 8960 B DMA strips[0m
[0;32mI (756) DIABLITO: heap after display: free 270936, largest block 245760, min ever 270936, dma-capable 256336[0m
[0;32mI (757) DIABLITO: wad partition @0x210000 size 4194304: magic IWHD, 1264 lumps, infotable @36, file 2073676 bytes[0m
[0;32mI (757) DIABLITO: WHD mapped at 0x42100000, header via mmap: IWHD ·©ÔUDOOM1[0m
[0;32mI (758) DIABLITO: heap after wad mmap: free 270304, largest block 241664, min ever 270304, dma-capable 255704[0m
[0;32mI (758) DIABLITO: main task stack high-water: 14904 bytes free[0m
[0;32mI (759) DIABLITO: .bss ends at 0x40834c10 (short-pointer window ends at 0x40840000, 46064 bytes spare)[0m
[0;32mI (759) DIABLITO: heap before BLE: free 270304, largest block 241664, min ever 270304, dma-capable 255704[0m
[0;32mI (773) BLE_INIT: Using main XTAL as clock source, chip ver: 2[0m
[0;32mI (773) BLE_INIT: ble controller commit:[ca6c20b][0m
[0;32mI (777) BLE_INIT: Bluetooth MAC: fc:01:2c:fd:fc:b2[0m
[0;32mI (777) phy_init: phy_version 341,a6c8fe6,Jul 30 2025,18:34:11[0m
[0;32mI (871) phy: libbtbb version: a945109, Jul 30 2025, 18:34:25[0m
[0;32mI (878) PAD: init, saved controller: yes[0m
[0;32mI (1079) DIABLITO: heap after BLE init: free 231544, largest block 204800, min ever 231408, dma-capable 216944[0m
[0;32mI (1079) DIABLITO: starting Doom[0m
                          DIABLITO Doom 3.0.0
Z_Init: Init zone memory allocation daemon. 
zone memory: 0x40822258, 10000 allocated for zone
M_LoadDefaults: Load system defaults.
W_Init: Init WADfiles.
===========================================================================
                            DOOM Shareware
===========================================================================
 DIABLITO Doom is free software, covered by the GNU General Public
 License.  There is NO warranty; not even for MERCHANTABILITY or FITNESS
 FOR A PARTICULAR PURPOSE. You are welcome to change and distribute
 copies under certain conditions. See the source for more information.
===========================================================================
I_Init: Setting up machine state.
[0;32mI (1131) AUDIO: ES8311 + I2S: 22050 Hz, 2 ch, ring 8192 bytes (92 ms)[0m
M_Init: Init miscellaneous info.
R_Init: Init DOOM refresh daemon - .........
P_Init: Init Playloop state.
S_Init: Setting up sound.
D_CheckNetGame: Checking network game status.
Emulating the behavior of the 'Doom 1.9' executable.
HU_Init: Setting up heads up display.
ST_Init: Init status bar.
[0;32mI (1140) PAD: found  78:86:2e:8f:59:f6 rssi -51[0m
frame 2: 30105 us total, 11697 us display, type 4
frame 3: 11912 us total, 11656 us display, type 4
frame 4: 20903 us total, 11687 us display, type 4
frame 5: 27742 us total, 11631 us display, type 4
frame 6: 29031 us total, 11661 us display, type 4
[0;32mI (1343) NimBLE: Connection established [0m
[0;32mI (1344) NIMBLE_HIDH: pairing for encrypted link (rc=0)[0m
frame 7: 29421 us total, 13102 us display, type 4
frame 8: 27750 us total, 11650 us display, type 4
frame 9: 29227 us total, 13121 us display, type 4
frame 10: 27774 us total, 11652 us display, type 4
[0;32mI (1443) NimBLE: mtu update event; conn_handle=0 cid=4 mtu=23
[0m
frame 11: 28957 us total, 11678 us display, type 4
frame 12: 27792 us total, 11639 us display, type 4
frame 13: 29208 us total, 11676 us display, type 4
frame 14: 27799 us total, 11644 us display, type 4
frame 15: 29107 us total, 11649 us display, type 4
[0;32mI (1593) NIMBLE_HIDH: encryption change: status=0[0m
frame 16: 29545 us total, 13269 us display, type 4
frame 17: 27603 us total, 11659 us display, type 4
frame 18: 28978 us total, 11675 us display, type 4
frame 19: 27764 us total, 11638 us display, type 4
[0;32mI (1693) NIMBLE_HIDH: service 0x1800 handles 1-7[0m
[0;32mI (1693) NIMBLE_HIDH: service 0x1801 handles 8-8[0m
[0;32mI (1693) NIMBLE_HIDH: service 0x180a handles 9-17[0m
frame 20: 29253 us total, 11680 us display, type 4
frame 21: 27978 us total, 11838 us display, type 4
frame 22: 28933 us total, 11657 us display, type 4
[0;32mI (1793) NIMBLE_HIDH: service 0x180f handles 18-21[0m
[0;32mI (1793) NIMBLE_HIDH: service 0x1812 handles 22-35[0m
frame 23: 28799 us total, 12563 us display, type 4
frame 24: 28267 us total, 11654 us display, type 4
frame 25: 28929 us total, 11674 us display, type 4
frame 26: 27911 us total, 11639 us display, type 4
[0;32mI (1893) NIMBLE_HIDH: service 00000001-5f60-4c4f-9c83-a7953298d40d handles 36-42[0m
frame 27: 29154 us total, 11681 us display, type 4
frame 28: 28054 us total, 11873 us display, type 4
frame 29: 28953 us total, 11661 us display, type 4
frame 30: 28284 us total, 12167 us display, type 4
frame 31: 29693 us total, 12600 us display, type 4
frame 32: 28815 us total, 12452 us display, type 4
[0;32mI (2084) NimBLE: Read complete; status=0 conn_handle=0[0m
frame 33: 28052 us total, 12466 us display, type 4
[0;32mI (2113) NimBLE: Read complete; status=0 conn_handle=0[0m
[0;32mI (2114) NimBLE: Read complete; status=14 conn_handle=0[0m
frame 34: 29682 us total, 13154 us display, type 4
frame 35: 27058 us total, 12269 us display, type 4
frame 36: 29446 us total, 12655 us display, type 4
frame 37: 27032 us total, 11676 us display, type 4
frame 38: 28955 us total, 11680 us display, type 4
frame 39: 29377 us total, 11694 us display, type 4
[0;32mI (2263) NimBLE: Read complete; status=0 conn_handle=0[0m
[0;32mI (2264) NimBLE: Read complete; status=14 conn_handle=0[0m
frame 40: 27597 us total, 11684 us display, type 4
[0;32mI (2293) NimBLE: Read complete; status=0 conn_handle=0[0m
[0;32mI (2294) NimBLE: Read complete; status=14 conn_handle=0[0m
frame 41: 29064 us total, 11680 us display, type 4
[0;32mI (2323) NimBLE: Read complete; status=0 conn_handle=0[0m
[0;32mI (2324) NimBLE: Read complete; status=14 conn_handle=0[0m
frame 42: 28003 us total, 11683 us display, type 4
frame 43: 29034 us total, 11755 us display, type 4
frame 44: 28132 us total, 11854 us display, type 4
frame 45: 29086 us total, 11982 us display, type 4
frame 46: 29091 us total, 12013 us display, type 4
frame 47: 27673 us total, 11681 us display, type 4
frame 48: 28929 us total, 11681 us display, type 4
[0;32mI (2533) NimBLE: Read complete; status=0 conn_handle=0[0m
frame 49: 28801 us total, 11681 us display, type 4
[0;32mI (2563) NimBLE: Read complete; status=0 conn_handle=0[0m
frame 50: 29050 us total, 12537 us display, type 4
[0;32mI (2593) NimBLE: Read complete; status=0 conn_handle=0[0m
frame 51: 28164 us total, 12705 us display, type 4
[0;32mI (2623) NimBLE: Read complete; status=0 conn_handle=0[0m
frame 52: 29078 us total, 12738 us display, type 4
[0;32mI (2653) NimBLE: Read complete; status=0 conn_handle=0[0m
frame 53: 29081 us total, 12864 us display, type 4
[0;32mI (2683) NimBLE: Read complete; status=0 conn_handle=0[0m
frame 54: 27608 us total, 12419 us display, type 4
[0;32mI (2713) NimBLE: Read complete; status=0 conn_handle=0[0m
frame 55: 28993 us total, 12413 us display, type 4
[0;32mI (2743) NimBLE: Read complete; status=0 conn_handle=0[0m
frame 56: 27936 us total, 12408 us display, type 4
[0;32mI (2773) NimBLE: Read complete; status=0 conn_handle=0[0m
frame 57: 28981 us total, 12332 us display, type 4
frame 58: 27293 us total, 11682 us display, type 4
[0;32mI (2803) NimBLE: Read complete; status=0 conn_handle=0[0m
frame 59: 29066 us total, 11682 us display, type 4
[0;32mI (2833) NimBLE: Read complete; status=0 conn_handle=0[0m
frame 60: 29313 us total, 11690 us display, type 4
[0;32mI (2863) NimBLE: Read complete; status=0 conn_handle=0[0m
frame 61: 27634 us total, 11682 us display, type 4
[0;32mI (2893) NimBLE: Read complete; status=0 conn_handle=0[0m
[0;32mI (2894) NimBLE: Read complete; status=14 conn_handle=0[0m
frame 62: 29071 us total, 11681 us display, type 4
frame 63: 27993 us total, 11685 us display, type 4
[0;32mI (2953) NimBLE: Read complete; status=0 conn_handle=0[0m
[0;32mI (2954) NimBLE: Read complete; status=14 conn_handle=0[0m
frame 64: 29007 us total, 11742 us display, type 4
frame 65: 28152 us total, 11835 us display, type 4
[0;32mI (3013) NimBLE: Read complete; status=0 conn_handle=0[0m
[0;32mI (3014) NimBLE: Read complete; status=14 conn_handle=0[0m
[0;32mI (3015) NIMBLE_HIDH: attaching listeners, battery handle 20 ccc 21[0m
[0;32mI (3016) PAD: report map: 22 input fields[0m
[0;32mI (3016) PAD:   field rid 1 page 1 usage 0x30 bits 16 @0 logical 0..65535[0m
[0;32mI (3016) PAD:   field rid 1 page 1 usage 0x31 bits 16 @16 logical 0..65535[0m
[0;32mI (3016) PAD:   field rid 1 page 1 usage 0x32 bits 16 @32 logical 0..65535[0m
[0;32mI (3017) PAD:   field rid 1 page 1 usage 0x35 bits 16 @48 logical 0..65535[0m
[0;32mI (3017) PAD:   field rid 1 page 2 usage 0xc5 bits 10 @64 logical 0..1023[0m
[0;32mI (3018) PAD:   field rid 1 page 2 usage 0xc4 bits 10 @80 logical 0..1023[0m
[0;32mI (3018) PAD:   field rid 1 page 1 usage 0x39 bits 4 @96 logical 1..8[0m
[0;32mI (3018) PAD:   field rid 1 page 9 usage 0x01 bits 1 @104 logical 0..1[0m
[0;32mI (3019) PAD:   field rid 1 page 9 usage 0x02 bits 1 @105 logical 0..1[0m
[0;32mI (3019) PAD:   field rid 1 page 9 usage 0x03 bits 1 @106 logical 0..1[0m
[0;32mI (3019) PAD:   field rid 1 page 9 usage 0x04 bits 1 @107 logical 0..1[0m
[0;32mI (3020) PAD:   field rid 1 page 9 usage 0x05 bits 1 @108 logical 0..1[0m
[0;32mI (3020) PAD:   field rid 1 page 9 usage 0x06 bits 1 @109 logical 0..1[0m
[0;32mI (3020) PAD:   field rid 1 page 9 usage 0x07 bits 1 @110 logical 0..1[0m
[0;32mI (3021) PAD:   field rid 1 page 9 usage 0x08 bits 1 @111 logical 0..1[0m
[0;32mI (3021) PAD:   field rid 1 page 9 usage 0x09 bits 1 @112 logical 0..1[0m
[0;32mI (3021) PAD:   field rid 1 page 9 usage 0x0a bits 1 @113 logical 0..1[0m
[0;32mI (3022) PAD:   field rid 1 page 9 usage 0x0b bits 1 @114 logical 0..1[0m
[0;32mI (3022) PAD:   field rid 1 page 9 usage 0x0c bits 1 @115 logical 0..1[0m
[0;32mI (3022) PAD:   field rid 1 page 9 usage 0x0d bits 1 @116 logical 0..1[0m
[0;32mI (3023) PAD:   field rid 1 page 9 usage 0x0e bits 1 @117 logical 0..1[0m
[0;32mI (3023) PAD:   field rid 1 page 9 usage 0x0f bits 1 @118 logical 0..1[0m
[0;32mI (3023) PAD:   rid 1 page 1 usage 30 bit 0 size 16 [0..65535][0m
[0;32mI (3023) PAD:   rid 1 page 1 usage 31 bit 16 size 16 [0..65535][0m
[0;32mI (3024) PAD:   rid 1 page 1 usage 32 bit 32 size 16 [0..65535][0m
[0;32mI (3024) PAD:   rid 1 page 1 usage 35 bit 48 size 16 [0..65535][0m
[0;32mI (3024) PAD:   rid 1 page 2 usage c5 bit 64 size 10 [0..1023][0m
[0;32mI (3025) PAD:   rid 1 page 2 usage c4 bit 80 size 10 [0..1023][0m
[0;32mI (3025) PAD:   rid 1 page 1 usage 39 bit 96 size 4 [1..8][0m
[0;32mI (3025) PAD:   rid 1 page 9 usage 1 bit 104 size 1 [0..1][0m
[0;32mI (3026) PAD:   rid 1 page 9 usage 2 bit 105 size 1 [0..1][0m
[0;32mI (3026) PAD:   rid 1 page 9 usage 3 bit 106 size 1 [0..1][0m
[0;32mI (3026) PAD:   rid 1 page 9 usage 4 bit 107 size 1 [0..1][0m
[0;32mI (3026) PAD:   rid 1 page 9 usage 5 bit 108 size 1 [0..1][0m
[0;32mI (3027) PAD:   rid 1 page 9 usage 6 bit 109 size 1 [0..1][0m
[0;32mI (3027) PAD:   rid 1 page 9 usage 7 bit 110 size 1 [0..1][0m
[0;32mI (3027) PAD:   rid 1 page 9 usage 8 bit 111 size 1 [0..1][0m
[0;32mI (3027) PAD:   rid 1 page 9 usage 9 bit 112 size 1 [0..1][0m
[0;32mI (3028) PAD:   rid 1 page 9 usage a bit 113 size 1 [0..1][0m
[0;32mI (3028) PAD:   rid 1 page 9 usage b bit 114 size 1 [0..1][0m
[0;32mI (3029) PAD:   rid 1 page 9 usage c bit 115 size 1 [0..1][0m
[0;32mI (3029) PAD:   rid 1 page 9 usage d bit 116 size 1 [0..1][0m
[0;32mI (3029) PAD:   rid 1 page 9 usage e bit 117 size 1 [0..1][0m
[0;32mI (3030) PAD:   rid 1 page 9 usage f bit 118 size 1 [0..1][0m
[0;32mI (3030) PAD: connected: Xbox Wireless Controller[0m
gamepad connected: Xbox Wireless Controller
[0;32mI (3043) NimBLE: Subscribe complete; status=259 conn_handle=0 attr_handle=20
[0m
frame 66: 42754 us total, 13364 us display, type 4
frame 67: 15436 us total, 12089 us display, type 4
[0;32mI (3073) NIMBLE_HIDH: write complete; status=0 attr_handle=21[0m
[0;32mI (3074) NIMBLE_HIDH: report id 3 type 2 mode 1 perms 0xe handle 34 ccc 0[0m
[0;32mI (3074) NIMBLE_HIDH: report id 1 type 1 mode 1 perms 0x12 handle 30 ccc 31[0m
frame 68: 28099 us total, 12111 us display, type 4
[0;32mI (3103) NimBLE: Subscribe complete; status=259 conn_handle=0 attr_handle=30
[0m
[0;32mI (3104) NIMBLE_HIDH:   notify registered[0m
frame 69: 28453 us total, 11699 us display, type 4
[0;32mI (3133) NIMBLE_HIDH: write complete; status=0 attr_handle=31[0m
[0;32mI (3134) NIMBLE_HIDH:   ccc written[0m
[0;32mI (3134) NIMBLE_HIDH: listeners attached[0m
frame 70: 29372 us total, 13079 us display, type 4
frame 71: 28128 us total, 12164 us display, type 4
frame 72: 27510 us total, 11684 us display, type 4
frame 73: 29014 us total, 11678 us display, type 4
frame 74: 29010 us total, 11752 us display, type 4
frame 75: 27990 us total, 11676 us display, type 4
frame 76: 29000 us total, 11693 us display, type 4
frame 77: 28107 us total, 11833 us display, type 4
frame 78: 29108 us total, 11906 us display, type 4
frame 79: 27715 us total, 11655 us display, type 4
frame 80: 28940 us total, 11643 us display, type 4
frame 81: 28993 us total, 11646 us display, type 4
frame 82: 28003 us total, 11702 us display, type 4
frame 83: 29090 us total, 11737 us display, type 4
frame 84: 27870 us total, 11643 us display, type 4
frame 85: 29037 us total, 11644 us display, type 4
frame 86: 28009 us total, 11643 us display, type 4
frame 87: 28948 us total, 11645 us display, type 4
frame 88: 29045 us total, 11643 us display, type 4
frame 89: 28010 us total, 11651 us display, type 4
frame 90: 28944 us total, 11641 us display, type 4
frame 91: 28034 us total, 11645 us display, type 4
frame 92: 29093 us total, 11768 us display, type 4
frame 93: 28020 us total, 11740 us display, type 4
frame 94: 28903 us total, 11643 us display, type 4
frame 95: 28949 us total, 11640 us display, type 4
frame 96: 28075 us total, 11647 us display, type 4
frame 97: 28947 us total, 11648 us display, type 4
frame 98: 28025 us total, 11644 us display, type 4
frame 99: 29005 us total, 11643 us display, type 4
frame 100: 27945 us total, 11640 us display, type 4
frame 101: 29039 us total, 11643 us display, type 4
frame 102: 29009 us total, 11646 us display, type 4
frame 103: 28002 us total, 11701 us display, type 4
frame 104: 29090 us total, 11736 us display, type 4
frame 105: 27870 us total, 11642 us display, type 4
frame 106: 29045 us total, 11644 us display, type 4
frame 107: 28000 us total, 11643 us display, type 4
frame 108: 28950 us total, 11645 us display, type 4
frame 109: 29045 us total, 11643 us display, type 4
frame 110: 27965 us total, 11649 us display, type 4
frame 111: 29033 us total, 11641 us display, type 4
frame 112: 27994 us total, 11648 us display, type 4
frame 113: 29082 us total, 11763 us display, type 4
frame 114: 28028 us total, 11742 us display, type 4
frame 115: 28900 us total, 11643 us display, type 4
frame 116: 28951 us total, 11640 us display, type 4
frame 117: 28045 us total, 11644 us display, type 4
frame 118: 28962 us total, 11641 us display, type 4
frame 119: 28038 us total, 11644 us display, type 4
frame 120: 29007 us total, 11643 us display, type 4
frame 121: 27945 us total, 11640 us display, type 4
frame 122: 29039 us total, 11643 us display, type 4
frame 123: 28970 us total, 11646 us display, type 4
frame 124: 28050 us total, 11664 us display, type 4
frame 125: 29081 us total, 11732 us display, type 4
frame 126: 27868 us total, 11642 us display, type 4
frame 127: 29040 us total, 11644 us display, type 4
profile (avg of 128 frames, ms): logic+bsp 0.0 wait-fb 0.0 vp-mark 0.0 flats 0.0 columns 0.0 fuzz 0.0
frame 128: 28598 us total, 11653 us display, type 4
frame 129: 28366 us total, 11644 us display, type 4
frame 130: 29041 us total, 11645 us display, type 4
frame 131: 27992 us total, 11655 us display, type 4
frame 132: 29029 us total, 11656 us display, type 4
frame 133: 27971 us total, 11648 us display, type 4
frame 134: 29080 us total, 11763 us display, type 4
frame 135: 28029 us total, 11743 us display, type 4
frame 136: 28857 us total, 11643 us display, type 4
frame 137: 29038 us total, 11642 us display, type 4
frame 138: 28007 us total, 11644 us display, type 4
frame 139: 28949 us total, 11642 us display, type 4
frame 140: 28048 us total, 11646 us display, type 4
frame 141: 29004 us total, 11645 us display, type 4
frame 142: 27947 us total, 11639 us display, type 4
frame 143: 29037 us total, 11645 us display, type 4
frame 144: 28971 us total, 11646 us display, type 4
frame 145: 28048 us total, 11665 us display, type 4
frame 146: 29091 us total, 11740 us display, type 4
frame 147: 27856 us total, 11644 us display, type 4
frame 148: 29044 us total, 11644 us display, type 4
frame 149: 27962 us total, 11645 us display, type 4
frame 150: 29040 us total, 11644 us display, type 4
frame 151: 29005 us total, 11646 us display, type 4
frame 152: 27954 us total, 11649 us display, type 4
frame 153: 29038 us total, 11643 us display, type 4
frame 154: 27995 us total, 11648 us display, type 4
frame 155: 29078 us total, 11762 us display, type 4
frame 156: 28031 us total, 11743 us display, type 4
frame 157: 28857 us total, 11643 us display, type 4
frame 158: 29048 us total, 11649 us display, type 4
frame 159: 27996 us total, 11643 us display, type 4
frame 160: 28950 us total, 11642 us display, type 4
frame 161: 28048 us total, 11646 us display, type 4
frame 162: 28960 us total, 11645 us display, type 4
frame 163: 28035 us total, 11641 us display, type 4
frame 164: 28997 us total, 11648 us display, type 4
frame 165: 28961 us total, 11643 us display, type 4
frame 166: 28080 us total, 11673 us display, type 4
frame 167: 29068 us total, 11728 us display, type 4
frame 168: 27857 us total, 11644 us display, type 4
frame 169: 60634 us total, 12447 us display, type 5
frame 170: 12782 us total, 12242 us display, type 5
frame 171: 12588 us total, 12242 us display, type 5
frame 172: 12609 us total, 12144 us display, type 5
frame 173: 12693 us total, 12143 us display, type 5
frame 174: 12699 us total, 12276 us display, type 5
frame 175: 12639 us total, 12236 us display, type 5
frame 176: 12708 us total, 12280 us display, type 5
frame 177: 12612 us total, 12241 us display, type 5
frame 178: 12719 us total, 12268 us display, type 5
frame 179: 12542 us total, 12146 us display, type 5
frame 180: 12604 us total, 12237 us display, type 5
frame 181: 12699 us total, 12273 us display, type 5
frame 182: 12647 us total, 12247 us display, type 5
frame 183: 12708 us total, 12281 us display, type 5
frame 184: 12661 us total, 12236 us display, type 5
frame 185: 12578 us total, 12153 us display, type 5
frame 186: 12681 us total, 12147 us display, type 5
frame 187: 12685 us total, 12263 us display, type 5
frame 188: 12632 us total, 12231 us display, type 5
frame 189: 12637 us total, 12248 us display, type 5
frame 190: 12719 us total, 12264 us display, type 5
frame 191: 12644 us total, 12237 us display, type 5
frame 192: 12583 us total, 12149 us display, type 5
frame 193: 12666 us total, 12280 us display, type 5
frame 194: 12672 us total, 12258 us display, type 5
frame 195: 12656 us total, 12235 us display, type 5
frame 196: 12714 us total, 12261 us display, type 5
frame 197: 12608 us total, 12235 us display, type 5
frame 198: 12572 us total, 12156 us display, type 5
frame 199: 12720 us total, 12146 us display, type 5
frame 200: 12627 us total, 12242 us display, type 5
frame 201: 21463 us total, 12457 us display, type 5
frame 202: 12687 us total, 12152 us display, type 5
frame 203: 12671 us total, 12287 us display, type 5
frame 204: 12641 us total, 12232 us display, type 5
frame 205: 12672 us total, 12269 us display, type 5
frame 206: 12650 us total, 12231 us display, type 5
frame 207: 12708 us total, 12267 us display, type 5
frame 208: 12536 us total, 12160 us display, type 5
frame 209: 13743 us total, 12159 us display, type 5
frame 210: 12773 us total, 12363 us display, type 5
frame 211: 12752 us total, 12264 us display, type 5
frame 212: 12644 us total, 12240 us display, type 5
frame 213: 12651 us total, 12236 us display, type 5
frame 214: 12713 us total, 12276 us display, type 5
frame 215: 12604 us total, 12202 us display, type 5
frame 216: 12671 us total, 12149 us display, type 5
frame 217: 12625 us total, 12245 us display, type 5
frame 218: 12719 us total, 12266 us display, type 5
frame 219: 12637 us total, 12230 us display, type 5
frame 220: 12716 us total, 12272 us display, type 5
frame 221: 12617 us total, 12228 us display, type 5
frame 222: 12553 us total, 12147 us display, type 5
frame 223: 12661 us total, 12268 us display, type 5
frame 224: 12634 us total, 12237 us display, type 5
frame 225: 12702 us total, 12272 us display, type 5
frame 226: 12600 us total, 12237 us display, type 5
frame 227: 12715 us total, 12274 us display, type 5
frame 228: 12541 us total, 12147 us display, type 5
frame 229: 12663 us total, 12258 us display, type 5
frame 230: 12650 us total, 12243 us display, type 5
frame 231: 12617 us total, 12236 us display, type 5
frame 232: 12698 us total, 12274 us display, type 5
frame 233: 12616 us total, 12234 us display, type 5
frame 234: 12562 us total, 12153 us display, type 5
frame 235: 12660 us total, 12140 us display, type 5
frame 236: 12697 us total, 12270 us display, type 5
frame 237: 12698 us total, 12345 us display, type 5
frame 238: 12702 us total, 12271 us display, type 5
frame 239: 12646 us total, 12244 us display, type 5
frame 240: 12589 us total, 12243 us display, type 5
frame 241: 12588 us total, 12149 us display, type 5
frame 242: 12194 us total, 11669 us display, type 3
frame 243: 33032 us total, 11723 us display, type 3
frame 244: 28245 us total, 11718 us display, type 3
frame 245: 28147 us total, 11847 us display, type 3
frame 246: 28182 us total, 11791 us display, type 3
frame 247: 29097 us total, 12078 us display, type 3
frame 248: 30006 us total, 11975 us display, type 3
frame 249: 29999 us total, 11796 us display, type 3
frame 250: 30908 us total, 12017 us display, type 3
frame 251: 30821 us total, 12030 us display, type 3
frame 252: 30622 us total, 11718 us display, type 3
frame 253: 30388 us total, 11801 us display, type 3
frame 254: 30943 us total, 12032 us display, type 3
frame 255: 31485 us total, 11719 us display, type 3
profile (avg of 128 frames, ms): logic+bsp 1.4 wait-fb 0.0 vp-mark 0.4 flats 1.1 columns 0.7 fuzz 0.0
frame 256: 31778 us total, 11722 us display, type 3
audio: 70 underruns, 81 ms queued
mem @frame 256: heap free 47068, largest 22016, min ever 46580, zone free 41244, display stack free 4408, uptime 7 s, gamestate 0, demo 1, usergame 0, tic 190
frame 257: 31940 us total, 11911 us display, type 3
frame 258: 30554 us total, 12034 us display, type 3
frame 259: 30145 us total, 11804 us display, type 3
frame 260: 30282 us total, 11816 us display, type 3
frame 261: 30905 us total, 11722 us display, type 3
frame 262: 31449 us total, 12013 us display, type 3
frame 263: 30300 us total, 11712 us display, type 3
frame 264: 30629 us total, 11897 us display, type 3
frame 265: 31152 us total, 11721 us display, type 3
frame 266: 30695 us total, 11832 us display, type 3
frame 267: 30413 us total, 11709 us display, type 3
frame 268: 30949 us total, 11718 us display, type 3
frame 269: 31047 us total, 11709 us display, type 3
frame 270: 32946 us total, 11724 us display, type 3
frame 271: 31280 us total, 11714 us display, type 3
frame 272: 31882 us total, 12081 us display, type 3
frame 273: 32153 us total, 11704 us display, type 3
frame 274: 32718 us total, 11722 us display, type 3
frame 275: 30694 us total, 11765 us display, type 3
frame 276: 29509 us total, 11713 us display, type 3
frame 277: 30508 us total, 11723 us display, type 3
frame 278: 28273 us total, 11719 us display, type 3
frame 279: 28344 us total, 11720 us display, type 3
frame 280: 27289 us total, 11730 us display, type 3
frame 281: 26447 us total, 11707 us display, type 3
frame 282: 25543 us total, 11763 us display, type 3
frame 283: 25373 us total, 11810 us display, type 3
frame 284: 25004 us total, 11714 us display, type 3
frame 285: 22823 us total, 11711 us display, type 3
frame 286: 25472 us total, 11730 us display, type 3
frame 287: 27553 us total, 11705 us display, type 3
frame 288: 26797 us total, 11698 us display, type 3
frame 289: 29286 us total, 11697 us display, type 3
frame 290: 27616 us total, 11857 us display, type 3
frame 291: 27395 us total, 11691 us display, type 3
frame 292: 28527 us total, 11705 us display, type 3
frame 293: 28369 us total, 11738 us display, type 3
frame 294: 27951 us total, 11696 us display, type 3
frame 295: 27586 us total, 11688 us display, type 3
frame 296: 27615 us total, 11690 us display, type 3
frame 297: 30489 us total, 11699 us display, type 3
frame 298: 28988 us total, 11831 us display, type 3
frame 299: 26710 us total, 11691 us display, type 3
frame 300: 29675 us total, 11706 us display, type 3
frame 301: 27465 us total, 11689 us display, type 3
frame 302: 30041 us total, 11689 us display, type 3
frame 303: 28626 us total, 11699 us display, type 3
frame 304: 27035 us total, 11689 us display, type 3
frame 305: 30219 us total, 11689 us display, type 3
frame 306: 26698 us total, 11705 us display, type 3
frame 307: 33644 us total, 11696 us display, type 3
frame 308: 30658 us total, 11706 us display, type 3
frame 309: 30057 us total, 11718 us display, type 3
frame 310: 31040 us total, 11903 us display, type 3
frame 311: 29181 us total, 11721 us display, type 3
frame 312: 28747 us total, 11716 us display, type 3
frame 313: 29491 us total, 11727 us display, type 3
frame 314: 29771 us total, 11718 us display, type 3
frame 315: 27921 us total, 12048 us display, type 3
frame 316: 28581 us total, 11712 us display, type 3
frame 317: 27968 us total, 11713 us display, type 3
frame 318: 31704 us total, 11735 us display, type 3
frame 319: 32269 us total, 11717 us display, type 3
frame 320: 28604 us total, 11722 us display, type 3
frame 321: 30849 us total, 12020 us display, type 3
frame 322: 33791 us total, 11888 us display, type 3
frame 323: 30038 us total, 11727 us display, type 3
frame 324: 32740 us total, 11809 us display, type 3
frame 325: 34639 us total, 12008 us display, type 3
frame 326: 32912 us total, 11732 us display, type 3
frame 327: 30844 us total, 12001 us display, type 3
frame 328: 35075 us total, 11948 us display, type 3
frame 329: 32923 us total, 11722 us display, type 3
frame 330: 30666 us total, 11719 us display, type 3
frame 331: 33502 us total, 11870 us display, type 3
frame 332: 32933 us total, 12025 us display, type 3
frame 333: 32833 us total, 11716 us display, type 3
frame 334: 30269 us total, 11728 us display, type 3
frame 335: 37115 us total, 12057 us display, type 3
frame 336: 35836 us total, 11728 us display, type 3
frame 337: 34048 us total, 11921 us display, type 3
frame 338: 36216 us total, 11730 us display, type 3
frame 339: 39657 us total, 11815 us display, type 3
frame 340: 36512 us total, 11723 us display, type 3
frame 341: 37498 us total, 11952 us display, type 3
frame 342: 36547 us total, 11711 us display, type 3
frame 343: 37407 us total, 11724 us display, type 3
frame 344: 36351 us total, 11737 us display, type 3
frame 345: 38442 us total, 12028 us display, type 3
frame 346: 40549 us total, 11734 us display, type 3
frame 347: 39385 us total, 11736 us display, type 3
frame 348: 38519 us total, 11723 us display, type 3
frame 349: 38961 us total, 11760 us display, type 3
frame 350: 39075 us total, 11903 us display, type 3
frame 351: 41170 us total, 11728 us display, type 3
frame 352: 40690 us total, 11764 us display, type 3
frame 353: 40904 us total, 11730 us display, type 3
frame 354: 40208 us total, 11715 us display, type 3
frame 355: 38048 us total, 11736 us display, type 3
frame 356: 44201 us total, 11729 us display, type 3
frame 357: 41999 us total, 11829 us display, type 3
frame 358: 43154 us total, 12035 us display, type 3
frame 359: 44063 us total, 12107 us display, type 3
frame 360: 41569 us total, 11719 us display, type 3
frame 361: 40864 us total, 12009 us display, type 3
frame 362: 36661 us total, 11718 us display, type 3
frame 363: 32744 us total, 12042 us display, type 3
frame 364: 33923 us total, 11728 us display, type 3
frame 365: 33530 us total, 11724 us display, type 3
frame 366: 33514 us total, 11732 us display, type 3
frame 367: 34043 us total, 11849 us display, type 3
frame 368: 32234 us total, 11715 us display, type 3
frame 369: 33335 us total, 11855 us display, type 3
frame 370: 30313 us total, 11730 us display, type 3
frame 371: 31516 us total, 11834 us display, type 3
frame 372: 31747 us total, 11718 us display, type 3
frame 373: 29570 us total, 12019 us display, type 3
frame 374: 31665 us total, 11712 us display, type 3
frame 375: 31345 us total, 11725 us display, type 3
frame 376: 32449 us total, 11815 us display, type 3
frame 377: 29903 us total, 11840 us display, type 3
frame 378: 30932 us total, 12015 us display, type 3
frame 379: 30026 us total, 11714 us display, type 3
frame 380: 30388 us total, 11720 us display, type 3
frame 381: 30084 us total, 11726 us display, type 3
frame 382: 29970 us total, 11712 us display, type 3
frame 383: 30454 us total, 11726 us display, type 3
profile (avg of 128 frames, ms): logic+bsp 7.9 wait-fb 0.0 vp-mark 1.9 flats 4.8 columns 8.9 fuzz 0.0
frame 384: 30924 us total, 12051 us display, type 3
frame 385: 30938 us total, 11730 us display, type 3
frame 386: 31860 us total, 11719 us display, type 3
frame 387: 30912 us total, 11959 us display, type 3
frame 388: 31174 us total, 11732 us display, type 3
frame 389: 32344 us total, 11711 us display, type 3
frame 390: 31057 us total, 11712 us display, type 3
frame 391: 30613 us total, 11713 us display, type 3
frame 392: 31838 us total, 11722 us display, type 3
frame 393: 31486 us total, 11921 us display, type 3
frame 394: 32783 us total, 12085 us display, type 3
frame 395: 30920 us total, 11950 us display, type 3
frame 396: 31441 us total, 11722 us display, type 3
frame 397: 36740 us total, 11717 us display, type 3
frame 398: 34043 us total, 11846 us display, type 3
frame 399: 33815 us total, 11722 us display, type 3
frame 400: 34795 us total, 11978 us display, type 3
frame 401: 34539 us total, 11943 us display, type 3
frame 402: 32774 us total, 11751 us display, type 3
frame 403: 37529 us total, 12016 us display, type 3
frame 404: 35623 us total, 12079 us display, type 3
frame 405: 35640 us total, 11726 us display, type 3
frame 406: 34308 us total, 11713 us display, type 3
frame 407: 36901 us total, 11894 us display, type 3
frame 408: 35605 us total, 11734 us display, type 3
frame 409: 36619 us total, 11917 us display, type 3
frame 410: 33998 us total, 11723 us display, type 3
frame 411: 37999 us total, 11709 us display, type 3
frame 412: 35786 us total, 12047 us display, type 3
frame 413: 35778 us total, 11726 us display, type 3
frame 414: 35609 us total, 11720 us display, type 3
frame 415: 34760 us total, 11712 us display, type 3
frame 416: 35295 us total, 11737 us display, type 3
frame 417: 35161 us total, 11717 us display, type 3
frame 418: 33936 us total, 11730 us display, type 3
frame 419: 35021 us total, 12060 us display, type 3
frame 420: 33429 us total, 11728 us display, type 3
frame 421: 34513 us total, 11795 us display, type 3
frame 422: 32424 us total, 12043 us display, type 3
frame 423: 30991 us total, 11725 us display, type 3
frame 424: 32301 us total, 11728 us display, type 3
frame 425: 34745 us total, 11718 us display, type 3
frame 426: 32451 us total, 11721 us display, type 3
frame 427: 35684 us total, 11718 us display, type 3
frame 428: 33661 us total, 11719 us display, type 3
frame 429: 33130 us total, 11720 us display, type 3
frame 430: 34255 us total, 11843 us display, type 3
frame 431: 34639 us total, 11999 us display, type 3
frame 432: 32762 us total, 11825 us display, type 3
frame 433: 34108 us total, 11727 us display, type 3
frame 434: 35474 us total, 11723 us display, type 3
frame 435: 35012 us total, 11741 us display, type 3
frame 436: 37368 us total, 11877 us display, type 3
frame 437: 35264 us total, 12004 us display, type 3
frame 438: 37076 us total, 11734 us display, type 3
frame 439: 37335 us total, 11713 us display, type 3
frame 440: 36462 us total, 11713 us display, type 3
frame 441: 36355 us total, 11769 us display, type 3
frame 442: 35185 us total, 11738 us display, type 3
frame 443: 37721 us total, 11888 us display, type 3
frame 444: 36251 us total, 11711 us display, type 3
frame 445: 35989 us total, 11714 us display, type 3
frame 446: 35893 us total, 11730 us display, type 3
frame 447: 34130 us total, 11716 us display, type 3
frame 448: 34146 us total, 11714 us display, type 3
frame 449: 32917 us total, 11870 us display, type 3
frame 450: 31461 us total, 11815 us display, type 3
frame 451: 33157 us total, 12069 us display, type 3
frame 452: 33734 us total, 11725 us display, type 3
frame 453: 32285 us total, 12001 us display, type 3
frame 454: 34493 us total, 11889 us display, type 3
frame 455: 35780 us total, 11724 us display, type 3
frame 456: 35488 us total, 11734 us display, type 3
frame 457: 38298 us total, 11722 us display, type 3
frame 458: 34520 us total, 11711 us display, type 3
frame 459: 34168 us total, 11723 us display, type 3
frame 460: 34852 us total, 11720 us display, type 3
frame 461: 35555 us total, 11719 us display, type 3
frame 462: 32427 us total, 11708 us display, type 3
frame 463: 34046 us total, 11875 us display, type 3
frame 464: 33854 us total, 11724 us display, type 3
frame 465: 33806 us total, 11717 us display, type 3
frame 466: 32993 us total, 11718 us display, type 3
frame 467: 38227 us total, 11721 us display, type 3
frame 468: 37714 us total, 11710 us display, type 3
frame 469: 38694 us total, 12001 us display, type 3
frame 470: 39733 us total, 11874 us display, type 3
frame 471: 36721 us total, 11721 us display, type 3
frame 472: 38906 us total, 11993 us display, type 3
frame 473: 38382 us total, 11719 us display, type 3
frame 474: 37843 us total, 11707 us display, type 3
frame 475: 37424 us total, 11735 us display, type 3
frame 476: 37358 us total, 11713 us display, type 3
frame 477: 36400 us total, 11748 us display, type 3
frame 478: 36669 us total, 12053 us display, type 3
frame 479: 34241 us total, 11725 us display, type 3
frame 480: 33540 us total, 11723 us display, type 3
frame 481: 33020 us total, 11719 us display, type 3
frame 482: 30665 us total, 11723 us display, type 3
frame 483: 30180 us total, 11723 us display, type 3
frame 484: 30273 us total, 11715 us display, type 3
frame 485: 32157 us total, 12048 us display, type 3
frame 486: 29434 us total, 11723 us display, type 3
frame 487: 30803 us total, 11725 us display, type 3
frame 488: 30697 us total, 12052 us display, type 3
frame 489: 29064 us total, 11745 us display, type 3
frame 490: 31246 us total, 11869 us display, type 3
frame 491: 29908 us total, 11877 us display, type 3
frame 492: 28839 us total, 11874 us display, type 3
frame 493: 30005 us total, 12094 us display, type 3
frame 494: 29454 us total, 11720 us display, type 3
frame 495: 27660 us total, 11720 us display, type 3
frame 496: 30873 us total, 11730 us display, type 3
frame 497: 28448 us total, 12014 us display, type 3
frame 498: 27016 us total, 11717 us display, type 3
frame 499: 32624 us total, 12022 us display, type 3
frame 500: 30854 us total, 11710 us display, type 3
frame 501: 28225 us total, 11711 us display, type 3
frame 502: 33364 us total, 11725 us display, type 3
frame 503: 29287 us total, 11711 us display, type 3
frame 504: 32186 us total, 11766 us display, type 3
frame 505: 30535 us total, 11731 us display, type 3
frame 506: 31326 us total, 11870 us display, type 3
frame 507: 32143 us total, 11721 us display, type 3
frame 508: 32928 us total, 11714 us display, type 3
frame 509: 32813 us total, 11719 us display, type 3
frame 510: 31334 us total, 12027 us display, type 3
frame 511: 33360 us total, 11719 us display, type 3
profile (avg of 128 frames, ms): logic+bsp 9.5 wait-fb 0.0 vp-mark 1.8 flats 5.2 columns 11.0 fuzz 0.0
frame 512: 34279 us total, 11890 us display, type 3
audio: 70 underruns, 46 ms queued
mem @frame 512: heap free 47068, largest 22016, min ever 46580, zone free 40564, display stack free 4408, uptime 15 s, gamestate 0, demo 1, usergame 0, tic 485
frame 513: 31890 us total, 11720 us display, type 3
frame 514: 32803 us total, 11727 us display, type 3
frame 515: 35109 us total, 11723 us display, type 3
frame 516: 33347 us total, 12026 us display, type 3
frame 517: 30612 us total, 11811 us display, type 3
frame 518: 33091 us total, 12040 us display, type 3
frame 519: 31855 us total, 12000 us display, type 3
frame 520: 30111 us total, 11725 us display, type 3
frame 521: 32267 us total, 11720 us display, type 3
frame 522: 32634 us total, 11727 us display, type 3
frame 523: 30346 us total, 11715 us display, type 3
frame 524: 31417 us total, 11714 us display, type 3
frame 525: 31854 us total, 11896 us display, type 3
frame 526: 30292 us total, 11875 us display, type 3
frame 527: 30517 us total, 11941 us display, type 3
frame 528: 30924 us total, 12020 us display, type 3
frame 529: 29573 us total, 11798 us display, type 3
frame 530: 30964 us total, 11716 us display, type 3
frame 531: 31481 us total, 11712 us display, type 3
frame 532: 29832 us total, 11774 us display, type 3
frame 533: 31184 us total, 11713 us display, type 3
frame 534: 31189 us total, 11722 us display, type 3
frame 535: 29477 us total, 11834 us display, type 3
frame 536: 29423 us total, 11716 us display, type 3
frame 537: 29254 us total, 11713 us display, type 3
frame 538: 28068 us total, 11720 us display, type 3
frame 539: 29228 us total, 11809 us display, type 3
frame 540: 28485 us total, 11883 us display, type 3
frame 541: 27828 us total, 11716 us display, type 3
frame 542: 29673 us total, 11720 us display, type 3
frame 543: 28083 us total, 12023 us display, type 3
frame 544: 28051 us total, 11723 us display, type 3
frame 545: 27840 us total, 11788 us display, type 3
frame 546: 28561 us total, 11712 us display, type 3
frame 547: 28757 us total, 11723 us display, type 3
frame 548: 28266 us total, 11717 us display, type 3
frame 549: 28862 us total, 11924 us display, type 3
frame 550: 28305 us total, 11722 us display, type 3
frame 551: 27502 us total, 11719 us display, type 3
frame 552: 29209 us total, 11710 us display, type 3
frame 553: 27402 us total, 11844 us display, type 3
frame 554: 28212 us total, 11730 us display, type 3
frame 555: 28069 us total, 11894 us display, type 3
frame 556: 28153 us total, 11844 us display, type 3
frame 557: 28146 us total, 12001 us display, type 3
frame 558: 28644 us total, 11721 us display, type 3
frame 559: 28832 us total, 11724 us display, type 3
frame 560: 28829 us total, 11719 us display, type 3
frame 561: 27309 us total, 11731 us display, type 3
frame 562: 31706 us total, 11712 us display, type 3
frame 563: 29574 us total, 11717 us display, type 3
frame 564: 29930 us total, 11721 us display, type 3
frame 565: 29900 us total, 12011 us display, type 3
frame 566: 30472 us total, 11725 us display, type 3
frame 567: 30544 us total, 11714 us display, type 3
frame 568: 29997 us total, 11714 us display, type 3
frame 569: 29835 us total, 11723 us display, type 3
frame 570: 32570 us total, 11828 us display, type 3
frame 571: 30928 us total, 12020 us display, type 3
frame 572: 30927 us total, 11911 us display, type 3
frame 573: 30923 us total, 11786 us display, type 3
frame 574: 31476 us total, 11719 us display, type 3
frame 575: 30387 us total, 12091 us display, type 3
frame 576: 33295 us total, 11709 us display, type 3
frame 577: 31330 us total, 11781 us display, type 3
frame 578: 32750 us total, 11709 us display, type 3
frame 579: 30308 us total, 11726 us display, type 3
frame 580: 31054 us total, 11722 us display, type 3
frame 581: 31724 us total, 11718 us display, type 3
frame 582: 29352 us total, 11718 us display, type 3
frame 583: 30549 us total, 11792 us display, type 3
frame 584: 28894 us total, 11714 us display, type 3
frame 585: 30639 us total, 11718 us display, type 3
frame 586: 30470 us total, 11816 us display, type 3
frame 587: 28804 us total, 11707 us display, type 3
frame 588: 30773 us total, 11729 us display, type 3
frame 589: 33199 us total, 11796 us display, type 3
frame 590: 30978 us total, 11711 us display, type 3
frame 591: 31801 us total, 12010 us display, type 3
frame 592: 31860 us total, 11744 us display, type 3
frame 593: 30977 us total, 11721 us display, type 3
frame 594: 31402 us total, 11714 us display, type 3
frame 595: 32153 us total, 11715 us display, type 3
frame 596: 31009 us total, 11716 us display, type 3
frame 597: 30375 us total, 11721 us display, type 3
frame 598: 31667 us total, 11869 us display, type 3
frame 599: 31535 us total, 11915 us display, type 3
frame 600: 28865 us total, 11726 us display, type 3
frame 601: 31456 us total, 12060 us display, type 3
frame 602: 29289 us total, 11892 us display, type 3
frame 603: 30852 us total, 11806 us display, type 3
frame 604: 31711 us total, 11906 us display, type 3
frame 605: 30000 us total, 11821 us display, type 3
frame 606: 32264 us total, 11715 us display, type 3
frame 607: 31440 us total, 11837 us display, type 3
frame 608: 30002 us total, 12063 us display, type 3
frame 609: 31021 us total, 11736 us display, type 3
frame 610: 30459 us total, 11721 us display, type 3
frame 611: 29906 us total, 11729 us display, type 3
frame 612: 32575 us total, 12005 us display, type 3
frame 613: 30688 us total, 11730 us display, type 3
frame 614: 31563 us total, 11728 us display, type 3
frame 615: 32296 us total, 11966 us display, type 3
frame 616: 31294 us total, 11810 us display, type 3
frame 617: 29815 us total, 11815 us display, type 3
frame 618: 31967 us total, 11719 us display, type 3
frame 619: 31560 us total, 11950 us display, type 3
frame 620: 31106 us total, 11723 us display, type 3
frame 621: 30785 us total, 11720 us display, type 3
frame 622: 32831 us total, 11737 us display, type 3
frame 623: 33973 us total, 11716 us display, type 3
frame 624: 32339 us total, 11914 us display, type 3
frame 625: 33042 us total, 11970 us display, type 3
frame 626: 32783 us total, 12052 us display, type 3
frame 627: 33287 us total, 11730 us display, type 3
frame 628: 33610 us total, 11732 us display, type 3
frame 629: 34393 us total, 12028 us display, type 3
frame 630: 32078 us total, 11721 us display, type 3
frame 631: 31620 us total, 11867 us display, type 3
frame 632: 31470 us total, 11719 us display, type 3
frame 633: 32479 us total, 12018 us display, type 3
frame 634: 30498 us total, 11706 us display, type 3
frame 635: 30792 us total, 11728 us display, type 3
frame 636: 32442 us total, 11724 us display, type 3
frame 637: 31393 us total, 11909 us display, type 3
frame 638: 31297 us total, 11901 us display, type 3
frame 639: 33706 us total, 11967 us display, type 3
profile (avg of 128 frames, ms): logic+bsp 8.9 wait-fb 0.0 vp-mark 1.5 flats 4.4 columns 9.2 fuzz 1.0
frame 640: 31972 us total, 11721 us display, type 3
frame 641: 31995 us total, 11726 us display, type 3
frame 642: 32220 us total, 11717 us display, type 3
frame 643: 30343 us total, 11715 us display, type 3
frame 644: 30744 us total, 11715 us display, type 3
frame 645: 31277 us total, 11723 us display, type 3
frame 646: 30041 us total, 11717 us display, type 3
frame 647: 29934 us total, 11729 us display, type 3
frame 648: 31480 us total, 11918 us display, type 3
frame 649: 29436 us total, 11965 us display, type 3
frame 650: 30143 us total, 11908 us display, type 3
frame 651: 30790 us total, 11838 us display, type 3
frame 652: 30883 us total, 11921 us display, type 3
frame 653: 30303 us total, 11728 us display, type 3
frame 654: 31780 us total, 11714 us display, type 3
frame 655: 30069 us total, 11718 us display, type 3
frame 656: 31583 us total, 12086 us display, type 3
frame 657: 30952 us total, 11733 us display, type 3
frame 658: 29283 us total, 11726 us display, type 3
frame 659: 30304 us total, 11714 us display, type 3
frame 660: 30426 us total, 11740 us display, type 3
frame 661: 31410 us total, 11719 us display, type 3
frame 662: 30608 us total, 11730 us display, type 3
frame 663: 31821 us total, 12021 us display, type 3
frame 664: 28976 us total, 11729 us display, type 3
frame 665: 32312 us total, 11722 us display, type 3
frame 666: 31453 us total, 11719 us display, type 3
frame 667: 30464 us total, 11721 us display, type 3
frame 668: 31612 us total, 11907 us display, type 3
frame 669: 31174 us total, 11822 us display, type 3
frame 670: 31434 us total, 11748 us display, type 3
frame 671: 31465 us total, 11723 us display, type 3
frame 672: 33166 us total, 11909 us display, type 3
frame 673: 30099 us total, 11719 us display, type 3
frame 674: 31745 us total, 12007 us display, type 3
frame 675: 30958 us total, 12004 us display, type 3
frame 676: 30160 us total, 11997 us display, type 3
frame 677: 30817 us total, 11758 us display, type 3
frame 678: 31951 us total, 11723 us display, type 3
frame 679: 31148 us total, 11730 us display, type 3
frame 680: 32103 us total, 11820 us display, type 3
frame 681: 31388 us total, 11901 us display, type 3
frame 682: 33038 us total, 11721 us display, type 3
frame 683: 30658 us total, 11861 us display, type 3
frame 684: 31048 us total, 11721 us display, type 3
frame 685: 31728 us total, 11716 us display, type 3
frame 686: 30932 us total, 12009 us display, type 3
frame 687: 31415 us total, 11724 us display, type 3
frame 688: 31526 us total, 11719 us display, type 3
frame 689: 30467 us total, 11719 us display, type 3
frame 690: 31006 us total, 11730 us display, type 3
frame 691: 33509 us total, 11728 us display, type 3
frame 692: 31580 us total, 11721 us display, type 3
frame 693: 31322 us total, 11721 us display, type 3
frame 694: 32331 us total, 11997 us display, type 3
frame 695: 30905 us total, 11830 us display, type 3
frame 696: 31441 us total, 11724 us display, type 3
frame 697: 32749 us total, 11726 us display, type 3
frame 698: 30648 us total, 11730 us display, type 3
frame 699: 31571 us total, 11929 us display, type 3
frame 700: 32513 us total, 11717 us display, type 3
frame 701: 30610 us total, 11729 us display, type 3
frame 702: 31110 us total, 11716 us display, type 3
frame 703: 32519 us total, 11789 us display, type 3
frame 704: 30382 us total, 11731 us display, type 3
frame 705: 31453 us total, 11769 us display, type 3
frame 706: 32339 us total, 11714 us display, type 3
frame 707: 30125 us total, 11733 us display, type 3
frame 708: 31531 us total, 11717 us display, type 3
frame 709: 33620 us total, 11778 us display, type 3
frame 710: 31948 us total, 11731 us display, type 3
frame 711: 30369 us total, 11711 us display, type 3
frame 712: 31624 us total, 11717 us display, type 3
frame 713: 31198 us total, 11722 us display, type 3
frame 714: 28852 us total, 11729 us display, type 3
frame 715: 31560 us total, 11864 us display, type 3
frame 716: 31138 us total, 11723 us display, type 3
frame 717: 27961 us total, 11874 us display, type 3
frame 718: 31200 us total, 11720 us display, type 3
frame 719: 28056 us total, 11720 us display, type 3
frame 720: 29797 us total, 11767 us display, type 3
frame 721: 29561 us total, 11722 us display, type 3
frame 722: 27812 us total, 11707 us display, type 3
frame 723: 28929 us total, 11762 us display, type 3
frame 724: 29068 us total, 11920 us display, type 3
frame 725: 27661 us total, 11715 us display, type 3
frame 726: 29741 us total, 11718 us display, type 3
frame 727: 26041 us total, 11726 us display, type 3
frame 728: 29230 us total, 11725 us display, type 3
frame 729: 29739 us total, 12049 us display, type 3
frame 730: 26467 us total, 11718 us display, type 3
frame 731: 29119 us total, 11716 us display, type 3
frame 732: 27906 us total, 12002 us display, type 3
frame 733: 28520 us total, 11914 us display, type 3
frame 734: 27607 us total, 11712 us display, type 3
frame 735: 26291 us total, 11794 us display, type 3
frame 736: 27362 us total, 11724 us display, type 3
frame 737: 26165 us total, 12013 us display, type 3
frame 738: 28151 us total, 11869 us display, type 3
frame 739: 27684 us total, 11724 us display, type 3
frame 740: 25630 us total, 11715 us display, type 3
frame 741: 27513 us total, 11720 us display, type 3
frame 742: 25488 us total, 11719 us display, type 3
frame 743: 27780 us total, 11915 us display, type 3
frame 744: 25452 us total, 12028 us display, type 3
frame 745: 28885 us total, 11720 us display, type 3
frame 746: 29313 us total, 11728 us display, type 3
frame 747: 26066 us total, 11723 us display, type 3
frame 748: 30821 us total, 11805 us display, type 3
frame 749: 27208 us total, 11741 us display, type 3
frame 750: 29318 us total, 11712 us display, type 3
frame 751: 29328 us total, 11802 us display, type 3
frame 752: 27937 us total, 11714 us display, type 3
frame 753: 29725 us total, 11863 us display, type 3
frame 754: 28379 us total, 11719 us display, type 3
frame 755: 28333 us total, 11726 us display, type 3
frame 756: 28724 us total, 11726 us display, type 3
frame 757: 28161 us total, 11729 us display, type 3
frame 758: 31604 us total, 12073 us display, type 3
frame 759: 29154 us total, 11734 us display, type 3
frame 760: 29259 us total, 11726 us display, type 3
frame 761: 30663 us total, 11740 us display, type 3
frame 762: 32320 us total, 12011 us display, type 3
frame 763: 32175 us total, 11716 us display, type 3
frame 764: 35864 us total, 12022 us display, type 3
frame 765: 37674 us total, 11719 us display, type 3
frame 766: 39186 us total, 12050 us display, type 3
frame 767: 42211 us total, 12066 us display, type 3
profile (avg of 128 frames, ms): logic+bsp 8.7 wait-fb 0.0 vp-mark 1.6 flats 4.8 columns 9.1 fuzz 0.5
frame 768: 38273 us total, 11724 us display, type 3
audio: 70 underruns, 58 ms queued
mem @frame 768: heap free 47068, largest 22016, min ever 46580, zone free 41204, display stack free 4408, uptime 23 s, gamestate 0, demo 1, usergame 0, tic 760
frame 769: 38122 us total, 11713 us display, type 3
frame 770: 35627 us total, 11719 us display, type 3
frame 771: 36123 us total, 11997 us display, type 3
frame 772: 35560 us total, 11831 us display, type 3
frame 773: 30925 us total, 12018 us display, type 3
frame 774: 33408 us total, 11715 us display, type 3
frame 775: 36076 us total, 11713 us display, type 3
frame 776: 34664 us total, 11734 us display, type 3
frame 777: 34720 us total, 11721 us display, type 3
frame 778: 36829 us total, 11719 us display, type 3
frame 779: 37561 us total, 11719 us display, type 3
frame 780: 37110 us total, 11867 us display, type 3
frame 781: 36748 us total, 11726 us display, type 3
frame 782: 37332 us total, 12099 us display, type 3
frame 783: 36998 us total, 11726 us display, type 3
frame 784: 38036 us total, 11713 us display, type 3
frame 785: 36445 us total, 11758 us display, type 3
frame 786: 35736 us total, 11944 us display, type 3
frame 787: 36570 us total, 11725 us display, type 3
frame 788: 37176 us total, 11712 us display, type 3
frame 789: 34973 us total, 11724 us display, type 3
frame 790: 32025 us total, 11724 us display, type 3
frame 791: 34511 us total, 11720 us display, type 3
frame 792: 33724 us total, 11718 us display, type 3
frame 793: 33802 us total, 12056 us display, type 3
frame 794: 29065 us total, 11918 us display, type 3
frame 795: 30007 us total, 12022 us display, type 3
frame 796: 31349 us total, 11722 us display, type 3
frame 797: 32334 us total, 12060 us display, type 3
frame 798: 37740 us total, 11723 us display, type 3
frame 799: 37350 us total, 11744 us display, type 3
frame 800: 37081 us total, 11714 us display, type 3
frame 801: 32290 us total, 11825 us display, type 3
frame 802: 33860 us total, 11717 us display, type 3
frame 803: 33939 us total, 11717 us display, type 3
frame 804: 35549 us total, 11732 us display, type 3
frame 805: 33157 us total, 11907 us display, type 3
frame 806: 34964 us total, 12023 us display, type 3
frame 807: 30466 us total, 11714 us display, type 3
frame 808: 30656 us total, 11722 us display, type 3
frame 809: 31267 us total, 11721 us display, type 3
frame 810: 31580 us total, 11729 us display, type 3
frame 811: 35489 us total, 11943 us display, type 3
frame 812: 33112 us total, 11719 us display, type 3
frame 813: 32567 us total, 11724 us display, type 3
frame 814: 32686 us total, 11721 us display, type 3
frame 815: 32182 us total, 11982 us display, type 3
frame 816: 32309 us total, 11722 us display, type 3
frame 817: 34447 us total, 11720 us display, type 3
frame 818: 31900 us total, 11711 us display, type 3
frame 819: 32553 us total, 11723 us display, type 3
frame 820: 32554 us total, 11717 us display, type 3
frame 821: 33052 us total, 11716 us display, type 3
frame 822: 32208 us total, 11726 us display, type 3
frame 823: 33444 us total, 11716 us display, type 3
frame 824: 33886 us total, 11726 us display, type 3
frame 825: 32456 us total, 11730 us display, type 3
frame 826: 29004 us total, 11724 us display, type 3
frame 827: 29157 us total, 11717 us display, type 3
frame 828: 28460 us total, 11714 us display, type 3
frame 829: 28898 us total, 11722 us display, type 3
frame 830: 28834 us total, 12039 us display, type 3
frame 831: 27397 us total, 11819 us display, type 3
frame 832: 27950 us total, 12083 us display, type 3
frame 833: 24559 us total, 11718 us display, type 3
frame 834: 25616 us total, 11715 us display, type 3
frame 835: 26695 us total, 12070 us display, type 3
frame 836: 28309 us total, 11715 us display, type 3
frame 837: 28425 us total, 11724 us display, type 3
frame 838: 27824 us total, 12035 us display, type 3
frame 839: 27820 us total, 11797 us display, type 3
frame 840: 28731 us total, 11716 us display, type 3
frame 841: 26659 us total, 11737 us display, type 3
frame 842: 29088 us total, 12056 us display, type 3
frame 843: 27879 us total, 11909 us display, type 3
frame 844: 27872 us total, 11718 us display, type 3
frame 845: 29826 us total, 11721 us display, type 3
frame 846: 27208 us total, 12076 us display, type 3
frame 847: 27755 us total, 11722 us display, type 3
frame 848: 27548 us total, 11715 us display, type 3
frame 849: 28656 us total, 11754 us display, type 3
frame 850: 29196 us total, 11717 us display, type 3
frame 851: 28419 us total, 11722 us display, type 3
frame 852: 29697 us total, 12046 us display, type 3
frame 853: 27342 us total, 11716 us display, type 3
frame 854: 28354 us total, 11718 us display, type 3
frame 855: 29629 us total, 11713 us display, type 3
frame 856: 28705 us total, 11705 us display, type 3
frame 857: 28907 us total, 11733 us display, type 3
frame 858: 28651 us total, 11732 us display, type 3
frame 859: 28029 us total, 11721 us display, type 3
frame 860: 29128 us total, 11727 us display, type 3
frame 861: 28121 us total, 11725 us display, type 3
frame 862: 29407 us total, 11721 us display, type 3
frame 863: 29666 us total, 11870 us display, type 3
frame 864: 27710 us total, 11908 us display, type 3
frame 865: 29906 us total, 11913 us display, type 3
frame 866: 27293 us total, 11721 us display, type 3
frame 867: 29362 us total, 11716 us display, type 3
frame 868: 29238 us total, 11719 us display, type 3
frame 869: 27329 us total, 11720 us display, type 3
frame 870: 29338 us total, 11715 us display, type 3
frame 871: 29654 us total, 11721 us display, type 3
frame 872: 28363 us total, 11717 us display, type 3
frame 873: 31057 us total, 11715 us display, type 3
frame 874: 30801 us total, 11722 us display, type 3
frame 875: 31952 us total, 11716 us display, type 3
frame 876: 31646 us total, 11723 us display, type 3
frame 877: 31183 us total, 11722 us display, type 3
frame 878: 29841 us total, 11723 us display, type 3
frame 879: 31833 us total, 11723 us display, type 3
frame 880: 31647 us total, 11823 us display, type 3
frame 881: 30916 us total, 12055 us display, type 3
frame 882: 33156 us total, 11723 us display, type 3
frame 883: 32869 us total, 11731 us display, type 3
frame 884: 33073 us total, 11707 us display, type 3
frame 885: 33254 us total, 11717 us display, type 3
frame 886: 33587 us total, 11936 us display, type 3
frame 887: 31426 us total, 11714 us display, type 3
frame 888: 33206 us total, 11855 us display, type 3
frame 889: 33689 us total, 11728 us display, type 3
frame 890: 36038 us total, 11711 us display, type 3
frame 891: 32493 us total, 11963 us display, type 3
frame 892: 33721 us total, 11836 us display, type 3
frame 893: 34672 us total, 11705 us display, type 3
frame 894: 33824 us total, 11993 us display, type 3
frame 895: 32775 us total, 12081 us display, type 3
profile (avg of 128 frames, ms): logic+bsp 8.7 wait-fb 0.0 vp-mark 1.2 flats 3.5 columns 10.8 fuzz 0.1
frame 896: 33720 us total, 11918 us display, type 3
frame 897: 33468 us total, 11705 us display, type 3
frame 898: 30955 us total, 11727 us display, type 3
frame 899: 33751 us total, 11826 us display, type 3
frame 900: 33492 us total, 11714 us display, type 3
frame 901: 33382 us total, 11728 us display, type 3
frame 902: 33386 us total, 11716 us display, type 3
frame 903: 31785 us total, 11723 us display, type 3
frame 904: 30939 us total, 11723 us display, type 3
frame 905: 29566 us total, 11755 us display, type 3
frame 906: 29999 us total, 11950 us display, type 3
frame 907: 29572 us total, 11715 us display, type 3
frame 908: 29400 us total, 11712 us display, type 3
frame 909: 29382 us total, 11725 us display, type 3
frame 910: 28287 us total, 11719 us display, type 3
frame 911: 29010 us total, 11724 us display, type 3
frame 912: 28665 us total, 11720 us display, type 3
frame 913: 29945 us total, 11874 us display, type 3
frame 914: 30138 us total, 11722 us display, type 3
frame 915: 32027 us total, 11986 us display, type 3
frame 916: 30024 us total, 11995 us display, type 3
frame 917: 30398 us total, 11724 us display, type 3
frame 918: 34556 us total, 11912 us display, type 3
frame 919: 33230 us total, 11778 us display, type 3
frame 920: 37176 us total, 11707 us display, type 3
frame 921: 36979 us total, 11738 us display, type 3
frame 922: 40305 us total, 11708 us display, type 3
frame 923: 38314 us total, 11924 us display, type 3
frame 924: 37781 us total, 11722 us display, type 3
frame 925: 39527 us total, 11723 us display, type 3
frame 926: 38993 us total, 11805 us display, type 3
frame 927: 38364 us total, 11726 us display, type 3
frame 928: 38751 us total, 11718 us display, type 3
frame 929: 36859 us total, 11714 us display, type 3
frame 930: 36266 us total, 11718 us display, type 3
frame 931: 37364 us total, 11979 us display, type 3
frame 932: 35929 us total, 11814 us display, type 3
frame 933: 36172 us total, 11732 us display, type 3
frame 934: 36589 us total, 11760 us display, type 3
frame 935: 35639 us total, 11724 us display, type 3
frame 936: 34934 us total, 11723 us display, type 3
frame 937: 36300 us total, 11808 us display, type 3
frame 938: 35077 us total, 11716 us display, type 3
frame 939: 35898 us total, 11717 us display, type 3
frame 940: 35462 us total, 11717 us display, type 3
frame 941: 35206 us total, 11722 us display, type 3
frame 942: 36567 us total, 11738 us display, type 3
frame 943: 37413 us total, 11730 us display, type 3
frame 944: 37504 us total, 11947 us display, type 3
frame 945: 36472 us total, 11903 us display, type 3
frame 946: 36226 us total, 11727 us display, type 3
frame 947: 36942 us total, 11936 us display, type 3
frame 948: 36497 us total, 11984 us display, type 3
frame 949: 36077 us total, 11821 us display, type 3
frame 950: 37094 us total, 11724 us display, type 3
frame 951: 34921 us total, 11713 us display, type 3
frame 952: 33588 us total, 11713 us display, type 3
frame 953: 36465 us total, 11741 us display, type 3
frame 954: 36646 us total, 12042 us display, type 3
frame 955: 35924 us total, 11721 us display, type 3
frame 956: 38109 us total, 12089 us display, type 3
frame 957: 36516 us total, 11876 us display, type 3
frame 958: 37826 us total, 11730 us display, type 3
frame 959: 40336 us total, 11722 us display, type 3
frame 960: 38455 us total, 11712 us display, type 3
frame 961: 39061 us total, 11711 us display, type 3
frame 962: 38413 us total, 11890 us display, type 3
frame 963: 38185 us total, 11713 us display, type 3
frame 964: 38839 us total, 11720 us display, type 3
frame 965: 40667 us total, 11729 us display, type 3
frame 966: 41741 us total, 12089 us display, type 3
frame 967: 40396 us total, 11734 us display, type 3
frame 968: 43184 us total, 11719 us display, type 3
frame 969: 42195 us total, 11712 us display, type 3
frame 970: 39680 us total, 11723 us display, type 3
frame 971: 42184 us total, 11722 us display, type 3
frame 972: 41952 us total, 11731 us display, type 3
frame 973: 43745 us total, 12025 us display, type 3
frame 974: 39759 us total, 11716 us display, type 3
frame 975: 40688 us total, 11704 us display, type 3
frame 976: 40453 us total, 11735 us display, type 3
frame 977: 39605 us total, 11719 us display, type 3
frame 978: 38884 us total, 11721 us display, type 3
frame 979: 37835 us total, 12086 us display, type 3
frame 980: 38762 us total, 11719 us display, type 3
frame 981: 38074 us total, 11991 us display, type 3
frame 982: 38895 us total, 11921 us display, type 3
frame 983: 40130 us total, 11971 us display, type 3
frame 984: 39144 us total, 12055 us display, type 3
frame 985: 39433 us total, 11804 us display, type 3
frame 986: 39272 us total, 11728 us display, type 3
frame 987: 38976 us total, 11728 us display, type 3
frame 988: 38922 us total, 11709 us display, type 3
frame 989: 36846 us total, 11719 us display, type 3
frame 990: 38387 us total, 11731 us display, type 3
frame 991: 34513 us total, 11826 us display, type 3
frame 992: 33915 us total, 11718 us display, type 3
frame 993: 34698 us total, 11725 us display, type 3
frame 994: 34474 us total, 11870 us display, type 3
frame 995: 32797 us total, 11726 us display, type 3
frame 996: 37002 us total, 11715 us display, type 3
frame 997: 35432 us total, 11728 us display, type 3
frame 998: 36259 us total, 12050 us display, type 3
frame 999: 36589 us total, 11720 us display, type 3
frame 1000: 38475 us total, 11742 us display, type 3
frame 1001: 38033 us total, 11726 us display, type 3
frame 1002: 38054 us total, 11742 us display, type 3
frame 1003: 41369 us total, 11723 us display, type 3
frame 1004: 39357 us total, 11732 us display, type 3
frame 1005: 39978 us total, 12005 us display, type 3
frame 1006: 38930 us total, 11817 us display, type 3
frame 1007: 39064 us total, 12016 us display, type 3
frame 1008: 41073 us total, 11977 us display, type 3
frame 1009: 38726 us total, 11941 us display, type 3
frame 1010: 38134 us total, 11987 us display, type 3
frame 1011: 39444 us total, 12001 us display, type 3
frame 1012: 38660 us total, 11730 us display, type 3
frame 1013: 39196 us total, 11725 us display, type 3
frame 1014: 38708 us total, 11738 us display, type 3
frame 1015: 38601 us total, 11724 us display, type 3
frame 1016: 39826 us total, 11900 us display, type 3
frame 1017: 37852 us total, 12005 us display, type 3
frame 1018: 38293 us total, 11725 us display, type 3
frame 1019: 38377 us total, 11723 us display, type 3
frame 1020: 37506 us total, 11731 us display, type 3
frame 1021: 37876 us total, 11727 us display, type 3
frame 1022: 38243 us total, 11715 us display, type 3
frame 1023: 37575 us total, 11719 us display, type 3
profile (avg of 128 frames, ms): logic+bsp 11.4 wait-fb 0.0 vp-mark 1.3 flats 4.3 columns 14.4 fuzz 0.1
frame 1024: 38208 us total, 11745 us display, type 3
audio: 70 underruns, 69 ms queued
mem @frame 1024: heap free 47068, largest 22016, min ever 46580, zone free 41204, display stack free 4376, uptime 32 s, gamestate 0, demo 1, usergame 0, tic 1067
frame 1025: 40145 us total, 12001 us display, type 3
frame 1026: 37343 us total, 11804 us display, type 3
frame 1027: 36799 us total, 11823 us display, type 3
frame 1028: 36401 us total, 11902 us display, type 3
frame 1029: 34831 us total, 11711 us display, type 3
frame 1030: 34911 us total, 11714 us display, type 3
frame 1031: 35261 us total, 11848 us display, type 3
frame 1032: 35917 us total, 11722 us display, type 3
frame 1033: 34597 us total, 11725 us display, type 3
frame 1034: 35016 us total, 11720 us display, type 3
frame 1035: 34889 us total, 11732 us display, type 3
frame 1036: 35889 us total, 11990 us display, type 3
frame 1037: 33763 us total, 11822 us display, type 3
frame 1038: 34463 us total, 11717 us display, type 3
frame 1039: 35847 us total, 11891 us display, type 3
frame 1040: 33300 us total, 11724 us display, type 3
frame 1041: 32743 us total, 11711 us display, type 3
frame 1042: 33248 us total, 11726 us display, type 3
frame 1043: 32988 us total, 11916 us display, type 3
frame 1044: 31801 us total, 11724 us display, type 3
frame 1045: 32990 us total, 11723 us display, type 3
frame 1046: 33957 us total, 11727 us display, type 3
frame 1047: 33270 us total, 11709 us display, type 3
frame 1048: 30961 us total, 11715 us display, type 3
frame 1049: 31089 us total, 11732 us display, type 3
frame 1050: 31796 us total, 11819 us display, type 3
frame 1051: 30404 us total, 11815 us display, type 3
frame 1052: 30827 us total, 11720 us display, type 3
frame 1053: 30621 us total, 11747 us display, type 3
frame 1054: 29621 us total, 11726 us display, type 3
frame 1055: 30377 us total, 11875 us display, type 3
frame 1056: 29591 us total, 11719 us display, type 3
frame 1057: 28650 us total, 11812 us display, type 3
frame 1058: 27624 us total, 11715 us display, type 3
frame 1059: 26013 us total, 11732 us display, type 3
frame 1060: 27730 us total, 11935 us display, type 3
frame 1061: 26721 us total, 11720 us display, type 3
frame 1062: 25334 us total, 11723 us display, type 3
frame 1063: 24900 us total, 11722 us display, type 3
frame 1064: 24789 us total, 11719 us display, type 3
frame 1065: 25324 us total, 11724 us display, type 3
frame 1066: 25235 us total, 11719 us display, type 3
frame 1067: 25461 us total, 11712 us display, type 3
frame 1068: 26039 us total, 11773 us display, type 3
frame 1069: 27083 us total, 11711 us display, type 3
frame 1070: 27914 us total, 11701 us display, type 3
frame 1071: 27095 us total, 11766 us display, type 3
frame 1072: 28206 us total, 11719 us display, type 3
frame 1073: 27591 us total, 11693 us display, type 3
frame 1074: 29053 us total, 11697 us display, type 3
frame 1075: 28876 us total, 11700 us display, type 3
frame 1076: 26467 us total, 11702 us display, type 3
frame 1077: 31547 us total, 11728 us display, type 3
frame 1078: 31015 us total, 11727 us display, type 3
frame 1079: 30786 us total, 12003 us display, type 3
frame 1080: 30075 us total, 11717 us display, type 3
frame 1081: 29109 us total, 11782 us display, type 3
frame 1082: 29599 us total, 11925 us display, type 3
frame 1083: 29727 us total, 11911 us display, type 3
frame 1084: 33809 us total, 11710 us display, type 3
frame 1085: 31744 us total, 11710 us display, type 3
frame 1086: 33433 us total, 11728 us display, type 3
frame 1087: 31317 us total, 12046 us display, type 3
frame 1088: 33723 us total, 11724 us display, type 3
frame 1089: 32734 us total, 11722 us display, type 3
frame 1090: 33018 us total, 11719 us display, type 3
frame 1091: 31377 us total, 11731 us display, type 3
frame 1092: 33020 us total, 11724 us display, type 3
frame 1093: 33821 us total, 11732 us display, type 3
frame 1094: 30191 us total, 11712 us display, type 3
frame 1095: 34454 us total, 11708 us display, type 3
frame 1096: 34433 us total, 11990 us display, type 3
frame 1097: 34321 us total, 11723 us display, type 3
frame 1098: 33270 us total, 12084 us display, type 3
frame 1099: 33708 us total, 11739 us display, type 3
frame 1100: 34615 us total, 11754 us display, type 3
frame 1101: 32236 us total, 12026 us display, type 3
frame 1102: 36279 us total, 11750 us display, type 3
frame 1103: 34960 us total, 11721 us display, type 3
frame 1104: 35844 us total, 11719 us display, type 3
frame 1105: 32404 us total, 11867 us display, type 3
frame 1106: 34742 us total, 11734 us display, type 3
frame 1107: 33561 us total, 11850 us display, type 3
frame 1108: 36172 us total, 11724 us display, type 3
frame 1109: 37359 us total, 11718 us display, type 3
frame 1110: 40905 us total, 12088 us display, type 3
frame 1111: 37739 us total, 12041 us display, type 3
frame 1112: 38186 us total, 11859 us display, type 3
frame 1113: 37050 us total, 11725 us display, type 3
frame 1114: 38318 us total, 11709 us display, type 3
frame 1115: 40168 us total, 11714 us display, type 3
frame 1116: 38177 us total, 11897 us display, type 3
frame 1117: 39058 us total, 11800 us display, type 3
frame 1118: 38914 us total, 12006 us display, type 3
frame 1119: 37855 us total, 11717 us display, type 3
frame 1120: 41334 us total, 11724 us display, type 3
frame 1121: 37914 us total, 11737 us display, type 3
frame 1122: 38437 us total, 11788 us display, type 3
frame 1123: 32915 us total, 11722 us display, type 3
frame 1124: 33704 us total, 11733 us display, type 3
frame 1125: 32910 us total, 12014 us display, type 3
frame 1126: 32127 us total, 11724 us display, type 3
frame 1127: 31633 us total, 11722 us display, type 3
frame 1128: 33848 us total, 11728 us display, type 3
frame 1129: 30630 us total, 11785 us display, type 3
frame 1130: 32846 us total, 11882 us display, type 3
frame 1131: 31230 us total, 11727 us display, type 3
frame 1132: 34355 us total, 11712 us display, type 3
frame 1133: 32978 us total, 11887 us display, type 3
frame 1134: 34526 us total, 11973 us display, type 3
frame 1135: 33101 us total, 11722 us display, type 3
frame 1136: 31512 us total, 11989 us display, type 3
frame 1137: 30322 us total, 11729 us display, type 3
frame 1138: 31311 us total, 11713 us display, type 3
frame 1139: 30134 us total, 11708 us display, type 3
frame 1140: 31306 us total, 11724 us display, type 3
frame 1141: 29449 us total, 11727 us display, type 3
frame 1142: 27492 us total, 11728 us display, type 3
frame 1143: 29064 us total, 11952 us display, type 3
frame 1144: 27711 us total, 11713 us display, type 3
frame 1145: 28055 us total, 11721 us display, type 3
frame 1146: 28993 us total, 11717 us display, type 3
frame 1147: 33640 us total, 11719 us display, type 3
frame 1148: 30173 us total, 11727 us display, type 3
frame 1149: 31899 us total, 11719 us display, type 3
frame 1150: 29983 us total, 11730 us display, type 3
frame 1151: 33284 us total, 11719 us display, type 3
profile (avg of 128 frames, ms): logic+bsp 10.2 wait-fb 0.0 vp-mark 1.1 flats 3.6 columns 11.1 fuzz 0.0
frame 1152: 30817 us total, 11711 us display, type 3
frame 1153: 30621 us total, 11716 us display, type 3
frame 1154: 33359 us total, 11726 us display, type 3
frame 1155: 31869 us total, 11719 us display, type 3
frame 1156: 31808 us total, 11947 us display, type 3
frame 1157: 31264 us total, 11726 us display, type 3
frame 1158: 34163 us total, 11708 us display, type 3
frame 1159: 34360 us total, 11902 us display, type 3
frame 1160: 32628 us total, 11717 us display, type 3
frame 1161: 33576 us total, 11724 us display, type 3
frame 1162: 34973 us total, 11715 us display, type 3
frame 1163: 32584 us total, 11720 us display, type 3
frame 1164: 34928 us total, 11713 us display, type 3
frame 1165: 33646 us total, 11726 us display, type 3
frame 1166: 36687 us total, 11737 us display, type 3
frame 1167: 33825 us total, 11714 us display, type 3
frame 1168: 36574 us total, 11732 us display, type 3
frame 1169: 36775 us total, 11822 us display, type 3
frame 1170: 36810 us total, 11724 us display, type 3
frame 1171: 36264 us total, 11727 us display, type 3
frame 1172: 37804 us total, 11847 us display, type 3
frame 1173: 35304 us total, 11724 us display, type 3
frame 1174: 37266 us total, 11712 us display, type 3
frame 1175: 35388 us total, 11997 us display, type 3
frame 1176: 38351 us total, 11846 us display, type 3
frame 1177: 36855 us total, 12026 us display, type 3
frame 1178: 36825 us total, 11721 us display, type 3
frame 1179: 35234 us total, 11725 us display, type 3
frame 1180: 37448 us total, 11909 us display, type 3
frame 1181: 33621 us total, 11746 us display, type 3
frame 1182: 35524 us total, 11808 us display, type 3
frame 1183: 33569 us total, 11720 us display, type 3
frame 1184: 35003 us total, 12096 us display, type 3
frame 1185: 30998 us total, 11736 us display, type 3
frame 1186: 32124 us total, 11719 us display, type 3
frame 1187: 32413 us total, 11727 us display, type 3
frame 1188: 31009 us total, 11726 us display, type 3
frame 1189: 34326 us total, 11721 us display, type 3
frame 1190: 34434 us total, 11728 us display, type 3
frame 1191: 38548 us total, 11721 us display, type 3
frame 1192: 34446 us total, 11806 us display, type 3
frame 1193: 40416 us total, 11731 us display, type 3
frame 1194: 39286 us total, 11720 us display, type 3
frame 1195: 40142 us total, 12067 us display, type 3
frame 1196: 40070 us total, 11709 us display, type 3
frame 1197: 40094 us total, 11718 us display, type 3
frame 1198: 41039 us total, 11720 us display, type 3
frame 1199: 38907 us total, 11708 us display, type 3
frame 1200: 43130 us total, 11721 us display, type 3
frame 1201: 43487 us total, 11721 us display, type 3
frame 1202: 45681 us total, 11728 us display, type 3
frame 1203: 44401 us total, 11719 us display, type 3
frame 1204: 44683 us total, 11985 us display, type 3
frame 1205: 45262 us total, 11720 us display, type 3
frame 1206: 45657 us total, 11883 us display, type 3
frame 1207: 44592 us total, 11716 us display, type 3
frame 1208: 44918 us total, 11723 us display, type 3
frame 1209: 44941 us total, 11724 us display, type 3
frame 1210: 46438 us total, 11749 us display, type 3
frame 1211: 44080 us total, 11756 us display, type 3
frame 1212: 42350 us total, 11730 us display, type 3
frame 1213: 40007 us total, 11922 us display, type 3
frame 1214: 37742 us total, 11990 us display, type 3
frame 1215: 36908 us total, 11927 us display, type 3
frame 1216: 37622 us total, 11716 us display, type 3
frame 1217: 37302 us total, 11915 us display, type 3
frame 1218: 42388 us total, 11721 us display, type 3
frame 1219: 39314 us total, 11719 us display, type 3
frame 1220: 40840 us total, 11986 us display, type 3
frame 1221: 35787 us total, 11723 us display, type 3
frame 1222: 38796 us total, 11734 us display, type 3
frame 1223: 39086 us total, 11714 us display, type 3
frame 1224: 39117 us total, 11783 us display, type 3
frame 1225: 40140 us total, 11936 us display, type 3
frame 1226: 39006 us total, 11718 us display, type 3
frame 1227: 38533 us total, 11724 us display, type 3
frame 1228: 42686 us total, 12096 us display, type 3
frame 1229: 38710 us total, 11727 us display, type 3
frame 1230: 44585 us total, 11939 us display, type 3
frame 1231: 43549 us total, 11741 us display, type 3
frame 1232: 45561 us total, 12014 us display, type 3
frame 1233: 41817 us total, 11713 us display, type 3
frame 1234: 42920 us total, 11716 us display, type 3
frame 1235: 42344 us total, 11914 us display, type 3
frame 1236: 42612 us total, 11711 us display, type 3
frame 1237: 41180 us total, 11754 us display, type 3
frame 1238: 40680 us total, 11721 us display, type 3
frame 1239: 40171 us total, 11934 us display, type 3
frame 1240: 37747 us total, 11723 us display, type 3
frame 1241: 38145 us total, 11806 us display, type 3
frame 1242: 38273 us total, 11886 us display, type 3
frame 1243: 36862 us total, 11830 us display, type 3
frame 1244: 44150 us total, 11904 us display, type 3
frame 1245: 38243 us total, 11736 us display, type 3
frame 1246: 42600 us total, 11715 us display, type 3
frame 1247: 39844 us total, 11830 us display, type 3
frame 1248: 40153 us total, 11723 us display, type 3
frame 1249: 42246 us total, 11887 us display, type 3
frame 1250: 42322 us total, 11736 us display, type 3
frame 1251: 40907 us total, 11817 us display, type 3
frame 1252: 40091 us total, 11721 us display, type 3
frame 1253: 38926 us total, 11729 us display, type 3
frame 1254: 40360 us total, 11946 us display, type 3
frame 1255: 39240 us total, 11995 us display, type 3
frame 1256: 40856 us total, 11714 us display, type 3
frame 1257: 39904 us total, 12068 us display, type 3
frame 1258: 41995 us total, 11713 us display, type 3
frame 1259: 39575 us total, 11731 us display, type 3
frame 1260: 39435 us total, 11725 us display, type 3
frame 1261: 41421 us total, 11724 us display, type 3
frame 1262: 41187 us total, 11728 us display, type 3
frame 1263: 41148 us total, 11732 us display, type 3
frame 1264: 41518 us total, 11724 us display, type 3
frame 1265: 41841 us total, 12084 us display, type 3
frame 1266: 39589 us total, 11726 us display, type 3
frame 1267: 39148 us total, 12041 us display, type 3
frame 1268: 41547 us total, 11724 us display, type 3
frame 1269: 37732 us total, 11740 us display, type 3
frame 1270: 45349 us total, 11897 us display, type 3
frame 1271: 40749 us total, 11720 us display, type 3
frame 1272: 42883 us total, 11809 us display, type 3
frame 1273: 39799 us total, 11728 us display, type 3
frame 1274: 40822 us total, 11717 us display, type 3
frame 1275: 41110 us total, 11976 us display, type 3
frame 1276: 41667 us total, 11726 us display, type 3
frame 1277: 41407 us total, 11717 us display, type 3
frame 1278: 40640 us total, 11878 us display, type 3
frame 1279: 42217 us total, 11751 us display, type 3
profile (avg of 128 frames, ms): logic+bsp 13.0 wait-fb 0.0 vp-mark 1.3 flats 4.4 columns 13.9 fuzz 0.0
frame 1280: 43151 us total, 11743 us display, type 3
audio: 70 underruns, 69 ms queued
mem @frame 1280: heap free 47076, largest 22016, min ever 46580, zone free 40524, display stack free 4376, uptime 41 s, gamestate 0, demo 1, usergame 0, tic 1387
frame 1281: 43287 us total, 11933 us display, type 3
frame 1282: 42614 us total, 11720 us display, type 3
frame 1283: 42434 us total, 12013 us display, type 3
frame 1284: 43128 us total, 12057 us display, type 3
frame 1285: 42320 us total, 11724 us display, type 3
frame 1286: 43136 us total, 11730 us display, type 3
frame 1287: 43449 us total, 11715 us display, type 3
frame 1288: 43764 us total, 11818 us display, type 3
frame 1289: 42319 us total, 11720 us display, type 3
frame 1290: 40544 us total, 11727 us display, type 3
frame 1291: 40765 us total, 11877 us display, type 3
frame 1292: 40820 us total, 11923 us display, type 3
frame 1293: 41358 us total, 11718 us display, type 3
frame 1294: 40613 us total, 11918 us display, type 3
frame 1295: 40419 us total, 11719 us display, type 3
frame 1296: 46215 us total, 11715 us display, type 3
frame 1297: 41326 us total, 11921 us display, type 3
frame 1298: 42784 us total, 11707 us display, type 3
frame 1299: 39545 us total, 11740 us display, type 3
frame 1300: 44713 us total, 11760 us display, type 3
frame 1301: 42229 us total, 11839 us display, type 3
frame 1302: 44068 us total, 11994 us display, type 3
frame 1303: 41723 us total, 11933 us display, type 3
frame 1304: 43640 us total, 11761 us display, type 3
frame 1305: 41926 us total, 11718 us display, type 3
frame 1306: 43286 us total, 11720 us display, type 3
frame 1307: 42206 us total, 12026 us display, type 3
frame 1308: 43288 us total, 11728 us display, type 3
frame 1309: 41458 us total, 11813 us display, type 3
frame 1310: 42202 us total, 11719 us display, type 3
frame 1311: 39898 us total, 11821 us display, type 3
frame 1312: 43138 us total, 11824 us display, type 3
frame 1313: 40616 us total, 11713 us display, type 3
frame 1314: 41983 us total, 12105 us display, type 3
frame 1315: 41185 us total, 11984 us display, type 3
frame 1316: 41458 us total, 11723 us display, type 3
frame 1317: 39432 us total, 11808 us display, type 3
frame 1318: 39712 us total, 11714 us display, type 3
frame 1319: 39306 us total, 11712 us display, type 3
frame 1320: 38960 us total, 11731 us display, type 3
frame 1321: 43076 us total, 11728 us display, type 3
frame 1322: 42080 us total, 11723 us display, type 3
frame 1323: 40345 us total, 11880 us display, type 3
frame 1324: 41881 us total, 11816 us display, type 3
frame 1325: 39345 us total, 11714 us display, type 3
frame 1326: 42808 us total, 11722 us display, type 3
frame 1327: 42831 us total, 11864 us display, type 3
frame 1328: 42592 us total, 11716 us display, type 3
frame 1329: 41093 us total, 11907 us display, type 3
frame 1330: 40751 us total, 11716 us display, type 3
frame 1331: 36247 us total, 11720 us display, type 3
frame 1332: 37086 us total, 11726 us display, type 3
frame 1333: 34813 us total, 11809 us display, type 3
frame 1334: 29174 us total, 11714 us display, type 3
frame 1335: 29782 us total, 11710 us display, type 3
frame 1336: 29046 us total, 11712 us display, type 3
frame 1337: 28079 us total, 12002 us display, type 3
frame 1338: 29072 us total, 11821 us display, type 3
frame 1339: 27516 us total, 11722 us display, type 3
frame 1340: 29038 us total, 11728 us display, type 3
frame 1341: 28437 us total, 11713 us display, type 3
frame 1342: 26715 us total, 11922 us display, type 3
frame 1343: 28209 us total, 11725 us display, type 3
frame 1344: 26518 us total, 12018 us display, type 3
frame 1345: 26904 us total, 11724 us display, type 3
frame 1346: 25214 us total, 12025 us display, type 3
frame 1347: 24125 us total, 11702 us display, type 3
frame 1348: 26873 us total, 11721 us display, type 3
frame 1349: 26770 us total, 11715 us display, type 3
frame 1350: 28624 us total, 11710 us display, type 3
frame 1351: 29113 us total, 11713 us display, type 3
frame 1352: 27765 us total, 11716 us display, type 3
frame 1353: 29653 us total, 11889 us display, type 3
frame 1354: 28476 us total, 11715 us display, type 3
frame 1355: 28893 us total, 11712 us display, type 3
frame 1356: 28843 us total, 11714 us display, type 3
frame 1357: 27293 us total, 11897 us display, type 3
frame 1358: 29061 us total, 11744 us display, type 3
frame 1359: 27572 us total, 11713 us display, type 3
frame 1360: 29043 us total, 11710 us display, type 3
frame 1361: 29352 us total, 11703 us display, type 3
frame 1362: 27470 us total, 11816 us display, type 3
frame 1363: 29251 us total, 11741 us display, type 3
frame 1364: 29719 us total, 11885 us display, type 3
frame 1365: 27738 us total, 11719 us display, type 3
frame 1366: 29313 us total, 11716 us display, type 3
frame 1367: 28458 us total, 11705 us display, type 3
frame 1368: 29253 us total, 12040 us display, type 3
frame 1369: 28277 us total, 11731 us display, type 3
frame 1370: 27884 us total, 11719 us display, type 3
frame 1371: 29785 us total, 11837 us display, type 3
frame 1372: 27795 us total, 11708 us display, type 3
frame 1373: 29488 us total, 11880 us display, type 3
frame 1374: 30023 us total, 12048 us display, type 3
frame 1375: 28145 us total, 11819 us display, type 3
frame 1376: 29084 us total, 11805 us display, type 3
frame 1377: 29680 us total, 11906 us display, type 3
frame 1378: 27855 us total, 11719 us display, type 3
frame 1379: 29194 us total, 11717 us display, type 3
frame 1380: 28756 us total, 11719 us display, type 3
frame 1381: 29263 us total, 12009 us display, type 3
frame 1382: 28743 us total, 11725 us display, type 3
frame 1383: 28033 us total, 11721 us display, type 3
frame 1384: 30416 us total, 11712 us display, type 3
frame 1385: 30465 us total, 11791 us display, type 3
frame 1386: 30355 us total, 11717 us display, type 3
frame 1387: 31461 us total, 12002 us display, type 3
frame 1388: 32990 us total, 11723 us display, type 3
frame 1389: 32316 us total, 11898 us display, type 3
frame 1390: 33396 us total, 11719 us display, type 3
frame 1391: 34481 us total, 11723 us display, type 3
frame 1392: 33047 us total, 11720 us display, type 3
frame 1393: 35644 us total, 11707 us display, type 3
frame 1394: 33811 us total, 11708 us display, type 3
frame 1395: 34641 us total, 12001 us display, type 3
frame 1396: 33841 us total, 11731 us display, type 3
frame 1397: 35363 us total, 11727 us display, type 3
frame 1398: 37136 us total, 11725 us display, type 3
frame 1399: 37051 us total, 11722 us display, type 3
frame 1400: 38813 us total, 11720 us display, type 3
frame 1401: 38813 us total, 12070 us display, type 3
frame 1402: 36554 us total, 11713 us display, type 3
frame 1403: 37057 us total, 11717 us display, type 3
frame 1404: 39147 us total, 11718 us display, type 3
frame 1405: 37729 us total, 11719 us display, type 3
frame 1406: 37354 us total, 11731 us display, type 3
frame 1407: 39024 us total, 11911 us display, type 3
profile (avg of 128 frames, ms): logic+bsp 10.2 wait-fb 0.0 vp-mark 1.3 flats 4.8 columns 11.7 fuzz 0.0
frame 1408: 38594 us total, 11725 us display, type 3
frame 1409: 37766 us total, 11732 us display, type 3
frame 1410: 39003 us total, 12039 us display, type 3
frame 1411: 37449 us total, 11712 us display, type 3
frame 1412: 36625 us total, 11981 us display, type 3
frame 1413: 37571 us total, 11983 us display, type 3
frame 1414: 36501 us total, 12012 us display, type 3
frame 1415: 35628 us total, 11728 us display, type 3
frame 1416: 36108 us total, 11728 us display, type 3
frame 1417: 36495 us total, 11720 us display, type 3
frame 1418: 35368 us total, 11983 us display, type 3
frame 1419: 35474 us total, 11866 us display, type 3
frame 1420: 34752 us total, 11729 us display, type 3
frame 1421: 34745 us total, 11965 us display, type 3
frame 1422: 33648 us total, 12068 us display, type 3
frame 1423: 32782 us total, 12088 us display, type 3
frame 1424: 30926 us total, 11843 us display, type 3
frame 1425: 33699 us total, 12032 us display, type 3
frame 1426: 30193 us total, 11722 us display, type 3
frame 1427: 30239 us total, 11730 us display, type 3
frame 1428: 30591 us total, 11733 us display, type 3
frame 1429: 29942 us total, 11727 us display, type 3
frame 1430: 29106 us total, 11735 us display, type 3
frame 1431: 29472 us total, 11715 us display, type 3
frame 1432: 30475 us total, 11721 us display, type 3
frame 1433: 28381 us total, 11716 us display, type 3
frame 1434: 29755 us total, 12057 us display, type 3
frame 1435: 28316 us total, 11713 us display, type 3
frame 1436: 27980 us total, 12076 us display, type 3
frame 1437: 28144 us total, 11820 us display, type 3
frame 1438: 27304 us total, 11716 us display, type 3
frame 1439: 26933 us total, 11814 us display, type 3
frame 1440: 28229 us total, 11718 us display, type 3
frame 1441: 26240 us total, 11941 us display, type 3
frame 1442: 26294 us total, 11815 us display, type 3
frame 1443: 26096 us total, 12007 us display, type 3
frame 1444: 28029 us total, 11711 us display, type 3
frame 1445: 27105 us total, 11806 us display, type 3
frame 1446: 28156 us total, 11821 us display, type 3
frame 1447: 28692 us total, 11709 us display, type 3
frame 1448: 29651 us total, 12024 us display, type 3
frame 1449: 28466 us total, 11880 us display, type 3
frame 1450: 28028 us total, 11712 us display, type 3
frame 1451: 25893 us total, 11761 us display, type 3
frame 1452: 27645 us total, 11709 us display, type 3
frame 1453: 26012 us total, 11689 us display, type 3
frame 1454: 28726 us total, 11721 us display, type 3
frame 1455: 25567 us total, 11694 us display, type 3
frame 1456: 31931 us total, 11695 us display, type 3
frame 1457: 28772 us total, 11696 us display, type 3
frame 1458: 26785 us total, 11702 us display, type 3
frame 1459: 29622 us total, 11963 us display, type 3
frame 1460: 29063 us total, 11973 us display, type 3
frame 1461: 27716 us total, 11690 us display, type 3
frame 1462: 29447 us total, 11885 us display, type 3
frame 1463: 27034 us total, 11697 us display, type 3
frame 1464: 29337 us total, 11695 us display, type 3
frame 1465: 28832 us total, 11701 us display, type 3
frame 1466: 26619 us total, 11696 us display, type 3
frame 1467: 30622 us total, 11696 us display, type 3
frame 1468: 34022 us total, 11716 us display, type 3
frame 1469: 29071 us total, 11750 us display, type 3
frame 1470: 31299 us total, 11719 us display, type 3
frame 1471: 33241 us total, 11730 us display, type 3
frame 1472: 31148 us total, 11729 us display, type 3
frame 1473: 32096 us total, 11720 us display, type 3
frame 1474: 33354 us total, 11718 us display, type 3
frame 1475: 33773 us total, 12026 us display, type 3
frame 1476: 31879 us total, 11737 us display, type 3
frame 1477: 32164 us total, 11711 us display, type 3
frame 1478: 30743 us total, 11728 us display, type 3
frame 1479: 33128 us total, 11726 us display, type 3
frame 1480: 33308 us total, 11710 us display, type 3
frame 1481: 31927 us total, 11938 us display, type 3
frame 1482: 29999 us total, 11816 us display, type 3
frame 1483: 31544 us total, 11920 us display, type 3
frame 1484: 31457 us total, 11723 us display, type 3
frame 1485: 30279 us total, 11736 us display, type 3
frame 1486: 31564 us total, 11721 us display, type 3
frame 1487: 32090 us total, 11716 us display, type 3
frame 1488: 29631 us total, 11726 us display, type 3
frame 1489: 30837 us total, 12008 us display, type 3
frame 1490: 30370 us total, 11714 us display, type 3
frame 1491: 27776 us total, 11743 us display, type 3
frame 1492: 29529 us total, 11711 us display, type 3
frame 1493: 30488 us total, 11882 us display, type 3
frame 1494: 27402 us total, 11708 us display, type 3
frame 1495: 25744 us total, 11717 us display, type 3
frame 1496: 23717 us total, 11708 us display, type 3
frame 1497: 25767 us total, 11713 us display, type 3
frame 1498: 27033 us total, 11716 us display, type 3
frame 1499: 28331 us total, 11721 us display, type 3
frame 1500: 28449 us total, 11706 us display, type 3
frame 1501: 27682 us total, 11711 us display, type 3
frame 1502: 28694 us total, 11711 us display, type 3
frame 1503: 27983 us total, 11774 us display, type 3
frame 1504: 29221 us total, 11711 us display, type 3
frame 1505: 29854 us total, 11892 us display, type 3
frame 1506: 27149 us total, 11890 us display, type 3
frame 1507: 28348 us total, 11720 us display, type 3
frame 1508: 27473 us total, 11703 us display, type 3
frame 1509: 28275 us total, 11703 us display, type 3
frame 1510: 28470 us total, 12017 us display, type 3
frame 1511: 26413 us total, 11699 us display, type 3
frame 1512: 29009 us total, 11706 us display, type 3
frame 1513: 26270 us total, 11699 us display, type 3
frame 1514: 29497 us total, 11698 us display, type 3
frame 1515: 29461 us total, 11697 us display, type 3
frame 1516: 26429 us total, 11695 us display, type 3
frame 1517: 29049 us total, 12062 us display, type 3
frame 1518: 26309 us total, 11698 us display, type 3
frame 1519: 29803 us total, 11901 us display, type 3
frame 1520: 28348 us total, 11691 us display, type 3
frame 1521: 28811 us total, 11698 us display, type 3
frame 1522: 30503 us total, 11698 us display, type 3
frame 1523: 27936 us total, 11699 us display, type 3
frame 1524: 29544 us total, 11718 us display, type 3
frame 1525: 28793 us total, 11708 us display, type 3
frame 1526: 28508 us total, 11747 us display, type 3
frame 1527: 28228 us total, 11689 us display, type 3
frame 1528: 29037 us total, 11688 us display, type 3
frame 1529: 28486 us total, 11698 us display, type 3
frame 1530: 28641 us total, 11803 us display, type 3
frame 1531: 28498 us total, 11691 us display, type 3
frame 1532: 27922 us total, 11698 us display, type 3
frame 1533: 28834 us total, 11699 us display, type 3
frame 1534: 27752 us total, 11698 us display, type 3
frame 1535: 29550 us total, 11693 us display, type 3
profile (avg of 128 frames, ms): logic+bsp 6.4 wait-fb 0.0 vp-mark 0.8 flats 2.3 columns 10.1 fuzz 0.0
frame 1536: 29870 us total, 11868 us display, type 3
audio: 70 underruns, 58 ms queued
mem @frame 1536: heap free 47076, largest 22016, min ever 46580, zone free 41204, display stack free 4376, uptime 49 s, gamestate 0, demo 1, usergame 0, tic 1678
frame 1537: 26231 us total, 11689 us display, type 3
frame 1538: 35313 us total, 11719 us display, type 3
frame 1539: 31655 us total, 11722 us display, type 3
frame 1540: 33840 us total, 11736 us display, type 3
frame 1541: 37228 us total, 11949 us display, type 3
frame 1542: 37738 us total, 11717 us display, type 3
frame 1543: 36484 us total, 11724 us display, type 3
frame 1544: 33917 us total, 11728 us display, type 3
frame 1545: 33689 us total, 11714 us display, type 3
frame 1546: 30880 us total, 11733 us display, type 3
frame 1547: 29940 us total, 11728 us display, type 3
frame 1548: 29913 us total, 11732 us display, type 3
frame 1549: 31678 us total, 11960 us display, type 3
frame 1550: 30585 us total, 11715 us display, type 3
frame 1551: 31534 us total, 11722 us display, type 3
frame 1552: 30852 us total, 11711 us display, type 3
frame 1553: 30575 us total, 11726 us display, type 3
frame 1554: 31531 us total, 11730 us display, type 3
frame 1555: 30916 us total, 11918 us display, type 3
frame 1556: 32138 us total, 11724 us display, type 3
frame 1557: 29705 us total, 11711 us display, type 3
frame 1558: 34539 us total, 11725 us display, type 3
frame 1559: 36397 us total, 11707 us display, type 3
frame 1560: 36630 us total, 11835 us display, type 3
frame 1561: 33934 us total, 11736 us display, type 3
frame 1562: 31604 us total, 12019 us display, type 3
frame 1563: 29152 us total, 11719 us display, type 3
frame 1564: 29923 us total, 11858 us display, type 3
frame 1565: 28527 us total, 11731 us display, type 3
frame 1566: 28722 us total, 11734 us display, type 3
frame 1567: 30328 us total, 11719 us display, type 3
frame 1568: 30586 us total, 11966 us display, type 3
frame 1569: 29087 us total, 11817 us display, type 3
frame 1570: 30433 us total, 11878 us display, type 3
frame 1571: 30888 us total, 11716 us display, type 3
frame 1572: 29849 us total, 11722 us display, type 3
frame 1573: 29735 us total, 11735 us display, type 3
frame 1574: 29158 us total, 11734 us display, type 3
frame 1575: 29957 us total, 11722 us display, type 3
frame 1576: 30895 us total, 11959 us display, type 3
frame 1577: 30383 us total, 11717 us display, type 3
frame 1578: 28937 us total, 11723 us display, type 3
frame 1579: 31153 us total, 11713 us display, type 3
frame 1580: 28125 us total, 11716 us display, type 3
frame 1581: 29703 us total, 11733 us display, type 3
frame 1582: 29450 us total, 11711 us display, type 3
frame 1583: 28768 us total, 11716 us display, type 3
frame 1584: 29296 us total, 11716 us display, type 3
frame 1585: 28623 us total, 11823 us display, type 3
frame 1586: 27577 us total, 11723 us display, type 3
frame 1587: 27931 us total, 11721 us display, type 3
frame 1588: 27953 us total, 11997 us display, type 3
frame 1589: 28041 us total, 11722 us display, type 3
frame 1590: 27560 us total, 11722 us display, type 3
frame 1591: 27795 us total, 11802 us display, type 3
frame 1592: 28427 us total, 11718 us display, type 3
frame 1593: 26932 us total, 11940 us display, type 3
frame 1594: 28798 us total, 11705 us display, type 3
frame 1595: 28771 us total, 11710 us display, type 3
frame 1596: 27807 us total, 11718 us display, type 3
frame 1597: 28341 us total, 11723 us display, type 3
frame 1598: 28327 us total, 11712 us display, type 3
frame 1599: 28666 us total, 11719 us display, type 3
frame 1600: 28229 us total, 11711 us display, type 3
frame 1601: 28516 us total, 11814 us display, type 3
frame 1602: 29401 us total, 11859 us display, type 3
frame 1603: 28219 us total, 11723 us display, type 3
frame 1604: 29247 us total, 11716 us display, type 3
frame 1605: 28848 us total, 11705 us display, type 3
frame 1606: 28081 us total, 11976 us display, type 3
frame 1607: 28268 us total, 11715 us display, type 3
frame 1608: 28733 us total, 11721 us display, type 3
frame 1609: 27831 us total, 11709 us display, type 3
frame 1610: 28692 us total, 11733 us display, type 3
frame 1611: 29466 us total, 11719 us display, type 3
frame 1612: 28923 us total, 11710 us display, type 3
frame 1613: 28396 us total, 11925 us display, type 3
frame 1614: 28441 us total, 12027 us display, type 3
frame 1615: 28505 us total, 11713 us display, type 3
frame 1616: 28379 us total, 11706 us display, type 3
frame 1617: 28232 us total, 11825 us display, type 3
frame 1618: 29993 us total, 11850 us display, type 3
frame 1619: 27816 us total, 11717 us display, type 3
frame 1620: 29481 us total, 12056 us display, type 3
frame 1621: 29125 us total, 11724 us display, type 3
frame 1622: 28272 us total, 11714 us display, type 3
frame 1623: 28957 us total, 11724 us display, type 3
frame 1624: 28539 us total, 11817 us display, type 3
frame 1625: 29624 us total, 11818 us display, type 3
frame 1626: 29013 us total, 11929 us display, type 3
frame 1627: 28381 us total, 11717 us display, type 3
frame 1628: 28637 us total, 11709 us display, type 3
frame 1629: 28273 us total, 11976 us display, type 3
frame 1630: 27448 us total, 11722 us display, type 3
frame 1631: 29177 us total, 11721 us display, type 3
frame 1632: 28830 us total, 11720 us display, type 3
frame 1633: 28335 us total, 11718 us display, type 3
frame 1634: 27423 us total, 11832 us display, type 3
frame 1635: 27701 us total, 11712 us display, type 3
frame 1636: 28784 us total, 11705 us display, type 3
frame 1637: 27775 us total, 11720 us display, type 3
frame 1638: 28957 us total, 11711 us display, type 3
frame 1639: 28557 us total, 11712 us display, type 3
frame 1640: 27153 us total, 11819 us display, type 3
frame 1641: 30103 us total, 11905 us display, type 3
frame 1642: 28151 us total, 11951 us display, type 3
frame 1643: 30008 us total, 11735 us display, type 3
frame 1644: 29080 us total, 11814 us display, type 3
frame 1645: 26434 us total, 11716 us display, type 3
frame 1646: 29224 us total, 11715 us display, type 3
frame 1647: 27958 us total, 11714 us display, type 3
frame 1648: 26272 us total, 11712 us display, type 3
frame 1649: 27220 us total, 11707 us display, type 3
frame 1650: 25412 us total, 11719 us display, type 3
frame 1651: 31024 us total, 11718 us display, type 3
frame 1652: 29615 us total, 11746 us display, type 3
frame 1653: 27140 us total, 11707 us display, type 3
frame 1654: 27993 us total, 11717 us display, type 3
frame 1655: 27260 us total, 11976 us display, type 3
frame 1656: 28334 us total, 11710 us display, type 3
frame 1657: 33127 us total, 11727 us display, type 3
frame 1658: 32630 us total, 11723 us display, type 3
frame 1659: 37657 us total, 11709 us display, type 3
frame 1660: 36511 us total, 11714 us display, type 3
frame 1661: 37116 us total, 11848 us display, type 3
frame 1662: 39020 us total, 11712 us display, type 3
frame 1663: 37124 us total, 11722 us display, type 3
profile (avg of 128 frames, ms): logic+bsp 8.2 wait-fb 0.0 vp-mark 1.3 flats 4.2 columns 10.0 fuzz 0.0
frame 1664: 38729 us total, 11718 us display, type 3
frame 1665: 37919 us total, 12006 us display, type 3
frame 1666: 39245 us total, 11932 us display, type 3
frame 1667: 36676 us total, 11789 us display, type 3
frame 1668: 36092 us total, 11722 us display, type 3
frame 1669: 38041 us total, 11724 us display, type 3
frame 1670: 37983 us total, 11717 us display, type 3
frame 1671: 37889 us total, 12043 us display, type 3
frame 1672: 37579 us total, 12074 us display, type 3
frame 1673: 35871 us total, 11710 us display, type 3
frame 1674: 37482 us total, 11717 us display, type 3
frame 1675: 38176 us total, 11720 us display, type 3
frame 1676: 37545 us total, 11917 us display, type 3
frame 1677: 37413 us total, 11806 us display, type 3
frame 1678: 36179 us total, 11721 us display, type 3
frame 1679: 38187 us total, 11721 us display, type 3
frame 1680: 37433 us total, 11723 us display, type 3
frame 1681: 36461 us total, 11728 us display, type 3
frame 1682: 35933 us total, 11717 us display, type 3
frame 1683: 33747 us total, 11735 us display, type 3
frame 1684: 36131 us total, 11771 us display, type 3
frame 1685: 35950 us total, 11728 us display, type 3
frame 1686: 41831 us total, 12004 us display, type 3
frame 1687: 41366 us total, 11720 us display, type 3
frame 1688: 43554 us total, 11723 us display, type 3
frame 1689: 44519 us total, 11810 us display, type 3
frame 1690: 43146 us total, 12010 us display, type 3
frame 1691: 43147 us total, 12010 us display, type 3
frame 1692: 43333 us total, 11719 us display, type 3
frame 1693: 44018 us total, 11716 us display, type 3
frame 1694: 40068 us total, 11723 us display, type 3
frame 1695: 40644 us total, 11743 us display, type 3
frame 1696: 41936 us total, 11737 us display, type 3
frame 1697: 40465 us total, 11724 us display, type 3
frame 1698: 41965 us total, 11812 us display, type 3
frame 1699: 41279 us total, 11903 us display, type 3
frame 1700: 39066 us total, 11714 us display, type 3
frame 1701: 42623 us total, 11724 us display, type 3
frame 1702: 39314 us total, 11737 us display, type 3
frame 1703: 42261 us total, 11790 us display, type 3
frame 1704: 38223 us total, 11719 us display, type 3
frame 1705: 45409 us total, 11722 us display, type 3
frame 1706: 47676 us total, 11717 us display, type 3
frame 1707: 42217 us total, 11720 us display, type 3
frame 1708: 40998 us total, 11948 us display, type 3
frame 1709: 42621 us total, 11712 us display, type 3
frame 1710: 40331 us total, 11724 us display, type 3
frame 1711: 39215 us total, 11726 us display, type 3
frame 1712: 42833 us total, 11861 us display, type 3
frame 1713: 40937 us total, 11810 us display, type 3
frame 1714: 41311 us total, 11708 us display, type 3
frame 1715: 40536 us total, 11869 us display, type 3
frame 1716: 44051 us total, 11797 us display, type 3
frame 1717: 41664 us total, 11725 us display, type 3
frame 1718: 43245 us total, 11797 us display, type 3
frame 1719: 40617 us total, 11716 us display, type 3
frame 1720: 45260 us total, 11711 us display, type 3
frame 1721: 45880 us total, 11788 us display, type 3
frame 1722: 50604 us total, 11734 us display, type 3
frame 1723: 45052 us total, 11728 us display, type 3
frame 1724: 46175 us total, 11725 us display, type 3
frame 1725: 47442 us total, 11847 us display, type 3
frame 1726: 46365 us total, 11726 us display, type 3
frame 1727: 50495 us total, 11914 us display, type 3
frame 1728: 46807 us total, 11720 us display, type 3
frame 1729: 47150 us total, 11725 us display, type 3
frame 1730: 38566 us total, 11720 us display, type 3
frame 1731: 37275 us total, 11727 us display, type 3
frame 1732: 40002 us total, 12067 us display, type 3
frame 1733: 38714 us total, 11725 us display, type 3
frame 1734: 38420 us total, 11733 us display, type 3
frame 1735: 39860 us total, 11715 us display, type 3
frame 1736: 37230 us total, 11717 us display, type 3
frame 1737: 43556 us total, 11826 us display, type 3
frame 1738: 46312 us total, 11718 us display, type 3
frame 1739: 45715 us total, 11723 us display, type 3
frame 1740: 42979 us total, 11731 us display, type 3
frame 1741: 48223 us total, 11718 us display, type 3
frame 1742: 45933 us total, 11723 us display, type 3
frame 1743: 49379 us total, 11725 us display, type 3
frame 1744: 45887 us total, 11714 us display, type 3
frame 1745: 44757 us total, 11719 us display, type 3
frame 1746: 43436 us total, 12004 us display, type 3
frame 1747: 42942 us total, 11753 us display, type 3
frame 1748: 44552 us total, 11733 us display, type 3
frame 1749: 45454 us total, 11987 us display, type 3
frame 1750: 44988 us total, 11730 us display, type 3
frame 1751: 45418 us total, 11721 us display, type 3
frame 1752: 44599 us total, 11798 us display, type 3
frame 1753: 43518 us total, 11718 us display, type 3
frame 1754: 41190 us total, 11727 us display, type 3
frame 1755: 42864 us total, 11911 us display, type 3
frame 1756: 42401 us total, 11733 us display, type 3
frame 1757: 43777 us total, 11714 us display, type 3
frame 1758: 44618 us total, 11731 us display, type 3
frame 1759: 41675 us total, 11729 us display, type 3
frame 1760: 43096 us total, 11870 us display, type 3
frame 1761: 41423 us total, 11728 us display, type 3
frame 1762: 43929 us total, 11843 us display, type 3
frame 1763: 44337 us total, 11808 us display, type 3
frame 1764: 43875 us total, 11932 us display, type 3
frame 1765: 43076 us total, 11718 us display, type 3
frame 1766: 44626 us total, 11723 us display, type 3
frame 1767: 41489 us total, 11721 us display, type 3
frame 1768: 42367 us total, 11734 us display, type 3
frame 1769: 45420 us total, 11724 us display, type 3
frame 1770: 47418 us total, 11722 us display, type 3
frame 1771: 44797 us total, 11848 us display, type 3
frame 1772: 47359 us total, 11720 us display, type 3
frame 1773: 45250 us total, 11716 us display, type 3
frame 1774: 48812 us total, 11960 us display, type 3
frame 1775: 45609 us total, 11815 us display, type 3
frame 1776: 46864 us total, 11719 us display, type 3
frame 1777: 44012 us total, 11716 us display, type 3
frame 1778: 38763 us total, 11727 us display, type 3
frame 1779: 37782 us total, 12071 us display, type 3
frame 1780: 36071 us total, 11731 us display, type 3
frame 1781: 39390 us total, 11723 us display, type 3
frame 1782: 43613 us total, 11801 us display, type 3
frame 1783: 41369 us total, 11720 us display, type 3
frame 1784: 48630 us total, 12060 us display, type 3
frame 1785: 43561 us total, 11809 us display, type 3
frame 1786: 45043 us total, 11825 us display, type 3
frame 1787: 45015 us total, 11832 us display, type 3
frame 1788: 45460 us total, 11878 us display, type 3
frame 1789: 46850 us total, 11845 us display, type 3
frame 1790: 44282 us total, 11719 us display, type 3
frame 1791: 45718 us total, 11894 us display, type 3
profile (avg of 128 frames, ms): logic+bsp 11.8 wait-fb 0.0 vp-mark 2.1 flats 7.2 columns 14.3 fuzz 0.0
frame 1792: 43438 us total, 11705 us display, type 3
audio: 70 underruns, 46 ms queued
mem @frame 1792: heap free 47076, largest 22016, min ever 46580, zone free 41164, display stack free 4376, uptime 58 s, gamestate 0, demo 1, usergame 0, tic 2002
frame 1793: 43586 us total, 11930 us display, type 3
frame 1794: 43453 us total, 11717 us display, type 3
frame 1795: 41549 us total, 11722 us display, type 3
frame 1796: 40023 us total, 11715 us display, type 3
frame 1797: 40270 us total, 11814 us display, type 3
frame 1798: 39561 us total, 12065 us display, type 3
frame 1799: 40351 us total, 11719 us display, type 3
frame 1800: 39999 us total, 11938 us display, type 3
frame 1801: 40193 us total, 11724 us display, type 3
frame 1802: 42439 us total, 11727 us display, type 3
frame 1803: 37581 us total, 11808 us display, type 3
frame 1804: 44994 us total, 11798 us display, type 3
frame 1805: 40927 us total, 11714 us display, type 3
frame 1806: 42184 us total, 12060 us display, type 3
frame 1807: 43165 us total, 11994 us display, type 3
frame 1808: 43645 us total, 11727 us display, type 3
frame 1809: 41717 us total, 11749 us display, type 3
frame 1810: 42881 us total, 11933 us display, type 3
frame 1811: 45262 us total, 11910 us display, type 3
frame 1812: 44543 us total, 11918 us display, type 3
frame 1813: 43959 us total, 11732 us display, type 3
frame 1814: 47428 us total, 12098 us display, type 3
frame 1815: 48717 us total, 11785 us display, type 3
frame 1816: 45429 us total, 11715 us display, type 3
frame 1817: 45488 us total, 11889 us display, type 3
frame 1818: 44415 us total, 11726 us display, type 3
frame 1819: 45601 us total, 11998 us display, type 3
frame 1820: 45924 us total, 11982 us display, type 3
frame 1821: 45938 us total, 11811 us display, type 3
frame 1822: 44994 us total, 11808 us display, type 3
frame 1823: 44211 us total, 11740 us display, type 3
frame 1824: 41137 us total, 11879 us display, type 3
frame 1825: 43275 us total, 11726 us display, type 3
frame 1826: 45154 us total, 11730 us display, type 3
frame 1827: 44727 us total, 11733 us display, type 3
frame 1828: 43450 us total, 11915 us display, type 3
frame 1829: 44076 us total, 11715 us display, type 3
frame 1830: 40132 us total, 11739 us display, type 3
frame 1831: 44743 us total, 11800 us display, type 3
frame 1832: 37590 us total, 11734 us display, type 3
frame 1833: 38306 us total, 12027 us display, type 3
frame 1834: 37620 us total, 11777 us display, type 3
frame 1835: 33147 us total, 11721 us display, type 3
frame 1836: 36115 us total, 11721 us display, type 3
frame 1837: 36664 us total, 11886 us display, type 3
frame 1838: 32859 us total, 11726 us display, type 3
frame 1839: 31766 us total, 11982 us display, type 3
frame 1840: 33862 us total, 11709 us display, type 3
frame 1841: 35586 us total, 11936 us display, type 3
frame 1842: 32311 us total, 11722 us display, type 3
frame 1843: 35304 us total, 12001 us display, type 3
frame 1844: 32268 us total, 11732 us display, type 3
frame 1845: 32410 us total, 11950 us display, type 3
frame 1846: 29001 us total, 11997 us display, type 3
frame 1847: 29999 us total, 11746 us display, type 3
frame 1848: 30925 us total, 11942 us display, type 3
frame 1849: 27774 us total, 11722 us display, type 3
frame 1850: 30540 us total, 11714 us display, type 3
frame 1851: 29691 us total, 11714 us display, type 3
frame 1852: 28602 us total, 11719 us display, type 3
frame 1853: 29297 us total, 11710 us display, type 3
frame 1854: 27067 us total, 11718 us display, type 3
frame 1855: 29500 us total, 11725 us display, type 3
frame 1856: 29015 us total, 11980 us display, type 3
frame 1857: 27676 us total, 11716 us display, type 3
frame 1858: 29556 us total, 12033 us display, type 3
frame 1859: 27737 us total, 11815 us display, type 3
frame 1860: 29865 us total, 11812 us display, type 3
frame 1861: 29242 us total, 11934 us display, type 3
frame 1862: 28506 us total, 11776 us display, type 3
frame 1863: 29201 us total, 11717 us display, type 3
frame 1864: 28794 us total, 11718 us display, type 3
frame 1865: 28084 us total, 11969 us display, type 3
frame 1866: 28166 us total, 11854 us display, type 3
frame 1867: 27336 us total, 11723 us display, type 3
frame 1868: 28463 us total, 11727 us display, type 3
frame 1869: 27997 us total, 11721 us display, type 3
frame 1870: 28207 us total, 11923 us display, type 3
frame 1871: 27397 us total, 11715 us display, type 3
frame 1872: 26539 us total, 11807 us display, type 3
frame 1873: 27236 us total, 12046 us display, type 3
frame 1874: 26289 us total, 11861 us display, type 3
frame 1875: 26302 us total, 12053 us display, type 3
frame 1876: 25220 us total, 11716 us display, type 3
frame 1877: 24913 us total, 11712 us display, type 3
frame 1878: 26371 us total, 11939 us display, type 3
frame 1879: 24742 us total, 12065 us display, type 3
frame 1880: 26111 us total, 11950 us display, type 3
frame 1881: 26321 us total, 12067 us display, type 3
frame 1882: 28660 us total, 11809 us display, type 3
frame 1883: 28156 us total, 11715 us display, type 3
frame 1884: 28495 us total, 11721 us display, type 3
frame 1885: 31005 us total, 12034 us display, type 3
frame 1886: 30242 us total, 11730 us display, type 3
frame 1887: 28905 us total, 11714 us display, type 3
frame 1888: 28856 us total, 11710 us display, type 3
frame 1889: 27129 us total, 11715 us display, type 3
frame 1890: 29364 us total, 11719 us display, type 3
frame 1891: 30118 us total, 11724 us display, type 3
frame 1892: 29204 us total, 11714 us display, type 3
frame 1893: 26744 us total, 11782 us display, type 3
frame 1894: 26279 us total, 11863 us display, type 3
frame 1895: 31866 us total, 12069 us display, type 3
frame 1896: 30387 us total, 11714 us display, type 3
frame 1897: 32688 us total, 11707 us display, type 3
frame 1898: 34370 us total, 12017 us display, type 3
frame 1899: 31959 us total, 11713 us display, type 3
frame 1900: 33744 us total, 12064 us display, type 3
frame 1901: 31384 us total, 11725 us display, type 3
frame 1902: 34690 us total, 11722 us display, type 3
frame 1903: 35091 us total, 11725 us display, type 3
frame 1904: 33998 us total, 11809 us display, type 3
frame 1905: 34456 us total, 11984 us display, type 3
frame 1906: 32785 us total, 11856 us display, type 3
frame 1907: 35087 us total, 11738 us display, type 3
frame 1908: 34364 us total, 12021 us display, type 3
frame 1909: 33990 us total, 11731 us display, type 3
frame 1910: 35485 us total, 11720 us display, type 3
frame 1911: 35530 us total, 11938 us display, type 3
frame 1912: 33838 us total, 11746 us display, type 3
frame 1913: 38788 us total, 11910 us display, type 3
frame 1914: 36070 us total, 11950 us display, type 3
frame 1915: 36120 us total, 11722 us display, type 3
frame 1916: 37476 us total, 11730 us display, type 3
frame 1917: 34378 us total, 11724 us display, type 3
frame 1918: 36968 us total, 11822 us display, type 3
frame 1919: 36046 us total, 11733 us display, type 3
profile (avg of 128 frames, ms): logic+bsp 9.8 wait-fb 0.0 vp-mark 1.6 flats 4.1 columns 12.1 fuzz 0.0
frame 1920: 39794 us total, 11718 us display, type 3
frame 1921: 34296 us total, 11733 us display, type 3
frame 1922: 36321 us total, 11716 us display, type 3
frame 1923: 36086 us total, 11718 us display, type 3
frame 1924: 35794 us total, 11727 us display, type 3
frame 1925: 34312 us total, 11948 us display, type 3
frame 1926: 32960 us total, 11711 us display, type 3
frame 1927: 32700 us total, 11727 us display, type 3
frame 1928: 32678 us total, 12039 us display, type 3
frame 1929: 32833 us total, 12003 us display, type 3
frame 1930: 33033 us total, 11725 us display, type 3
frame 1931: 32261 us total, 11935 us display, type 3
frame 1932: 28534 us total, 11918 us display, type 3
frame 1933: 30005 us total, 11960 us display, type 3
frame 1934: 29037 us total, 11727 us display, type 3
frame 1935: 27860 us total, 11718 us display, type 3
frame 1936: 28692 us total, 11724 us display, type 3
frame 1937: 28683 us total, 11880 us display, type 3
frame 1938: 28122 us total, 11854 us display, type 3
frame 1939: 28167 us total, 12048 us display, type 3
frame 1940: 26744 us total, 11807 us display, type 3
frame 1941: 28685 us total, 11927 us display, type 3
frame 1942: 28025 us total, 11713 us display, type 3
frame 1943: 27538 us total, 12000 us display, type 3
frame 1944: 27911 us total, 11723 us display, type 3
frame 1945: 28401 us total, 11725 us display, type 3
frame 1946: 28910 us total, 11715 us display, type 3
frame 1947: 28770 us total, 11930 us display, type 3
frame 1948: 28156 us total, 11912 us display, type 3
frame 1949: 28308 us total, 11812 us display, type 3
frame 1950: 27491 us total, 11720 us display, type 3
frame 1951: 29312 us total, 11707 us display, type 3
frame 1952: 27949 us total, 11710 us display, type 3
frame 1953: 27656 us total, 11721 us display, type 3
frame 1954: 27410 us total, 11719 us display, type 3
frame 1955: 26876 us total, 11989 us display, type 3
frame 1956: 26781 us total, 11730 us display, type 3
frame 1957: 24942 us total, 11720 us display, type 3
frame 1958: 23461 us total, 11712 us display, type 3
frame 1959: 25198 us total, 11705 us display, type 3
frame 1960: 24207 us total, 11884 us display, type 3
frame 1961: 26791 us total, 11690 us display, type 3
frame 1962: 25718 us total, 11695 us display, type 3
frame 1963: 30116 us total, 11696 us display, type 3
frame 1964: 31582 us total, 11764 us display, type 3
frame 1965: 26993 us total, 11695 us display, type 3
frame 1966: 30494 us total, 11700 us display, type 3
frame 1967: 26280 us total, 12062 us display, type 3
frame 1968: 31768 us total, 11710 us display, type 3
frame 1969: 28143 us total, 12070 us display, type 3
frame 1970: 27565 us total, 11691 us display, type 3
frame 1971: 33054 us total, 11719 us display, type 3
frame 1972: 31924 us total, 11720 us display, type 3
frame 1973: 32320 us total, 11934 us display, type 3
frame 1974: 31052 us total, 11815 us display, type 3
frame 1975: 32541 us total, 12016 us display, type 3
frame 1976: 30920 us total, 11907 us display, type 3
frame 1977: 33694 us total, 11756 us display, type 3
frame 1978: 34206 us total, 11718 us display, type 3
frame 1979: 32887 us total, 11906 us display, type 3
frame 1980: 36069 us total, 11734 us display, type 3
frame 1981: 36876 us total, 11714 us display, type 3
frame 1982: 37448 us total, 11722 us display, type 3
frame 1983: 37438 us total, 11723 us display, type 3
frame 1984: 38645 us total, 11704 us display, type 3
frame 1985: 39489 us total, 11828 us display, type 3
frame 1986: 39247 us total, 12036 us display, type 3
frame 1987: 40318 us total, 11718 us display, type 3
frame 1988: 37540 us total, 11727 us display, type 3
frame 1989: 38366 us total, 11727 us display, type 3
frame 1990: 39421 us total, 11814 us display, type 3
frame 1991: 37059 us total, 11984 us display, type 3
frame 1992: 38515 us total, 11912 us display, type 3
frame 1993: 40162 us total, 11712 us display, type 3
frame 1994: 37015 us total, 11718 us display, type 3
frame 1995: 37858 us total, 11721 us display, type 3
frame 1996: 36231 us total, 11723 us display, type 3
frame 1997: 37710 us total, 11716 us display, type 3
frame 1998: 37282 us total, 11732 us display, type 3
frame 1999: 40968 us total, 11739 us display, type 3
frame 2000: 37415 us total, 11854 us display, type 3
frame 2001: 38508 us total, 11953 us display, type 3
frame 2002: 29250 us total, 11717 us display, type 3
frame 2003: 31392 us total, 11930 us display, type 3
frame 2004: 32392 us total, 11725 us display, type 3
frame 2005: 29901 us total, 11719 us display, type 3
frame 2006: 30923 us total, 11727 us display, type 3
frame 2007: 32656 us total, 11735 us display, type 3
frame 2008: 29485 us total, 11727 us display, type 3
frame 2009: 31854 us total, 11735 us display, type 3
frame 2010: 34011 us total, 11729 us display, type 3
frame 2011: 29761 us total, 11727 us display, type 3
frame 2012: 31353 us total, 11717 us display, type 3
frame 2013: 31096 us total, 11881 us display, type 3
frame 2014: 28432 us total, 11719 us display, type 3
frame 2015: 30646 us total, 11728 us display, type 3
frame 2016: 32134 us total, 11917 us display, type 3
frame 2017: 27543 us total, 11712 us display, type 3
frame 2018: 30502 us total, 11725 us display, type 3
frame 2019: 30129 us total, 11720 us display, type 3
frame 2020: 26207 us total, 11721 us display, type 3
frame 2021: 29619 us total, 11730 us display, type 3
frame 2022: 27278 us total, 11729 us display, type 3
frame 2023: 29156 us total, 11725 us display, type 3
frame 2024: 29902 us total, 11732 us display, type 3
frame 2025: 25406 us total, 11799 us display, type 3
frame 2026: 28983 us total, 11914 us display, type 3
frame 2027: 25440 us total, 12079 us display, type 3
frame 2028: 30335 us total, 11721 us display, type 3
frame 2029: 31458 us total, 11718 us display, type 3
frame 2030: 28535 us total, 11719 us display, type 3
frame 2031: 32147 us total, 11733 us display, type 3
frame 2032: 31150 us total, 12007 us display, type 3
frame 2033: 27920 us total, 11712 us display, type 3
frame 2034: 31491 us total, 11727 us display, type 3
frame 2035: 31583 us total, 11916 us display, type 3
frame 2036: 31791 us total, 11933 us display, type 3
frame 2037: 33286 us total, 11714 us display, type 3
frame 2038: 32607 us total, 11838 us display, type 3
frame 2039: 30096 us total, 11721 us display, type 3
frame 2040: 32581 us total, 12071 us display, type 3
frame 2041: 28843 us total, 11784 us display, type 3
frame 2042: 27216 us total, 11752 us display, type 3
frame 2043: 29080 us total, 11952 us display, type 3
frame 2044: 28327 us total, 11736 us display, type 3
frame 2045: 29805 us total, 11969 us display, type 3
frame 2046: 30013 us total, 11799 us display, type 3
frame 2047: 28123 us total, 11778 us display, type 3
profile (avg of 128 frames, ms): logic+bsp 8.5 wait-fb 0.0 vp-mark 1.1 flats 2.7 columns 11.0 fuzz 0.0
frame 2048: 30567 us total, 11732 us display, type 3
audio: 70 underruns, 34 ms queued
mem @frame 2048: heap free 47068, largest 22016, min ever 46580, zone free 40884, display stack free 4376, uptime 67 s, gamestate 0, demo 1, usergame 0, tic 2298
frame 2049: 30552 us total, 11721 us display, type 3
frame 2050: 28891 us total, 11970 us display, type 3
frame 2051: 30012 us total, 11777 us display, type 3
frame 2052: 30273 us total, 11726 us display, type 3
frame 2053: 28791 us total, 11874 us display, type 3
frame 2054: 30004 us total, 11830 us display, type 3
frame 2055: 31012 us total, 11724 us display, type 3
frame 2056: 29269 us total, 11799 us display, type 3
frame 2057: 30794 us total, 11719 us display, type 3
frame 2058: 27510 us total, 11731 us display, type 3
frame 2059: 27533 us total, 11723 us display, type 3
frame 2060: 27772 us total, 11731 us display, type 3
frame 2061: 26106 us total, 11718 us display, type 3
frame 2062: 28945 us total, 11716 us display, type 3
frame 2063: 26073 us total, 11799 us display, type 3
frame 2064: 29988 us total, 11880 us display, type 3
frame 2065: 29072 us total, 12023 us display, type 3
frame 2066: 26651 us total, 11709 us display, type 3
frame 2067: 29386 us total, 11711 us display, type 3
frame 2068: 27795 us total, 11721 us display, type 3
frame 2069: 26988 us total, 11714 us display, type 3
frame 2070: 29076 us total, 11714 us display, type 3
frame 2071: 27685 us total, 11857 us display, type 3
frame 2072: 29509 us total, 11715 us display, type 3
frame 2073: 28817 us total, 11990 us display, type 3
frame 2074: 28204 us total, 11721 us display, type 3
frame 2075: 29135 us total, 11706 us display, type 3
frame 2076: 27638 us total, 11711 us display, type 3
frame 2077: 28365 us total, 11835 us display, type 3
frame 2078: 28282 us total, 11719 us display, type 3
frame 2079: 28358 us total, 11714 us display, type 3
frame 2080: 28950 us total, 11712 us display, type 3
frame 2081: 28360 us total, 11708 us display, type 3
frame 2082: 28116 us total, 11715 us display, type 3
frame 2083: 28646 us total, 11882 us display, type 3
frame 2084: 29096 us total, 11768 us display, type 3
frame 2085: 28028 us total, 11707 us display, type 3
frame 2086: 28289 us total, 12061 us display, type 3
frame 2087: 30761 us total, 11710 us display, type 3
frame 2088: 28492 us total, 11724 us display, type 3
frame 2089: 27766 us total, 11856 us display, type 3
frame 2090: 29109 us total, 11719 us display, type 3
frame 2091: 28315 us total, 11709 us display, type 3
frame 2092: 28262 us total, 11713 us display, type 3
frame 2093: 28753 us total, 12040 us display, type 3
frame 2094: 30008 us total, 12062 us display, type 3
frame 2095: 29355 us total, 11792 us display, type 3
frame 2096: 29013 us total, 11933 us display, type 3
frame 2097: 28863 us total, 12091 us display, type 3
frame 2098: 27926 us total, 11709 us display, type 3
frame 2099: 30505 us total, 11714 us display, type 3
frame 2100: 28069 us total, 12078 us display, type 3
frame 2101: 28667 us total, 11782 us display, type 3
frame 2102: 27201 us total, 11725 us display, type 3
frame 2103: 28316 us total, 11719 us display, type 3
frame 2104: 29171 us total, 11713 us display, type 3
frame 2105: 27914 us total, 12077 us display, type 3
frame 2106: 28508 us total, 11924 us display, type 3
frame 2107: 27592 us total, 11705 us display, type 3
frame 2108: 29093 us total, 11703 us display, type 3
frame 2109: 28883 us total, 11717 us display, type 3
frame 2110: 26880 us total, 11730 us display, type 3
frame 2111: 29516 us total, 11864 us display, type 3
frame 2112: 28217 us total, 11719 us display, type 3
frame 2113: 26554 us total, 11719 us display, type 3
frame 2114: 29711 us total, 11827 us display, type 3
frame 2115: 27663 us total, 11714 us display, type 3
frame 2116: 29108 us total, 11729 us display, type 3
frame 2117: 29224 us total, 11721 us display, type 3
frame 2118: 26465 us total, 11853 us display, type 3
frame 2119: 28135 us total, 11742 us display, type 3
frame 2120: 28041 us total, 11802 us display, type 3
frame 2121: 29648 us total, 11712 us display, type 3
frame 2122: 28922 us total, 11717 us display, type 3
frame 2123: 28220 us total, 11702 us display, type 3
frame 2124: 31990 us total, 11718 us display, type 3
frame 2125: 29677 us total, 11721 us display, type 3
frame 2126: 27027 us total, 11846 us display, type 3
frame 2127: 30601 us total, 11803 us display, type 3
frame 2128: 27548 us total, 11994 us display, type 3
frame 2129: 29320 us total, 11718 us display, type 3
frame 2130: 28459 us total, 11721 us display, type 3
frame 2131: 27723 us total, 11728 us display, type 3
frame 2132: 30177 us total, 11725 us display, type 3
frame 2133: 28770 us total, 11732 us display, type 3
frame 2134: 27755 us total, 11720 us display, type 3
frame 2135: 30202 us total, 11987 us display, type 3
frame 2136: 28186 us total, 11726 us display, type 3
frame 2137: 30282 us total, 11713 us display, type 3
frame 2138: 29076 us total, 11713 us display, type 3
frame 2139: 27860 us total, 11718 us display, type 3
frame 2140: 29665 us total, 11827 us display, type 3
