ESP-ROM:esp32c6-20220919
Build:Sep 19 2022
rst:0x15 (USB_UART_HPSYS),boot:0x2c (SPI_FAST_FLASH_BOOT)
Saved PC:0x4001a378
SPIWP:0xee
mode:DIO, clock div:2
load:0x40875720,len:0x1a5c
load:0x4086c110,len:0xf58
load:0x4086e610,len:0x3074
entry 0x4086c11a
[0;32mI (23) boot: ESP-IDF v5.3.4 2nd stage bootloader[0m
[0;32mI (23) boot: compile time Sep 14 2026 20:53:10[0m
[0;32mI (24) boot: chip revision: v0.2[0m
[0;32mI (24) boot: efuse block revision: v0.3[0m
[0;32mI (24) qio_mode: Enabling QIO for flash chip WinBond[0m
[0;32mI (24) boot.esp32c6: SPI Speed      : 80MHz[0m
[0;32mI (25) boot.esp32c6: SPI Mode       : QIO[0m
[0;32mI (25) boot.esp32c6: SPI Flash Size : 16MB[0m
[0;32mI (25) boot: Enabling RNG early entropy source...[0m
[0;32mI (26) boot: Partition Table:[0m
[0;32mI (26) boot: ## Label            Usage          Type ST Offset   Length[0m
[0;32mI (26) boot:  0 nvs              WiFi data        01 02 00009000 00006000[0m
[0;32mI (27) boot:  1 phy_init         RF data          01 01 0000f000 00001000[0m
[0;32mI (27) boot:  2 factory          factory app      00 00 00010000 00200000[0m
[0;32mI (28) boot:  3 wad              Unknown data     01 40 00210000 00400000[0m
[0;32mI (29) boot:  4 saves            WiFi data        01 02 00610000 00020000[0m
[0;32mI (29) boot: End of partition table[0m
[0;32mI (30) esp_image: segment 0: paddr=00010020 vaddr=420c0020 size=3177ch (202620) map[0m
[0;32mI (67) esp_image: segment 1: paddr=000417a4 vaddr=40800000 size=0e874h ( 59508) load[0m
[0;32mI (80) esp_image: segment 2: paddr=00050020 vaddr=42000020 size=b1da8h (728488) map[0m
[0;32mI (210) esp_image: segment 3: paddr=00101dd0 vaddr=4080e874 size=07af4h ( 31476) load[0m
[0;32mI (218) esp_image: segment 4: paddr=001098cc vaddr=40816370 size=033e4h ( 13284) load[0m
[0;32mI (221) esp_image: segment 5: paddr=0010ccb8 vaddr=50000000 size=00004h (     4) load[0m
[0;32mI (227) boot: Loaded app from partition at offset 0x10000[0m
[0;32mI (227) boot: Disabling RNG early entropy source...[0m
[0;32mI (229) cpu_start: Unicore app[0m
[0;32mI (237) cpu_start: Pro cpu start user code[0m
[0;32mI (237) cpu_start: cpu freq: 160000000 Hz[0m
[0;32mI (238) app_init: Application information:[0m
[0;32mI (238) app_init: Project name:     diablito[0m
[0;32mI (238) app_init: App version:      1[0m
[0;32mI (238) app_init: Compile time:     Sep 14 2026 20:53:12[0m
[0;32mI (239) app_init: ELF file SHA256:  87e017544...[0m
[0;32mI (239) app_init: ESP-IDF:          v5.3.4[0m
[0;32mI (239) efuse_init: Min chip rev:     v0.0[0m
[0;32mI (239) efuse_init: Max chip rev:     v0.99 [0m
[0;32mI (240) efuse_init: Chip rev:         v0.2[0m
[0;32mI (240) heap_init: Initializing. RAM available for dynamic allocation:[0m
[0;32mI (240) heap_init: At 408341E0 len 00048430 (289 KiB): RAM[0m
[0;32mI (241) heap_init: At 4087C610 len 00002F54 (11 KiB): RAM[0m
[0;32mI (241) heap_init: At 50000004 len 00003FE4 (15 KiB): RTCRAM[0m
[0;32mI (242) spi_flash: detected chip: generic[0m
[0;32mI (242) spi_flash: flash io: qio[0m
[0;32mI (243) sleep: Configure to isolate all GPIO pins in sleep state[0m
[0;32mI (243) sleep: Enable automatic switching of GPIO sleep configuration[0m
[0;32mI (243) coexist: coex firmware version: a13b09d[0m
[0;32mI (244) coexist: coexist rom version 5b8dcfa[0m
[0;32mI (244) main_task: Started on CPU0[0m
[0;32mI (244) main_task: Calling app_main()[0m
[0;32mI (244) gpio: GPIO[15]| InputEn: 0| OutputEn: 1| OpenDrain: 0| Pullup: 0| Pulldown: 0| Intr:0 [0m
[0;32mI (244) gpio: GPIO[9]| InputEn: 1| OutputEn: 0| OpenDrain: 0| Pullup: 1| Pulldown: 0| Intr:0 [0m
[0;32mI (244) gpio: GPIO[18]| InputEn: 1| OutputEn: 0| OpenDrain: 0| Pullup: 1| Pulldown: 0| Intr:0 [0m
[0;32mI (245) gpio: GPIO[0]| InputEn: 0| OutputEn: 0| OpenDrain: 0| Pullup: 0| Pulldown: 0| Intr:0 [0m
[0;32mI (245) DIABLITO: DIABLITO skeleton, IDF v5.3.4, CPU 160 MHz[0m
[0;32mI (245) DIABLITO: heap at boot: free 293028, largest block 262144, min ever 293028, dma-capable 278428[0m
[0;32mI (246) gpio: GPIO[3]| InputEn: 0| OutputEn: 1| OpenDrain: 0| Pullup: 0| Pulldown: 0| Intr:0 [0m
[0;32mI (246) gpio: GPIO[4]| InputEn: 0| OutputEn: 1| OpenDrain: 0| Pullup: 0| Pulldown: 0| Intr:0 [0m
[0;32mI (750) DISPLAY: ST7789 up: 280x240 landscape, SPI 80 MHz, 2 x 8960 B DMA strips[0m
[0;32mI (750) DIABLITO: heap after display: free 273544, largest block 245760, min ever 273544, dma-capable 258944[0m
[0;32mI (751) DIABLITO: wad partition @0x210000 size 4194304: magic IWHD, 1264 lumps, infotable @36, file 2073676 bytes[0m
[0;32mI (751) DIABLITO: WHD mapped at 0x42100000, header via mmap: IWHD ·©ÔUDOOM1[0m
[0;32mI (752) DIABLITO: heap after wad mmap: free 272912, largest block 245760, min ever 272912, dma-capable 258312[0m
[0;32mI (752) DIABLITO: main task stack high-water: 14904 bytes free[0m
[0;32mI (753) DIABLITO: .bss ends at 0x408341e0 (short-pointer window ends at 0x40840000, 48672 bytes spare)[0m
[0;32mI (753) DIABLITO: heap before BLE: free 272912, largest block 245760, min ever 272912, dma-capable 258312[0m
[0;32mI (766) BLE_INIT: Using main XTAL as clock source, chip ver: 2[0m
[0;32mI (767) BLE_INIT: ble controller commit:[ca6c20b][0m
[0;32mI (771) BLE_INIT: Bluetooth MAC: fc:01:2c:fd:fc:b2[0m
[0;32mI (771) phy_init: phy_version 341,a6c8fe6,Jul 30 2025,18:34:11[0m
[0;32mI (867) phy: libbtbb version: a945109, Jul 30 2025, 18:34:25[0m
[0;32mI (874) PAD: init, saved controller: yes[0m
[0;32mI (1075) DIABLITO: heap after BLE init: free 234232, largest block 208896, min ever 234096, dma-capable 219632[0m
[0;32mI (1075) DIABLITO: starting Doom[0m
                          DIABLITO Doom 3.0.0
Z_Init: Init zone memory allocation daemon. 
zone memory: 0x40821854, 10000 allocated for zone
M_LoadDefaults: Load system defaults.
W_Init: Init WADfiles.
===========================================================================
                            DOOM Shareware
===========================================================================
 DIABLITO Doom is free software, covered by the GNU General Public
 License.  There is NO warranty; not even for MERCHANTABILITY or FITNESS
 FOR A PARTICULAR PURPOSE. You are welcome to change and distribute
 copies under certain conditions. See the source for more information.
===========================================================================
I_Init: Setting up machine state.
M_Init: Init miscellaneous info.
R_Init: Init DOOM refresh daemon - .........
P_Init: Init Playloop state.
S_Init: Setting up sound.
D_CheckNetGame: Checking network game status.
Emulating the behavior of the 'Doom 1.9' executable.
HU_Init: Setting up heads up display.
ST_Init: Init status bar.
frame 2: 34000 us total, 11683 us display, type 4
frame 3: 12370 us total, 11637 us display, type 4
frame 4: 16454 us total, 11630 us display, type 4
frame 5: 29067 us total, 11647 us display, type 4
[0;32mI (1252) PAD: found  78:86:2e:8f:59:f6 rssi -58[0m
frame 6: 30917 us total, 13542 us display, type 4
frame 7: 26274 us total, 11654 us display, type 4
frame 8: 28769 us total, 11639 us display, type 4
frame 9: 27994 us total, 11641 us display, type 4
frame 10: 29000 us total, 11642 us display, type 4
frame 11: 28044 us total, 11686 us display, type 4
frame 12: 28986 us total, 11634 us display, type 4
frame 13: 28970 us total, 11642 us display, type 4
frame 14: 28293 us total, 11678 us display, type 4
frame 15: 28850 us total, 11784 us display, type 4
frame 16: 27913 us total, 11652 us display, type 4
frame 17: 28923 us total, 11631 us display, type 4
frame 18: 28097 us total, 11661 us display, type 4
frame 19: 28981 us total, 11653 us display, type 4
frame 20: 28921 us total, 11630 us display, type 4
frame 21: 28100 us total, 11663 us display, type 4
frame 22: 28901 us total, 11630 us display, type 4
frame 23: 28078 us total, 11653 us display, type 4
frame 24: 30703 us total, 13412 us display, type 4
frame 25: 26576 us total, 11685 us display, type 4
[0;32mI (1825) NimBLE: Connection established [0m
[0;32mI (1826) NIMBLE_HIDH: pairing for encrypted link (rc=0)[0m
frame 26: 30460 us total, 13446 us display, type 4
frame 27: 27403 us total, 11654 us display, type 4
frame 28: 29343 us total, 13189 us display, type 4
frame 29: 27682 us total, 11661 us display, type 4
[0;32mI (1924) NimBLE: mtu update event; conn_handle=0 cid=4 mtu=23
[0m
frame 30: 27953 us total, 11673 us display, type 4
frame 31: 28816 us total, 11637 us display, type 4
frame 32: 28167 us total, 11667 us display, type 4
frame 33: 28831 us total, 11639 us display, type 4
frame 34: 29091 us total, 11655 us display, type 4
[0;32mI (2074) NIMBLE_HIDH: encryption change: status=0[0m
frame 35: 29631 us total, 13365 us display, type 4
frame 36: 27514 us total, 11646 us display, type 4
frame 37: 27939 us total, 11668 us display, type 4
frame 38: 28830 us total, 11639 us display, type 4
[0;32mI (2174) NIMBLE_HIDH: service 0x1800 handles 1-7[0m
[0;32mI (2174) NIMBLE_HIDH: service 0x1801 handles 8-8[0m
[0;32mI (2174) NIMBLE_HIDH: service 0x180a handles 9-17[0m
frame 39: 28224 us total, 11680 us display, type 4
frame 40: 29038 us total, 11908 us display, type 4
frame 41: 28897 us total, 11658 us display, type 4
[0;32mI (2274) NIMBLE_HIDH: service 0x180f handles 18-21[0m
[0;32mI (2274) NIMBLE_HIDH: service 0x1812 handles 22-35[0m
frame 42: 28747 us total, 12554 us display, type 4
frame 43: 28285 us total, 11651 us display, type 4
frame 44: 27983 us total, 11668 us display, type 4
frame 45: 28823 us total, 11639 us display, type 4
[0;32mI (2374) NIMBLE_HIDH: service 00000001-5f60-4c4f-9c83-a7953298d40d handles 36-42[0m
frame 46: 28229 us total, 11682 us display, type 4
frame 47: 29030 us total, 11902 us display, type 4
frame 48: 28903 us total, 11658 us display, type 4
frame 49: 28161 us total, 11968 us display, type 4
frame 50: 28892 us total, 11660 us display, type 4
frame 51: 27955 us total, 11668 us display, type 4
frame 52: 28820 us total, 11631 us display, type 4
frame 53: 28244 us total, 11684 us display, type 4
frame 54: 29019 us total, 11893 us display, type 4
frame 55: 28909 us total, 11658 us display, type 4
frame 56: 28162 us total, 11969 us display, type 4
frame 57: 28881 us total, 11659 us display, type 4
frame 58: 27971 us total, 11668 us display, type 4
frame 59: 28814 us total, 11631 us display, type 4
[0;32mI (2774) NimBLE: Read complete; status=0 conn_handle=0[0m
frame 60: 28256 us total, 11682 us display, type 4
frame 61: 28875 us total, 11663 us display, type 4
[0;32mI (2834) NimBLE: Read complete; status=0 conn_handle=0[0m
[0;32mI (2835) NimBLE: Read complete; status=14 conn_handle=0[0m
frame 62: 29268 us total, 11824 us display, type 4
frame 63: 28182 us total, 11986 us display, type 4
frame 64: 29074 us total, 12066 us display, type 4
frame 65: 27600 us total, 11677 us display, type 4
frame 66: 28992 us total, 11672 us display, type 4
[0;32mI (2984) NimBLE: Read complete; status=0 conn_handle=0[0m
[0;32mI (2985) NimBLE: Read complete; status=14 conn_handle=0[0m
frame 67: 28851 us total, 11682 us display, type 4
frame 68: 28040 us total, 11667 us display, type 4
[0;32mI (3029) NimBLE: Read complete; status=0 conn_handle=0[0m
[0;32mI (3029) NimBLE: Read complete; status=14 conn_handle=0[0m
frame 69: 29109 us total, 11682 us display, type 4
[0;32mI (3059) NimBLE: Read complete; status=0 conn_handle=0[0m
[0;32mI (3060) NimBLE: Read complete; status=14 conn_handle=0[0m
frame 70: 28472 us total, 12124 us display, type 4
frame 71: 29025 us total, 12163 us display, type 4
frame 72: 28145 us total, 12312 us display, type 4
frame 73: 28547 us total, 11851 us display, type 4
frame 74: 28001 us total, 11852 us display, type 4
frame 75: 28995 us total, 11854 us display, type 4
frame 76: 28884 us total, 11742 us display, type 4
[0;32mI (3269) NimBLE: Read complete; status=0 conn_handle=0[0m
frame 77: 27940 us total, 11671 us display, type 4
[0;32mI (3299) NimBLE: Read complete; status=0 conn_handle=0[0m
frame 78: 28746 us total, 11675 us display, type 4
[0;32mI (3329) NimBLE: Read complete; status=0 conn_handle=0[0m
frame 79: 28730 us total, 12228 us display, type 4
frame 80: 28567 us total, 11724 us display, type 4
[0;32mI (3374) NimBLE: Read complete; status=0 conn_handle=0[0m
frame 81: 27952 us total, 11703 us display, type 4
[0;32mI (3405) NimBLE: Read complete; status=0 conn_handle=0[0m
frame 82: 29078 us total, 11747 us display, type 4
[0;32mI (3434) NimBLE: Read complete; status=0 conn_handle=0[0m
frame 83: 29067 us total, 11821 us display, type 4
[0;32mI (3464) NimBLE: Read complete; status=0 conn_handle=0[0m
frame 84: 28156 us total, 11970 us display, type 4
[0;32mI (3494) NimBLE: Read complete; status=0 conn_handle=0[0m
frame 85: 28698 us total, 11675 us display, type 4
[0;32mI (3539) NimBLE: Read complete; status=0 conn_handle=0[0m
frame 86: 28848 us total, 12581 us display, type 4
[0;32mI (3569) NimBLE: Read complete; status=0 conn_handle=0[0m
frame 87: 29103 us total, 12621 us display, type 4
frame 88: 27044 us total, 11681 us display, type 4
[0;32mI (3599) NimBLE: Read complete; status=0 conn_handle=0[0m
frame 89: 29632 us total, 12323 us display, type 4
[0;32mI (3629) NimBLE: Read complete; status=0 conn_handle=0[0m
frame 90: 28646 us total, 11943 us display, type 4
[0;32mI (3659) NimBLE: Read complete; status=0 conn_handle=0[0m
[0;32mI (3659) NimBLE: Read complete; status=14 conn_handle=0[0m
frame 91: 28151 us total, 12091 us display, type 4
frame 92: 29076 us total, 12159 us display, type 4
[0;32mI (3719) NimBLE: Read complete; status=0 conn_handle=0[0m
[0;32mI (3719) NimBLE: Read complete; status=14 conn_handle=0[0m
frame 93: 28228 us total, 12388 us display, type 4
frame 94: 29048 us total, 12429 us display, type 4
[0;32mI (3779) NimBLE: Read complete; status=0 conn_handle=0[0m
[0;32mI (3779) NimBLE: Read complete; status=14 conn_handle=0[0m
[0;32mI (3780) NIMBLE_HIDH: attaching listeners, battery handle 20 ccc 21[0m
[0;32mI (3781) PAD: report map: 22 input fields[0m
[0;32mI (3781) PAD:   field rid 1 page 1 usage 0x30 bits 16 @0 logical 0..65535[0m
[0;32mI (3781) PAD:   field rid 1 page 1 usage 0x31 bits 16 @16 logical 0..65535[0m
[0;32mI (3781) PAD:   field rid 1 page 1 usage 0x32 bits 16 @32 logical 0..65535[0m
[0;32mI (3782) PAD:   field rid 1 page 1 usage 0x35 bits 16 @48 logical 0..65535[0m
[0;32mI (3782) PAD:   field rid 1 page 2 usage 0xc5 bits 10 @64 logical 0..1023[0m
[0;32mI (3783) PAD:   field rid 1 page 2 usage 0xc4 bits 10 @80 logical 0..1023[0m
[0;32mI (3783) PAD:   field rid 1 page 1 usage 0x39 bits 4 @96 logical 1..8[0m
[0;32mI (3783) PAD:   field rid 1 page 9 usage 0x01 bits 1 @104 logical 0..1[0m
[0;32mI (3784) PAD:   field rid 1 page 9 usage 0x02 bits 1 @105 logical 0..1[0m
[0;32mI (3784) PAD:   field rid 1 page 9 usage 0x03 bits 1 @106 logical 0..1[0m
[0;32mI (3784) PAD:   field rid 1 page 9 usage 0x04 bits 1 @107 logical 0..1[0m
[0;32mI (3785) PAD:   field rid 1 page 9 usage 0x05 bits 1 @108 logical 0..1[0m
[0;32mI (3785) PAD:   field rid 1 page 9 usage 0x06 bits 1 @109 logical 0..1[0m
[0;32mI (3785) PAD:   field rid 1 page 9 usage 0x07 bits 1 @110 logical 0..1[0m
[0;32mI (3786) PAD:   field rid 1 page 9 usage 0x08 bits 1 @111 logical 0..1[0m
[0;32mI (3786) PAD:   field rid 1 page 9 usage 0x09 bits 1 @112 logical 0..1[0m
[0;32mI (3786) PAD:   field rid 1 page 9 usage 0x0a bits 1 @113 logical 0..1[0m
[0;32mI (3787) PAD:   field rid 1 page 9 usage 0x0b bits 1 @114 logical 0..1[0m
[0;32mI (3787) PAD:   field rid 1 page 9 usage 0x0c bits 1 @115 logical 0..1[0m
[0;32mI (3787) PAD:   field rid 1 page 9 usage 0x0d bits 1 @116 logical 0..1[0m
[0;32mI (3788) PAD:   field rid 1 page 9 usage 0x0e bits 1 @117 logical 0..1[0m
[0;32mI (3788) PAD:   field rid 1 page 9 usage 0x0f bits 1 @118 logical 0..1[0m
[0;32mI (3788) PAD:   rid 1 page 1 usage 30 bit 0 size 16 [0..65535][0m
[0;32mI (3788) PAD:   rid 1 page 1 usage 31 bit 16 size 16 [0..65535][0m
[0;32mI (3789) PAD:   rid 1 page 1 usage 32 bit 32 size 16 [0..65535][0m
[0;32mI (3789) PAD:   rid 1 page 1 usage 35 bit 48 size 16 [0..65535][0m
[0;32mI (3789) PAD:   rid 1 page 2 usage c5 bit 64 size 10 [0..1023][0m
[0;32mI (3790) PAD:   rid 1 page 2 usage c4 bit 80 size 10 [0..1023][0m
[0;32mI (3790) PAD:   rid 1 page 1 usage 39 bit 96 size 4 [1..8][0m
[0;32mI (3790) PAD:   rid 1 page 9 usage 1 bit 104 size 1 [0..1][0m
[0;32mI (3791) PAD:   rid 1 page 9 usage 2 bit 105 size 1 [0..1][0m
[0;32mI (3791) PAD:   rid 1 page 9 usage 3 bit 106 size 1 [0..1][0m
[0;32mI (3791) PAD:   rid 1 page 9 usage 4 bit 107 size 1 [0..1][0m
[0;32mI (3791) PAD:   rid 1 page 9 usage 5 bit 108 size 1 [0..1][0m
[0;32mI (3792) PAD:   rid 1 page 9 usage 6 bit 109 size 1 [0..1][0m
[0;32mI (3792) PAD:   rid 1 page 9 usage 7 bit 110 size 1 [0..1][0m
[0;32mI (3792) PAD:   rid 1 page 9 usage 8 bit 111 size 1 [0..1][0m
[0;32mI (3792) PAD:   rid 1 page 9 usage 9 bit 112 size 1 [0..1][0m
[0;32mI (3793) PAD:   rid 1 page 9 usage a bit 113 size 1 [0..1][0m
[0;32mI (3793) PAD:   rid 1 page 9 usage b bit 114 size 1 [0..1][0m
[0;32mI (3793) PAD:   rid 1 page 9 usage c bit 115 size 1 [0..1][0m
[0;32mI (3794) PAD:   rid 1 page 9 usage d bit 116 size 1 [0..1][0m
[0;32mI (3794) PAD:   rid 1 page 9 usage e bit 117 size 1 [0..1][0m
[0;32mI (3795) PAD:   rid 1 page 9 usage f bit 118 size 1 [0..1][0m
[0;32mI (3795) PAD: connected: Xbox Wireless Controller[0m
axes L  -1825 -22896 R     57   -469 T     0     0 level 0, 3 reports in 3555 ms
input: down 0x100000
gamepad connected: Xbox Wireless Controller
[0;32mI (3809) NimBLE: Subscribe complete; status=259 conn_handle=0 attr_handle=20
[0m
frame 95: 40523 us total, 12908 us display, type 4
frame 96: 16938 us total, 12788 us display, type 4
[0;32mI (3839) NIMBLE_HIDH: write complete; status=0 attr_handle=21[0m
[0;32mI (3839) NIMBLE_HIDH: report id 3 type 2 mode 1 perms 0xe handle 34 ccc 0[0m
[0;32mI (3839) NIMBLE_HIDH: report id 1 type 1 mode 1 perms 0x12 handle 30 ccc 31[0m
frame 97: 28339 us total, 12142 us display, type 4
[0;32mI (3869) NimBLE: Subscribe complete; status=259 conn_handle=0 attr_handle=30
[0m
[0;32mI (3869) NIMBLE_HIDH:   notify registered[0m
frame 98: 27756 us total, 11876 us display, type 4
[0;32mI (3898) NIMBLE_HIDH: write complete; status=0 attr_handle=31[0m
[0;32mI (3899) NIMBLE_HIDH:   ccc written[0m
[0;32mI (3899) NIMBLE_HIDH: listeners attached[0m
frame 99: 28687 us total, 11866 us display, type 4
frame 100: 28458 us total, 12072 us display, type 4
frame 101: 28805 us total, 11872 us display, type 4
frame 102: 27997 us total, 11872 us display, type 4
frame 103: 29049 us total, 11917 us display, type 4
frame 104: 29082 us total, 12003 us display, type 4
axes L  -1825 -22896 R     57   -469 T     0     0 level 0, 9 reports in 274 ms
frame 105: 28211 us total, 11878 us display, type 4
frame 106: 28656 us total, 11870 us display, type 4
frame 107: 27913 us total, 11848 us display, type 4
frame 108: 28999 us total, 11853 us display, type 4
frame 109: 27995 us total, 11848 us display, type 4
frame 110: 28997 us total, 11850 us display, type 4
frame 111: 29110 us total, 11960 us display, type 4
frame 112: 27893 us total, 11854 us display, type 4
frame 113: 28998 us total, 11852 us display, type 4
axes L  -1825 -22896 R     57   -469 T     0     0 level 0, 1 reports in 256 ms
frame 114: 28314 us total, 11847 us display, type 4
frame 115: 28923 us total, 12083 us display, type 4
frame 116: 27771 us total, 11853 us display, type 4
frame 117: 28994 us total, 11850 us display, type 4
frame 118: 29007 us total, 11851 us display, type 4
frame 119: 27991 us total, 11845 us display, type 4
frame 120: 29004 us total, 11851 us display, type 4
frame 121: 28107 us total, 11960 us display, type 4
frame 122: 28898 us total, 11857 us display, type 4
axes L  -1825 -22896 R     57   -469 T     0     0 level 0, 0 reports in 257 ms
frame 123: 28309 us total, 11846 us display, type 4
frame 124: 28780 us total, 11944 us display, type 4
frame 125: 29078 us total, 12020 us display, type 4
input: down 0x00010
frame 126: 28393 us total, 11673 us display, type 4
frame 127: 28830 us total, 11873 us display, type 4
frame 128: 27975 us total, 11881 us display, type 4
frame 129: 28984 us total, 11880 us display, type 4
frame 130: 27817 us total, 11675 us display, type 4
frame 131: 29234 us total, 11681 us display, type 4
axes L  -1825 -22896 R     57   -469 T     0     0 level 0, 7 reports in 257 ms
frame 132: 29588 us total, 11681 us display, type 4
frame 133: 27548 us total, 12081 us display, type 4
frame 134: 29088 us total, 12139 us display, type 4
frame 135: 28173 us total, 12316 us display, type 4
frame 136: 28527 us total, 11848 us display, type 4
frame 137: 28024 us total, 11861 us display, type 4
frame 138: 28981 us total, 11854 us display, type 4
frame 139: 29027 us total, 11867 us display, type 4
frame 140: 27792 us total, 11669 us display, type 4
axes L  -1825 -22896 R     57   -469 T     0     0 level 0, 9 reports in 257 ms
frame 141: 29357 us total, 11683 us display, type 4
frame 142: 28159 us total, 12276 us display, type 4
frame 143: 28503 us total, 11675 us display, type 4
frame 144: 27981 us total, 11679 us display, type 4
frame 145: 29068 us total, 11726 us display, type 4
frame 146: 28980 us total, 11724 us display, type 4
frame 147: 28150 us total, 11881 us display, type 4
frame 148: 28472 us total, 11669 us display, type 4
frame 149: 27999 us total, 11668 us display, type 4
axes L  -1825 -22896 R     57   -469 T     0     0 level 0, 9 reports in 257 ms
frame 150: 29325 us total, 11675 us display, type 4
frame 151: 27034 us total, 11673 us display, type 4
frame 152: 29995 us total, 11679 us display, type 4
frame 153: 28648 us total, 11768 us display, type 4
frame 154: 28194 us total, 11874 us display, type 4
frame 155: 29206 us total, 12096 us display, type 4
frame 156: 27835 us total, 11915 us display, type 4
frame 157: 28902 us total, 11822 us display, type 4
frame 158: 28126 us total, 11934 us display, type 4
axes L  -1825 -22896 R     57   -469 T     0     0 level 0, 8 reports in 257 ms
frame 159: 29028 us total, 11664 us display, type 4
frame 160: 29133 us total, 12097 us display, type 4
frame 161: 27554 us total, 11663 us display, type 4
frame 162: 29014 us total, 11669 us display, type 4
frame 163: 28210 us total, 11878 us display, type 4
frame 164: 28831 us total, 11703 us display, type 4
frame 165: 28158 us total, 11860 us display, type 4
frame 166: 28809 us total, 11669 us display, type 4
frame 167: 28998 us total, 11669 us display, type 4
axes L  -1825 -22896 R     57   -469 T     0     0 level 0, 8 reports in 256 ms
frame 168: 28447 us total, 11848 us display, type 4
frame 169: 61252 us total, 13325 us display, type 5
frame 170: 14476 us total, 13506 us display, type 5
frame 171: 14074 us total, 13141 us display, type 5
frame 172: 14265 us total, 13384 us display, type 5
frame 173: 14112 us total, 13139 us display, type 5
frame 174: 14278 us total, 13397 us display, type 5
frame 175: 14055 us total, 13133 us display, type 5
frame 176: 13688 us total, 12822 us display, type 5
frame 177: 14383 us total, 12918 us display, type 5
frame 178: 13895 us total, 12815 us display, type 5
frame 179: 13786 us total, 12941 us display, type 5
frame 180: 14274 us total, 13444 us display, type 5
frame 181: 14414 us total, 13479 us display, type 5
frame 182: 13949 us total, 13028 us display, type 5
axes L  -1825 -22896 R     57   -469 T     0     0 level 0, 9 reports in 257 ms
frame 183: 14640 us total, 13440 us display, type 5
frame 184: 13992 us total, 13076 us display, type 5
frame 185: 14278 us total, 13401 us display, type 5
frame 186: 14019 us total, 13084 us display, type 5
frame 187: 14245 us total, 13366 us display, type 5
frame 188: 14030 us total, 13107 us display, type 5
frame 189: 14279 us total, 13396 us display, type 5
frame 190: 14049 us total, 13114 us display, type 5
frame 191: 14282 us total, 13396 us display, type 5
frame 192: 14000 us total, 13104 us display, type 5
frame 193: 14233 us total, 13384 us display, type 5
frame 194: 13835 us total, 12889 us display, type 5
frame 195: 13843 us total, 12817 us display, type 5
frame 196: 13809 us total, 12942 us display, type 5
frame 197: 13788 us total, 12939 us display, type 5
frame 198: 13799 us total, 12937 us display, type 5
frame 199: 13784 us total, 12932 us display, type 5
frame 200: 13803 us total, 12932 us display, type 5
axes L  -1825 -22896 R     57   -469 T     0     0 level 0, 6 reports in 258 ms
frame 201: 22708 us total, 13019 us display, type 5
frame 202: 13702 us total, 12813 us display, type 5
frame 203: 13781 us total, 12942 us display, type 5
frame 204: 13766 us total, 12916 us display, type 5
frame 205: 13794 us total, 12946 us display, type 5
frame 206: 13772 us total, 12922 us display, type 5
frame 207: 13793 us total, 12938 us display, type 5
frame 208: 13785 us total, 12929 us display, type 5
frame 209: 14964 us total, 13086 us display, type 5
frame 210: 13891 us total, 12983 us display, type 5
frame 211: 13861 us total, 12946 us display, type 5
frame 212: 13797 us total, 12938 us display, type 5
frame 213: 13791 us total, 12932 us display, type 5
frame 214: 13670 us total, 12820 us display, type 5
frame 215: 13653 us total, 12816 us display, type 5
frame 216: 13790 us total, 12818 us display, type 5
frame 217: 13758 us total, 12914 us display, type 5
frame 218: 13796 us total, 12938 us display, type 5
frame 219: 13750 us total, 12924 us display, type 5
axes L  -1825 -22896 R     57   -469 T     0     0 level 0, 0 reports in 265 ms
frame 220: 14107 us total, 12951 us display, type 5
frame 221: 13785 us total, 12943 us display, type 5
frame 222: 13828 us total, 12960 us display, type 5
frame 223: 13758 us total, 12917 us display, type 5
frame 224: 13793 us total, 12941 us display, type 5
frame 225: 13734 us total, 12923 us display, type 5
frame 226: 13805 us total, 12943 us display, type 5
frame 227: 13646 us total, 12817 us display, type 5
frame 228: 13788 us total, 12814 us display, type 5
frame 229: 13740 us total, 12942 us display, type 5
frame 230: 13771 us total, 12910 us display, type 5
frame 231: 13761 us total, 12934 us display, type 5
frame 232: 13765 us total, 12921 us display, type 5
frame 233: 13744 us total, 12945 us display, type 5
frame 234: 13795 us total, 12942 us display, type 5
frame 235: 13879 us total, 12955 us display, type 5
frame 236: 13826 us total, 12958 us display, type 5
frame 237: 13761 us total, 12937 us display, type 5
frame 238: 13763 us total, 12944 us display, type 5
frame 239: 13657 us total, 12823 us display, type 5
axes L  -1825 -22896 R     57   -469 T     0     0 level 0, 0 reports in 275 ms
frame 240: 14142 us total, 12830 us display, type 5
frame 241: 13727 us total, 12923 us display, type 5
frame 242: 13162 us total, 11648 us display, type 3
frame 243: 38387 us total, 11687 us display, type 3
frame 244: 33349 us total, 11693 us display, type 3
frame 245: 33684 us total, 11939 us display, type 3
frame 246: 34735 us total, 11809 us display, type 3
frame 247: 35119 us total, 11686 us display, type 3
frame 248: 35262 us total, 11973 us display, type 3
axes L  -1825 -22896 R     57   -469 T     0     0 level 0, 0 reports in 259 ms
frame 249: 36183 us total, 11694 us display, type 3
frame 250: 36278 us total, 11700 us display, type 3
frame 251: 36268 us total, 11963 us display, type 3
frame 252: 35571 us total, 11884 us display, type 3
frame 253: 35250 us total, 11687 us display, type 3
frame 254: 38438 us total, 11693 us display, type 3
frame 255: 35480 us total, 11700 us display, type 3
axes L  -1825 -22896 R     57   -469 T     0     0 level 0, 0 reports in 268 ms
frame 256: 36287 us total, 11759 us display, type 3
mem @frame 256: heap free 66356, largest 40960, min ever 65536, zone free 41244, stack free 14540, uptime 7 s, gamestate 0, demo 1, usergame 0, tic 191
frame 257: 36829 us total, 11686 us display, type 3
frame 258: 36417 us total, 11692 us display, type 3
frame 259: 35731 us total, 11685 us display, type 3
frame 260: 35370 us total, 11699 us display, type 3
frame 261: 36452 us total, 11848 us display, type 3
frame 262: 36555 us total, 11968 us display, type 3
axes L  -1825 -22896 R     57   -469 T     0     0 level 0, 0 reports in 253 ms
frame 263: 36290 us total, 11692 us display, type 3
frame 264: 35887 us total, 11772 us display, type 3
frame 265: 36901 us total, 11692 us display, type 3
frame 266: 38376 us total, 11686 us display, type 3
frame 267: 36696 us total, 11692 us display, type 3
frame 268: 38006 us total, 11728 us display, type 3
frame 269: 37659 us total, 11686 us display, type 3
axes L  -1825 -22896 R     57   -469 T     0     0 level 0, 0 reports in 261 ms
frame 270: 38450 us total, 11693 us display, type 3
frame 271: 35309 us total, 11693 us display, type 3
frame 272: 35371 us total, 11695 us display, type 3
frame 273: 33321 us total, 11694 us display, type 3
frame 274: 33647 us total, 11938 us display, type 3
frame 275: 32668 us total, 11692 us display, type 3
frame 276: 32060 us total, 11691 us display, type 3
frame 277: 31535 us total, 11693 us display, type 3
frame 278: 31201 us total, 11820 us display, type 3
axes L  -1825 -22896 R     57   -469 T     0     0 level 0, 0 reports in 278 ms
frame 279: 30106 us total, 11685 us display, type 3
frame 280: 28304 us total, 11684 us display, type 3
frame 281: 28908 us total, 11692 us display, type 3
frame 282: 28092 us total, 11683 us display, type 3
frame 283: 29279 us total, 12041 us display, type 3
frame 284: 27893 us total, 11730 us display, type 3
frame 285: 27115 us total, 11900 us display, type 3
frame 286: 26896 us total, 11691 us display, type 3
frame 287: 26577 us total, 11683 us display, type 3
axes L  -1825 -22896 R     57   -469 T     0     0 level 0, 0 reports in 253 ms
frame 288: 25716 us total, 11691 us display, type 3
frame 289: 24896 us total, 11687 us display, type 3
frame 290: 26578 us total, 11683 us display, type 3
frame 291: 29849 us total, 11685 us display, type 3
frame 292: 28555 us total, 11692 us display, type 3
frame 293: 30517 us total, 11712 us display, type 3
frame 294: 24745 us total, 11677 us display, type 3
frame 295: 29797 us total, 11698 us display, type 3
frame 296: 28793 us total, 11754 us display, type 3
axes L  -1825 -22896 R     57   -469 T     0     0 level 0, 0 reports in 252 ms
frame 297: 30266 us total, 11691 us display, type 3
frame 298: 26889 us total, 11793 us display, type 3
frame 299: 28969 us total, 11825 us display, type 3
frame 300: 29165 us total, 11701 us display, type 3
frame 301: 31928 us total, 11700 us display, type 3
frame 302: 30409 us total, 11686 us display, type 3
frame 303: 32526 us total, 11694 us display, type 3
input: down 0x00010
frame 304: 35383 us total, 11686 us display, type 3
axes L  -1825 -22896 R     57   -469 T     0     0 level 0, 3 reports in 262 ms
frame 305: 34593 us total, 12365 us display, type 3
frame 306: 35601 us total, 12560 us display, type 3
frame 307: 34285 us total, 11692 us display, type 3
frame 308: 36580 us total, 11686 us display, type 3
frame 309: 34307 us total, 11968 us display, type 3
frame 310: 36526 us total, 12390 us display, type 3
frame 311: 37485 us total, 12065 us display, type 3
axes L  -1825 -22896 R     57   -469 T     0     0 level 0, 9 reports in 255 ms
frame 312: 39619 us total, 11687 us display, type 3
frame 313: 38592 us total, 11693 us display, type 3
frame 314: 42603 us total, 12303 us display, type 3
frame 315: 40085 us total, 11687 us display, type 3
frame 316: 43779 us total, 12039 us display, type 3
frame 317: 43009 us total, 11733 us display, type 3
frame 318: 40922 us total, 11685 us display, type 3
axes L  -1825 -22896 R     57   -469 T     0     0 level 0, 8 reports in 262 ms
frame 319: 44440 us total, 12561 us display, type 3
frame 320: 39204 us total, 11871 us display, type 3
frame 321: 43384 us total, 12074 us display, type 3
frame 322: 41193 us total, 11840 us display, type 3
input: down 0x00001
frame 323: 45842 us total, 11906 us display, type 3
frame 324: 43874 us total, 12098 us display, type 3
axes L  -1825 -22896 R     57   -469 T     0     0 level 0, 10 reports in 257 ms
frame 325: 46491 us total, 11741 us display, type 3
frame 326: 47213 us total, 12372 us display, type 3
frame 327: 47962 us total, 11693 us display, type 3
frame 328: 47612 us total, 12535 us display, type 3
frame 329: 48484 us total, 11699 us display, type 3
axes L  -1825 -22896 R     57   -469 T     0     0 level 0, 8 reports in 251 ms
frame 330: 47388 us total, 11974 us display, type 3
input: down 0x00001
frame 331: 47821 us total, 11921 us display, type 3
frame 332: 50364 us total, 12434 us display, type 3
frame 333: 48213 us total, 11693 us display, type 3
frame 334: 52364 us total, 11694 us display, type 3
axes L  -1825 -22896 R     57   -469 T     0     0 level 0, 9 reports in 267 ms
frame 335: 49434 us total, 12339 us display, type 3
input: down 0x00010
frame 336: 50066 us total, 11693 us display, type 3
frame 337: 49298 us total, 12378 us display, type 3
frame 338: 58283 us total, 12414 us display, type 5
frame 339: 13096 us total, 12138 us display, type 5
frame 340: 13686 us total, 12164 us display, type 5
frame 341: 13139 us total, 12329 us display, type 5
frame 342: 13429 us total, 12603 us display, type 5
frame 343: 13206 us total, 12316 us display, type 5
frame 344: 13385 us total, 12580 us display, type 5
axes L  -1825 -22896 R     57   -469 T     0     0 level 1, 10 reports in 252 ms
frame 345: 13571 us total, 12314 us display, type 5
frame 346: 13390 us total, 12574 us display, type 5
frame 347: 13213 us total, 12315 us display, type 5
frame 348: 13440 us total, 12576 us display, type 5
frame 349: 13020 us total, 12153 us display, type 5
frame 350: 13094 us total, 12308 us display, type 5
frame 351: 13417 us total, 12576 us display, type 5
frame 352: 13195 us total, 12319 us display, type 5
frame 353: 13442 us total, 12570 us display, type 5
frame 354: 13187 us total, 12316 us display, type 5
frame 355: 13456 us total, 12588 us display, type 5
frame 356: 13182 us total, 12312 us display, type 5
frame 357: 12945 us total, 12138 us display, type 5
frame 358: 13464 us total, 12156 us display, type 5
frame 359: 13152 us total, 12303 us display, type 5
frame 360: 13453 us total, 12565 us display, type 5
frame 361: 13164 us total, 12325 us display, type 5
frame 362: 13448 us total, 12570 us display, type 5
frame 363: 13192 us total, 12309 us display, type 5
axes L  -1825 -22896 R     57   -469 T     0     0 level 1, 8 reports in 252 ms
frame 364: 13803 us total, 12577 us display, type 5
frame 365: 13194 us total, 12311 us display, type 5
frame 366: 13013 us total, 12134 us display, type 5
frame 367: 13522 us total, 12236 us display, type 5
frame 368: 13225 us total, 12315 us display, type 5
frame 369: 25586 us total, 12536 us display, type 5
frame 370: 13792 us total, 12763 us display, type 5
frame 371: 13198 us total, 12334 us display, type 5
frame 372: 13441 us total, 12560 us display, type 5
frame 373: 13036 us total, 12147 us display, type 5
frame 374: 13029 us total, 12141 us display, type 5
frame 375: 13382 us total, 12561 us display, type 5
frame 376: 13205 us total, 12333 us display, type 5
frame 377: 14632 us total, 12718 us display, type 5
frame 378: 13341 us total, 12333 us display, type 5
frame 379: 13454 us total, 12609 us display, type 5
frame 380: 13259 us total, 12327 us display, type 5
frame 381: 13389 us total, 12562 us display, type 5
axes L  -1825 -22896 R     57   -469 T     0     0 level 1, 9 reports in 253 ms
frame 382: 13593 us total, 12322 us display, type 5
frame 383: 12958 us total, 12132 us display, type 5
frame 384: 13464 us total, 12156 us display, type 5
frame 385: 13178 us total, 12321 us display, type 5
frame 386: 13397 us total, 12551 us display, type 5
frame 387: 13236 us total, 12323 us display, type 5
frame 388: 13406 us total, 12565 us display, type 5
frame 389: 13240 us total, 12323 us display, type 5
frame 390: 13380 us total, 12556 us display, type 5
frame 391: 13063 us total, 12149 us display, type 5
frame 392: 12966 us total, 12133 us display, type 5
frame 393: 13398 us total, 12575 us display, type 5
frame 394: 13201 us total, 12314 us display, type 5
frame 395: 13428 us total, 12577 us display, type 5
frame 396: 13187 us total, 12316 us display, type 5
frame 397: 13421 us total, 12563 us display, type 5
frame 398: 13200 us total, 12319 us display, type 5
frame 399: 13329 us total, 12538 us display, type 5
frame 400: 13197 us total, 12286 us display, type 5
frame 401: 12957 us total, 12134 us display, type 5
axes L  -1825 -22896 R     57   -469 T     0     0 level 1, 8 reports in 265 ms
frame 402: 13728 us total, 12582 us display, type 5
frame 403: 13186 us total, 12319 us display, type 5
frame 404: 13425 us total, 12562 us display, type 5
frame 405: 13187 us total, 12318 us display, type 5
frame 406: 13402 us total, 12581 us display, type 5
frame 407: 13181 us total, 12318 us display, type 5
frame 408: 13421 us total, 12563 us display, type 5
frame 409: 12970 us total, 12140 us display, type 5
frame 410: 12821 us total, 11644 us display, type 3
frame 411: 48720 us total, 11850 us display, type 3
frame 412: 44901 us total, 11879 us display, type 3
frame 413: 44261 us total, 11692 us display, type 3
axes L  -1825 -22896 R     57   -469 T     0     0 level 1, 9 reports in 257 ms
frame 414: 44302 us total, 11693 us display, type 3
frame 415: 43419 us total, 11687 us display, type 3
frame 416: 44162 us total, 11686 us display, type 3
frame 417: 44271 us total, 12053 us display, type 3
frame 418: 43091 us total, 11731 us display, type 3
axes L  -1825 -22896 R     57   -469 T     0     0 level 1, 8 reports in 250 ms
frame 419: 44802 us total, 12386 us display, type 3
frame 420: 44257 us total, 11966 us display, type 3
frame 421: 48923 us total, 12540 us display, type 3
frame 422: 48120 us total, 11700 us display, type 3
frame 423: 49804 us total, 11694 us display, type 3
frame 424: 49393 us total, 11693 us display, type 3
axes L  -1825 -22896 R     57   -469 T     0     0 level 1, 4 reports in 254 ms
frame 425: 49075 us total, 11693 us display, type 3
frame 426: 47852 us total, 11790 us display, type 3
frame 427: 45465 us total, 11695 us display, type 3
frame 428: 45794 us total, 11831 us display, type 3
frame 429: 44090 us total, 11854 us display, type 3
axes L  -1825 -22896 R     57   -469 T     0     0 level 1, 0 reports in 262 ms
frame 430: 43620 us total, 11694 us display, type 3
frame 431: 43276 us total, 11692 us display, type 3
frame 432: 43555 us total, 11699 us display, type 3
frame 433: 42869 us total, 11840 us display, type 3
frame 434: 43159 us total, 11837 us display, type 3
frame 435: 42562 us total, 11694 us display, type 3
axes L  -1825 -22896 R     57   -469 T     0     0 level 1, 0 reports in 258 ms
frame 436: 42957 us total, 11687 us display, type 3
frame 437: 42263 us total, 11814 us display, type 3
frame 438: 40267 us total, 12002 us display, type 3
frame 439: 40509 us total, 11693 us display, type 3
frame 440: 40250 us total, 11686 us display, type 3
frame 441: 41792 us total, 11686 us display, type 3
frame 442: 41718 us total, 11694 us display, type 3
axes L  -1825 -22896 R     57   -469 T     0     0 level 1, 0 reports in 259 ms
frame 443: 42131 us total, 11686 us display, type 3
frame 444: 41750 us total, 11848 us display, type 3
frame 445: 36744 us total, 11972 us display, type 3
frame 446: 35460 us total, 11706 us display, type 3
frame 447: 35127 us total, 11686 us display, type 3
frame 448: 34185 us total, 11922 us display, type 3
frame 449: 34767 us total, 11903 us display, type 3
axes L  -1825 -22896 R     57   -469 T     0     0 level 1, 0 reports in 281 ms
frame 450: 33788 us total, 11700 us display, type 3
frame 451: 33311 us total, 11686 us display, type 3
frame 452: 33443 us total, 11922 us display, type 3
frame 453: 33550 us total, 11686 us display, type 3
frame 454: 32868 us total, 11687 us display, type 3
frame 455: 31698 us total, 11738 us display, type 3
frame 456: 31298 us total, 11685 us display, type 3
frame 457: 31104 us total, 11685 us display, type 3
axes L  -1825 -22896 R     57   -469 T     0     0 level 1, 0 reports in 258 ms
frame 458: 31374 us total, 11839 us display, type 3
frame 459: 30602 us total, 11685 us display, type 3
frame 460: 30039 us total, 11692 us display, type 3
frame 461: 29438 us total, 11694 us display, type 3
frame 462: 29267 us total, 11701 us display, type 3
frame 463: 29331 us total, 11686 us display, type 3
frame 464: 28439 us total, 11709 us display, type 3
frame 465: 25847 us total, 11690 us display, type 3
frame 466: 24200 us total, 11691 us display, type 3
axes L  -1825 -22896 R     57   -469 T     0     0 level 1, 0 reports in 251 ms
frame 467: 24067 us total, 11692 us display, type 3
frame 468: 22847 us total, 11691 us display, type 3
frame 469: 22482 us total, 11686 us display, type 3
frame 470: 21965 us total, 11682 us display, type 3
frame 471: 28278 us total, 12360 us display, type 3
frame 472: 28422 us total, 12094 us display, type 3
frame 473: 29725 us total, 12539 us display, type 3
frame 474: 28328 us total, 12064 us display, type 3
frame 475: 28026 us total, 11946 us display, type 3
frame 476: 29120 us total, 11859 us display, type 3
axes L   2189  32767 R     57   -469 T     0     0 level 1, 6 reports in 256 ms
frame 477: 28894 us total, 12044 us display, type 3
frame 478: 29225 us total, 12184 us display, type 3
frame 479: 28077 us total, 11684 us display, type 3
frame 480: 29537 us total, 11691 us display, type 3
frame 481: 29541 us total, 11684 us display, type 3
frame 482: 28705 us total, 11693 us display, type 3
frame 483: 31585 us total, 11698 us display, type 3
frame 484: 29512 us total, 11691 us display, type 3
frame 485: 29792 us total, 11691 us display, type 3
axes L    871  16909 R     57   -469 T     0     0 level 1, 8 reports in 259 ms
frame 486: 30279 us total, 11691 us display, type 3
frame 487: 30674 us total, 11691 us display, type 3
frame 488: 30363 us total, 11885 us display, type 3
frame 489: 30670 us total, 12147 us display, type 3
frame 490: 30114 us total, 11881 us display, type 3
frame 491: 30696 us total, 11737 us display, type 3
frame 492: 30985 us total, 11693 us display, type 3
frame 493: 31730 us total, 11685 us display, type 3
axes L    742  16453 R     57   -469 T     0     0 level 1, 11 reports in 264 ms
frame 494: 32023 us total, 11687 us display, type 3
frame 495: 31640 us total, 11685 us display, type 3
frame 496: 31679 us total, 11692 us display, type 3
frame 497: 32513 us total, 11685 us display, type 3
frame 498: 32850 us total, 11686 us display, type 3
frame 499: 33214 us total, 12114 us display, type 3
frame 500: 32318 us total, 12000 us display, type 3
frame 501: 32801 us total, 12027 us display, type 3
axes L    742  16335 R     57   -469 T     0     0 level 1, 8 reports in 261 ms
frame 502: 34862 us total, 11686 us display, type 3
frame 503: 34077 us total, 11692 us display, type 3
frame 504: 33768 us total, 11685 us display, type 3
frame 505: 34381 us total, 11940 us display, type 3
frame 506: 34166 us total, 11773 us display, type 3
frame 507: 35095 us total, 11938 us display, type 3
frame 508: 34555 us total, 12268 us display, type 3
frame 509: 34946 us total, 11685 us display, type 3
axes L    742  16237 R     57   -469 T     0     0 level 1, 9 reports in 254 ms
frame 510: 35661 us total, 11701 us display, type 3
frame 511: 35615 us total, 11693 us display, type 3
frame 512: 36493 us total, 12231 us display, type 3
mem @frame 512: heap free 66356, largest 40960, min ever 65536, zone free 55016, stack free 14540, uptime 14 s, gamestate 0, demo 0, usergame 1, tic 424
frame 513: 37341 us total, 12324 us display, type 3
frame 514: 36346 us total, 11693 us display, type 3
frame 515: 36973 us total, 11887 us display, type 3
frame 516: 42973 us total, 12444 us display, type 3
axes L    742  16055 R     57   -469 T     0     0 level 1, 10 reports in 290 ms
frame 517: 42651 us total, 12095 us display, type 3
frame 518: 42424 us total, 11694 us display, type 3
frame 519: 42347 us total, 11685 us display, type 3
frame 520: 43319 us total, 12030 us display, type 3
frame 521: 42939 us total, 12017 us display, type 3
frame 522: 43125 us total, 12449 us display, type 3
axes L    742  15936 R     57   -469 T     0     0 level 1, 10 reports in 256 ms
frame 523: 42464 us total, 11971 us display, type 3
frame 524: 42003 us total, 12328 us display, type 3
frame 525: 41033 us total, 11693 us display, type 3
frame 526: 41583 us total, 11973 us display, type 3
frame 527: 41219 us total, 11961 us display, type 3
frame 528: 41098 us total, 11749 us display, type 3
frame 529: 41384 us total, 11686 us display, type 3
axes L    742  15838 R     57   -469 T     0     0 level 1, 10 reports in 270 ms
frame 530: 42999 us total, 12514 us display, type 3
frame 531: 43922 us total, 11687 us display, type 3
frame 532: 44231 us total, 12475 us display, type 3
frame 533: 43785 us total, 11686 us display, type 3
frame 534: 43780 us total, 12040 us display, type 3
frame 535: 43900 us total, 11769 us display, type 3
axes L    742  15740 R     57   -469 T     0     0 level 1, 8 reports in 262 ms
frame 536: 44811 us total, 12401 us display, type 3
frame 537: 43999 us total, 12104 us display, type 3
frame 538: 43777 us total, 11687 us display, type 3
frame 539: 44049 us total, 12353 us display, type 3
frame 540: 44217 us total, 11825 us display, type 3
frame 541: 44343 us total, 12322 us display, type 3
axes L    742  15642 R     57   -469 T     0     0 level 1, 10 reports in 256 ms
frame 542: 44283 us total, 11796 us display, type 3
frame 543: 43530 us total, 11692 us display, type 3
frame 544: 45896 us total, 11699 us display, type 3
frame 545: 46907 us total, 11820 us display, type 3
frame 546: 46492 us total, 12208 us display, type 3
axes L    742  15542 R     57   -469 T     0     0 level 1, 9 reports in 261 ms
frame 547: 46765 us total, 11701 us display, type 3
frame 548: 46675 us total, 12088 us display, type 3
frame 549: 47705 us total, 12293 us display, type 3
frame 550: 49685 us total, 11700 us display, type 3
frame 551: 49700 us total, 11701 us display, type 3
frame 552: 49066 us total, 12043 us display, type 3
axes L    742  15444 R     57   -469 T     0     0 level 1, 9 reports in 255 ms
frame 553: 50792 us total, 11695 us display, type 3
frame 554: 50965 us total, 11693 us display, type 3
frame 555: 49886 us total, 12181 us display, type 3
frame 556: 50553 us total, 11692 us display, type 3
input: down 0x00001
frame 557: 49558 us total, 11693 us display, type 3
axes L    742  15343 R     57   -469 T     0     0 level 1, 9 reports in 251 ms
frame 558: 48322 us total, 12055 us display, type 3
frame 559: 46086 us total, 11693 us display, type 3
frame 560: 46483 us total, 12034 us display, type 3
frame 561: 46524 us total, 12021 us display, type 3
frame 562: 46955 us total, 11693 us display, type 3
axes L    742  15246 R     57   -469 T     0     0 level 1, 10 reports in 268 ms
frame 563: 46964 us total, 11699 us display, type 3
frame 564: 46128 us total, 12522 us display, type 3
frame 565: 45196 us total, 11754 us display, type 3
frame 566: 45144 us total, 12358 us display, type 3
frame 567: 44519 us total, 11792 us display, type 3
frame 568: 43175 us total, 11692 us display, type 3
frame 569: 43458 us total, 11692 us display, type 3
axes L    742  15150 R     57   -469 T     0     0 level 1, 9 reports in 280 ms
frame 570: 45325 us total, 11692 us display, type 3
frame 571: 44661 us total, 11686 us display, type 3
frame 572: 44431 us total, 11692 us display, type 3
frame 573: 43992 us total, 12026 us display, type 3
frame 574: 43769 us total, 12059 us display, type 3
axes L    742  15150 R     57   -469 T     0     0 level 1, 9 reports in 254 ms
frame 575: 44869 us total, 11905 us display, type 3
frame 576: 44107 us total, 12029 us display, type 3
input: down 0x00001
frame 577: 44242 us total, 11694 us display, type 3
frame 578: 44060 us total, 12040 us display, type 3
frame 579: 44144 us total, 11693 us display, type 3
frame 580: 43747 us total, 12027 us display, type 3
axes L    742  15054 R     57   -469 T     0     0 level 1, 9 reports in 265 ms
frame 581: 44704 us total, 11693 us display, type 3
frame 582: 44226 us total, 12311 us display, type 3
frame 583: 43980 us total, 11997 us display, type 3
frame 584: 44437 us total, 12130 us display, type 3
frame 585: 43743 us total, 11810 us display, type 3
frame 586: 44149 us total, 12035 us display, type 3
axes L    742  14955 R     57   -469 T     0     0 level 1, 10 reports in 264 ms
frame 587: 44256 us total, 11790 us display, type 3
frame 588: 44610 us total, 11695 us display, type 3
frame 589: 45351 us total, 11997 us display, type 3
frame 590: 45773 us total, 12502 us display, type 3
frame 591: 44977 us total, 12371 us display, type 3
frame 592: 44287 us total, 11728 us display, type 3
axes L    742  14857 R     57   -469 T     0     0 level 1, 9 reports in 269 ms
frame 593: 44411 us total, 11692 us display, type 3
frame 594: 44825 us total, 11700 us display, type 3
input: down 0x00001
frame 595: 45132 us total, 11692 us display, type 3
frame 596: 44354 us total, 11685 us display, type 3
frame 597: 45158 us total, 11685 us display, type 3
frame 598: 45515 us total, 11693 us display, type 3
axes L    742  14857 R     57   -469 T     0     0 level 1, 10 reports in 269 ms
frame 599: 44680 us total, 11685 us display, type 3
frame 600: 45925 us total, 11889 us display, type 3
frame 601: 44482 us total, 11692 us display, type 3
frame 602: 44588 us total, 11685 us display, type 3
frame 603: 45122 us total, 11692 us display, type 3
frame 604: 44568 us total, 11687 us display, type 3
axes L    742  14757 R     57   -469 T     0     0 level 1, 10 reports in 269 ms
frame 605: 45070 us total, 11693 us display, type 3
frame 606: 44303 us total, 11685 us display, type 3
frame 607: 45259 us total, 11696 us display, type 3
frame 608: 44144 us total, 11699 us display, type 3
frame 609: 44977 us total, 11692 us display, type 3
frame 610: 44813 us total, 12535 us display, type 3
axes L    742  14660 R     57   -469 T     0     0 level 1, 9 reports in 268 ms
frame 611: 45239 us total, 11692 us display, type 3
frame 612: 45079 us total, 11692 us display, type 3
input: down 0x00001
frame 613: 45487 us total, 11685 us display, type 3
frame 614: 44677 us total, 11685 us display, type 3
frame 615: 45217 us total, 11692 us display, type 3
frame 616: 44449 us total, 11692 us display, type 3
frame 617: 45090 us total, 11693 us display, type 3
axes L    742  14660 R     57   -469 T     0     0 level 1, 10 reports in 282 ms
frame 618: 45469 us total, 11692 us display, type 3
frame 619: 45460 us total, 11693 us display, type 3
frame 620: 45487 us total, 11689 us display, type 3
frame 621: 44588 us total, 11692 us display, type 3
frame 622: 44773 us total, 11692 us display, type 3
axes L    742  14559 R     57   -469 T     0     0 level 1, 9 reports in 258 ms
frame 623: 45356 us total, 11692 us display, type 3
frame 624: 45085 us total, 11685 us display, type 3
frame 625: 44585 us total, 11693 us display, type 3
frame 626: 45435 us total, 11686 us display, type 3
frame 627: 44210 us total, 11685 us display, type 3
frame 628: 44857 us total, 11686 us display, type 3
frame 629: 44681 us total, 11692 us display, type 3
axes L    742  14463 R     57   -469 T     0     0 level 1, 10 reports in 281 ms
frame 630: 44996 us total, 11693 us display, type 3
frame 631: 44797 us total, 12526 us display, type 3
frame 632: 44736 us total, 11685 us display, type 3
frame 633: 44976 us total, 12527 us display, type 3
frame 634: 44403 us total, 12032 us display, type 3
axes L    742  14463 R     57   -469 T     0     0 level 1, 8 reports in 255 ms
frame 635: 45482 us total, 12544 us display, type 3
frame 636: 44977 us total, 12545 us display, type 3
frame 637: 45111 us total, 12548 us display, type 3
frame 638: 44511 us total, 12037 us display, type 3
frame 639: 45498 us total, 12533 us display, type 3
frame 640: 44547 us total, 12031 us display, type 3
axes L    742  14366 R     57   -469 T     0     0 level 1, 10 reports in 269 ms
frame 641: 44616 us total, 12055 us display, type 3
frame 642: 44487 us total, 11698 us display, type 3
frame 643: 44343 us total, 12120 us display, type 3
frame 644: 44252 us total, 11745 us display, type 3
frame 645: 44997 us total, 11848 us display, type 3
frame 646: 45042 us total, 11694 us display, type 3
axes L    742  14270 R     57   -469 T     0     0 level 1, 10 reports in 267 ms
frame 647: 44779 us total, 12027 us display, type 3
frame 648: 44247 us total, 11865 us display, type 3
frame 649: 44908 us total, 12024 us display, type 3
frame 650: 44163 us total, 11813 us display, type 3
frame 651: 44911 us total, 12025 us display, type 3
frame 652: 44141 us total, 11783 us display, type 3
axes L    742  14270 R     57   -469 T     0     0 level 1, 9 reports in 267 ms
frame 653: 45133 us total, 12053 us display, type 3
frame 654: 44593 us total, 12410 us display, type 3
frame 655: 44359 us total, 11794 us display, type 3
frame 656: 44022 us total, 12018 us display, type 3
frame 657: 44120 us total, 11880 us display, type 3
frame 658: 44787 us total, 12220 us display, type 3
axes L    742  14170 R     57   -469 T     0     0 level 1, 10 reports in 266 ms
frame 659: 44281 us total, 11975 us display, type 3
frame 660: 44562 us total, 12320 us display, type 3
frame 661: 43953 us total, 11791 us display, type 3
frame 662: 44486 us total, 11905 us display, type 3
frame 663: 43773 us total, 11697 us display, type 3
frame 664: 44521 us total, 11685 us display, type 3
axes L    742  14074 R     57   -469 T     0     0 level 1, 9 reports in 266 ms
frame 665: 45110 us total, 11692 us display, type 3
frame 666: 44001 us total, 11692 us display, type 3
frame 667: 44449 us total, 11692 us display, type 3
frame 668: 44038 us total, 12031 us display, type 3
frame 669: 44640 us total, 12057 us display, type 3
frame 670: 44652 us total, 12204 us display, type 3
axes L    742  13977 R     57   -469 T     0     0 level 1, 9 reports in 266 ms
frame 671: 45475 us total, 12024 us display, type 3
frame 672: 44566 us total, 12069 us display, type 3
frame 673: 44640 us total, 11693 us display, type 3
frame 674: 45318 us total, 12518 us display, type 3
frame 675: 44590 us total, 11701 us display, type 3
frame 676: 45410 us total, 12347 us display, type 3
frame 677: 44733 us total, 11700 us display, type 3
axes L    742  13977 R     57   -469 T     0     0 level 1, 9 reports in 282 ms
frame 678: 45517 us total, 12062 us display, type 3
frame 679: 44833 us total, 12055 us display, type 3
frame 680: 44383 us total, 11693 us display, type 3
frame 681: 45038 us total, 12062 us display, type 3
frame 682: 44127 us total, 11693 us display, type 3
axes L    742  13878 R     57   -469 T     0     0 level 1, 9 reports in 256 ms
frame 683: 45541 us total, 12054 us display, type 3
frame 684: 44383 us total, 11694 us display, type 3
frame 685: 44836 us total, 12033 us display, type 3
frame 686: 44274 us total, 11700 us display, type 3
frame 687: 45453 us total, 12209 us display, type 3
frame 688: 44546 us total, 11701 us display, type 3
axes L    742  13778 R     57   -469 T     0     0 level 1, 9 reports in 268 ms
frame 689: 45476 us total, 12237 us display, type 3
frame 690: 45194 us total, 11960 us display, type 3
frame 691: 44794 us total, 12120 us display, type 3
frame 692: 44981 us total, 12093 us display, type 3
frame 693: 44284 us total, 11816 us display, type 3
frame 694: 45143 us total, 12030 us display, type 3
axes L    742  13681 R     57   -469 T     0     0 level 1, 10 reports in 269 ms
frame 695: 44851 us total, 11828 us display, type 3
frame 696: 45719 us total, 12520 us display, type 3
frame 697: 44576 us total, 11693 us display, type 3
frame 698: 44586 us total, 12026 us display, type 3
frame 699: 44708 us total, 11687 us display, type 3
frame 700: 45426 us total, 11886 us display, type 3
axes L    742  13582 R     57   -469 T     0     0 level 1, 9 reports in 270 ms
frame 701: 45720 us total, 12375 us display, type 3
frame 702: 45203 us total, 11937 us display, type 3
frame 703: 44957 us total, 12025 us display, type 3
frame 704: 44603 us total, 11689 us display, type 3
frame 705: 44626 us total, 12031 us display, type 3
frame 706: 45618 us total, 12519 us display, type 3
axes L    742  13486 R     57   -469 T     0     0 level 1, 10 reports in 270 ms
frame 707: 44844 us total, 11686 us display, type 3
frame 708: 45148 us total, 12343 us display, type 3
frame 709: 45203 us total, 11935 us display, type 3
frame 710: 44797 us total, 12207 us display, type 3
frame 711: 44323 us total, 11697 us display, type 3
frame 712: 44754 us total, 12351 us display, type 3
axes L    742  13387 R     57   -469 T     0     0 level 1, 9 reports in 269 ms
frame 713: 45201 us total, 11995 us display, type 3
frame 714: 44804 us total, 12340 us display, type 3
frame 715: 44607 us total, 11693 us display, type 3
frame 716: 44671 us total, 12024 us display, type 3
frame 717: 44203 us total, 11694 us display, type 3
frame 718: 44802 us total, 12018 us display, type 3
frame 719: 44371 us total, 11687 us display, type 3
axes L    742  13297 R     57   -469 T     0     0 level 1, 9 reports in 280 ms
frame 720: 44882 us total, 12039 us display, type 3
frame 721: 43999 us total, 11697 us display, type 3
frame 722: 45079 us total, 12035 us display, type 3
frame 723: 44396 us total, 11693 us display, type 3
frame 724: 44549 us total, 12010 us display, type 3
axes L    742  13288 R     57   -469 T     0     0 level 1, 9 reports in 255 ms
frame 725: 45634 us total, 12309 us display, type 3
frame 726: 44353 us total, 11747 us display, type 3
frame 727: 44836 us total, 12006 us display, type 3
frame 728: 44528 us total, 11686 us display, type 3
frame 729: 45419 us total, 12493 us display, type 3
frame 730: 44507 us total, 11686 us display, type 3
axes L    742  13101 R     57   -469 T     0     0 level 1, 10 reports in 268 ms
frame 731: 44821 us total, 11771 us display, type 3
frame 732: 45027 us total, 12192 us display, type 3
frame 733: 44096 us total, 11686 us display, type 3
frame 734: 45628 us total, 12458 us display, type 3
frame 735: 44265 us total, 11726 us display, type 3
frame 736: 45084 us total, 12339 us display, type 3
axes L    742  13092 R     57   -469 T     0     0 level 1, 9 reports in 268 ms
frame 737: 45294 us total, 12305 us display, type 3
frame 738: 44682 us total, 11686 us display, type 3
frame 739: 45105 us total, 12342 us display, type 3
frame 740: 44408 us total, 11797 us display, type 3
frame 741: 45609 us total, 12340 us display, type 3
frame 742: 44424 us total, 11775 us display, type 3
axes L    742  12899 R     57   -469 T     0     0 level 1, 10 reports in 270 ms
frame 743: 45406 us total, 11743 us display, type 3
frame 744: 44899 us total, 12322 us display, type 3
frame 745: 44690 us total, 11814 us display, type 3
frame 746: 45228 us total, 12498 us display, type 3
frame 747: 44505 us total, 11802 us display, type 3
frame 748: 44699 us total, 11922 us display, type 3
frame 749: 44347 us total, 11692 us display, type 3
axes L    742  12797 R     57   -469 T     0     0 level 1, 9 reports in 281 ms
frame 750: 45526 us total, 12242 us display, type 3
frame 751: 44693 us total, 11693 us display, type 3
frame 752: 45308 us total, 12516 us display, type 3
frame 753: 45218 us total, 11808 us display, type 3
frame 754: 44790 us total, 11942 us display, type 3
axes L    742  12699 R     57   -469 T     0     0 level 1, 9 reports in 257 ms
frame 755: 45217 us total, 11928 us display, type 3
frame 756: 44203 us total, 11692 us display, type 3
frame 757: 45590 us total, 12442 us display, type 3
frame 758: 44367 us total, 11685 us display, type 3
frame 759: 44189 us total, 11699 us display, type 3
frame 760: 46394 us total, 12457 us display, type 3
axes L    742  12591 R     57   -469 T     0     0 level 1, 10 reports in 269 ms
frame 761: 44700 us total, 11694 us display, type 3
frame 762: 44381 us total, 11686 us display, type 3
frame 763: 45215 us total, 11818 us display, type 3
frame 764: 45745 us total, 12461 us display, type 3
frame 765: 44612 us total, 11694 us display, type 3
frame 766: 45565 us total, 11870 us display, type 3
axes L    742  12489 R     57   -469 T     0     0 level 1, 9 reports in 270 ms
frame 767: 45740 us total, 12404 us display, type 3
frame 768: 44493 us total, 11792 us display, type 3
mem @frame 768: heap free 66356, largest 40960, min ever 65536, zone free 55016, stack free 14540, uptime 26 s, gamestate 0, demo 0, usergame 1, tic 825
frame 769: 46400 us total, 12495 us display, type 3
frame 770: 44579 us total, 11686 us display, type 3
frame 771: 44988 us total, 12349 us display, type 3
frame 772: 45007 us total, 11686 us display, type 3
axes L    742  12393 R     57   -469 T     0     0 level 1, 10 reports in 271 ms
frame 773: 45231 us total, 11693 us display, type 3
frame 774: 45203 us total, 12496 us display, type 3
frame 775: 44265 us total, 11755 us display, type 3
frame 776: 45738 us total, 12391 us display, type 3
frame 777: 44439 us total, 11686 us display, type 3
frame 778: 45200 us total, 12341 us display, type 3
axes L    742  12309 R     57   -469 T     0     0 level 1, 9 reports in 270 ms
frame 779: 46284 us total, 12491 us display, type 3
frame 780: 44426 us total, 11687 us display, type 3
frame 781: 44951 us total, 12186 us display, type 3
frame 782: 44255 us total, 11687 us display, type 3
frame 783: 45442 us total, 12271 us display, type 3
frame 784: 44482 us total, 11693 us display, type 3
axes L    742  12211 R     57   -469 T     0     0 level 1, 10 reports in 269 ms
frame 785: 45714 us total, 11778 us display, type 3
frame 786: 45051 us total, 12208 us display, type 3
frame 787: 44325 us total, 11688 us display, type 3
frame 788: 45198 us total, 12332 us display, type 3
frame 789: 44496 us total, 11696 us display, type 3
frame 790: 45283 us total, 12331 us display, type 3
axes L    742  12196 R     57   -469 T     0     0 level 1, 9 reports in 269 ms
frame 791: 45514 us total, 12176 us display, type 3
frame 792: 44776 us total, 11694 us display, type 3
frame 793: 45020 us total, 11694 us display, type 3
frame 794: 44816 us total, 12340 us display, type 3
frame 795: 44755 us total, 11687 us display, type 3
frame 796: 44818 us total, 12326 us display, type 3
axes L    742  12095 R     57   -469 T     0     0 level 1, 10 reports in 269 ms
frame 797: 45039 us total, 11773 us display, type 3
frame 798: 45406 us total, 12335 us display, type 3
frame 799: 44592 us total, 11732 us display, type 3
frame 800: 45000 us total, 11783 us display, type 3
frame 801: 44904 us total, 12332 us display, type 3
frame 802: 44703 us total, 11799 us display, type 3
frame 803: 44318 us total, 11894 us display, type 3
axes L    742  11998 R     57   -469 T     0     0 level 1, 10 reports in 281 ms
frame 804: 45154 us total, 11810 us display, type 3
frame 805: 44818 us total, 12231 us display, type 3
frame 806: 44261 us total, 11725 us display, type 3
frame 807: 45004 us total, 11798 us display, type 3
frame 808: 44348 us total, 11692 us display, type 3
axes L    742  11901 R     57   -469 T     0     0 level 1, 9 reports in 256 ms
frame 809: 45658 us total, 11767 us display, type 3
frame 810: 44376 us total, 11700 us display, type 3
frame 811: 45692 us total, 11685 us display, type 3
frame 812: 44364 us total, 11693 us display, type 3
frame 813: 45206 us total, 11692 us display, type 3
frame 814: 45141 us total, 11686 us display, type 3
axes L    742  11804 R     57   -469 T     0     0 level 1, 9 reports in 270 ms
frame 815: 45960 us total, 12202 us display, type 3
frame 816: 44607 us total, 11693 us display, type 3
frame 817: 44597 us total, 11693 us display, type 3
frame 818: 45372 us total, 11697 us display, type 3
frame 819: 44408 us total, 11685 us display, type 3
frame 820: 45065 us total, 11685 us display, type 3
axes L    742  11725 R     57   -469 T     0     0 level 1, 10 reports in 270 ms
frame 821: 46132 us total, 11896 us display, type 3
frame 822: 44786 us total, 12213 us display, type 3
frame 823: 44810 us total, 11700 us display, type 3
frame 824: 44284 us total, 11686 us display, type 3
frame 825: 45366 us total, 11692 us display, type 3
frame 826: 44517 us total, 11692 us display, type 3
axes L    742  11704 R     57   -469 T     0     0 level 1, 9 reports in 269 ms
frame 827: 45621 us total, 11699 us display, type 3
frame 828: 44517 us total, 11688 us display, type 3
frame 829: 45302 us total, 11685 us display, type 3
frame 830: 45607 us total, 12285 us display, type 3
frame 831: 44423 us total, 11692 us display, type 3
frame 832: 44344 us total, 11693 us display, type 3
axes L    742  11607 R     57   -469 T     0     0 level 1, 9 reports in 270 ms
frame 833: 45900 us total, 11694 us display, type 3
frame 834: 44175 us total, 11693 us display, type 3
frame 835: 45419 us total, 11768 us display, type 3
frame 836: 44560 us total, 11693 us display, type 3
frame 837: 46190 us total, 12333 us display, type 3
frame 838: 44939 us total, 12311 us display, type 3
axes L    742  11511 R     57   -469 T     0     0 level 1, 10 reports in 269 ms
frame 839: 44691 us total, 11700 us display, type 3
frame 840: 45353 us total, 12184 us display, type 3
frame 841: 44386 us total, 11686 us display, type 3
frame 842: 45577 us total, 12339 us display, type 3
frame 843: 44410 us total, 11685 us display, type 3
frame 844: 44670 us total, 11685 us display, type 3
axes L    742  11511 R     57   -469 T     0     0 level 1, 9 reports in 270 ms
frame 845: 45701 us total, 11693 us display, type 3
frame 846: 45261 us total, 12404 us display, type 3
frame 847: 44974 us total, 12221 us display, type 3
frame 848: 44288 us total, 11837 us display, type 3
frame 849: 45739 us total, 12522 us display, type 3
frame 850: 44235 us total, 11969 us display, type 3
axes L    742  11414 R     57   -469 T     0     0 level 1, 9 reports in 269 ms
frame 851: 44664 us total, 11693 us display, type 3
frame 852: 45008 us total, 11693 us display, type 3
frame 853: 44705 us total, 11692 us display, type 3
frame 854: 45276 us total, 11692 us display, type 3
frame 855: 45403 us total, 11692 us display, type 3
frame 856: 44804 us total, 11686 us display, type 3
frame 857: 45150 us total, 11816 us display, type 3
axes L    742  11318 R     57   -469 T     0     0 level 1, 10 reports in 283 ms
frame 858: 45732 us total, 12515 us display, type 3
frame 859: 44790 us total, 11693 us display, type 3
frame 860: 44358 us total, 11686 us display, type 3
frame 861: 45665 us total, 11700 us display, type 3
frame 862: 45191 us total, 12512 us display, type 3
axes L    742  11240 R     57   -469 T     0     0 level 1, 9 reports in 258 ms
frame 863: 45209 us total, 11904 us display, type 3
frame 864: 44808 us total, 11989 us display, type 3
frame 865: 44977 us total, 11927 us display, type 3
frame 866: 44608 us total, 11693 us display, type 3
frame 867: 45419 us total, 12515 us display, type 3
frame 868: 45180 us total, 11874 us display, type 3
frame 869: 44807 us total, 12157 us display, type 3
axes L    742  11221 R     57   -469 T     0     0 level 1, 10 reports in 282 ms
frame 870: 44871 us total, 11700 us display, type 3
frame 871: 45148 us total, 12299 us display, type 3
frame 872: 44577 us total, 11692 us display, type 3
frame 873: 45415 us total, 12508 us display, type 3
frame 874: 44578 us total, 11693 us display, type 3
axes L    742  11122 R     57   -469 T     0     0 level 1, 9 reports in 257 ms
frame 875: 45736 us total, 11801 us display, type 3
frame 876: 44669 us total, 12152 us display, type 3
frame 877: 44482 us total, 11692 us display, type 3
frame 878: 45533 us total, 12497 us display, type 3
frame 879: 44577 us total, 11699 us display, type 3
frame 880: 45419 us total, 12121 us display, type 3
axes L    742  11122 R     57   -469 T     0     0 level 1, 9 reports in 269 ms
frame 881: 44820 us total, 11694 us display, type 3
frame 882: 45178 us total, 12273 us display, type 3
frame 883: 44334 us total, 11685 us display, type 3
frame 884: 44765 us total, 11692 us display, type 3
frame 885: 45872 us total, 12365 us display, type 3
frame 886: 44588 us total, 11693 us display, type 3
axes L    742  11025 R     57   -469 T     0     0 level 1, 9 reports in 270 ms
frame 887: 45637 us total, 11909 us display, type 3
frame 888: 44237 us total, 11692 us display, type 3
frame 889: 44509 us total, 11700 us display, type 3
frame 890: 45304 us total, 11796 us display, type 3
frame 891: 45004 us total, 11833 us display, type 3
frame 892: 45051 us total, 11693 us display, type 3
axes L    742  11025 R     57   -469 T     0     0 level 1, 9 reports in 269 ms
frame 893: 45713 us total, 12143 us display, type 3
frame 894: 44842 us total, 11693 us display, type 3
frame 895: 44275 us total, 11686 us display, type 3
frame 896: 45138 us total, 11760 us display, type 3
frame 897: 44471 us total, 11692 us display, type 3
frame 898: 45530 us total, 11716 us display, type 3
axes L    742  10927 R     57   -469 T     0     0 level 1, 9 reports in 269 ms
frame 899: 45746 us total, 12150 us display, type 3
frame 900: 44304 us total, 11690 us display, type 3
frame 901: 44563 us total, 11692 us display, type 3
frame 902: 45364 us total, 11839 us display, type 3
frame 903: 44876 us total, 11685 us display, type 3
frame 904: 45170 us total, 11692 us display, type 3
axes L    742  10849 R     57   -469 T     0     0 level 1, 10 reports in 270 ms
frame 905: 45923 us total, 11804 us display, type 3
frame 906: 45711 us total, 12458 us display, type 3
frame 907: 44443 us total, 11809 us display, type 3
frame 908: 44682 us total, 11910 us display, type 3
frame 909: 44427 us total, 11692 us display, type 3
frame 910: 45523 us total, 12405 us display, type 3
axes L    742  10830 R     57   -469 T     0     0 level 1, 9 reports in 269 ms
frame 911: 44793 us total, 11701 us display, type 3
frame 912: 45207 us total, 12134 us display, type 3
frame 913: 44738 us total, 11693 us display, type 3
frame 914: 44264 us total, 11686 us display, type 3
frame 915: 45326 us total, 11685 us display, type 3
frame 916: 44563 us total, 11693 us display, type 3
axes L    742  10751 R     57   -469 T     0     0 level 1, 9 reports in 270 ms
frame 917: 45949 us total, 11693 us display, type 3
frame 918: 45342 us total, 11886 us display, type 3
frame 919: 45735 us total, 12516 us display, type 3
frame 920: 44741 us total, 11798 us display, type 3
frame 921: 44584 us total, 11920 us display, type 3
frame 922: 44941 us total, 11935 us display, type 3
frame 923: 44806 us total, 12255 us display, type 3
axes L    742  10733 R     57   -469 T     0     0 level 1, 10 reports in 282 ms
frame 924: 45223 us total, 11792 us display, type 3
frame 925: 45020 us total, 11916 us display, type 3
frame 926: 44768 us total, 12025 us display, type 3
frame 927: 44406 us total, 11685 us display, type 3
frame 928: 44313 us total, 11699 us display, type 3
axes L    742  10636 R     57   -469 T     0     0 level 1, 9 reports in 256 ms
frame 929: 45863 us total, 11695 us display, type 3
frame 930: 44260 us total, 11692 us display, type 3
frame 931: 45761 us total, 11693 us display, type 3
frame 932: 45399 us total, 12276 us display, type 3
frame 933: 44268 us total, 11703 us display, type 3
frame 934: 44404 us total, 11692 us display, type 3
axes L    742  10636 R     57   -469 T     0     0 level 1, 9 reports in 269 ms
frame 935: 46296 us total, 12425 us display, type 3
frame 936: 44612 us total, 11698 us display, type 3
frame 937: 44331 us total, 11693 us display, type 3
frame 938: 46090 us total, 12278 us display, type 3
frame 939: 44290 us total, 11693 us display, type 3
frame 940: 44363 us total, 11697 us display, type 3
axes L    742  10539 R     57   -469 T     0     0 level 1, 10 reports in 270 ms
frame 941: 45615 us total, 11706 us display, type 3
frame 942: 44047 us total, 11691 us display, type 3
frame 943: 45495 us total, 11692 us display, type 3
frame 944: 44866 us total, 11692 us display, type 3
frame 945: 45160 us total, 11692 us display, type 3
frame 946: 44718 us total, 11692 us display, type 3
axes L    742  10462 R     57   -469 T     0     0 level 1, 9 reports in 269 ms
frame 947: 45709 us total, 11848 us display, type 3
frame 948: 45189 us total, 11692 us display, type 3
frame 949: 43940 us total, 11686 us display, type 3
frame 950: 45863 us total, 12000 us display, type 3
frame 951: 44643 us total, 11693 us display, type 3
frame 952: 45368 us total, 11887 us display, type 3
axes L    742  10442 R     57   -469 T     0     0 level 1, 9 reports in 269 ms
frame 953: 44826 us total, 11692 us display, type 3
frame 954: 45281 us total, 11685 us display, type 3
frame 955: 45203 us total, 11699 us display, type 3
frame 956: 44449 us total, 11686 us display, type 3
frame 957: 46097 us total, 11928 us display, type 3
frame 958: 44385 us total, 11692 us display, type 3
axes L    742  10346 R     57   -469 T     0     0 level 1, 10 reports in 270 ms
frame 959: 45494 us total, 12344 us display, type 3
frame 960: 44653 us total, 11697 us display, type 3
frame 961: 44228 us total, 11692 us display, type 3
frame 962: 45550 us total, 11692 us display, type 3
frame 963: 44689 us total, 11686 us display, type 3
frame 964: 45491 us total, 11694 us display, type 3
axes L    742  10266 R     57   -469 T     0     0 level 1, 9 reports in 270 ms
frame 965: 45393 us total, 12338 us display, type 3
frame 966: 44958 us total, 12196 us display, type 3
frame 967: 44764 us total, 11695 us display, type 3
frame 968: 44311 us total, 11686 us display, type 3
frame 969: 45776 us total, 11693 us display, type 3
frame 970: 45172 us total, 12306 us display, type 3
axes L    742  10250 R     57   -469 T     0     0 level 1, 10 reports in 270 ms
frame 971: 45205 us total, 11995 us display, type 3
frame 972: 44809 us total, 12164 us display, type 3
frame 973: 44549 us total, 11692 us display, type 3
frame 974: 45105 us total, 11694 us display, type 3
frame 975: 44851 us total, 11694 us display, type 3
frame 976: 45499 us total, 12210 us display, type 3
frame 977: 44243 us total, 11701 us display, type 3
axes L    742  10150 R     57   -469 T     0     0 level 1, 10 reports in 282 ms
frame 978: 45755 us total, 12406 us display, type 3
frame 979: 44668 us total, 11694 us display, type 3
frame 980: 44233 us total, 11692 us display, type 3
frame 981: 45515 us total, 11692 us display, type 3
frame 982: 44681 us total, 11686 us display, type 3
axes L    742  10070 R     57   -469 T     0     0 level 1, 9 reports in 257 ms
frame 983: 46090 us total, 11991 us display, type 3
frame 984: 44796 us total, 12332 us display, type 3
frame 985: 44630 us total, 11693 us display, type 3
frame 986: 45381 us total, 12384 us display, type 3
frame 987: 44272 us total, 11751 us display, type 3
frame 988: 44863 us total, 11686 us display, type 3
frame 989: 45287 us total, 11692 us display, type 3
axes L    742  10048 R     57   -469 T     0     0 level 1, 9 reports in 282 ms
frame 990: 45545 us total, 12408 us display, type 3
frame 991: 44382 us total, 11686 us display, type 3
frame 992: 44278 us total, 11692 us display, type 3
frame 993: 45150 us total, 11693 us display, type 3
frame 994: 44399 us total, 11685 us display, type 3
axes L    742   9952 R     57   -469 T     0     0 level 1, 9 reports in 257 ms
frame 995: 46089 us total, 11776 us display, type 3
frame 996: 43952 us total, 11685 us display, type 3
frame 997: 45366 us total, 11694 us display, type 3
frame 998: 44548 us total, 11686 us display, type 3
frame 999: 45303 us total, 11692 us display, type 3
frame 1000: 45337 us total, 11693 us display, type 3
axes L    742   9877 R     57   -469 T     0     0 level 1, 9 reports in 269 ms
frame 1001: 46205 us total, 12522 us display, type 3
frame 1002: 43781 us total, 11692 us display, type 3
frame 1003: 44819 us total, 11700 us display, type 3
frame 1004: 45235 us total, 11692 us display, type 3
frame 1005: 44698 us total, 11695 us display, type 3
frame 1006: 45297 us total, 11693 us display, type 3
axes L    742   9855 R     57   -469 T     0     0 level 1, 9 reports in 269 ms
frame 1007: 45225 us total, 11686 us display, type 3
frame 1008: 45930 us total, 12393 us display, type 3
frame 1009: 44308 us total, 11810 us display, type 3
frame 1010: 43969 us total, 11692 us display, type 3
frame 1011: 45453 us total, 11692 us display, type 3
frame 1012: 45053 us total, 11693 us display, type 3
axes L    742   9758 R     57   -469 T     0     0 level 1, 10 reports in 269 ms
frame 1013: 44798 us total, 11692 us display, type 3
frame 1014: 45724 us total, 11970 us display, type 3
frame 1015: 43913 us total, 11686 us display, type 3
frame 1016: 45270 us total, 11692 us display, type 3
frame 1017: 45074 us total, 11692 us display, type 3
frame 1018: 45001 us total, 11691 us display, type 3
axes L    742   9657 R     57   -469 T     0     0 level 1, 10 reports in 270 ms
frame 1019: 45731 us total, 11790 us display, type 3
frame 1020: 45751 us total, 12518 us display, type 3
frame 1021: 44572 us total, 11699 us display, type 3
frame 1022: 44202 us total, 11693 us display, type 3
frame 1023: 45487 us total, 11756 us display, type 3
frame 1024: 44537 us total, 11695 us display, type 3
mem @frame 1024: heap free 66356, largest 40960, min ever 65536, zone free 55016, stack free 14540, uptime 37 s, gamestate 0, demo 0, usergame 1, tic 1228
axes L    742   9582 R     57   -469 T     0     0 level 1, 9 reports in 271 ms
frame 1025: 46966 us total, 11807 us display, type 3
frame 1026: 45453 us total, 12342 us display, type 3
frame 1027: 44516 us total, 11807 us display, type 3
frame 1028: 45185 us total, 12460 us display, type 3
frame 1029: 44276 us total, 11781 us display, type 3
frame 1030: 44897 us total, 11931 us display, type 3
axes L    742   9560 R     57   -469 T     0     0 level 1, 9 reports in 269 ms
frame 1031: 45096 us total, 11977 us display, type 3
frame 1032: 44808 us total, 12116 us display, type 3
frame 1033: 45113 us total, 11927 us display, type 3
frame 1034: 44857 us total, 12385 us display, type 3
frame 1035: 44577 us total, 11692 us display, type 3
frame 1036: 44185 us total, 11693 us display, type 3
axes L    742   9461 R     57   -469 T     0     0 level 1, 10 reports in 269 ms
frame 1037: 45887 us total, 11693 us display, type 3
frame 1038: 44331 us total, 11699 us display, type 3
frame 1039: 45672 us total, 11693 us display, type 3
frame 1040: 45376 us total, 12482 us display, type 3
frame 1041: 45007 us total, 12466 us display, type 3
frame 1042: 44595 us total, 11694 us display, type 3
frame 1043: 44501 us total, 11686 us display, type 3
axes L    742   9364 R     57   -469 T     0     0 level 1, 10 reports in 283 ms
frame 1044: 45631 us total, 11693 us display, type 3
frame 1045: 45276 us total, 12500 us display, type 3
frame 1046: 44839 us total, 11694 us display, type 3
frame 1047: 45158 us total, 12414 us display, type 3
frame 1048: 44256 us total, 11777 us display, type 3
axes L    742   9290 R     57   -469 T     0     0 level 1, 8 reports in 256 ms
frame 1049: 45741 us total, 12421 us display, type 3
frame 1050: 44297 us total, 11693 us display, type 3
frame 1051: 44600 us total, 11693 us display, type 3
frame 1052: 45534 us total, 11692 us display, type 3
frame 1053: 44454 us total, 11693 us display, type 3
frame 1054: 45381 us total, 11685 us display, type 3
axes L    742   9268 R     57   -469 T     0     0 level 1, 9 reports in 269 ms
frame 1055: 44579 us total, 11692 us display, type 3
frame 1056: 45427 us total, 11685 us display, type 3
frame 1057: 44234 us total, 11696 us display, type 3
frame 1058: 45749 us total, 11798 us display, type 3
frame 1059: 44264 us total, 11692 us display, type 3
frame 1060: 45071 us total, 11692 us display, type 3
axes L    742   9167 R     57   -469 T     0     0 level 1, 9 reports in 269 ms
frame 1061: 45211 us total, 11696 us display, type 3
frame 1062: 45438 us total, 11860 us display, type 3
frame 1063: 44495 us total, 11692 us display, type 3
frame 1064: 45131 us total, 11700 us display, type 3
frame 1065: 46102 us total, 11911 us display, type 3
frame 1066: 44434 us total, 11686 us display, type 3
axes L    742   9070 R     57   -469 T     0     0 level 1, 10 reports in 270 ms
frame 1067: 44562 us total, 11692 us display, type 3
frame 1068: 45435 us total, 11686 us display, type 3
frame 1069: 44303 us total, 11692 us display, type 3
frame 1070: 45556 us total, 11825 us display, type 3
frame 1071: 45249 us total, 11696 us display, type 3
frame 1072: 44484 us total, 11685 us display, type 3
axes L    742   8970 R     57   -469 T     0     0 level 1, 10 reports in 270 ms
frame 1073: 45766 us total, 11694 us display, type 3
frame 1074: 44182 us total, 11699 us display, type 3
frame 1075: 45490 us total, 11692 us display, type 3
frame 1076: 44219 us total, 11699 us display, type 3
frame 1077: 45850 us total, 11700 us display, type 3
frame 1078: 44491 us total, 11686 us display, type 3
axes L    742   8970 R     57   -469 T     0     0 level 1, 9 reports in 269 ms
frame 1079: 45978 us total, 12172 us display, type 3
frame 1080: 44569 us total, 11692 us display, type 3
frame 1081: 45007 us total, 11692 us display, type 3
frame 1082: 44405 us total, 11699 us display, type 3
frame 1083: 45298 us total, 11876 us display, type 3
frame 1084: 45758 us total, 12434 us display, type 3
axes L    742   8874 R     57   -469 T     0     0 level 1, 10 reports in 270 ms
frame 1085: 44862 us total, 11701 us display, type 3
frame 1086: 45131 us total, 12502 us display, type 3
frame 1087: 44748 us total, 11694 us display, type 3
frame 1088: 44324 us total, 11686 us display, type 3
frame 1089: 45363 us total, 11692 us display, type 3
frame 1090: 44542 us total, 11686 us display, type 3
axes L    742   8775 R     57   -469 T     0     0 level 1, 9 reports in 269 ms
frame 1091: 45799 us total, 11693 us display, type 3
frame 1092: 45231 us total, 12471 us display, type 3
frame 1093: 44332 us total, 11685 us display, type 3
frame 1094: 44623 us total, 11692 us display, type 3
frame 1095: 45303 us total, 11977 us display, type 3
frame 1096: 45743 us total, 12516 us display, type 3
frame 1097: 44928 us total, 12338 us display, type 3
axes L    742   8698 R     57   -469 T     0     0 level 1, 10 reports in 282 ms
frame 1098: 44800 us total, 11693 us display, type 3
frame 1099: 45272 us total, 12422 us display, type 3
frame 1100: 44464 us total, 11693 us display, type 3
frame 1101: 43627 us total, 11689 us display, type 3
frame 1102: 44509 us total, 11692 us display, type 3
axes L    742   8678 R     57   -469 T     0     0 level 1, 8 reports in 254 ms
frame 1103: 44826 us total, 11692 us display, type 3
frame 1104: 44682 us total, 11686 us display, type 3
frame 1105: 44210 us total, 11685 us display, type 3
frame 1106: 44836 us total, 11692 us display, type 3
frame 1107: 45038 us total, 12527 us display, type 3
frame 1108: 44279 us total, 12027 us display, type 3
axes L    742   8579 R     57   -469 T     0     0 level 1, 9 reports in 267 ms
frame 1109: 44968 us total, 12052 us display, type 3
frame 1110: 44230 us total, 11694 us display, type 3
frame 1111: 44600 us total, 12102 us display, type 3
frame 1112: 44260 us total, 11791 us display, type 3
frame 1113: 44282 us total, 11695 us display, type 3
frame 1114: 44798 us total, 11712 us display, type 3
axes L    742   8579 R     57   -469 T     0     0 level 1, 9 reports in 267 ms
frame 1115: 45084 us total, 12022 us display, type 3
frame 1116: 44412 us total, 11687 us display, type 3
frame 1117: 44446 us total, 12023 us display, type 3
frame 1118: 44209 us total, 11959 us display, type 3
frame 1119: 44245 us total, 11694 us display, type 3
frame 1120: 44051 us total, 12034 us display, type 3
axes L    742   8478 R     57   -469 T     0     0 level 1, 10 reports in 266 ms
frame 1121: 44397 us total, 11693 us display, type 3
frame 1122: 44367 us total, 12004 us display, type 3
frame 1123: 44204 us total, 11704 us display, type 3
frame 1124: 44562 us total, 12334 us display, type 3
frame 1125: 43955 us total, 11807 us display, type 3
frame 1126: 44627 us total, 11987 us display, type 3
axes L    742   8404 R     57   -469 T     0     0 level 1, 9 reports in 265 ms
frame 1127: 44827 us total, 12243 us display, type 3
frame 1128: 45001 us total, 12393 us display, type 3
frame 1129: 43864 us total, 11699 us display, type 3
frame 1130: 44393 us total, 11685 us display, type 3
frame 1131: 44758 us total, 11692 us display, type 3
frame 1132: 44669 us total, 11693 us display, type 3
frame 1133: 44933 us total, 11692 us display, type 3
frame 1134: 44483 us total, 11686 us display, type 3
frame 1135: 45216 us total, 11687 us display, type 3
frame 1136: 44229 us total, 11692 us display, type 3
frame 1137: 45005 us total, 12531 us display, type 3
frame 1138: 44398 us total, 11696 us display, type 3
frame 1139: 45361 us total, 12539 us display, type 3
frame 1140: 44443 us total, 12025 us display, type 3
frame 1141: 45388 us total, 12538 us display, type 3
frame 1142: 44704 us total, 12025 us display, type 3
frame 1143: 44419 us total, 12048 us display, type 3
frame 1144: 44205 us total, 11794 us display, type 3
frame 1145: 44800 us total, 12223 us display, type 3
frame 1146: 45021 us total, 12360 us display, type 3
frame 1147: 44245 us total, 11867 us display, type 3
frame 1148: 44990 us total, 12026 us display, type 3
frame 1149: 44282 us total, 11694 us display, type 3
frame 1150: 44600 us total, 12154 us display, type 3
frame 1151: 44263 us total, 11951 us display, type 3
frame 1152: 43885 us total, 12034 us display, type 3
frame 1153: 43826 us total, 11686 us display, type 3
frame 1154: 44344 us total, 12019 us display, type 3
frame 1155: 44234 us total, 11891 us display, type 3
frame 1156: 43990 us total, 12192 us display, type 3
frame 1157: 43909 us total, 11802 us display, type 3
frame 1158: 44144 us total, 11882 us display, type 3
frame 1159: 43570 us total, 11700 us display, type 3
frame 1160: 44051 us total, 11692 us display, type 3
frame 1161: 45224 us total, 11693 us display, type 3
frame 1162: 44262 us total, 11685 us display, type 3
frame 1163: 44858 us total, 11692 us display, type 3
frame 1164: 44578 us total, 11693 us display, type 3
frame 1165: 45040 us total, 12524 us display, type 3
frame 1166: 45208 us total, 11700 us display, type 3
frame 1167: 44748 us total, 11693 us display, type 3
frame 1168: 45110 us total, 12548 us display, type 3
frame 1169: 45108 us total, 11692 us display, type 3
frame 1170: 44296 us total, 11685 us display, type 3
frame 1171: 45255 us total, 12544 us display, type 3
frame 1172: 44278 us total, 12013 us display, type 3
frame 1173: 45628 us total, 12531 us display, type 3
frame 1174: 44547 us total, 12016 us display, type 3
frame 1175: 44446 us total, 12044 us display, type 3
frame 1176: 44266 us total, 11722 us display, type 3
frame 1177: 44825 us total, 12050 us display, type 3
frame 1178: 44241 us total, 11803 us display, type 3
frame 1179: 44786 us total, 12264 us display, type 3
frame 1180: 44668 us total, 11687 us display, type 3
frame 1181: 44518 us total, 12017 us display, type 3
frame 1182: 44165 us total, 11740 us display, type 3
frame 1183: 44808 us total, 12395 us display, type 3
frame 1184: 44354 us total, 11694 us display, type 3
frame 1185: 44722 us total, 12471 us display, type 3
frame 1186: 44255 us total, 11860 us display, type 3
frame 1187: 44304 us total, 12042 us display, type 3
frame 1188: 43652 us total, 12013 us display, type 3
frame 1189: 44469 us total, 12202 us display, type 3
frame 1190: 43967 us total, 11686 us display, type 3
frame 1191: 44715 us total, 12440 us display, type 3
frame 1192: 44269 us total, 11794 us display, type 3
frame 1193: 44804 us total, 12276 us display, type 3
frame 1194: 44237 us total, 11997 us display, type 3
frame 1195: 43802 us total, 11686 us display, type 3
frame 1196: 45060 us total, 11686 us display, type 3
frame 1197: 44125 us total, 11685 us display, type 3
frame 1198: 45022 us total, 11688 us display, type 3
frame 1199: 44659 us total, 11693 us display, type 3
frame 1200: 45304 us total, 11685 us display, type 3
frame 1201: 44331 us total, 11692 us display, type 3
frame 1202: 44764 us total, 12551 us display, type 3
frame 1203: 44501 us total, 12031 us display, type 3
frame 1204: 44538 us total, 12055 us display, type 3
frame 1205: 44440 us total, 11693 us display, type 3
frame 1206: 44537 us total, 12048 us display, type 3
frame 1207: 44927 us total, 12356 us display, type 3
frame 1208: 44294 us total, 11752 us display, type 3
frame 1209: 44794 us total, 12141 us display, type 3
frame 1210: 44277 us total, 11870 us display, type 3
frame 1211: 44796 us total, 12262 us display, type 3
frame 1212: 44472 us total, 11701 us display, type 3
frame 1213: 44596 us total, 12275 us display, type 3
frame 1214: 44266 us total, 11821 us display, type 3
frame 1215: 44202 us total, 12033 us display, type 3
frame 1216: 44161 us total, 11686 us display, type 3
frame 1217: 44593 us total, 12428 us display, type 3
frame 1218: 44252 us total, 11727 us display, type 3
frame 1219: 44802 us total, 12387 us display, type 3
frame 1220: 44214 us total, 12134 us display, type 3
frame 1221: 44150 us total, 11939 us display, type 3
frame 1222: 44186 us total, 11926 us display, type 3
frame 1223: 44010 us total, 11693 us display, type 3
frame 1224: 43888 us total, 11685 us display, type 3
frame 1225: 45256 us total, 11692 us display, type 3
frame 1226: 44298 us total, 11692 us display, type 3
frame 1227: 44977 us total, 11694 us display, type 3
frame 1228: 44430 us total, 11692 us display, type 3
frame 1229: 44833 us total, 11685 us display, type 3
frame 1230: 44590 us total, 11694 us display, type 3
frame 1231: 45310 us total, 11692 us display, type 3
frame 1232: 44588 us total, 11692 us display, type 3
frame 1233: 44924 us total, 12518 us display, type 3
frame 1234: 44593 us total, 11686 us display, type 3
frame 1235: 45382 us total, 12532 us display, type 3
frame 1236: 44323 us total, 12015 us display, type 3
frame 1237: 45424 us total, 12529 us display, type 3
frame 1238: 44553 us total, 12007 us display, type 3
frame 1239: 44636 us total, 12056 us display, type 3
frame 1240: 44162 us total, 11902 us display, type 3
frame 1241: 44813 us total, 12059 us display, type 3
frame 1242: 44252 us total, 11718 us display, type 3
frame 1243: 44792 us total, 12254 us display, type 3
frame 1244: 44561 us total, 11693 us display, type 3
frame 1245: 44514 us total, 12207 us display, type 3
frame 1246: 43928 us total, 11687 us display, type 3
frame 1247: 44223 us total, 12090 us display, type 3
frame 1248: 43841 us total, 11687 us display, type 3
frame 1249: 43764 us total, 12026 us display, type 3
frame 1250: 44200 us total, 11687 us display, type 3
frame 1251: 44208 us total, 12327 us display, type 3
frame 1252: 44285 us total, 12269 us display, type 3
frame 1253: 43626 us total, 11692 us display, type 3
frame 1254: 43869 us total, 11685 us display, type 3
frame 1255: 44453 us total, 11693 us display, type 3
frame 1256: 44557 us total, 11685 us display, type 3
frame 1257: 44729 us total, 11692 us display, type 3
frame 1258: 45008 us total, 11685 us display, type 3
frame 1259: 44456 us total, 11692 us display, type 3
frame 1260: 44947 us total, 12542 us display, type 3
frame 1261: 44782 us total, 11692 us display, type 3
frame 1262: 45215 us total, 12559 us display, type 3
frame 1263: 44737 us total, 11692 us display, type 3
frame 1264: 45187 us total, 12551 us display, type 3
frame 1265: 44393 us total, 12016 us display, type 3
frame 1266: 44651 us total, 12070 us display, type 3
frame 1267: 44149 us total, 11693 us display, type 3
frame 1268: 44656 us total, 12105 us display, type 3
frame 1269: 44384 us total, 11700 us display, type 3
frame 1270: 44862 us total, 12026 us display, type 3
frame 1271: 44156 us total, 11694 us display, type 3
frame 1272: 44731 us total, 12400 us display, type 3
frame 1273: 44397 us total, 11701 us display, type 3
frame 1274: 44668 us total, 12340 us display, type 3
frame 1275: 44267 us total, 11738 us display, type 3
frame 1276: 44813 us total, 12424 us display, type 3
frame 1277: 44277 us total, 11801 us display, type 3
frame 1278: 44195 us total, 12035 us display, type 3
frame 1279: 43935 us total, 11812 us display, type 3
frame 1280: 44789 us total, 12297 us display, type 3
mem @frame 1280: heap free 66356, largest 40960, min ever 65536, zone free 55016, stack free 14540, uptime 49 s, gamestate 0, demo 0, usergame 1, tic 1629
frame 1281: 45212 us total, 11876 us display, type 3
frame 1282: 44795 us total, 12241 us display, type 3
frame 1283: 44298 us total, 12110 us display, type 3
frame 1284: 44117 us total, 11693 us display, type 3
frame 1285: 44729 us total, 12503 us display, type 3
frame 1286: 44289 us total, 11793 us display, type 3
frame 1287: 43948 us total, 11686 us display, type 3
frame 1288: 45119 us total, 11896 us display, type 3
frame 1289: 44370 us total, 11692 us display, type 3
frame 1290: 44617 us total, 11693 us display, type 3
frame 1291: 44709 us total, 11698 us display, type 3
frame 1292: 44284 us total, 11693 us display, type 3
frame 1293: 45163 us total, 11686 us display, type 3
frame 1294: 44361 us total, 11692 us display, type 3
frame 1295: 45290 us total, 11686 us display, type 3
frame 1296: 44634 us total, 11692 us display, type 3
frame 1297: 44913 us total, 12532 us display, type 3
frame 1298: 44429 us total, 11685 us display, type 3
frame 1299: 44374 us total, 12038 us display, type 3
frame 1300: 44811 us total, 12498 us display, type 3
frame 1301: 44448 us total, 12051 us display, type 3
frame 1302: 44294 us total, 11696 us display, type 3
frame 1303: 44384 us total, 12139 us display, type 3
frame 1304: 43852 us total, 11687 us display, type 3
frame 1305: 44638 us total, 12040 us display, type 3
frame 1306: 43948 us total, 11694 us display, type 3
frame 1307: 44786 us total, 12394 us display, type 3
frame 1308: 44266 us total, 11751 us display, type 3
frame 1309: 44805 us total, 12528 us display, type 3
frame 1310: 43757 us total, 11686 us display, type 3
frame 1311: 44376 us total, 12032 us display, type 3
frame 1312: 44878 us total, 12314 us display, type 3
frame 1313: 43801 us total, 11694 us display, type 3
frame 1314: 44876 us total, 12367 us display, type 3
frame 1315: 44078 us total, 11799 us display, type 3
frame 1316: 44598 us total, 12405 us display, type 3
frame 1317: 43777 us total, 11693 us display, type 3
frame 1318: 44450 us total, 11686 us display, type 3
frame 1319: 44814 us total, 11685 us display, type 3
frame 1320: 44451 us total, 11692 us display, type 3
frame 1321: 45243 us total, 11694 us display, type 3
frame 1322: 44335 us total, 11685 us display, type 3
frame 1323: 45070 us total, 11685 us display, type 3
frame 1324: 44304 us total, 11692 us display, type 3
frame 1325: 45178 us total, 12537 us display, type 3
frame 1326: 44271 us total, 12017 us display, type 3
frame 1327: 45622 us total, 12543 us display, type 3
frame 1328: 44489 us total, 11685 us display, type 3
frame 1329: 44521 us total, 12048 us display, type 3
frame 1330: 44223 us total, 11693 us display, type 3
frame 1331: 44709 us total, 12037 us display, type 3
frame 1332: 44121 us total, 11701 us display, type 3
frame 1333: 44771 us total, 12256 us display, type 3
frame 1334: 44747 us total, 11693 us display, type 3
frame 1335: 44495 us total, 12018 us display, type 3
frame 1336: 44145 us total, 11696 us display, type 3
frame 1337: 44949 us total, 11983 us display, type 3
frame 1338: 44804 us total, 12089 us display, type 3
frame 1339: 44263 us total, 11797 us display, type 3
frame 1340: 44812 us total, 12432 us display, type 3
frame 1341: 44274 us total, 11958 us display, type 3
frame 1342: 44197 us total, 12035 us display, type 3
frame 1343: 43934 us total, 11739 us display, type 3
frame 1344: 44442 us total, 12185 us display, type 3
frame 1345: 43946 us total, 11688 us display, type 3
frame 1346: 44634 us total, 12323 us display, type 3
frame 1347: 44204 us total, 11805 us display, type 3
frame 1348: 43628 us total, 11693 us display, type 3
frame 1349: 44697 us total, 11692 us display, type 3
frame 1350: 44736 us total, 11686 us display, type 3
frame 1351: 43847 us total, 11692 us display, type 3
frame 1352: 44794 us total, 11693 us display, type 3
frame 1353: 44607 us total, 11699 us display, type 3
frame 1354: 45073 us total, 12558 us display, type 3
frame 1355: 44053 us total, 12016 us display, type 3
frame 1356: 44584 us total, 12264 us display, type 3
frame 1357: 44262 us total, 11883 us display, type 3
frame 1358: 45008 us total, 11905 us display, type 3
frame 1359: 44791 us total, 12213 us display, type 3
frame 1360: 44139 us total, 11993 us display, type 3
frame 1361: 44199 us total, 11955 us display, type 3
frame 1362: 44209 us total, 12031 us display, type 3
frame 1363: 44061 us total, 11699 us display, type 3
frame 1364: 44075 us total, 12035 us display, type 3
frame 1365: 44146 us total, 11692 us display, type 3
frame 1366: 44684 us total, 12027 us display, type 3
frame 1367: 44181 us total, 11946 us display, type 3
frame 1368: 44389 us total, 12195 us display, type 3
frame 1369: 44482 us total, 12263 us display, type 3
frame 1370: 44795 us total, 12330 us display, type 3
frame 1371: 43904 us total, 11802 us display, type 3
frame 1372: 44465 us total, 11897 us display, type 3
frame 1373: 44239 us total, 11938 us display, type 3
frame 1374: 43975 us total, 11685 us display, type 3
frame 1375: 44805 us total, 11693 us display, type 3
frame 1376: 44388 us total, 11685 us display, type 3
frame 1377: 45001 us total, 11685 us display, type 3
frame 1378: 44877 us total, 11692 us display, type 3
frame 1379: 45271 us total, 11692 us display, type 3
frame 1380: 44258 us total, 11693 us display, type 3
frame 1381: 45166 us total, 11686 us display, type 3
frame 1382: 44448 us total, 11691 us display, type 3
frame 1383: 45169 us total, 12536 us display, type 3
frame 1384: 44649 us total, 11688 us display, type 3
frame 1385: 45380 us total, 12531 us display, type 3
frame 1386: 44547 us total, 11688 us display, type 3
frame 1387: 44952 us total, 12530 us display, type 3
frame 1388: 45288 us total, 12543 us display, type 3
frame 1389: 45351 us total, 11692 us display, type 3
frame 1390: 44340 us total, 11686 us display, type 3
frame 1391: 45418 us total, 12531 us display, type 3
frame 1392: 44468 us total, 11686 us display, type 3
frame 1393: 44584 us total, 12064 us display, type 3
frame 1394: 43944 us total, 11693 us display, type 3
frame 1395: 44775 us total, 12063 us display, type 3
frame 1396: 44242 us total, 11798 us display, type 3
frame 1397: 45009 us total, 11817 us display, type 3
frame 1398: 45067 us total, 11693 us display, type 3
frame 1399: 44727 us total, 12154 us display, type 3
frame 1400: 44276 us total, 11712 us display, type 3
frame 1401: 44799 us total, 12384 us display, type 3
frame 1402: 44290 us total, 11693 us display, type 3
frame 1403: 44785 us total, 12474 us display, type 3
frame 1404: 44617 us total, 11686 us display, type 3
frame 1405: 44644 us total, 11836 us display, type 3
frame 1406: 43883 us total, 12046 us display, type 3
frame 1407: 43500 us total, 12061 us display, type 3
frame 1408: 44617 us total, 12503 us display, type 3
frame 1409: 44131 us total, 12153 us display, type 3
frame 1410: 43732 us total, 11799 us display, type 3
frame 1411: 44710 us total, 11784 us display, type 3
frame 1412: 44158 us total, 11692 us display, type 3
frame 1413: 43927 us total, 11685 us display, type 3
frame 1414: 44645 us total, 11686 us display, type 3
frame 1415: 44644 us total, 11692 us display, type 3
frame 1416: 45070 us total, 11692 us display, type 3
axes L   -105  27186 R     57   -469 T     0     0 level 1, 445 reports in 12913 ms
frame 1417: 45008 us total, 11693 us display, type 3
frame 1418: 45474 us total, 11686 us display, type 3
frame 1419: 44756 us total, 11686 us display, type 3
frame 1420: 45331 us total, 11685 us display, type 3
frame 1421: 44695 us total, 11686 us display, type 3
frame 1422: 45565 us total, 11692 us display, type 3
axes L    773  22292 R     57   -469 T     0     0 level 1, 9 reports in 271 ms
frame 1423: 46377 us total, 12516 us display, type 3
frame 1424: 44348 us total, 11689 us display, type 3
frame 1425: 44412 us total, 11693 us display, type 3
frame 1426: 44999 us total, 11697 us display, type 3
frame 1427: 45220 us total, 11699 us display, type 3
frame 1428: 45316 us total, 11753 us display, type 3
axes L    107  22394 R     57   -469 T     0     0 level 1, 9 reports in 270 ms
frame 1429: 45717 us total, 12518 us display, type 3
frame 1430: 45285 us total, 11922 us display, type 3
frame 1431: 44388 us total, 11701 us display, type 3
frame 1432: 44405 us total, 11686 us display, type 3
frame 1433: 44890 us total, 11698 us display, type 3
frame 1434: 45314 us total, 11898 us display, type 3
axes L   -461 -32768 R     57   -469 T     0     0 level 1, 10 reports in 269 ms
frame 1435: 44499 us total, 11692 us display, type 3
frame 1436: 44819 us total, 11695 us display, type 3
frame 1437: 45246 us total, 11693 us display, type 3
frame 1438: 44133 us total, 11692 us display, type 3
frame 1439: 44888 us total, 11693 us display, type 3
frame 1440: 42094 us total, 11700 us display, type 3
axes L   -564 -32555 R     57   -469 T     0     0 level 1, 10 reports in 267 ms
frame 1441: 46700 us total, 11700 us display, type 3
frame 1442: 47065 us total, 11692 us display, type 3
frame 1443: 48316 us total, 11721 us display, type 3
frame 1444: 46968 us total, 12019 us display, type 3
frame 1445: 47393 us total, 12167 us display, type 3
frame 1446: 46904 us total, 11963 us display, type 3
axes L   -564 -32321 R     57   -469 T     0     0 level 1, 11 reports in 281 ms
frame 1447: 44564 us total, 11693 us display, type 3
frame 1448: 44566 us total, 12134 us display, type 3
frame 1449: 44258 us total, 11864 us display, type 3
frame 1450: 43890 us total, 12231 us display, type 3
frame 1451: 43387 us total, 11694 us display, type 3
frame 1452: 41895 us total, 12410 us display, type 3
axes L  -2512  23165 R     57   -469 T     0     0 level 1, 8 reports in 258 ms
frame 1453: 41492 us total, 11686 us display, type 3
frame 1454: 41396 us total, 11694 us display, type 3
frame 1455: 42764 us total, 12019 us display, type 3
frame 1456: 41875 us total, 11687 us display, type 3
frame 1457: 42821 us total, 11686 us display, type 3
frame 1458: 41914 us total, 11685 us display, type 3
axes L   -186  23165 R     57   -469 T     0     0 level 1, 9 reports in 253 ms
frame 1459: 42179 us total, 12035 us display, type 3
frame 1460: 41617 us total, 11693 us display, type 3
frame 1461: 41787 us total, 12086 us display, type 3
frame 1462: 41269 us total, 11901 us display, type 3
frame 1463: 40287 us total, 12046 us display, type 3
frame 1464: 41498 us total, 11693 us display, type 3
frame 1465: 41887 us total, 12082 us display, type 3
axes L  -4487 -32768 R     57   -469 T     0     0 level 1, 10 reports in 261 ms
frame 1466: 41940 us total, 11785 us display, type 3
frame 1467: 40958 us total, 11692 us display, type 3
frame 1468: 41806 us total, 12040 us display, type 3
frame 1469: 41967 us total, 11693 us display, type 3
frame 1470: 42408 us total, 12258 us display, type 3
frame 1471: 42094 us total, 11693 us display, type 3
axes L   -790 -32564 R     57   -469 T     0     0 level 1, 8 reports in 251 ms
frame 1472: 42883 us total, 11693 us display, type 3
frame 1473: 42579 us total, 12031 us display, type 3
frame 1474: 37106 us total, 11687 us display, type 3
frame 1475: 36742 us total, 11687 us display, type 3
frame 1476: 37076 us total, 12292 us display, type 3
frame 1477: 35272 us total, 11967 us display, type 3
frame 1478: 34672 us total, 12453 us display, type 3
axes L   -364 -32339 R     57   -469 T     0     0 level 1, 9 reports in 266 ms
frame 1479: 34917 us total, 11873 us display, type 3
frame 1480: 33714 us total, 11922 us display, type 3
frame 1481: 32804 us total, 11900 us display, type 3
frame 1482: 31559 us total, 11685 us display, type 3
frame 1483: 31857 us total, 11686 us display, type 3
frame 1484: 31445 us total, 11691 us display, type 3
frame 1485: 30468 us total, 11691 us display, type 3
frame 1486: 29937 us total, 11691 us display, type 3
frame 1487: 26928 us total, 11692 us display, type 3
axes L   -364 -32243 R     57   -469 T     0     0 level 1, 9 reports in 283 ms
frame 1488: 26850 us total, 11880 us display, type 3
frame 1489: 24343 us total, 12179 us display, type 3
frame 1490: 22638 us total, 11690 us display, type 3
frame 1491: 24219 us total, 11800 us display, type 3
frame 1492: 29062 us total, 11695 us display, type 3
frame 1493: 29344 us total, 11687 us display, type 3
frame 1494: 28563 us total, 11847 us display, type 3
frame 1495: 27772 us total, 11691 us display, type 3
frame 1496: 27896 us total, 12051 us display, type 3
frame 1497: 28644 us total, 11686 us display, type 3
axes L   -364 -32040 R     57   -469 T     0     0 level 1, 11 reports in 274 ms
frame 1498: 27829 us total, 11692 us display, type 3
frame 1499: 29806 us total, 11853 us display, type 3
frame 1500: 29787 us total, 12298 us display, type 3
frame 1501: 27222 us total, 11949 us display, type 3
frame 1502: 28862 us total, 11854 us display, type 3
frame 1503: 28538 us total, 12161 us display, type 3
frame 1504: 28992 us total, 11742 us display, type 3
frame 1505: 27418 us total, 11691 us display, type 3
frame 1506: 29398 us total, 11693 us display, type 3
axes L   -364 -31852 R     57   -469 T     0     0 level 1, 9 reports in 258 ms
frame 1507: 29352 us total, 12577 us display, type 3
frame 1508: 27155 us total, 12080 us display, type 3
frame 1509: 29018 us total, 12087 us display, type 3
frame 1510: 28295 us total, 12062 us display, type 3
frame 1511: 29004 us total, 11988 us display, type 3
frame 1512: 27841 us total, 11855 us display, type 3
frame 1513: 29578 us total, 11686 us display, type 3
frame 1514: 29452 us total, 11699 us display, type 3
frame 1515: 27495 us total, 11751 us display, type 3
axes L   -364 -31740 R     57   -469 T     0     0 level 1, 9 reports in 257 ms
frame 1516: 29156 us total, 11691 us display, type 3
frame 1517: 27167 us total, 12083 us display, type 3
frame 1518: 29004 us total, 12080 us display, type 3
frame 1519: 27267 us total, 11932 us display, type 3
frame 1520: 29998 us total, 11841 us display, type 3
frame 1521: 29169 us total, 11692 us display, type 3
frame 1522: 28143 us total, 11686 us display, type 3
frame 1523: 29177 us total, 11686 us display, type 3
frame 1524: 28400 us total, 11692 us display, type 3
axes L   -364 -31639 R     57   -469 T     0     0 level 1, 9 reports in 257 ms
frame 1525: 28793 us total, 11685 us display, type 3
frame 1526: 27540 us total, 11691 us display, type 3
frame 1527: 29011 us total, 11691 us display, type 3
frame 1528: 28501 us total, 12080 us display, type 3
frame 1529: 28005 us total, 12081 us display, type 3
frame 1530: 29042 us total, 12085 us display, type 3
frame 1531: 28242 us total, 12063 us display, type 3
frame 1532: 29023 us total, 11987 us display, type 3
frame 1533: 28104 us total, 11880 us display, type 3
axes L   -364 -31437 R     57   -469 T     0     0 level 1, 9 reports in 257 ms
frame 1534: 29746 us total, 11856 us display, type 3
frame 1535: 28425 us total, 12186 us display, type 3
frame 1536: 27403 us total, 11691 us display, type 3
mem @frame 1536: heap free 66356, largest 40960, min ever 65536, zone free 55016, stack free 14540, uptime 59 s, gamestate 0, demo 0, usergame 1, tic 1994
frame 1537: 28993 us total, 11691 us display, type 3
frame 1538: 28000 us total, 12050 us display, type 3
frame 1539: 28645 us total, 11692 us display, type 3
frame 1540: 27640 us total, 11821 us display, type 3
frame 1541: 29998 us total, 11864 us display, type 3
frame 1542: 29171 us total, 11693 us display, type 3
axes L   -364 -31337 R     57   -469 T     0     0 level 1, 8 reports in 257 ms
frame 1543: 28879 us total, 11830 us display, type 3
frame 1544: 28988 us total, 11834 us display, type 3
frame 1545: 27301 us total, 11686 us display, type 3
frame 1546: 28978 us total, 11798 us display, type 3
frame 1547: 27877 us total, 11691 us display, type 3
frame 1548: 29012 us total, 11698 us display, type 3
frame 1549: 28526 us total, 12083 us display, type 3
frame 1550: 28020 us total, 12081 us display, type 3
frame 1551: 28984 us total, 12093 us display, type 3
axes L   -364 -31235 R     57   -469 T     0     0 level 1, 9 reports in 257 ms
frame 1552: 28286 us total, 11810 us display, type 3
frame 1553: 29672 us total, 11693 us display, type 3
frame 1554: 28344 us total, 11837 us display, type 3
frame 1555: 28315 us total, 11692 us display, type 3
frame 1556: 28878 us total, 11698 us display, type 3
frame 1557: 28169 us total, 11866 us display, type 3
frame 1558: 28294 us total, 11690 us display, type 3
frame 1559: 28055 us total, 12084 us display, type 3
frame 1560: 29033 us total, 12083 us display, type 3
axes L   -364 -31047 R     57   -469 T     0     0 level 1, 10 reports in 256 ms
frame 1561: 27352 us total, 11699 us display, type 3
frame 1562: 29865 us total, 11843 us display, type 3
frame 1563: 29388 us total, 11687 us display, type 3
frame 1564: 28663 us total, 11768 us display, type 3
frame 1565: 28315 us total, 11692 us display, type 3
frame 1566: 27874 us total, 11685 us display, type 3
frame 1567: 29078 us total, 11776 us display, type 3
frame 1568: 27903 us total, 11692 us display, type 3
frame 1569: 28494 us total, 11691 us display, type 3
axes L   -364 -30941 R     57   -469 T     0     0 level 1, 9 reports in 258 ms
frame 1570: 29387 us total, 12051 us display, type 3
frame 1571: 27255 us total, 11692 us display, type 3
frame 1572: 28646 us total, 11856 us display, type 3
frame 1573: 29388 us total, 11687 us display, type 3
frame 1574: 29641 us total, 11803 us display, type 3
frame 1575: 27336 us total, 11685 us display, type 3
frame 1576: 28856 us total, 11693 us display, type 3
frame 1577: 29008 us total, 11695 us display, type 3
frame 1578: 28173 us total, 11872 us display, type 3
axes L   -364 -30845 R     57   -469 T     0     0 level 1, 8 reports in 257 ms
frame 1579: 28616 us total, 11691 us display, type 3
frame 1580: 27747 us total, 12091 us display, type 3
frame 1581: 28950 us total, 12081 us display, type 3
frame 1582: 28018 us total, 12094 us display, type 3
frame 1583: 29239 us total, 12084 us display, type 3
frame 1584: 29828 us total, 12201 us display, type 3
frame 1585: 27348 us total, 11963 us display, type 3
frame 1586: 28737 us total, 11853 us display, type 3
frame 1587: 28294 us total, 12155 us display, type 3
axes L   -364 -30740 R     57   -469 T     0     0 level 1, 9 reports in 257 ms
frame 1588: 28920 us total, 11726 us display, type 3
frame 1589: 27612 us total, 11690 us display, type 3
frame 1590: 29040 us total, 11691 us display, type 3
frame 1591: 28972 us total, 12052 us display, type 3
frame 1592: 28037 us total, 12082 us display, type 3
frame 1593: 29241 us total, 12093 us display, type 3
frame 1594: 28799 us total, 12196 us display, type 3
frame 1595: 28360 us total, 11993 us display, type 3
frame 1596: 28087 us total, 11685 us display, type 3
axes L   -974 -30643 R     57   -469 T     0     0 level 1, 9 reports in 257 ms
frame 1597: 29339 us total, 11685 us display, type 3
frame 1598: 28643 us total, 11693 us display, type 3
frame 1599: 28175 us total, 11869 us display, type 3
frame 1600: 28747 us total, 11691 us display, type 3
frame 1601: 27595 us total, 12077 us display, type 3
frame 1602: 29187 us total, 12086 us display, type 3
frame 1603: 28726 us total, 12370 us display, type 3
input: down 0x400000
frame 1604: 30011 us total, 12575 us display, type 3
frame 1605: 28434 us total, 12078 us display, type 3
axes L   -949  23958 R     57   -469 T     0     0 level 1, 9 reports in 257 ms
frame 1606: 29627 us total, 12338 us display, type 3
frame 1607: 28996 us total, 12077 us display, type 3
frame 1608: 28499 us total, 11873 us display, type 3
frame 1609: 29586 us total, 12105 us display, type 3
frame 1610: 30104 us total, 11878 us display, type 3
frame 1611: 28966 us total, 11979 us display, type 3
frame 1612: 29356 us total, 12062 us display, type 3
frame 1613: 30065 us total, 11686 us display, type 3
frame 1614: 30816 us total, 11698 us display, type 3
axes L   1217  21106 R     57   -469 T     0     0 level 1, 9 reports in 261 ms
frame 1615: 31593 us total, 12124 us display, type 3
frame 1616: 31021 us total, 12174 us display, type 3
frame 1617: 31120 us total, 11973 us display, type 3
frame 1618: 31725 us total, 12330 us display, type 3
frame 1619: 31859 us total, 12422 us display, type 3
frame 1620: 32036 us total, 11685 us display, type 3
frame 1621: 32412 us total, 11694 us display, type 3
frame 1622: 32364 us total, 11687 us display, type 3
axes L   1279  20911 R     57   -469 T     0     0 level 1, 9 reports in 254 ms
frame 1623: 34832 us total, 11693 us display, type 3
frame 1624: 34533 us total, 12485 us display, type 3
frame 1625: 34170 us total, 11752 us display, type 3
frame 1626: 33841 us total, 11685 us display, type 3
frame 1627: 34400 us total, 11692 us display, type 3
frame 1628: 35135 us total, 11693 us display, type 3
frame 1629: 35012 us total, 11958 us display, type 3
axes L   1279  20721 R     57   -469 T     0     0 level 1, 9 reports in 264 ms
frame 1630: 35476 us total, 12027 us display, type 3
frame 1631: 36224 us total, 11728 us display, type 3
frame 1632: 37304 us total, 11694 us display, type 3
frame 1633: 42739 us total, 12013 us display, type 3
frame 1634: 42324 us total, 11849 us display, type 3
frame 1635: 42613 us total, 11770 us display, type 3
frame 1636: 42038 us total, 11692 us display, type 3
axes L   1279  20607 R     57   -469 T     0     0 level 1, 9 reports in 256 ms
frame 1637: 42073 us total, 12037 us display, type 3
frame 1638: 41327 us total, 11694 us display, type 3
frame 1639: 42096 us total, 11686 us display, type 3
frame 1640: 43719 us total, 12230 us display, type 3
frame 1641: 43354 us total, 11976 us display, type 3
frame 1642: 42921 us total, 11685 us display, type 3
axes L   1279  20508 R     57   -469 T     0     0 level 1, 9 reports in 255 ms
frame 1643: 44762 us total, 11696 us display, type 3
frame 1644: 43951 us total, 11692 us display, type 3
frame 1645: 45197 us total, 11686 us display, type 3
frame 1646: 44249 us total, 11685 us display, type 3
frame 1647: 45047 us total, 12519 us display, type 3
axes L   1279  20403 R     57   -469 T     0     0 level 1, 9 reports in 255 ms
frame 1648: 45510 us total, 11693 us display, type 3
frame 1649: 44499 us total, 11686 us display, type 3
frame 1650: 47293 us total, 11693 us display, type 3
frame 1651: 47623 us total, 12360 us display, type 3
frame 1652: 46758 us total, 11686 us display, type 3
frame 1653: 47548 us total, 12411 us display, type 3
axes L   1279  20199 R     57   -469 T     0     0 level 1, 9 reports in 257 ms
frame 1654: 47638 us total, 11687 us display, type 3
frame 1655: 50443 us total, 11692 us display, type 3
frame 1656: 50069 us total, 12512 us display, type 3
frame 1657: 48250 us total, 11698 us display, type 3
frame 1658: 46393 us total, 12166 us display, type 3
axes L   1279  20096 R     57   -469 T     0     0 level 1, 9 reports in 265 ms
frame 1659: 45276 us total, 11694 us display, type 3
frame 1660: 44725 us total, 12094 us display, type 3
frame 1661: 44276 us total, 11715 us display, type 3
frame 1662: 44055 us total, 12029 us display, type 3
frame 1663: 43280 us total, 11693 us display, type 3
frame 1664: 44668 us total, 12433 us display, type 3
axes L   1279  20000 R     57   -469 T     0     0 level 1, 9 reports in 264 ms
frame 1665: 44132 us total, 11944 us display, type 3
frame 1666: 44197 us total, 11929 us display, type 3
frame 1667: 43869 us total, 12221 us display, type 3
frame 1668: 44304 us total, 11885 us display, type 3
frame 1669: 44797 us total, 12358 us display, type 3
frame 1670: 45189 us total, 12012 us display, type 3
axes L   1279  19803 R     57   -469 T     0     0 level 1, 9 reports in 267 ms
frame 1671: 45461 us total, 12343 us display, type 3
frame 1672: 44544 us total, 11952 us display, type 3
frame 1673: 45178 us total, 12356 us display, type 3
frame 1674: 44809 us total, 11929 us display, type 3
frame 1675: 45238 us total, 12352 us display, type 3
frame 1676: 44461 us total, 11796 us display, type 3
axes L   1279  19702 R     57   -469 T     0     0 level 1, 9 reports in 270 ms
input: down 0x00001
frame 1677: 46178 us total, 12223 us display, type 3
frame 1678: 44293 us total, 11688 us display, type 3
frame 1679: 44763 us total, 12337 us display, type 3
frame 1680: 44764 us total, 11804 us display, type 3
frame 1681: 44778 us total, 11798 us display, type 3
frame 1682: 44646 us total, 11925 us display, type 3
frame 1683: 44478 us total, 11694 us display, type 3
axes L   1279  19602 R     57   -469 T     0     0 level 1, 10 reports in 281 ms
frame 1684: 45309 us total, 12116 us display, type 3
frame 1685: 44429 us total, 11692 us display, type 3
frame 1686: 44280 us total, 11700 us display, type 3
frame 1687: 45543 us total, 11975 us display, type 3
frame 1688: 43980 us total, 11687 us display, type 3
axes L   1279  19419 R     57   -469 T     0     0 level 1, 9 reports in 256 ms
frame 1689: 46121 us total, 11685 us display, type 3
frame 1690: 44892 us total, 11744 us display, type 3
input: down 0x00001
frame 1691: 45028 us total, 11692 us display, type 3
frame 1692: 43967 us total, 11686 us display, type 3
frame 1693: 45066 us total, 11691 us display, type 3
frame 1694: 44297 us total, 11692 us display, type 3
axes L   1279  19320 R     57   -469 T     0     0 level 1, 10 reports in 268 ms
frame 1695: 45335 us total, 11700 us display, type 3
frame 1696: 45134 us total, 11692 us display, type 3
frame 1697: 45116 us total, 11686 us display, type 3
frame 1698: 44723 us total, 11693 us display, type 3
frame 1699: 45291 us total, 11685 us display, type 3
frame 1700: 44896 us total, 11685 us display, type 3
axes L   1279  19213 R     57   -469 T     0     0 level 1, 9 reports in 271 ms
frame 1701: 46140 us total, 11992 us display, type 3
frame 1702: 44596 us total, 11692 us display, type 3
frame 1703: 44453 us total, 11692 us display, type 3
frame 1704: 45518 us total, 11692 us display, type 3
frame 1705: 44707 us total, 11692 us display, type 3
frame 1706: 45740 us total, 11920 us display, type 3
axes L   1279  19117 R     57   -469 T     0     0 level 1, 9 reports in 269 ms
frame 1707: 43981 us total, 11686 us display, type 3
frame 1708: 45274 us total, 11692 us display, type 3
frame 1709: 44088 us total, 11692 us display, type 3
frame 1710: 45060 us total, 11693 us display, type 3
frame 1711: 44379 us total, 11685 us display, type 3
frame 1712: 45125 us total, 11689 us display, type 3
axes L   1279  19015 R     57   -469 T     0     0 level 1, 9 reports in 268 ms
frame 1713: 44493 us total, 11692 us display, type 3
frame 1714: 44744 us total, 12531 us display, type 3
frame 1715: 44461 us total, 12038 us display, type 3
frame 1716: 44429 us total, 12058 us display, type 3
frame 1717: 44175 us total, 11822 us display, type 3
frame 1718: 44283 us total, 11693 us display, type 3
axes L   1279  18916 R     57   -469 T     0     0 level 1, 9 reports in 266 ms
frame 1719: 44636 us total, 12042 us display, type 3
frame 1720: 44216 us total, 11985 us display, type 3
frame 1721: 44882 us total, 12027 us display, type 3
frame 1722: 44361 us total, 11693 us display, type 3
frame 1723: 44638 us total, 12351 us display, type 3
frame 1724: 44202 us total, 11968 us display, type 3
axes L   1279  18819 R     57   -469 T     0     0 level 1, 10 reports in 266 ms
frame 1725: 44186 us total, 11696 us display, type 3
frame 1726: 44194 us total, 12052 us display, type 3
frame 1727: 43867 us total, 11737 us display, type 3
frame 1728: 44819 us total, 12430 us display, type 3
frame 1729: 43543 us total, 11694 us display, type 3
frame 1730: 44576 us total, 12430 us display, type 3
axes L   1279  18728 R     57   -469 T     0     0 level 1, 9 reports in 265 ms
frame 1731: 44396 us total, 11800 us display, type 3
frame 1732: 43651 us total, 11693 us display, type 3
frame 1733: 44968 us total, 11692 us display, type 3
frame 1734: 44587 us total, 11692 us display, type 3
frame 1735: 44886 us total, 11686 us display, type 3
frame 1736: 43993 us total, 11685 us display, type 3
axes L   1279  18723 R     57   -469 T     0     0 level 1, 9 reports in 267 ms
frame 1737: 45078 us total, 11692 us display, type 3
frame 1738: 43760 us total, 11685 us display, type 3
frame 1739: 44996 us total, 12552 us display, type 3
frame 1740: 44139 us total, 12054 us display, type 3
frame 1741: 44151 us total, 11708 us display, type 3
frame 1742: 44014 us total, 12026 us display, type 3
axes L   1279  18625 R     57   -469 T     0     0 level 1, 9 reports in 265 ms
frame 1743: 44120 us total, 11733 us display, type 3
frame 1744: 44792 us total, 12280 us display, type 3
frame 1745: 44257 us total, 11983 us display, type 3
frame 1746: 44078 us total, 11700 us display, type 3
frame 1747: 44810 us total, 12305 us display, type 3
frame 1748: 44277 us total, 12008 us display, type 3
frame 1749: 43844 us total, 12042 us display, type 3
axes L   1279  18524 R     57   -469 T     0     0 level 1, 10 reports in 278 ms
frame 1750: 44490 us total, 11693 us display, type 3
frame 1751: 44592 us total, 12118 us display, type 3
input: down 0x00001
frame 1752: 44293 us total, 11687 us display, type 3
frame 1753: 45240 us total, 11693 us display, type 3
frame 1754: 44743 us total, 12215 us display, type 3
axes L   1279  18428 R     57   -469 T     0     0 level 1, 9 reports in 255 ms
frame 1755: 44990 us total, 11894 us display, type 3
frame 1756: 44806 us total, 12401 us display, type 3
frame 1757: 44755 us total, 11700 us display, type 3
frame 1758: 45249 us total, 12410 us display, type 3
frame 1759: 44274 us total, 11773 us display, type 3
frame 1760: 45388 us total, 12345 us display, type 3
axes L   1279  18334 R     57   -469 T     0     0 level 1, 9 reports in 269 ms
frame 1761: 45344 us total, 12484 us display, type 3
frame 1762: 44464 us total, 11695 us display, type 3
frame 1763: 44612 us total, 12399 us display, type 3
frame 1764: 45198 us total, 12002 us display, type 3
frame 1765: 44331 us total, 11784 us display, type 3
frame 1766: 44876 us total, 11803 us display, type 3
axes L   1279  18327 R     57   -469 T     0     0 level 1, 9 reports in 268 ms
frame 1767: 44807 us total, 11938 us display, type 3
frame 1768: 43648 us total, 11693 us display, type 3
frame 1769: 44665 us total, 11692 us display, type 3
frame 1770: 43806 us total, 11690 us display, type 3
frame 1771: 44676 us total, 11692 us display, type 3
frame 1772: 44486 us total, 11685 us display, type 3
axes L   1279  18230 R     57   -469 T     0     0 level 1, 9 reports in 266 ms
frame 1773: 45660 us total, 11685 us display, type 3
frame 1774: 44178 us total, 11690 us display, type 3
frame 1775: 44905 us total, 12548 us display, type 3
frame 1776: 44571 us total, 12028 us display, type 3
frame 1777: 44525 us total, 12066 us display, type 3
frame 1778: 44044 us total, 12190 us display, type 3
frame 1779: 45001 us total, 12493 us display, type 3
axes L   1279  18130 R     57   -469 T     0     0 level 1, 10 reports in 280 ms
frame 1780: 44606 us total, 11694 us display, type 3
frame 1781: 44592 us total, 12042 us display, type 3
frame 1782: 43749 us total, 11694 us display, type 3
frame 1783: 44598 us total, 12045 us display, type 3
frame 1784: 43912 us total, 11811 us display, type 3
axes L   1279  18040 R     57   -469 T     0     0 level 1, 9 reports in 254 ms
frame 1785: 45300 us total, 11686 us display, type 3
frame 1786: 43856 us total, 12039 us display, type 3
frame 1787: 43312 us total, 11686 us display, type 3
frame 1788: 43739 us total, 12206 us display, type 3
frame 1789: 43623 us total, 11750 us display, type 3
frame 1790: 43269 us total, 11693 us display, type 3
axes L   1279  18034 R     57   -469 T     0     0 level 1, 9 reports in 262 ms
frame 1791: 44912 us total, 11692 us display, type 3
frame 1792: 44150 us total, 11692 us display, type 3
mem @frame 1792: heap free 66356, largest 40960, min ever 65536, zone free 55016, stack free 14540, uptime 69 s, gamestate 0, demo 0, usergame 1, tic 2342
frame 1793: 44207 us total, 11686 us display, type 3
frame 1794: 42548 us total, 12061 us display, type 3
frame 1795: 43096 us total, 11694 us display, type 3
frame 1796: 42836 us total, 12037 us display, type 3
axes L   1279  17936 R     57   -469 T     0     0 level 1, 9 reports in 260 ms
frame 1797: 43318 us total, 11693 us display, type 3
frame 1798: 43409 us total, 12218 us display, type 3
frame 1799: 42987 us total, 11815 us display, type 3
frame 1800: 44698 us total, 11911 us display, type 3
frame 1801: 44305 us total, 11692 us display, type 3
frame 1802: 44664 us total, 11685 us display, type 3
frame 1803: 44868 us total, 11693 us display, type 3
axes L   1279  17847 R     57   -469 T     0     0 level 1, 9 reports in 277 ms
frame 1804: 45962 us total, 11694 us display, type 3
frame 1805: 45390 us total, 11941 us display, type 3
frame 1806: 44992 us total, 11890 us display, type 3
frame 1807: 45750 us total, 12536 us display, type 3
frame 1808: 45177 us total, 11742 us display, type 3
axes L   1279  17840 R     57   -469 T     0     0 level 1, 9 reports in 259 ms
frame 1809: 45861 us total, 12240 us display, type 3
frame 1810: 45043 us total, 11693 us display, type 3
frame 1811: 46153 us total, 12036 us display, type 3
frame 1812: 46039 us total, 11686 us display, type 3
frame 1813: 46352 us total, 12407 us display, type 3
frame 1814: 46291 us total, 11693 us display, type 3
axes L   1279  17742 R     57   -469 T     0     0 level 1, 9 reports in 253 ms
frame 1815: 47422 us total, 12424 us display, type 3
frame 1816: 46986 us total, 11685 us display, type 3
frame 1817: 48003 us total, 11777 us display, type 3
frame 1818: 47570 us total, 12338 us display, type 3
frame 1819: 48069 us total, 11694 us display, type 3
axes L   1279  17645 R     57   -469 T     0     0 level 1, 8 reports in 264 ms
frame 1820: 49766 us total, 12046 us display, type 3
frame 1821: 50324 us total, 12382 us display, type 3
frame 1822: 49218 us total, 11687 us display, type 3
frame 1823: 50485 us total, 12042 us display, type 3
frame 1824: 50419 us total, 11932 us display, type 3
axes L   1279  17645 R     57   -469 T     0     0 level 1, 9 reports in 251 ms
frame 1825: 50229 us total, 11687 us display, type 3
frame 1826: 50846 us total, 11685 us display, type 3
frame 1827: 50055 us total, 11694 us display, type 3
frame 1828: 49314 us total, 12083 us display, type 3
frame 1829: 50132 us total, 12010 us display, type 3
axes L   1279  17543 R     57   -469 T     0     0 level 1, 9 reports in 251 ms
frame 1830: 50827 us total, 11713 us display, type 3
frame 1831: 49974 us total, 12306 us display, type 3
frame 1832: 49347 us total, 12013 us display, type 3
frame 1833: 50092 us total, 12328 us display, type 3
frame 1834: 47011 us total, 11806 us display, type 3
frame 1835: 47672 us total, 12024 us display, type 3
axes L   1279  17440 R     57   -469 T     0     0 level 1, 9 reports in 256 ms
frame 1836: 47377 us total, 11686 us display, type 3
frame 1837: 47423 us total, 12030 us display, type 3
frame 1838: 47093 us total, 11695 us display, type 3
frame 1839: 47679 us total, 11965 us display, type 3
frame 1840: 46931 us total, 12200 us display, type 3
axes L   1279  17341 R     57   -469 T     0     0 level 1, 9 reports in 271 ms
frame 1841: 47349 us total, 11693 us display, type 3
frame 1842: 47043 us total, 12027 us display, type 3
frame 1843: 46378 us total, 11694 us display, type 3
frame 1844: 47306 us total, 12291 us display, type 3
frame 1845: 46851 us total, 11686 us display, type 3
frame 1846: 48152 us total, 12005 us display, type 3
axes L   1279  17256 R     57   -469 T     0     0 level 1, 9 reports in 283 ms
frame 1847: 48503 us total, 12480 us display, type 3
frame 1848: 49111 us total, 12059 us display, type 3
frame 1849: 50007 us total, 11693 us display, type 3
frame 1850: 50144 us total, 11948 us display, type 3
frame 1851: 50394 us total, 12256 us display, type 3
axes L   1279  17241 R     57   -469 T     0     0 level 1, 9 reports in 250 ms
frame 1852: 50516 us total, 11699 us display, type 3
frame 1853: 49782 us total, 11909 us display, type 3
frame 1854: 48072 us total, 11700 us display, type 3
frame 1855: 46617 us total, 12096 us display, type 3
frame 1856: 45625 us total, 11693 us display, type 3
frame 1857: 45689 us total, 12068 us display, type 3
axes L   1279  17144 R     57   -469 T     0     0 level 1, 9 reports in 257 ms
frame 1858: 45090 us total, 11693 us display, type 3
frame 1859: 45476 us total, 12362 us display, type 3
frame 1860: 42736 us total, 11693 us display, type 3
frame 1861: 43352 us total, 11694 us display, type 3
frame 1862: 44248 us total, 12276 us display, type 3
frame 1863: 42978 us total, 11693 us display, type 3
axes L   1279  17048 R     57   -469 T     0     0 level 1, 9 reports in 254 ms
frame 1864: 44248 us total, 12021 us display, type 3
frame 1865: 44207 us total, 11871 us display, type 3
frame 1866: 44619 us total, 12315 us display, type 3
input: down 0x00001
frame 1867: 44405 us total, 12184 us display, type 3
frame 1868: 43971 us total, 11939 us display, type 3
axes L   1279  16947 R     57   -469 T     0     0 level 1, 10 reports in 252 ms
frame 1869: 44279 us total, 11802 us display, type 3
frame 1870: 44074 us total, 11685 us display, type 3
frame 1871: 45488 us total, 11692 us display, type 3
frame 1872: 44343 us total, 11689 us display, type 3
frame 1873: 44626 us total, 11699 us display, type 3
frame 1874: 44519 us total, 11692 us display, type 3
axes L   1279  16850 R     57   -469 T     0     0 level 1, 10 reports in 268 ms
frame 1875: 45294 us total, 11693 us display, type 3
frame 1876: 44436 us total, 11686 us display, type 3
frame 1877: 45027 us total, 11685 us display, type 3
frame 1878: 44665 us total, 11693 us display, type 3
frame 1879: 44950 us total, 11693 us display, type 3
frame 1880: 44778 us total, 12545 us display, type 3
frame 1881: 44094 us total, 12060 us display, type 3
axes L   1279  16752 R     57   -469 T     0     0 level 1, 10 reports in 280 ms
frame 1882: 45024 us total, 12068 us display, type 3
frame 1883: 43487 us total, 11687 us display, type 3
frame 1884: 44660 us total, 12050 us display, type 3
frame 1885: 43885 us total, 11708 us display, type 3
frame 1886: 44252 us total, 12042 us display, type 3
axes L   1279  16752 R     57   -469 T     0     0 level 1, 9 reports in 252 ms
frame 1887: 44576 us total, 12075 us display, type 3
frame 1888: 44219 us total, 11970 us display, type 3
frame 1889: 43796 us total, 11693 us display, type 3
frame 1890: 44563 us total, 12035 us display, type 3
frame 1891: 44877 us total, 11826 us display, type 3
frame 1892: 44778 us total, 12314 us display, type 3
axes L   1279  16655 R     57   -469 T     0     0 level 1, 10 reports in 267 ms
frame 1893: 45209 us total, 11893 us display, type 3
frame 1894: 44806 us total, 12147 us display, type 3
frame 1895: 44998 us total, 12225 us display, type 3
frame 1896: 44582 us total, 11687 us display, type 3
frame 1897: 44862 us total, 12020 us display, type 3
frame 1898: 44513 us total, 11700 us display, type 3
frame 1899: 44598 us total, 12189 us display, type 3
axes L   1279  16555 R     57   -469 T     0     0 level 1, 10 reports in 281 ms
frame 1900: 44937 us total, 11686 us display, type 3
frame 1901: 45133 us total, 11693 us display, type 3
frame 1902: 44868 us total, 12196 us display, type 3
frame 1903: 44890 us total, 11687 us display, type 3
frame 1904: 44998 us total, 12202 us display, type 3
axes L   1279  16455 R     57   -469 T     0     0 level 1, 9 reports in 256 ms
frame 1905: 44957 us total, 11732 us display, type 3
frame 1906: 44969 us total, 11911 us display, type 3
frame 1907: 45097 us total, 12200 us display, type 3
frame 1908: 44334 us total, 11693 us display, type 3
frame 1909: 44907 us total, 12348 us display, type 3
frame 1910: 44766 us total, 11749 us display, type 3
axes L   1279  16354 R     57   -469 T     0     0 level 1, 9 reports in 268 ms
frame 1911: 45063 us total, 12351 us display, type 3
frame 1912: 44959 us total, 12276 us display, type 3
frame 1913: 44732 us total, 12419 us display, type 3
frame 1914: 44723 us total, 11795 us display, type 3
frame 1915: 44531 us total, 11932 us display, type 3
frame 1916: 44511 us total, 11694 us display, type 3
axes L   1279  16257 R     57   -469 T     0     0 level 1, 10 reports in 268 ms
frame 1917: 45387 us total, 12524 us display, type 3
frame 1918: 43806 us total, 11692 us display, type 3
frame 1919: 44806 us total, 11693 us display, type 3
frame 1920: 45294 us total, 11693 us display, type 3
frame 1921: 44629 us total, 11692 us display, type 3
frame 1922: 45028 us total, 11700 us display, type 3
axes L   1279  16161 R     57   -469 T     0     0 level 1, 9 reports in 270 ms
frame 1923: 46439 us total, 12481 us display, type 3
frame 1924: 44257 us total, 11732 us display, type 3
frame 1925: 44005 us total, 11685 us display, type 3
frame 1926: 45455 us total, 11699 us display, type 3
frame 1927: 44532 us total, 11685 us display, type 3
frame 1928: 45489 us total, 11692 us display, type 3
axes L   1279  16064 R     57   -469 T     0     0 level 1, 9 reports in 269 ms
frame 1929: 45346 us total, 11692 us display, type 3
frame 1930: 45168 us total, 11702 us display, type 3
frame 1931: 44437 us total, 11692 us display, type 3
frame 1932: 44946 us total, 11699 us display, type 3
frame 1933: 45275 us total, 11693 us display, type 3
frame 1934: 44294 us total, 11685 us display, type 3
axes L   1313  15965 R     57   -469 T     0     0 level 1, 10 reports in 270 ms
frame 1935: 46175 us total, 11685 us display, type 3
frame 1936: 44373 us total, 11692 us display, type 3
frame 1937: 45091 us total, 11692 us display, type 3
frame 1938: 45408 us total, 11855 us display, type 3
frame 1939: 44405 us total, 11692 us display, type 3
frame 1940: 45565 us total, 11999 us display, type 3
frame 1941: 44289 us total, 11692 us display, type 3
axes L   1313  15869 R     57   -469 T     0     0 level 1, 9 reports in 281 ms
frame 1942: 46205 us total, 11701 us display, type 3
frame 1943: 45285 us total, 12506 us display, type 3
frame 1944: 44962 us total, 12381 us display, type 3
frame 1945: 45010 us total, 12000 us display, type 3
frame 1946: 44282 us total, 11806 us display, type 3
axes L   1313  15770 R     57   -469 T     0     0 level 1, 10 reports in 257 ms
frame 1947: 44787 us total, 11685 us display, type 3
frame 1948: 45209 us total, 11685 us display, type 3
frame 1949: 44543 us total, 11699 us display, type 3
frame 1950: 45460 us total, 11936 us display, type 3
frame 1951: 44185 us total, 11693 us display, type 3
frame 1952: 45816 us total, 11971 us display, type 3
axes L   1313  15672 R     57   -469 T     0     0 level 1, 9 reports in 269 ms
frame 1953: 44513 us total, 11692 us display, type 3
frame 1954: 45637 us total, 11685 us display, type 3
frame 1955: 44233 us total, 11699 us display, type 3
frame 1956: 45263 us total, 11693 us display, type 3
frame 1957: 44555 us total, 11692 us display, type 3
frame 1958: 45799 us total, 11922 us display, type 3
axes L   1313  15582 R     57   -469 T     0     0 level 1, 10 reports in 270 ms
frame 1959: 45099 us total, 11685 us display, type 3
frame 1960: 44041 us total, 11685 us display, type 3
frame 1961: 45830 us total, 12001 us display, type 3
frame 1962: 44112 us total, 11685 us display, type 3
frame 1963: 44973 us total, 11691 us display, type 3
frame 1964: 44223 us total, 11692 us display, type 3
axes L   1313  15575 R     57   -469 T     0     0 level 1, 9 reports in 268 ms
frame 1965: 45808 us total, 11685 us display, type 3
frame 1966: 44758 us total, 11686 us display, type 3
frame 1967: 45445 us total, 11692 us display, type 3
frame 1968: 45710 us total, 11951 us display, type 3
frame 1969: 44425 us total, 11692 us display, type 3
frame 1970: 45135 us total, 11693 us display, type 3
axes L   1313  15479 R     57   -469 T     0     0 level 1, 9 reports in 270 ms
frame 1971: 45141 us total, 11692 us display, type 3
frame 1972: 44838 us total, 11699 us display, type 3
frame 1973: 45086 us total, 11693 us display, type 3
frame 1974: 44987 us total, 11700 us display, type 3
frame 1975: 44588 us total, 11693 us display, type 3
frame 1976: 45061 us total, 11692 us display, type 3
axes L   1313  15375 R     57   -469 T     0     0 level 1, 9 reports in 269 ms
frame 1977: 45152 us total, 11692 us display, type 3
frame 1978: 45142 us total, 11692 us display, type 3
frame 1979: 44501 us total, 11691 us display, type 3
frame 1980: 45943 us total, 11774 us display, type 3
frame 1981: 44247 us total, 11697 us display, type 3
frame 1982: 45326 us total, 11693 us display, type 3
axes L   1313  15285 R     57   -469 T     0     0 level 1, 10 reports in 270 ms
frame 1983: 45484 us total, 11692 us display, type 3
frame 1984: 44445 us total, 11693 us display, type 3
frame 1985: 45158 us total, 11693 us display, type 3
frame 1986: 44730 us total, 11699 us display, type 3
frame 1987: 45253 us total, 11693 us display, type 3
frame 1988: 44538 us total, 11692 us display, type 3
axes L   1313  15278 R     57   -469 T     0     0 level 1, 9 reports in 269 ms
frame 1989: 45833 us total, 11784 us display, type 3
frame 1990: 44423 us total, 11692 us display, type 3
frame 1991: 45222 us total, 11693 us display, type 3
frame 1992: 45211 us total, 11686 us display, type 3
frame 1993: 45133 us total, 11778 us display, type 3
frame 1994: 44386 us total, 11699 us display, type 3
frame 1995: 44983 us total, 11692 us display, type 3
axes L   1313  15182 R     57   -469 T     0     0 level 1, 9 reports in 282 ms
frame 1996: 45432 us total, 11686 us display, type 3
frame 1997: 45202 us total, 11764 us display, type 3
frame 1998: 44174 us total, 11692 us display, type 3
frame 1999: 45826 us total, 11741 us display, type 3
frame 2000: 44183 us total, 11692 us display, type 3
axes L   1313  15086 R     57   -469 T     0     0 level 1, 9 reports in 257 ms
frame 2001: 45674 us total, 11685 us display, type 3
frame 2002: 45115 us total, 11990 us display, type 3
frame 2003: 44785 us total, 11685 us display, type 3
frame 2004: 45348 us total, 11686 us display, type 3
frame 2005: 44479 us total, 11693 us display, type 3
frame 2006: 45398 us total, 11997 us display, type 3
frame 2007: 44266 us total, 11692 us display, type 3
axes L   1313  15082 R     57   -469 T     0     0 level 1, 9 reports in 282 ms
frame 2008: 45738 us total, 11858 us display, type 3
frame 2009: 44481 us total, 11692 us display, type 3
frame 2010: 45033 us total, 11692 us display, type 3
frame 2011: 45073 us total, 11693 us display, type 3
frame 2012: 45059 us total, 11692 us display, type 3
axes L   1313  14980 R     57   -469 T     0     0 level 1, 9 reports in 257 ms
frame 2013: 44946 us total, 11693 us display, type 3
frame 2014: 44852 us total, 11692 us display, type 3
frame 2015: 44956 us total, 11699 us display, type 3
frame 2016: 45148 us total, 11699 us display, type 3
frame 2017: 44707 us total, 11698 us display, type 3
frame 2018: 45849 us total, 11685 us display, type 3
axes L   1313  14980 R     57   -469 T     0     0 level 1, 9 reports in 270 ms
frame 2019: 44635 us total, 11685 us display, type 3
frame 2020: 45273 us total, 11743 us display, type 3
frame 2021: 44144 us total, 11685 us display, type 3
frame 2022: 45853 us total, 11888 us display, type 3
frame 2023: 44337 us total, 11692 us display, type 3
frame 2024: 45663 us total, 11868 us display, type 3
axes L   1313  14884 R     57   -469 T     0     0 level 1, 9 reports in 269 ms
frame 2025: 44718 us total, 11685 us display, type 3
frame 2026: 45279 us total, 12004 us display, type 3
frame 2027: 44250 us total, 11694 us display, type 3
frame 2028: 45103 us total, 11692 us display, type 3
frame 2029: 44721 us total, 11686 us display, type 3
frame 2030: 45396 us total, 11697 us display, type 3
axes L   1313  14788 R     57   -469 T     0     0 level 1, 9 reports in 270 ms
frame 2031: 45316 us total, 11685 us display, type 3
frame 2032: 45221 us total, 11738 us display, type 3
frame 2033: 44096 us total, 11685 us display, type 3
frame 2034: 45898 us total, 11851 us display, type 3
frame 2035: 44036 us total, 11692 us display, type 3
frame 2036: 45446 us total, 11692 us display, type 3
axes L   1313  14788 R     57   -469 T     0     0 level 1, 9 reports in 269 ms
frame 2037: 45241 us total, 11685 us display, type 3
frame 2038: 45280 us total, 11729 us display, type 3
frame 2039: 44251 us total, 11693 us display, type 3
frame 2040: 44880 us total, 11685 us display, type 3
frame 2041: 45867 us total, 11853 us display, type 3
frame 2042: 44279 us total, 11693 us display, type 3
axes L   1313  14690 R     57   -469 T     0     0 level 1, 10 reports in 270 ms
frame 2043: 46093 us total, 11693 us display, type 3
frame 2044: 44431 us total, 11685 us display, type 3
frame 2045: 45196 us total, 11844 us display, type 3
frame 2046: 44353 us total, 11693 us display, type 3
frame 2047: 45160 us total, 11692 us display, type 3
frame 2048: 44349 us total, 11686 us display, type 3
mem @frame 2048: heap free 66356, largest 40960, min ever 65536, zone free 55016, stack free 14540, uptime 81 s, gamestate 0, demo 0, usergame 1, tic 2750
axes L   1313  14690 R     57   -469 T     0     0 level 1, 9 reports in 269 ms
frame 2049: 46418 us total, 11692 us display, type 3
frame 2050: 44306 us total, 11693 us display, type 3
frame 2051: 45337 us total, 11954 us display, type 3
frame 2052: 43835 us total, 11692 us display, type 3
frame 2053: 45180 us total, 11685 us display, type 3
frame 2054: 44467 us total, 11693 us display, type 3
axes L   1313  14592 R     57   -469 T     0     0 level 1, 9 reports in 268 ms
frame 2055: 45765 us total, 11693 us display, type 3
frame 2056: 45023 us total, 11693 us display, type 3
frame 2057: 45801 us total, 12000 us display, type 3
frame 2058: 44398 us total, 11700 us display, type 3
frame 2059: 44971 us total, 11693 us display, type 3
frame 2060: 44895 us total, 11692 us display, type 3
frame 2061: 45027 us total, 11692 us display, type 3
axes L   1313  14592 R     57   -469 T     0     0 level 1, 9 reports in 282 ms
frame 2062: 45299 us total, 11692 us display, type 3
frame 2063: 45416 us total, 12001 us display, type 3
frame 2064: 44998 us total, 11879 us display, type 3
frame 2065: 45002 us total, 11893 us display, type 3
frame 2066: 44242 us total, 11699 us display, type 3
axes L   1313  14494 R     57   -469 T     0     0 level 1, 10 reports in 257 ms
frame 2067: 45762 us total, 11775 us display, type 3
frame 2068: 44347 us total, 11692 us display, type 3
frame 2069: 45682 us total, 11693 us display, type 3
frame 2070: 44292 us total, 11693 us display, type 3
frame 2071: 45218 us total, 11693 us display, type 3
frame 2072: 44966 us total, 11692 us display, type 3
axes L   1313  14494 R     57   -469 T     0     0 level 1, 9 reports in 269 ms
frame 2073: 45488 us total, 11962 us display, type 3
frame 2074: 44325 us total, 11694 us display, type 3
frame 2075: 45232 us total, 11693 us display, type 3
frame 2076: 45446 us total, 11814 us display, type 3
frame 2077: 44219 us total, 11692 us display, type 3
frame 2078: 44993 us total, 11692 us display, type 3
axes L   1313  14396 R     57   -469 T     0     0 level 1, 9 reports in 269 ms
frame 2079: 45349 us total, 11693 us display, type 3
frame 2080: 45055 us total, 11694 us display, type 3
frame 2081: 45083 us total, 11692 us display, type 3
frame 2082: 45290 us total, 11901 us display, type 3
frame 2083: 44577 us total, 11693 us display, type 3
frame 2084: 45434 us total, 11886 us display, type 3
axes L   1313  14396 R     57   -469 T     0     0 level 1, 9 reports in 270 ms
frame 2085: 45750 us total, 12319 us display, type 3
frame 2086: 44583 us total, 11692 us display, type 3
frame 2087: 45042 us total, 11694 us display, type 3
frame 2088: 45648 us total, 11794 us display, type 3
frame 2089: 44720 us total, 11984 us display, type 3
frame 2090: 44400 us total, 11685 us display, type 3
axes L   1313  14297 R     57   -469 T     0     0 level 1, 10 reports in 270 ms
frame 2091: 45604 us total, 12031 us display, type 3
frame 2092: 44403 us total, 11685 us display, type 3
frame 2093: 45570 us total, 12521 us display, type 3
frame 2094: 44757 us total, 11693 us display, type 3
frame 2095: 45278 us total, 12259 us display, type 3
frame 2096: 44325 us total, 11685 us display, type 3
axes L   1313  14297 R     57   -469 T     0     0 level 1, 9 reports in 269 ms
frame 2097: 44684 us total, 11689 us display, type 3
frame 2098: 45950 us total, 12177 us display, type 3
frame 2099: 44435 us total, 11686 us display, type 3
frame 2100: 45596 us total, 12399 us display, type 3
frame 2101: 44362 us total, 11685 us display, type 3
frame 2102: 44720 us total, 11693 us display, type 3
axes L   1313  14201 R     57   -469 T     0     0 level 1, 10 reports in 270 ms
frame 2103: 45769 us total, 11693 us display, type 3
frame 2104: 45142 us total, 12187 us display, type 3
frame 2105: 44670 us total, 11693 us display, type 3
frame 2106: 45331 us total, 12341 us display, type 3
frame 2107: 45195 us total, 11805 us display, type 3
frame 2108: 44994 us total, 11777 us display, type 3
axes L   1313  14105 R     57   -469 T     0     0 level 1, 9 reports in 270 ms
frame 2109: 45740 us total, 12350 us display, type 3
frame 2110: 45176 us total, 11875 us display, type 3
frame 2111: 44946 us total, 12331 us display, type 3
frame 2112: 44739 us total, 11790 us display, type 3
frame 2113: 45254 us total, 12318 us display, type 3
frame 2114: 45057 us total, 11930 us display, type 3
axes L   1313  14105 R     57   -469 T     0     0 level 1, 9 reports in 270 ms
frame 2115: 45441 us total, 12335 us display, type 3
frame 2116: 44569 us total, 11873 us display, type 3
frame 2117: 45721 us total, 12431 us display, type 3
frame 2118: 44565 us total, 11686 us display, type 3
frame 2119: 45607 us total, 12210 us display, type 3
frame 2120: 44581 us total, 11694 us display, type 3
axes L   1313  14007 R     57   -469 T     0     0 level 1, 9 reports in 270 ms
frame 2121: 45737 us total, 12192 us display, type 3
frame 2122: 44707 us total, 11686 us display, type 3
frame 2123: 45347 us total, 12197 us display, type 3
frame 2124: 44642 us total, 11760 us display, type 3
frame 2125: 45006 us total, 12216 us display, type 3
frame 2126: 44992 us total, 11724 us display, type 3
frame 2127: 44809 us total, 12225 us display, type 3
axes L   1313  13911 R     57   -469 T     0     0 level 1, 10 reports in 282 ms
frame 2128: 45186 us total, 11974 us display, type 3
frame 2129: 45114 us total, 12188 us display, type 3
frame 2130: 44890 us total, 11940 us display, type 3
frame 2131: 45246 us total, 12190 us display, type 3
frame 2132: 44778 us total, 11686 us display, type 3
axes L   1313  13911 R     57   -469 T     0     0 level 1, 8 reports in 257 ms
frame 2133: 45715 us total, 12047 us display, type 3
frame 2134: 44599 us total, 11686 us display, type 3
frame 2135: 45047 us total, 12193 us display, type 3
frame 2136: 45349 us total, 12129 us display, type 3
frame 2137: 44449 us total, 11687 us display, type 3
frame 2138: 45552 us total, 12411 us display, type 3
frame 2139: 44344 us total, 11694 us display, type 3
axes L   1313  13810 R     57   -469 T     0     0 level 1, 10 reports in 282 ms
frame 2140: 45285 us total, 12189 us display, type 3
frame 2141: 44302 us total, 11693 us display, type 3
frame 2142: 45152 us total, 12459 us display, type 3
frame 2143: 44418 us total, 11689 us display, type 3
frame 2144: 45038 us total, 12352 us display, type 3
axes L   1313  13712 R     57   -469 T     0     0 level 1, 9 reports in 257 ms
frame 2145: 45732 us total, 11861 us display, type 3
frame 2146: 44907 us total, 12198 us display, type 3
frame 2147: 44730 us total, 11699 us display, type 3
frame 2148: 45292 us total, 12208 us display, type 3
frame 2149: 44743 us total, 11693 us display, type 3
frame 2150: 45145 us total, 12222 us display, type 3
axes L   1313  13712 R     57   -469 T     0     0 level 1, 9 reports in 269 ms
frame 2151: 45189 us total, 11859 us display, type 3
frame 2152: 45219 us total, 12189 us display, type 3
frame 2153: 44770 us total, 12213 us display, type 3
frame 2154: 44668 us total, 11694 us display, type 3
frame 2155: 45160 us total, 12191 us display, type 3
frame 2156: 44710 us total, 11693 us display, type 3
axes L   1313  13616 R     57   -469 T     0     0 level 1, 9 reports in 270 ms
frame 2157: 46199 us total, 12466 us display, type 3
frame 2158: 44542 us total, 11694 us display, type 3
frame 2159: 45455 us total, 12379 us display, type 3
frame 2160: 44878 us total, 12025 us display, type 3
frame 2161: 44914 us total, 11693 us display, type 3
frame 2162: 45207 us total, 12428 us display, type 3
axes L   1313  13520 R     57   -469 T     0     0 level 1, 10 reports in 270 ms
frame 2163: 45210 us total, 11834 us display, type 3
frame 2164: 45180 us total, 12020 us display, type 3
frame 2165: 44253 us total, 11687 us display, type 3
frame 2166: 45016 us total, 12192 us display, type 3
frame 2167: 44601 us total, 11743 us display, type 3
frame 2168: 45351 us total, 11686 us display, type 3
axes L   1313  13415 R     57   -469 T     0     0 level 1, 9 reports in 269 ms
frame 2169: 45416 us total, 12013 us display, type 3
frame 2170: 44752 us total, 11693 us display, type 3
frame 2171: 45287 us total, 12015 us display, type 3
frame 2172: 44509 us total, 11686 us display, type 3
frame 2173: 45429 us total, 12317 us display, type 3
frame 2174: 44880 us total, 11694 us display, type 3
axes L   1313  13415 R     57   -469 T     0     0 level 1, 9 reports in 270 ms
frame 2175: 45335 us total, 12015 us display, type 3
frame 2176: 44984 us total, 11709 us display, type 3
frame 2177: 44803 us total, 12045 us display, type 3
frame 2178: 44755 us total, 11698 us display, type 3
frame 2179: 45237 us total, 12409 us display, type 3
frame 2180: 45207 us total, 11941 us display, type 3
axes L   1313  13317 R     57   -469 T     0     0 level 1, 9 reports in 270 ms
frame 2181: 45729 us total, 12455 us display, type 3
frame 2182: 45201 us total, 11967 us display, type 3
frame 2183: 45741 us total, 12254 us display, type 3
frame 2184: 44553 us total, 11686 us display, type 3
frame 2185: 45447 us total, 12394 us display, type 3
frame 2186: 44694 us total, 11688 us display, type 3
axes L   1313  13217 R     57   -469 T     0     0 level 1, 9 reports in 271 ms
frame 2187: 45397 us total, 12026 us display, type 3
frame 2188: 44599 us total, 11694 us display, type 3
frame 2189: 44686 us total, 12042 us display, type 3
frame 2190: 44461 us total, 11693 us display, type 3
frame 2191: 44295 us total, 12057 us display, type 3
frame 2192: 44503 us total, 11687 us display, type 3
frame 2193: 44868 us total, 12188 us display, type 3
axes L   1313  13120 R     57   -469 T     0     0 level 1, 10 reports in 280 ms
frame 2194: 45144 us total, 11686 us display, type 3
frame 2195: 45101 us total, 12200 us display, type 3
frame 2196: 44886 us total, 11686 us display, type 3
frame 2197: 45488 us total, 12499 us display, type 3
frame 2198: 44506 us total, 11686 us display, type 3
axes L   1313  13016 R     57   -469 T     0     0 level 1, 8 reports in 257 ms
frame 2199: 45506 us total, 12080 us display, type 3
frame 2200: 44263 us total, 11694 us display, type 3
frame 2201: 45307 us total, 12195 us display, type 3
frame 2202: 44891 us total, 11686 us display, type 3
frame 2203: 45014 us total, 12200 us display, type 3
frame 2204: 44782 us total, 11979 us display, type 3
axes L   1313  12920 R     57   -469 T     0     0 level 1, 9 reports in 269 ms
frame 2205: 45282 us total, 12202 us display, type 3
frame 2206: 44728 us total, 11749 us display, type 3
frame 2207: 44862 us total, 12195 us display, type 3
frame 2208: 45137 us total, 11770 us display, type 3
frame 2209: 45284 us total, 12209 us display, type 3
frame 2210: 44713 us total, 11894 us display, type 3
axes L   1313  12818 R     57   -469 T     0     0 level 1, 9 reports in 270 ms
frame 2211: 45728 us total, 12431 us display, type 3
frame 2212: 44558 us total, 11694 us display, type 3
frame 2213: 45443 us total, 12489 us display, type 3
frame 2214: 44542 us total, 11694 us display, type 3
frame 2215: 45464 us total, 12408 us display, type 3
frame 2216: 44639 us total, 11686 us display, type 3
axes L   1313  12714 R     57   -469 T     0     0 level 1, 9 reports in 270 ms
frame 2217: 45359 us total, 12313 us display, type 3
frame 2218: 44690 us total, 11693 us display, type 3
frame 2219: 44748 us total, 12192 us display, type 3
frame 2220: 44900 us total, 11693 us display, type 3
frame 2221: 45659 us total, 12346 us display, type 3
frame 2222: 44925 us total, 11995 us display, type 3
axes L   1313  12617 R     57   -469 T     0     0 level 1, 10 reports in 270 ms
frame 2223: 44956 us total, 11693 us display, type 3
frame 2224: 45118 us total, 12374 us display, type 3
frame 2225: 44710 us total, 11693 us display, type 3
frame 2226: 44748 us total, 12188 us display, type 3
frame 2227: 45480 us total, 12235 us display, type 3
frame 2228: 44988 us total, 12017 us display, type 3
axes L   1313  12521 R     57   -469 T     0     0 level 1, 10 reports in 269 ms
frame 2229: 44787 us total, 11693 us display, type 3
frame 2230: 44930 us total, 12191 us display, type 3
frame 2231: 44640 us total, 11885 us display, type 3
frame 2232: 45267 us total, 12206 us display, type 3
frame 2233: 44201 us total, 11700 us display, type 3
frame 2234: 45513 us total, 11763 us display, type 3
axes L   1313  12423 R     57   -469 T     0     0 level 1, 9 reports in 269 ms
frame 2235: 45148 us total, 12208 us display, type 3
frame 2236: 44861 us total, 11948 us display, type 3
frame 2237: 45238 us total, 12198 us display, type 3
frame 2238: 44211 us total, 11694 us display, type 3
frame 2239: 45361 us total, 12374 us display, type 3
frame 2240: 45174 us total, 12152 us display, type 3
axes L   1313  12327 R     57   -469 T     0     0 level 1, 10 reports in 270 ms
frame 2241: 45100 us total, 11686 us display, type 3
frame 2242: 44965 us total, 12207 us display, type 3
frame 2243: 44558 us total, 11694 us display, type 3
frame 2244: 45201 us total, 12201 us display, type 3
frame 2245: 44371 us total, 11689 us display, type 3
frame 2246: 45633 us total, 12348 us display, type 3
frame 2247: 45149 us total, 12207 us display, type 3
axes L   1313  12225 R     57   -469 T     0     0 level 1, 10 reports in 282 ms
frame 2248: 45038 us total, 11711 us display, type 3
frame 2249: 45062 us total, 12215 us display, type 3
frame 2250: 44938 us total, 11885 us display, type 3
frame 2251: 45121 us total, 12199 us display, type 3
frame 2252: 44377 us total, 11693 us display, type 3
axes L   1313  12225 R     57   -469 T     0     0 level 1, 8 reports in 257 ms
frame 2253: 45799 us total, 12201 us display, type 3
frame 2254: 44383 us total, 11694 us display, type 3
frame 2255: 45135 us total, 12286 us display, type 3
frame 2256: 44533 us total, 11689 us display, type 3
frame 2257: 45243 us total, 12340 us display, type 3
frame 2258: 44896 us total, 11700 us display, type 3
frame 2259: 45322 us total, 12187 us display, type 3
axes L   1313  12127 R     57   -469 T     0     0 level 1, 10 reports in 282 ms
frame 2260: 45191 us total, 11732 us display, type 3
frame 2261: 44862 us total, 12198 us display, type 3
frame 2262: 45127 us total, 11986 us display, type 3
frame 2263: 45239 us total, 12192 us display, type 3
frame 2264: 44286 us total, 11693 us display, type 3
axes L   1313  12025 R     57   -469 T     0     0 level 1, 8 reports in 257 ms
frame 2265: 45783 us total, 12193 us display, type 3
frame 2266: 44687 us total, 11900 us display, type 3
frame 2267: 45087 us total, 12210 us display, type 3
frame 2268: 44437 us total, 11693 us display, type 3
frame 2269: 45303 us total, 12401 us display, type 3
frame 2270: 44778 us total, 11693 us display, type 3
axes L   1313  11928 R     57   -469 T     0     0 level 1, 9 reports in 269 ms
frame 2271: 45375 us total, 12211 us display, type 3
frame 2272: 45045 us total, 11687 us display, type 3
frame 2273: 44891 us total, 12194 us display, type 3
frame 2274: 45100 us total, 11967 us display, type 3
frame 2275: 45049 us total, 12208 us display, type 3
frame 2276: 45121 us total, 12196 us display, type 3
axes L   1313  11832 R     57   -469 T     0     0 level 1, 10 reports in 270 ms
frame 2277: 44879 us total, 11686 us display, type 3
frame 2278: 45043 us total, 12196 us display, type 3
frame 2279: 44397 us total, 11693 us display, type 3
frame 2280: 44915 us total, 12336 us display, type 3
frame 2281: 44696 us total, 11687 us display, type 3
frame 2282: 45399 us total, 12342 us display, type 3
axes L   1313  11743 R     57   -469 T     0     0 level 1, 9 reports in 269 ms
frame 2283: 45425 us total, 12212 us display, type 3
frame 2284: 45077 us total, 11774 us display, type 3
frame 2285: 45110 us total, 12196 us display, type 3
frame 2286: 44889 us total, 11908 us display, type 3
frame 2287: 44897 us total, 12202 us display, type 3
frame 2288: 45103 us total, 11899 us display, type 3
axes L   1313  11734 R     57   -469 T     0     0 level 1, 9 reports in 270 ms
frame 2289: 45397 us total, 12194 us display, type 3
frame 2290: 44606 us total, 11860 us display, type 3
frame 2291: 45360 us total, 11686 us display, type 3
frame 2292: 44708 us total, 11694 us display, type 3
frame 2293: 45152 us total, 12202 us display, type 3
frame 2294: 44412 us total, 11695 us display, type 3
axes L   1313  11634 R     57   -469 T     0     0 level 1, 10 reports in 269 ms
frame 2295: 45447 us total, 12203 us display, type 3
frame 2296: 44530 us total, 11693 us display, type 3
frame 2297: 45469 us total, 12190 us display, type 3
frame 2298: 44922 us total, 11860 us display, type 3
frame 2299: 44842 us total, 12193 us display, type 3
frame 2300: 44788 us total, 11705 us display, type 3
frame 2301: 45180 us total, 12217 us display, type 3
axes L   1313  11536 R     57   -469 T     0     0 level 1, 10 reports in 282 ms
frame 2302: 45188 us total, 11969 us display, type 3
frame 2303: 45326 us total, 12192 us display, type 3
frame 2304: 44673 us total, 11925 us display, type 3
mem @frame 2304: heap free 66356, largest 40960, min ever 65536, zone free 55016, stack free 14540, uptime 92 s, gamestate 0, demo 0, usergame 1, tic 3153
frame 2305: 45915 us total, 12014 us display, type 3
frame 2306: 44242 us total, 11686 us display, type 3
axes L   1313  11536 R     57   -469 T     0     0 level 1, 8 reports in 257 ms
frame 2307: 45579 us total, 12191 us display, type 3
frame 2308: 44507 us total, 11687 us display, type 3
frame 2309: 45074 us total, 12192 us display, type 3
frame 2310: 44998 us total, 11687 us display, type 3
frame 2311: 44825 us total, 12202 us display, type 3
frame 2312: 44860 us total, 11775 us display, type 3
frame 2313: 44846 us total, 12192 us display, type 3
axes L   1313  11438 R     57   -469 T     0     0 level 1, 10 reports in 282 ms
frame 2314: 45159 us total, 11728 us display, type 3
frame 2315: 44938 us total, 12212 us display, type 3
frame 2316: 45059 us total, 11830 us display, type 3
frame 2317: 45080 us total, 12207 us display, type 3
frame 2318: 44246 us total, 11692 us display, type 3
axes L   1313  11341 R     57   -469 T     0     0 level 1, 8 reports in 256 ms
frame 2319: 45485 us total, 12243 us display, type 3
frame 2320: 44535 us total, 11687 us display, type 3
frame 2321: 44853 us total, 12352 us display, type 3
frame 2322: 44424 us total, 11799 us display, type 3
frame 2323: 45505 us total, 12351 us display, type 3
frame 2324: 44431 us total, 11802 us display, type 3
axes L   1377  11341 R     57   -469 T     0     0 level 1, 10 reports in 269 ms
frame 2325: 45073 us total, 11802 us display, type 3
frame 2326: 45362 us total, 12331 us display, type 3
frame 2327: 44410 us total, 11789 us display, type 3
frame 2328: 44815 us total, 11924 us display, type 3
frame 2329: 44951 us total, 11944 us display, type 3
frame 2330: 44808 us total, 12044 us display, type 3
axes L   1377  11245 R     57   -469 T     0     0 level 1, 9 reports in 269 ms
frame 2331: 45191 us total, 11954 us display, type 3
frame 2332: 44804 us total, 12300 us display, type 3
frame 2333: 44668 us total, 11694 us display, type 3
frame 2334: 44243 us total, 11692 us display, type 3
frame 2335: 45939 us total, 11694 us display, type 3
frame 2336: 45336 us total, 11920 us display, type 3
axes L   1377  11156 R     57   -469 T     0     0 level 1, 9 reports in 270 ms
frame 2337: 45073 us total, 11923 us display, type 3
frame 2338: 44938 us total, 11940 us display, type 3
frame 2339: 44865 us total, 11915 us display, type 3
frame 2340: 44511 us total, 11699 us display, type 3
frame 2341: 44342 us total, 11692 us display, type 3
frame 2342: 45912 us total, 11694 us display, type 3
axes L   1377  11145 R     57   -469 T     0     0 level 1, 9 reports in 269 ms
frame 2343: 45187 us total, 12010 us display, type 3
frame 2344: 44346 us total, 11685 us display, type 3
frame 2345: 44702 us total, 11685 us display, type 3
frame 2346: 45908 us total, 12400 us display, type 3
frame 2347: 45024 us total, 12020 us display, type 3
frame 2348: 44682 us total, 11693 us display, type 3
axes L   1377  11049 R     57   -469 T     0     0 level 1, 10 reports in 270 ms
frame 2349: 45330 us total, 11914 us display, type 3
frame 2350: 44613 us total, 11694 us display, type 3
frame 2351: 44473 us total, 11693 us display, type 3
frame 2352: 45518 us total, 11694 us display, type 3
frame 2353: 44204 us total, 11693 us display, type 3
frame 2354: 45767 us total, 11699 us display, type 3
frame 2355: 44341 us total, 11693 us display, type 3
axes L   1377  11049 R     57   -469 T     0     0 level 1, 10 reports in 282 ms
frame 2356: 45725 us total, 11701 us display, type 3
frame 2357: 45361 us total, 12451 us display, type 3
frame 2358: 44555 us total, 11693 us display, type 3
frame 2359: 44426 us total, 11685 us display, type 3
frame 2360: 45289 us total, 11686 us display, type 3
axes L   1377  10953 R     57   -469 T     0     0 level 1, 8 reports in 257 ms
frame 2361: 45783 us total, 11911 us display, type 3
frame 2362: 44633 us total, 11694 us display, type 3
frame 2363: 45316 us total, 12500 us display, type 3
frame 2364: 44681 us total, 11694 us display, type 3
frame 2365: 44340 us total, 11685 us display, type 3
frame 2366: 45423 us total, 11692 us display, type 3
frame 2367: 44352 us total, 11693 us display, type 3
axes L   1377  10953 R     57   -469 T     0     0 level 1, 9 reports in 281 ms
frame 2368: 46201 us total, 12080 us display, type 3
frame 2369: 44505 us total, 11696 us display, type 3
frame 2370: 44377 us total, 11693 us display, type 3
frame 2371: 45507 us total, 11686 us display, type 3
frame 2372: 44215 us total, 11693 us display, type 3
axes L   1377  10857 R     57   -469 T     0     0 level 1, 10 reports in 258 ms
frame 2373: 46592 us total, 11948 us display, type 3
frame 2374: 44794 us total, 12093 us display, type 3
frame 2375: 44616 us total, 11693 us display, type 3
frame 2376: 44503 us total, 11686 us display, type 3
frame 2377: 45485 us total, 11692 us display, type 3
frame 2378: 44475 us total, 11685 us display, type 3
axes L   1377  10768 R     57   -469 T     0     0 level 1, 9 reports in 269 ms
frame 2379: 45501 us total, 11700 us display, type 3
frame 2380: 45429 us total, 12170 us display, type 3
frame 2381: 44989 us total, 12326 us display, type 3
frame 2382: 44518 us total, 11693 us display, type 3
frame 2383: 44375 us total, 11693 us display, type 3
frame 2384: 45546 us total, 11693 us display, type 3
axes L   1377  10756 R     57   -469 T     0     0 level 1, 9 reports in 269 ms
frame 2385: 45576 us total, 12244 us display, type 3
frame 2386: 44678 us total, 11694 us display, type 3
frame 2387: 45319 us total, 12315 us display, type 3
frame 2388: 44475 us total, 11693 us display, type 3
frame 2389: 45533 us total, 12617 us display, type 3
frame 2390: 44579 us total, 11692 us display, type 3
axes L   1377  10756 R     57   -469 T     0     0 level 1, 9 reports in 269 ms
frame 2391: 45419 us total, 12359 us display, type 3
frame 2392: 45210 us total, 11894 us display, type 3
frame 2393: 44362 us total, 11693 us display, type 3
frame 2394: 44548 us total, 11686 us display, type 3
frame 2395: 45128 us total, 11775 us display, type 3
frame 2396: 44855 us total, 11685 us display, type 3
axes L   1377  10658 R     57   -469 T     0     0 level 1, 10 reports in 270 ms
frame 2397: 45616 us total, 11700 us display, type 3
frame 2398: 44295 us total, 11691 us display, type 3
frame 2399: 46174 us total, 11931 us display, type 3
frame 2400: 44792 us total, 12024 us display, type 3
frame 2401: 44621 us total, 11693 us display, type 3
frame 2402: 45050 us total, 11694 us display, type 3
axes L   1377  10573 R     57   -469 T     0     0 level 1, 9 reports in 270 ms
frame 2403: 45342 us total, 11973 us display, type 3
frame 2404: 44587 us total, 11692 us display, type 3
frame 2405: 45393 us total, 12525 us display, type 3
frame 2406: 44601 us total, 11692 us display, type 3
frame 2407: 44358 us total, 11699 us display, type 3
frame 2408: 45376 us total, 11693 us display, type 3
axes L   1377  10561 R     57   -469 T     0     0 level 1, 9 reports in 269 ms
frame 2409: 44725 us total, 11686 us display, type 3
frame 2410: 45228 us total, 12001 us display, type 3
frame 2411: 44703 us total, 11685 us display, type 3
frame 2412: 45357 us total, 11685 us display, type 3
frame 2413: 44545 us total, 11700 us display, type 3
frame 2414: 45163 us total, 11686 us display, type 3
axes L   1377  10465 R     57   -469 T     0     0 level 1, 10 reports in 271 ms
frame 2415: 46162 us total, 11811 us display, type 3
frame 2416: 44800 us total, 12134 us display, type 3
frame 2417: 44458 us total, 11692 us display, type 3
frame 2418: 45538 us total, 12270 us display, type 3
frame 2419: 44314 us total, 11692 us display, type 3
frame 2420: 44430 us total, 11692 us display, type 3
frame 2421: 45032 us total, 11692 us display, type 3
axes L   1377  10465 R     57   -469 T     0     0 level 1, 9 reports in 281 ms
frame 2422: 46226 us total, 12403 us display, type 3
frame 2423: 44502 us total, 11699 us display, type 3
frame 2424: 45496 us total, 12448 us display, type 3
frame 2425: 44742 us total, 11693 us display, type 3
frame 2426: 45259 us total, 12458 us display, type 3
axes L   1377  10363 R     57   -469 T     0     0 level 1, 9 reports in 258 ms
frame 2427: 44806 us total, 11698 us display, type 3
frame 2428: 45184 us total, 12498 us display, type 3
frame 2429: 44520 us total, 11699 us display, type 3
frame 2430: 44593 us total, 11686 us display, type 3
frame 2431: 45586 us total, 11694 us display, type 3
frame 2432: 44441 us total, 11685 us display, type 3
axes L   1377  10363 R     57   -469 T     0     0 level 1, 9 reports in 269 ms
frame 2433: 45410 us total, 11692 us display, type 3
frame 2434: 45463 us total, 12341 us display, type 3
frame 2435: 44956 us total, 12439 us display, type 3
frame 2436: 45023 us total, 12082 us display, type 3
frame 2437: 45261 us total, 11811 us display, type 3
frame 2438: 44761 us total, 11990 us display, type 3
axes L   1377  10267 R     57   -469 T     0     0 level 1, 10 reports in 270 ms
frame 2439: 45195 us total, 11882 us display, type 3
frame 2440: 44785 us total, 12270 us display, type 3
frame 2441: 44852 us total, 11693 us display, type 3
frame 2442: 45146 us total, 12458 us display, type 3
frame 2443: 45211 us total, 12009 us display, type 3
frame 2444: 44812 us total, 11970 us display, type 3
axes L   1377  10182 R     57   -469 T     0     0 level 1, 9 reports in 269 ms
frame 2445: 44663 us total, 11693 us display, type 3
frame 2446: 44408 us total, 11686 us display, type 3
frame 2447: 45185 us total, 11685 us display, type 3
frame 2448: 44530 us total, 11700 us display, type 3
frame 2449: 45497 us total, 11775 us display, type 3
frame 2450: 45323 us total, 12157 us display, type 3
axes L   1377  10166 R     57   -469 T     0     0 level 1, 9 reports in 270 ms
frame 2451: 45242 us total, 11694 us display, type 3
frame 2452: 44285 us total, 11685 us display, type 3
frame 2453: 45301 us total, 11692 us display, type 3
frame 2454: 44461 us total, 11693 us display, type 3
frame 2455: 44659 us total, 11693 us display, type 3
frame 2456: 45429 us total, 11686 us display, type 3
axes L   1377  10070 R     57   -469 T     0     0 level 1, 10 reports in 269 ms
frame 2457: 45586 us total, 11699 us display, type 3
frame 2458: 44125 us total, 11693 us display, type 3
frame 2459: 44758 us total, 11692 us display, type 3
frame 2460: 45061 us total, 11692 us display, type 3
frame 2461: 45141 us total, 11692 us display, type 3
frame 2462: 45233 us total, 11692 us display, type 3
axes L   1377  10070 R     57   -469 T     0     0 level 1, 9 reports in 270 ms
frame 2463: 45732 us total, 11694 us display, type 3
frame 2464: 44494 us total, 11685 us display, type 3
frame 2465: 45278 us total, 11685 us display, type 3
frame 2466: 44422 us total, 11693 us display, type 3
frame 2467: 45458 us total, 11892 us display, type 3
frame 2468: 44494 us total, 11692 us display, type 3
axes L   1377   9969 R     57   -469 T     0     0 level 1, 9 reports in 270 ms
frame 2469: 46427 us total, 12015 us display, type 3
frame 2470: 44807 us total, 12107 us display, type 3
frame 2471: 44377 us total, 11685 us display, type 3
frame 2472: 45620 us total, 12491 us display, type 3
frame 2473: 44286 us total, 11732 us display, type 3
frame 2474: 44600 us total, 11693 us display, type 3
frame 2475: 45390 us total, 11686 us display, type 3
axes L   1377   9881 R     57   -469 T     0     0 level 1, 9 reports in 282 ms
frame 2476: 45727 us total, 12228 us display, type 3
frame 2477: 44497 us total, 11699 us display, type 3
frame 2478: 44321 us total, 11692 us display, type 3
frame 2479: 45645 us total, 11692 us display, type 3
frame 2480: 44364 us total, 11692 us display, type 3
axes L   1377   9873 R     57   -469 T     0     0 level 1, 9 reports in 257 ms
frame 2481: 46365 us total, 11995 us display, type 3
frame 2482: 44808 us total, 12000 us display, type 3
frame 2483: 44514 us total, 11692 us display, type 3
frame 2484: 44470 us total, 11685 us display, type 3
frame 2485: 46021 us total, 12427 us display, type 3
frame 2486: 44514 us total, 11692 us display, type 3
frame 2487: 44455 us total, 11686 us display, type 3
axes L   1377   9774 R     57   -469 T     0     0 level 1, 10 reports in 282 ms
frame 2488: 46244 us total, 11794 us display, type 3
frame 2489: 44786 us total, 12065 us display, type 3
frame 2490: 44380 us total, 11685 us display, type 3
frame 2491: 45618 us total, 12532 us display, type 3
frame 2492: 44268 us total, 11705 us display, type 3
axes L   1377   9774 R     57   -469 T     0     0 level 1, 8 reports in 256 ms
frame 2493: 45733 us total, 12462 us display, type 3
frame 2494: 44987 us total, 12094 us display, type 3
frame 2495: 45019 us total, 11891 us display, type 3
frame 2496: 44413 us total, 11692 us display, type 3
frame 2497: 44389 us total, 11692 us display, type 3
frame 2498: 45683 us total, 11699 us display, type 3
axes L   1377   9672 R     57   -469 T     0     0 level 1, 10 reports in 270 ms
frame 2499: 45513 us total, 12463 us display, type 3
frame 2500: 45193 us total, 11989 us display, type 3
frame 2501: 44990 us total, 11774 us display, type 3
frame 2502: 44809 us total, 12077 us display, type 3
frame 2503: 44966 us total, 12383 us display, type 3
frame 2504: 44297 us total, 11692 us display, type 3
axes L   1409   9574 R     57   -469 T     0     0 level 1, 10 reports in 269 ms
frame 2505: 44564 us total, 11692 us display, type 3
frame 2506: 45019 us total, 11692 us display, type 3
frame 2507: 45250 us total, 11690 us display, type 3
frame 2508: 45125 us total, 11982 us display, type 3
frame 2509: 44292 us total, 11692 us display, type 3
frame 2510: 45142 us total, 11697 us display, type 3
axes L   1409   9477 R     57   -469 T     0     0 level 1, 10 reports in 270 ms
frame 2511: 45842 us total, 11699 us display, type 3
frame 2512: 44528 us total, 11686 us display, type 3
frame 2513: 45408 us total, 11693 us display, type 3
frame 2514: 45565 us total, 12483 us display, type 3
frame 2515: 44273 us total, 11686 us display, type 3
frame 2516: 44604 us total, 11693 us display, type 3
axes L   1409   9477 R     57   -469 T     0     0 level 1, 9 reports in 270 ms
frame 2517: 46319 us total, 11968 us display, type 3
frame 2518: 44805 us total, 12065 us display, type 3
frame 2519: 45190 us total, 11926 us display, type 3
frame 2520: 44797 us total, 12090 us display, type 3
frame 2521: 44711 us total, 11693 us display, type 3
frame 2522: 45251 us total, 12496 us display, type 3
axes L   1409   9381 R     57   -469 T     0     0 level 1, 10 reports in 270 ms
frame 2523: 45432 us total, 11813 us display, type 3
frame 2524: 44723 us total, 11924 us display, type 3
frame 2525: 44504 us total, 11693 us display, type 3
frame 2526: 45394 us total, 12208 us display, type 3
frame 2527: 44988 us total, 12412 us display, type 3
frame 2528: 44566 us total, 11692 us display, type 3
axes L   1409   9284 R     57   -469 T     0     0 level 1, 9 reports in 269 ms
frame 2529: 45453 us total, 12221 us display, type 3
frame 2530: 44650 us total, 11693 us display, type 3
frame 2531: 45348 us total, 12398 us display, type 3
frame 2532: 44653 us total, 11694 us display, type 3
frame 2533: 45347 us total, 12260 us display, type 3
frame 2534: 44292 us total, 11692 us display, type 3
axes L   1409   9197 R     57   -469 T     0     0 level 1, 9 reports in 269 ms
frame 2535: 45712 us total, 12436 us display, type 3
frame 2536: 44646 us total, 11694 us display, type 3
frame 2537: 45354 us total, 12515 us display, type 3
frame 2538: 45183 us total, 11918 us display, type 3
frame 2539: 44812 us total, 12096 us display, type 3
frame 2540: 44696 us total, 11694 us display, type 3
frame 2541: 44404 us total, 11685 us display, type 3
axes L   1409   9187 R     57   -469 T     0     0 level 1, 10 reports in 283 ms
frame 2542: 46085 us total, 11846 us display, type 3
frame 2543: 44816 us total, 12066 us display, type 3
frame 2544: 44681 us total, 11694 us display, type 3
frame 2545: 45313 us total, 11968 us display, type 3
frame 2546: 44293 us total, 11693 us display, type 3
axes L   1409   9089 R     57   -469 T     0     0 level 1, 8 reports in 256 ms
frame 2547: 45714 us total, 12492 us display, type 3
frame 2548: 44432 us total, 11693 us display, type 3
frame 2549: 45569 us total, 12450 us display, type 3
frame 2550: 44456 us total, 11692 us display, type 3
frame 2551: 45545 us total, 12435 us display, type 3
frame 2552: 44993 us total, 12160 us display, type 3
axes L   1409   8850 R     57   -469 T     0     0 level 1, 10 reports in 270 ms
frame 2553: 44663 us total, 11694 us display, type 3
frame 2554: 44998 us total, 11694 us display, type 3
frame 2555: 45176 us total, 11693 us display, type 3
frame 2556: 45158 us total, 12258 us display, type 3
frame 2557: 45200 us total, 11960 us display, type 3
frame 2558: 44803 us total, 12117 us display, type 3
axes L   1409   8682 R     57   -469 T     0     0 level 1, 10 reports in 270 ms
frame 2559: 45187 us total, 12011 us display, type 3
frame 2560: 44797 us total, 12512 us display, type 3
mem @frame 2560: heap free 66356, largest 40960, min ever 65536, zone free 55016, stack free 14540, uptime 104 s, gamestate 0, demo 0, usergame 1, tic 3556
frame 2561: 45534 us total, 11806 us display, type 3
frame 2562: 44465 us total, 12282 us display, type 3
frame 2563: 44299 us total, 11692 us display, type 3
frame 2564: 44376 us total, 11692 us display, type 3
axes L   1409   8650 R     57   -469 T     0     0 level 1, 9 reports in 268 ms
frame 2565: 45062 us total, 11700 us display, type 3
frame 2566: 44808 us total, 11692 us display, type 3
frame 2567: 44418 us total, 11699 us display, type 3
frame 2568: 45102 us total, 11686 us display, type 3
frame 2569: 44270 us total, 11685 us display, type 3
frame 2570: 45493 us total, 11692 us display, type 3
axes L   1409   8553 R     57   -469 T     0     0 level 1, 9 reports in 269 ms
frame 2571: 44959 us total, 11692 us display, type 3
frame 2572: 44953 us total, 11700 us display, type 3
frame 2573: 44350 us total, 11685 us display, type 3
frame 2574: 45170 us total, 11692 us display, type 3
frame 2575: 44568 us total, 11692 us display, type 3
frame 2576: 45081 us total, 11692 us display, type 3
axes L   1409   8455 R     57   -469 T     0     0 level 1, 10 reports in 269 ms
frame 2577: 45847 us total, 11693 us display, type 3
frame 2578: 44475 us total, 11685 us display, type 3
frame 2579: 45071 us total, 11692 us display, type 3
frame 2580: 44631 us total, 11692 us display, type 3
frame 2581: 44962 us total, 11692 us display, type 3
frame 2582: 44802 us total, 11692 us display, type 3
axes L   1409   8392 R     57   -469 T     0     0 level 1, 9 reports in 269 ms
frame 2583: 45918 us total, 11692 us display, type 3
frame 2584: 44463 us total, 11686 us display, type 3
frame 2585: 45035 us total, 11689 us display, type 3
frame 2586: 44589 us total, 11693 us display, type 3
frame 2587: 45220 us total, 11692 us display, type 3
frame 2588: 44401 us total, 11692 us display, type 3
axes L   1409   8356 R     57   -469 T     0     0 level 1, 8 reports in 268 ms
frame 2589: 45907 us total, 11686 us display, type 3
frame 2590: 44737 us total, 11693 us display, type 3
frame 2591: 45025 us total, 11685 us display, type 3
frame 2592: 45059 us total, 11686 us display, type 3
frame 2593: 44591 us total, 11692 us display, type 3
frame 2594: 44952 us total, 12557 us display, type 3
frame 2595: 44706 us total, 12531 us display, type 3
axes L   1409   8256 R     57   -469 T     0     0 level 1, 11 reports in 282 ms
frame 2596: 45011 us total, 11692 us display, type 3
frame 2597: 44287 us total, 12056 us display, type 3
frame 2598: 44087 us total, 11694 us display, type 3
frame 2599: 44619 us total, 12299 us display, type 3
frame 2600: 44261 us total, 11889 us display, type 3
axes L   1409   8194 R     57   -469 T     0     0 level 1, 9 reports in 254 ms
frame 2601: 45132 us total, 11694 us display, type 3
frame 2602: 44666 us total, 12049 us display, type 3
frame 2603: 44263 us total, 11913 us display, type 3
frame 2604: 44128 us total, 12026 us display, type 3
frame 2605: 44066 us total, 11699 us display, type 3
frame 2606: 44744 us total, 12298 us display, type 3
frame 2607: 44281 us total, 11967 us display, type 3
frame 2608: 44798 us total, 12442 us display, type 3
frame 2609: 44397 us total, 11694 us display, type 3
frame 2610: 44518 us total, 11693 us display, type 3
frame 2611: 44215 us total, 12059 us display, type 3
frame 2612: 44340 us total, 11693 us display, type 3
frame 2613: 44726 us total, 12429 us display, type 3
frame 2614: 44281 us total, 11785 us display, type 3
frame 2615: 44847 us total, 12309 us display, type 3
frame 2616: 44300 us total, 11798 us display, type 3
frame 2617: 44756 us total, 12307 us display, type 3
frame 2618: 43871 us total, 11692 us display, type 3
frame 2619: 44499 us total, 11686 us display, type 3
frame 2620: 44746 us total, 11685 us display, type 3
frame 2621: 44850 us total, 11686 us display, type 3
frame 2622: 44941 us total, 11692 us display, type 3
frame 2623: 44456 us total, 11685 us display, type 3
frame 2624: 45164 us total, 11692 us display, type 3
frame 2625: 45306 us total, 11693 us display, type 3
frame 2626: 44321 us total, 11693 us display, type 3
frame 2627: 45049 us total, 11685 us display, type 3
frame 2628: 44903 us total, 11686 us display, type 3
frame 2629: 45068 us total, 11686 us display, type 3
frame 2630: 44581 us total, 11692 us display, type 3
frame 2631: 45174 us total, 11699 us display, type 3
frame 2632: 45363 us total, 11692 us display, type 3
frame 2633: 44552 us total, 11692 us display, type 3
frame 2634: 45439 us total, 11692 us display, type 3
frame 2635: 45149 us total, 11692 us display, type 3
frame 2636: 44486 us total, 11692 us display, type 3
frame 2637: 45176 us total, 11686 us display, type 3
frame 2638: 44750 us total, 11692 us display, type 3
frame 2639: 45030 us total, 11693 us display, type 3
frame 2640: 45029 us total, 11693 us display, type 3
frame 2641: 45072 us total, 11685 us display, type 3
frame 2642: 44475 us total, 11692 us display, type 3
frame 2643: 45021 us total, 12522 us display, type 3
frame 2644: 44914 us total, 11685 us display, type 3
frame 2645: 45179 us total, 12540 us display, type 3
frame 2646: 45085 us total, 12551 us display, type 3
frame 2647: 44749 us total, 11685 us display, type 3
frame 2648: 44914 us total, 12548 us display, type 3
frame 2649: 44273 us total, 12020 us display, type 3
frame 2650: 44614 us total, 12412 us display, type 3
frame 2651: 44573 us total, 11694 us display, type 3
frame 2652: 44534 us total, 12063 us display, type 3
frame 2653: 44977 us total, 12305 us display, type 3
frame 2654: 44258 us total, 11848 us display, type 3
frame 2655: 44798 us total, 12478 us display, type 3
frame 2656: 44340 us total, 11776 us display, type 3
frame 2657: 44726 us total, 12086 us display, type 3
frame 2658: 44262 us total, 11696 us display, type 3
frame 2659: 44799 us total, 12146 us display, type 3
frame 2660: 44672 us total, 11686 us display, type 3
frame 2661: 44421 us total, 12116 us display, type 3
frame 2662: 43911 us total, 11693 us display, type 3
frame 2663: 44617 us total, 12046 us display, type 3
frame 2664: 43861 us total, 11694 us display, type 3
frame 2665: 44604 us total, 11693 us display, type 3
frame 2666: 44736 us total, 12204 us display, type 3
frame 2667: 44298 us total, 11696 us display, type 3
frame 2668: 44487 us total, 12324 us display, type 3
frame 2669: 44179 us total, 11807 us display, type 3
frame 2670: 44737 us total, 12209 us display, type 3
frame 2671: 44274 us total, 11896 us display, type 3
frame 2672: 44391 us total, 11692 us display, type 3
frame 2673: 44794 us total, 11692 us display, type 3
frame 2674: 44447 us total, 11692 us display, type 3
frame 2675: 44974 us total, 11693 us display, type 3
frame 2676: 44649 us total, 11692 us display, type 3
frame 2677: 45107 us total, 11692 us display, type 3
frame 2678: 45250 us total, 11693 us display, type 3
frame 2679: 44808 us total, 11692 us display, type 3
frame 2680: 44899 us total, 11693 us display, type 3
frame 2681: 44386 us total, 11685 us display, type 3
frame 2682: 45095 us total, 11685 us display, type 3
frame 2683: 44778 us total, 11692 us display, type 3
frame 2684: 44993 us total, 11692 us display, type 3
frame 2685: 44986 us total, 11692 us display, type 3
frame 2686: 45311 us total, 11686 us display, type 3
frame 2687: 44394 us total, 11693 us display, type 3
frame 2688: 45135 us total, 12543 us display, type 3
frame 2689: 44511 us total, 12527 us display, type 3
frame 2690: 45394 us total, 12555 us display, type 3
frame 2691: 45272 us total, 11692 us display, type 3
frame 2692: 44836 us total, 11692 us display, type 3
frame 2693: 45165 us total, 11692 us display, type 3
frame 2694: 44515 us total, 11685 us display, type 3
frame 2695: 45316 us total, 11693 us display, type 3
frame 2696: 44345 us total, 11693 us display, type 3
frame 2697: 45479 us total, 12542 us display, type 3
frame 2698: 44692 us total, 11685 us display, type 3
frame 2699: 44969 us total, 12538 us display, type 3
frame 2700: 44316 us total, 12028 us display, type 3
frame 2701: 44733 us total, 12326 us display, type 3
frame 2702: 44417 us total, 11694 us display, type 3
frame 2703: 44657 us total, 12144 us display, type 3
frame 2704: 44677 us total, 11693 us display, type 3
frame 2705: 44802 us total, 12039 us display, type 3
frame 2706: 44262 us total, 11691 us display, type 3
frame 2707: 44694 us total, 12041 us display, type 3
frame 2708: 44306 us total, 11690 us display, type 3
frame 2709: 44877 us total, 11693 us display, type 3
frame 2710: 44586 us total, 12058 us display, type 3
frame 2711: 44598 us total, 11694 us display, type 3
frame 2712: 44461 us total, 12303 us display, type 3
frame 2713: 44280 us total, 11818 us display, type 3
frame 2714: 44147 us total, 12025 us display, type 3
frame 2715: 44215 us total, 11687 us display, type 3
frame 2716: 44563 us total, 12249 us display, type 3
frame 2717: 44391 us total, 11686 us display, type 3
frame 2718: 44697 us total, 12278 us display, type 3
frame 2719: 43966 us total, 11808 us display, type 3
frame 2720: 44272 us total, 11917 us display, type 3
frame 2721: 44184 us total, 11693 us display, type 3
frame 2722: 44100 us total, 11685 us display, type 3
frame 2723: 44847 us total, 11685 us display, type 3
frame 2724: 45082 us total, 11692 us display, type 3
frame 2725: 45027 us total, 11686 us display, type 3
frame 2726: 44294 us total, 11692 us display, type 3
frame 2727: 45149 us total, 11692 us display, type 3
frame 2728: 44410 us total, 11686 us display, type 3
frame 2729: 45176 us total, 11686 us display, type 3
frame 2730: 44700 us total, 11686 us display, type 3
frame 2731: 45288 us total, 11685 us display, type 3
frame 2732: 44652 us total, 11685 us display, type 3
frame 2733: 45030 us total, 11693 us display, type 3
frame 2734: 44640 us total, 11692 us display, type 3
frame 2735: 45020 us total, 11692 us display, type 3
frame 2736: 45016 us total, 11692 us display, type 3
frame 2737: 45078 us total, 11693 us display, type 3
frame 2738: 44584 us total, 11686 us display, type 3
frame 2739: 45033 us total, 12538 us display, type 3
frame 2740: 44761 us total, 11685 us display, type 3
frame 2741: 45178 us total, 12526 us display, type 3
frame 2742: 44527 us total, 12025 us display, type 3
frame 2743: 45624 us total, 12535 us display, type 3
frame 2744: 44251 us total, 12024 us display, type 3
frame 2745: 44480 us total, 12088 us display, type 3
frame 2746: 44265 us total, 11896 us display, type 3
frame 2747: 44817 us total, 12201 us display, type 3
frame 2748: 44366 us total, 11695 us display, type 3
frame 2749: 44684 us total, 12117 us display, type 3
frame 2750: 44271 us total, 11909 us display, type 3
frame 2751: 44783 us total, 12522 us display, type 3
frame 2752: 44282 us total, 11971 us display, type 3
frame 2753: 44803 us total, 12144 us display, type 3
frame 2754: 43933 us total, 11687 us display, type 3
frame 2755: 44535 us total, 12046 us display, type 3
frame 2756: 44016 us total, 11693 us display, type 3
frame 2757: 44726 us total, 12463 us display, type 3
frame 2758: 43607 us total, 11693 us display, type 3
frame 2759: 44545 us total, 12231 us display, type 3
frame 2760: 43957 us total, 11802 us display, type 3
frame 2761: 44205 us total, 12113 us display, type 3
frame 2762: 44243 us total, 11986 us display, type 3
frame 2763: 44329 us total, 11700 us display, type 3
frame 2764: 44595 us total, 11691 us display, type 3
frame 2765: 44014 us total, 11685 us display, type 3
frame 2766: 45009 us total, 11685 us display, type 3
frame 2767: 44314 us total, 11698 us display, type 3
frame 2768: 45442 us total, 11697 us display, type 3
frame 2769: 44534 us total, 11692 us display, type 3
frame 2770: 45271 us total, 11692 us display, type 3
frame 2771: 45079 us total, 11693 us display, type 3
frame 2772: 44742 us total, 11699 us display, type 3
frame 2773: 45153 us total, 11698 us display, type 3
frame 2774: 44673 us total, 11685 us display, type 3
frame 2775: 45441 us total, 11692 us display, type 3
frame 2776: 44356 us total, 12547 us display, type 3
frame 2777: 45237 us total, 12533 us display, type 3
frame 2778: 45165 us total, 12547 us display, type 3
frame 2779: 44778 us total, 11686 us display, type 3
frame 2780: 45232 us total, 12549 us display, type 3
frame 2781: 44735 us total, 11686 us display, type 3
frame 2782: 45381 us total, 11700 us display, type 3
frame 2783: 44402 us total, 11686 us display, type 3
frame 2784: 45293 us total, 12551 us display, type 3
frame 2785: 44710 us total, 11685 us display, type 3
frame 2786: 45265 us total, 12545 us display, type 3
frame 2787: 44900 us total, 11692 us display, type 3
frame 2788: 44600 us total, 11692 us display, type 3
frame 2789: 45360 us total, 12531 us display, type 3
frame 2790: 44533 us total, 12026 us display, type 3
frame 2791: 45482 us total, 12529 us display, type 3
frame 2792: 44565 us total, 12032 us display, type 3
frame 2793: 44818 us total, 12065 us display, type 3
frame 2794: 44964 us total, 12024 us display, type 3
frame 2795: 44582 us total, 12103 us display, type 3
frame 2796: 44283 us total, 11726 us display, type 3
frame 2797: 44800 us total, 12176 us display, type 3
frame 2798: 44485 us total, 11693 us display, type 3
frame 2799: 44574 us total, 12049 us display, type 3
frame 2800: 44677 us total, 11694 us display, type 3
frame 2801: 45323 us total, 12471 us display, type 3
frame 2802: 44270 us total, 11845 us display, type 3
frame 2803: 44797 us total, 12234 us display, type 3
frame 2804: 44262 us total, 11705 us display, type 3
frame 2805: 44809 us total, 12114 us display, type 3
frame 2806: 44250 us total, 11792 us display, type 3
frame 2807: 44838 us total, 12033 us display, type 3
frame 2808: 44158 us total, 12020 us display, type 3
frame 2809: 44170 us total, 11719 us display, type 3
frame 2810: 43961 us total, 12011 us display, type 3
frame 2811: 44176 us total, 11779 us display, type 3
frame 2812: 44803 us total, 12280 us display, type 3
frame 2813: 44397 us total, 11703 us display, type 3
frame 2814: 44733 us total, 12328 us display, type 3
frame 2815: 43855 us total, 11693 us display, type 3
frame 2816: 44204 us total, 11685 us display, type 3
mem @frame 2816: heap free 66356, largest 40960, min ever 65536, zone free 55016, stack free 14540, uptime 115 s, gamestate 0, demo 0, usergame 1, tic 3957
frame 2817: 46364 us total, 11805 us display, type 3
frame 2818: 44458 us total, 11694 us display, type 3
frame 2819: 45157 us total, 12507 us display, type 3
frame 2820: 44261 us total, 11838 us display, type 3
frame 2821: 44029 us total, 11692 us display, type 3
frame 2822: 44800 us total, 11692 us display, type 3
frame 2823: 45012 us total, 11686 us display, type 3
frame 2824: 44414 us total, 11692 us display, type 3
frame 2825: 45214 us total, 11692 us display, type 3
frame 2826: 44695 us total, 11692 us display, type 3
frame 2827: 45075 us total, 11700 us display, type 3
frame 2828: 44567 us total, 11685 us display, type 3
frame 2829: 44952 us total, 11687 us display, type 3
frame 2830: 44674 us total, 11692 us display, type 3
frame 2831: 45031 us total, 11698 us display, type 3
frame 2832: 45087 us total, 11693 us display, type 3
frame 2833: 45131 us total, 11699 us display, type 3
frame 2834: 44487 us total, 11692 us display, type 3
frame 2835: 45325 us total, 11770 us display, type 3
frame 2836: 45295 us total, 11686 us display, type 3
frame 2837: 44604 us total, 11692 us display, type 3
frame 2838: 45118 us total, 11692 us display, type 3
frame 2839: 45086 us total, 11699 us display, type 3
frame 2840: 45134 us total, 11685 us display, type 3
frame 2841: 44457 us total, 11692 us display, type 3
frame 2842: 45288 us total, 11693 us display, type 3
frame 2843: 45053 us total, 11699 us display, type 3
frame 2844: 44710 us total, 11699 us display, type 3
frame 2845: 45317 us total, 11693 us display, type 3
frame 2846: 44707 us total, 11693 us display, type 3
frame 2847: 45238 us total, 11692 us display, type 3
frame 2848: 44976 us total, 11693 us display, type 3
frame 2849: 44726 us total, 11692 us display, type 3
frame 2850: 45041 us total, 12539 us display, type 3
frame 2851: 45073 us total, 11695 us display, type 3
frame 2852: 45300 us total, 11693 us display, type 3
frame 2853: 44152 us total, 11686 us display, type 3
frame 2854: 44554 us total, 12066 us display, type 3
frame 2855: 44074 us total, 11693 us display, type 3
frame 2856: 44677 us total, 12043 us display, type 3
frame 2857: 44219 us total, 11694 us display, type 3
frame 2858: 45718 us total, 12500 us display, type 3
frame 2859: 44266 us total, 11731 us display, type 3
frame 2860: 44805 us total, 12082 us display, type 3
frame 2861: 44271 us total, 11704 us display, type 3
frame 2862: 44900 us total, 12034 us display, type 3
frame 2863: 44304 us total, 11693 us display, type 3
frame 2864: 44768 us total, 12029 us display, type 3
frame 2865: 44318 us total, 11693 us display, type 3
frame 2866: 44639 us total, 12409 us display, type 3
frame 2867: 44283 us total, 11937 us display, type 3
frame 2868: 44787 us total, 12468 us display, type 3
frame 2869: 44280 us total, 11970 us display, type 3
frame 2870: 44793 us total, 12346 us display, type 3
frame 2871: 44277 us total, 11694 us display, type 3
frame 2872: 44439 us total, 12195 us display, type 3
frame 2873: 43878 us total, 11692 us display, type 3
frame 2874: 44969 us total, 12351 us display, type 3
frame 2875: 43969 us total, 11786 us display, type 3
frame 2876: 44773 us total, 12265 us display, type 3
frame 2877: 44991 us total, 12437 us display, type 3
frame 2878: 44283 us total, 11686 us display, type 3
frame 2879: 43975 us total, 11688 us display, type 3
frame 2880: 44901 us total, 11685 us display, type 3
frame 2881: 45124 us total, 11685 us display, type 3
frame 2882: 44378 us total, 11699 us display, type 3
frame 2883: 45266 us total, 11692 us display, type 3
frame 2884: 44371 us total, 11692 us display, type 3
frame 2885: 45298 us total, 11692 us display, type 3
frame 2886: 44651 us total, 11692 us display, type 3
frame 2887: 45178 us total, 11686 us display, type 3
frame 2888: 44465 us total, 11696 us display, type 3
frame 2889: 45165 us total, 11685 us display, type 3
frame 2890: 45461 us total, 11700 us display, type 3
frame 2891: 44384 us total, 11692 us display, type 3
frame 2892: 45168 us total, 11685 us display, type 3
frame 2893: 44666 us total, 11699 us display, type 3
frame 2894: 45242 us total, 11692 us display, type 3
frame 2895: 44564 us total, 11692 us display, type 3
frame 2896: 45350 us total, 11695 us display, type 3
frame 2897: 45305 us total, 11686 us display, type 3
frame 2898: 44151 us total, 11685 us display, type 3
frame 2899: 44986 us total, 12534 us display, type 3
frame 2900: 45138 us total, 12549 us display, type 3
frame 2901: 44308 us total, 12028 us display, type 3
frame 2902: 44795 us total, 12063 us display, type 3
frame 2903: 44275 us total, 11694 us display, type 3
frame 2904: 44775 us total, 12052 us display, type 3
frame 2905: 44636 us total, 12097 us display, type 3
frame 2906: 44500 us total, 11693 us display, type 3
frame 2907: 44717 us total, 12034 us display, type 3
frame 2908: 44857 us total, 12143 us display, type 3
frame 2909: 44619 us total, 11700 us display, type 3
frame 2910: 44475 us total, 12043 us display, type 3
frame 2911: 44257 us total, 11741 us display, type 3
frame 2912: 44280 us total, 11702 us display, type 3
frame 2913: 44843 us total, 11700 us display, type 3
frame 2914: 44161 us total, 12033 us display, type 3
frame 2915: 44706 us total, 12031 us display, type 3
frame 2916: 44230 us total, 11699 us display, type 3
frame 2917: 44415 us total, 11694 us display, type 3
frame 2918: 44449 us total, 12167 us display, type 3
frame 2919: 44278 us total, 11904 us display, type 3
frame 2920: 44815 us total, 12401 us display, type 3
frame 2921: 44262 us total, 12004 us display, type 3
frame 2922: 45017 us total, 12343 us display, type 3
frame 2923: 44068 us total, 11881 us display, type 3
frame 2924: 44191 us total, 11685 us display, type 3
frame 2925: 44088 us total, 11692 us display, type 3
frame 2926: 45037 us total, 11692 us display, type 3
frame 2927: 44514 us total, 11687 us display, type 3
frame 2928: 45193 us total, 11686 us display, type 3
frame 2929: 44451 us total, 11692 us display, type 3
frame 2930: 44976 us total, 11700 us display, type 3
frame 2931: 44600 us total, 11693 us display, type 3
frame 2932: 45453 us total, 11692 us display, type 3
frame 2933: 44357 us total, 11685 us display, type 3
frame 2934: 45192 us total, 11685 us display, type 3
frame 2935: 45475 us total, 11699 us display, type 3
frame 2936: 44386 us total, 11685 us display, type 3
frame 2937: 44986 us total, 11693 us display, type 3
frame 2938: 44782 us total, 11699 us display, type 3
frame 2939: 45242 us total, 11686 us display, type 3
frame 2940: 45149 us total, 11685 us display, type 3
frame 2941: 44766 us total, 11686 us display, type 3
frame 2942: 44945 us total, 11686 us display, type 3
frame 2943: 44581 us total, 11693 us display, type 3
frame 2944: 45052 us total, 12539 us display, type 3
frame 2945: 44792 us total, 11685 us display, type 3
frame 2946: 44805 us total, 12543 us display, type 3
frame 2947: 44818 us total, 11703 us display, type 3
frame 2948: 44536 us total, 12063 us display, type 3
frame 2949: 44146 us total, 12050 us display, type 3
frame 2950: 44088 us total, 11700 us display, type 3
frame 2951: 44867 us total, 12036 us display, type 3
frame 2952: 44235 us total, 11693 us display, type 3
frame 2953: 44631 us total, 12032 us display, type 3
frame 2954: 44755 us total, 11693 us display, type 3
frame 2955: 45133 us total, 12440 us display, type 3
frame 2956: 44429 us total, 11995 us display, type 3
frame 2957: 44421 us total, 11686 us display, type 3
frame 2958: 44419 us total, 12024 us display, type 3
frame 2959: 44145 us total, 11750 us display, type 3
frame 2960: 44798 us total, 12298 us display, type 3
frame 2961: 44269 us total, 11875 us display, type 3
frame 2962: 44265 us total, 12024 us display, type 3
frame 2963: 44053 us total, 11687 us display, type 3
frame 2964: 44803 us total, 11769 us display, type 3
frame 2965: 44542 us total, 12336 us display, type 3
frame 2966: 44544 us total, 11689 us display, type 3
frame 2967: 44817 us total, 12497 us display, type 3
frame 2968: 44243 us total, 11905 us display, type 3
frame 2969: 44109 us total, 11913 us display, type 3
frame 2970: 44419 us total, 11692 us display, type 3
frame 2971: 44692 us total, 11685 us display, type 3
frame 2972: 44510 us total, 11692 us display, type 3
frame 2973: 45234 us total, 11685 us display, type 3
frame 2974: 44546 us total, 11692 us display, type 3
frame 2975: 45018 us total, 11692 us display, type 3
frame 2976: 44863 us total, 11693 us display, type 3
frame 2977: 44666 us total, 11686 us display, type 3
frame 2978: 45098 us total, 11685 us display, type 3
frame 2979: 45373 us total, 11692 us display, type 3
frame 2980: 44550 us total, 11693 us display, type 3
frame 2981: 45120 us total, 11686 us display, type 3
frame 2982: 44485 us total, 11692 us display, type 3
frame 2983: 45177 us total, 11688 us display, type 3
frame 2984: 44461 us total, 11693 us display, type 3
frame 2985: 45244 us total, 11699 us display, type 3
frame 2986: 44950 us total, 11692 us display, type 3
frame 2987: 45202 us total, 11692 us display, type 3
frame 2988: 45046 us total, 11692 us display, type 3
frame 2989: 44792 us total, 11699 us display, type 3
frame 2990: 45036 us total, 11692 us display, type 3
frame 2991: 44669 us total, 11692 us display, type 3
frame 2992: 45423 us total, 11692 us display, type 3
frame 2993: 44557 us total, 11685 us display, type 3
frame 2994: 44924 us total, 12542 us display, type 3
frame 2995: 44200 us total, 12020 us display, type 3
frame 2996: 44681 us total, 12049 us display, type 3
frame 2997: 44256 us total, 11995 us display, type 3
frame 2998: 44831 us total, 12079 us display, type 3
frame 2999: 44250 us total, 11999 us display, type 3
frame 3000: 44801 us total, 12260 us display, type 3
frame 3001: 44382 us total, 12040 us display, type 3
frame 3002: 44143 us total, 11700 us display, type 3
frame 3003: 44609 us total, 12080 us display, type 3
frame 3004: 44265 us total, 11921 us display, type 3
frame 3005: 44818 us total, 12460 us display, type 3
frame 3006: 43561 us total, 11686 us display, type 3
frame 3007: 44577 us total, 12321 us display, type 3
frame 3008: 43948 us total, 11926 us display, type 3
frame 3009: 43950 us total, 11695 us display, type 3
frame 3010: 44308 us total, 12404 us display, type 3
frame 3011: 44365 us total, 11881 us display, type 3
frame 3012: 44248 us total, 11691 us display, type 3
frame 3013: 43669 us total, 11685 us display, type 3
frame 3014: 44579 us total, 11692 us display, type 3
frame 3015: 44358 us total, 11685 us display, type 3
frame 3016: 44898 us total, 11686 us display, type 3
frame 3017: 44174 us total, 11685 us display, type 3
frame 3018: 45268 us total, 12548 us display, type 3
frame 3019: 44115 us total, 12017 us display, type 3
frame 3020: 44624 us total, 12090 us display, type 3
frame 3021: 44274 us total, 11749 us display, type 3
frame 3022: 44818 us total, 12331 us display, type 3
frame 3023: 44249 us total, 11750 us display, type 3
frame 3024: 44800 us total, 12128 us display, type 3
frame 3025: 44263 us total, 11909 us display, type 3
frame 3026: 44171 us total, 12038 us display, type 3
frame 3027: 44639 us total, 12289 us display, type 3
frame 3028: 44315 us total, 11945 us display, type 3
frame 3029: 44094 us total, 12039 us display, type 3
frame 3030: 44059 us total, 11932 us display, type 3
frame 3031: 44813 us total, 12104 us display, type 3
frame 3032: 44259 us total, 11928 us display, type 3
frame 3033: 44361 us total, 12197 us display, type 3
frame 3034: 44221 us total, 11693 us display, type 3
frame 3035: 44634 us total, 12350 us display, type 3
frame 3036: 44237 us total, 11794 us display, type 3
frame 3037: 44922 us total, 11776 us display, type 3
frame 3038: 44661 us total, 12169 us display, type 3
frame 3039: 44279 us total, 11859 us display, type 3
frame 3040: 43958 us total, 11692 us display, type 3
frame 3041: 44989 us total, 11686 us display, type 3
frame 3042: 44304 us total, 11691 us display, type 3
frame 3043: 45388 us total, 11692 us display, type 3
frame 3044: 44408 us total, 11685 us display, type 3
frame 3045: 45051 us total, 11685 us display, type 3
frame 3046: 44407 us total, 11692 us display, type 3
frame 3047: 45479 us total, 11685 us display, type 3
frame 3048: 44469 us total, 11700 us display, type 3
frame 3049: 45075 us total, 11696 us display, type 3
frame 3050: 45023 us total, 11692 us display, type 3
frame 3051: 45068 us total, 11692 us display, type 3
frame 3052: 44589 us total, 11692 us display, type 3
frame 3053: 45030 us total, 12528 us display, type 3
frame 3054: 44940 us total, 11693 us display, type 3
frame 3055: 45307 us total, 11692 us display, type 3
frame 3056: 44824 us total, 11692 us display, type 3
frame 3057: 45183 us total, 11692 us display, type 3
frame 3058: 45052 us total, 11693 us display, type 3
frame 3059: 44619 us total, 11692 us display, type 3
frame 3060: 45236 us total, 11692 us display, type 3
frame 3061: 45131 us total, 11692 us display, type 3
frame 3062: 45033 us total, 11693 us display, type 3
frame 3063: 45071 us total, 11692 us display, type 3
frame 3064: 44548 us total, 11692 us display, type 3
frame 3065: 45025 us total, 12524 us display, type 3
frame 3066: 44908 us total, 11685 us display, type 3
frame 3067: 45187 us total, 12543 us display, type 3
frame 3068: 44552 us total, 11686 us display, type 3
frame 3069: 45630 us total, 11693 us display, type 3
frame 3070: 44527 us total, 11692 us display, type 3
frame 3071: 45119 us total, 12526 us display, type 3
frame 3072: 44409 us total, 12018 us display, type 3
mem @frame 3072: heap free 66356, largest 40960, min ever 65536, zone free 55016, stack free 14540, uptime 127 s, gamestate 0, demo 0, usergame 1, tic 4357
frame 3073: 46368 us total, 11685 us display, type 3
frame 3074: 44962 us total, 11686 us display, type 3
frame 3075: 44484 us total, 11693 us display, type 3
frame 3076: 45017 us total, 12556 us display, type 3
frame 3077: 44498 us total, 11685 us display, type 3
frame 3078: 45161 us total, 12550 us display, type 3
frame 3079: 44587 us total, 12019 us display, type 3
frame 3080: 45254 us total, 12546 us display, type 3
frame 3081: 44731 us total, 12028 us display, type 3
frame 3082: 45637 us total, 12551 us display, type 3
frame 3083: 44524 us total, 11685 us display, type 3
frame 3084: 44581 us total, 12069 us display, type 3
frame 3085: 44887 us total, 12034 us display, type 3
frame 3086: 44703 us total, 12206 us display, type 3
frame 3087: 44369 us total, 11700 us display, type 3
frame 3088: 45027 us total, 12049 us display, type 3
frame 3089: 44418 us total, 11694 us display, type 3
frame 3090: 44681 us total, 12045 us display, type 3
frame 3091: 44112 us total, 11693 us display, type 3
frame 3092: 44966 us total, 12049 us display, type 3
frame 3093: 44653 us total, 12030 us display, type 3
frame 3094: 44616 us total, 11687 us display, type 3
frame 3095: 44522 us total, 12017 us display, type 3
frame 3096: 44379 us total, 11694 us display, type 3
frame 3097: 44611 us total, 12203 us display, type 3
frame 3098: 44441 us total, 12048 us display, type 3
frame 3099: 43970 us total, 11686 us display, type 3
frame 3100: 44717 us total, 12332 us display, type 3
frame 3101: 44377 us total, 11686 us display, type 3
frame 3102: 44353 us total, 12197 us display, type 3
frame 3103: 44030 us total, 11694 us display, type 3
frame 3104: 44730 us total, 12332 us display, type 3
frame 3105: 44818 us total, 12294 us display, type 3
frame 3106: 44188 us total, 11862 us display, type 3
frame 3107: 44811 us total, 12198 us display, type 3
frame 3108: 44267 us total, 11710 us display, type 3
frame 3109: 43862 us total, 11686 us display, type 3
frame 3110: 44866 us total, 11685 us display, type 3
frame 3111: 44958 us total, 11696 us display, type 3
frame 3112: 44562 us total, 11692 us display, type 3
frame 3113: 45190 us total, 11692 us display, type 3
frame 3114: 44707 us total, 11685 us display, type 3
frame 3115: 45182 us total, 11693 us display, type 3
frame 3116: 44505 us total, 11692 us display, type 3
frame 3117: 45222 us total, 11691 us display, type 3
frame 3118: 44385 us total, 11692 us display, type 3
frame 3119: 45404 us total, 11685 us display, type 3
frame 3120: 45280 us total, 11685 us display, type 3
frame 3121: 44245 us total, 11692 us display, type 3
frame 3122: 44944 us total, 12557 us display, type 3
frame 3123: 44557 us total, 11686 us display, type 3
frame 3124: 45064 us total, 12545 us display, type 3
frame 3125: 44375 us total, 12023 us display, type 3
frame 3126: 45637 us total, 12545 us display, type 3
frame 3127: 44619 us total, 12021 us display, type 3
frame 3128: 44793 us total, 12070 us display, type 3
frame 3129: 44210 us total, 11694 us display, type 3
frame 3130: 44815 us total, 12065 us display, type 3
frame 3131: 44399 us total, 11687 us display, type 3
frame 3132: 44681 us total, 12046 us display, type 3
frame 3133: 45541 us total, 12494 us display, type 3
frame 3134: 44277 us total, 11868 us display, type 3
frame 3135: 44862 us total, 12025 us display, type 3
frame 3136: 44251 us total, 11696 us display, type 3
frame 3137: 44759 us total, 12028 us display, type 3
frame 3138: 44452 us total, 11701 us display, type 3
frame 3139: 44939 us total, 12044 us display, type 3
frame 3140: 44351 us total, 11694 us display, type 3
frame 3141: 44403 us total, 12298 us display, type 3
frame 3142: 44257 us total, 11815 us display, type 3
frame 3143: 44805 us total, 12349 us display, type 3
frame 3144: 44268 us total, 11900 us display, type 3
frame 3145: 44800 us total, 12447 us display, type 3
frame 3146: 44412 us total, 11687 us display, type 3
frame 3147: 44655 us total, 12406 us display, type 3
frame 3148: 44377 us total, 12195 us display, type 3
frame 3149: 44278 us total, 11686 us display, type 3
frame 3150: 44644 us total, 12330 us display, type 3
frame 3151: 44244 us total, 11808 us display, type 3
frame 3152: 44684 us total, 12151 us display, type 3
frame 3153: 44283 us total, 11785 us display, type 3
frame 3154: 44141 us total, 11686 us display, type 3
frame 3155: 44762 us total, 11690 us display, type 3
frame 3156: 44976 us total, 11686 us display, type 3
frame 3157: 44206 us total, 11685 us display, type 3
frame 3158: 45490 us total, 11692 us display, type 3
frame 3159: 44392 us total, 11693 us display, type 3
frame 3160: 45135 us total, 11685 us display, type 3
frame 3161: 44538 us total, 11692 us display, type 3
frame 3162: 45364 us total, 11685 us display, type 3
frame 3163: 44457 us total, 11697 us display, type 3
frame 3164: 45104 us total, 11692 us display, type 3
frame 3165: 45019 us total, 11692 us display, type 3
frame 3166: 45098 us total, 11695 us display, type 3
frame 3167: 44319 us total, 11685 us display, type 3
frame 3168: 45238 us total, 12556 us display, type 3
frame 3169: 44507 us total, 11692 us display, type 3
frame 3170: 45303 us total, 12550 us display, type 3
frame 3171: 45484 us total, 11699 us display, type 3
frame 3172: 44672 us total, 11693 us display, type 3
frame 3173: 45130 us total, 12527 us display, type 3
frame 3174: 44588 us total, 11686 us display, type 3
frame 3175: 45345 us total, 12533 us display, type 3
frame 3176: 44447 us total, 11685 us display, type 3
frame 3177: 45644 us total, 12533 us display, type 3
frame 3178: 44483 us total, 11686 us display, type 3
frame 3179: 45155 us total, 12524 us display, type 3
frame 3180: 45054 us total, 12537 us display, type 3
frame 3181: 44880 us total, 11686 us display, type 3
frame 3182: 45179 us total, 12544 us display, type 3
frame 3183: 44547 us total, 12028 us display, type 3
frame 3184: 45694 us total, 12550 us display, type 3
frame 3185: 44494 us total, 11685 us display, type 3
frame 3186: 45174 us total, 12549 us display, type 3
frame 3187: 44398 us total, 12016 us display, type 3
frame 3188: 45569 us total, 12542 us display, type 3
frame 3189: 44622 us total, 12028 us display, type 3
frame 3190: 45495 us total, 12543 us display, type 3
frame 3191: 44647 us total, 11692 us display, type 3
frame 3192: 45175 us total, 12546 us display, type 3
frame 3193: 44571 us total, 12020 us display, type 3
frame 3194: 45226 us total, 11685 us display, type 3
frame 3195: 45247 us total, 12530 us display, type 3
frame 3196: 44742 us total, 11686 us display, type 3
frame 3197: 45487 us total, 12533 us display, type 3
frame 3198: 44558 us total, 11686 us display, type 3
frame 3199: 44564 us total, 12050 us display, type 3
frame 3200: 44934 us total, 12028 us display, type 3
frame 3201: 44678 us total, 12192 us display, type 3
frame 3202: 44352 us total, 11694 us display, type 3
frame 3203: 44994 us total, 12039 us display, type 3
frame 3204: 44394 us total, 11700 us display, type 3
frame 3205: 44665 us total, 12032 us display, type 3
frame 3206: 44117 us total, 11700 us display, type 3
frame 3207: 44947 us total, 12034 us display, type 3
frame 3208: 44746 us total, 12130 us display, type 3
frame 3209: 44621 us total, 11687 us display, type 3
frame 3210: 44706 us total, 12027 us display, type 3
frame 3211: 44251 us total, 11686 us display, type 3
frame 3212: 44021 us total, 12049 us display, type 3
frame 3213: 44029 us total, 11686 us display, type 3
frame 3214: 44648 us total, 12367 us display, type 3
frame 3215: 44270 us total, 11914 us display, type 3
frame 3216: 44794 us total, 12060 us display, type 3
frame 3217: 43862 us total, 11693 us display, type 3
frame 3218: 44712 us total, 12356 us display, type 3
frame 3219: 44081 us total, 11788 us display, type 3
frame 3220: 44587 us total, 12014 us display, type 3
frame 3221: 44277 us total, 11969 us display, type 3
frame 3222: 44308 us total, 11697 us display, type 3
frame 3223: 45084 us total, 11692 us display, type 3
frame 3224: 44200 us total, 11699 us display, type 3
frame 3225: 44934 us total, 11699 us display, type 3
frame 3226: 44452 us total, 11685 us display, type 3
frame 3227: 45234 us total, 11692 us display, type 3
frame 3228: 45194 us total, 11692 us display, type 3
frame 3229: 44689 us total, 11685 us display, type 3
frame 3230: 45186 us total, 11692 us display, type 3
frame 3231: 44496 us total, 11685 us display, type 3
frame 3232: 45241 us total, 11692 us display, type 3
frame 3233: 44327 us total, 11692 us display, type 3
frame 3234: 45405 us total, 11693 us display, type 3
frame 3235: 44958 us total, 11686 us display, type 3
frame 3236: 45187 us total, 11692 us display, type 3
frame 3237: 44476 us total, 11699 us display, type 3
frame 3238: 45260 us total, 11692 us display, type 3
frame 3239: 44701 us total, 11692 us display, type 3
frame 3240: 45051 us total, 12539 us display, type 3
frame 3241: 44935 us total, 11692 us display, type 3
frame 3242: 45390 us total, 11686 us display, type 3
frame 3243: 44467 us total, 11692 us display, type 3
frame 3244: 45134 us total, 12551 us display, type 3
frame 3245: 44562 us total, 11686 us display, type 3
frame 3246: 45322 us total, 12550 us display, type 3
frame 3247: 44461 us total, 12016 us display, type 3
frame 3248: 45652 us total, 12555 us display, type 3
frame 3249: 44492 us total, 11686 us display, type 3
frame 3250: 45259 us total, 12543 us display, type 3
frame 3251: 44706 us total, 11686 us display, type 3
frame 3252: 44610 us total, 12076 us display, type 3
frame 3253: 44954 us total, 12050 us display, type 3
frame 3254: 44886 us total, 12029 us display, type 3
frame 3255: 44714 us total, 12202 us display, type 3
frame 3256: 44266 us total, 11993 us display, type 3
frame 3257: 44804 us total, 12416 us display, type 3
frame 3258: 44426 us total, 11693 us display, type 3
frame 3259: 44646 us total, 12132 us display, type 3
frame 3260: 44385 us total, 12043 us display, type 3
frame 3261: 44769 us total, 12034 us display, type 3
frame 3262: 44253 us total, 11693 us display, type 3
frame 3263: 44722 us total, 12299 us display, type 3
frame 3264: 44432 us total, 11694 us display, type 3
frame 3265: 44658 us total, 12246 us display, type 3
frame 3266: 44259 us total, 11932 us display, type 3
frame 3267: 44815 us total, 12193 us display, type 3
frame 3268: 43874 us total, 11697 us display, type 3
frame 3269: 44364 us total, 12012 us display, type 3
frame 3270: 44256 us total, 12080 us display, type 3
frame 3271: 44252 us total, 11691 us display, type 3
frame 3272: 44534 us total, 12375 us display, type 3
frame 3273: 44680 us total, 11816 us display, type 3
frame 3274: 44404 us total, 11973 us display, type 3
frame 3275: 44257 us total, 12017 us display, type 3
frame 3276: 44114 us total, 11686 us display, type 3
frame 3277: 45005 us total, 11685 us display, type 3
frame 3278: 44307 us total, 11692 us display, type 3
frame 3279: 45025 us total, 11693 us display, type 3
frame 3280: 44964 us total, 11693 us display, type 3
frame 3281: 45205 us total, 11693 us display, type 3
frame 3282: 44319 us total, 11685 us display, type 3
frame 3283: 45107 us total, 11693 us display, type 3
frame 3284: 44721 us total, 11687 us display, type 3
frame 3285: 45147 us total, 11690 us display, type 3
frame 3286: 44722 us total, 11692 us display, type 3
frame 3287: 45278 us total, 11685 us display, type 3
frame 3288: 44645 us total, 11692 us display, type 3
frame 3289: 45052 us total, 11700 us display, type 3
frame 3290: 44743 us total, 11692 us display, type 3
frame 3291: 45054 us total, 12530 us display, type 3
frame 3292: 45565 us total, 11692 us display, type 3
frame 3293: 44492 us total, 11699 us display, type 3
frame 3294: 45182 us total, 11692 us display, type 3
frame 3295: 44551 us total, 11692 us display, type 3
frame 3296: 45410 us total, 11700 us display, type 3
frame 3297: 44538 us total, 11685 us display, type 3
frame 3298: 45151 us total, 11692 us display, type 3
frame 3299: 45299 us total, 11693 us display, type 3
frame 3300: 44218 us total, 11685 us display, type 3
frame 3301: 44506 us total, 12056 us display, type 3
frame 3302: 43898 us total, 11799 us display, type 3
frame 3303: 45006 us total, 11745 us display, type 3
frame 3304: 44810 us total, 12356 us display, type 3
frame 3305: 44264 us total, 11733 us display, type 3
frame 3306: 44791 us total, 12341 us display, type 3
frame 3307: 44963 us total, 12493 us display, type 3
frame 3308: 43889 us total, 11687 us display, type 3
frame 3309: 44372 us total, 12018 us display, type 3
frame 3310: 44226 us total, 11700 us display, type 3
frame 3311: 44270 us total, 12050 us display, type 3
frame 3312: 44005 us total, 11687 us display, type 3
frame 3313: 43979 us total, 12025 us display, type 3
frame 3314: 43975 us total, 11693 us display, type 3
frame 3315: 44809 us total, 12186 us display, type 3
frame 3316: 43704 us total, 11800 us display, type 3
frame 3317: 44638 us total, 12005 us display, type 3
frame 3318: 44822 us total, 12269 us display, type 3
frame 3319: 44277 us total, 11979 us display, type 3
frame 3320: 43601 us total, 11699 us display, type 3
frame 3321: 44693 us total, 11699 us display, type 3
frame 3322: 44368 us total, 11699 us display, type 3
frame 3323: 45135 us total, 11686 us display, type 3
frame 3324: 45341 us total, 11686 us display, type 3
frame 3325: 44461 us total, 11699 us display, type 3
frame 3326: 45200 us total, 11685 us display, type 3
frame 3327: 45020 us total, 11693 us display, type 3
frame 3328: 44895 us total, 11686 us display, type 3
mem @frame 3328: heap free 66356, largest 40960, min ever 65536, zone free 55016, stack free 14540, uptime 138 s, gamestate 0, demo 0, usergame 1, tic 4758
frame 3329: 46097 us total, 11692 us display, type 3
frame 3330: 44570 us total, 11699 us display, type 3
frame 3331: 45250 us total, 11693 us display, type 3
frame 3332: 44271 us total, 11685 us display, type 3
frame 3333: 45057 us total, 11692 us display, type 3
frame 3334: 44513 us total, 11693 us display, type 3
frame 3335: 45372 us total, 11685 us display, type 3
frame 3336: 44514 us total, 11692 us display, type 3
frame 3337: 45398 us total, 11686 us display, type 3
frame 3338: 44711 us total, 11693 us display, type 3
frame 3339: 44987 us total, 11695 us display, type 3
frame 3340: 44537 us total, 11685 us display, type 3
frame 3341: 45218 us total, 12522 us display, type 3
frame 3342: 44690 us total, 11686 us display, type 3
frame 3343: 45351 us total, 11692 us display, type 3
frame 3344: 45415 us total, 11699 us display, type 3
frame 3345: 44648 us total, 11692 us display, type 3
frame 3346: 45208 us total, 11699 us display, type 3
frame 3347: 45367 us total, 11692 us display, type 3
frame 3348: 44563 us total, 11700 us display, type 3
frame 3349: 45255 us total, 11686 us display, type 3
frame 3350: 45039 us total, 11693 us display, type 3
frame 3351: 45172 us total, 11685 us display, type 3
frame 3352: 44979 us total, 11685 us display, type 3
frame 3353: 44517 us total, 11693 us display, type 3
frame 3354: 45352 us total, 11686 us display, type 3
frame 3355: 45057 us total, 11689 us display, type 3
frame 3356: 44821 us total, 11692 us display, type 3
frame 3357: 45288 us total, 11685 us display, type 3
frame 3358: 44402 us total, 11692 us display, type 3
frame 3359: 45127 us total, 11692 us display, type 3
frame 3360: 45111 us total, 11692 us display, type 3
frame 3361: 44724 us total, 11699 us display, type 3
frame 3362: 45296 us total, 11699 us display, type 3
frame 3363: 44800 us total, 11692 us display, type 3
frame 3364: 44996 us total, 11693 us display, type 3
frame 3365: 44886 us total, 12532 us display, type 3
frame 3366: 44747 us total, 11692 us display, type 3
frame 3367: 45039 us total, 12526 us display, type 3
frame 3368: 44785 us total, 11686 us display, type 3
frame 3369: 45654 us total, 11693 us display, type 3
frame 3370: 45171 us total, 11699 us display, type 3
frame 3371: 44491 us total, 11692 us display, type 3
frame 3372: 45239 us total, 12546 us display, type 3
frame 3373: 45308 us total, 11685 us display, type 3
frame 3374: 44431 us total, 11685 us display, type 3
frame 3375: 45502 us total, 11692 us display, type 3
frame 3376: 44791 us total, 11693 us display, type 3
frame 3377: 45040 us total, 11692 us display, type 3
frame 3378: 45135 us total, 11693 us display, type 3
frame 3379: 44577 us total, 11692 us display, type 3
frame 3380: 45239 us total, 11692 us display, type 3
frame 3381: 44536 us total, 11692 us display, type 3
frame 3382: 45610 us total, 11693 us display, type 3
frame 3383: 45041 us total, 11693 us display, type 3
frame 3384: 44573 us total, 11692 us display, type 3
frame 3385: 45259 us total, 11699 us display, type 3
frame 3386: 44391 us total, 11686 us display, type 3
frame 3387: 45398 us total, 12540 us display, type 3
frame 3388: 44858 us total, 11686 us display, type 3
frame 3389: 45325 us total, 11692 us display, type 3
frame 3390: 44524 us total, 11686 us display, type 3
frame 3391: 45249 us total, 12533 us display, type 3
frame 3392: 44708 us total, 11692 us display, type 3
frame 3393: 45042 us total, 12517 us display, type 3
frame 3394: 44965 us total, 11686 us display, type 3
frame 3395: 45291 us total, 12524 us display, type 3
frame 3396: 45224 us total, 11692 us display, type 3
frame 3397: 44543 us total, 11692 us display, type 3
frame 3398: 45280 us total, 12550 us display, type 3
frame 3399: 44623 us total, 11686 us display, type 3
frame 3400: 45161 us total, 12540 us display, type 3
frame 3401: 45534 us total, 11692 us display, type 3
frame 3402: 44548 us total, 11685 us display, type 3
frame 3403: 45201 us total, 12539 us display, type 3
frame 3404: 44754 us total, 11685 us display, type 3
frame 3405: 45040 us total, 12527 us display, type 3
frame 3406: 45274 us total, 12553 us display, type 3
frame 3407: 44548 us total, 11686 us display, type 3
frame 3408: 45108 us total, 12550 us display, type 3
frame 3409: 44263 us total, 12027 us display, type 3
frame 3410: 44639 us total, 12236 us display, type 3
frame 3411: 44415 us total, 11693 us display, type 3
frame 3412: 44671 us total, 12144 us display, type 3
frame 3413: 44658 us total, 11693 us display, type 3
frame 3414: 44811 us total, 12050 us display, type 3
frame 3415: 44271 us total, 11687 us display, type 3
frame 3416: 44523 us total, 12031 us display, type 3
frame 3417: 44553 us total, 11687 us display, type 3
frame 3418: 44765 us total, 12049 us display, type 3
frame 3419: 44248 us total, 11687 us display, type 3
frame 3420: 45368 us total, 12472 us display, type 3
frame 3421: 44255 us total, 11948 us display, type 3
frame 3422: 44813 us total, 12453 us display, type 3
frame 3423: 43822 us total, 11686 us display, type 3
frame 3424: 44555 us total, 12025 us display, type 3
frame 3425: 44013 us total, 11846 us display, type 3
frame 3426: 44865 us total, 12014 us display, type 3
frame 3427: 44606 us total, 12196 us display, type 3
frame 3428: 43919 us total, 11690 us display, type 3
frame 3429: 44762 us total, 12339 us display, type 3
frame 3430: 44310 us total, 11800 us display, type 3
