ESP-ROM:esp32c6-20220919
Build:Sep 19 2022
rst:0x15 (USB_UART_HPSYS),boot:0x2c (SPI_FAST_FLASH_BOOT)
Saved PC:0x4001a372
SPIWP:0xee
mode:DIO, clock div:2
load:0x40875720,len:0x1a5c
load:0x4086c110,len:0xf58
load:0x4086e610,len:0x3074
entry 0x4086c11a
[0;32mI (23) boot: ESP-IDF v5.3.4 2nd stage bootloader[0m
[0;32mI (23) boot: compile time Sep 14 2026 20:53:10[0m
[0;32mI (24) boot: chip revision: v0.2[0m
[0;32mI (24) boot: efuse block revision: v0.3[0m
[0;32mI (24) qio_mode: Enabling QIO for flash chip WinBond[0m
[0;32mI (25) boot.esp32c6: SPI Speed      : 80MHz[0m
[0;32mI (25) boot.esp32c6: SPI Mode       : QIO[0m
[0;32mI (25) boot.esp32c6: SPI Flash Size : 16MB[0m
[0;32mI (25) boot: Enabling RNG early entropy source...[0m
[0;32mI (26) boot: Partition Table:[0m
[0;32mI (26) boot: ## Label            Usage          Type ST Offset   Length[0m
[0;32mI (26) boot:  0 nvs              WiFi data        01 02 00009000 00006000[0m
[0;32mI (27) boot:  1 phy_init         RF data          01 01 0000f000 00001000[0m
[0;32mI (28) boot:  2 factory          factory app      00 00 00010000 00200000[0m
[0;32mI (28) boot:  3 wad              Unknown data     01 40 00210000 00400000[0m
[0;32mI (29) boot:  4 saves            WiFi data        01 02 00610000 00020000[0m
[0;32mI (29) boot: End of partition table[0m
[0;32mI (30) esp_image: segment 0: paddr=00010020 vaddr=420c0020 size=33e30h (212528) map[0m
[0;32mI (69) esp_image: segment 1: paddr=00043e58 vaddr=40800000 size=0c1c0h ( 49600) load[0m
[0;32mI (80) esp_image: segment 2: paddr=00050020 vaddr=42000020 size=b6d68h (748904) map[0m
[0;32mI (214) esp_image: segment 3: paddr=00106d90 vaddr=4080c1c0 size=0df64h ( 57188) load[0m
[0;32mI (227) esp_image: segment 4: paddr=00114cfc vaddr=50000000 size=00004h (     4) load[0m
[0;32mI (233) boot: Loaded app from partition at offset 0x10000[0m
[0;32mI (233) boot: Disabling RNG early entropy source...[0m
[0;32mI (234) cpu_start: Unicore app[0m
[0;32mI (243) cpu_start: Pro cpu start user code[0m
[0;32mI (243) cpu_start: cpu freq: 160000000 Hz[0m
[0;32mI (243) app_init: Application information:[0m
[0;32mI (243) app_init: Project name:     diablito[0m
[0;32mI (244) app_init: App version:      5487ef9-dirty[0m
[0;32mI (244) app_init: Compile time:     Sep 14 2026 23:04:05[0m
[0;32mI (244) app_init: ELF file SHA256:  9de2b79f7...[0m
[0;32mI (245) app_init: ESP-IDF:          v5.3.4[0m
[0;32mI (245) efuse_init: Min chip rev:     v0.0[0m
[0;32mI (245) efuse_init: Max chip rev:     v0.99 [0m
[0;32mI (245) efuse_init: Chip rev:         v0.2[0m
[0;32mI (246) heap_init: Initializing. RAM available for dynamic allocation:[0m
[0;32mI (246) heap_init: At 40834BD0 len 00047A40 (286 KiB): RAM[0m
[0;32mI (246) heap_init: At 4087C610 len 00002F54 (11 KiB): RAM[0m
[0;32mI (247) heap_init: At 50000004 len 00003FE4 (15 KiB): RTCRAM[0m
[0;32mI (247) spi_flash: detected chip: generic[0m
[0;32mI (248) spi_flash: flash io: qio[0m
[0;33mW (248) i2c: This driver is an old driver, please migrate your application code to adapt `driver/i2c_master.h`[0m
[0;32mI (249) sleep: Configure to isolate all GPIO pins in sleep state[0m
[0;32mI (249) sleep: Enable automatic switching of GPIO sleep configuration[0m
[0;32mI (249) coexist: coex firmware version: a13b09d[0m
[0;32mI (250) coexist: coexist rom version 5b8dcfa[0m
[0;32mI (250) main_task: Started on CPU0[0m
[0;32mI (250) main_task: Calling app_main()[0m
[0;32mI (250) gpio: GPIO[15]| InputEn: 0| OutputEn: 1| OpenDrain: 0| Pullup: 0| Pulldown: 0| Intr:0 [0m
[0;32mI (250) gpio: GPIO[9]| InputEn: 1| OutputEn: 0| OpenDrain: 0| Pullup: 1| Pulldown: 0| Intr:0 [0m
[0;32mI (250) gpio: GPIO[18]| InputEn: 1| OutputEn: 0| OpenDrain: 0| Pullup: 1| Pulldown: 0| Intr:0 [0m
[0;32mI (251) gpio: GPIO[0]| InputEn: 0| OutputEn: 0| OpenDrain: 0| Pullup: 0| Pulldown: 0| Intr:0 [0m
[0;32mI (251) DIABLITO: DIABLITO skeleton, IDF v5.3.4, CPU 160 MHz[0m
[0;32mI (251) DIABLITO: heap at boot: free 290484, largest block 262144, min ever 290484, dma-capable 275884[0m
[0;32mI (252) gpio: GPIO[3]| InputEn: 0| OutputEn: 1| OpenDrain: 0| Pullup: 0| Pulldown: 0| Intr:0 [0m
[0;32mI (252) gpio: GPIO[4]| InputEn: 0| OutputEn: 1| OpenDrain: 0| Pullup: 0| Pulldown: 0| Intr:0 [0m
[0;32mI (756) DISPLAY: ST7789 up: 280x240 landscape, SPI 80 MHz, 2 x 8960 B DMA strips[0m
[0;32mI (756) DIABLITO: heap after display: free 271000, largest block 245760, min ever 271000, dma-capable 256400[0m
[0;32mI (757) DIABLITO: wad partition @0x210000 size 4194304: magic IWHD, 1264 lumps, infotable @36, file 2073676 bytes[0m
[0;32mI (757) DIABLITO: WHD mapped at 0x42100000, header via mmap: IWHD ·©ÔUDOOM1[0m
[0;32mI (758) DIABLITO: heap after wad mmap: free 270368, largest block 241664, min ever 270368, dma-capable 255768[0m
[0;32mI (758) DIABLITO: main task stack high-water: 14904 bytes free[0m
[0;32mI (759) DIABLITO: .bss ends at 0x40834bd0 (short-pointer window ends at 0x40840000, 46128 bytes spare)[0m
[0;32mI (759) DIABLITO: heap before BLE: free 270368, largest block 241664, min ever 270368, dma-capable 255768[0m
[0;32mI (772) BLE_INIT: Using main XTAL as clock source, chip ver: 2[0m
[0;32mI (773) BLE_INIT: ble controller commit:[ca6c20b][0m
[0;32mI (777) BLE_INIT: Bluetooth MAC: fc:01:2c:fd:fc:b2[0m
[0;32mI (777) phy_init: phy_version 341,a6c8fe6,Jul 30 2025,18:34:11[0m
[0;32mI (871) phy: libbtbb version: a945109, Jul 30 2025, 18:34:25[0m
[0;32mI (878) PAD: init, saved controller: yes[0m
[0;32mI (1079) DIABLITO: heap after BLE init: free 231672, largest block 204800, min ever 231536, dma-capable 217072[0m
[0;32mI (1079) DIABLITO: starting Doom[0m
                          DIABLITO Doom 3.0.0
Z_Init: Init zone memory allocation daemon. 
zone memory: 0x40822224, 10000 allocated for zone
M_LoadDefaults: Load system defaults.
W_Init: Init WADfiles.
===========================================================================
                            DOOM Shareware
===========================================================================
 DIABLITO Doom is free software, covered by the GNU General Public
 License.  There is NO warranty; not even for MERCHANTABILITY or FITNESS
 FOR A PARTICULAR PURPOSE. You are welcome to change and distribute
 copies under certain conditions. See the source for more information.
===========================================================================
I_Init: Setting up machine state.
[0;32mI (1131) AUDIO: ES8311 + I2S: 22050 Hz, 2 ch, ring 8192 bytes (92 ms)[0m
M_Init: Init miscellaneous info.
R_Init: Init DOOM refresh daemon - .........
P_Init: Init Playloop state.
S_Init: Setting up sound.
D_CheckNetGame: Checking network game status.
Emulating the behavior of the 'Doom 1.9' executable.
HU_Init: Setting up heads up display.
ST_Init: Init status bar.
frame 2: 29685 us total, 11721 us display, type 4
frame 3: 11936 us total, 11673 us display, type 4
frame 4: 21506 us total, 11660 us display, type 4
frame 5: 28067 us total, 11693 us display, type 4
frame 6: 28989 us total, 11663 us display, type 4
frame 7: 28003 us total, 11664 us display, type 4
frame 8: 28986 us total, 11668 us display, type 4
frame 9: 27952 us total, 11663 us display, type 4
frame 10: 29129 us total, 11672 us display, type 4
[0;32mI (1433) PAD: found  78:86:2e:8f:59:f6 rssi -52[0m
frame 11: 29152 us total, 11693 us display, type 4
frame 12: 27735 us total, 11661 us display, type 4
frame 13: 29070 us total, 11705 us display, type 4
frame 14: 28970 us total, 12711 us display, type 4
frame 15: 28263 us total, 11691 us display, type 4
frame 16: 27770 us total, 11669 us display, type 4
frame 17: 28920 us total, 11668 us display, type 4
frame 18: 29092 us total, 11672 us display, type 4
frame 19: 27902 us total, 11660 us display, type 4
frame 20: 29077 us total, 11669 us display, type 4
frame 21: 27965 us total, 11670 us display, type 4
frame 22: 29024 us total, 11668 us display, type 4
frame 23: 28010 us total, 11668 us display, type 4
frame 24: 28967 us total, 11668 us display, type 4
frame 25: 30734 us total, 13257 us display, type 4
frame 26: 26546 us total, 11691 us display, type 4
[0;32mI (1908) NimBLE: Connection established [0m
[0;32mI (1909) NIMBLE_HIDH: pairing for encrypted link (rc=0)[0m
frame 27: 30357 us total, 13346 us display, type 4
frame 28: 26591 us total, 11674 us display, type 4
frame 29: 29004 us total, 11702 us display, type 4
frame 30: 27734 us total, 11663 us display, type 4
[0;32mI (2007) NimBLE: mtu update event; conn_handle=0 cid=4 mtu=23
[0m
frame 31: 29194 us total, 11698 us display, type 4
frame 32: 28998 us total, 11869 us display, type 4
frame 33: 28000 us total, 11689 us display, type 4
frame 34: 28829 us total, 11661 us display, type 4
frame 35: 28055 us total, 11671 us display, type 4
[0;32mI (2158) NIMBLE_HIDH: encryption change: status=0[0m
frame 36: 29244 us total, 11717 us display, type 4
frame 37: 27714 us total, 11667 us display, type 4
frame 38: 29137 us total, 11700 us display, type 4
[0;32mI (2257) NIMBLE_HIDH: service 0x1800 handles 1-7[0m
[0;32mI (2257) NIMBLE_HIDH: service 0x1801 handles 8-8[0m
[0;32mI (2258) NIMBLE_HIDH: service 0x180a handles 9-17[0m
frame 39: 30552 us total, 13342 us display, type 4
frame 40: 26456 us total, 11688 us display, type 4
frame 41: 29123 us total, 11927 us display, type 4
frame 42: 27884 us total, 11679 us display, type 4
[0;32mI (2357) NIMBLE_HIDH: service 0x180f handles 18-21[0m
[0;32mI (2357) NIMBLE_HIDH: service 0x1812 handles 22-35[0m
frame 43: 29014 us total, 11713 us display, type 4
frame 44: 27845 us total, 11667 us display, type 4
frame 45: 29123 us total, 11703 us display, type 4
[0;32mI (2457) NIMBLE_HIDH: service 00000001-5f60-4c4f-9c83-a7953298d40d handles 36-42[0m
frame 46: 29699 us total, 12494 us display, type 4
frame 47: 27368 us total, 11690 us display, type 4
frame 48: 29002 us total, 11912 us display, type 4
frame 49: 27952 us total, 11679 us display, type 4
frame 50: 29049 us total, 11704 us display, type 4
frame 51: 27753 us total, 11660 us display, type 4
frame 52: 29214 us total, 11695 us display, type 4
frame 53: 29267 us total, 12146 us display, type 4
frame 54: 27758 us total, 11681 us display, type 4
frame 55: 29047 us total, 11917 us display, type 4
frame 56: 27857 us total, 11671 us display, type 4
frame 57: 29107 us total, 11704 us display, type 4
frame 58: 27751 us total, 11660 us display, type 4
frame 59: 29222 us total, 11695 us display, type 4
[0;32mI (2857) NimBLE: Read complete; status=0 conn_handle=0[0m
frame 60: 29599 us total, 12450 us display, type 4
frame 61: 27424 us total, 11687 us display, type 4
frame 62: 28883 us total, 11675 us display, type 4
[0;32mI (2918) NimBLE: Read complete; status=0 conn_handle=0[0m
[0;32mI (2918) NimBLE: Read complete; status=14 conn_handle=0[0m
frame 63: 28179 us total, 11715 us display, type 4
frame 64: 29269 us total, 12088 us display, type 4
frame 65: 28072 us total, 12109 us display, type 4
frame 66: 28967 us total, 12082 us display, type 4
frame 67: 29069 us total, 12108 us display, type 4
[0;32mI (3082) NimBLE: Read complete; status=0 conn_handle=0[0m
[0;32mI (3082) NimBLE: Read complete; status=14 conn_handle=0[0m
frame 68: 28578 us total, 12680 us display, type 4
[0;32mI (3112) NimBLE: Read complete; status=0 conn_handle=0[0m
[0;32mI (3112) NimBLE: Read complete; status=14 conn_handle=0[0m
frame 69: 28940 us total, 12670 us display, type 4
[0;32mI (3142) NimBLE: Read complete; status=0 conn_handle=0[0m
[0;32mI (3142) NimBLE: Read complete; status=14 conn_handle=0[0m
frame 70: 28211 us total, 12829 us display, type 4
frame 71: 28464 us total, 12343 us display, type 4
frame 72: 28130 us total, 12415 us display, type 4
frame 73: 28285 us total, 11709 us display, type 4
frame 74: 29102 us total, 11721 us display, type 4
frame 75: 28340 us total, 12204 us display, type 4
frame 76: 29090 us total, 12232 us display, type 4
frame 77: 28129 us total, 12429 us display, type 4
[0;32mI (3352) NimBLE: Read complete; status=0 conn_handle=0[0m
frame 78: 28609 us total, 11973 us display, type 4
[0;32mI (3382) NimBLE: Read complete; status=0 conn_handle=0[0m
frame 79: 27931 us total, 11962 us display, type 4
[0;32mI (3412) NimBLE: Read complete; status=0 conn_handle=0[0m
frame 80: 29080 us total, 11977 us display, type 4
[0;32mI (3442) NimBLE: Read complete; status=0 conn_handle=0[0m
frame 81: 28987 us total, 11978 us display, type 4
[0;32mI (3472) NimBLE: Read complete; status=0 conn_handle=0[0m
frame 82: 27983 us total, 12006 us display, type 4
[0;32mI (3502) NimBLE: Read complete; status=0 conn_handle=0[0m
frame 83: 28748 us total, 11709 us display, type 4
[0;32mI (3532) NimBLE: Read complete; status=0 conn_handle=0[0m
frame 84: 27960 us total, 11708 us display, type 4
[0;32mI (3562) NimBLE: Read complete; status=0 conn_handle=0[0m
frame 85: 29962 us total, 11706 us display, type 4
[0;32mI (3592) NimBLE: Read complete; status=0 conn_handle=0[0m
frame 86: 27695 us total, 12352 us display, type 4
[0;32mI (3622) NimBLE: Read complete; status=0 conn_handle=0[0m
frame 87: 28974 us total, 12349 us display, type 4
[0;32mI (3653) NimBLE: Read complete; status=0 conn_handle=0[0m
frame 88: 29314 us total, 12629 us display, type 4
[0;32mI (3682) NimBLE: Read complete; status=0 conn_handle=0[0m
frame 89: 27745 us total, 12350 us display, type 4
[0;32mI (3712) NimBLE: Read complete; status=0 conn_handle=0[0m
[0;32mI (3712) NimBLE: Read complete; status=14 conn_handle=0[0m
frame 90: 29343 us total, 12753 us display, type 4
frame 91: 27701 us total, 12393 us display, type 4
[0;32mI (3772) NimBLE: Read complete; status=0 conn_handle=0[0m
[0;32mI (3772) NimBLE: Read complete; status=14 conn_handle=0[0m
frame 92: 29421 us total, 12874 us display, type 4
frame 93: 27711 us total, 12520 us display, type 4
frame 94: 28196 us total, 11717 us display, type 4
[0;32mI (3832) NimBLE: Read complete; status=0 conn_handle=0[0m
[0;32mI (3832) NimBLE: Read complete; status=14 conn_handle=0[0m
[0;32mI (3834) NIMBLE_HIDH: attaching listeners, battery handle 20 ccc 21[0m
[0;32mI (3834) PAD: report map: 22 input fields[0m
[0;32mI (3835) PAD:   field rid 1 page 1 usage 0x30 bits 16 @0 logical 0..65535[0m
[0;32mI (3835) PAD:   field rid 1 page 1 usage 0x31 bits 16 @16 logical 0..65535[0m
[0;32mI (3835) PAD:   field rid 1 page 1 usage 0x32 bits 16 @32 logical 0..65535[0m
[0;32mI (3836) PAD:   field rid 1 page 1 usage 0x35 bits 16 @48 logical 0..65535[0m
[0;32mI (3836) PAD:   field rid 1 page 2 usage 0xc5 bits 10 @64 logical 0..1023[0m
[0;32mI (3836) PAD:   field rid 1 page 2 usage 0xc4 bits 10 @80 logical 0..1023[0m
[0;32mI (3837) PAD:   field rid 1 page 1 usage 0x39 bits 4 @96 logical 1..8[0m
[0;32mI (3837) PAD:   field rid 1 page 9 usage 0x01 bits 1 @104 logical 0..1[0m
[0;32mI (3837) PAD:   field rid 1 page 9 usage 0x02 bits 1 @105 logical 0..1[0m
[0;32mI (3838) PAD:   field rid 1 page 9 usage 0x03 bits 1 @106 logical 0..1[0m
[0;32mI (3838) PAD:   field rid 1 page 9 usage 0x04 bits 1 @107 logical 0..1[0m
[0;32mI (3838) PAD:   field rid 1 page 9 usage 0x05 bits 1 @108 logical 0..1[0m
[0;32mI (3839) PAD:   field rid 1 page 9 usage 0x06 bits 1 @109 logical 0..1[0m
[0;32mI (3839) PAD:   field rid 1 page 9 usage 0x07 bits 1 @110 logical 0..1[0m
[0;32mI (3839) PAD:   field rid 1 page 9 usage 0x08 bits 1 @111 logical 0..1[0m
[0;32mI (3840) PAD:   field rid 1 page 9 usage 0x09 bits 1 @112 logical 0..1[0m
[0;32mI (3840) PAD:   field rid 1 page 9 usage 0x0a bits 1 @113 logical 0..1[0m
[0;32mI (3840) PAD:   field rid 1 page 9 usage 0x0b bits 1 @114 logical 0..1[0m
[0;32mI (3840) PAD:   field rid 1 page 9 usage 0x0c bits 1 @115 logical 0..1[0m
[0;32mI (3841) PAD:   field rid 1 page 9 usage 0x0d bits 1 @116 logical 0..1[0m
[0;32mI (3841) PAD:   field rid 1 page 9 usage 0x0e bits 1 @117 logical 0..1[0m
[0;32mI (3841) PAD:   field rid 1 page 9 usage 0x0f bits 1 @118 logical 0..1[0m
[0;32mI (3842) PAD:   rid 1 page 1 usage 30 bit 0 size 16 [0..65535][0m
[0;32mI (3842) PAD:   rid 1 page 1 usage 31 bit 16 size 16 [0..65535][0m
[0;32mI (3842) PAD:   rid 1 page 1 usage 32 bit 32 size 16 [0..65535][0m
[0;32mI (3843) PAD:   rid 1 page 1 usage 35 bit 48 size 16 [0..65535][0m
[0;32mI (3843) PAD:   rid 1 page 2 usage c5 bit 64 size 10 [0..1023][0m
[0;32mI (3843) PAD:   rid 1 page 2 usage c4 bit 80 size 10 [0..1023][0m
[0;32mI (3844) PAD:   rid 1 page 1 usage 39 bit 96 size 4 [1..8][0m
[0;32mI (3844) PAD:   rid 1 page 9 usage 1 bit 104 size 1 [0..1][0m
[0;32mI (3844) PAD:   rid 1 page 9 usage 2 bit 105 size 1 [0..1][0m
[0;32mI (3844) PAD:   rid 1 page 9 usage 3 bit 106 size 1 [0..1][0m
[0;32mI (3845) PAD:   rid 1 page 9 usage 4 bit 107 size 1 [0..1][0m
[0;32mI (3845) PAD:   rid 1 page 9 usage 5 bit 108 size 1 [0..1][0m
[0;32mI (3845) PAD:   rid 1 page 9 usage 6 bit 109 size 1 [0..1][0m
[0;32mI (3845) PAD:   rid 1 page 9 usage 7 bit 110 size 1 [0..1][0m
[0;32mI (3846) PAD:   rid 1 page 9 usage 8 bit 111 size 1 [0..1][0m
[0;32mI (3846) PAD:   rid 1 page 9 usage 9 bit 112 size 1 [0..1][0m
[0;32mI (3846) PAD:   rid 1 page 9 usage a bit 113 size 1 [0..1][0m
[0;32mI (3847) PAD:   rid 1 page 9 usage b bit 114 size 1 [0..1][0m
[0;32mI (3847) PAD:   rid 1 page 9 usage c bit 115 size 1 [0..1][0m
[0;32mI (3847) PAD:   rid 1 page 9 usage d bit 116 size 1 [0..1][0m
[0;32mI (3848) PAD:   rid 1 page 9 usage e bit 117 size 1 [0..1][0m
[0;32mI (3848) PAD:   rid 1 page 9 usage f bit 118 size 1 [0..1][0m
[0;32mI (3849) PAD: connected: Xbox Wireless Controller[0m
gamepad connected: Xbox Wireless Controller
[0;32mI (3862) NimBLE: Subscribe complete; status=259 conn_handle=0 attr_handle=20
[0m
frame 95: 32242 us total, 12995 us display, type 4
frame 96: 25367 us total, 12331 us display, type 4
[0;32mI (3892) NIMBLE_HIDH: write complete; status=0 attr_handle=21[0m
[0;32mI (3892) NIMBLE_HIDH: report id 3 type 2 mode 1 perms 0xe handle 34 ccc 0[0m
[0;32mI (3892) NIMBLE_HIDH: report id 1 type 1 mode 1 perms 0x12 handle 30 ccc 31[0m
frame 97: 29060 us total, 12429 us display, type 4
[0;32mI (3922) NimBLE: Subscribe complete; status=259 conn_handle=0 attr_handle=30
[0m
[0;32mI (3922) NIMBLE_HIDH:   notify registered[0m
frame 98: 28152 us total, 12536 us display, type 4
[0;32mI (3952) NIMBLE_HIDH: write complete; status=0 attr_handle=31[0m
[0;32mI (3952) NIMBLE_HIDH:   ccc written[0m
[0;32mI (3952) NIMBLE_HIDH: listeners attached[0m
frame 99: 28285 us total, 11853 us display, type 4
frame 100: 28024 us total, 11971 us display, type 4
frame 101: 29087 us total, 12009 us display, type 4
frame 102: 29161 us total, 12173 us display, type 4
frame 103: 27466 us total, 11684 us display, type 4
frame 104: 29043 us total, 11682 us display, type 4
frame 105: 27968 us total, 11695 us display, type 4
frame 106: 29040 us total, 11692 us display, type 4
frame 107: 27994 us total, 11694 us display, type 4
frame 108: 28882 us total, 11673 us display, type 4
frame 109: 29034 us total, 11680 us display, type 4
frame 110: 27954 us total, 11673 us display, type 4
frame 111: 29045 us total, 11681 us display, type 4
frame 112: 28005 us total, 11681 us display, type 4
frame 113: 28949 us total, 11673 us display, type 4
frame 114: 28137 us total, 11772 us display, type 4
frame 115: 28911 us total, 11679 us display, type 4
frame 116: 28945 us total, 11676 us display, type 4
frame 117: 28040 us total, 11671 us display, type 4
frame 118: 28968 us total, 11674 us display, type 4
frame 119: 28052 us total, 11688 us display, type 4
frame 120: 28996 us total, 11680 us display, type 4
frame 121: 27951 us total, 11673 us display, type 4
frame 122: 29046 us total, 11681 us display, type 4
frame 123: 28954 us total, 11673 us display, type 4
frame 124: 28064 us total, 11699 us display, type 4
frame 125: 29074 us total, 11769 us display, type 4
frame 126: 27863 us total, 11672 us display, type 4
frame 127: 29030 us total, 11673 us display, type 4
frame 128: 28013 us total, 11679 us display, type 4
frame 129: 28956 us total, 11673 us display, type 4
frame 130: 29046 us total, 11681 us display, type 4
frame 131: 27978 us total, 11675 us display, type 4
frame 132: 29033 us total, 11677 us display, type 4
frame 133: 27991 us total, 11681 us display, type 4
frame 134: 28951 us total, 11673 us display, type 4
frame 135: 28136 us total, 11770 us display, type 4
frame 136: 28864 us total, 11672 us display, type 4
frame 137: 29030 us total, 11674 us display, type 4
frame 138: 28014 us total, 11679 us display, type 4
frame 139: 28956 us total, 11673 us display, type 4
frame 140: 28047 us total, 11681 us display, type 4
frame 141: 29002 us total, 11681 us display, type 4
frame 142: 27951 us total, 11673 us display, type 4
frame 143: 29047 us total, 11681 us display, type 4
frame 144: 28954 us total, 11673 us display, type 4
frame 145: 28063 us total, 11698 us display, type 4
frame 146: 29076 us total, 11770 us display, type 4
frame 147: 27859 us total, 11672 us display, type 4
frame 148: 29030 us total, 11673 us display, type 4
frame 149: 27967 us total, 11672 us display, type 4
frame 150: 29051 us total, 11680 us display, type 4
frame 151: 29002 us total, 11681 us display, type 4
frame 152: 27955 us total, 11677 us display, type 4
frame 153: 29043 us total, 11681 us display, type 4
frame 154: 28002 us total, 11681 us display, type 4
frame 155: 28951 us total, 11673 us display, type 4
frame 156: 28143 us total, 11770 us display, type 4
frame 157: 28857 us total, 11672 us display, type 4
frame 158: 29045 us total, 11688 us display, type 4
frame 159: 28002 us total, 11680 us display, type 4
frame 160: 28953 us total, 11673 us display, type 4
frame 161: 28047 us total, 11681 us display, type 4
frame 162: 28954 us total, 11673 us display, type 4
frame 163: 28046 us total, 11681 us display, type 4
frame 164: 29003 us total, 11680 us display, type 4
frame 165: 28950 us total, 11673 us display, type 4
frame 166: 28083 us total, 11696 us display, type 4
frame 167: 29058 us total, 11766 us display, type 4
frame 168: 27860 us total, 11672 us display, type 4
frame 169: 59986 us total, 12142 us display, type 5
frame 170: 12578 us total, 12274 us display, type 5
frame 171: 12438 us total, 12162 us display, type 5
frame 172: 12463 us total, 12194 us display, type 5
frame 173: 12436 us total, 12169 us display, type 5
frame 174: 12382 us total, 12101 us display, type 5
frame 175: 12353 us total, 12077 us display, type 5
frame 176: 12432 us total, 12160 us display, type 5
frame 177: 12442 us total, 12197 us display, type 5
frame 178: 12418 us total, 12131 us display, type 5
frame 179: 12460 us total, 12172 us display, type 5
frame 180: 12345 us total, 12062 us display, type 5
frame 181: 12473 us total, 12063 us display, type 5
frame 182: 12412 us total, 12127 us display, type 5
frame 183: 12436 us total, 12152 us display, type 5
frame 184: 12378 us total, 12122 us display, type 5
frame 185: 12448 us total, 12163 us display, type 5
frame 186: 12337 us total, 12040 us display, type 5
frame 187: 12437 us total, 12159 us display, type 5
frame 188: 12413 us total, 12114 us display, type 5
frame 189: 12372 us total, 12118 us display, type 5
frame 190: 12429 us total, 12141 us display, type 5
frame 191: 12384 us total, 12097 us display, type 5
frame 192: 12329 us total, 12040 us display, type 5
frame 193: 12361 us total, 12075 us display, type 5
frame 194: 12364 us total, 12073 us display, type 5
frame 195: 12425 us total, 12139 us display, type 5
frame 196: 12399 us total, 12111 us display, type 5
frame 197: 12316 us total, 12044 us display, type 5
frame 198: 12328 us total, 12030 us display, type 5
frame 199: 12321 us total, 12043 us display, type 5
frame 200: 12582 us total, 12312 us display, type 5
frame 201: 20020 us total, 12075 us display, type 5
frame 202: 12400 us total, 12055 us display, type 5
frame 203: 12446 us total, 12191 us display, type 5
frame 204: 12378 us total, 12077 us display, type 5
frame 205: 12413 us total, 12124 us display, type 5
frame 206: 12325 us total, 12039 us display, type 5
frame 207: 12462 us total, 12180 us display, type 5
frame 208: 12349 us total, 12072 us display, type 5
frame 209: 12880 us total, 12133 us display, type 5
frame 210: 12409 us total, 12104 us display, type 5
frame 211: 12407 us total, 12113 us display, type 5
frame 212: 12333 us total, 12040 us display, type 5
frame 213: 12439 us total, 12154 us display, type 5
frame 214: 12456 us total, 12155 us display, type 5
frame 215: 12337 us total, 12047 us display, type 5
frame 216: 12397 us total, 12103 us display, type 5
frame 217: 12364 us total, 12098 us display, type 5
frame 218: 12338 us total, 12044 us display, type 5
frame 219: 12423 us total, 12134 us display, type 5
frame 220: 12340 us total, 12054 us display, type 5
frame 221: 12330 us total, 12051 us display, type 5
frame 222: 12380 us total, 12087 us display, type 5
frame 223: 12323 us total, 12052 us display, type 5
frame 224: 12332 us total, 12034 us display, type 5
frame 225: 12344 us total, 12067 us display, type 5
frame 226: 12314 us total, 12038 us display, type 5
frame 227: 12341 us total, 12061 us display, type 5
frame 228: 12368 us total, 12085 us display, type 5
frame 229: 12316 us total, 12037 us display, type 5
frame 230: 12426 us total, 12144 us display, type 5
frame 231: 12308 us total, 12060 us display, type 5
frame 232: 12337 us total, 12046 us display, type 5
frame 233: 12337 us total, 12069 us display, type 5
frame 234: 12307 us total, 12046 us display, type 5
frame 235: 12308 us total, 12039 us display, type 5
frame 236: 12352 us total, 12072 us display, type 5
frame 237: 12309 us total, 12054 us display, type 5
frame 238: 12340 us total, 12065 us display, type 5
frame 239: 12365 us total, 12092 us display, type 5
frame 240: 12307 us total, 12047 us display, type 5
frame 241: 12311 us total, 12034 us display, type 5
frame 242: 12072 us total, 11724 us display, type 3
frame 243: 32773 us total, 11756 us display, type 3
frame 244: 28500 us total, 11747 us display, type 3
frame 245: 28626 us total, 11964 us display, type 3
frame 246: 29071 us total, 11929 us display, type 3
frame 247: 30032 us total, 11746 us display, type 3
frame 248: 30158 us total, 11739 us display, type 3
frame 249: 30745 us total, 11899 us display, type 3
frame 250: 30294 us total, 11748 us display, type 3
frame 251: 30946 us total, 11742 us display, type 3
frame 252: 30788 us total, 11957 us display, type 3
frame 253: 30372 us total, 11739 us display, type 3
frame 254: 30387 us total, 11748 us display, type 3
frame 255: 30222 us total, 11748 us display, type 3
frame 256: 31452 us total, 11737 us display, type 3
audio: 1 underruns, 46 ms queued
mem @frame 256: heap free 47464, largest 22016, min ever 46644, zone free 41244, display stack free 4408, uptime 7 s, gamestate 0, demo 1, usergame 0, tic 190
frame 257: 32203 us total, 12043 us display, type 3
frame 258: 30930 us total, 11974 us display, type 3
frame 259: 30427 us total, 11846 us display, type 3
frame 260: 31429 us total, 12060 us display, type 3
frame 261: 30415 us total, 11752 us display, type 3
frame 262: 30706 us total, 11740 us display, type 3
frame 263: 29406 us total, 11748 us display, type 3
frame 264: 29468 us total, 11867 us display, type 3
frame 265: 30002 us total, 11779 us display, type 3
frame 266: 29491 us total, 11753 us display, type 3
frame 267: 29581 us total, 11885 us display, type 3
frame 268: 30001 us total, 11903 us display, type 3
frame 269: 29997 us total, 11884 us display, type 3
frame 270: 31851 us total, 11949 us display, type 3
frame 271: 31858 us total, 12096 us display, type 3
frame 272: 31322 us total, 11750 us display, type 3
frame 273: 33482 us total, 12033 us display, type 3
frame 274: 32282 us total, 11740 us display, type 3
frame 275: 30717 us total, 11749 us display, type 3
frame 276: 29609 us total, 11738 us display, type 3
frame 277: 30645 us total, 11741 us display, type 3
frame 278: 28238 us total, 11739 us display, type 3
frame 279: 28348 us total, 12002 us display, type 3
frame 280: 27447 us total, 11738 us display, type 3
frame 281: 26563 us total, 11747 us display, type 3
frame 282: 26986 us total, 12369 us display, type 3
frame 283: 25491 us total, 11750 us display, type 3
frame 284: 25703 us total, 12069 us display, type 3
frame 285: 23115 us total, 11877 us display, type 3
frame 286: 23724 us total, 11891 us display, type 3
frame 287: 26629 us total, 11725 us display, type 3
frame 288: 26224 us total, 11729 us display, type 3
frame 289: 28903 us total, 11729 us display, type 3
frame 290: 27434 us total, 11720 us display, type 3
frame 291: 27525 us total, 11720 us display, type 3
frame 292: 28689 us total, 11726 us display, type 3
frame 293: 27218 us total, 11717 us display, type 3
frame 294: 28956 us total, 11734 us display, type 3
frame 295: 27713 us total, 11793 us display, type 3
frame 296: 27865 us total, 11729 us display, type 3
frame 297: 31175 us total, 11847 us display, type 3
frame 298: 25865 us total, 11720 us display, type 3
frame 299: 30909 us total, 11741 us display, type 3
frame 300: 25075 us total, 11725 us display, type 3
frame 301: 31010 us total, 12090 us display, type 3
frame 302: 29094 us total, 11728 us display, type 3
frame 303: 26963 us total, 12018 us display, type 3
frame 304: 30376 us total, 11722 us display, type 3
frame 305: 26731 us total, 11720 us display, type 3
frame 306: 30502 us total, 11729 us display, type 3
frame 307: 30972 us total, 11726 us display, type 3
frame 308: 29418 us total, 11781 us display, type 3
frame 309: 31915 us total, 11855 us display, type 3
frame 310: 30108 us total, 11749 us display, type 3
frame 311: 28492 us total, 11750 us display, type 3
frame 312: 30183 us total, 11759 us display, type 3
frame 313: 29768 us total, 11749 us display, type 3
frame 314: 28237 us total, 11757 us display, type 3
frame 315: 29592 us total, 11790 us display, type 3
frame 316: 29165 us total, 11746 us display, type 3
frame 317: 28118 us total, 11923 us display, type 3
frame 318: 31791 us total, 11897 us display, type 3
frame 319: 30255 us total, 11747 us display, type 3
frame 320: 30737 us total, 11748 us display, type 3
frame 321: 31020 us total, 11747 us display, type 3
frame 322: 31903 us total, 11751 us display, type 3
frame 323: 32049 us total, 11758 us display, type 3
frame 324: 33105 us total, 11740 us display, type 3
frame 325: 35012 us total, 12096 us display, type 3
frame 326: 30512 us total, 11816 us display, type 3
frame 327: 33534 us total, 11770 us display, type 3
frame 328: 35312 us total, 12072 us display, type 3
frame 329: 30438 us total, 11740 us display, type 3
frame 330: 33345 us total, 11761 us display, type 3
frame 331: 33706 us total, 11856 us display, type 3
frame 332: 33110 us total, 11746 us display, type 3
frame 333: 30603 us total, 11984 us display, type 3
frame 334: 32759 us total, 11766 us display, type 3
frame 335: 37323 us total, 11853 us display, type 3
frame 336: 33302 us total, 11744 us display, type 3
frame 337: 36778 us total, 11759 us display, type 3
frame 338: 37052 us total, 11912 us display, type 3
frame 339: 39571 us total, 11751 us display, type 3
frame 340: 37288 us total, 11918 us display, type 3
frame 341: 34208 us total, 11765 us display, type 3
frame 342: 40027 us total, 11743 us display, type 3
frame 343: 37540 us total, 11756 us display, type 3
frame 344: 37314 us total, 12133 us display, type 3
frame 345: 43133 us total, 12103 us display, type 3
frame 346: 38426 us total, 11753 us display, type 3
frame 347: 37491 us total, 11787 us display, type 3
frame 348: 40865 us total, 11747 us display, type 3
frame 349: 39055 us total, 11759 us display, type 3
frame 350: 42155 us total, 11743 us display, type 3
frame 351: 39397 us total, 11914 us display, type 3
frame 352: 42010 us total, 11763 us display, type 3
frame 353: 40344 us total, 11763 us display, type 3
frame 354: 40521 us total, 11765 us display, type 3
frame 355: 41228 us total, 11748 us display, type 3
frame 356: 43192 us total, 11760 us display, type 3
frame 357: 43929 us total, 11745 us display, type 3
frame 358: 42481 us total, 11759 us display, type 3
frame 359: 44466 us total, 11961 us display, type 3
frame 360: 41354 us total, 11763 us display, type 3
frame 361: 40303 us total, 12066 us display, type 3
frame 362: 35124 us total, 11763 us display, type 3
frame 363: 32430 us total, 11767 us display, type 3
frame 364: 35306 us total, 11732 us display, type 3
frame 365: 33501 us total, 11837 us display, type 3
frame 366: 35132 us total, 12091 us display, type 3
frame 367: 31194 us total, 11754 us display, type 3
frame 368: 32808 us total, 12056 us display, type 3
frame 369: 33579 us total, 11853 us display, type 3
frame 370: 31335 us total, 11917 us display, type 3
frame 371: 31748 us total, 11749 us display, type 3
frame 372: 31549 us total, 11937 us display, type 3
frame 373: 30928 us total, 12100 us display, type 3
frame 374: 31063 us total, 11753 us display, type 3
frame 375: 31800 us total, 11754 us display, type 3
frame 376: 30997 us total, 11745 us display, type 3
frame 377: 30008 us total, 11747 us display, type 3
frame 378: 30905 us total, 11757 us display, type 3
frame 379: 30283 us total, 11753 us display, type 3
frame 380: 30681 us total, 12016 us display, type 3
frame 381: 30136 us total, 12027 us display, type 3
frame 382: 31360 us total, 11737 us display, type 3
frame 383: 29903 us total, 11737 us display, type 3
frame 384: 31633 us total, 11758 us display, type 3
frame 385: 31834 us total, 11893 us display, type 3
frame 386: 30948 us total, 11841 us display, type 3
frame 387: 31911 us total, 11755 us display, type 3
frame 388: 30820 us total, 11745 us display, type 3
frame 389: 31260 us total, 11751 us display, type 3
frame 390: 31487 us total, 11746 us display, type 3
frame 391: 30965 us total, 11754 us display, type 3
frame 392: 32081 us total, 11755 us display, type 3
frame 393: 33770 us total, 11744 us display, type 3
frame 394: 31936 us total, 11901 us display, type 3
frame 395: 31445 us total, 11895 us display, type 3
frame 396: 36476 us total, 12038 us display, type 3
frame 397: 34071 us total, 11756 us display, type 3
frame 398: 33510 us total, 12028 us display, type 3
frame 399: 35559 us total, 12114 us display, type 3
frame 400: 34663 us total, 11743 us display, type 3
frame 401: 34792 us total, 11849 us display, type 3
frame 402: 34751 us total, 11757 us display, type 3
frame 403: 36768 us total, 11748 us display, type 3
frame 404: 36254 us total, 11919 us display, type 3
frame 405: 35521 us total, 11887 us display, type 3
frame 406: 36703 us total, 11823 us display, type 3
frame 407: 35064 us total, 11751 us display, type 3
frame 408: 36347 us total, 11749 us display, type 3
frame 409: 35850 us total, 11753 us display, type 3
frame 410: 37290 us total, 12063 us display, type 3
frame 411: 35452 us total, 12100 us display, type 3
frame 412: 35924 us total, 11741 us display, type 3
frame 413: 35918 us total, 11740 us display, type 3
frame 414: 35936 us total, 11879 us display, type 3
frame 415: 35974 us total, 11750 us display, type 3
frame 416: 34537 us total, 11749 us display, type 3
frame 417: 33986 us total, 11760 us display, type 3
frame 418: 35172 us total, 11753 us display, type 3
frame 419: 34846 us total, 11744 us display, type 3
frame 420: 33951 us total, 11751 us display, type 3
frame 421: 32455 us total, 11940 us display, type 3
frame 422: 31852 us total, 11820 us display, type 3
frame 423: 31837 us total, 11785 us display, type 3
frame 424: 33474 us total, 11754 us display, type 3
frame 425: 34357 us total, 11844 us display, type 3
frame 426: 35691 us total, 11750 us display, type 3
frame 427: 33518 us total, 12053 us display, type 3
frame 428: 32962 us total, 11756 us display, type 3
frame 429: 34830 us total, 11755 us display, type 3
frame 430: 34588 us total, 11741 us display, type 3
frame 431: 32573 us total, 12039 us display, type 3
frame 432: 34965 us total, 11900 us display, type 3
frame 433: 35366 us total, 11739 us display, type 3
frame 434: 34761 us total, 12042 us display, type 3
frame 435: 37375 us total, 11999 us display, type 3
frame 436: 35872 us total, 11748 us display, type 3
frame 437: 37651 us total, 11855 us display, type 3
frame 438: 36484 us total, 11750 us display, type 3
frame 439: 36764 us total, 11745 us display, type 3
frame 440: 36938 us total, 12119 us display, type 3
frame 441: 36749 us total, 11750 us display, type 3
frame 442: 37395 us total, 11743 us display, type 3
frame 443: 36835 us total, 11748 us display, type 3
frame 444: 34388 us total, 11757 us display, type 3
frame 445: 35891 us total, 11756 us display, type 3
frame 446: 36425 us total, 11757 us display, type 3
frame 447: 34026 us total, 11746 us display, type 3
frame 448: 31423 us total, 11860 us display, type 3
frame 449: 32961 us total, 11742 us display, type 3
frame 450: 33437 us total, 11775 us display, type 3
frame 451: 34534 us total, 11898 us display, type 3
frame 452: 30514 us total, 11823 us display, type 3
frame 453: 35944 us total, 11759 us display, type 3
frame 454: 36573 us total, 11738 us display, type 3
frame 455: 33721 us total, 11749 us display, type 3
frame 456: 35127 us total, 11808 us display, type 3
frame 457: 39409 us total, 11843 us display, type 3
frame 458: 34062 us total, 11742 us display, type 3
frame 459: 35169 us total, 11762 us display, type 3
frame 460: 34385 us total, 11887 us display, type 3
frame 461: 33737 us total, 11756 us display, type 3
frame 462: 34151 us total, 11837 us display, type 3
frame 463: 32834 us total, 11748 us display, type 3
frame 464: 34150 us total, 11873 us display, type 3
frame 465: 34301 us total, 11876 us display, type 3
frame 466: 38568 us total, 11756 us display, type 3
frame 467: 36424 us total, 12012 us display, type 3
frame 468: 38372 us total, 11761 us display, type 3
frame 469: 39508 us total, 11754 us display, type 3
frame 470: 38424 us total, 11904 us display, type 3
frame 471: 38412 us total, 11750 us display, type 3
frame 472: 39524 us total, 11748 us display, type 3
frame 473: 36610 us total, 11971 us display, type 3
frame 474: 37614 us total, 11754 us display, type 3
frame 475: 39344 us total, 11754 us display, type 3
frame 476: 36745 us total, 11757 us display, type 3
frame 477: 36685 us total, 11737 us display, type 3
frame 478: 34137 us total, 12006 us display, type 3
frame 479: 33706 us total, 11945 us display, type 3
frame 480: 32820 us total, 11755 us display, type 3
frame 481: 30892 us total, 11754 us display, type 3
frame 482: 30131 us total, 11762 us display, type 3
frame 483: 30981 us total, 11753 us display, type 3
frame 484: 32406 us total, 11752 us display, type 3
frame 485: 31341 us total, 11749 us display, type 3
frame 486: 30499 us total, 11761 us display, type 3
frame 487: 30364 us total, 11751 us display, type 3
frame 488: 29156 us total, 11746 us display, type 3
frame 489: 30524 us total, 11750 us display, type 3
frame 490: 29994 us total, 11752 us display, type 3
frame 491: 28785 us total, 11738 us display, type 3
frame 492: 29813 us total, 11758 us display, type 3
frame 493: 28931 us total, 12045 us display, type 3
frame 494: 28515 us total, 11753 us display, type 3
frame 495: 30846 us total, 11759 us display, type 3
frame 496: 27718 us total, 11961 us display, type 3
frame 497: 28575 us total, 11754 us display, type 3
frame 498: 32677 us total, 11741 us display, type 3
frame 499: 29154 us total, 11748 us display, type 3
frame 500: 30816 us total, 11747 us display, type 3
frame 501: 33331 us total, 11750 us display, type 3
frame 502: 29504 us total, 11761 us display, type 3
frame 503: 32597 us total, 12123 us display, type 3
frame 504: 34632 us total, 11818 us display, type 3
frame 505: 29994 us total, 12011 us display, type 3
frame 506: 32229 us total, 11735 us display, type 3
frame 507: 32415 us total, 11785 us display, type 3
frame 508: 30301 us total, 11743 us display, type 3
frame 509: 34007 us total, 11736 us display, type 3
frame 510: 33807 us total, 11824 us display, type 3
frame 511: 34560 us total, 11745 us display, type 3
frame 512: 30685 us total, 11746 us display, type 3
audio: 1 underruns, 69 ms queued
mem @frame 512: heap free 47464, largest 22016, min ever 46644, zone free 40564, display stack free 4408, uptime 15 s, gamestate 0, demo 1, usergame 0, tic 487
frame 513: 35608 us total, 11742 us display, type 3
frame 514: 33614 us total, 12009 us display, type 3
frame 515: 31066 us total, 11747 us display, type 3
frame 516: 32815 us total, 11755 us display, type 3
frame 517: 33060 us total, 11745 us display, type 3
frame 518: 33092 us total, 11740 us display, type 3
frame 519: 31231 us total, 11753 us display, type 3
frame 520: 33026 us total, 11889 us display, type 3
frame 521: 31636 us total, 12083 us display, type 3
frame 522: 30505 us total, 11747 us display, type 3
frame 523: 31493 us total, 11746 us display, type 3
frame 524: 31883 us total, 11743 us display, type 3
frame 525: 30758 us total, 12072 us display, type 3
frame 526: 30491 us total, 11757 us display, type 3
frame 527: 31730 us total, 11739 us display, type 3
frame 528: 30535 us total, 11852 us display, type 3
frame 529: 31718 us total, 11741 us display, type 3
frame 530: 30651 us total, 11747 us display, type 3
frame 531: 30525 us total, 11740 us display, type 3
frame 532: 30122 us total, 11757 us display, type 3
frame 533: 30796 us total, 11748 us display, type 3
frame 534: 29600 us total, 11734 us display, type 3
frame 535: 29784 us total, 11742 us display, type 3
frame 536: 29315 us total, 11740 us display, type 3
frame 537: 27797 us total, 11746 us display, type 3
frame 538: 29214 us total, 11747 us display, type 3
frame 539: 28635 us total, 11871 us display, type 3
frame 540: 28153 us total, 11835 us display, type 3
frame 541: 30001 us total, 12093 us display, type 3
frame 542: 28160 us total, 11741 us display, type 3
frame 543: 28630 us total, 11744 us display, type 3
frame 544: 28293 us total, 11911 us display, type 3
frame 545: 28699 us total, 11751 us display, type 3
frame 546: 29043 us total, 11754 us display, type 3
frame 547: 28389 us total, 11735 us display, type 3
frame 548: 28715 us total, 12011 us display, type 3
frame 549: 28215 us total, 11753 us display, type 3
frame 550: 27929 us total, 11741 us display, type 3
frame 551: 29863 us total, 12122 us display, type 3
frame 552: 27581 us total, 11746 us display, type 3
frame 553: 28709 us total, 11992 us display, type 3
frame 554: 28142 us total, 11932 us display, type 3
frame 555: 28330 us total, 11757 us display, type 3
frame 556: 28182 us total, 11742 us display, type 3
frame 557: 28833 us total, 11743 us display, type 3
frame 558: 28485 us total, 11747 us display, type 3
frame 559: 28869 us total, 11747 us display, type 3
frame 560: 28148 us total, 11748 us display, type 3
frame 561: 31570 us total, 11843 us display, type 3
frame 562: 29996 us total, 11869 us display, type 3
frame 563: 30117 us total, 11749 us display, type 3
frame 564: 30195 us total, 11747 us display, type 3
frame 565: 31568 us total, 12042 us display, type 3
frame 566: 30668 us total, 11734 us display, type 3
frame 567: 30473 us total, 11747 us display, type 3
frame 568: 32709 us total, 11899 us display, type 3
frame 569: 29503 us total, 11741 us display, type 3
frame 570: 32363 us total, 11819 us display, type 3
frame 571: 31203 us total, 11744 us display, type 3
frame 572: 30652 us total, 11740 us display, type 3
frame 573: 31329 us total, 11752 us display, type 3
frame 574: 32871 us total, 11748 us display, type 3
frame 575: 30718 us total, 11756 us display, type 3
frame 576: 33849 us total, 11737 us display, type 3
frame 577: 31935 us total, 11754 us display, type 3
frame 578: 30579 us total, 12120 us display, type 3
frame 579: 31585 us total, 11908 us display, type 3
frame 580: 30763 us total, 11836 us display, type 3
frame 581: 29616 us total, 11805 us display, type 3
frame 582: 30351 us total, 11833 us display, type 3
frame 583: 30855 us total, 11744 us display, type 3
frame 584: 29601 us total, 11884 us display, type 3
frame 585: 30151 us total, 11747 us display, type 3
frame 586: 31043 us total, 11755 us display, type 3
frame 587: 30894 us total, 11754 us display, type 3
frame 588: 33488 us total, 12092 us display, type 3
frame 589: 31396 us total, 11753 us display, type 3
frame 590: 31525 us total, 12022 us display, type 3
frame 591: 32215 us total, 11741 us display, type 3
frame 592: 31722 us total, 11759 us display, type 3
frame 593: 31108 us total, 11911 us display, type 3
frame 594: 31466 us total, 11934 us display, type 3
frame 595: 31855 us total, 11959 us display, type 3
frame 596: 30198 us total, 11741 us display, type 3
frame 597: 30747 us total, 11961 us display, type 3
frame 598: 31845 us total, 11873 us display, type 3
frame 599: 29998 us total, 11743 us display, type 3
frame 600: 30921 us total, 11942 us display, type 3
frame 601: 30983 us total, 11760 us display, type 3
frame 602: 30867 us total, 12077 us display, type 3
frame 603: 31363 us total, 12040 us display, type 3
frame 604: 32464 us total, 11744 us display, type 3
frame 605: 30420 us total, 11740 us display, type 3
frame 606: 31493 us total, 11998 us display, type 3
frame 607: 31369 us total, 11838 us display, type 3
frame 608: 29923 us total, 11849 us display, type 3
frame 609: 32549 us total, 11749 us display, type 3
frame 610: 31108 us total, 11742 us display, type 3
frame 611: 29856 us total, 11751 us display, type 3
frame 612: 33058 us total, 11741 us display, type 3
frame 613: 32691 us total, 12028 us display, type 3
frame 614: 31538 us total, 11742 us display, type 3
frame 615: 29781 us total, 11744 us display, type 3
frame 616: 32342 us total, 11755 us display, type 3
frame 617: 31754 us total, 11827 us display, type 3
frame 618: 30382 us total, 11831 us display, type 3
frame 619: 33697 us total, 11752 us display, type 3
frame 620: 33285 us total, 12028 us display, type 3
frame 621: 31820 us total, 12030 us display, type 3
frame 622: 33327 us total, 11747 us display, type 3
frame 623: 33380 us total, 11738 us display, type 3
frame 624: 31839 us total, 11824 us display, type 3
frame 625: 34933 us total, 11755 us display, type 3
frame 626: 34794 us total, 11748 us display, type 3
frame 627: 32948 us total, 11837 us display, type 3
frame 628: 31674 us total, 11750 us display, type 3
frame 629: 32506 us total, 11803 us display, type 3
frame 630: 31854 us total, 11780 us display, type 3
frame 631: 31850 us total, 12096 us display, type 3
frame 632: 32083 us total, 11762 us display, type 3
frame 633: 32729 us total, 12026 us display, type 3
frame 634: 31442 us total, 11900 us display, type 3
frame 635: 30496 us total, 11818 us display, type 3
frame 636: 31768 us total, 12110 us display, type 3
frame 637: 33678 us total, 11957 us display, type 3
frame 638: 31864 us total, 12044 us display, type 3
frame 639: 32200 us total, 12006 us display, type 3
frame 640: 32733 us total, 11748 us display, type 3
frame 641: 30090 us total, 11748 us display, type 3
frame 642: 31658 us total, 12072 us display, type 3
frame 643: 30060 us total, 11904 us display, type 3
frame 644: 29536 us total, 11734 us display, type 3
frame 645: 30404 us total, 11989 us display, type 3
frame 646: 31464 us total, 11835 us display, type 3
frame 647: 29560 us total, 11828 us display, type 3
frame 648: 30335 us total, 11840 us display, type 3
frame 649: 30945 us total, 11750 us display, type 3
frame 650: 30896 us total, 11758 us display, type 3
frame 651: 30660 us total, 11753 us display, type 3
frame 652: 31923 us total, 11749 us display, type 3
frame 653: 31118 us total, 11734 us display, type 3
frame 654: 31434 us total, 11787 us display, type 3
frame 655: 30917 us total, 11938 us display, type 3
input: down 0x00040
frame 656: 30554 us total, 11748 us display, type 3
frame 657: 31961 us total, 11749 us display, type 3
frame 658: 32834 us total, 11747 us display, type 3
frame 659: 31324 us total, 11835 us display, type 3
frame 660: 32166 us total, 11750 us display, type 3
frame 661: 33405 us total, 12045 us display, type 3
frame 662: 30281 us total, 11758 us display, type 3
frame 663: 35135 us total, 11738 us display, type 3
frame 664: 33088 us total, 11945 us display, type 3
frame 665: 32778 us total, 11819 us display, type 3
frame 666: 31849 us total, 11973 us display, type 3
frame 667: 33724 us total, 11987 us display, type 3
frame 668: 33198 us total, 11756 us display, type 3
frame 669: 33611 us total, 11913 us display, type 3
frame 670: 32689 us total, 11750 us display, type 3
frame 671: 32987 us total, 11743 us display, type 3
frame 672: 32562 us total, 11755 us display, type 3
frame 673: 31831 us total, 12068 us display, type 3
frame 674: 32039 us total, 11743 us display, type 3
frame 675: 33659 us total, 12138 us display, type 3
frame 676: 33702 us total, 12046 us display, type 3
frame 677: 32139 us total, 11755 us display, type 3
frame 678: 33792 us total, 12078 us display, type 3
frame 679: 31832 us total, 11747 us display, type 3
frame 680: 32793 us total, 11909 us display, type 3
frame 681: 32595 us total, 12059 us display, type 3
frame 682: 32855 us total, 11751 us display, type 3
frame 683: 32851 us total, 11755 us display, type 3
frame 684: 33068 us total, 11746 us display, type 3
frame 685: 32516 us total, 11920 us display, type 3
frame 686: 31369 us total, 11912 us display, type 3
frame 687: 34318 us total, 11748 us display, type 3
frame 688: 33031 us total, 11749 us display, type 3
frame 689: 33766 us total, 11745 us display, type 3
frame 690: 31900 us total, 11752 us display, type 3
frame 691: 33441 us total, 11740 us display, type 3
frame 692: 32740 us total, 11804 us display, type 3
frame 693: 32196 us total, 11757 us display, type 3
frame 694: 33567 us total, 12077 us display, type 3
frame 695: 32632 us total, 11754 us display, type 3
frame 696: 34329 us total, 11749 us display, type 3
frame 697: 31342 us total, 11848 us display, type 3
frame 698: 32226 us total, 11738 us display, type 3
frame 699: 33742 us total, 11738 us display, type 3
frame 700: 31913 us total, 11735 us display, type 3
frame 701: 32649 us total, 11752 us display, type 3
frame 702: 33685 us total, 11746 us display, type 3
frame 703: 32075 us total, 11755 us display, type 3
frame 704: 34834 us total, 11745 us display, type 3
frame 705: 33092 us total, 11819 us display, type 3
frame 706: 33118 us total, 11835 us display, type 3
frame 707: 30834 us total, 11742 us display, type 3
frame 708: 32828 us total, 11755 us display, type 3
frame 709: 32895 us total, 11742 us display, type 3
frame 710: 30884 us total, 11749 us display, type 3
frame 711: 32591 us total, 11739 us display, type 3
frame 712: 30977 us total, 11753 us display, type 3
frame 713: 30513 us total, 11737 us display, type 3
frame 714: 31515 us total, 11995 us display, type 3
frame 715: 31161 us total, 11909 us display, type 3
frame 716: 28831 us total, 11885 us display, type 3
frame 717: 30934 us total, 12003 us display, type 3
frame 718: 30205 us total, 11911 us display, type 3
frame 719: 27892 us total, 11746 us display, type 3
frame 720: 30976 us total, 11824 us display, type 3
frame 721: 30968 us total, 11904 us display, type 3
frame 722: 29165 us total, 11760 us display, type 3
frame 723: 30842 us total, 11898 us display, type 3
frame 724: 29955 us total, 11907 us display, type 3
frame 725: 28394 us total, 11747 us display, type 3
frame 726: 30679 us total, 12027 us display, type 3
frame 727: 28010 us total, 11740 us display, type 3
frame 728: 28979 us total, 11749 us display, type 3
frame 729: 29786 us total, 11742 us display, type 3
frame 730: 26726 us total, 11738 us display, type 3
frame 731: 28933 us total, 12020 us display, type 3
frame 732: 29488 us total, 11745 us display, type 3
frame 733: 27207 us total, 11757 us display, type 3
frame 734: 29579 us total, 11847 us display, type 3
frame 735: 26738 us total, 11748 us display, type 3
frame 736: 28686 us total, 11746 us display, type 3
frame 737: 28707 us total, 11735 us display, type 3
frame 738: 26470 us total, 11752 us display, type 3
frame 739: 29284 us total, 11745 us display, type 3
frame 740: 27895 us total, 12077 us display, type 3
frame 741: 28568 us total, 11749 us display, type 3
frame 742: 29980 us total, 11757 us display, type 3
frame 743: 27742 us total, 11930 us display, type 3
frame 744: 29076 us total, 11946 us display, type 3
frame 745: 27647 us total, 11734 us display, type 3
frame 746: 29856 us total, 11749 us display, type 3
frame 747: 29313 us total, 11746 us display, type 3
frame 748: 27638 us total, 12085 us display, type 3
frame 749: 29375 us total, 11751 us display, type 3
frame 750: 29763 us total, 11757 us display, type 3
frame 751: 28846 us total, 11758 us display, type 3
frame 752: 32077 us total, 12097 us display, type 3
input: down 0x00010
frame 753: 30452 us total, 11742 us display, type 3
frame 754: 29940 us total, 11743 us display, type 3
frame 755: 31661 us total, 11746 us display, type 3
frame 756: 31781 us total, 11762 us display, type 3
frame 757: 34431 us total, 11899 us display, type 3
frame 758: 36953 us total, 12085 us display, type 3
frame 759: 40862 us total, 11742 us display, type 3
frame 760: 41614 us total, 11762 us display, type 3
frame 761: 41449 us total, 11744 us display, type 3
frame 762: 36914 us total, 11757 us display, type 3
frame 763: 37721 us total, 11753 us display, type 3
frame 764: 37277 us total, 11752 us display, type 3
frame 765: 34620 us total, 11753 us display, type 3
frame 766: 34809 us total, 11870 us display, type 3
frame 767: 31855 us total, 12132 us display, type 3
frame 768: 37526 us total, 12061 us display, type 3
audio: 1 underruns, 81 ms queued
mem @frame 768: heap free 47464, largest 22016, min ever 46644, zone free 41244, display stack free 4408, uptime 23 s, gamestate 0, demo 1, usergame 0, tic 768
frame 769: 36542 us total, 11858 us display, type 3
frame 770: 36691 us total, 11760 us display, type 3
frame 771: 34989 us total, 11747 us display, type 3
frame 772: 39117 us total, 11743 us display, type 3
frame 773: 38273 us total, 12089 us display, type 3
frame 774: 37425 us total, 11964 us display, type 3
frame 775: 38888 us total, 11750 us display, type 3
frame 776: 38452 us total, 12045 us display, type 3
frame 777: 36436 us total, 11757 us display, type 3
frame 778: 38043 us total, 12061 us display, type 3
frame 779: 37608 us total, 12052 us display, type 3
frame 780: 36851 us total, 11757 us display, type 3
frame 781: 38151 us total, 11940 us display, type 3
frame 782: 33713 us total, 12056 us display, type 3
frame 783: 34505 us total, 11752 us display, type 3
frame 784: 35421 us total, 11845 us display, type 3
frame 785: 34379 us total, 11745 us display, type 3
frame 786: 32050 us total, 11748 us display, type 3
frame 787: 33370 us total, 11746 us display, type 3
frame 788: 30781 us total, 11746 us display, type 3
frame 789: 30319 us total, 11741 us display, type 3
frame 790: 34544 us total, 11833 us display, type 3
frame 791: 39200 us total, 11761 us display, type 3
frame 792: 37144 us total, 11754 us display, type 3
frame 793: 33272 us total, 12115 us display, type 3
frame 794: 34122 us total, 12016 us display, type 3
frame 795: 34973 us total, 11897 us display, type 3
frame 796: 35921 us total, 11931 us display, type 3
frame 797: 33033 us total, 11747 us display, type 3
frame 798: 35703 us total, 11928 us display, type 3
frame 799: 35374 us total, 11758 us display, type 3
frame 800: 32738 us total, 11902 us display, type 3
frame 801: 30008 us total, 12079 us display, type 3
frame 802: 30921 us total, 12052 us display, type 3
frame 803: 33192 us total, 11745 us display, type 3
frame 804: 33144 us total, 11915 us display, type 3
frame 805: 33491 us total, 11748 us display, type 3
frame 806: 33318 us total, 12073 us display, type 3
frame 807: 31368 us total, 11744 us display, type 3
frame 808: 32906 us total, 11752 us display, type 3
frame 809: 32759 us total, 11753 us display, type 3
frame 810: 32411 us total, 12101 us display, type 3
frame 811: 30963 us total, 11750 us display, type 3
frame 812: 31911 us total, 11740 us display, type 3
frame 813: 32054 us total, 11741 us display, type 3
frame 814: 31763 us total, 11760 us display, type 3
frame 815: 32228 us total, 11743 us display, type 3
frame 816: 33578 us total, 11749 us display, type 3
frame 817: 32499 us total, 12120 us display, type 3
frame 818: 31884 us total, 11746 us display, type 3
frame 819: 28599 us total, 11753 us display, type 3
frame 820: 28332 us total, 11942 us display, type 3
frame 821: 28406 us total, 11805 us display, type 3
frame 822: 28172 us total, 11743 us display, type 3
frame 823: 26999 us total, 11806 us display, type 3
frame 824: 27303 us total, 11762 us display, type 3
frame 825: 26597 us total, 11753 us display, type 3
frame 826: 27096 us total, 11919 us display, type 3
frame 827: 26248 us total, 11750 us display, type 3
frame 828: 26863 us total, 11833 us display, type 3
frame 829: 29229 us total, 11743 us display, type 3
frame 830: 29004 us total, 11747 us display, type 3
frame 831: 29200 us total, 11747 us display, type 3
frame 832: 28978 us total, 11758 us display, type 3
frame 833: 28952 us total, 11962 us display, type 3
frame 834: 27720 us total, 11853 us display, type 3
frame 835: 27949 us total, 11750 us display, type 3
frame 836: 27827 us total, 11746 us display, type 3
frame 837: 27106 us total, 11755 us display, type 3
frame 838: 28208 us total, 11762 us display, type 3
frame 839: 27616 us total, 11753 us display, type 3
frame 840: 27141 us total, 11764 us display, type 3
frame 841: 28648 us total, 11834 us display, type 3
frame 842: 28144 us total, 11796 us display, type 3
frame 843: 28451 us total, 11752 us display, type 3
frame 844: 28950 us total, 11754 us display, type 3
input: down 0x00010
frame 845: 28116 us total, 11751 us display, type 3
frame 846: 29234 us total, 11751 us display, type 3
frame 847: 28170 us total, 11757 us display, type 3
frame 848: 29511 us total, 11918 us display, type 3
frame 849: 29996 us total, 11974 us display, type 3
frame 850: 29070 us total, 11922 us display, type 3
frame 851: 27719 us total, 11758 us display, type 3
frame 852: 29501 us total, 12081 us display, type 3
frame 853: 28136 us total, 12052 us display, type 3
frame 854: 28565 us total, 11761 us display, type 3
frame 855: 29581 us total, 11936 us display, type 3
frame 856: 27988 us total, 11756 us display, type 3
frame 857: 29203 us total, 11760 us display, type 3
frame 858: 30143 us total, 11755 us display, type 3
frame 859: 27269 us total, 11747 us display, type 3
frame 860: 29863 us total, 11760 us display, type 3
frame 861: 28168 us total, 11758 us display, type 3
frame 862: 30103 us total, 11753 us display, type 3
frame 863: 29863 us total, 11751 us display, type 3
frame 864: 28896 us total, 11789 us display, type 3
frame 865: 30932 us total, 12099 us display, type 3
frame 866: 31201 us total, 11743 us display, type 3
frame 867: 31823 us total, 11754 us display, type 3
frame 868: 33637 us total, 11749 us display, type 3
frame 869: 32856 us total, 11843 us display, type 3
frame 870: 30510 us total, 11844 us display, type 3
frame 871: 33115 us total, 12132 us display, type 3
frame 872: 34012 us total, 11738 us display, type 3
frame 873: 34190 us total, 11736 us display, type 3
frame 874: 33084 us total, 11857 us display, type 3
frame 875: 33734 us total, 11742 us display, type 3
frame 876: 33693 us total, 11827 us display, type 3
frame 877: 33411 us total, 11746 us display, type 3
frame 878: 36017 us total, 12036 us display, type 3
frame 879: 34641 us total, 11958 us display, type 3
frame 880: 34477 us total, 11736 us display, type 3
frame 881: 33116 us total, 11903 us display, type 3
frame 882: 35555 us total, 11825 us display, type 3
frame 883: 37437 us total, 11742 us display, type 3
frame 884: 35187 us total, 11760 us display, type 3
frame 885: 33656 us total, 11742 us display, type 3
frame 886: 34988 us total, 11737 us display, type 3
frame 887: 35945 us total, 12039 us display, type 3
frame 888: 34637 us total, 12076 us display, type 3
frame 889: 32292 us total, 11740 us display, type 3
frame 890: 34469 us total, 11751 us display, type 3
frame 891: 34986 us total, 11751 us display, type 3
frame 892: 36480 us total, 12103 us display, type 3
frame 893: 32917 us total, 11739 us display, type 3
frame 894: 34218 us total, 11973 us display, type 3
frame 895: 32781 us total, 12070 us display, type 3
frame 896: 31862 us total, 11837 us display, type 3
frame 897: 31331 us total, 11753 us display, type 3
frame 898: 31006 us total, 11752 us display, type 3
frame 899: 31317 us total, 11747 us display, type 3
frame 900: 29917 us total, 11746 us display, type 3
frame 901: 29842 us total, 11746 us display, type 3
frame 902: 30556 us total, 11752 us display, type 3
frame 903: 29462 us total, 11741 us display, type 3
frame 904: 31304 us total, 11750 us display, type 3
frame 905: 31894 us total, 12120 us display, type 3
frame 906: 32301 us total, 11856 us display, type 3
frame 907: 31696 us total, 11755 us display, type 3
frame 908: 31665 us total, 11756 us display, type 3
frame 909: 35108 us total, 11753 us display, type 3
frame 910: 35298 us total, 11906 us display, type 3
frame 911: 38226 us total, 11944 us display, type 3
frame 912: 38543 us total, 11750 us display, type 3
frame 913: 41340 us total, 11744 us display, type 3
frame 914: 38722 us total, 11748 us display, type 3
frame 915: 40830 us total, 11870 us display, type 3
frame 916: 40107 us total, 11745 us display, type 3
frame 917: 39798 us total, 11760 us display, type 3
frame 918: 41447 us total, 11750 us display, type 3
frame 919: 38725 us total, 11740 us display, type 3
frame 920: 38633 us total, 11785 us display, type 3
frame 921: 37576 us total, 11783 us display, type 3
frame 922: 37658 us total, 11748 us display, type 3
frame 923: 38884 us total, 11904 us display, type 3
frame 924: 36985 us total, 11736 us display, type 3
frame 925: 36756 us total, 11760 us display, type 3
frame 926: 36506 us total, 11746 us display, type 3
frame 927: 38209 us total, 12052 us display, type 3
frame 928: 36500 us total, 12019 us display, type 3
frame 929: 36282 us total, 11743 us display, type 3
frame 930: 37777 us total, 11844 us display, type 3
frame 931: 36376 us total, 11744 us display, type 3
frame 932: 37173 us total, 11763 us display, type 3
frame 933: 39097 us total, 11744 us display, type 3
frame 934: 38350 us total, 11743 us display, type 3
frame 935: 37920 us total, 11752 us display, type 3
frame 936: 37436 us total, 11750 us display, type 3
frame 937: 37578 us total, 11750 us display, type 3
frame 938: 38090 us total, 11754 us display, type 3
frame 939: 39371 us total, 11844 us display, type 3
frame 940: 36832 us total, 11741 us display, type 3
frame 941: 36224 us total, 11974 us display, type 3
frame 942: 34643 us total, 11797 us display, type 3
frame 943: 38695 us total, 11746 us display, type 3
frame 944: 36544 us total, 11744 us display, type 3
frame 945: 37744 us total, 11741 us display, type 3
frame 946: 38862 us total, 12035 us display, type 3
frame 947: 36280 us total, 11736 us display, type 3
frame 948: 38746 us total, 12073 us display, type 3
frame 949: 42674 us total, 11752 us display, type 3
frame 950: 38459 us total, 11737 us display, type 3
frame 951: 40083 us total, 11754 us display, type 3
frame 952: 40977 us total, 11831 us display, type 3
frame 953: 38649 us total, 11741 us display, type 3
frame 954: 42840 us total, 12093 us display, type 3
frame 955: 41781 us total, 11759 us display, type 3
frame 956: 44519 us total, 11788 us display, type 3
frame 957: 43277 us total, 11748 us display, type 3
frame 958: 43963 us total, 11750 us display, type 3
frame 959: 42674 us total, 11925 us display, type 3
frame 960: 43675 us total, 11758 us display, type 3
frame 961: 43285 us total, 11755 us display, type 3
frame 962: 44544 us total, 11746 us display, type 3
frame 963: 41370 us total, 11959 us display, type 3
frame 964: 41770 us total, 11755 us display, type 3
frame 965: 40801 us total, 11974 us display, type 3
frame 966: 40426 us total, 11743 us display, type 3
frame 967: 39738 us total, 11752 us display, type 3
frame 968: 40173 us total, 11846 us display, type 3
frame 969: 40182 us total, 11749 us display, type 3
frame 970: 39121 us total, 11876 us display, type 3
frame 971: 41283 us total, 11947 us display, type 3
frame 972: 40461 us total, 11748 us display, type 3
frame 973: 41036 us total, 11795 us display, type 3
frame 974: 41282 us total, 12131 us display, type 3
frame 975: 40471 us total, 11913 us display, type 3
frame 976: 40498 us total, 12061 us display, type 3
frame 977: 39036 us total, 11958 us display, type 3
frame 978: 39643 us total, 11749 us display, type 3
frame 979: 36286 us total, 11752 us display, type 3
frame 980: 35020 us total, 12013 us display, type 3
frame 981: 36267 us total, 11824 us display, type 3
frame 982: 35573 us total, 11966 us display, type 3
frame 983: 34317 us total, 11741 us display, type 3
frame 984: 35115 us total, 12080 us display, type 3
frame 985: 37413 us total, 12077 us display, type 3
frame 986: 37761 us total, 11749 us display, type 3
frame 987: 38191 us total, 12044 us display, type 3
frame 988: 39425 us total, 12036 us display, type 3
frame 989: 39424 us total, 11834 us display, type 3
frame 990: 39288 us total, 12099 us display, type 3
frame 991: 42210 us total, 11824 us display, type 3
frame 992: 40360 us total, 11892 us display, type 3
frame 993: 40233 us total, 11746 us display, type 3
frame 994: 41261 us total, 12011 us display, type 3
frame 995: 40361 us total, 12066 us display, type 3
frame 996: 41807 us total, 11746 us display, type 3
frame 997: 39775 us total, 11761 us display, type 3
frame 998: 40381 us total, 11747 us display, type 3
frame 999: 39461 us total, 11765 us display, type 3
frame 1000: 40233 us total, 11764 us display, type 3
frame 1001: 40588 us total, 11749 us display, type 3
frame 1002: 40089 us total, 11906 us display, type 3
frame 1003: 40697 us total, 11750 us display, type 3
frame 1004: 39750 us total, 12114 us display, type 3
frame 1005: 38510 us total, 11849 us display, type 3
frame 1006: 40259 us total, 11766 us display, type 3
frame 1007: 38896 us total, 11756 us display, type 3
frame 1008: 39491 us total, 11743 us display, type 3
frame 1009: 38776 us total, 11878 us display, type 3
frame 1010: 38882 us total, 11931 us display, type 3
frame 1011: 40247 us total, 12084 us display, type 3
frame 1012: 38091 us total, 12033 us display, type 3
frame 1013: 39262 us total, 11748 us display, type 3
frame 1014: 38507 us total, 11965 us display, type 3
frame 1015: 37090 us total, 11732 us display, type 3
frame 1016: 36988 us total, 11881 us display, type 3
frame 1017: 36280 us total, 11744 us display, type 3
frame 1018: 36203 us total, 11761 us display, type 3
frame 1019: 36450 us total, 11760 us display, type 3
frame 1020: 36094 us total, 11917 us display, type 3
frame 1021: 37220 us total, 11753 us display, type 3
frame 1022: 35196 us total, 11749 us display, type 3
frame 1023: 35708 us total, 11754 us display, type 3
frame 1024: 37097 us total, 11742 us display, type 3
audio: 1 underruns, 34 ms queued
mem @frame 1024: heap free 47464, largest 22016, min ever 46644, zone free 41204, display stack free 4408, uptime 32 s, gamestate 0, demo 1, usergame 0, tic 1083
frame 1025: 36425 us total, 11745 us display, type 3
frame 1026: 35180 us total, 11973 us display, type 3
frame 1027: 35732 us total, 11749 us display, type 3
frame 1028: 36489 us total, 12122 us display, type 3
frame 1029: 35087 us total, 11745 us display, type 3
frame 1030: 35599 us total, 11926 us display, type 3
frame 1031: 34311 us total, 11792 us display, type 3
frame 1032: 36196 us total, 11749 us display, type 3
frame 1033: 34812 us total, 11932 us display, type 3
frame 1034: 34493 us total, 11756 us display, type 3
frame 1035: 33514 us total, 11749 us display, type 3
frame 1036: 33782 us total, 11754 us display, type 3
frame 1037: 35352 us total, 11961 us display, type 3
frame 1038: 32354 us total, 11752 us display, type 3
frame 1039: 33204 us total, 11936 us display, type 3
frame 1040: 31439 us total, 11746 us display, type 3
frame 1041: 31504 us total, 11744 us display, type 3
frame 1042: 29778 us total, 11754 us display, type 3
frame 1043: 30430 us total, 11752 us display, type 3
frame 1044: 27780 us total, 11972 us display, type 3
frame 1045: 28205 us total, 11763 us display, type 3
frame 1046: 29000 us total, 11987 us display, type 3
frame 1047: 27231 us total, 11845 us display, type 3
frame 1048: 27218 us total, 12005 us display, type 3
frame 1049: 25766 us total, 11743 us display, type 3
frame 1050: 26149 us total, 11744 us display, type 3
frame 1051: 26792 us total, 12106 us display, type 3
frame 1052: 26722 us total, 11853 us display, type 3
frame 1053: 26775 us total, 11748 us display, type 3
frame 1054: 25222 us total, 11950 us display, type 3
frame 1055: 25359 us total, 11741 us display, type 3
frame 1056: 24444 us total, 11744 us display, type 3
frame 1057: 24677 us total, 11745 us display, type 3
frame 1058: 25836 us total, 12044 us display, type 3
frame 1059: 27569 us total, 11825 us display, type 3
frame 1060: 28831 us total, 11909 us display, type 3
frame 1061: 26564 us total, 11739 us display, type 3
frame 1062: 28697 us total, 12091 us display, type 3
frame 1063: 30099 us total, 12081 us display, type 3
frame 1064: 29922 us total, 12082 us display, type 3
frame 1065: 32124 us total, 11757 us display, type 3
frame 1066: 28264 us total, 12097 us display, type 3
frame 1067: 30788 us total, 11752 us display, type 3
frame 1068: 29462 us total, 11745 us display, type 3
frame 1069: 28283 us total, 12087 us display, type 3
input: down 0x00001
frame 1070: 37116 us total, 11833 us display, type 3
frame 1071: 33250 us total, 11751 us display, type 3
frame 1072: 34981 us total, 11751 us display, type 3
frame 1073: 32602 us total, 11744 us display, type 3
frame 1074: 35552 us total, 11952 us display, type 3
frame 1075: 35013 us total, 11732 us display, type 3
frame 1076: 31541 us total, 11752 us display, type 3
frame 1077: 35056 us total, 11743 us display, type 3
frame 1078: 34593 us total, 11748 us display, type 3
frame 1079: 35298 us total, 11960 us display, type 3
frame 1080: 33726 us total, 11741 us display, type 3
frame 1081: 35840 us total, 11739 us display, type 3
input: down 0x00001
frame 1082: 35942 us total, 11739 us display, type 3
frame 1083: 36522 us total, 11831 us display, type 3
frame 1084: 33766 us total, 11741 us display, type 3
frame 1085: 36298 us total, 11743 us display, type 3
frame 1086: 36401 us total, 11864 us display, type 3
input: down 0x00001
frame 1087: 38282 us total, 11751 us display, type 3
frame 1088: 36752 us total, 11791 us display, type 3
frame 1089: 34609 us total, 11939 us display, type 3
frame 1090: 36212 us total, 11733 us display, type 3
frame 1091: 36934 us total, 12023 us display, type 3
frame 1092: 36100 us total, 11738 us display, type 3
frame 1093: 36334 us total, 11742 us display, type 3
frame 1094: 37419 us total, 12084 us display, type 3
frame 1095: 41428 us total, 11744 us display, type 3
frame 1096: 39085 us total, 12117 us display, type 3
frame 1097: 39523 us total, 12093 us display, type 3
frame 1098: 39190 us total, 11817 us display, type 3
frame 1099: 39435 us total, 11905 us display, type 3
frame 1100: 42582 us total, 11738 us display, type 3
frame 1101: 39113 us total, 11753 us display, type 3
frame 1102: 39730 us total, 11898 us display, type 3
frame 1103: 41194 us total, 11743 us display, type 3
frame 1104: 38874 us total, 12085 us display, type 3
frame 1105: 41288 us total, 12082 us display, type 3
frame 1106: 38991 us total, 11728 us display, type 3
frame 1107: 36048 us total, 11739 us display, type 3
frame 1108: 34604 us total, 11773 us display, type 3
frame 1109: 35138 us total, 11738 us display, type 3
frame 1110: 33471 us total, 11891 us display, type 3
frame 1111: 32938 us total, 11765 us display, type 3
frame 1112: 32874 us total, 11743 us display, type 3
frame 1113: 34745 us total, 12077 us display, type 3
frame 1114: 33406 us total, 12089 us display, type 3
frame 1115: 32784 us total, 12104 us display, type 3
frame 1116: 35136 us total, 11746 us display, type 3
frame 1117: 35389 us total, 11754 us display, type 3
frame 1118: 35696 us total, 11748 us display, type 3
frame 1119: 33656 us total, 11737 us display, type 3
frame 1120: 32528 us total, 11830 us display, type 3
frame 1121: 33075 us total, 11741 us display, type 3
frame 1122: 30522 us total, 11738 us display, type 3
frame 1123: 33350 us total, 11842 us display, type 3
frame 1124: 31572 us total, 11929 us display, type 3
frame 1125: 28740 us total, 11825 us display, type 3
frame 1126: 29991 us total, 11827 us display, type 3
input: down 0x00010
frame 1127: 29530 us total, 11813 us display, type 3
frame 1128: 27539 us total, 11748 us display, type 3
frame 1129: 46300 us total, 12333 us display, type 5
frame 1130: 12445 us total, 12104 us display, type 5
frame 1131: 13518 us total, 12279 us display, type 5
frame 1132: 12499 us total, 12208 us display, type 5
frame 1133: 12424 us total, 12157 us display, type 5
frame 1134: 13429 us total, 12233 us display, type 5
frame 1135: 12395 us total, 12121 us display, type 5
frame 1136: 12371 us total, 12082 us display, type 5
frame 1137: 13477 us total, 12075 us display, type 5
frame 1138: 12444 us total, 12176 us display, type 5
frame 1139: 12451 us total, 12166 us display, type 5
frame 1140: 12393 us total, 12106 us display, type 5
frame 1141: 13272 us total, 12182 us display, type 5
frame 1142: 12397 us total, 12103 us display, type 5
frame 1143: 12346 us total, 12066 us display, type 5
frame 1144: 12502 us total, 12193 us display, type 5
frame 1145: 13048 us total, 12119 us display, type 5
frame 1146: 12448 us total, 12154 us display, type 5
frame 1147: 12430 us total, 12125 us display, type 5
frame 1148: 12428 us total, 12132 us display, type 5
frame 1149: 12959 us total, 12043 us display, type 5
frame 1150: 12508 us total, 12039 us display, type 5
frame 1151: 12359 us total, 12077 us display, type 5
frame 1152: 12930 us total, 12113 us display, type 5
frame 1153: 12390 us total, 12105 us display, type 5
frame 1154: 12416 us total, 12114 us display, type 5
frame 1155: 12332 us total, 12033 us display, type 5
frame 1156: 12918 us total, 12045 us display, type 5
frame 1157: 12369 us total, 12092 us display, type 5
frame 1158: 12433 us total, 12130 us display, type 5
frame 1159: 12410 us total, 12118 us display, type 5
frame 1160: 12526 us total, 12214 us display, type 5
frame 1161: 21258 us total, 12425 us display, type 5
frame 1162: 12412 us total, 12079 us display, type 5
frame 1163: 12435 us total, 12142 us display, type 5
frame 1164: 12325 us total, 12036 us display, type 5
frame 1165: 12314 us total, 12030 us display, type 5
frame 1166: 12366 us total, 12067 us display, type 5
frame 1167: 12357 us total, 12066 us display, type 5
frame 1168: 12436 us total, 12125 us display, type 5
frame 1169: 12884 us total, 12152 us display, type 5
frame 1170: 12365 us total, 12039 us display, type 5
frame 1171: 12331 us total, 12039 us display, type 5
frame 1172: 12415 us total, 12099 us display, type 5
frame 1173: 12365 us total, 12072 us display, type 5
frame 1174: 12398 us total, 12098 us display, type 5
frame 1175: 12358 us total, 12068 us display, type 5
frame 1176: 12316 us total, 12029 us display, type 5
frame 1177: 12432 us total, 12042 us display, type 5
frame 1178: 12360 us total, 12066 us display, type 5
frame 1179: 12344 us total, 12049 us display, type 5
frame 1180: 12399 us total, 12084 us display, type 5
frame 1181: 12400 us total, 12120 us display, type 5
frame 1182: 12318 us total, 12036 us display, type 5
frame 1183: 12442 us total, 12143 us display, type 5
frame 1184: 12362 us total, 12072 us display, type 5
frame 1185: 12330 us total, 12072 us display, type 5
frame 1186: 12362 us total, 12066 us display, type 5
frame 1187: 12321 us total, 12035 us display, type 5
frame 1188: 12304 us total, 12035 us display, type 5
frame 1189: 12335 us total, 12059 us display, type 5
frame 1190: 12364 us total, 12069 us display, type 5
frame 1191: 12305 us total, 12047 us display, type 5
frame 1192: 12375 us total, 12087 us display, type 5
frame 1193: 12325 us total, 12042 us display, type 5
frame 1194: 12453 us total, 12045 us display, type 5
frame 1195: 12356 us total, 12081 us display, type 5
frame 1196: 12343 us total, 12066 us display, type 5
frame 1197: 12356 us total, 12066 us display, type 5
frame 1198: 12329 us total, 12049 us display, type 5
frame 1199: 12305 us total, 12047 us display, type 5
frame 1200: 12439 us total, 12149 us display, type 5
frame 1201: 12338 us total, 12066 us display, type 5
frame 1202: 12148 us total, 11827 us display, type 3
frame 1203: 40755 us total, 11894 us display, type 3
frame 1204: 35189 us total, 12029 us display, type 3
frame 1205: 35408 us total, 11742 us display, type 3
frame 1206: 35877 us total, 12116 us display, type 3
frame 1207: 34923 us total, 11746 us display, type 3
frame 1208: 35487 us total, 11747 us display, type 3
frame 1209: 35601 us total, 11744 us display, type 3
frame 1210: 35476 us total, 12001 us display, type 3
frame 1211: 35880 us total, 11742 us display, type 3
frame 1212: 35490 us total, 11742 us display, type 3
frame 1213: 36732 us total, 11740 us display, type 3
frame 1214: 36338 us total, 11924 us display, type 3
frame 1215: 35934 us total, 11740 us display, type 3
frame 1216: 36287 us total, 12096 us display, type 3
frame 1217: 35731 us total, 11745 us display, type 3
frame 1218: 35923 us total, 11735 us display, type 3
frame 1219: 35687 us total, 11744 us display, type 3
frame 1220: 35520 us total, 11739 us display, type 3
frame 1221: 36720 us total, 11741 us display, type 3
frame 1222: 36327 us total, 11741 us display, type 3
frame 1223: 36158 us total, 11739 us display, type 3
frame 1224: 35676 us total, 11754 us display, type 3
frame 1225: 36041 us total, 11744 us display, type 3
frame 1226: 36663 us total, 12206 us display, type 3
frame 1227: 35652 us total, 11740 us display, type 3
frame 1228: 35554 us total, 11736 us display, type 3
frame 1229: 36598 us total, 11747 us display, type 3
frame 1230: 36540 us total, 11739 us display, type 3
input: down 0x00010
frame 1231: 36153 us total, 11823 us display, type 3
frame 1232: 36552 us total, 11751 us display, type 3
frame 1233: 36576 us total, 11870 us display, type 3
frame 1234: 36484 us total, 12021 us display, type 3
frame 1235: 37667 us total, 11736 us display, type 3
frame 1236: 36727 us total, 11737 us display, type 3
frame 1237: 39122 us total, 12031 us display, type 3
frame 1238: 36700 us total, 11742 us display, type 3
frame 1239: 37512 us total, 11742 us display, type 3
frame 1240: 37493 us total, 11739 us display, type 3
frame 1241: 36990 us total, 11740 us display, type 3
frame 1242: 36165 us total, 11736 us display, type 3
frame 1243: 36672 us total, 12051 us display, type 3
frame 1244: 38103 us total, 11793 us display, type 3
frame 1245: 37421 us total, 11745 us display, type 3
frame 1246: 37029 us total, 11746 us display, type 3
frame 1247: 36108 us total, 11962 us display, type 3
frame 1248: 37078 us total, 11838 us display, type 3
frame 1249: 35431 us total, 11746 us display, type 3
frame 1250: 36131 us total, 11741 us display, type 3
frame 1251: 35845 us total, 11740 us display, type 3
frame 1252: 36939 us total, 12061 us display, type 3
frame 1253: 37088 us total, 12053 us display, type 3
frame 1254: 36040 us total, 11749 us display, type 3
frame 1255: 36192 us total, 11884 us display, type 3
frame 1256: 35886 us total, 11748 us display, type 3
frame 1257: 35881 us total, 11741 us display, type 3
frame 1258: 36221 us total, 11743 us display, type 3
frame 1259: 35381 us total, 11748 us display, type 3
frame 1260: 37551 us total, 12025 us display, type 3
frame 1261: 36059 us total, 11744 us display, type 3
frame 1262: 37082 us total, 12039 us display, type 3
frame 1263: 35564 us total, 12001 us display, type 3
frame 1264: 36272 us total, 11742 us display, type 3
frame 1265: 35944 us total, 11771 us display, type 3
frame 1266: 35772 us total, 11742 us display, type 3
frame 1267: 36013 us total, 11746 us display, type 3
frame 1268: 36921 us total, 11838 us display, type 3
frame 1269: 37306 us total, 11733 us display, type 3
frame 1270: 35850 us total, 11958 us display, type 3
frame 1271: 35554 us total, 12055 us display, type 3
frame 1272: 36668 us total, 11833 us display, type 3
frame 1273: 35811 us total, 11741 us display, type 3
frame 1274: 35991 us total, 11820 us display, type 3
frame 1275: 35392 us total, 11746 us display, type 3
frame 1276: 37145 us total, 12055 us display, type 3
frame 1277: 37077 us total, 11749 us display, type 3
frame 1278: 35985 us total, 12050 us display, type 3
frame 1279: 35735 us total, 11874 us display, type 3
frame 1280: 36502 us total, 12110 us display, type 3
audio: 1 underruns, 81 ms queued
mem @frame 1280: heap free 47464, largest 22016, min ever 46644, zone free 52976, display stack free 4376, uptime 39 s, gamestate 0, demo 0, usergame 1, tic 1307
frame 1281: 37187 us total, 11740 us display, type 3
frame 1282: 35529 us total, 11744 us display, type 3
frame 1283: 35504 us total, 11745 us display, type 3
frame 1284: 38204 us total, 11742 us display, type 3
frame 1285: 35782 us total, 11737 us display, type 3
frame 1286: 36294 us total, 11744 us display, type 3
frame 1287: 35759 us total, 11744 us display, type 3
frame 1288: 36833 us total, 11735 us display, type 3
frame 1289: 36111 us total, 12118 us display, type 3
frame 1290: 35038 us total, 11746 us display, type 3
frame 1291: 36258 us total, 11820 us display, type 3
frame 1292: 37562 us total, 11737 us display, type 3
frame 1293: 36361 us total, 11740 us display, type 3
frame 1294: 35864 us total, 11736 us display, type 3
frame 1295: 36958 us total, 11736 us display, type 3
frame 1296: 35508 us total, 11829 us display, type 3
frame 1297: 35637 us total, 11748 us display, type 3
frame 1298: 36095 us total, 11743 us display, type 3
frame 1299: 36812 us total, 11738 us display, type 3
frame 1300: 37037 us total, 11735 us display, type 3
frame 1301: 35887 us total, 11745 us display, type 3
frame 1302: 35847 us total, 11738 us display, type 3
frame 1303: 36928 us total, 11912 us display, type 3
frame 1304: 35281 us total, 11734 us display, type 3
frame 1305: 36508 us total, 11753 us display, type 3
frame 1306: 35553 us total, 11736 us display, type 3
frame 1307: 37441 us total, 12057 us display, type 3
frame 1308: 36503 us total, 11932 us display, type 3
frame 1309: 35708 us total, 11740 us display, type 3
frame 1310: 36505 us total, 11792 us display, type 3
frame 1311: 36503 us total, 12098 us display, type 3
frame 1312: 35746 us total, 11742 us display, type 3
frame 1313: 35878 us total, 11749 us display, type 3
frame 1314: 36138 us total, 12047 us display, type 3
frame 1315: 36888 us total, 11914 us display, type 3
frame 1316: 36264 us total, 11878 us display, type 3
frame 1317: 36394 us total, 11733 us display, type 3
frame 1318: 35880 us total, 11743 us display, type 3
frame 1319: 36830 us total, 12042 us display, type 3
frame 1320: 35366 us total, 11837 us display, type 3
frame 1321: 36459 us total, 11988 us display, type 3
frame 1322: 35324 us total, 11743 us display, type 3
frame 1323: 36890 us total, 11840 us display, type 3
frame 1324: 37066 us total, 11743 us display, type 3
frame 1325: 36129 us total, 11753 us display, type 3
frame 1326: 35855 us total, 11740 us display, type 3
frame 1327: 36571 us total, 11905 us display, type 3
frame 1328: 35474 us total, 11735 us display, type 3
frame 1329: 36369 us total, 11736 us display, type 3
frame 1330: 35689 us total, 11891 us display, type 3
frame 1331: 36960 us total, 11748 us display, type 3
frame 1332: 36778 us total, 11831 us display, type 3
frame 1333: 36382 us total, 11741 us display, type 3
frame 1334: 35690 us total, 11736 us display, type 3
frame 1335: 36416 us total, 11741 us display, type 3
frame 1336: 36422 us total, 11738 us display, type 3
frame 1337: 35432 us total, 11804 us display, type 3
frame 1338: 35651 us total, 11749 us display, type 3
frame 1339: 37479 us total, 12089 us display, type 3
frame 1340: 36716 us total, 11747 us display, type 3
frame 1341: 35851 us total, 11735 us display, type 3
frame 1342: 35519 us total, 11742 us display, type 3
frame 1343: 36594 us total, 11743 us display, type 3
frame 1344: 36264 us total, 11955 us display, type 3
frame 1345: 35556 us total, 11750 us display, type 3
frame 1346: 35582 us total, 11741 us display, type 3
frame 1347: 36844 us total, 11740 us display, type 3
frame 1348: 37373 us total, 11738 us display, type 3
frame 1349: 35758 us total, 11751 us display, type 3
frame 1350: 36283 us total, 12100 us display, type 3
frame 1351: 36204 us total, 11741 us display, type 3
frame 1352: 36092 us total, 11743 us display, type 3
frame 1353: 35672 us total, 11738 us display, type 3
frame 1354: 35554 us total, 11778 us display, type 3
frame 1355: 37722 us total, 11741 us display, type 3
frame 1356: 36063 us total, 11898 us display, type 3
frame 1357: 35877 us total, 11748 us display, type 3
frame 1358: 35906 us total, 11743 us display, type 3
frame 1359: 36683 us total, 11750 us display, type 3
frame 1360: 35711 us total, 11743 us display, type 3
frame 1361: 35632 us total, 11901 us display, type 3
frame 1362: 36039 us total, 12004 us display, type 3
frame 1363: 37713 us total, 11756 us display, type 3
frame 1364: 36368 us total, 11789 us display, type 3
frame 1365: 35959 us total, 11739 us display, type 3
frame 1366: 36751 us total, 11746 us display, type 3
frame 1367: 35487 us total, 11748 us display, type 3
frame 1368: 36235 us total, 11960 us display, type 3
frame 1369: 35743 us total, 11740 us display, type 3
frame 1370: 36937 us total, 11735 us display, type 3
frame 1371: 36964 us total, 11909 us display, type 3
frame 1372: 35966 us total, 12047 us display, type 3
frame 1373: 35875 us total, 11838 us display, type 3
frame 1374: 36359 us total, 11747 us display, type 3
frame 1375: 35615 us total, 11743 us display, type 3
frame 1376: 36182 us total, 11748 us display, type 3
frame 1377: 35935 us total, 12070 us display, type 3
frame 1378: 37205 us total, 11924 us display, type 3
frame 1379: 36103 us total, 11741 us display, type 3
frame 1380: 36314 us total, 11909 us display, type 3
frame 1381: 36291 us total, 12090 us display, type 3
frame 1382: 36145 us total, 11749 us display, type 3
frame 1383: 36083 us total, 12008 us display, type 3
frame 1384: 35540 us total, 11767 us display, type 3
frame 1385: 36328 us total, 11906 us display, type 3
frame 1386: 36826 us total, 12017 us display, type 3
frame 1387: 36670 us total, 12038 us display, type 3
frame 1388: 36010 us total, 11749 us display, type 3
frame 1389: 36115 us total, 11753 us display, type 3
frame 1390: 36584 us total, 11818 us display, type 3
frame 1391: 35547 us total, 11874 us display, type 3
frame 1392: 36630 us total, 11979 us display, type 3
frame 1393: 35088 us total, 11747 us display, type 3
frame 1394: 36936 us total, 11742 us display, type 3
frame 1395: 36878 us total, 11736 us display, type 3
frame 1396: 36546 us total, 12071 us display, type 3
frame 1397: 35688 us total, 11827 us display, type 3
frame 1398: 36309 us total, 12105 us display, type 3
frame 1399: 35483 us total, 11737 us display, type 3
frame 1400: 36234 us total, 11744 us display, type 3
frame 1401: 35407 us total, 11746 us display, type 3
frame 1402: 37321 us total, 11773 us display, type 3
frame 1403: 36481 us total, 11853 us display, type 3
frame 1404: 36812 us total, 11905 us display, type 3
frame 1405: 35440 us total, 11737 us display, type 3
frame 1406: 36586 us total, 11744 us display, type 3
frame 1407: 36077 us total, 11743 us display, type 3
frame 1408: 35332 us total, 11739 us display, type 3
frame 1409: 35972 us total, 11743 us display, type 3
frame 1410: 36928 us total, 11808 us display, type 3
frame 1411: 37587 us total, 12066 us display, type 3
frame 1412: 35572 us total, 11833 us display, type 3
frame 1413: 35635 us total, 12045 us display, type 3
frame 1414: 36666 us total, 11736 us display, type 3
frame 1415: 35930 us total, 11739 us display, type 3
frame 1416: 36199 us total, 12019 us display, type 3
frame 1417: 35156 us total, 11750 us display, type 3
frame 1418: 37114 us total, 11748 us display, type 3
frame 1419: 37370 us total, 11987 us display, type 3
input: down 0x800000
frame 1420: 35620 us total, 11755 us display, type 3
frame 1421: 36592 us total, 11998 us display, type 3
frame 1422: 36551 us total, 11758 us display, type 3
frame 1423: 36956 us total, 11746 us display, type 3
frame 1424: 36217 us total, 11738 us display, type 3
frame 1425: 36345 us total, 11748 us display, type 3
frame 1426: 38795 us total, 11744 us display, type 3
frame 1427: 36555 us total, 11750 us display, type 3
frame 1428: 36811 us total, 11746 us display, type 3
frame 1429: 37504 us total, 11738 us display, type 3
frame 1430: 36568 us total, 11750 us display, type 3
input: down 0x800000
frame 1431: 37235 us total, 12047 us display, type 3
frame 1432: 36836 us total, 11743 us display, type 3
frame 1433: 37481 us total, 11741 us display, type 3
frame 1434: 38004 us total, 12100 us display, type 3
frame 1435: 36618 us total, 11754 us display, type 3
frame 1436: 37458 us total, 12096 us display, type 3
frame 1437: 37381 us total, 11762 us display, type 3
frame 1438: 36881 us total, 11835 us display, type 3
frame 1439: 37210 us total, 11863 us display, type 3
frame 1440: 36236 us total, 11737 us display, type 3
frame 1441: 37846 us total, 12085 us display, type 3
frame 1442: 38238 us total, 11923 us display, type 3
frame 1443: 36383 us total, 11749 us display, type 3
frame 1444: 36559 us total, 11740 us display, type 3
frame 1445: 36964 us total, 11808 us display, type 3
frame 1446: 36867 us total, 11741 us display, type 3
frame 1447: 36283 us total, 11826 us display, type 3
frame 1448: 36124 us total, 11748 us display, type 3
frame 1449: 39183 us total, 11748 us display, type 3
frame 1450: 36593 us total, 12054 us display, type 3
frame 1451: 36512 us total, 11753 us display, type 3
frame 1452: 36213 us total, 11817 us display, type 3
frame 1453: 37596 us total, 12038 us display, type 3
frame 1454: 36479 us total, 12090 us display, type 3
frame 1455: 35873 us total, 11746 us display, type 3
frame 1456: 37715 us total, 11745 us display, type 3
frame 1457: 37461 us total, 11745 us display, type 3
frame 1458: 36502 us total, 11747 us display, type 3
frame 1459: 36599 us total, 11738 us display, type 3
frame 1460: 37435 us total, 11745 us display, type 3
frame 1461: 36598 us total, 12045 us display, type 3
frame 1462: 36408 us total, 11741 us display, type 3
frame 1463: 36337 us total, 12032 us display, type 3
frame 1464: 37361 us total, 11921 us display, type 3
frame 1465: 37600 us total, 11924 us display, type 3
frame 1466: 36992 us total, 11903 us display, type 3
frame 1467: 36194 us total, 11813 us display, type 3
frame 1468: 36570 us total, 11747 us display, type 3
frame 1469: 35884 us total, 11734 us display, type 3
frame 1470: 36789 us total, 11733 us display, type 3
frame 1471: 35643 us total, 11850 us display, type 3
frame 1472: 37278 us total, 11739 us display, type 3
frame 1473: 37829 us total, 11837 us display, type 3
frame 1474: 36227 us total, 11744 us display, type 3
frame 1475: 36366 us total, 12114 us display, type 3
frame 1476: 36491 us total, 11890 us display, type 3
frame 1477: 36586 us total, 11742 us display, type 3
frame 1478: 35640 us total, 11744 us display, type 3
frame 1479: 36078 us total, 11738 us display, type 3
frame 1480: 37585 us total, 11839 us display, type 3
frame 1481: 37815 us total, 11982 us display, type 3
frame 1482: 36085 us total, 11910 us display, type 3
frame 1483: 36108 us total, 12101 us display, type 3
frame 1484: 36815 us total, 11740 us display, type 3
frame 1485: 36363 us total, 11881 us display, type 3
frame 1486: 36216 us total, 11732 us display, type 3
frame 1487: 36004 us total, 12090 us display, type 3
frame 1488: 38372 us total, 12062 us display, type 3
frame 1489: 36139 us total, 11833 us display, type 3
frame 1490: 36069 us total, 11748 us display, type 3
frame 1491: 37095 us total, 11740 us display, type 3
frame 1492: 36037 us total, 11914 us display, type 3
frame 1493: 36490 us total, 11754 us display, type 3
frame 1494: 36012 us total, 11743 us display, type 3
frame 1495: 37728 us total, 11730 us display, type 3
frame 1496: 36986 us total, 11808 us display, type 3
frame 1497: 36061 us total, 11744 us display, type 3
frame 1498: 36844 us total, 11916 us display, type 3
frame 1499: 36310 us total, 11748 us display, type 3
frame 1500: 36289 us total, 11739 us display, type 3
frame 1501: 36348 us total, 11881 us display, type 3
frame 1502: 36245 us total, 11734 us display, type 3
frame 1503: 37133 us total, 11742 us display, type 3
frame 1504: 37323 us total, 12037 us display, type 3
frame 1505: 36518 us total, 11739 us display, type 3
frame 1506: 36060 us total, 11736 us display, type 3
frame 1507: 37172 us total, 11888 us display, type 3
frame 1508: 35884 us total, 11743 us display, type 3
frame 1509: 36704 us total, 11731 us display, type 3
frame 1510: 36032 us total, 12094 us display, type 3
frame 1511: 36927 us total, 12043 us display, type 3
frame 1512: 37489 us total, 11752 us display, type 3
frame 1513: 36498 us total, 11750 us display, type 3
frame 1514: 36316 us total, 11828 us display, type 3
frame 1515: 36473 us total, 11832 us display, type 3
frame 1516: 36662 us total, 11744 us display, type 3
frame 1517: 35855 us total, 11732 us display, type 3
frame 1518: 36005 us total, 11741 us display, type 3
frame 1519: 37774 us total, 11969 us display, type 3
frame 1520: 37349 us total, 11746 us display, type 3
frame 1521: 36728 us total, 12004 us display, type 3
frame 1522: 35559 us total, 11775 us display, type 3
frame 1523: 37591 us total, 12071 us display, type 3
frame 1524: 35671 us total, 11735 us display, type 3
frame 1525: 35919 us total, 11740 us display, type 3
frame 1526: 36251 us total, 11738 us display, type 3
frame 1527: 38333 us total, 11747 us display, type 3
frame 1528: 36602 us total, 11840 us display, type 3
frame 1529: 35818 us total, 11749 us display, type 3
frame 1530: 37342 us total, 11738 us display, type 3
frame 1531: 35802 us total, 11735 us display, type 3
frame 1532: 36403 us total, 11873 us display, type 3
frame 1533: 36489 us total, 12046 us display, type 3
frame 1534: 37020 us total, 11736 us display, type 3
frame 1535: 37434 us total, 11745 us display, type 3
frame 1536: 36477 us total, 11743 us display, type 3
audio: 1 underruns, 69 ms queued
mem @frame 1536: heap free 47464, largest 22016, min ever 46644, zone free 52976, display stack free 4376, uptime 49 s, gamestate 0, demo 0, usergame 1, tic 1634
frame 1537: 37709 us total, 11744 us display, type 3
frame 1538: 36720 us total, 11733 us display, type 3
frame 1539: 35936 us total, 11962 us display, type 3
frame 1540: 36458 us total, 11929 us display, type 3
frame 1541: 35812 us total, 11754 us display, type 3
frame 1542: 37433 us total, 11743 us display, type 3
frame 1543: 37503 us total, 12122 us display, type 3
frame 1544: 36610 us total, 11737 us display, type 3
frame 1545: 36047 us total, 11736 us display, type 3
frame 1546: 36590 us total, 11745 us display, type 3
frame 1547: 36395 us total, 11747 us display, type 3
frame 1548: 36342 us total, 11832 us display, type 3
frame 1549: 36364 us total, 11950 us display, type 3
frame 1550: 37152 us total, 11746 us display, type 3
frame 1551: 37137 us total, 11743 us display, type 3
frame 1552: 36859 us total, 11738 us display, type 3
frame 1553: 36077 us total, 11916 us display, type 3
frame 1554: 37088 us total, 11741 us display, type 3
frame 1555: 36273 us total, 11754 us display, type 3
frame 1556: 36260 us total, 11898 us display, type 3
frame 1557: 35796 us total, 11897 us display, type 3
input: down 0x00001
frame 1558: 37363 us total, 11910 us display, type 3
frame 1559: 38274 us total, 11914 us display, type 3
frame 1560: 36118 us total, 11745 us display, type 3
frame 1561: 36543 us total, 11752 us display, type 3
frame 1562: 37324 us total, 11743 us display, type 3
frame 1563: 37098 us total, 11740 us display, type 3
frame 1564: 36858 us total, 12112 us display, type 3
frame 1565: 36657 us total, 11747 us display, type 3
frame 1566: 39273 us total, 11746 us display, type 3
frame 1567: 37151 us total, 11740 us display, type 3
frame 1568: 37853 us total, 12098 us display, type 3
input: down 0x00001
frame 1569: 37818 us total, 11742 us display, type 3
frame 1570: 37508 us total, 11739 us display, type 3
frame 1571: 38182 us total, 11914 us display, type 3
frame 1572: 39701 us total, 11745 us display, type 3
frame 1573: 41783 us total, 11946 us display, type 3
input: down 0x00001
frame 1574: 42232 us total, 11918 us display, type 3
frame 1575: 39901 us total, 11742 us display, type 3
frame 1576: 40092 us total, 11744 us display, type 3
frame 1577: 42787 us total, 11763 us display, type 3
frame 1578: 42210 us total, 11811 us display, type 3
frame 1579: 41328 us total, 11748 us display, type 3
frame 1580: 42239 us total, 11744 us display, type 3
frame 1581: 42531 us total, 11737 us display, type 3
frame 1582: 41680 us total, 11944 us display, type 3
frame 1583: 41300 us total, 11809 us display, type 3
frame 1584: 40874 us total, 11734 us display, type 3
frame 1585: 40853 us total, 11736 us display, type 3
frame 1586: 40308 us total, 11740 us display, type 3
frame 1587: 42290 us total, 11830 us display, type 3
frame 1588: 42049 us total, 11747 us display, type 3
frame 1589: 41006 us total, 11775 us display, type 3
frame 1590: 41331 us total, 11742 us display, type 3
frame 1591: 41287 us total, 12033 us display, type 3
frame 1592: 40367 us total, 11739 us display, type 3
frame 1593: 40364 us total, 11743 us display, type 3
frame 1594: 43075 us total, 11737 us display, type 3
frame 1595: 41195 us total, 11969 us display, type 3
frame 1596: 40492 us total, 11745 us display, type 3
frame 1597: 41197 us total, 11752 us display, type 3
frame 1598: 41092 us total, 12112 us display, type 3
frame 1599: 40940 us total, 11896 us display, type 3
frame 1600: 40316 us total, 11738 us display, type 3
frame 1601: 42988 us total, 11738 us display, type 3
frame 1602: 40975 us total, 11735 us display, type 3
frame 1603: 41069 us total, 11845 us display, type 3
frame 1604: 41218 us total, 11744 us display, type 3
frame 1605: 40423 us total, 11743 us display, type 3
frame 1606: 41141 us total, 11844 us display, type 3
frame 1607: 40474 us total, 11750 us display, type 3
frame 1608: 43104 us total, 11747 us display, type 3
frame 1609: 40489 us total, 11743 us display, type 3
frame 1610: 40932 us total, 11771 us display, type 3
frame 1611: 41296 us total, 12063 us display, type 3
frame 1612: 40734 us total, 11729 us display, type 3
frame 1613: 39909 us total, 11739 us display, type 3
frame 1614: 40907 us total, 11855 us display, type 3
frame 1615: 42622 us total, 11746 us display, type 3
frame 1616: 41090 us total, 12064 us display, type 3
frame 1617: 40303 us total, 11748 us display, type 3
frame 1618: 41403 us total, 11746 us display, type 3
frame 1619: 40775 us total, 11732 us display, type 3
frame 1620: 40581 us total, 11989 us display, type 3
frame 1621: 39948 us total, 11746 us display, type 3
frame 1622: 43186 us total, 11835 us display, type 3
frame 1623: 40772 us total, 11815 us display, type 3
frame 1624: 40724 us total, 11735 us display, type 3
frame 1625: 41094 us total, 11760 us display, type 3
frame 1626: 41200 us total, 11891 us display, type 3
frame 1627: 40098 us total, 12054 us display, type 3
frame 1628: 40212 us total, 11930 us display, type 3
frame 1629: 43153 us total, 12107 us display, type 3
frame 1630: 40387 us total, 11747 us display, type 3
frame 1631: 40620 us total, 11735 us display, type 3
frame 1632: 41200 us total, 11737 us display, type 3
frame 1633: 40934 us total, 11801 us display, type 3
frame 1634: 40110 us total, 11741 us display, type 3
frame 1635: 40475 us total, 11751 us display, type 3
frame 1636: 43123 us total, 11944 us display, type 3
frame 1637: 40917 us total, 11837 us display, type 3
frame 1638: 40470 us total, 11735 us display, type 3
frame 1639: 41387 us total, 11861 us display, type 3
frame 1640: 40599 us total, 11738 us display, type 3
frame 1641: 41070 us total, 12043 us display, type 3
frame 1642: 41332 us total, 11750 us display, type 3
frame 1643: 41998 us total, 12030 us display, type 3
frame 1644: 40445 us total, 11742 us display, type 3
frame 1645: 41226 us total, 12070 us display, type 3
frame 1646: 40756 us total, 11740 us display, type 3
frame 1647: 40859 us total, 11739 us display, type 3
frame 1648: 40493 us total, 11750 us display, type 3
frame 1649: 41985 us total, 11745 us display, type 3
frame 1650: 41474 us total, 12058 us display, type 3
frame 1651: 41287 us total, 11743 us display, type 3
frame 1652: 40308 us total, 11743 us display, type 3
frame 1653: 41167 us total, 11756 us display, type 3
frame 1654: 40905 us total, 11984 us display, type 3
frame 1655: 39898 us total, 11746 us display, type 3
frame 1656: 41999 us total, 11826 us display, type 3
frame 1657: 41638 us total, 11743 us display, type 3
frame 1658: 40895 us total, 11733 us display, type 3
frame 1659: 40200 us total, 11741 us display, type 3
frame 1660: 41600 us total, 11908 us display, type 3
frame 1661: 40543 us total, 11737 us display, type 3
frame 1662: 40472 us total, 11756 us display, type 3
frame 1663: 41538 us total, 11742 us display, type 3
frame 1664: 42190 us total, 11933 us display, type 3
frame 1665: 40759 us total, 11740 us display, type 3
frame 1666: 40512 us total, 11899 us display, type 3
frame 1667: 40897 us total, 11743 us display, type 3
frame 1668: 41079 us total, 11743 us display, type 3
frame 1669: 40132 us total, 11739 us display, type 3
frame 1670: 42074 us total, 11733 us display, type 3
frame 1671: 41560 us total, 11743 us display, type 3
frame 1672: 41277 us total, 11737 us display, type 3
frame 1673: 40078 us total, 11741 us display, type 3
frame 1674: 41604 us total, 11751 us display, type 3
frame 1675: 40743 us total, 11915 us display, type 3
frame 1676: 40107 us total, 11746 us display, type 3
frame 1677: 41665 us total, 11743 us display, type 3
frame 1678: 41934 us total, 12033 us display, type 3
frame 1679: 41024 us total, 11894 us display, type 3
frame 1680: 40185 us total, 11737 us display, type 3
frame 1681: 41150 us total, 11744 us display, type 3
frame 1682: 40789 us total, 11922 us display, type 3
frame 1683: 40528 us total, 11739 us display, type 3
frame 1684: 41291 us total, 11744 us display, type 3
frame 1685: 42100 us total, 11739 us display, type 3
frame 1686: 41082 us total, 11925 us display, type 3
frame 1687: 40573 us total, 11738 us display, type 3
frame 1688: 40877 us total, 11854 us display, type 3
frame 1689: 40831 us total, 11744 us display, type 3
frame 1690: 40596 us total, 11896 us display, type 3
frame 1691: 41801 us total, 11749 us display, type 3
frame 1692: 41336 us total, 11740 us display, type 3
frame 1693: 41338 us total, 11744 us display, type 3
frame 1694: 40794 us total, 12064 us display, type 3
frame 1695: 41094 us total, 11740 us display, type 3
frame 1696: 40406 us total, 11748 us display, type 3
frame 1697: 40767 us total, 11752 us display, type 3
frame 1698: 41806 us total, 11989 us display, type 3
frame 1699: 41460 us total, 11748 us display, type 3
frame 1700: 40938 us total, 11759 us display, type 3
frame 1701: 40387 us total, 11816 us display, type 3
frame 1702: 41311 us total, 11745 us display, type 3
frame 1703: 40431 us total, 11750 us display, type 3
frame 1704: 40641 us total, 11742 us display, type 3
frame 1705: 41684 us total, 11967 us display, type 3
frame 1706: 42221 us total, 11879 us display, type 3
frame 1707: 40152 us total, 11807 us display, type 3
frame 1708: 40763 us total, 11743 us display, type 3
frame 1709: 41149 us total, 11835 us display, type 3
frame 1710: 40971 us total, 11742 us display, type 3
frame 1711: 40304 us total, 11977 us display, type 3
frame 1712: 41794 us total, 11745 us display, type 3
frame 1713: 41889 us total, 11837 us display, type 3
frame 1714: 40759 us total, 11733 us display, type 3
frame 1715: 40554 us total, 12113 us display, type 3
frame 1716: 41298 us total, 12075 us display, type 3
frame 1717: 40407 us total, 11751 us display, type 3
frame 1718: 40371 us total, 11751 us display, type 3
frame 1719: 42007 us total, 11963 us display, type 3
frame 1720: 42216 us total, 11960 us display, type 3
frame 1721: 40395 us total, 11756 us display, type 3
frame 1722: 41657 us total, 12072 us display, type 3
frame 1723: 40060 us total, 11743 us display, type 3
frame 1724: 41034 us total, 12018 us display, type 3
frame 1725: 40353 us total, 11738 us display, type 3
frame 1726: 41418 us total, 11759 us display, type 3
frame 1727: 42456 us total, 11749 us display, type 3
frame 1728: 40771 us total, 11849 us display, type 3
frame 1729: 41255 us total, 11745 us display, type 3
frame 1730: 40224 us total, 11942 us display, type 3
frame 1731: 40824 us total, 11741 us display, type 3
frame 1732: 40289 us total, 11744 us display, type 3
frame 1733: 41997 us total, 11743 us display, type 3
frame 1734: 41898 us total, 12037 us display, type 3
frame 1735: 40575 us total, 11735 us display, type 3
frame 1736: 41262 us total, 11901 us display, type 3
frame 1737: 40420 us total, 12060 us display, type 3
frame 1738: 40860 us total, 12074 us display, type 3
frame 1739: 40402 us total, 11898 us display, type 3
frame 1740: 41585 us total, 11744 us display, type 3
frame 1741: 42174 us total, 12063 us display, type 3
frame 1742: 40332 us total, 11742 us display, type 3
frame 1743: 41380 us total, 11751 us display, type 3
frame 1744: 40477 us total, 11747 us display, type 3
frame 1745: 40709 us total, 11743 us display, type 3
frame 1746: 40190 us total, 11755 us display, type 3
frame 1747: 41813 us total, 11914 us display, type 3
frame 1748: 42128 us total, 11727 us display, type 3
frame 1749: 40702 us total, 12104 us display, type 3
frame 1750: 41286 us total, 11939 us display, type 3
frame 1751: 40414 us total, 11919 us display, type 3
frame 1752: 40768 us total, 11737 us display, type 3
frame 1753: 39959 us total, 11737 us display, type 3
frame 1754: 42002 us total, 11779 us display, type 3
frame 1755: 41803 us total, 11742 us display, type 3
frame 1756: 41000 us total, 12059 us display, type 3
frame 1757: 40939 us total, 11746 us display, type 3
frame 1758: 40711 us total, 11749 us display, type 3
frame 1759: 40669 us total, 11731 us display, type 3
frame 1760: 40414 us total, 11788 us display, type 3
frame 1761: 41751 us total, 11741 us display, type 3
frame 1762: 42132 us total, 11747 us display, type 3
frame 1763: 40580 us total, 11734 us display, type 3
frame 1764: 41461 us total, 11984 us display, type 3
frame 1765: 40405 us total, 12056 us display, type 3
frame 1766: 40774 us total, 11900 us display, type 3
frame 1767: 40020 us total, 12062 us display, type 3
frame 1768: 43438 us total, 11738 us display, type 3
frame 1769: 41193 us total, 11749 us display, type 3
frame 1770: 41221 us total, 11829 us display, type 3
frame 1771: 41676 us total, 11740 us display, type 3
frame 1772: 40565 us total, 11745 us display, type 3
frame 1773: 41507 us total, 11747 us display, type 3
frame 1774: 40890 us total, 11857 us display, type 3
frame 1775: 43273 us total, 11750 us display, type 3
frame 1776: 40355 us total, 11758 us display, type 3
frame 1777: 41330 us total, 11737 us display, type 3
frame 1778: 41350 us total, 11749 us display, type 3
frame 1779: 41839 us total, 12089 us display, type 3
frame 1780: 40165 us total, 11940 us display, type 3
frame 1781: 41317 us total, 12015 us display, type 3
frame 1782: 43156 us total, 11966 us display, type 3
frame 1783: 41478 us total, 11904 us display, type 3
frame 1784: 40785 us total, 11739 us display, type 3
frame 1785: 41431 us total, 11830 us display, type 3
frame 1786: 41300 us total, 12084 us display, type 3
frame 1787: 40895 us total, 11736 us display, type 3
frame 1788: 42025 us total, 11738 us display, type 3
frame 1789: 42074 us total, 11745 us display, type 3
frame 1790: 41860 us total, 12110 us display, type 3
frame 1791: 40368 us total, 11852 us display, type 3
frame 1792: 41036 us total, 11740 us display, type 3
audio: 1 underruns, 46 ms queued
mem @frame 1792: heap free 47464, largest 22016, min ever 46644, zone free 52976, display stack free 4376, uptime 59 s, gamestate 0, demo 0, usergame 1, tic 1997
frame 1793: 41769 us total, 11734 us display, type 3
frame 1794: 40292 us total, 11744 us display, type 3
frame 1795: 41920 us total, 11818 us display, type 3
frame 1796: 41559 us total, 11743 us display, type 3
frame 1797: 40994 us total, 11740 us display, type 3
frame 1798: 40262 us total, 11748 us display, type 3
frame 1799: 41302 us total, 11923 us display, type 3
frame 1800: 40735 us total, 11729 us display, type 3
frame 1801: 40061 us total, 11739 us display, type 3
frame 1802: 41959 us total, 11746 us display, type 3
frame 1803: 41602 us total, 11748 us display, type 3
frame 1804: 41093 us total, 12058 us display, type 3
frame 1805: 40047 us total, 11767 us display, type 3
frame 1806: 41379 us total, 11740 us display, type 3
frame 1807: 40684 us total, 11738 us display, type 3
frame 1808: 40709 us total, 11991 us display, type 3
frame 1809: 41496 us total, 11746 us display, type 3
frame 1810: 42022 us total, 11810 us display, type 3
frame 1811: 40831 us total, 11730 us display, type 3
frame 1812: 40649 us total, 11900 us display, type 3
frame 1813: 40908 us total, 11744 us display, type 3
frame 1814: 41110 us total, 11902 us display, type 3
frame 1815: 40234 us total, 12062 us display, type 3
frame 1816: 41828 us total, 11824 us display, type 3
frame 1817: 41533 us total, 11738 us display, type 3
frame 1818: 41553 us total, 11911 us display, type 3
frame 1819: 40277 us total, 11737 us display, type 3
frame 1820: 41166 us total, 11744 us display, type 3
frame 1821: 40846 us total, 12068 us display, type 3
frame 1822: 40519 us total, 11738 us display, type 3
frame 1823: 41265 us total, 11739 us display, type 3
frame 1824: 41912 us total, 11935 us display, type 3
frame 1825: 41302 us total, 12071 us display, type 3
frame 1826: 40075 us total, 11733 us display, type 3
frame 1827: 41407 us total, 12036 us display, type 3
frame 1828: 40377 us total, 11873 us display, type 3
frame 1829: 40868 us total, 11913 us display, type 3
frame 1830: 41396 us total, 11739 us display, type 3
frame 1831: 41762 us total, 11737 us display, type 3
frame 1832: 41000 us total, 11741 us display, type 3
frame 1833: 41025 us total, 11930 us display, type 3
frame 1834: 40942 us total, 11733 us display, type 3
frame 1835: 40873 us total, 11746 us display, type 3
frame 1836: 40277 us total, 11783 us display, type 3
frame 1837: 41769 us total, 11758 us display, type 3
frame 1838: 41632 us total, 11751 us display, type 3
frame 1839: 41221 us total, 11920 us display, type 3
frame 1840: 40379 us total, 11902 us display, type 3
frame 1841: 41286 us total, 11785 us display, type 3
frame 1842: 40280 us total, 11748 us display, type 3
frame 1843: 41203 us total, 12086 us display, type 3
frame 1844: 41318 us total, 11745 us display, type 3
frame 1845: 42202 us total, 11759 us display, type 3
frame 1846: 40150 us total, 11862 us display, type 3
frame 1847: 40420 us total, 11984 us display, type 3
frame 1848: 41287 us total, 11857 us display, type 3
frame 1849: 40632 us total, 11728 us display, type 3
frame 1850: 40347 us total, 11741 us display, type 3
frame 1851: 41794 us total, 11860 us display, type 3
frame 1852: 42226 us total, 11911 us display, type 3
frame 1853: 40336 us total, 11741 us display, type 3
frame 1854: 40424 us total, 11746 us display, type 3
frame 1855: 41096 us total, 11834 us display, type 3
frame 1856: 41284 us total, 12023 us display, type 3
frame 1857: 39745 us total, 11741 us display, type 3
frame 1858: 42105 us total, 11737 us display, type 3
frame 1859: 41867 us total, 11750 us display, type 3
frame 1860: 40843 us total, 11733 us display, type 3
frame 1861: 40955 us total, 11742 us display, type 3
frame 1862: 40977 us total, 12110 us display, type 3
frame 1863: 40370 us total, 11860 us display, type 3
frame 1864: 40589 us total, 11737 us display, type 3
frame 1865: 41820 us total, 12092 us display, type 3
frame 1866: 42221 us total, 11957 us display, type 3
frame 1867: 40568 us total, 11830 us display, type 3
frame 1868: 41392 us total, 11739 us display, type 3
frame 1869: 40102 us total, 11742 us display, type 3
frame 1870: 40671 us total, 11747 us display, type 3
frame 1871: 40782 us total, 11959 us display, type 3
frame 1872: 41394 us total, 12071 us display, type 3
frame 1873: 42010 us total, 11757 us display, type 3
frame 1874: 40572 us total, 11747 us display, type 3
frame 1875: 41286 us total, 11750 us display, type 3
frame 1876: 39961 us total, 11753 us display, type 3
frame 1877: 41256 us total, 11899 us display, type 3
frame 1878: 40374 us total, 11988 us display, type 3
frame 1879: 41796 us total, 11735 us display, type 3
frame 1880: 41508 us total, 11764 us display, type 3
frame 1881: 41324 us total, 11989 us display, type 3
frame 1882: 40954 us total, 11846 us display, type 3
frame 1883: 40685 us total, 11744 us display, type 3
frame 1884: 40387 us total, 11739 us display, type 3
frame 1885: 40616 us total, 11749 us display, type 3
frame 1886: 41881 us total, 11899 us display, type 3
frame 1887: 42083 us total, 11736 us display, type 3
frame 1888: 40295 us total, 11748 us display, type 3
frame 1889: 41557 us total, 11746 us display, type 3
frame 1890: 40437 us total, 11742 us display, type 3
frame 1891: 41122 us total, 12104 us display, type 3
frame 1892: 39986 us total, 11793 us display, type 3
frame 1893: 41569 us total, 11744 us display, type 3
frame 1894: 42189 us total, 11742 us display, type 3
frame 1895: 40336 us total, 11740 us display, type 3
frame 1896: 41401 us total, 11753 us display, type 3
frame 1897: 40422 us total, 11829 us display, type 3
frame 1898: 40880 us total, 11739 us display, type 3
frame 1899: 40056 us total, 11823 us display, type 3
frame 1900: 42211 us total, 12083 us display, type 3
frame 1901: 41583 us total, 11838 us display, type 3
frame 1902: 40921 us total, 11737 us display, type 3
frame 1903: 40841 us total, 11746 us display, type 3
frame 1904: 40797 us total, 11747 us display, type 3
frame 1905: 40657 us total, 11745 us display, type 3
frame 1906: 40390 us total, 11744 us display, type 3
frame 1907: 42806 us total, 11741 us display, type 3
frame 1908: 41082 us total, 11974 us display, type 3
frame 1909: 40403 us total, 11745 us display, type 3
frame 1910: 41429 us total, 12063 us display, type 3
frame 1911: 40207 us total, 11737 us display, type 3
frame 1912: 41113 us total, 11780 us display, type 3
frame 1913: 40263 us total, 11753 us display, type 3
frame 1914: 43173 us total, 12055 us display, type 3
frame 1915: 40364 us total, 11748 us display, type 3
frame 1916: 41191 us total, 11825 us display, type 3
frame 1917: 40883 us total, 11733 us display, type 3
frame 1918: 40153 us total, 11737 us display, type 3
frame 1919: 40960 us total, 11741 us display, type 3
frame 1920: 40360 us total, 11754 us display, type 3
frame 1921: 42983 us total, 11747 us display, type 3
frame 1922: 40446 us total, 11742 us display, type 3
frame 1923: 41080 us total, 11995 us display, type 3
frame 1924: 40794 us total, 11742 us display, type 3
frame 1925: 40749 us total, 12064 us display, type 3
frame 1926: 40356 us total, 11745 us display, type 3
frame 1927: 40883 us total, 11853 us display, type 3
frame 1928: 42600 us total, 11747 us display, type 3
frame 1929: 41051 us total, 12047 us display, type 3
frame 1930: 40414 us total, 11934 us display, type 3
frame 1931: 41301 us total, 11921 us display, type 3
frame 1932: 40272 us total, 11739 us display, type 3
frame 1933: 40684 us total, 11739 us display, type 3
frame 1934: 40217 us total, 11746 us display, type 3
frame 1935: 43141 us total, 11832 us display, type 3
frame 1936: 40665 us total, 11740 us display, type 3
frame 1937: 40617 us total, 11743 us display, type 3
frame 1938: 41257 us total, 12089 us display, type 3
frame 1939: 41289 us total, 12110 us display, type 3
frame 1940: 39637 us total, 11733 us display, type 3
frame 1941: 40370 us total, 11745 us display, type 3
frame 1942: 42989 us total, 11745 us display, type 3
frame 1943: 41082 us total, 12065 us display, type 3
frame 1944: 40307 us total, 11746 us display, type 3
frame 1945: 41187 us total, 11740 us display, type 3
frame 1946: 41284 us total, 12110 us display, type 3
frame 1947: 39848 us total, 11732 us display, type 3
frame 1948: 40712 us total, 11962 us display, type 3
frame 1949: 42703 us total, 11753 us display, type 3
frame 1950: 41087 us total, 11841 us display, type 3
frame 1951: 40486 us total, 11740 us display, type 3
frame 1952: 41277 us total, 11745 us display, type 3
frame 1953: 40746 us total, 11819 us display, type 3
frame 1954: 40496 us total, 11741 us display, type 3
frame 1955: 40019 us total, 11752 us display, type 3
frame 1956: 43183 us total, 11781 us display, type 3
frame 1957: 40681 us total, 11743 us display, type 3
frame 1958: 41055 us total, 11742 us display, type 3
frame 1959: 41097 us total, 12070 us display, type 3
frame 1960: 41241 us total, 12087 us display, type 3
frame 1961: 39996 us total, 11841 us display, type 3
frame 1962: 41999 us total, 11741 us display, type 3
frame 1963: 41219 us total, 11751 us display, type 3
frame 1964: 40865 us total, 11853 us display, type 3
frame 1965: 41296 us total, 12079 us display, type 3
frame 1966: 40818 us total, 11743 us display, type 3
frame 1967: 40724 us total, 11748 us display, type 3
frame 1968: 40296 us total, 11833 us display, type 3
frame 1969: 41950 us total, 11901 us display, type 3
frame 1970: 41423 us total, 11750 us display, type 3
frame 1971: 40810 us total, 11737 us display, type 3
frame 1972: 40830 us total, 12072 us display, type 3
frame 1973: 41343 us total, 11898 us display, type 3
frame 1974: 40501 us total, 12067 us display, type 3
frame 1975: 40538 us total, 11747 us display, type 3
frame 1976: 41687 us total, 11877 us display, type 3
frame 1977: 42225 us total, 12066 us display, type 3
frame 1978: 40639 us total, 12057 us display, type 3
frame 1979: 40428 us total, 11745 us display, type 3
frame 1980: 41040 us total, 11749 us display, type 3
frame 1981: 41084 us total, 11736 us display, type 3
frame 1982: 40126 us total, 11798 us display, type 3
frame 1983: 42234 us total, 11940 us display, type 3
frame 1984: 41374 us total, 11738 us display, type 3
frame 1985: 41413 us total, 11737 us display, type 3
frame 1986: 40065 us total, 11755 us display, type 3
frame 1987: 41226 us total, 11769 us display, type 3
frame 1988: 41292 us total, 12012 us display, type 3
frame 1989: 40169 us total, 11740 us display, type 3
frame 1990: 41690 us total, 11735 us display, type 3
frame 1991: 41808 us total, 11865 us display, type 3
frame 1992: 41341 us total, 12088 us display, type 3
frame 1993: 39928 us total, 11740 us display, type 3
frame 1994: 41537 us total, 11968 us display, type 3
frame 1995: 40408 us total, 11843 us display, type 3
frame 1996: 41266 us total, 11849 us display, type 3
frame 1997: 41460 us total, 12062 us display, type 3
frame 1998: 41867 us total, 11784 us display, type 3
frame 1999: 40827 us total, 11747 us display, type 3
frame 2000: 40843 us total, 11858 us display, type 3
frame 2001: 40597 us total, 11744 us display, type 3
frame 2002: 40965 us total, 11739 us display, type 3
frame 2003: 40483 us total, 11835 us display, type 3
frame 2004: 41857 us total, 11739 us display, type 3
frame 2005: 41333 us total, 11746 us display, type 3
frame 2006: 41312 us total, 11746 us display, type 3
frame 2007: 40575 us total, 11836 us display, type 3
frame 2008: 41267 us total, 11741 us display, type 3
frame 2009: 40254 us total, 11740 us display, type 3
frame 2010: 40995 us total, 11996 us display, type 3
frame 2011: 41515 us total, 11910 us display, type 3
frame 2012: 41499 us total, 11736 us display, type 3
frame 2013: 40964 us total, 11744 us display, type 3
frame 2014: 40354 us total, 11750 us display, type 3
frame 2015: 41372 us total, 11752 us display, type 3
frame 2016: 40399 us total, 11747 us display, type 3
frame 2017: 40743 us total, 11916 us display, type 3
frame 2018: 41335 us total, 11750 us display, type 3
frame 2019: 42190 us total, 11929 us display, type 3
frame 2020: 40467 us total, 11756 us display, type 3
frame 2021: 41014 us total, 11951 us display, type 3
frame 2022: 40962 us total, 11847 us display, type 3
frame 2023: 40934 us total, 11735 us display, type 3
frame 2024: 40085 us total, 11749 us display, type 3
frame 2025: 42083 us total, 11979 us display, type 3
frame 2026: 41726 us total, 11841 us display, type 3
frame 2027: 40725 us total, 11738 us display, type 3
frame 2028: 40333 us total, 11863 us display, type 3
frame 2029: 41315 us total, 11741 us display, type 3
frame 2030: 40702 us total, 11746 us display, type 3
frame 2031: 40743 us total, 12048 us display, type 3
frame 2032: 41358 us total, 11752 us display, type 3
frame 2033: 42320 us total, 11746 us display, type 3
frame 2034: 40498 us total, 11742 us display, type 3
frame 2035: 40062 us total, 11757 us display, type 3
frame 2036: 41437 us total, 11740 us display, type 3
frame 2037: 41012 us total, 11979 us display, type 3
frame 2038: 40517 us total, 11739 us display, type 3
frame 2039: 41393 us total, 11750 us display, type 3
frame 2040: 42725 us total, 12046 us display, type 3
frame 2041: 40361 us total, 11875 us display, type 3
frame 2042: 41340 us total, 11746 us display, type 3
frame 2043: 40142 us total, 11929 us display, type 3
frame 2044: 40802 us total, 11741 us display, type 3
frame 2045: 40320 us total, 11746 us display, type 3
frame 2046: 42099 us total, 11736 us display, type 3
frame 2047: 41786 us total, 11945 us display, type 3
frame 2048: 40727 us total, 11744 us display, type 3
audio: 1 underruns, 34 ms queued
mem @frame 2048: heap free 47464, largest 22016, min ever 46644, zone free 52976, display stack free 4376, uptime 70 s, gamestate 0, demo 0, usergame 1, tic 2365
frame 2049: 42249 us total, 11844 us display, type 3
frame 2050: 40517 us total, 11744 us display, type 3
frame 2051: 40584 us total, 11880 us display, type 3
frame 2052: 40474 us total, 11735 us display, type 3
frame 2053: 41703 us total, 11735 us display, type 3
frame 2054: 42255 us total, 11729 us display, type 3
frame 2055: 40566 us total, 11960 us display, type 3
frame 2056: 41290 us total, 11833 us display, type 3
frame 2057: 40363 us total, 11836 us display, type 3
frame 2058: 40695 us total, 11742 us display, type 3
frame 2059: 40132 us total, 11734 us display, type 3
frame 2060: 41955 us total, 12079 us display, type 3
frame 2061: 42224 us total, 12095 us display, type 3
frame 2062: 40155 us total, 11788 us display, type 3
frame 2063: 41359 us total, 11743 us display, type 3
frame 2064: 40487 us total, 11827 us display, type 3
frame 2065: 40940 us total, 11735 us display, type 3
frame 2066: 39997 us total, 11750 us display, type 3
frame 2067: 41986 us total, 11744 us display, type 3
frame 2068: 41932 us total, 11875 us display, type 3
frame 2069: 40825 us total, 11740 us display, type 3
frame 2070: 40867 us total, 11745 us display, type 3
frame 2071: 40669 us total, 11745 us display, type 3
frame 2072: 40780 us total, 11914 us display, type 3
frame 2073: 40214 us total, 11748 us display, type 3
frame 2074: 41765 us total, 11744 us display, type 3
frame 2075: 42188 us total, 11750 us display, type 3
frame 2076: 40831 us total, 11984 us display, type 3
frame 2077: 41299 us total, 12059 us display, type 3
frame 2078: 40193 us total, 11831 us display, type 3
frame 2079: 40932 us total, 11832 us display, type 3
frame 2080: 40081 us total, 11736 us display, type 3
frame 2081: 42953 us total, 11748 us display, type 3
frame 2082: 41030 us total, 12066 us display, type 3
frame 2083: 40391 us total, 11816 us display, type 3
frame 2084: 41334 us total, 11741 us display, type 3
frame 2085: 40132 us total, 11746 us display, type 3
frame 2086: 41292 us total, 12005 us display, type 3
frame 2087: 39918 us total, 11746 us display, type 3
frame 2088: 43123 us total, 11734 us display, type 3
frame 2089: 40664 us total, 12028 us display, type 3
frame 2090: 40640 us total, 11750 us display, type 3
frame 2091: 41151 us total, 11745 us display, type 3
frame 2092: 40395 us total, 11741 us display, type 3
frame 2093: 40966 us total, 12037 us display, type 3
frame 2094: 40510 us total, 11843 us display, type 3
frame 2095: 42560 us total, 11737 us display, type 3
frame 2096: 40638 us total, 11746 us display, type 3
frame 2097: 40704 us total, 11744 us display, type 3
frame 2098: 41338 us total, 11827 us display, type 3
frame 2099: 40353 us total, 11733 us display, type 3
frame 2100: 40740 us total, 11749 us display, type 3
frame 2101: 40380 us total, 11901 us display, type 3
frame 2102: 43143 us total, 12052 us display, type 3
frame 2103: 40468 us total, 11745 us display, type 3
frame 2104: 40588 us total, 11737 us display, type 3
frame 2105: 40892 us total, 11745 us display, type 3
frame 2106: 40396 us total, 11739 us display, type 3
frame 2107: 40617 us total, 11734 us display, type 3
frame 2108: 40250 us total, 11746 us display, type 3
frame 2109: 43031 us total, 11744 us display, type 3
frame 2110: 40802 us total, 11740 us display, type 3
frame 2111: 40834 us total, 11742 us display, type 3
frame 2112: 41042 us total, 11739 us display, type 3
frame 2113: 41080 us total, 12055 us display, type 3
frame 2114: 40326 us total, 11746 us display, type 3
frame 2115: 40504 us total, 11746 us display, type 3
frame 2116: 42877 us total, 11742 us display, type 3
frame 2117: 41295 us total, 11973 us display, type 3
frame 2118: 40346 us total, 11741 us display, type 3
frame 2119: 41128 us total, 11768 us display, type 3
frame 2120: 40758 us total, 11748 us display, type 3
frame 2121: 40905 us total, 12037 us display, type 3
frame 2122: 39721 us total, 11741 us display, type 3
frame 2123: 43618 us total, 12114 us display, type 3
frame 2124: 40373 us total, 11753 us display, type 3
frame 2125: 41249 us total, 12102 us display, type 3
frame 2126: 40457 us total, 11746 us display, type 3
frame 2127: 41102 us total, 11735 us display, type 3
frame 2128: 40338 us total, 11842 us display, type 3
frame 2129: 40201 us total, 11746 us display, type 3
frame 2130: 42714 us total, 11743 us display, type 3
frame 2131: 40799 us total, 11779 us display, type 3
frame 2132: 41286 us total, 12090 us display, type 3
frame 2133: 40888 us total, 11743 us display, type 3
frame 2134: 40737 us total, 11738 us display, type 3
frame 2135: 40240 us total, 11743 us display, type 3
frame 2136: 40795 us total, 11735 us display, type 3
frame 2137: 42753 us total, 11741 us display, type 3
frame 2138: 41067 us total, 12052 us display, type 3
frame 2139: 40376 us total, 11935 us display, type 3
frame 2140: 41347 us total, 11756 us display, type 3
frame 2141: 40414 us total, 11752 us display, type 3
frame 2142: 40600 us total, 11744 us display, type 3
frame 2143: 41708 us total, 11767 us display, type 3
frame 2144: 42222 us total, 12106 us display, type 3
frame 2145: 40161 us total, 11748 us display, type 3
frame 2146: 40930 us total, 11744 us display, type 3
frame 2147: 41121 us total, 11842 us display, type 3
frame 2148: 40978 us total, 11738 us display, type 3
frame 2149: 40143 us total, 11766 us display, type 3
frame 2150: 42226 us total, 12019 us display, type 3
frame 2151: 41306 us total, 11842 us display, type 3
frame 2152: 41332 us total, 11738 us display, type 3
frame 2153: 40128 us total, 11790 us display, type 3
frame 2154: 41314 us total, 12082 us display, type 3
frame 2155: 40634 us total, 11751 us display, type 3
frame 2156: 39980 us total, 11753 us display, type 3
frame 2157: 42160 us total, 11902 us display, type 3
frame 2158: 41429 us total, 11734 us display, type 3
frame 2159: 41210 us total, 11744 us display, type 3
frame 2160: 40102 us total, 11752 us display, type 3
frame 2161: 41522 us total, 11738 us display, type 3
frame 2162: 41108 us total, 12113 us display, type 3
frame 2163: 40359 us total, 11742 us display, type 3
frame 2164: 41270 us total, 11744 us display, type 3
frame 2165: 42151 us total, 11742 us display, type 3
frame 2166: 41224 us total, 12101 us display, type 3
frame 2167: 40293 us total, 11744 us display, type 3
frame 2168: 41182 us total, 12076 us display, type 3
frame 2169: 40668 us total, 11745 us display, type 3
frame 2170: 40378 us total, 11742 us display, type 3
frame 2171: 41914 us total, 11738 us display, type 3
frame 2172: 41355 us total, 11742 us display, type 3
frame 2173: 41216 us total, 11745 us display, type 3
frame 2174: 40375 us total, 11754 us display, type 3
frame 2175: 41538 us total, 11734 us display, type 3
frame 2176: 40696 us total, 12110 us display, type 3
frame 2177: 40035 us total, 11853 us display, type 3
frame 2178: 41850 us total, 11737 us display, type 3
frame 2179: 41363 us total, 11741 us display, type 3
frame 2180: 41225 us total, 11738 us display, type 3
frame 2181: 40455 us total, 11831 us display, type 3
frame 2182: 41297 us total, 11739 us display, type 3
frame 2183: 40634 us total, 11999 us display, type 3
frame 2184: 40470 us total, 11740 us display, type 3
frame 2185: 41731 us total, 11898 us display, type 3
frame 2186: 41942 us total, 11749 us display, type 3
frame 2187: 40857 us total, 11915 us display, type 3
frame 2188: 40451 us total, 11739 us display, type 3
frame 2189: 41212 us total, 11943 us display, type 3
frame 2190: 40842 us total, 11746 us display, type 3
frame 2191: 40214 us total, 11753 us display, type 3
frame 2192: 41901 us total, 11737 us display, type 3
frame 2193: 41624 us total, 11738 us display, type 3
frame 2194: 41264 us total, 11733 us display, type 3
frame 2195: 40233 us total, 11749 us display, type 3
frame 2196: 41699 us total, 12063 us display, type 3
frame 2197: 40374 us total, 11737 us display, type 3
frame 2198: 40400 us total, 11752 us display, type 3
frame 2199: 42006 us total, 12046 us display, type 3
frame 2200: 41327 us total, 11737 us display, type 3
frame 2201: 41176 us total, 11737 us display, type 3
frame 2202: 40269 us total, 11858 us display, type 3
frame 2203: 41379 us total, 11748 us display, type 3
frame 2204: 40927 us total, 11909 us display, type 3
frame 2205: 40374 us total, 11744 us display, type 3
frame 2206: 41398 us total, 11852 us display, type 3
frame 2207: 41777 us total, 11752 us display, type 3
frame 2208: 41177 us total, 11909 us display, type 3
frame 2209: 40536 us total, 11737 us display, type 3
frame 2210: 40879 us total, 11744 us display, type 3
frame 2211: 41008 us total, 11742 us display, type 3
frame 2212: 40340 us total, 11749 us display, type 3
frame 2213: 41671 us total, 11740 us display, type 3
frame 2214: 41932 us total, 11737 us display, type 3
frame 2215: 41052 us total, 12061 us display, type 3
frame 2216: 40127 us total, 11732 us display, type 3
frame 2217: 41354 us total, 12022 us display, type 3
frame 2218: 40453 us total, 11739 us display, type 3
frame 2219: 40886 us total, 11907 us display, type 3
frame 2220: 41595 us total, 11750 us display, type 3
frame 2221: 42055 us total, 11942 us display, type 3
frame 2222: 40390 us total, 11891 us display, type 3
frame 2223: 40474 us total, 11905 us display, type 3
frame 2224: 41217 us total, 11747 us display, type 3
frame 2225: 40510 us total, 11743 us display, type 3
frame 2226: 40944 us total, 12114 us display, type 3
frame 2227: 41346 us total, 11750 us display, type 3
frame 2228: 42290 us total, 11734 us display, type 3
frame 2229: 40390 us total, 11746 us display, type 3
frame 2230: 41321 us total, 11748 us display, type 3
frame 2231: 40286 us total, 11745 us display, type 3
frame 2232: 40821 us total, 11831 us display, type 3
frame 2233: 40392 us total, 11881 us display, type 3
frame 2234: 41865 us total, 11839 us display, type 3
frame 2235: 41746 us total, 11742 us display, type 3
frame 2236: 40991 us total, 12070 us display, type 3
frame 2237: 40888 us total, 11753 us display, type 3
frame 2238: 40771 us total, 11903 us display, type 3
frame 2239: 40488 us total, 11736 us display, type 3
frame 2240: 40429 us total, 11749 us display, type 3
frame 2241: 41900 us total, 11999 us display, type 3
frame 2242: 42223 us total, 12055 us display, type 3
frame 2243: 40282 us total, 11739 us display, type 3
frame 2244: 41222 us total, 11749 us display, type 3
frame 2245: 40347 us total, 11861 us display, type 3
frame 2246: 41288 us total, 12036 us display, type 3
frame 2247: 39629 us total, 11747 us display, type 3
frame 2248: 41862 us total, 11873 us display, type 3
frame 2249: 42227 us total, 11783 us display, type 3
frame 2250: 40578 us total, 11740 us display, type 3
frame 2251: 41012 us total, 11746 us display, type 3
frame 2252: 40266 us total, 11740 us display, type 3
frame 2253: 41284 us total, 11843 us display, type 3
frame 2254: 40116 us total, 11752 us display, type 3
frame 2255: 41833 us total, 11737 us display, type 3
frame 2256: 42000 us total, 11741 us display, type 3
frame 2257: 41180 us total, 11826 us display, type 3
frame 2258: 41083 us total, 11739 us display, type 3
frame 2259: 40500 us total, 11739 us display, type 3
frame 2260: 40601 us total, 11746 us display, type 3
frame 2261: 40830 us total, 11914 us display, type 3
frame 2262: 41517 us total, 12071 us display, type 3
frame 2263: 41917 us total, 11746 us display, type 3
frame 2264: 40479 us total, 11742 us display, type 3
frame 2265: 41452 us total, 11746 us display, type 3
frame 2266: 40133 us total, 11737 us display, type 3
frame 2267: 40992 us total, 11752 us display, type 3
frame 2268: 40361 us total, 11978 us display, type 3
frame 2269: 43153 us total, 11978 us display, type 3
frame 2270: 40151 us total, 11772 us display, type 3
frame 2271: 40626 us total, 11734 us display, type 3
frame 2272: 41451 us total, 11826 us display, type 3
frame 2273: 40337 us total, 11733 us display, type 3
frame 2274: 40766 us total, 11750 us display, type 3
frame 2275: 40379 us total, 12056 us display, type 3
frame 2276: 43142 us total, 12117 us display, type 3
frame 2277: 40233 us total, 11743 us display, type 3
frame 2278: 40806 us total, 11741 us display, type 3
frame 2279: 41058 us total, 11747 us display, type 3
frame 2280: 41049 us total, 11957 us display, type 3
frame 2281: 40238 us total, 11746 us display, type 3
frame 2282: 40758 us total, 11743 us display, type 3
frame 2283: 42758 us total, 11749 us display, type 3
frame 2284: 41250 us total, 11940 us display, type 3
frame 2285: 40155 us total, 11812 us display, type 3
frame 2286: 41399 us total, 11754 us display, type 3
frame 2287: 40533 us total, 11828 us display, type 3
frame 2288: 40956 us total, 11738 us display, type 3
frame 2289: 40295 us total, 11984 us display, type 3
frame 2290: 43180 us total, 11741 us display, type 3
frame 2291: 40925 us total, 11837 us display, type 3
frame 2292: 40776 us total, 11742 us display, type 3
frame 2293: 41037 us total, 12093 us display, type 3
frame 2294: 39972 us total, 11744 us display, type 3
frame 2295: 41008 us total, 11744 us display, type 3
frame 2296: 40038 us total, 11745 us display, type 3
frame 2297: 43085 us total, 11750 us display, type 3
frame 2298: 40663 us total, 11745 us display, type 3
frame 2299: 40972 us total, 11764 us display, type 3
frame 2300: 40701 us total, 11753 us display, type 3
frame 2301: 40788 us total, 11751 us display, type 3
frame 2302: 40720 us total, 11846 us display, type 3
frame 2303: 40624 us total, 11731 us display, type 3
frame 2304: 42459 us total, 11752 us display, type 3
audio: 1 underruns, 81 ms queued
mem @frame 2304: heap free 47464, largest 22016, min ever 46644, zone free 52976, display stack free 4376, uptime 80 s, gamestate 0, demo 0, usergame 1, tic 2732
frame 2305: 42157 us total, 11746 us display, type 3
frame 2306: 40675 us total, 11751 us display, type 3
frame 2307: 41453 us total, 11735 us display, type 3
frame 2308: 40589 us total, 11854 us display, type 3
frame 2309: 40470 us total, 11737 us display, type 3
frame 2310: 40419 us total, 11916 us display, type 3
frame 2311: 42842 us total, 11740 us display, type 3
frame 2312: 40517 us total, 11744 us display, type 3
frame 2313: 41152 us total, 12115 us display, type 3
frame 2314: 40902 us total, 11918 us display, type 3
frame 2315: 40820 us total, 11736 us display, type 3
frame 2316: 40127 us total, 11849 us display, type 3
frame 2317: 40368 us total, 11905 us display, type 3
frame 2318: 42752 us total, 11734 us display, type 3
frame 2319: 40699 us total, 12073 us display, type 3
frame 2320: 40705 us total, 11745 us display, type 3
frame 2321: 41103 us total, 11750 us display, type 3
frame 2322: 40906 us total, 11737 us display, type 3
frame 2323: 40322 us total, 12112 us display, type 3
frame 2324: 41813 us total, 11744 us display, type 3
frame 2325: 41705 us total, 11950 us display, type 3
frame 2326: 40861 us total, 11730 us display, type 3
frame 2327: 40621 us total, 12076 us display, type 3
frame 2328: 41291 us total, 11937 us display, type 3
frame 2329: 40718 us total, 11888 us display, type 3
frame 2330: 40601 us total, 11733 us display, type 3
frame 2331: 41460 us total, 11836 us display, type 3
frame 2332: 41793 us total, 11755 us display, type 3
frame 2333: 40982 us total, 11911 us display, type 3
frame 2334: 40724 us total, 11735 us display, type 3
frame 2335: 40914 us total, 11745 us display, type 3
frame 2336: 40957 us total, 11738 us display, type 3
frame 2337: 40390 us total, 11744 us display, type 3
frame 2338: 41637 us total, 11753 us display, type 3
frame 2339: 41675 us total, 11870 us display, type 3
frame 2340: 41296 us total, 11797 us display, type 3
frame 2341: 40335 us total, 11749 us display, type 3
frame 2342: 41133 us total, 11995 us display, type 3
frame 2343: 40803 us total, 11740 us display, type 3
frame 2344: 40447 us total, 11896 us display, type 3
frame 2345: 41787 us total, 11740 us display, type 3
frame 2346: 41417 us total, 11742 us display, type 3
frame 2347: 41252 us total, 11737 us display, type 3
frame 2348: 40435 us total, 11897 us display, type 3
frame 2349: 41339 us total, 11735 us display, type 3
frame 2350: 40684 us total, 11910 us display, type 3
frame 2351: 40524 us total, 11738 us display, type 3
frame 2352: 41586 us total, 11746 us display, type 3
frame 2353: 41979 us total, 11743 us display, type 3
frame 2354: 40914 us total, 11944 us display, type 3
frame 2355: 40434 us total, 11739 us display, type 3
frame 2356: 41224 us total, 11786 us display, type 3
frame 2357: 40586 us total, 11732 us display, type 3
frame 2358: 40390 us total, 11749 us display, type 3
frame 2359: 41868 us total, 11740 us display, type 3
frame 2360: 41631 us total, 11758 us display, type 3
frame 2361: 41032 us total, 11736 us display, type 3
frame 2362: 40360 us total, 11737 us display, type 3
frame 2363: 41461 us total, 11831 us display, type 3
frame 2364: 40468 us total, 11729 us display, type 3
frame 2365: 40077 us total, 11736 us display, type 3
frame 2366: 41978 us total, 11736 us display, type 3
frame 2367: 42005 us total, 12071 us display, type 3
frame 2368: 40952 us total, 11729 us display, type 3
frame 2369: 40536 us total, 12088 us display, type 3
frame 2370: 41293 us total, 12034 us display, type 3
frame 2371: 40366 us total, 11788 us display, type 3
frame 2372: 40343 us total, 11750 us display, type 3
frame 2373: 41659 us total, 11746 us display, type 3
frame 2374: 41966 us total, 11751 us display, type 3
frame 2375: 41039 us total, 11849 us display, type 3
frame 2376: 40325 us total, 11753 us display, type 3
frame 2377: 41158 us total, 11752 us display, type 3
frame 2378: 40973 us total, 11827 us display, type 3
frame 2379: 40376 us total, 11735 us display, type 3
frame 2380: 41569 us total, 11748 us display, type 3
frame 2381: 41686 us total, 11743 us display, type 3
frame 2382: 41281 us total, 11827 us display, type 3
frame 2383: 40384 us total, 11739 us display, type 3
frame 2384: 41120 us total, 11734 us display, type 3
frame 2385: 40759 us total, 11828 us display, type 3
frame 2386: 40607 us total, 11751 us display, type 3
frame 2387: 41518 us total, 11746 us display, type 3
frame 2388: 41571 us total, 11871 us display, type 3
frame 2389: 41298 us total, 12036 us display, type 3
frame 2390: 40369 us total, 12007 us display, type 3
frame 2391: 41179 us total, 12062 us display, type 3
frame 2392: 40463 us total, 11738 us display, type 3
frame 2393: 40727 us total, 11831 us display, type 3
frame 2394: 41460 us total, 11736 us display, type 3
frame 2395: 42344 us total, 12063 us display, type 3
frame 2396: 40317 us total, 11914 us display, type 3
frame 2397: 40602 us total, 11827 us display, type 3
frame 2398: 41029 us total, 11744 us display, type 3
frame 2399: 41135 us total, 12075 us display, type 3
frame 2400: 39902 us total, 11743 us display, type 3
frame 2401: 42155 us total, 11896 us display, type 3
frame 2402: 41751 us total, 11744 us display, type 3
frame 2403: 40705 us total, 11744 us display, type 3
frame 2404: 40421 us total, 11750 us display, type 3
frame 2405: 41736 us total, 12101 us display, type 3
frame 2406: 40328 us total, 12065 us display, type 3
frame 2407: 40455 us total, 11748 us display, type 3
frame 2408: 41996 us total, 12094 us display, type 3
frame 2409: 42209 us total, 12111 us display, type 3
frame 2410: 39784 us total, 11740 us display, type 3
frame 2411: 41719 us total, 11809 us display, type 3
frame 2412: 40353 us total, 11820 us display, type 3
frame 2413: 40594 us total, 11737 us display, type 3
frame 2414: 40311 us total, 11739 us display, type 3
frame 2415: 41882 us total, 11987 us display, type 3
frame 2416: 42224 us total, 12110 us display, type 3
frame 2417: 40296 us total, 11740 us display, type 3
frame 2418: 41175 us total, 11823 us display, type 3
frame 2419: 40388 us total, 12000 us display, type 3
frame 2420: 40854 us total, 11742 us display, type 3
frame 2421: 39958 us total, 11748 us display, type 3
frame 2422: 42061 us total, 11737 us display, type 3
frame 2423: 42130 us total, 12050 us display, type 3
frame 2424: 40690 us total, 11749 us display, type 3
frame 2425: 41136 us total, 12073 us display, type 3
frame 2426: 40446 us total, 11746 us display, type 3
frame 2427: 40862 us total, 11895 us display, type 3
frame 2428: 40663 us total, 11735 us display, type 3
frame 2429: 41747 us total, 12056 us display, type 3
frame 2430: 42231 us total, 11907 us display, type 3
frame 2431: 40373 us total, 11739 us display, type 3
frame 2432: 41443 us total, 11736 us display, type 3
frame 2433: 40095 us total, 11763 us display, type 3
frame 2434: 41718 us total, 11748 us display, type 3
frame 2435: 40804 us total, 11888 us display, type 3
frame 2436: 42049 us total, 11744 us display, type 3
frame 2437: 42866 us total, 11730 us display, type 3
frame 2438: 40804 us total, 11738 us display, type 3
frame 2439: 41372 us total, 11743 us display, type 3
frame 2440: 41060 us total, 11968 us display, type 3
frame 2441: 41178 us total, 12063 us display, type 3
frame 2442: 40528 us total, 11742 us display, type 3
frame 2443: 43382 us total, 11744 us display, type 3
frame 2444: 41217 us total, 11923 us display, type 3
frame 2445: 41353 us total, 11734 us display, type 3
frame 2446: 41596 us total, 12102 us display, type 3
frame 2447: 40739 us total, 11751 us display, type 3
frame 2448: 41245 us total, 11902 us display, type 3
frame 2449: 40480 us total, 11734 us display, type 3
frame 2450: 42873 us total, 11741 us display, type 3
frame 2451: 41490 us total, 11743 us display, type 3
frame 2452: 41165 us total, 11826 us display, type 3
frame 2453: 41859 us total, 11750 us display, type 3
frame 2454: 41058 us total, 11997 us display, type 3
frame 2455: 40810 us total, 11747 us display, type 3
frame 2456: 40882 us total, 11997 us display, type 3
frame 2457: 43141 us total, 12060 us display, type 3
frame 2458: 40161 us total, 11762 us display, type 3
frame 2459: 40911 us total, 11741 us display, type 3
frame 2460: 41190 us total, 11838 us display, type 3
frame 2461: 40935 us total, 11736 us display, type 3
frame 2462: 40129 us total, 11877 us display, type 3
frame 2463: 40379 us total, 11982 us display, type 3
frame 2464: 42865 us total, 11909 us display, type 3
frame 2465: 40516 us total, 11740 us display, type 3
frame 2466: 40656 us total, 11738 us display, type 3
frame 2467: 41080 us total, 11739 us display, type 3
frame 2468: 41174 us total, 11926 us display, type 3
frame 2469: 40180 us total, 12055 us display, type 3
frame 2470: 41745 us total, 11740 us display, type 3
frame 2471: 41788 us total, 12050 us display, type 3
frame 2472: 40805 us total, 11730 us display, type 3
frame 2473: 40309 us total, 11740 us display, type 3
frame 2474: 41666 us total, 11881 us display, type 3
frame 2475: 40691 us total, 11842 us display, type 3
frame 2476: 40737 us total, 11739 us display, type 3
frame 2477: 41351 us total, 11746 us display, type 3
frame 2478: 42211 us total, 11874 us display, type 3
frame 2479: 40977 us total, 11836 us display, type 3
frame 2480: 40499 us total, 11741 us display, type 3
frame 2481: 40884 us total, 11734 us display, type 3
frame 2482: 40991 us total, 11740 us display, type 3
frame 2483: 40394 us total, 11745 us display, type 3
frame 2484: 41868 us total, 11738 us display, type 3
frame 2485: 41390 us total, 11747 us display, type 3
frame 2486: 41176 us total, 11741 us display, type 3
frame 2487: 40338 us total, 11762 us display, type 3
frame 2488: 41113 us total, 12059 us display, type 3
frame 2489: 40680 us total, 11732 us display, type 3
frame 2490: 40434 us total, 11848 us display, type 3
frame 2491: 41892 us total, 11745 us display, type 3
frame 2492: 41293 us total, 11754 us display, type 3
frame 2493: 41233 us total, 11738 us display, type 3
frame 2494: 40343 us total, 11830 us display, type 3
frame 2495: 41431 us total, 11743 us display, type 3
frame 2496: 40463 us total, 11740 us display, type 3
frame 2497: 40758 us total, 11792 us display, type 3
frame 2498: 41676 us total, 11898 us display, type 3
frame 2499: 41890 us total, 11742 us display, type 3
frame 2500: 41067 us total, 12039 us display, type 3
frame 2501: 40366 us total, 11857 us display, type 3
frame 2502: 41294 us total, 11979 us display, type 3
frame 2503: 40700 us total, 12045 us display, type 3
frame 2504: 40066 us total, 11745 us display, type 3
frame 2505: 42018 us total, 11863 us display, type 3
frame 2506: 41469 us total, 11751 us display, type 3
frame 2507: 41250 us total, 12059 us display, type 3
frame 2508: 40190 us total, 11748 us display, type 3
frame 2509: 41375 us total, 11746 us display, type 3
frame 2510: 40616 us total, 11739 us display, type 3
frame 2511: 40042 us total, 11733 us display, type 3
frame 2512: 42122 us total, 11734 us display, type 3
frame 2513: 42004 us total, 12122 us display, type 3
frame 2514: 40804 us total, 11730 us display, type 3
frame 2515: 40156 us total, 11745 us display, type 3
frame 2516: 41444 us total, 11753 us display, type 3
frame 2517: 40799 us total, 11899 us display, type 3
frame 2518: 40498 us total, 12065 us display, type 3
frame 2519: 41351 us total, 11737 us display, type 3
frame 2520: 41991 us total, 11737 us display, type 3
frame 2521: 41104 us total, 11923 us display, type 3
frame 2522: 40498 us total, 12057 us display, type 3
frame 2523: 40987 us total, 11858 us display, type 3
frame 2524: 41286 us total, 12115 us display, type 3
frame 2525: 40062 us total, 11744 us display, type 3
frame 2526: 41537 us total, 11747 us display, type 3
frame 2527: 41629 us total, 11743 us display, type 3
frame 2528: 41190 us total, 11749 us display, type 3
frame 2529: 40441 us total, 11733 us display, type 3
frame 2530: 41098 us total, 11739 us display, type 3
frame 2531: 40907 us total, 12034 us display, type 3
frame 2532: 40574 us total, 11911 us display, type 3
