ESP-ROM:esp32c6-20220919
Build:Sep 19 2022
rst:0x15 (USB_UART_HPSYS),boot:0x2c (SPI_FAST_FLASH_BOOT)
Saved PC:0x4001a378
SPIWP:0xee
mode:DIO, clock div:2
load:0x40875720,len:0x1a5c
load:0x4086c110,len:0xf58
load:0x4086e610,len:0x3074
entry 0x4086c11a
[0;32mI (23) boot: ESP-IDF v5.3.4 2nd stage bootloader[0m
[0;32mI (23) boot: compile time Sep 14 2026 20:53:10[0m
[0;32mI (24) boot: chip revision: v0.2[0m
[0;32mI (24) boot: efuse block revision: v0.3[0m
[0;32mI (24) qio_mode: Enabling QIO for flash chip WinBond[0m
[0;32mI (24) boot.esp32c6: SPI Speed      : 80MHz[0m
[0;32mI (25) boot.esp32c6: SPI Mode       : QIO[0m
[0;32mI (25) boot.esp32c6: SPI Flash Size : 16MB[0m
[0;32mI (25) boot: Enabling RNG early entropy source...[0m
[0;32mI (26) boot: Partition Table:[0m
[0;32mI (26) boot: ## Label            Usage          Type ST Offset   Length[0m
[0;32mI (26) boot:  0 nvs              WiFi data        01 02 00009000 00006000[0m
[0;32mI (27) boot:  1 phy_init         RF data          01 01 0000f000 00001000[0m
[0;32mI (28) boot:  2 factory          factory app      00 00 00010000 00200000[0m
[0;32mI (28) boot:  3 wad              Unknown data     01 40 00210000 00400000[0m
[0;32mI (29) boot:  4 saves            WiFi data        01 02 00610000 00020000[0m
[0;32mI (29) boot: End of partition table[0m
[0;32mI (30) esp_image: segment 0: paddr=00010020 vaddr=420c0020 size=33eb0h (212656) map[0m
[0;32mI (69) esp_image: segment 1: paddr=00043ed8 vaddr=40800000 size=0c140h ( 49472) load[0m
[0;32mI (79) esp_image: segment 2: paddr=00050020 vaddr=42000020 size=b24cch (730316) map[0m
[0;32mI (211) esp_image: segment 3: paddr=001024f4 vaddr=4080c140 size=0f808h ( 63496) load[0m
[0;32mI (224) esp_image: segment 4: paddr=00111d04 vaddr=4081b950 size=03414h ( 13332) load[0m
[0;32mI (228) esp_image: segment 5: paddr=00115120 vaddr=50000000 size=00004h (     4) load[0m
[0;32mI (235) boot: Loaded app from partition at offset 0x10000[0m
[0;32mI (235) boot: Disabling RNG early entropy source...[0m
[0;32mI (237) cpu_start: Unicore app[0m
[0;32mI (245) cpu_start: Pro cpu start user code[0m
[0;32mI (245) cpu_start: cpu freq: 160000000 Hz[0m
[0;32mI (246) app_init: Application information:[0m
[0;32mI (246) app_init: Project name:     diablito[0m
[0;32mI (246) app_init: App version:      5487ef9-dirty[0m
[0;32mI (246) app_init: Compile time:     Sep 14 2026 23:04:05[0m
[0;32mI (247) app_init: ELF file SHA256:  230cda2cf...[0m
[0;32mI (247) app_init: ESP-IDF:          v5.3.4[0m
[0;32mI (247) efuse_init: Min chip rev:     v0.0[0m
[0;32mI (247) efuse_init: Max chip rev:     v0.99 [0m
[0;32mI (248) efuse_init: Chip rev:         v0.2[0m
[0;32mI (248) heap_init: Initializing. RAM available for dynamic allocation:[0m
[0;32mI (248) heap_init: At 40839850 len 00042DC0 (267 KiB): RAM[0m
[0;32mI (248) heap_init: At 4087C610 len 00002F54 (11 KiB): RAM[0m
[0;32mI (249) heap_init: At 50000004 len 00003FE4 (15 KiB): RTCRAM[0m
[0;32mI (250) spi_flash: detected chip: generic[0m
[0;32mI (250) spi_flash: flash io: qio[0m
[0;33mW (250) i2c: This driver is an old driver, please migrate your application code to adapt `driver/i2c_master.h`[0m
[0;32mI (251) sleep: Configure to isolate all GPIO pins in sleep state[0m
[0;32mI (251) sleep: Enable automatic switching of GPIO sleep configuration[0m
[0;32mI (252) coexist: coex firmware version: a13b09d[0m
[0;32mI (252) coexist: coexist rom version 5b8dcfa[0m
[0;32mI (252) main_task: Started on CPU0[0m
[0;32mI (252) main_task: Calling app_main()[0m
[0;32mI (252) gpio: GPIO[15]| InputEn: 0| OutputEn: 1| OpenDrain: 0| Pullup: 0| Pulldown: 0| Intr:0 [0m
[0;32mI (252) gpio: GPIO[9]| InputEn: 1| OutputEn: 0| OpenDrain: 0| Pullup: 1| Pulldown: 0| Intr:0 [0m
[0;32mI (252) gpio: GPIO[18]| InputEn: 1| OutputEn: 0| OpenDrain: 0| Pullup: 1| Pulldown: 0| Intr:0 [0m
[0;32mI (253) gpio: GPIO[0]| InputEn: 0| OutputEn: 0| OpenDrain: 0| Pullup: 0| Pulldown: 0| Intr:0 [0m
[0;32mI (253) DIABLITO: DIABLITO skeleton, IDF v5.3.4, CPU 160 MHz[0m
[0;32mI (253) DIABLITO: heap at boot: free 270900, largest block 245760, min ever 270900, dma-capable 256300[0m
[0;32mI (254) gpio: GPIO[3]| InputEn: 0| OutputEn: 1| OpenDrain: 0| Pullup: 0| Pulldown: 0| Intr:0 [0m
[0;32mI (254) gpio: GPIO[4]| InputEn: 0| OutputEn: 1| OpenDrain: 0| Pullup: 0| Pulldown: 0| Intr:0 [0m
[0;32mI (758) DISPLAY: ST7789 up: 280x240 landscape, SPI 80 MHz, 2 x 8960 B DMA strips[0m
[0;32mI (758) DIABLITO: heap after display: free 251416, largest block 225280, min ever 251416, dma-capable 236816[0m
[0;32mI (759) DIABLITO: wad partition @0x210000 size 4194304: magic IWHD, 1264 lumps, infotable @36, file 2073676 bytes[0m
[0;32mI (759) DIABLITO: WHD mapped at 0x42100000, header via mmap: IWHD ·©ÔUDOOM1[0m
[0;32mI (760) DIABLITO: heap after wad mmap: free 250784, largest block 225280, min ever 250784, dma-capable 236184[0m
[0;32mI (760) DIABLITO: main task stack high-water: 14904 bytes free[0m
[0;32mI (761) DIABLITO: .bss ends at 0x40839850 (short-pointer window ends at 0x40840000, 26544 bytes spare)[0m
[0;32mI (761) DIABLITO: heap before BLE: free 250784, largest block 225280, min ever 250784, dma-capable 236184[0m
[0;32mI (775) BLE_INIT: Using main XTAL as clock source, chip ver: 2[0m
[0;32mI (775) BLE_INIT: ble controller commit:[ca6c20b][0m
[0;32mI (779) BLE_INIT: Bluetooth MAC: fc:01:2c:fd:fc:b2[0m
[0;32mI (779) phy_init: phy_version 341,a6c8fe6,Jul 30 2025,18:34:11[0m
[0;32mI (873) phy: libbtbb version: a945109, Jul 30 2025, 18:34:25[0m
[0;32mI (880) PAD: init, saved controller: yes[0m
[0;32mI (909) PAD: found  78:86:2e:8f:59:f6 rssi -57[0m
[0;32mI (1081) DIABLITO: heap after BLE init: free 211776, largest block 184320, min ever 211776, dma-capable 197176[0m
[0;32mI (1081) DIABLITO: starting Doom[0m
                          DIABLITO Doom 3.0.0
Z_Init: Init zone memory allocation daemon. 
zone memory: 0x40826e98, 10000 allocated for zone
M_LoadDefaults: Load system defaults.
W_Init: Init WADfiles.
===========================================================================
                            DOOM Shareware
===========================================================================
 DIABLITO Doom is free software, covered by the GNU General Public
 License.  There is NO warranty; not even for MERCHANTABILITY or FITNESS
 FOR A PARTICULAR PURPOSE. You are welcome to change and distribute
 copies under certain conditions. See the source for more information.
===========================================================================
I_Init: Setting up machine state.
[0;32mI (1133) AUDIO: ES8311 + I2S: 22050 Hz, 2 ch, ring 8192 bytes (92 ms)[0m
M_Init: Init miscellaneous info.
R_Init: Init DOOM refresh daemon - .........
P_Init: Init Playloop state.
S_Init: Setting up sound.
D_CheckNetGame: Checking network game status.
Emulating the behavior of the 'Doom 1.9' executable.
HU_Init: Setting up heads up display.
ST_Init: Init status bar.
frame 2: 29631 us total, 11701 us display, type 4
frame 3: 11924 us total, 11655 us display, type 4
frame 4: 22240 us total, 11633 us display, type 4
frame 5: 28042 us total, 11646 us display, type 4
frame 6: 28952 us total, 11633 us display, type 4
frame 7: 28266 us total, 11681 us display, type 4
frame 8: 28766 us total, 11632 us display, type 4
[0;32mI (1376) NimBLE: Connection established [0m
[0;32mI (1377) NIMBLE_HIDH: pairing for encrypted link (rc=0)[0m
frame 9: 28162 us total, 11687 us display, type 4
frame 10: 30015 us total, 12800 us display, type 4
frame 11: 27987 us total, 11659 us display, type 4
[0;32mI (1475) NimBLE: mtu update event; conn_handle=0 cid=4 mtu=23
[0m
frame 12: 27947 us total, 11666 us display, type 4
frame 13: 28909 us total, 11640 us display, type 4
frame 14: 28081 us total, 11668 us display, type 4
frame 15: 29109 us total, 11828 us display, type 4
frame 16: 27856 us total, 11645 us display, type 4
[0;32mI (1626) NIMBLE_HIDH: encryption change: status=0[0m
frame 17: 30257 us total, 12995 us display, type 4
frame 18: 27881 us total, 11656 us display, type 4
frame 19: 27900 us total, 11671 us display, type 4
frame 20: 28925 us total, 11638 us display, type 4
[0;32mI (1725) NIMBLE_HIDH: service 0x1800 handles 1-7[0m
[0;32mI (1725) NIMBLE_HIDH: service 0x1801 handles 8-8[0m
[0;32mI (1726) NIMBLE_HIDH: service 0x180a handles 9-17[0m
frame 21: 28149 us total, 11685 us display, type 4
frame 22: 29304 us total, 12144 us display, type 4
frame 23: 27665 us total, 11662 us display, type 4
[0;32mI (1825) NIMBLE_HIDH: service 0x180f handles 18-21[0m
[0;32mI (1825) NIMBLE_HIDH: service 0x1812 handles 22-35[0m
frame 24: 29822 us total, 12603 us display, type 4
frame 25: 28131 us total, 11656 us display, type 4
frame 26: 28059 us total, 11673 us display, type 4
frame 27: 28813 us total, 11633 us display, type 4
[0;32mI (1925) NIMBLE_HIDH: service 00000001-5f60-4c4f-9c83-a7953298d40d handles 36-42[0m
frame 28: 28206 us total, 11677 us display, type 4
frame 29: 29337 us total, 12148 us display, type 4
frame 30: 27590 us total, 11654 us display, type 4
frame 31: 29415 us total, 12140 us display, type 4
frame 32: 29141 us total, 12185 us display, type 4
frame 33: 27963 us total, 12095 us display, type 4
[0;32mI (2116) NimBLE: Read complete; status=0 conn_handle=0[0m
frame 34: 29313 us total, 12421 us display, type 4
[0;32mI (2146) NimBLE: Read complete; status=0 conn_handle=0[0m
[0;32mI (2146) NimBLE: Read complete; status=14 conn_handle=0[0m
frame 35: 28230 us total, 12708 us display, type 4
frame 36: 28664 us total, 12317 us display, type 4
frame 37: 27357 us total, 11670 us display, type 4
frame 38: 28974 us total, 11685 us display, type 4
frame 39: 29381 us total, 12052 us display, type 4
frame 40: 27640 us total, 11720 us display, type 4
[0;32mI (2296) NimBLE: Read complete; status=0 conn_handle=0[0m
[0;32mI (2296) NimBLE: Read complete; status=14 conn_handle=0[0m
frame 41: 29118 us total, 11796 us display, type 4
[0;32mI (2326) NimBLE: Read complete; status=0 conn_handle=0[0m
[0;32mI (2326) NimBLE: Read complete; status=14 conn_handle=0[0m
frame 42: 28141 us total, 11930 us display, type 4
[0;32mI (2356) NimBLE: Read complete; status=0 conn_handle=0[0m
[0;32mI (2356) NimBLE: Read complete; status=14 conn_handle=0[0m
frame 43: 28713 us total, 11692 us display, type 4
frame 44: 28052 us total, 11676 us display, type 4
frame 45: 28928 us total, 11677 us display, type 4
frame 46: 29062 us total, 11681 us display, type 4
frame 47: 28010 us total, 11682 us display, type 4
frame 48: 28952 us total, 11684 us display, type 4
frame 49: 28793 us total, 12520 us display, type 4
[0;32mI (2565) NimBLE: Read complete; status=0 conn_handle=0[0m
frame 50: 28808 us total, 12254 us display, type 4
frame 51: 27343 us total, 11661 us display, type 4
[0;32mI (2611) NimBLE: Read complete; status=0 conn_handle=0[0m
frame 52: 29194 us total, 11802 us display, type 4
[0;32mI (2640) NimBLE: Read complete; status=0 conn_handle=0[0m
frame 53: 28979 us total, 11817 us display, type 4
[0;32mI (2670) NimBLE: Read complete; status=0 conn_handle=0[0m
frame 54: 28048 us total, 11810 us display, type 4
[0;32mI (2700) NimBLE: Read complete; status=0 conn_handle=0[0m
frame 55: 29002 us total, 11818 us display, type 4
[0;32mI (2730) NimBLE: Read complete; status=0 conn_handle=0[0m
frame 56: 28034 us total, 11904 us display, type 4
[0;32mI (2760) NimBLE: Read complete; status=0 conn_handle=0[0m
frame 57: 29090 us total, 11942 us display, type 4
[0;32mI (2790) NimBLE: Read complete; status=0 conn_handle=0[0m
frame 58: 27684 us total, 11677 us display, type 4
[0;32mI (2820) NimBLE: Read complete; status=0 conn_handle=0[0m
frame 59: 29054 us total, 11675 us display, type 4
[0;32mI (2850) NimBLE: Read complete; status=0 conn_handle=0[0m
frame 60: 29926 us total, 11677 us display, type 4
[0;32mI (2881) NimBLE: Read complete; status=0 conn_handle=0[0m
frame 61: 27770 us total, 12477 us display, type 4
[0;32mI (2910) NimBLE: Read complete; status=0 conn_handle=0[0m
frame 62: 28856 us total, 12225 us display, type 4
[0;32mI (2940) NimBLE: Read complete; status=0 conn_handle=0[0m
[0;32mI (2940) NimBLE: Read complete; status=14 conn_handle=0[0m
frame 63: 28365 us total, 12600 us display, type 4
frame 64: 28561 us total, 12203 us display, type 4
[0;32mI (3000) NimBLE: Read complete; status=0 conn_handle=0[0m
[0;32mI (3000) NimBLE: Read complete; status=14 conn_handle=0[0m
frame 65: 28522 us total, 12674 us display, type 4
frame 66: 28594 us total, 12310 us display, type 4
[0;32mI (3060) NimBLE: Read complete; status=0 conn_handle=0[0m
[0;32mI (3060) NimBLE: Read complete; status=14 conn_handle=0[0m
[0;32mI (3061) NIMBLE_HIDH: attaching listeners, battery handle 20 ccc 21[0m
[0;32mI (3062) PAD: report map: 22 input fields[0m
[0;32mI (3062) PAD:   field rid 1 page 1 usage 0x30 bits 16 @0 logical 0..65535[0m
[0;32mI (3063) PAD:   field rid 1 page 1 usage 0x31 bits 16 @16 logical 0..65535[0m
[0;32mI (3063) PAD:   field rid 1 page 1 usage 0x32 bits 16 @32 logical 0..65535[0m
[0;32mI (3064) PAD:   field rid 1 page 1 usage 0x35 bits 16 @48 logical 0..65535[0m
[0;32mI (3064) PAD:   field rid 1 page 2 usage 0xc5 bits 10 @64 logical 0..1023[0m
[0;32mI (3064) PAD:   field rid 1 page 2 usage 0xc4 bits 10 @80 logical 0..1023[0m
[0;32mI (3065) PAD:   field rid 1 page 1 usage 0x39 bits 4 @96 logical 1..8[0m
[0;32mI (3065) PAD:   field rid 1 page 9 usage 0x01 bits 1 @104 logical 0..1[0m
[0;32mI (3065) PAD:   field rid 1 page 9 usage 0x02 bits 1 @105 logical 0..1[0m
[0;32mI (3065) PAD:   field rid 1 page 9 usage 0x03 bits 1 @106 logical 0..1[0m
[0;32mI (3066) PAD:   field rid 1 page 9 usage 0x04 bits 1 @107 logical 0..1[0m
[0;32mI (3066) PAD:   field rid 1 page 9 usage 0x05 bits 1 @108 logical 0..1[0m
[0;32mI (3066) PAD:   field rid 1 page 9 usage 0x06 bits 1 @109 logical 0..1[0m
[0;32mI (3067) PAD:   field rid 1 page 9 usage 0x07 bits 1 @110 logical 0..1[0m
[0;32mI (3067) PAD:   field rid 1 page 9 usage 0x08 bits 1 @111 logical 0..1[0m
[0;32mI (3067) PAD:   field rid 1 page 9 usage 0x09 bits 1 @112 logical 0..1[0m
[0;32mI (3068) PAD:   field rid 1 page 9 usage 0x0a bits 1 @113 logical 0..1[0m
[0;32mI (3068) PAD:   field rid 1 page 9 usage 0x0b bits 1 @114 logical 0..1[0m
[0;32mI (3068) PAD:   field rid 1 page 9 usage 0x0c bits 1 @115 logical 0..1[0m
[0;32mI (3069) PAD:   field rid 1 page 9 usage 0x0d bits 1 @116 logical 0..1[0m
[0;32mI (3069) PAD:   field rid 1 page 9 usage 0x0e bits 1 @117 logical 0..1[0m
[0;32mI (3069) PAD:   field rid 1 page 9 usage 0x0f bits 1 @118 logical 0..1[0m
[0;32mI (3070) PAD:   rid 1 page 1 usage 30 bit 0 size 16 [0..65535][0m
[0;32mI (3070) PAD:   rid 1 page 1 usage 31 bit 16 size 16 [0..65535][0m
[0;32mI (3070) PAD:   rid 1 page 1 usage 32 bit 32 size 16 [0..65535][0m
[0;32mI (3071) PAD:   rid 1 page 1 usage 35 bit 48 size 16 [0..65535][0m
[0;32mI (3071) PAD:   rid 1 page 2 usage c5 bit 64 size 10 [0..1023][0m
[0;32mI (3071) PAD:   rid 1 page 2 usage c4 bit 80 size 10 [0..1023][0m
[0;32mI (3071) PAD:   rid 1 page 1 usage 39 bit 96 size 4 [1..8][0m
[0;32mI (3072) PAD:   rid 1 page 9 usage 1 bit 104 size 1 [0..1][0m
[0;32mI (3072) PAD:   rid 1 page 9 usage 2 bit 105 size 1 [0..1][0m
[0;32mI (3072) PAD:   rid 1 page 9 usage 3 bit 106 size 1 [0..1][0m
[0;32mI (3073) PAD:   rid 1 page 9 usage 4 bit 107 size 1 [0..1][0m
[0;32mI (3073) PAD:   rid 1 page 9 usage 5 bit 108 size 1 [0..1][0m
[0;32mI (3073) PAD:   rid 1 page 9 usage 6 bit 109 size 1 [0..1][0m
[0;32mI (3073) PAD:   rid 1 page 9 usage 7 bit 110 size 1 [0..1][0m
[0;32mI (3074) PAD:   rid 1 page 9 usage 8 bit 111 size 1 [0..1][0m
[0;32mI (3074) PAD:   rid 1 page 9 usage 9 bit 112 size 1 [0..1][0m
[0;32mI (3074) PAD:   rid 1 page 9 usage a bit 113 size 1 [0..1][0m
[0;32mI (3075) PAD:   rid 1 page 9 usage b bit 114 size 1 [0..1][0m
[0;32mI (3075) PAD:   rid 1 page 9 usage c bit 115 size 1 [0..1][0m
[0;32mI (3075) PAD:   rid 1 page 9 usage d bit 116 size 1 [0..1][0m
[0;32mI (3076) PAD:   rid 1 page 9 usage e bit 117 size 1 [0..1][0m
[0;32mI (3076) PAD:   rid 1 page 9 usage f bit 118 size 1 [0..1][0m
[0;32mI (3077) PAD: connected: Xbox Wireless Controller[0m
gamepad connected: Xbox Wireless Controller
frame 67: 46055 us total, 29319 us display, type 4
[0;32mI (3090) NimBLE: Subscribe complete; status=259 conn_handle=0 attr_handle=20
[0m
frame 68: 12792 us total, 12553 us display, type 4
frame 69: 26545 us total, 11689 us display, type 4
[0;32mI (3120) NIMBLE_HIDH: write complete; status=0 attr_handle=21[0m
[0;32mI (3120) NIMBLE_HIDH: report id 3 type 2 mode 1 perms 0xe handle 34 ccc 0[0m
[0;32mI (3121) NIMBLE_HIDH: report id 1 type 1 mode 1 perms 0x12 handle 30 ccc 31[0m
frame 70: 28783 us total, 12473 us display, type 4
[0;32mI (3150) NimBLE: Subscribe complete; status=259 conn_handle=0 attr_handle=30
[0m
[0;32mI (3150) NIMBLE_HIDH:   notify registered[0m
frame 71: 28849 us total, 12336 us display, type 4
[0;32mI (3180) NIMBLE_HIDH: write complete; status=0 attr_handle=31[0m
[0;32mI (3180) NIMBLE_HIDH:   ccc written[0m
[0;32mI (3180) NIMBLE_HIDH: listeners attached[0m
frame 72: 27405 us total, 11721 us display, type 4
frame 73: 28966 us total, 11697 us display, type 4
frame 74: 29053 us total, 11803 us display, type 4
frame 75: 28245 us total, 12003 us display, type 4
frame 76: 28990 us total, 11988 us display, type 4
frame 77: 27630 us total, 11670 us display, type 4
frame 78: 29038 us total, 11658 us display, type 4
frame 79: 27943 us total, 11651 us display, type 4
frame 80: 29073 us total, 11670 us display, type 4
frame 81: 28997 us total, 11670 us display, type 4
frame 82: 27857 us total, 11642 us display, type 4
frame 83: 29043 us total, 11645 us display, type 4
frame 84: 27969 us total, 11651 us display, type 4
frame 85: 29031 us total, 11645 us display, type 4
frame 86: 28009 us total, 11646 us display, type 4
frame 87: 28960 us total, 11651 us display, type 4
frame 88: 29031 us total, 11645 us display, type 4
frame 89: 28107 us total, 11744 us display, type 4
frame 90: 28869 us total, 11658 us display, type 4
frame 91: 28024 us total, 11645 us display, type 4
frame 92: 28959 us total, 11643 us display, type 4
frame 93: 28048 us total, 11652 us display, type 4
frame 94: 29002 us total, 11645 us display, type 4
frame 95: 28960 us total, 11651 us display, type 4
frame 96: 28044 us total, 11645 us display, type 4
frame 97: 28959 us total, 11652 us display, type 4
frame 98: 28030 us total, 11645 us display, type 4
frame 99: 29025 us total, 11665 us display, type 4
frame 100: 27942 us total, 11651 us display, type 4
frame 101: 29031 us total, 11645 us display, type 4
frame 102: 29009 us total, 11646 us display, type 4
frame 103: 27950 us total, 11643 us display, type 4
frame 104: 29041 us total, 11645 us display, type 4
frame 105: 27969 us total, 11651 us display, type 4
frame 106: 29038 us total, 11645 us display, type 4
frame 107: 28001 us total, 11646 us display, type 4
frame 108: 28961 us total, 11651 us display, type 4
frame 109: 29031 us total, 11645 us display, type 4
frame 110: 28075 us total, 11757 us display, type 4
frame 111: 28925 us total, 11645 us display, type 4
frame 112: 28008 us total, 11645 us display, type 4
frame 113: 28951 us total, 11643 us display, type 4
frame 114: 28041 us total, 11645 us display, type 4
frame 115: 29008 us total, 11645 us display, type 4
frame 116: 28961 us total, 11651 us display, type 4
frame 117: 28031 us total, 11645 us display, type 4
frame 118: 28970 us total, 11651 us display, type 4
frame 119: 28037 us total, 11652 us display, type 4
frame 120: 29019 us total, 11664 us display, type 4
frame 121: 27943 us total, 11651 us display, type 4
frame 122: 29031 us total, 11645 us display, type 4
frame 123: 28969 us total, 11651 us display, type 4
frame 124: 28029 us total, 11645 us display, type 4
frame 125: 29010 us total, 11646 us display, type 4
frame 126: 27962 us total, 11652 us display, type 4
frame 127: 29030 us total, 11645 us display, type 4
profile (avg of 128 frames, ms): logic+bsp 0.0 wait-fb 0.0 vp-mark 0.0 flats 0.0 columns 0.0 fuzz 0.0
frame 128: 28603 us total, 11660 us display, type 4
frame 129: 28369 us total, 11652 us display, type 4
frame 130: 29028 us total, 11645 us display, type 4
frame 131: 28086 us total, 11765 us display, type 4
frame 132: 28925 us total, 11645 us display, type 4
frame 133: 27995 us total, 11645 us display, type 4
frame 134: 28949 us total, 11643 us display, type 4
frame 135: 28045 us total, 11645 us display, type 4
frame 136: 28969 us total, 11651 us display, type 4
frame 137: 29031 us total, 11645 us display, type 4
frame 138: 28006 us total, 11646 us display, type 4
frame 139: 28951 us total, 11644 us display, type 4
frame 140: 28047 us total, 11649 us display, type 4
frame 141: 29022 us total, 11666 us display, type 4
frame 142: 27932 us total, 11645 us display, type 4
frame 143: 29042 us total, 11645 us display, type 4
frame 144: 28969 us total, 11651 us display, type 4
frame 145: 28029 us total, 11644 us display, type 4
frame 146: 29007 us total, 11645 us display, type 4
frame 147: 27952 us total, 11644 us display, type 4
frame 148: 29043 us total, 11645 us display, type 4
frame 149: 27969 us total, 11651 us display, type 4
frame 150: 29032 us total, 11645 us display, type 4
frame 151: 29004 us total, 11645 us display, type 4
frame 152: 28056 us total, 11748 us display, type 4
frame 153: 28939 us total, 11645 us display, type 4
frame 154: 28005 us total, 11645 us display, type 4
frame 155: 28949 us total, 11643 us display, type 4
frame 156: 28053 us total, 11646 us display, type 4
frame 157: 28962 us total, 11651 us display, type 4
frame 158: 29046 us total, 11659 us display, type 4
frame 159: 27990 us total, 11645 us display, type 4
frame 160: 28952 us total, 11644 us display, type 4
frame 161: 28050 us total, 11652 us display, type 4
frame 162: 29016 us total, 11705 us display, type 4
frame 163: 27977 us total, 11645 us display, type 4
frame 164: 29005 us total, 11645 us display, type 4
frame 165: 28952 us total, 11644 us display, type 4
frame 166: 28050 us total, 11644 us display, type 4
frame 167: 29005 us total, 11646 us display, type 4
frame 168: 27958 us total, 11652 us display, type 4
frame 169: 59725 us total, 12407 us display, type 5
frame 170: 12693 us total, 12222 us display, type 5
frame 171: 12550 us total, 12205 us display, type 5
frame 172: 12589 us total, 12151 us display, type 5
frame 173: 12634 us total, 12254 us display, type 5
frame 174: 12683 us total, 12246 us display, type 5
frame 175: 12586 us total, 12204 us display, type 5
frame 176: 12644 us total, 12237 us display, type 5
frame 177: 12574 us total, 12202 us display, type 5
frame 178: 12556 us total, 12151 us display, type 5
frame 179: 12599 us total, 12135 us display, type 5
frame 180: 12593 us total, 12209 us display, type 5
frame 181: 12622 us total, 12240 us display, type 5
frame 182: 12602 us total, 12209 us display, type 5
frame 183: 12649 us total, 12237 us display, type 5
frame 184: 12519 us total, 12145 us display, type 5
frame 185: 12628 us total, 12138 us display, type 5
frame 186: 12597 us total, 12223 us display, type 5
frame 187: 12640 us total, 12234 us display, type 5
frame 188: 12603 us total, 12204 us display, type 5
frame 189: 12582 us total, 12211 us display, type 5
frame 190: 12661 us total, 12242 us display, type 5
frame 191: 12530 us total, 12142 us display, type 5
frame 192: 12656 us total, 12225 us display, type 5
frame 193: 12610 us total, 12222 us display, type 5
frame 194: 12632 us total, 12232 us display, type 5
frame 195: 12612 us total, 12207 us display, type 5
frame 196: 12593 us total, 12206 us display, type 5
frame 197: 12567 us total, 12148 us display, type 5
frame 198: 12640 us total, 12142 us display, type 5
frame 199: 12611 us total, 12224 us display, type 5
frame 200: 12606 us total, 12203 us display, type 5
frame 201: 20850 us total, 12195 us display, type 5
frame 202: 12680 us total, 12202 us display, type 5
frame 203: 12683 us total, 12221 us display, type 5
frame 204: 12615 us total, 12214 us display, type 5
frame 205: 12602 us total, 12224 us display, type 5
frame 206: 12614 us total, 12210 us display, type 5
frame 207: 12557 us total, 12141 us display, type 5
frame 208: 12635 us total, 12240 us display, type 5
frame 209: 13757 us total, 12317 us display, type 5
frame 210: 12654 us total, 12216 us display, type 5
frame 211: 12617 us total, 12200 us display, type 5
frame 212: 12675 us total, 12235 us display, type 5
frame 213: 12606 us total, 12216 us display, type 5
frame 214: 12542 us total, 12140 us display, type 5
frame 215: 12620 us total, 12234 us display, type 5
frame 216: 12621 us total, 12216 us display, type 5
frame 217: 12607 us total, 12201 us display, type 5
frame 218: 12642 us total, 12227 us display, type 5
frame 219: 12607 us total, 12213 us display, type 5
frame 220: 12531 us total, 12137 us display, type 5
frame 221: 12644 us total, 12243 us display, type 5
frame 222: 12602 us total, 12196 us display, type 5
frame 223: 12635 us total, 12228 us display, type 5
frame 224: 12608 us total, 12212 us display, type 5
frame 225: 12640 us total, 12226 us display, type 5
frame 226: 12510 us total, 12151 us display, type 5
frame 227: 12612 us total, 12135 us display, type 5
frame 228: 12606 us total, 12233 us display, type 5
frame 229: 12578 us total, 12212 us display, type 5
frame 230: 12640 us total, 12229 us display, type 5
frame 231: 12554 us total, 12214 us display, type 5
frame 232: 12547 us total, 12140 us display, type 5
frame 233: 12615 us total, 12145 us display, type 5
frame 234: 12638 us total, 12228 us display, type 5
frame 235: 12579 us total, 12205 us display, type 5
frame 236: 12565 us total, 12203 us display, type 5
frame 237: 12740 us total, 12340 us display, type 5
frame 238: 12597 us total, 12213 us display, type 5
frame 239: 12548 us total, 12140 us display, type 5
frame 240: 12612 us total, 12235 us display, type 5
frame 241: 12579 us total, 12221 us display, type 5
frame 242: 12214 us total, 11672 us display, type 3
frame 243: 32546 us total, 11979 us display, type 3
frame 244: 27258 us total, 11707 us display, type 3
frame 245: 28135 us total, 12074 us display, type 3
frame 246: 27526 us total, 11897 us display, type 3
frame 247: 28055 us total, 11712 us display, type 3
frame 248: 29305 us total, 11706 us display, type 3
frame 249: 29066 us total, 11703 us display, type 3
frame 250: 29716 us total, 11710 us display, type 3
frame 251: 29809 us total, 11719 us display, type 3
frame 252: 29977 us total, 11709 us display, type 3
frame 253: 29626 us total, 11704 us display, type 3
frame 254: 29908 us total, 11727 us display, type 3
frame 255: 29323 us total, 11884 us display, type 3
profile (avg of 128 frames, ms): logic+bsp 1.4 wait-fb 0.0 vp-mark 0.4 flats 1.1 columns 0.7 fuzz 0.0
frame 256: 29936 us total, 11908 us display, type 3
audio: 74 underruns, 46 ms queued
mem @frame 256: heap free 27552, largest 14592, min ever 27052, zone free 41244, display stack free 4400, uptime 7 s, gamestate 0, demo 1, usergame 0, tic 190
frame 257: 31993 us total, 11716 us display, type 3
frame 258: 29461 us total, 11722 us display, type 3
frame 259: 29296 us total, 11711 us display, type 3
frame 260: 28953 us total, 11709 us display, type 3
frame 261: 29968 us total, 11721 us display, type 3
frame 262: 29561 us total, 11726 us display, type 3
frame 263: 29368 us total, 11709 us display, type 3
frame 264: 28351 us total, 11718 us display, type 3
frame 265: 28572 us total, 11993 us display, type 3
frame 266: 29075 us total, 11961 us display, type 3
frame 267: 28278 us total, 11718 us display, type 3
frame 268: 28589 us total, 11802 us display, type 3
frame 269: 28995 us total, 11887 us display, type 3
frame 270: 28848 us total, 11723 us display, type 3
frame 271: 30841 us total, 11900 us display, type 3
frame 272: 30751 us total, 11955 us display, type 3
frame 273: 30620 us total, 11804 us display, type 3
frame 274: 31408 us total, 11713 us display, type 3
frame 275: 31673 us total, 11771 us display, type 3
frame 276: 31823 us total, 12060 us display, type 3
frame 277: 29435 us total, 11712 us display, type 3
frame 278: 28958 us total, 11714 us display, type 3
frame 279: 28858 us total, 11976 us display, type 3
frame 280: 27385 us total, 11797 us display, type 3
frame 281: 27471 us total, 11710 us display, type 3
frame 282: 26102 us total, 11711 us display, type 3
frame 283: 25894 us total, 12048 us display, type 3
frame 284: 25370 us total, 12062 us display, type 3
frame 285: 24257 us total, 12021 us display, type 3
frame 286: 24439 us total, 11987 us display, type 3
frame 287: 22414 us total, 11712 us display, type 3
frame 288: 21468 us total, 11694 us display, type 3
frame 289: 25608 us total, 11714 us display, type 3
frame 290: 25656 us total, 11693 us display, type 3
frame 291: 28489 us total, 11991 us display, type 3
frame 292: 27145 us total, 11701 us display, type 3
frame 293: 27524 us total, 11686 us display, type 3
frame 294: 28479 us total, 11693 us display, type 3
frame 295: 28352 us total, 11694 us display, type 3
frame 296: 27986 us total, 11686 us display, type 3
frame 297: 27656 us total, 12051 us display, type 3
frame 298: 27928 us total, 11966 us display, type 3
frame 299: 30166 us total, 11686 us display, type 3
frame 300: 28952 us total, 11693 us display, type 3
frame 301: 26758 us total, 11694 us display, type 3
frame 302: 29693 us total, 11687 us display, type 3
frame 303: 27416 us total, 11700 us display, type 3
frame 304: 30061 us total, 11693 us display, type 3
frame 305: 28647 us total, 11701 us display, type 3
frame 306: 27029 us total, 11692 us display, type 3
frame 307: 30207 us total, 11692 us display, type 3
frame 308: 27000 us total, 11998 us display, type 3
frame 309: 33161 us total, 11693 us display, type 3
frame 310: 30714 us total, 11700 us display, type 3
frame 311: 29420 us total, 11700 us display, type 3
frame 312: 30566 us total, 11706 us display, type 3
frame 313: 29404 us total, 11699 us display, type 3
frame 314: 28996 us total, 11704 us display, type 3
frame 315: 29676 us total, 11713 us display, type 3
frame 316: 29663 us total, 11703 us display, type 3
frame 317: 27348 us total, 11710 us display, type 3
frame 318: 29078 us total, 11883 us display, type 3
frame 319: 28120 us total, 11730 us display, type 3
frame 320: 31948 us total, 11946 us display, type 3
frame 321: 31866 us total, 11782 us display, type 3
frame 322: 28265 us total, 11723 us display, type 3
frame 323: 30065 us total, 11720 us display, type 3
frame 324: 33280 us total, 11718 us display, type 3
frame 325: 29422 us total, 11983 us display, type 3
frame 326: 31984 us total, 11714 us display, type 3
frame 327: 34143 us total, 11822 us display, type 3
frame 328: 29696 us total, 11778 us display, type 3
frame 329: 32627 us total, 11801 us display, type 3
frame 330: 31964 us total, 11709 us display, type 3
frame 331: 33183 us total, 11717 us display, type 3
frame 332: 30663 us total, 11712 us display, type 3
frame 333: 33267 us total, 11715 us display, type 3
frame 334: 32481 us total, 11942 us display, type 3
frame 335: 29740 us total, 12012 us display, type 3
frame 336: 31858 us total, 11929 us display, type 3
frame 337: 33941 us total, 11710 us display, type 3
frame 338: 31604 us total, 11831 us display, type 3
frame 339: 34987 us total, 11714 us display, type 3
frame 340: 38175 us total, 12056 us display, type 3
frame 341: 37091 us total, 11711 us display, type 3
frame 342: 33797 us total, 11798 us display, type 3
frame 343: 35951 us total, 11908 us display, type 3
frame 344: 36913 us total, 11723 us display, type 3
frame 345: 38093 us total, 11976 us display, type 3
frame 346: 36655 us total, 12087 us display, type 3
frame 347: 35162 us total, 11714 us display, type 3
frame 348: 38991 us total, 11705 us display, type 3
frame 349: 37370 us total, 11716 us display, type 3
frame 350: 40350 us total, 11951 us display, type 3
frame 351: 38322 us total, 11914 us display, type 3
frame 352: 35906 us total, 11892 us display, type 3
frame 353: 40606 us total, 11702 us display, type 3
frame 354: 38053 us total, 11715 us display, type 3
frame 355: 41177 us total, 12024 us display, type 3
frame 356: 38781 us total, 11711 us display, type 3
frame 357: 39933 us total, 12011 us display, type 3
frame 358: 37992 us total, 11709 us display, type 3
frame 359: 42029 us total, 11709 us display, type 3
frame 360: 40289 us total, 11712 us display, type 3
frame 361: 43032 us total, 11721 us display, type 3
frame 362: 42026 us total, 11718 us display, type 3
frame 363: 42034 us total, 11704 us display, type 3
frame 364: 38667 us total, 11725 us display, type 3
frame 365: 35967 us total, 11722 us display, type 3
frame 366: 31458 us total, 11710 us display, type 3
frame 367: 33732 us total, 11782 us display, type 3
frame 368: 32868 us total, 11722 us display, type 3
frame 369: 32711 us total, 11720 us display, type 3
frame 370: 32367 us total, 11706 us display, type 3
frame 371: 32500 us total, 11716 us display, type 3
frame 372: 33617 us total, 11946 us display, type 3
frame 373: 30004 us total, 12069 us display, type 3
frame 374: 30677 us total, 11899 us display, type 3
frame 375: 31171 us total, 12005 us display, type 3
frame 376: 29085 us total, 12028 us display, type 3
frame 377: 30384 us total, 11800 us display, type 3
frame 378: 30229 us total, 11802 us display, type 3
frame 379: 30448 us total, 11726 us display, type 3
frame 380: 29994 us total, 11714 us display, type 3
frame 381: 29336 us total, 11801 us display, type 3
frame 382: 29839 us total, 11795 us display, type 3
frame 383: 29759 us total, 11961 us display, type 3
profile (avg of 128 frames, ms): logic+bsp 7.9 wait-fb 0.0 vp-mark 1.8 flats 4.5 columns 8.5 fuzz 0.0
frame 384: 30000 us total, 11825 us display, type 3
frame 385: 29483 us total, 11904 us display, type 3
frame 386: 29086 us total, 11726 us display, type 3
frame 387: 29776 us total, 11732 us display, type 3
frame 388: 29180 us total, 11721 us display, type 3
frame 389: 32966 us total, 11798 us display, type 3
frame 390: 29517 us total, 11778 us display, type 3
frame 391: 30997 us total, 11710 us display, type 3
frame 392: 30312 us total, 11716 us display, type 3
frame 393: 30042 us total, 11723 us display, type 3
frame 394: 30500 us total, 11780 us display, type 3
frame 395: 30932 us total, 12081 us display, type 3
frame 396: 30201 us total, 11711 us display, type 3
frame 397: 30720 us total, 11767 us display, type 3
frame 398: 31847 us total, 11892 us display, type 3
frame 399: 30148 us total, 11726 us display, type 3
frame 400: 30985 us total, 11720 us display, type 3
frame 401: 35948 us total, 11699 us display, type 3
frame 402: 33288 us total, 11906 us display, type 3
frame 403: 33174 us total, 11713 us display, type 3
frame 404: 33760 us total, 11707 us display, type 3
frame 405: 33967 us total, 11716 us display, type 3
frame 406: 32334 us total, 11873 us display, type 3
frame 407: 36398 us total, 11780 us display, type 3
frame 408: 34594 us total, 11713 us display, type 3
frame 409: 33917 us total, 12037 us display, type 3
frame 410: 34627 us total, 11986 us display, type 3
frame 411: 35492 us total, 11986 us display, type 3
frame 412: 36014 us total, 11795 us display, type 3
frame 413: 33760 us total, 11711 us display, type 3
frame 414: 34811 us total, 11713 us display, type 3
frame 415: 36325 us total, 11791 us display, type 3
frame 416: 35792 us total, 11714 us display, type 3
frame 417: 35658 us total, 11729 us display, type 3
frame 418: 33446 us total, 12006 us display, type 3
frame 419: 34637 us total, 11919 us display, type 3
frame 420: 34647 us total, 11967 us display, type 3
frame 421: 35721 us total, 12077 us display, type 3
frame 422: 31848 us total, 11707 us display, type 3
frame 423: 34122 us total, 11707 us display, type 3
frame 424: 33793 us total, 11717 us display, type 3
frame 425: 31704 us total, 11720 us display, type 3
frame 426: 33072 us total, 11875 us display, type 3
frame 427: 30958 us total, 11788 us display, type 3
frame 428: 31354 us total, 12059 us display, type 3
frame 429: 32026 us total, 11710 us display, type 3
frame 430: 32604 us total, 12113 us display, type 3
frame 431: 31900 us total, 11717 us display, type 3
frame 432: 34181 us total, 11713 us display, type 3
frame 433: 33357 us total, 11909 us display, type 3
frame 434: 34638 us total, 12021 us display, type 3
frame 435: 32223 us total, 11707 us display, type 3
frame 436: 32782 us total, 11711 us display, type 3
frame 437: 32550 us total, 12073 us display, type 3
frame 438: 33739 us total, 11836 us display, type 3
frame 439: 33781 us total, 11710 us display, type 3
frame 440: 36304 us total, 11706 us display, type 3
frame 441: 34922 us total, 12034 us display, type 3
frame 442: 34876 us total, 11714 us display, type 3
frame 443: 35819 us total, 11713 us display, type 3
frame 444: 36352 us total, 11714 us display, type 3
frame 445: 35725 us total, 11972 us display, type 3
frame 446: 35609 us total, 11799 us display, type 3
frame 447: 34396 us total, 11784 us display, type 3
frame 448: 36576 us total, 11714 us display, type 3
frame 449: 35674 us total, 11719 us display, type 3
frame 450: 35064 us total, 11708 us display, type 3
frame 451: 33624 us total, 11719 us display, type 3
frame 452: 35352 us total, 12071 us display, type 3
frame 453: 32782 us total, 11860 us display, type 3
frame 454: 31982 us total, 11709 us display, type 3
frame 455: 30935 us total, 11701 us display, type 3
frame 456: 32234 us total, 11702 us display, type 3
frame 457: 34289 us total, 11958 us display, type 3
frame 458: 29992 us total, 11929 us display, type 3
frame 459: 31286 us total, 11888 us display, type 3
frame 460: 37051 us total, 11898 us display, type 3
frame 461: 34364 us total, 11708 us display, type 3
frame 462: 32571 us total, 11719 us display, type 3
frame 463: 36591 us total, 11702 us display, type 3
frame 464: 35669 us total, 11704 us display, type 3
frame 465: 35254 us total, 12002 us display, type 3
frame 466: 32022 us total, 11703 us display, type 3
frame 467: 33105 us total, 11709 us display, type 3
frame 468: 33243 us total, 11934 us display, type 3
frame 469: 31447 us total, 11707 us display, type 3
frame 470: 33995 us total, 11859 us display, type 3
frame 471: 33218 us total, 11705 us display, type 3
frame 472: 32670 us total, 11711 us display, type 3
frame 473: 36512 us total, 11714 us display, type 3
frame 474: 36642 us total, 11714 us display, type 3
frame 475: 38558 us total, 11726 us display, type 3
frame 476: 38294 us total, 11712 us display, type 3
frame 477: 37516 us total, 11940 us display, type 3
frame 478: 36743 us total, 11709 us display, type 3
frame 479: 37132 us total, 11711 us display, type 3
frame 480: 36818 us total, 11716 us display, type 3
frame 481: 37028 us total, 11709 us display, type 3
frame 482: 36406 us total, 11714 us display, type 3
frame 483: 35658 us total, 11701 us display, type 3
frame 484: 35379 us total, 11723 us display, type 3
frame 485: 33853 us total, 11719 us display, type 3
frame 486: 32754 us total, 11708 us display, type 3
frame 487: 32062 us total, 11705 us display, type 3
frame 488: 29965 us total, 11705 us display, type 3
frame 489: 29534 us total, 11981 us display, type 3
frame 490: 29992 us total, 11885 us display, type 3
frame 491: 31081 us total, 11719 us display, type 3
frame 492: 28906 us total, 12044 us display, type 3
frame 493: 30502 us total, 11709 us display, type 3
frame 494: 29514 us total, 11729 us display, type 3
frame 495: 28602 us total, 11719 us display, type 3
frame 496: 29117 us total, 11722 us display, type 3
frame 497: 29619 us total, 11710 us display, type 3
frame 498: 28328 us total, 11713 us display, type 3
frame 499: 28946 us total, 11719 us display, type 3
frame 500: 28363 us total, 11884 us display, type 3
frame 501: 28863 us total, 11723 us display, type 3
frame 502: 28022 us total, 11728 us display, type 3
frame 503: 28936 us total, 11711 us display, type 3
frame 504: 27447 us total, 11712 us display, type 3
frame 505: 26911 us total, 11897 us display, type 3
frame 506: 31393 us total, 11704 us display, type 3
frame 507: 30069 us total, 11714 us display, type 3
frame 508: 27878 us total, 11706 us display, type 3
frame 509: 32055 us total, 11712 us display, type 3
frame 510: 31380 us total, 11811 us display, type 3
frame 511: 28217 us total, 11704 us display, type 3
profile (avg of 128 frames, ms): logic+bsp 9.8 wait-fb 0.0 vp-mark 1.8 flats 4.9 columns 10.5 fuzz 0.0
frame 512: 33735 us total, 11987 us display, type 3
audio: 74 underruns, 34 ms queued
mem @frame 512: heap free 27552, largest 14592, min ever 27052, zone free 40524, display stack free 4400, uptime 15 s, gamestate 0, demo 1, usergame 0, tic 478
frame 513: 32595 us total, 11704 us display, type 3
frame 514: 28862 us total, 11697 us display, type 3
frame 515: 31391 us total, 11715 us display, type 3
frame 516: 32238 us total, 11892 us display, type 3
frame 517: 30274 us total, 11869 us display, type 3
frame 518: 32491 us total, 11714 us display, type 3
frame 519: 32857 us total, 11720 us display, type 3
frame 520: 30490 us total, 11979 us display, type 3
frame 521: 33970 us total, 11994 us display, type 3
frame 522: 32368 us total, 11706 us display, type 3
frame 523: 32537 us total, 11869 us display, type 3
frame 524: 30019 us total, 11872 us display, type 3
frame 525: 31951 us total, 11717 us display, type 3
frame 526: 31371 us total, 11912 us display, type 3
frame 527: 29375 us total, 11714 us display, type 3
frame 528: 31767 us total, 11719 us display, type 3
frame 529: 31921 us total, 11719 us display, type 3
frame 530: 30646 us total, 11956 us display, type 3
frame 531: 30335 us total, 11711 us display, type 3
frame 532: 30779 us total, 11706 us display, type 3
frame 533: 29804 us total, 12061 us display, type 3
frame 534: 29293 us total, 11711 us display, type 3
frame 535: 29978 us total, 11709 us display, type 3
frame 536: 28900 us total, 11709 us display, type 3
frame 537: 30261 us total, 11716 us display, type 3
frame 538: 29813 us total, 11710 us display, type 3
frame 539: 29909 us total, 11873 us display, type 3
frame 540: 30355 us total, 11710 us display, type 3
frame 541: 28278 us total, 11718 us display, type 3
frame 542: 29666 us total, 11705 us display, type 3
frame 543: 29451 us total, 11710 us display, type 3
frame 544: 27901 us total, 11715 us display, type 3
frame 545: 28790 us total, 12064 us display, type 3
frame 546: 26862 us total, 11707 us display, type 3
frame 547: 28457 us total, 11713 us display, type 3
frame 548: 27978 us total, 12024 us display, type 3
frame 549: 26409 us total, 11708 us display, type 3
frame 550: 29006 us total, 11965 us display, type 3
frame 551: 27283 us total, 11712 us display, type 3
frame 552: 28080 us total, 12075 us display, type 3
frame 553: 27275 us total, 11710 us display, type 3
frame 554: 26998 us total, 11726 us display, type 3
frame 555: 28142 us total, 12018 us display, type 3
frame 556: 27220 us total, 11814 us display, type 3
frame 557: 28153 us total, 12041 us display, type 3
frame 558: 27604 us total, 11901 us display, type 3
frame 559: 26733 us total, 11726 us display, type 3
frame 560: 28429 us total, 12009 us display, type 3
frame 561: 26870 us total, 12042 us display, type 3
frame 562: 27214 us total, 11950 us display, type 3
frame 563: 27225 us total, 11975 us display, type 3
frame 564: 28140 us total, 12078 us display, type 3
frame 565: 27894 us total, 11713 us display, type 3
frame 566: 28953 us total, 11717 us display, type 3
frame 567: 28854 us total, 11717 us display, type 3
frame 568: 28148 us total, 11719 us display, type 3
frame 569: 27770 us total, 11715 us display, type 3
frame 570: 31827 us total, 11722 us display, type 3
frame 571: 28587 us total, 11726 us display, type 3
frame 572: 29809 us total, 11714 us display, type 3
frame 573: 29647 us total, 12026 us display, type 3
frame 574: 29458 us total, 11706 us display, type 3
frame 575: 29958 us total, 11709 us display, type 3
frame 576: 29665 us total, 12033 us display, type 3
frame 577: 29062 us total, 11795 us display, type 3
frame 578: 31853 us total, 12089 us display, type 3
frame 579: 29611 us total, 11717 us display, type 3
frame 580: 30387 us total, 11979 us display, type 3
frame 581: 29998 us total, 11733 us display, type 3
frame 582: 30928 us total, 11911 us display, type 3
frame 583: 29077 us total, 11809 us display, type 3
frame 584: 31804 us total, 11801 us display, type 3
frame 585: 30942 us total, 11713 us display, type 3
frame 586: 29262 us total, 11715 us display, type 3
frame 587: 31883 us total, 11948 us display, type 3
frame 588: 30746 us total, 11722 us display, type 3
frame 589: 30066 us total, 11716 us display, type 3
frame 590: 29583 us total, 11713 us display, type 3
frame 591: 28460 us total, 12031 us display, type 3
frame 592: 29086 us total, 11817 us display, type 3
frame 593: 30009 us total, 11906 us display, type 3
frame 594: 28154 us total, 11784 us display, type 3
frame 595: 29216 us total, 11725 us display, type 3
frame 596: 29904 us total, 11711 us display, type 3
frame 597: 30051 us total, 11712 us display, type 3
frame 598: 30832 us total, 12040 us display, type 3
frame 599: 31150 us total, 11712 us display, type 3
frame 600: 29774 us total, 11949 us display, type 3
frame 601: 31256 us total, 11715 us display, type 3
frame 602: 31759 us total, 11933 us display, type 3
frame 603: 29142 us total, 11707 us display, type 3
frame 604: 31221 us total, 11710 us display, type 3
frame 605: 30229 us total, 11721 us display, type 3
frame 606: 29582 us total, 11712 us display, type 3
frame 607: 30412 us total, 11718 us display, type 3
frame 608: 27892 us total, 11706 us display, type 3
frame 609: 30326 us total, 11975 us display, type 3
frame 610: 29172 us total, 11738 us display, type 3
frame 611: 30195 us total, 11705 us display, type 3
frame 612: 30106 us total, 11710 us display, type 3
frame 613: 30818 us total, 11700 us display, type 3
frame 614: 29146 us total, 11702 us display, type 3
frame 615: 31853 us total, 11968 us display, type 3
frame 616: 30530 us total, 11723 us display, type 3
frame 617: 28618 us total, 11704 us display, type 3
frame 618: 30581 us total, 11954 us display, type 3
frame 619: 29307 us total, 11714 us display, type 3
frame 620: 28974 us total, 11705 us display, type 3
frame 621: 30285 us total, 11709 us display, type 3
frame 622: 28865 us total, 11699 us display, type 3
frame 623: 30159 us total, 11719 us display, type 3
frame 624: 32237 us total, 11948 us display, type 3
frame 625: 30083 us total, 11934 us display, type 3
frame 626: 30444 us total, 11705 us display, type 3
frame 627: 30147 us total, 11708 us display, type 3
frame 628: 29907 us total, 11709 us display, type 3
frame 629: 31558 us total, 11715 us display, type 3
frame 630: 31154 us total, 11722 us display, type 3
frame 631: 30781 us total, 11727 us display, type 3
frame 632: 32063 us total, 11786 us display, type 3
frame 633: 32052 us total, 11722 us display, type 3
frame 634: 31362 us total, 11869 us display, type 3
frame 635: 32097 us total, 11709 us display, type 3
frame 636: 31755 us total, 11726 us display, type 3
frame 637: 34321 us total, 11715 us display, type 3
frame 638: 32448 us total, 11892 us display, type 3
frame 639: 31915 us total, 11716 us display, type 3
profile (avg of 128 frames, ms): logic+bsp 8.8 wait-fb 0.0 vp-mark 1.4 flats 4.3 columns 8.8 fuzz 0.9
frame 640: 32474 us total, 12065 us display, type 3
frame 641: 30419 us total, 11711 us display, type 3
frame 642: 30758 us total, 11712 us display, type 3
frame 643: 31578 us total, 11842 us display, type 3
frame 644: 29996 us total, 12042 us display, type 3
frame 645: 30018 us total, 11887 us display, type 3
frame 646: 31266 us total, 11705 us display, type 3
frame 647: 29689 us total, 11717 us display, type 3
frame 648: 30202 us total, 11706 us display, type 3
frame 649: 30632 us total, 11747 us display, type 3
frame 650: 32293 us total, 11719 us display, type 3
frame 651: 31068 us total, 11715 us display, type 3
frame 652: 31523 us total, 11918 us display, type 3
frame 653: 29555 us total, 11703 us display, type 3
frame 654: 30022 us total, 11706 us display, type 3
frame 655: 30433 us total, 11720 us display, type 3
frame 656: 28472 us total, 11719 us display, type 3
frame 657: 29426 us total, 11711 us display, type 3
frame 658: 28139 us total, 11947 us display, type 3
frame 659: 30353 us total, 11925 us display, type 3
frame 660: 29669 us total, 11920 us display, type 3
frame 661: 28156 us total, 12026 us display, type 3
frame 662: 29611 us total, 11715 us display, type 3
frame 663: 31313 us total, 11877 us display, type 3
frame 664: 28375 us total, 11702 us display, type 3
frame 665: 30953 us total, 11711 us display, type 3
frame 666: 30675 us total, 11874 us display, type 3
frame 667: 29144 us total, 11717 us display, type 3
frame 668: 30400 us total, 11721 us display, type 3
frame 669: 28715 us total, 11722 us display, type 3
frame 670: 30811 us total, 11913 us display, type 3
frame 671: 30470 us total, 11715 us display, type 3
frame 672: 29126 us total, 11705 us display, type 3
frame 673: 29891 us total, 11706 us display, type 3
frame 674: 30846 us total, 11714 us display, type 3
frame 675: 28777 us total, 11856 us display, type 3
frame 676: 31293 us total, 11711 us display, type 3
frame 677: 30598 us total, 11718 us display, type 3
frame 678: 29527 us total, 11715 us display, type 3
frame 679: 30538 us total, 11717 us display, type 3
frame 680: 30357 us total, 11708 us display, type 3
frame 681: 30835 us total, 11948 us display, type 3
frame 682: 30492 us total, 11723 us display, type 3
frame 683: 30648 us total, 11717 us display, type 3
frame 684: 30282 us total, 11722 us display, type 3
frame 685: 30287 us total, 11725 us display, type 3
frame 686: 30587 us total, 11706 us display, type 3
frame 687: 30128 us total, 11716 us display, type 3
frame 688: 30156 us total, 11717 us display, type 3
frame 689: 30938 us total, 12086 us display, type 3
frame 690: 30922 us total, 11885 us display, type 3
frame 691: 31050 us total, 11793 us display, type 3
frame 692: 29889 us total, 12064 us display, type 3
frame 693: 31046 us total, 11718 us display, type 3
frame 694: 30807 us total, 11717 us display, type 3
frame 695: 29983 us total, 11837 us display, type 3
frame 696: 30284 us total, 11723 us display, type 3
frame 697: 31117 us total, 11723 us display, type 3
frame 698: 29923 us total, 11723 us display, type 3
frame 699: 30819 us total, 11717 us display, type 3
frame 700: 30861 us total, 11716 us display, type 3
frame 701: 30709 us total, 11789 us display, type 3
frame 702: 32717 us total, 11878 us display, type 3
frame 703: 31247 us total, 11966 us display, type 3
frame 704: 30006 us total, 11942 us display, type 3
frame 705: 30529 us total, 11714 us display, type 3
frame 706: 31215 us total, 11715 us display, type 3
frame 707: 30406 us total, 11701 us display, type 3
frame 708: 30606 us total, 11715 us display, type 3
frame 709: 32272 us total, 11899 us display, type 3
frame 710: 29778 us total, 11892 us display, type 3
frame 711: 30668 us total, 11920 us display, type 3
frame 712: 31853 us total, 11994 us display, type 3
frame 713: 30001 us total, 11996 us display, type 3
frame 714: 30116 us total, 11713 us display, type 3
frame 715: 31870 us total, 11716 us display, type 3
frame 716: 29852 us total, 11866 us display, type 3
frame 717: 30519 us total, 11716 us display, type 3
frame 718: 31490 us total, 11722 us display, type 3
frame 719: 29832 us total, 12028 us display, type 3
frame 720: 30417 us total, 11712 us display, type 3
frame 721: 33325 us total, 11967 us display, type 3
frame 722: 28607 us total, 11704 us display, type 3
frame 723: 30821 us total, 11719 us display, type 3
frame 724: 30899 us total, 11909 us display, type 3
frame 725: 28726 us total, 11717 us display, type 3
frame 726: 30161 us total, 11727 us display, type 3
frame 727: 29833 us total, 11721 us display, type 3
frame 728: 28712 us total, 11710 us display, type 3
frame 729: 30356 us total, 11882 us display, type 3
frame 730: 30447 us total, 11716 us display, type 3
frame 731: 27716 us total, 12084 us display, type 3
frame 732: 29076 us total, 12003 us display, type 3
frame 733: 26566 us total, 11705 us display, type 3
frame 734: 28967 us total, 11799 us display, type 3
frame 735: 28147 us total, 11715 us display, type 3
frame 736: 25551 us total, 11695 us display, type 3
frame 737: 29470 us total, 11736 us display, type 3
frame 738: 27155 us total, 12000 us display, type 3
frame 739: 28609 us total, 11716 us display, type 3
frame 740: 29633 us total, 11708 us display, type 3
frame 741: 27263 us total, 11705 us display, type 3
frame 742: 29232 us total, 11802 us display, type 3
frame 743: 27507 us total, 11702 us display, type 3
frame 744: 29947 us total, 11704 us display, type 3
frame 745: 28463 us total, 11712 us display, type 3
frame 746: 26146 us total, 11925 us display, type 3
frame 747: 29209 us total, 11722 us display, type 3
frame 748: 26427 us total, 11703 us display, type 3
frame 749: 29275 us total, 11726 us display, type 3
frame 750: 29980 us total, 11715 us display, type 3
frame 751: 27223 us total, 11891 us display, type 3
frame 752: 29232 us total, 11707 us display, type 3
frame 753: 29077 us total, 11708 us display, type 3
frame 754: 25931 us total, 11706 us display, type 3
frame 755: 29797 us total, 11714 us display, type 3
frame 756: 27351 us total, 11703 us display, type 3
frame 757: 30032 us total, 11706 us display, type 3
frame 758: 29563 us total, 11729 us display, type 3
frame 759: 26558 us total, 11706 us display, type 3
frame 760: 30836 us total, 11802 us display, type 3
frame 761: 27198 us total, 11849 us display, type 3
frame 762: 29620 us total, 11875 us display, type 3
frame 763: 29526 us total, 11883 us display, type 3
frame 764: 27587 us total, 11698 us display, type 3
frame 765: 29321 us total, 11709 us display, type 3
frame 766: 28240 us total, 11933 us display, type 3
frame 767: 28213 us total, 11719 us display, type 3
profile (avg of 128 frames, ms): logic+bsp 8.4 wait-fb 0.0 vp-mark 1.6 flats 4.5 columns 8.3 fuzz 0.6
frame 768: 29798 us total, 11853 us display, type 3
audio: 74 underruns, 46 ms queued
mem @frame 768: heap free 27552, largest 14592, min ever 27052, zone free 41204, display stack free 4400, uptime 22 s, gamestate 0, demo 1, usergame 0, tic 746
frame 769: 29064 us total, 11753 us display, type 3
frame 770: 30631 us total, 11709 us display, type 3
frame 771: 28911 us total, 11720 us display, type 3
frame 772: 28748 us total, 12045 us display, type 3
frame 773: 30008 us total, 11744 us display, type 3
frame 774: 31279 us total, 11708 us display, type 3
frame 775: 31602 us total, 11723 us display, type 3
frame 776: 34811 us total, 11724 us display, type 3
frame 777: 37309 us total, 11907 us display, type 3
frame 778: 38501 us total, 11971 us display, type 3
frame 779: 40152 us total, 12030 us display, type 3
frame 780: 37636 us total, 11942 us display, type 3
frame 781: 36122 us total, 11723 us display, type 3
frame 782: 36097 us total, 12059 us display, type 3
frame 783: 34638 us total, 11755 us display, type 3
frame 784: 31852 us total, 11719 us display, type 3
frame 785: 32760 us total, 11790 us display, type 3
frame 786: 31226 us total, 11715 us display, type 3
frame 787: 31712 us total, 11725 us display, type 3
frame 788: 35609 us total, 11712 us display, type 3
frame 789: 35038 us total, 11710 us display, type 3
frame 790: 34895 us total, 11712 us display, type 3
frame 791: 33703 us total, 11891 us display, type 3
frame 792: 36080 us total, 11715 us display, type 3
frame 793: 37557 us total, 11733 us display, type 3
frame 794: 36416 us total, 11843 us display, type 3
frame 795: 34784 us total, 11942 us display, type 3
frame 796: 37666 us total, 11709 us display, type 3
frame 797: 35775 us total, 11713 us display, type 3
frame 798: 36217 us total, 11881 us display, type 3
frame 799: 35780 us total, 11716 us display, type 3
frame 800: 35440 us total, 11713 us display, type 3
frame 801: 35278 us total, 11788 us display, type 3
frame 802: 34055 us total, 11929 us display, type 3
frame 803: 33001 us total, 11715 us display, type 3
frame 804: 32375 us total, 11707 us display, type 3
frame 805: 33139 us total, 12033 us display, type 3
frame 806: 31856 us total, 12015 us display, type 3
frame 807: 28214 us total, 11715 us display, type 3
frame 808: 29197 us total, 11724 us display, type 3
frame 809: 30795 us total, 11730 us display, type 3
frame 810: 31365 us total, 11876 us display, type 3
frame 811: 36906 us total, 11809 us display, type 3
frame 812: 36862 us total, 11725 us display, type 3
frame 813: 36299 us total, 12045 us display, type 3
frame 814: 30976 us total, 11711 us display, type 3
frame 815: 32911 us total, 11721 us display, type 3
frame 816: 33421 us total, 11710 us display, type 3
frame 817: 31449 us total, 11718 us display, type 3
frame 818: 33447 us total, 11885 us display, type 3
frame 819: 35071 us total, 11717 us display, type 3
frame 820: 30071 us total, 11709 us display, type 3
frame 821: 29832 us total, 11710 us display, type 3
frame 822: 29186 us total, 11713 us display, type 3
frame 823: 28626 us total, 11776 us display, type 3
frame 824: 31867 us total, 11978 us display, type 3
frame 825: 31852 us total, 11723 us display, type 3
frame 826: 31256 us total, 11933 us display, type 3
frame 827: 31481 us total, 11721 us display, type 3
frame 828: 30648 us total, 11710 us display, type 3
frame 829: 29925 us total, 11713 us display, type 3
frame 830: 30422 us total, 11722 us display, type 3
frame 831: 32466 us total, 11905 us display, type 3
frame 832: 29793 us total, 11906 us display, type 3
frame 833: 30667 us total, 11995 us display, type 3
frame 834: 30926 us total, 12072 us display, type 3
frame 835: 30194 us total, 11722 us display, type 3
frame 836: 30730 us total, 11719 us display, type 3
frame 837: 31455 us total, 11719 us display, type 3
frame 838: 30476 us total, 11720 us display, type 3
frame 839: 30986 us total, 11709 us display, type 3
frame 840: 30791 us total, 11915 us display, type 3
frame 841: 26355 us total, 11714 us display, type 3
frame 842: 27330 us total, 11901 us display, type 3
frame 843: 26766 us total, 11702 us display, type 3
frame 844: 25932 us total, 11710 us display, type 3
frame 845: 26765 us total, 11994 us display, type 3
frame 846: 25463 us total, 11906 us display, type 3
frame 847: 25439 us total, 12018 us display, type 3
frame 848: 24344 us total, 11704 us display, type 3
frame 849: 25117 us total, 11966 us display, type 3
frame 850: 25981 us total, 11710 us display, type 3
frame 851: 29497 us total, 12027 us display, type 3
frame 852: 28424 us total, 11713 us display, type 3
frame 853: 28082 us total, 11715 us display, type 3
frame 854: 28579 us total, 11708 us display, type 3
frame 855: 28662 us total, 11709 us display, type 3
frame 856: 27657 us total, 11711 us display, type 3
frame 857: 29035 us total, 12022 us display, type 3
frame 858: 27712 us total, 11700 us display, type 3
frame 859: 28025 us total, 11699 us display, type 3
frame 860: 29944 us total, 11704 us display, type 3
frame 861: 26894 us total, 11715 us display, type 3
frame 862: 27984 us total, 11727 us display, type 3
frame 863: 27780 us total, 11714 us display, type 3
frame 864: 28718 us total, 11705 us display, type 3
frame 865: 29239 us total, 11712 us display, type 3
frame 866: 28423 us total, 11871 us display, type 3
frame 867: 29795 us total, 11891 us display, type 3
frame 868: 27289 us total, 11700 us display, type 3
frame 869: 28396 us total, 11716 us display, type 3
frame 870: 29532 us total, 12054 us display, type 3
frame 871: 28581 us total, 11763 us display, type 3
frame 872: 29011 us total, 11742 us display, type 3
frame 873: 28711 us total, 11714 us display, type 3
frame 874: 27888 us total, 11709 us display, type 3
frame 875: 29217 us total, 11713 us display, type 3
frame 876: 28000 us total, 11714 us display, type 3
frame 877: 29440 us total, 11792 us display, type 3
frame 878: 29766 us total, 11798 us display, type 3
frame 879: 27802 us total, 11980 us display, type 3
frame 880: 29420 us total, 11709 us display, type 3
frame 881: 27578 us total, 11708 us display, type 3
frame 882: 29418 us total, 12031 us display, type 3
frame 883: 29061 us total, 11716 us display, type 3
frame 884: 27292 us total, 11711 us display, type 3
frame 885: 29508 us total, 11906 us display, type 3
frame 886: 29718 us total, 11714 us display, type 3
frame 887: 28568 us total, 11948 us display, type 3
frame 888: 30928 us total, 11893 us display, type 3
frame 889: 29999 us total, 11903 us display, type 3
frame 890: 31066 us total, 11711 us display, type 3
frame 891: 30786 us total, 11819 us display, type 3
frame 892: 28560 us total, 11709 us display, type 3
frame 893: 30911 us total, 11710 us display, type 3
frame 894: 31447 us total, 11833 us display, type 3
frame 895: 29074 us total, 12069 us display, type 3
profile (avg of 128 frames, ms): logic+bsp 8.6 wait-fb 0.0 vp-mark 1.1 flats 3.2 columns 10.5 fuzz 0.0
frame 896: 32175 us total, 11702 us display, type 3
frame 897: 33257 us total, 11710 us display, type 3
frame 898: 30173 us total, 11710 us display, type 3
frame 899: 31991 us total, 12029 us display, type 3
frame 900: 32794 us total, 11920 us display, type 3
frame 901: 31877 us total, 11711 us display, type 3
frame 902: 32829 us total, 11715 us display, type 3
frame 903: 32656 us total, 11978 us display, type 3
frame 904: 32848 us total, 11709 us display, type 3
frame 905: 31991 us total, 12048 us display, type 3
frame 906: 33714 us total, 12049 us display, type 3
frame 907: 33196 us total, 11710 us display, type 3
frame 908: 33365 us total, 12002 us display, type 3
frame 909: 32783 us total, 11704 us display, type 3
frame 910: 32878 us total, 11962 us display, type 3
frame 911: 32779 us total, 12015 us display, type 3
frame 912: 30441 us total, 11715 us display, type 3
frame 913: 32514 us total, 11710 us display, type 3
frame 914: 32593 us total, 11984 us display, type 3
frame 915: 32865 us total, 11706 us display, type 3
frame 916: 32875 us total, 11930 us display, type 3
frame 917: 32790 us total, 11788 us display, type 3
frame 918: 30133 us total, 11702 us display, type 3
frame 919: 30805 us total, 11708 us display, type 3
frame 920: 30242 us total, 11712 us display, type 3
frame 921: 28815 us total, 11769 us display, type 3
frame 922: 29081 us total, 11753 us display, type 3
frame 923: 29064 us total, 11974 us display, type 3
frame 924: 28487 us total, 11719 us display, type 3
frame 925: 28575 us total, 11715 us display, type 3
frame 926: 27651 us total, 12019 us display, type 3
frame 927: 28578 us total, 11861 us display, type 3
frame 928: 28189 us total, 11950 us display, type 3
frame 929: 29079 us total, 11965 us display, type 3
frame 930: 29234 us total, 11719 us display, type 3
frame 931: 30983 us total, 11714 us display, type 3
frame 932: 29342 us total, 11721 us display, type 3
frame 933: 29749 us total, 11718 us display, type 3
frame 934: 32168 us total, 11714 us display, type 3
frame 935: 31554 us total, 11726 us display, type 3
frame 936: 37460 us total, 11717 us display, type 3
frame 937: 36394 us total, 11719 us display, type 3
frame 938: 38485 us total, 11996 us display, type 3
frame 939: 37604 us total, 11714 us display, type 3
frame 940: 37693 us total, 11714 us display, type 3
frame 941: 37466 us total, 11721 us display, type 3
frame 942: 39093 us total, 12088 us display, type 3
frame 943: 38155 us total, 11704 us display, type 3
frame 944: 37767 us total, 11940 us display, type 3
frame 945: 36310 us total, 11712 us display, type 3
frame 946: 35970 us total, 11714 us display, type 3
frame 947: 36393 us total, 11939 us display, type 3
frame 948: 36188 us total, 11729 us display, type 3
frame 949: 35650 us total, 11717 us display, type 3
frame 950: 35305 us total, 11959 us display, type 3
frame 951: 34645 us total, 11896 us display, type 3
frame 952: 34771 us total, 11711 us display, type 3
frame 953: 33944 us total, 11729 us display, type 3
frame 954: 36195 us total, 11942 us display, type 3
frame 955: 34058 us total, 11731 us display, type 3
frame 956: 34292 us total, 11719 us display, type 3
frame 957: 34951 us total, 11725 us display, type 3
frame 958: 36331 us total, 11742 us display, type 3
frame 959: 34614 us total, 11954 us display, type 3
frame 960: 36680 us total, 11855 us display, type 3
frame 961: 35759 us total, 11726 us display, type 3
frame 962: 36144 us total, 11718 us display, type 3
frame 963: 34953 us total, 12009 us display, type 3
frame 964: 35865 us total, 11709 us display, type 3
frame 965: 36569 us total, 11903 us display, type 3
frame 966: 36469 us total, 11727 us display, type 3
frame 967: 35142 us total, 11717 us display, type 3
frame 968: 34097 us total, 11826 us display, type 3
frame 969: 33160 us total, 11719 us display, type 3
frame 970: 35388 us total, 11729 us display, type 3
frame 971: 35776 us total, 11903 us display, type 3
frame 972: 35320 us total, 11824 us display, type 3
frame 973: 36791 us total, 11714 us display, type 3
frame 974: 36347 us total, 12089 us display, type 3
frame 975: 37000 us total, 11709 us display, type 3
frame 976: 39846 us total, 11824 us display, type 3
frame 977: 37671 us total, 11713 us display, type 3
frame 978: 38525 us total, 11714 us display, type 3
frame 979: 36508 us total, 11728 us display, type 3
frame 980: 37414 us total, 11711 us display, type 3
frame 981: 39935 us total, 11919 us display, type 3
frame 982: 39808 us total, 11958 us display, type 3
frame 983: 40147 us total, 11835 us display, type 3
frame 984: 42246 us total, 11721 us display, type 3
frame 985: 40545 us total, 11718 us display, type 3
frame 986: 42138 us total, 12000 us display, type 3
frame 987: 40215 us total, 11720 us display, type 3
frame 988: 42078 us total, 12067 us display, type 3
frame 989: 41295 us total, 12051 us display, type 3
frame 990: 41997 us total, 11712 us display, type 3
frame 991: 39493 us total, 12059 us display, type 3
frame 992: 38695 us total, 11728 us display, type 3
frame 993: 40333 us total, 11711 us display, type 3
frame 994: 38602 us total, 11724 us display, type 3
frame 995: 38357 us total, 11703 us display, type 3
frame 996: 38074 us total, 11769 us display, type 3
frame 997: 37642 us total, 11718 us display, type 3
frame 998: 38294 us total, 11997 us display, type 3
frame 999: 36986 us total, 11712 us display, type 3
frame 1000: 38940 us total, 12062 us display, type 3
frame 1001: 39008 us total, 11900 us display, type 3
frame 1002: 38787 us total, 11716 us display, type 3
frame 1003: 38946 us total, 11719 us display, type 3
frame 1004: 38839 us total, 11711 us display, type 3
frame 1005: 37564 us total, 11765 us display, type 3
frame 1006: 37203 us total, 11716 us display, type 3
frame 1007: 37822 us total, 11707 us display, type 3
frame 1008: 34559 us total, 11875 us display, type 3
frame 1009: 33351 us total, 11717 us display, type 3
frame 1010: 32790 us total, 11917 us display, type 3
frame 1011: 34276 us total, 11852 us display, type 3
frame 1012: 33142 us total, 11716 us display, type 3
frame 1013: 33301 us total, 11721 us display, type 3
frame 1014: 35290 us total, 11806 us display, type 3
frame 1015: 34497 us total, 11712 us display, type 3
frame 1016: 35410 us total, 11710 us display, type 3
frame 1017: 37969 us total, 11718 us display, type 3
frame 1018: 37409 us total, 11710 us display, type 3
frame 1019: 37347 us total, 11716 us display, type 3
frame 1020: 39059 us total, 11711 us display, type 3
frame 1021: 38714 us total, 11709 us display, type 3
frame 1022: 38607 us total, 11919 us display, type 3
frame 1023: 38864 us total, 11888 us display, type 3
profile (avg of 128 frames, ms): logic+bsp 11.0 wait-fb 0.0 vp-mark 1.3 flats 3.8 columns 13.6 fuzz 0.1
frame 1024: 38683 us total, 11713 us display, type 3
audio: 74 underruns, 69 ms queued
mem @frame 1024: heap free 27552, largest 14592, min ever 27052, zone free 41204, display stack free 4400, uptime 31 s, gamestate 0, demo 1, usergame 0, tic 1042
frame 1025: 39370 us total, 11717 us display, type 3
frame 1026: 38676 us total, 11716 us display, type 3
frame 1027: 38102 us total, 11852 us display, type 3
frame 1028: 37412 us total, 11932 us display, type 3
frame 1029: 38547 us total, 11897 us display, type 3
frame 1030: 37561 us total, 11714 us display, type 3
frame 1031: 38334 us total, 12012 us display, type 3
frame 1032: 38284 us total, 11821 us display, type 3
frame 1033: 37849 us total, 11722 us display, type 3
frame 1034: 38233 us total, 11951 us display, type 3
frame 1035: 37486 us total, 11838 us display, type 3
frame 1036: 37940 us total, 11711 us display, type 3
frame 1037: 37249 us total, 11719 us display, type 3
frame 1038: 37659 us total, 11709 us display, type 3
frame 1039: 36657 us total, 11722 us display, type 3
frame 1040: 36312 us total, 11714 us display, type 3
frame 1041: 37567 us total, 11803 us display, type 3
frame 1042: 37393 us total, 11707 us display, type 3
frame 1043: 37117 us total, 11922 us display, type 3
frame 1044: 38042 us total, 11712 us display, type 3
frame 1045: 35358 us total, 11927 us display, type 3
frame 1046: 35006 us total, 11719 us display, type 3
frame 1047: 35122 us total, 11911 us display, type 3
frame 1048: 35217 us total, 11720 us display, type 3
frame 1049: 33438 us total, 11706 us display, type 3
frame 1050: 34658 us total, 11721 us display, type 3
frame 1051: 35083 us total, 11703 us display, type 3
frame 1052: 33683 us total, 11802 us display, type 3
frame 1053: 32554 us total, 11719 us display, type 3
frame 1054: 32643 us total, 11771 us display, type 3
frame 1055: 32713 us total, 11766 us display, type 3
frame 1056: 31798 us total, 11715 us display, type 3
frame 1057: 32133 us total, 11713 us display, type 3
frame 1058: 33734 us total, 11746 us display, type 3
frame 1059: 32778 us total, 11933 us display, type 3
frame 1060: 31951 us total, 11714 us display, type 3
frame 1061: 32239 us total, 11717 us display, type 3
frame 1062: 32115 us total, 11706 us display, type 3
frame 1063: 30993 us total, 11702 us display, type 3
frame 1064: 32141 us total, 11770 us display, type 3
frame 1065: 33703 us total, 12027 us display, type 3
frame 1066: 30362 us total, 11713 us display, type 3
frame 1067: 31622 us total, 11719 us display, type 3
frame 1068: 31292 us total, 11724 us display, type 3
frame 1069: 30668 us total, 11712 us display, type 3
frame 1070: 30673 us total, 11869 us display, type 3
frame 1071: 29989 us total, 11719 us display, type 3
frame 1072: 29090 us total, 11854 us display, type 3
frame 1073: 30005 us total, 12066 us display, type 3
frame 1074: 29222 us total, 11720 us display, type 3
frame 1075: 28022 us total, 11714 us display, type 3
frame 1076: 29058 us total, 12090 us display, type 3
frame 1077: 25815 us total, 11702 us display, type 3
frame 1078: 26596 us total, 11998 us display, type 3
frame 1079: 26420 us total, 11713 us display, type 3
frame 1080: 25271 us total, 11710 us display, type 3
frame 1081: 25173 us total, 11710 us display, type 3
frame 1082: 25737 us total, 11702 us display, type 3
frame 1083: 27678 us total, 11711 us display, type 3
frame 1084: 27267 us total, 11695 us display, type 3
frame 1085: 29791 us total, 11756 us display, type 3
frame 1086: 28216 us total, 11721 us display, type 3
frame 1087: 27188 us total, 11695 us display, type 3
frame 1088: 27841 us total, 11691 us display, type 3
frame 1089: 27849 us total, 11687 us display, type 3
frame 1090: 27187 us total, 11694 us display, type 3
frame 1091: 29094 us total, 11687 us display, type 3
frame 1092: 27937 us total, 11690 us display, type 3
frame 1093: 29139 us total, 11693 us display, type 3
frame 1094: 28788 us total, 11690 us display, type 3
frame 1095: 26556 us total, 11700 us display, type 3
frame 1096: 31668 us total, 11703 us display, type 3
frame 1097: 29505 us total, 11692 us display, type 3
frame 1098: 32033 us total, 11868 us display, type 3
frame 1099: 30057 us total, 11897 us display, type 3
frame 1100: 28758 us total, 11721 us display, type 3
frame 1101: 29727 us total, 11806 us display, type 3
frame 1102: 29222 us total, 11718 us display, type 3
frame 1103: 34007 us total, 11707 us display, type 3
frame 1104: 30954 us total, 11713 us display, type 3
frame 1105: 32697 us total, 11708 us display, type 3
frame 1106: 30526 us total, 11981 us display, type 3
frame 1107: 32749 us total, 11919 us display, type 3
frame 1108: 32290 us total, 11704 us display, type 3
frame 1109: 29659 us total, 11710 us display, type 3
frame 1110: 32305 us total, 11718 us display, type 3
frame 1111: 32625 us total, 11797 us display, type 3
frame 1112: 29882 us total, 11763 us display, type 3
frame 1113: 33111 us total, 11709 us display, type 3
frame 1114: 33557 us total, 11714 us display, type 3
frame 1115: 33926 us total, 11705 us display, type 3
frame 1116: 30780 us total, 11705 us display, type 3
frame 1117: 33570 us total, 11892 us display, type 3
frame 1118: 33976 us total, 11707 us display, type 3
frame 1119: 31780 us total, 11708 us display, type 3
frame 1120: 33972 us total, 11699 us display, type 3
frame 1121: 35344 us total, 11785 us display, type 3
frame 1122: 33844 us total, 11712 us display, type 3
frame 1123: 31968 us total, 11719 us display, type 3
frame 1124: 33841 us total, 11720 us display, type 3
frame 1125: 35575 us total, 11794 us display, type 3
frame 1126: 32520 us total, 11710 us display, type 3
frame 1127: 31795 us total, 11761 us display, type 3
frame 1128: 32979 us total, 11708 us display, type 3
frame 1129: 39353 us total, 11703 us display, type 3
frame 1130: 37791 us total, 11713 us display, type 3
frame 1131: 36524 us total, 11720 us display, type 3
frame 1132: 36118 us total, 11717 us display, type 3
frame 1133: 37665 us total, 11782 us display, type 3
frame 1134: 36432 us total, 11891 us display, type 3
frame 1135: 40451 us total, 11710 us display, type 3
frame 1136: 36361 us total, 11873 us display, type 3
frame 1137: 39485 us total, 12067 us display, type 3
frame 1138: 36779 us total, 11929 us display, type 3
frame 1139: 38212 us total, 11739 us display, type 3
frame 1140: 39232 us total, 11711 us display, type 3
frame 1141: 37619 us total, 12033 us display, type 3
frame 1142: 36857 us total, 11712 us display, type 3
frame 1143: 33529 us total, 12014 us display, type 3
frame 1144: 32771 us total, 11850 us display, type 3
frame 1145: 31870 us total, 11710 us display, type 3
frame 1146: 32176 us total, 11712 us display, type 3
frame 1147: 31746 us total, 11719 us display, type 3
frame 1148: 31268 us total, 11720 us display, type 3
frame 1149: 31846 us total, 11704 us display, type 3
frame 1150: 32811 us total, 11895 us display, type 3
frame 1151: 31573 us total, 11712 us display, type 3
profile (avg of 128 frames, ms): logic+bsp 10.2 wait-fb 0.0 vp-mark 1.2 flats 3.7 columns 11.2 fuzz 0.0
frame 1152: 33866 us total, 11704 us display, type 3
frame 1153: 33358 us total, 11936 us display, type 3
frame 1154: 33721 us total, 11706 us display, type 3
frame 1155: 32060 us total, 11912 us display, type 3
frame 1156: 32769 us total, 12010 us display, type 3
frame 1157: 31856 us total, 11893 us display, type 3
frame 1158: 29249 us total, 11703 us display, type 3
frame 1159: 31175 us total, 11731 us display, type 3
frame 1160: 30512 us total, 11731 us display, type 3
frame 1161: 29061 us total, 11752 us display, type 3
frame 1162: 29079 us total, 11746 us display, type 3
frame 1163: 29423 us total, 11712 us display, type 3
frame 1164: 28724 us total, 11897 us display, type 3
frame 1165: 28818 us total, 11876 us display, type 3
frame 1166: 29330 us total, 11942 us display, type 3
frame 1167: 32771 us total, 11954 us display, type 3
frame 1168: 30210 us total, 11707 us display, type 3
frame 1169: 31166 us total, 11707 us display, type 3
frame 1170: 30476 us total, 11987 us display, type 3
frame 1171: 30959 us total, 11709 us display, type 3
frame 1172: 31155 us total, 11699 us display, type 3
frame 1173: 31919 us total, 11702 us display, type 3
frame 1174: 32850 us total, 11707 us display, type 3
frame 1175: 32576 us total, 11948 us display, type 3
frame 1176: 30923 us total, 11957 us display, type 3
frame 1177: 31857 us total, 11946 us display, type 3
frame 1178: 33036 us total, 11711 us display, type 3
frame 1179: 31682 us total, 11707 us display, type 3
frame 1180: 34004 us total, 11980 us display, type 3
frame 1181: 34871 us total, 11917 us display, type 3
frame 1182: 34180 us total, 12110 us display, type 3
frame 1183: 32741 us total, 11858 us display, type 3
frame 1184: 33986 us total, 11708 us display, type 3
frame 1185: 33998 us total, 11898 us display, type 3
frame 1186: 34696 us total, 11723 us display, type 3
frame 1187: 34328 us total, 11716 us display, type 3
frame 1188: 36134 us total, 11900 us display, type 3
frame 1189: 35468 us total, 11716 us display, type 3
frame 1190: 36356 us total, 11709 us display, type 3
frame 1191: 34508 us total, 11753 us display, type 3
frame 1192: 38192 us total, 11918 us display, type 3
frame 1193: 35433 us total, 12216 us display, type 3
frame 1194: 36357 us total, 11705 us display, type 3
frame 1195: 34215 us total, 11711 us display, type 3
frame 1196: 36287 us total, 11725 us display, type 3
frame 1197: 35536 us total, 11707 us display, type 3
frame 1198: 37259 us total, 11884 us display, type 3
frame 1199: 34502 us total, 11903 us display, type 3
frame 1200: 35068 us total, 11713 us display, type 3
frame 1201: 34380 us total, 11815 us display, type 3
frame 1202: 34966 us total, 11723 us display, type 3
frame 1203: 32771 us total, 11719 us display, type 3
frame 1204: 33325 us total, 11930 us display, type 3
frame 1205: 32217 us total, 11715 us display, type 3
frame 1206: 33051 us total, 11937 us display, type 3
frame 1207: 30159 us total, 11930 us display, type 3
frame 1208: 31638 us total, 11730 us display, type 3
frame 1209: 32438 us total, 11790 us display, type 3
frame 1210: 32767 us total, 11749 us display, type 3
frame 1211: 35960 us total, 11774 us display, type 3
frame 1212: 35780 us total, 11716 us display, type 3
frame 1213: 36023 us total, 11943 us display, type 3
frame 1214: 38830 us total, 11707 us display, type 3
frame 1215: 37771 us total, 11710 us display, type 3
frame 1216: 39149 us total, 11703 us display, type 3
frame 1217: 41404 us total, 11721 us display, type 3
frame 1218: 38773 us total, 11715 us display, type 3
frame 1219: 40528 us total, 11702 us display, type 3
frame 1220: 38430 us total, 11912 us display, type 3
frame 1221: 42548 us total, 11702 us display, type 3
frame 1222: 43473 us total, 11707 us display, type 3
frame 1223: 44194 us total, 11957 us display, type 3
frame 1224: 43159 us total, 11715 us display, type 3
frame 1225: 43980 us total, 11951 us display, type 3
frame 1226: 44354 us total, 11722 us display, type 3
frame 1227: 44735 us total, 11898 us display, type 3
frame 1228: 44056 us total, 12043 us display, type 3
frame 1229: 44078 us total, 11730 us display, type 3
frame 1230: 44077 us total, 11750 us display, type 3
frame 1231: 44070 us total, 11878 us display, type 3
frame 1232: 42458 us total, 11917 us display, type 3
frame 1233: 41690 us total, 11702 us display, type 3
frame 1234: 38732 us total, 11708 us display, type 3
frame 1235: 37463 us total, 11723 us display, type 3
frame 1236: 37431 us total, 12079 us display, type 3
frame 1237: 36768 us total, 11720 us display, type 3
frame 1238: 35484 us total, 11718 us display, type 3
frame 1239: 36393 us total, 11748 us display, type 3
frame 1240: 40427 us total, 11840 us display, type 3
frame 1241: 37611 us total, 11710 us display, type 3
frame 1242: 36863 us total, 11713 us display, type 3
frame 1243: 39130 us total, 11707 us display, type 3
frame 1244: 35942 us total, 11716 us display, type 3
frame 1245: 37060 us total, 11711 us display, type 3
frame 1246: 37963 us total, 11714 us display, type 3
frame 1247: 39059 us total, 11712 us display, type 3
frame 1248: 37588 us total, 11718 us display, type 3
frame 1249: 41012 us total, 11999 us display, type 3
frame 1250: 39613 us total, 11721 us display, type 3
frame 1251: 40035 us total, 11710 us display, type 3
frame 1252: 42205 us total, 11959 us display, type 3
frame 1253: 43547 us total, 11721 us display, type 3
frame 1254: 43181 us total, 11913 us display, type 3
frame 1255: 42019 us total, 11711 us display, type 3
frame 1256: 40885 us total, 11718 us display, type 3
frame 1257: 42706 us total, 11718 us display, type 3
frame 1258: 41734 us total, 11750 us display, type 3
frame 1259: 42225 us total, 12067 us display, type 3
frame 1260: 40150 us total, 11970 us display, type 3
frame 1261: 38888 us total, 11722 us display, type 3
frame 1262: 36965 us total, 11709 us display, type 3
frame 1263: 37197 us total, 11712 us display, type 3
frame 1264: 36347 us total, 11714 us display, type 3
frame 1265: 37307 us total, 11921 us display, type 3
frame 1266: 42223 us total, 11972 us display, type 3
frame 1267: 38330 us total, 11725 us display, type 3
frame 1268: 41305 us total, 12058 us display, type 3
frame 1269: 39691 us total, 11723 us display, type 3
frame 1270: 38400 us total, 11723 us display, type 3
frame 1271: 42925 us total, 11710 us display, type 3
frame 1272: 40556 us total, 11902 us display, type 3
frame 1273: 40615 us total, 11700 us display, type 3
frame 1274: 36441 us total, 11725 us display, type 3
frame 1275: 39443 us total, 11701 us display, type 3
frame 1276: 39202 us total, 11708 us display, type 3
frame 1277: 39729 us total, 11911 us display, type 3
frame 1278: 38112 us total, 11717 us display, type 3
frame 1279: 40810 us total, 11859 us display, type 3
profile (avg of 128 frames, ms): logic+bsp 12.9 wait-fb 0.0 vp-mark 1.2 flats 4.0 columns 12.7 fuzz 0.0
frame 1280: 38131 us total, 11713 us display, type 3
audio: 74 underruns, 58 ms queued
mem @frame 1280: heap free 27552, largest 14592, min ever 27052, zone free 40524, display stack free 4400, uptime 40 s, gamestate 0, demo 1, usergame 0, tic 1355
frame 1281: 41747 us total, 11711 us display, type 3
frame 1282: 39185 us total, 11999 us display, type 3
frame 1283: 40535 us total, 11718 us display, type 3
frame 1284: 40000 us total, 11950 us display, type 3
frame 1285: 40498 us total, 11708 us display, type 3
frame 1286: 41201 us total, 12053 us display, type 3
frame 1287: 40342 us total, 11717 us display, type 3
frame 1288: 38639 us total, 11718 us display, type 3
frame 1289: 40114 us total, 11900 us display, type 3
frame 1290: 38322 us total, 11714 us display, type 3
frame 1291: 40473 us total, 11718 us display, type 3
frame 1292: 38016 us total, 11715 us display, type 3
frame 1293: 43391 us total, 11996 us display, type 3
frame 1294: 40332 us total, 11710 us display, type 3
frame 1295: 39787 us total, 11920 us display, type 3
frame 1296: 39274 us total, 11706 us display, type 3
frame 1297: 40004 us total, 11741 us display, type 3
frame 1298: 39886 us total, 11705 us display, type 3
frame 1299: 41682 us total, 11724 us display, type 3
frame 1300: 40289 us total, 11939 us display, type 3
frame 1301: 42226 us total, 12001 us display, type 3
frame 1302: 40403 us total, 11727 us display, type 3
frame 1303: 41299 us total, 12005 us display, type 3
frame 1304: 40633 us total, 11726 us display, type 3
frame 1305: 42231 us total, 11714 us display, type 3
frame 1306: 41723 us total, 11970 us display, type 3
frame 1307: 41964 us total, 11707 us display, type 3
frame 1308: 41361 us total, 11756 us display, type 3
frame 1309: 42642 us total, 11724 us display, type 3
frame 1310: 43043 us total, 11703 us display, type 3
frame 1311: 42880 us total, 11706 us display, type 3
frame 1312: 41556 us total, 11716 us display, type 3
frame 1313: 39858 us total, 11736 us display, type 3
frame 1314: 40408 us total, 11953 us display, type 3
frame 1315: 39849 us total, 11711 us display, type 3
frame 1316: 39771 us total, 12070 us display, type 3
frame 1317: 41305 us total, 11793 us display, type 3
frame 1318: 39474 us total, 11725 us display, type 3
frame 1319: 45173 us total, 11726 us display, type 3
frame 1320: 39934 us total, 11759 us display, type 3
frame 1321: 40873 us total, 11717 us display, type 3
frame 1322: 40461 us total, 11916 us display, type 3
frame 1323: 43519 us total, 11863 us display, type 3
frame 1324: 40693 us total, 11717 us display, type 3
frame 1325: 42864 us total, 11703 us display, type 3
frame 1326: 42010 us total, 11889 us display, type 3
frame 1327: 42489 us total, 11719 us display, type 3
frame 1328: 41943 us total, 11853 us display, type 3
frame 1329: 41946 us total, 11711 us display, type 3
frame 1330: 41680 us total, 11707 us display, type 3
frame 1331: 40537 us total, 11718 us display, type 3
frame 1332: 41181 us total, 11720 us display, type 3
frame 1333: 41066 us total, 12001 us display, type 3
frame 1334: 41001 us total, 11928 us display, type 3
frame 1335: 41304 us total, 11991 us display, type 3
frame 1336: 39955 us total, 11702 us display, type 3
frame 1337: 40594 us total, 12021 us display, type 3
frame 1338: 39039 us total, 11717 us display, type 3
frame 1339: 41697 us total, 12055 us display, type 3
frame 1340: 37600 us total, 11710 us display, type 3
frame 1341: 38970 us total, 11925 us display, type 3
frame 1342: 38562 us total, 11765 us display, type 3
frame 1343: 38798 us total, 11730 us display, type 3
frame 1344: 43849 us total, 11874 us display, type 3
frame 1345: 40729 us total, 11707 us display, type 3
frame 1346: 40749 us total, 11735 us display, type 3
frame 1347: 39450 us total, 11971 us display, type 3
frame 1348: 39110 us total, 11702 us display, type 3
frame 1349: 41881 us total, 11713 us display, type 3
frame 1350: 40870 us total, 11997 us display, type 3
frame 1351: 43141 us total, 11863 us display, type 3
frame 1352: 40040 us total, 11714 us display, type 3
frame 1353: 42877 us total, 11700 us display, type 3
frame 1354: 39065 us total, 11712 us display, type 3
frame 1355: 35432 us total, 11996 us display, type 3
frame 1356: 35905 us total, 11792 us display, type 3
frame 1357: 33692 us total, 11707 us display, type 3
frame 1358: 29259 us total, 11713 us display, type 3
frame 1359: 27802 us total, 11914 us display, type 3
frame 1360: 27218 us total, 11719 us display, type 3
frame 1361: 26190 us total, 11968 us display, type 3
frame 1362: 27141 us total, 11725 us display, type 3
frame 1363: 25722 us total, 11716 us display, type 3
frame 1364: 27337 us total, 11902 us display, type 3
frame 1365: 26307 us total, 11703 us display, type 3
frame 1366: 24153 us total, 11705 us display, type 3
frame 1367: 26846 us total, 11766 us display, type 3
frame 1368: 26284 us total, 11890 us display, type 3
frame 1369: 27773 us total, 11706 us display, type 3
frame 1370: 24528 us total, 11702 us display, type 3
frame 1371: 28069 us total, 11705 us display, type 3
frame 1372: 28104 us total, 11694 us display, type 3
frame 1373: 27301 us total, 11695 us display, type 3
frame 1374: 29440 us total, 11692 us display, type 3
frame 1375: 27986 us total, 11698 us display, type 3
frame 1376: 30188 us total, 11698 us display, type 3
frame 1377: 28519 us total, 11694 us display, type 3
frame 1378: 28246 us total, 11800 us display, type 3
frame 1379: 28703 us total, 11692 us display, type 3
frame 1380: 28703 us total, 11707 us display, type 3
frame 1381: 27156 us total, 11692 us display, type 3
frame 1382: 30074 us total, 11694 us display, type 3
frame 1383: 27524 us total, 11694 us display, type 3
frame 1384: 28857 us total, 11694 us display, type 3
frame 1385: 29023 us total, 11707 us display, type 3
frame 1386: 27240 us total, 11692 us display, type 3
frame 1387: 29910 us total, 11705 us display, type 3
frame 1388: 27936 us total, 11696 us display, type 3
frame 1389: 29017 us total, 11695 us display, type 3
frame 1390: 29258 us total, 11696 us display, type 3
frame 1391: 27870 us total, 11697 us display, type 3
frame 1392: 29376 us total, 11697 us display, type 3
frame 1393: 28326 us total, 11712 us display, type 3
frame 1394: 28028 us total, 11698 us display, type 3
frame 1395: 29688 us total, 11701 us display, type 3
frame 1396: 27963 us total, 11694 us display, type 3
frame 1397: 29549 us total, 11701 us display, type 3
frame 1398: 29957 us total, 11701 us display, type 3
frame 1399: 28464 us total, 11707 us display, type 3
frame 1400: 29306 us total, 11702 us display, type 3
frame 1401: 29565 us total, 11709 us display, type 3
frame 1402: 27740 us total, 11706 us display, type 3
frame 1403: 28948 us total, 11710 us display, type 3
frame 1404: 28897 us total, 11868 us display, type 3
frame 1405: 29127 us total, 11713 us display, type 3
frame 1406: 29216 us total, 11704 us display, type 3
frame 1407: 28005 us total, 11706 us display, type 3
profile (avg of 128 frames, ms): logic+bsp 10.6 wait-fb 0.0 vp-mark 1.3 flats 3.9 columns 11.5 fuzz 0.0
frame 1408: 31250 us total, 11710 us display, type 3
frame 1409: 29401 us total, 11717 us display, type 3
frame 1410: 28542 us total, 11906 us display, type 3
frame 1411: 30313 us total, 11718 us display, type 3
frame 1412: 30200 us total, 11715 us display, type 3
frame 1413: 31367 us total, 11712 us display, type 3
frame 1414: 31861 us total, 12010 us display, type 3
frame 1415: 31241 us total, 11714 us display, type 3
frame 1416: 31522 us total, 11726 us display, type 3
frame 1417: 31343 us total, 11712 us display, type 3
frame 1418: 31126 us total, 11717 us display, type 3
frame 1419: 33278 us total, 12070 us display, type 3
frame 1420: 33210 us total, 11716 us display, type 3
frame 1421: 34489 us total, 11708 us display, type 3
frame 1422: 35130 us total, 11707 us display, type 3
frame 1423: 35878 us total, 11871 us display, type 3
frame 1424: 36424 us total, 11987 us display, type 3
frame 1425: 37781 us total, 11714 us display, type 3
frame 1426: 36323 us total, 11713 us display, type 3
frame 1427: 36140 us total, 11711 us display, type 3
frame 1428: 36431 us total, 11711 us display, type 3
frame 1429: 38245 us total, 11718 us display, type 3
frame 1430: 37359 us total, 12061 us display, type 3
frame 1431: 37589 us total, 11831 us display, type 3
frame 1432: 38329 us total, 12065 us display, type 3
frame 1433: 36963 us total, 11716 us display, type 3
frame 1434: 37123 us total, 11914 us display, type 3
frame 1435: 36997 us total, 11718 us display, type 3
frame 1436: 37079 us total, 11960 us display, type 3
frame 1437: 37298 us total, 11703 us display, type 3
frame 1438: 36043 us total, 11704 us display, type 3
frame 1439: 36605 us total, 11963 us display, type 3
frame 1440: 35103 us total, 11907 us display, type 3
frame 1441: 34950 us total, 11722 us display, type 3
frame 1442: 35512 us total, 11713 us display, type 3
frame 1443: 34962 us total, 11787 us display, type 3
frame 1444: 34735 us total, 11708 us display, type 3
frame 1445: 33879 us total, 11701 us display, type 3
frame 1446: 33618 us total, 11712 us display, type 3
frame 1447: 34807 us total, 11712 us display, type 3
frame 1448: 32979 us total, 11713 us display, type 3
frame 1449: 30425 us total, 11740 us display, type 3
frame 1450: 31434 us total, 11709 us display, type 3
frame 1451: 29856 us total, 11709 us display, type 3
frame 1452: 28710 us total, 11754 us display, type 3
frame 1453: 29575 us total, 11721 us display, type 3
frame 1454: 28574 us total, 11731 us display, type 3
frame 1455: 29148 us total, 11714 us display, type 3
frame 1456: 29217 us total, 11728 us display, type 3
frame 1457: 28149 us total, 11790 us display, type 3
frame 1458: 29825 us total, 11799 us display, type 3
frame 1459: 28485 us total, 11718 us display, type 3
frame 1460: 28030 us total, 11710 us display, type 3
frame 1461: 27955 us total, 11976 us display, type 3
frame 1462: 26520 us total, 11708 us display, type 3
frame 1463: 27680 us total, 11721 us display, type 3
frame 1464: 27405 us total, 11725 us display, type 3
frame 1465: 26165 us total, 11712 us display, type 3
frame 1466: 27615 us total, 11713 us display, type 3
frame 1467: 25104 us total, 11703 us display, type 3
frame 1468: 25928 us total, 12043 us display, type 3
frame 1469: 24602 us total, 11712 us display, type 3
frame 1470: 26770 us total, 11714 us display, type 3
frame 1471: 26351 us total, 11698 us display, type 3
frame 1472: 27952 us total, 11831 us display, type 3
frame 1473: 28590 us total, 11730 us display, type 3
frame 1474: 29125 us total, 11847 us display, type 3
frame 1475: 28274 us total, 11700 us display, type 3
frame 1476: 28251 us total, 11696 us display, type 3
frame 1477: 26069 us total, 11698 us display, type 3
frame 1478: 27481 us total, 11719 us display, type 3
frame 1479: 25799 us total, 11695 us display, type 3
frame 1480: 29574 us total, 11705 us display, type 3
frame 1481: 25604 us total, 11692 us display, type 3
frame 1482: 31954 us total, 11698 us display, type 3
frame 1483: 28525 us total, 11687 us display, type 3
frame 1484: 27036 us total, 11697 us display, type 3
frame 1485: 29517 us total, 11859 us display, type 3
frame 1486: 29067 us total, 11842 us display, type 3
frame 1487: 28080 us total, 11979 us display, type 3
frame 1488: 29025 us total, 11760 us display, type 3
frame 1489: 27180 us total, 11695 us display, type 3
frame 1490: 29372 us total, 11695 us display, type 3
frame 1491: 28822 us total, 11688 us display, type 3
frame 1492: 26609 us total, 11699 us display, type 3
frame 1493: 30622 us total, 11693 us display, type 3
frame 1494: 33841 us total, 11701 us display, type 3
frame 1495: 28604 us total, 11706 us display, type 3
frame 1496: 31385 us total, 11749 us display, type 3
frame 1497: 32765 us total, 11733 us display, type 3
frame 1498: 30926 us total, 12029 us display, type 3
frame 1499: 31148 us total, 11709 us display, type 3
frame 1500: 32513 us total, 11767 us display, type 3
frame 1501: 32727 us total, 11717 us display, type 3
frame 1502: 31022 us total, 11718 us display, type 3
frame 1503: 32035 us total, 12026 us display, type 3
frame 1504: 29999 us total, 11966 us display, type 3
frame 1505: 32237 us total, 11790 us display, type 3
frame 1506: 31481 us total, 11746 us display, type 3
frame 1507: 29967 us total, 11810 us display, type 3
frame 1508: 31872 us total, 12072 us display, type 3
frame 1509: 30393 us total, 11716 us display, type 3
frame 1510: 29615 us total, 11711 us display, type 3
frame 1511: 30923 us total, 12046 us display, type 3
frame 1512: 30924 us total, 12001 us display, type 3
frame 1513: 29996 us total, 12034 us display, type 3
frame 1514: 30000 us total, 12053 us display, type 3
frame 1515: 29355 us total, 11715 us display, type 3
frame 1516: 27866 us total, 11719 us display, type 3
frame 1517: 29078 us total, 11852 us display, type 3
frame 1518: 27214 us total, 12014 us display, type 3
frame 1519: 29044 us total, 12072 us display, type 3
frame 1520: 28957 us total, 11709 us display, type 3
frame 1521: 26462 us total, 11713 us display, type 3
frame 1522: 26290 us total, 11706 us display, type 3
frame 1523: 23522 us total, 11722 us display, type 3
frame 1524: 23255 us total, 11704 us display, type 3
frame 1525: 23746 us total, 11698 us display, type 3
frame 1526: 26512 us total, 11695 us display, type 3
frame 1527: 27627 us total, 12014 us display, type 3
frame 1528: 27190 us total, 11786 us display, type 3
frame 1529: 28226 us total, 11696 us display, type 3
frame 1530: 28093 us total, 11694 us display, type 3
frame 1531: 29339 us total, 11708 us display, type 3
frame 1532: 29461 us total, 11699 us display, type 3
frame 1533: 27051 us total, 11692 us display, type 3
frame 1534: 28525 us total, 11692 us display, type 3
frame 1535: 27724 us total, 11700 us display, type 3
profile (avg of 128 frames, ms): logic+bsp 8.1 wait-fb 0.0 vp-mark 1.0 flats 2.8 columns 10.9 fuzz 0.0
frame 1536: 29152 us total, 12043 us display, type 3
audio: 74 underruns, 34 ms queued
mem @frame 1536: heap free 27552, largest 14592, min ever 27052, zone free 41204, display stack free 4400, uptime 48 s, gamestate 0, demo 1, usergame 0, tic 1651
frame 1537: 28463 us total, 11690 us display, type 3
frame 1538: 25919 us total, 11688 us display, type 3
frame 1539: 29192 us total, 11689 us display, type 3
frame 1540: 26266 us total, 11694 us display, type 3
frame 1541: 29528 us total, 11702 us display, type 3
frame 1542: 29468 us total, 11692 us display, type 3
frame 1543: 26412 us total, 12050 us display, type 3
frame 1544: 28839 us total, 11811 us display, type 3
frame 1545: 26482 us total, 11688 us display, type 3
frame 1546: 29821 us total, 11689 us display, type 3
frame 1547: 28465 us total, 11702 us display, type 3
frame 1548: 28771 us total, 11687 us display, type 3
frame 1549: 30452 us total, 11701 us display, type 3
frame 1550: 27932 us total, 11701 us display, type 3
frame 1551: 29490 us total, 11687 us display, type 3
frame 1552: 28818 us total, 11693 us display, type 3
frame 1553: 28463 us total, 11692 us display, type 3
frame 1554: 28295 us total, 11700 us display, type 3
frame 1555: 29045 us total, 12050 us display, type 3
frame 1556: 28495 us total, 11694 us display, type 3
frame 1557: 28553 us total, 11698 us display, type 3
frame 1558: 28564 us total, 11688 us display, type 3
frame 1559: 27932 us total, 11696 us display, type 3
frame 1560: 28787 us total, 11689 us display, type 3
frame 1561: 27780 us total, 11702 us display, type 3
frame 1562: 29576 us total, 11694 us display, type 3
frame 1563: 29085 us total, 11693 us display, type 3
frame 1564: 27029 us total, 11700 us display, type 3
frame 1565: 35000 us total, 11701 us display, type 3
frame 1566: 31184 us total, 11709 us display, type 3
frame 1567: 33739 us total, 11720 us display, type 3
frame 1568: 36543 us total, 11714 us display, type 3
frame 1569: 37324 us total, 11711 us display, type 3
frame 1570: 35684 us total, 11709 us display, type 3
frame 1571: 32803 us total, 11717 us display, type 3
frame 1572: 32627 us total, 11797 us display, type 3
frame 1573: 30862 us total, 11883 us display, type 3
frame 1574: 29210 us total, 11800 us display, type 3
frame 1575: 29444 us total, 11917 us display, type 3
frame 1576: 30761 us total, 11805 us display, type 3
frame 1577: 30583 us total, 12030 us display, type 3
frame 1578: 30530 us total, 11720 us display, type 3
frame 1579: 30588 us total, 11719 us display, type 3
frame 1580: 30202 us total, 11715 us display, type 3
frame 1581: 31031 us total, 11727 us display, type 3
frame 1582: 30431 us total, 12101 us display, type 3
frame 1583: 29310 us total, 11709 us display, type 3
frame 1584: 29955 us total, 11710 us display, type 3
frame 1585: 30728 us total, 11877 us display, type 3
frame 1586: 34937 us total, 11712 us display, type 3
frame 1587: 36519 us total, 11802 us display, type 3
frame 1588: 32967 us total, 11722 us display, type 3
frame 1589: 33354 us total, 11802 us display, type 3
frame 1590: 29998 us total, 11805 us display, type 3
frame 1591: 27438 us total, 11710 us display, type 3
frame 1592: 27950 us total, 11722 us display, type 3
frame 1593: 28143 us total, 11794 us display, type 3
frame 1594: 28137 us total, 11856 us display, type 3
frame 1595: 28333 us total, 11811 us display, type 3
frame 1596: 28024 us total, 11928 us display, type 3
frame 1597: 28236 us total, 11709 us display, type 3
frame 1598: 28746 us total, 12074 us display, type 3
frame 1599: 28556 us total, 11714 us display, type 3
frame 1600: 29087 us total, 11720 us display, type 3
frame 1601: 29071 us total, 11717 us display, type 3
frame 1602: 28048 us total, 11715 us display, type 3
frame 1603: 28752 us total, 11896 us display, type 3
frame 1604: 28651 us total, 11706 us display, type 3
frame 1605: 28012 us total, 11702 us display, type 3
frame 1606: 27958 us total, 12016 us display, type 3
frame 1607: 26862 us total, 11870 us display, type 3
frame 1608: 26302 us total, 11880 us display, type 3
frame 1609: 27277 us total, 11792 us display, type 3
frame 1610: 26880 us total, 11702 us display, type 3
frame 1611: 27549 us total, 12015 us display, type 3
frame 1612: 26585 us total, 11713 us display, type 3
frame 1613: 27638 us total, 12032 us display, type 3
frame 1614: 26430 us total, 11807 us display, type 3
frame 1615: 25543 us total, 11716 us display, type 3
frame 1616: 25754 us total, 11711 us display, type 3
frame 1617: 27249 us total, 11776 us display, type 3
frame 1618: 28157 us total, 11871 us display, type 3
frame 1619: 27214 us total, 11908 us display, type 3
frame 1620: 29076 us total, 12039 us display, type 3
frame 1621: 28363 us total, 11712 us display, type 3
frame 1622: 26906 us total, 11722 us display, type 3
frame 1623: 28859 us total, 11752 us display, type 3
frame 1624: 28709 us total, 11703 us display, type 3
frame 1625: 27997 us total, 11698 us display, type 3
frame 1626: 28411 us total, 11707 us display, type 3
frame 1627: 28575 us total, 11704 us display, type 3
frame 1628: 29018 us total, 12022 us display, type 3
frame 1629: 28168 us total, 11858 us display, type 3
frame 1630: 28161 us total, 11702 us display, type 3
frame 1631: 29330 us total, 11701 us display, type 3
frame 1632: 28140 us total, 11713 us display, type 3
frame 1633: 28939 us total, 11703 us display, type 3
frame 1634: 28740 us total, 11709 us display, type 3
frame 1635: 28124 us total, 11708 us display, type 3
frame 1636: 28646 us total, 11705 us display, type 3
frame 1637: 28205 us total, 11706 us display, type 3
frame 1638: 28821 us total, 11732 us display, type 3
frame 1639: 28400 us total, 11700 us display, type 3
frame 1640: 29697 us total, 11715 us display, type 3
frame 1641: 28427 us total, 11706 us display, type 3
frame 1642: 28243 us total, 11700 us display, type 3
frame 1643: 27773 us total, 11706 us display, type 3
frame 1644: 28901 us total, 11709 us display, type 3
frame 1645: 28659 us total, 11866 us display, type 3
frame 1646: 28495 us total, 11707 us display, type 3
frame 1647: 30065 us total, 11712 us display, type 3
frame 1648: 28007 us total, 11710 us display, type 3
frame 1649: 29074 us total, 11707 us display, type 3
frame 1650: 29387 us total, 11776 us display, type 3
frame 1651: 28683 us total, 12002 us display, type 3
frame 1652: 28675 us total, 11712 us display, type 3
frame 1653: 28533 us total, 11717 us display, type 3
frame 1654: 29440 us total, 11711 us display, type 3
frame 1655: 28173 us total, 11712 us display, type 3
frame 1656: 28081 us total, 11710 us display, type 3
frame 1657: 28418 us total, 11809 us display, type 3
frame 1658: 28125 us total, 11746 us display, type 3
frame 1659: 28767 us total, 11719 us display, type 3
frame 1660: 29572 us total, 11869 us display, type 3
frame 1661: 29072 us total, 11933 us display, type 3
frame 1662: 28146 us total, 12045 us display, type 3
frame 1663: 28494 us total, 11710 us display, type 3
profile (avg of 128 frames, ms): logic+bsp 6.3 wait-fb 0.0 vp-mark 1.1 flats 3.0 columns 9.1 fuzz 0.0
frame 1664: 29100 us total, 11703 us display, type 3
frame 1665: 28826 us total, 11717 us display, type 3
frame 1666: 27727 us total, 11848 us display, type 3
frame 1667: 29112 us total, 11719 us display, type 3
frame 1668: 28745 us total, 11714 us display, type 3
frame 1669: 27102 us total, 11709 us display, type 3
frame 1670: 30030 us total, 11723 us display, type 3
frame 1671: 28001 us total, 11726 us display, type 3
frame 1672: 30119 us total, 11714 us display, type 3
frame 1673: 29141 us total, 11799 us display, type 3
frame 1674: 26354 us total, 11700 us display, type 3
frame 1675: 29069 us total, 11714 us display, type 3
frame 1676: 25559 us total, 11718 us display, type 3
frame 1677: 29329 us total, 11711 us display, type 3
frame 1678: 26784 us total, 11713 us display, type 3
frame 1679: 25379 us total, 11777 us display, type 3
frame 1680: 31152 us total, 11813 us display, type 3
frame 1681: 29546 us total, 11707 us display, type 3
frame 1682: 27259 us total, 11703 us display, type 3
frame 1683: 27606 us total, 11706 us display, type 3
frame 1684: 27025 us total, 11840 us display, type 3
frame 1685: 28250 us total, 11693 us display, type 3
frame 1686: 33560 us total, 11973 us display, type 3
frame 1687: 32500 us total, 11717 us display, type 3
frame 1688: 37358 us total, 11726 us display, type 3
frame 1689: 35527 us total, 11711 us display, type 3
frame 1690: 36476 us total, 11908 us display, type 3
frame 1691: 36366 us total, 11738 us display, type 3
frame 1692: 37728 us total, 11724 us display, type 3
frame 1693: 37283 us total, 11975 us display, type 3
frame 1694: 36582 us total, 11715 us display, type 3
frame 1695: 36966 us total, 11728 us display, type 3
frame 1696: 36654 us total, 11713 us display, type 3
frame 1697: 36088 us total, 11792 us display, type 3
frame 1698: 36656 us total, 11718 us display, type 3
frame 1699: 38342 us total, 12020 us display, type 3
frame 1700: 36452 us total, 11720 us display, type 3
frame 1701: 35764 us total, 12032 us display, type 3
frame 1702: 35569 us total, 11961 us display, type 3
frame 1703: 38001 us total, 11707 us display, type 3
frame 1704: 36478 us total, 11723 us display, type 3
frame 1705: 35055 us total, 11970 us display, type 3
frame 1706: 37694 us total, 12020 us display, type 3
frame 1707: 36439 us total, 11770 us display, type 3
frame 1708: 37619 us total, 11974 us display, type 3
frame 1709: 36486 us total, 11994 us display, type 3
frame 1710: 35090 us total, 11719 us display, type 3
frame 1711: 36212 us total, 11715 us display, type 3
frame 1712: 35480 us total, 11982 us display, type 3
frame 1713: 34243 us total, 11721 us display, type 3
frame 1714: 35325 us total, 11720 us display, type 3
frame 1715: 38297 us total, 11710 us display, type 3
frame 1716: 39598 us total, 11706 us display, type 3
frame 1717: 42977 us total, 11724 us display, type 3
frame 1718: 43204 us total, 11721 us display, type 3
frame 1719: 42201 us total, 11791 us display, type 3
frame 1720: 41524 us total, 11715 us display, type 3
frame 1721: 44511 us total, 11711 us display, type 3
frame 1722: 43450 us total, 12014 us display, type 3
frame 1723: 40530 us total, 11716 us display, type 3
frame 1724: 39052 us total, 11904 us display, type 3
frame 1725: 39432 us total, 11725 us display, type 3
frame 1726: 42103 us total, 11716 us display, type 3
frame 1727: 38799 us total, 11915 us display, type 3
frame 1728: 42358 us total, 11706 us display, type 3
frame 1729: 38101 us total, 11718 us display, type 3
frame 1730: 40729 us total, 11804 us display, type 3
frame 1731: 39010 us total, 11998 us display, type 3
frame 1732: 39494 us total, 11729 us display, type 3
frame 1733: 40174 us total, 11889 us display, type 3
frame 1734: 38342 us total, 11709 us display, type 3
frame 1735: 43832 us total, 11818 us display, type 3
frame 1736: 47980 us total, 12021 us display, type 3
frame 1737: 40452 us total, 11716 us display, type 3
frame 1738: 41307 us total, 11719 us display, type 3
frame 1739: 39254 us total, 11722 us display, type 3
frame 1740: 38524 us total, 11708 us display, type 3
frame 1741: 40500 us total, 11900 us display, type 3
frame 1742: 41493 us total, 11705 us display, type 3
frame 1743: 39810 us total, 11717 us display, type 3
frame 1744: 40133 us total, 11886 us display, type 3
frame 1745: 40718 us total, 11706 us display, type 3
frame 1746: 39838 us total, 11876 us display, type 3
frame 1747: 41490 us total, 11707 us display, type 3
frame 1748: 42520 us total, 11777 us display, type 3
frame 1749: 43923 us total, 11899 us display, type 3
frame 1750: 42842 us total, 11721 us display, type 3
frame 1751: 45880 us total, 11919 us display, type 3
frame 1752: 45260 us total, 11727 us display, type 3
frame 1753: 44753 us total, 11723 us display, type 3
frame 1754: 44469 us total, 11708 us display, type 3
frame 1755: 44923 us total, 11722 us display, type 3
frame 1756: 46522 us total, 11908 us display, type 3
frame 1757: 45005 us total, 11891 us display, type 3
frame 1758: 46378 us total, 11799 us display, type 3
frame 1759: 46390 us total, 12079 us display, type 3
frame 1760: 41553 us total, 11729 us display, type 3
frame 1761: 37628 us total, 11712 us display, type 3
frame 1762: 39311 us total, 11809 us display, type 3
frame 1763: 37965 us total, 12016 us display, type 3
frame 1764: 36085 us total, 11900 us display, type 3
frame 1765: 39096 us total, 11723 us display, type 3
frame 1766: 37026 us total, 11799 us display, type 3
frame 1767: 37818 us total, 11725 us display, type 3
frame 1768: 47663 us total, 11707 us display, type 3
frame 1769: 46238 us total, 11717 us display, type 3
frame 1770: 45920 us total, 12017 us display, type 3
frame 1771: 46951 us total, 11798 us display, type 3
frame 1772: 45830 us total, 11896 us display, type 3
frame 1773: 48769 us total, 11715 us display, type 3
frame 1774: 46793 us total, 11717 us display, type 3
frame 1775: 47025 us total, 11716 us display, type 3
frame 1776: 45830 us total, 12017 us display, type 3
frame 1777: 44035 us total, 11720 us display, type 3
frame 1778: 44456 us total, 11730 us display, type 3
frame 1779: 43185 us total, 11710 us display, type 3
frame 1780: 41096 us total, 11722 us display, type 3
frame 1781: 45029 us total, 11717 us display, type 3
frame 1782: 43138 us total, 11792 us display, type 3
frame 1783: 44868 us total, 11797 us display, type 3
frame 1784: 41743 us total, 11718 us display, type 3
frame 1785: 41601 us total, 11714 us display, type 3
frame 1786: 41414 us total, 11720 us display, type 3
frame 1787: 41436 us total, 11724 us display, type 3
frame 1788: 43653 us total, 11808 us display, type 3
frame 1789: 42722 us total, 11705 us display, type 3
frame 1790: 42095 us total, 11709 us display, type 3
frame 1791: 40876 us total, 11722 us display, type 3
profile (avg of 128 frames, ms): logic+bsp 10.6 wait-fb 0.0 vp-mark 1.8 flats 5.9 columns 12.7 fuzz 0.0
frame 1792: 42358 us total, 11719 us display, type 3
audio: 74 underruns, 58 ms queued
mem @frame 1792: heap free 27552, largest 14592, min ever 27052, zone free 41164, display stack free 4400, uptime 57 s, gamestate 0, demo 1, usergame 0, tic 1954
frame 1793: 42903 us total, 11714 us display, type 3
frame 1794: 44966 us total, 12023 us display, type 3
frame 1795: 41153 us total, 11712 us display, type 3
frame 1796: 43230 us total, 11712 us display, type 3
frame 1797: 42323 us total, 11723 us display, type 3
frame 1798: 42182 us total, 11710 us display, type 3
frame 1799: 40414 us total, 11800 us display, type 3
frame 1800: 45101 us total, 11801 us display, type 3
frame 1801: 41936 us total, 11719 us display, type 3
frame 1802: 47114 us total, 11912 us display, type 3
frame 1803: 43768 us total, 11950 us display, type 3
frame 1804: 46057 us total, 11909 us display, type 3
frame 1805: 46024 us total, 11796 us display, type 3
frame 1806: 45707 us total, 12015 us display, type 3
frame 1807: 45488 us total, 11719 us display, type 3
frame 1808: 45564 us total, 11721 us display, type 3
frame 1809: 38839 us total, 11708 us display, type 3
frame 1810: 37316 us total, 11724 us display, type 3
frame 1811: 36773 us total, 11715 us display, type 3
frame 1812: 39294 us total, 11732 us display, type 3
frame 1813: 38944 us total, 12009 us display, type 3
frame 1814: 42311 us total, 11725 us display, type 3
frame 1815: 43887 us total, 12048 us display, type 3
frame 1816: 43394 us total, 11708 us display, type 3
frame 1817: 43237 us total, 11712 us display, type 3
frame 1818: 44725 us total, 11714 us display, type 3
frame 1819: 43156 us total, 11715 us display, type 3
frame 1820: 46841 us total, 11711 us display, type 3
frame 1821: 44352 us total, 11715 us display, type 3
frame 1822: 45532 us total, 11715 us display, type 3
frame 1823: 43640 us total, 11718 us display, type 3
frame 1824: 40780 us total, 11799 us display, type 3
frame 1825: 40692 us total, 11722 us display, type 3
frame 1826: 42096 us total, 11725 us display, type 3
frame 1827: 40125 us total, 11717 us display, type 3
frame 1828: 41426 us total, 11929 us display, type 3
frame 1829: 36390 us total, 11713 us display, type 3
frame 1830: 40203 us total, 11791 us display, type 3
frame 1831: 37003 us total, 11709 us display, type 3
frame 1832: 39848 us total, 12098 us display, type 3
frame 1833: 38070 us total, 11714 us display, type 3
frame 1834: 41643 us total, 11725 us display, type 3
frame 1835: 36959 us total, 11903 us display, type 3
frame 1836: 42692 us total, 11707 us display, type 3
frame 1837: 40262 us total, 11789 us display, type 3
frame 1838: 43140 us total, 11987 us display, type 3
frame 1839: 42578 us total, 11710 us display, type 3
frame 1840: 42803 us total, 11742 us display, type 3
frame 1841: 41512 us total, 11720 us display, type 3
frame 1842: 42201 us total, 12029 us display, type 3
frame 1843: 44614 us total, 12040 us display, type 3
frame 1844: 44050 us total, 11928 us display, type 3
frame 1845: 43246 us total, 11729 us display, type 3
frame 1846: 46360 us total, 11715 us display, type 3
frame 1847: 47164 us total, 11719 us display, type 3
frame 1848: 45741 us total, 11713 us display, type 3
frame 1849: 41120 us total, 11700 us display, type 3
frame 1850: 43621 us total, 12001 us display, type 3
frame 1851: 44318 us total, 11708 us display, type 3
frame 1852: 44078 us total, 11709 us display, type 3
frame 1853: 46163 us total, 11719 us display, type 3
frame 1854: 43580 us total, 11965 us display, type 3
frame 1855: 43595 us total, 11714 us display, type 3
frame 1856: 42783 us total, 11789 us display, type 3
frame 1857: 43227 us total, 11713 us display, type 3
frame 1858: 42246 us total, 11713 us display, type 3
frame 1859: 43685 us total, 12036 us display, type 3
frame 1860: 43677 us total, 11724 us display, type 3
frame 1861: 43804 us total, 11711 us display, type 3
frame 1862: 43337 us total, 11726 us display, type 3
frame 1863: 41254 us total, 11721 us display, type 3
frame 1864: 38359 us total, 12006 us display, type 3
frame 1865: 38100 us total, 11960 us display, type 3
frame 1866: 35507 us total, 11891 us display, type 3
frame 1867: 36044 us total, 11925 us display, type 3
frame 1868: 36311 us total, 11714 us display, type 3
frame 1869: 32650 us total, 12016 us display, type 3
frame 1870: 34070 us total, 11710 us display, type 3
frame 1871: 32377 us total, 11914 us display, type 3
frame 1872: 30852 us total, 11790 us display, type 3
frame 1873: 33114 us total, 11751 us display, type 3
frame 1874: 34895 us total, 11729 us display, type 3
frame 1875: 34563 us total, 12026 us display, type 3
frame 1876: 30923 us total, 12027 us display, type 3
frame 1877: 31515 us total, 11806 us display, type 3
frame 1878: 31792 us total, 11725 us display, type 3
frame 1879: 28543 us total, 11906 us display, type 3
frame 1880: 29383 us total, 11808 us display, type 3
frame 1881: 30118 us total, 11811 us display, type 3
frame 1882: 27139 us total, 11727 us display, type 3
frame 1883: 29820 us total, 11724 us display, type 3
frame 1884: 28714 us total, 11713 us display, type 3
frame 1885: 27532 us total, 11699 us display, type 3
frame 1886: 28742 us total, 11792 us display, type 3
frame 1887: 26766 us total, 11708 us display, type 3
frame 1888: 28749 us total, 11722 us display, type 3
frame 1889: 28236 us total, 11720 us display, type 3
frame 1890: 27366 us total, 11711 us display, type 3
frame 1891: 28713 us total, 11714 us display, type 3
frame 1892: 27122 us total, 11924 us display, type 3
frame 1893: 28934 us total, 11808 us display, type 3
frame 1894: 28227 us total, 11715 us display, type 3
frame 1895: 28131 us total, 11941 us display, type 3
frame 1896: 28386 us total, 11705 us display, type 3
frame 1897: 27322 us total, 11783 us display, type 3
frame 1898: 28747 us total, 11943 us display, type 3
frame 1899: 27703 us total, 11708 us display, type 3
frame 1900: 26524 us total, 11709 us display, type 3
frame 1901: 27816 us total, 11719 us display, type 3
frame 1902: 26784 us total, 11714 us display, type 3
frame 1903: 28369 us total, 11720 us display, type 3
frame 1904: 27198 us total, 11715 us display, type 3
frame 1905: 26155 us total, 12024 us display, type 3
frame 1906: 26073 us total, 11720 us display, type 3
frame 1907: 25231 us total, 12020 us display, type 3
frame 1908: 25925 us total, 11711 us display, type 3
frame 1909: 25090 us total, 11705 us display, type 3
frame 1910: 27587 us total, 11706 us display, type 3
frame 1911: 28396 us total, 11699 us display, type 3
frame 1912: 27504 us total, 11703 us display, type 3
frame 1913: 29511 us total, 11726 us display, type 3
frame 1914: 28174 us total, 11860 us display, type 3
frame 1915: 30026 us total, 11958 us display, type 3
frame 1916: 28506 us total, 11698 us display, type 3
frame 1917: 28742 us total, 11706 us display, type 3
frame 1918: 30997 us total, 11713 us display, type 3
frame 1919: 30389 us total, 11724 us display, type 3
profile (avg of 128 frames, ms): logic+bsp 10.0 wait-fb 0.0 vp-mark 1.6 flats 4.8 columns 12.6 fuzz 0.0
frame 1920: 29179 us total, 11702 us display, type 3
frame 1921: 28616 us total, 11981 us display, type 3
frame 1922: 27124 us total, 11711 us display, type 3
frame 1923: 29716 us total, 11964 us display, type 3
frame 1924: 30051 us total, 11946 us display, type 3
frame 1925: 28399 us total, 11717 us display, type 3
frame 1926: 26163 us total, 11704 us display, type 3
frame 1927: 26706 us total, 11699 us display, type 3
frame 1928: 32074 us total, 11896 us display, type 3
frame 1929: 30478 us total, 11807 us display, type 3
frame 1930: 31958 us total, 11706 us display, type 3
frame 1931: 33492 us total, 11721 us display, type 3
frame 1932: 31685 us total, 12012 us display, type 3
frame 1933: 30294 us total, 11707 us display, type 3
frame 1934: 33153 us total, 11715 us display, type 3
frame 1935: 34209 us total, 11798 us display, type 3
frame 1936: 33984 us total, 11719 us display, type 3
frame 1937: 33890 us total, 11716 us display, type 3
frame 1938: 33910 us total, 11710 us display, type 3
frame 1939: 32417 us total, 11914 us display, type 3
frame 1940: 32578 us total, 12022 us display, type 3
frame 1941: 32908 us total, 11716 us display, type 3
frame 1942: 33809 us total, 11737 us display, type 3
frame 1943: 35818 us total, 11900 us display, type 3
frame 1944: 32960 us total, 11727 us display, type 3
frame 1945: 34458 us total, 11710 us display, type 3
frame 1946: 35462 us total, 11723 us display, type 3
frame 1947: 36471 us total, 11719 us display, type 3
frame 1948: 34829 us total, 11724 us display, type 3
frame 1949: 35542 us total, 11895 us display, type 3
frame 1950: 35674 us total, 11712 us display, type 3
frame 1951: 35792 us total, 11728 us display, type 3
frame 1952: 35364 us total, 12081 us display, type 3
frame 1953: 36639 us total, 11715 us display, type 3
frame 1954: 35980 us total, 11727 us display, type 3
frame 1955: 35350 us total, 11719 us display, type 3
frame 1956: 36308 us total, 11719 us display, type 3
frame 1957: 32337 us total, 11719 us display, type 3
frame 1958: 34648 us total, 11726 us display, type 3
frame 1959: 33464 us total, 11716 us display, type 3
frame 1960: 32622 us total, 11827 us display, type 3
frame 1961: 32498 us total, 11702 us display, type 3
frame 1962: 32616 us total, 11726 us display, type 3
frame 1963: 32735 us total, 11722 us display, type 3
frame 1964: 30716 us total, 11874 us display, type 3
frame 1965: 31046 us total, 11720 us display, type 3
frame 1966: 29488 us total, 11711 us display, type 3
frame 1967: 27925 us total, 11796 us display, type 3
frame 1968: 28768 us total, 12042 us display, type 3
frame 1969: 27002 us total, 11706 us display, type 3
frame 1970: 28518 us total, 12014 us display, type 3
frame 1971: 27783 us total, 11884 us display, type 3
frame 1972: 27212 us total, 11726 us display, type 3
frame 1973: 27291 us total, 11720 us display, type 3
frame 1974: 26410 us total, 11716 us display, type 3
frame 1975: 27969 us total, 11718 us display, type 3
frame 1976: 27310 us total, 11711 us display, type 3
frame 1977: 26972 us total, 11760 us display, type 3
frame 1978: 27644 us total, 11716 us display, type 3
frame 1979: 27756 us total, 11705 us display, type 3
frame 1980: 28540 us total, 11918 us display, type 3
frame 1981: 27725 us total, 11712 us display, type 3
frame 1982: 27643 us total, 11704 us display, type 3
frame 1983: 27531 us total, 11716 us display, type 3
frame 1984: 27223 us total, 11942 us display, type 3
frame 1985: 28443 us total, 11716 us display, type 3
frame 1986: 27086 us total, 11796 us display, type 3
frame 1987: 28239 us total, 11726 us display, type 3
frame 1988: 26844 us total, 11713 us display, type 3
frame 1989: 26101 us total, 11706 us display, type 3
frame 1990: 27883 us total, 11711 us display, type 3
frame 1991: 25720 us total, 11773 us display, type 3
frame 1992: 28086 us total, 11968 us display, type 3
frame 1993: 26534 us total, 12059 us display, type 3
frame 1994: 24458 us total, 11689 us display, type 3
frame 1995: 28505 us total, 11804 us display, type 3
frame 1996: 25631 us total, 11692 us display, type 3
frame 1997: 30154 us total, 11699 us display, type 3
frame 1998: 31502 us total, 11689 us display, type 3
frame 1999: 27068 us total, 11685 us display, type 3
frame 2000: 30486 us total, 11693 us display, type 3
frame 2001: 25988 us total, 11999 us display, type 3
frame 2002: 32187 us total, 11704 us display, type 3
frame 2003: 27811 us total, 12028 us display, type 3
frame 2004: 27355 us total, 11700 us display, type 3
frame 2005: 32912 us total, 11699 us display, type 3
frame 2006: 31676 us total, 11705 us display, type 3
frame 2007: 32113 us total, 11717 us display, type 3
frame 2008: 31120 us total, 11724 us display, type 3
frame 2009: 32015 us total, 11802 us display, type 3
frame 2010: 30403 us total, 11854 us display, type 3
frame 2011: 33124 us total, 11722 us display, type 3
frame 2012: 33632 us total, 11714 us display, type 3
frame 2013: 32200 us total, 11714 us display, type 3
frame 2014: 36043 us total, 11944 us display, type 3
frame 2015: 35555 us total, 11737 us display, type 3
frame 2016: 38488 us total, 12053 us display, type 3
frame 2017: 36518 us total, 11969 us display, type 3
frame 2018: 36660 us total, 11840 us display, type 3
frame 2019: 39378 us total, 11715 us display, type 3
frame 2020: 38898 us total, 11713 us display, type 3
frame 2021: 38996 us total, 11716 us display, type 3
frame 2022: 37795 us total, 11719 us display, type 3
frame 2023: 35326 us total, 11717 us display, type 3
frame 2024: 38303 us total, 12034 us display, type 3
frame 2025: 39006 us total, 11699 us display, type 3
frame 2026: 37868 us total, 12075 us display, type 3
frame 2027: 37843 us total, 11714 us display, type 3
frame 2028: 38086 us total, 11873 us display, type 3
frame 2029: 34982 us total, 11978 us display, type 3
frame 2030: 37221 us total, 11998 us display, type 3
frame 2031: 36534 us total, 11724 us display, type 3
frame 2032: 38477 us total, 12044 us display, type 3
frame 2033: 36034 us total, 11712 us display, type 3
frame 2034: 38025 us total, 11732 us display, type 3
frame 2035: 37893 us total, 11710 us display, type 3
frame 2036: 30925 us total, 12014 us display, type 3
frame 2037: 31238 us total, 11707 us display, type 3
frame 2038: 28541 us total, 12022 us display, type 3
frame 2039: 31710 us total, 11714 us display, type 3
frame 2040: 32193 us total, 11726 us display, type 3
frame 2041: 27864 us total, 11716 us display, type 3
frame 2042: 32017 us total, 11734 us display, type 3
frame 2043: 33055 us total, 11720 us display, type 3
frame 2044: 29909 us total, 11720 us display, type 3
frame 2045: 30977 us total, 11720 us display, type 3
frame 2046: 28333 us total, 11774 us display, type 3
frame 2047: 30705 us total, 11710 us display, type 3
profile (avg of 128 frames, ms): logic+bsp 8.8 wait-fb 0.0 vp-mark 1.3 flats 2.8 columns 11.1 fuzz 0.0
frame 2048: 30796 us total, 11722 us display, type 3
audio: 74 underruns, 46 ms queued
mem @frame 2048: heap free 27552, largest 14592, min ever 27052, zone free 40884, display stack free 4400, uptime 66 s, gamestate 0, demo 1, usergame 0, tic 2262
frame 2049: 29166 us total, 11709 us display, type 3
frame 2050: 30032 us total, 11721 us display, type 3
frame 2051: 31511 us total, 11991 us display, type 3
frame 2052: 27196 us total, 11856 us display, type 3
frame 2053: 30026 us total, 11959 us display, type 3
frame 2054: 29719 us total, 11903 us display, type 3
frame 2055: 25910 us total, 11704 us display, type 3
frame 2056: 29217 us total, 11711 us display, type 3
frame 2057: 26606 us total, 11812 us display, type 3
frame 2058: 28632 us total, 11717 us display, type 3
frame 2059: 29543 us total, 11734 us display, type 3
frame 2060: 24917 us total, 11874 us display, type 3
frame 2061: 28191 us total, 11719 us display, type 3
frame 2062: 24813 us total, 11710 us display, type 3
frame 2063: 29839 us total, 11760 us display, type 3
frame 2064: 30976 us total, 11719 us display, type 3
frame 2065: 28101 us total, 11791 us display, type 3
frame 2066: 31865 us total, 11969 us display, type 3
frame 2067: 30416 us total, 11712 us display, type 3
frame 2068: 27728 us total, 11933 us display, type 3
frame 2069: 30903 us total, 11810 us display, type 3
frame 2070: 28716 us total, 11716 us display, type 3
frame 2071: 34070 us total, 11707 us display, type 3
frame 2072: 32188 us total, 11717 us display, type 3
frame 2073: 32133 us total, 11771 us display, type 3
frame 2074: 30589 us total, 11775 us display, type 3
frame 2075: 31774 us total, 11857 us display, type 3
frame 2076: 28595 us total, 11802 us display, type 3
frame 2077: 26690 us total, 11715 us display, type 3
frame 2078: 28489 us total, 11713 us display, type 3
frame 2079: 25894 us total, 11710 us display, type 3
frame 2080: 30884 us total, 11828 us display, type 3
frame 2081: 30004 us total, 12041 us display, type 3
frame 2082: 27224 us total, 11738 us display, type 3
frame 2083: 29524 us total, 11713 us display, type 3
frame 2084: 27022 us total, 11719 us display, type 3
frame 2085: 29803 us total, 11709 us display, type 3
frame 2086: 30000 us total, 11704 us display, type 3
frame 2087: 28090 us total, 11936 us display, type 3
frame 2088: 30006 us total, 11974 us display, type 3
frame 2089: 29418 us total, 11717 us display, type 3
frame 2090: 28634 us total, 11725 us display, type 3
frame 2091: 29078 us total, 11708 us display, type 3
frame 2092: 27475 us total, 11716 us display, type 3
frame 2093: 30666 us total, 12038 us display, type 3
frame 2094: 28284 us total, 11713 us display, type 3
frame 2095: 25562 us total, 11724 us display, type 3
frame 2096: 27741 us total, 12037 us display, type 3
frame 2097: 25525 us total, 11709 us display, type 3
frame 2098: 27038 us total, 11731 us display, type 3
frame 2099: 26145 us total, 11772 us display, type 3
frame 2100: 25360 us total, 11879 us display, type 3
frame 2101: 28146 us total, 11807 us display, type 3
frame 2102: 26619 us total, 12061 us display, type 3
frame 2103: 29052 us total, 11711 us display, type 3
frame 2104: 27950 us total, 11714 us display, type 3
frame 2105: 27026 us total, 11704 us display, type 3
frame 2106: 29078 us total, 11706 us display, type 3
frame 2107: 27480 us total, 11708 us display, type 3
frame 2108: 29667 us total, 11717 us display, type 3
frame 2109: 28473 us total, 11717 us display, type 3
frame 2110: 28484 us total, 11707 us display, type 3
frame 2111: 29156 us total, 11709 us display, type 3
frame 2112: 27358 us total, 11709 us display, type 3
frame 2113: 28401 us total, 11711 us display, type 3
frame 2114: 28565 us total, 11719 us display, type 3
frame 2115: 28442 us total, 11711 us display, type 3
frame 2116: 28853 us total, 11704 us display, type 3
frame 2117: 27958 us total, 11758 us display, type 3
frame 2118: 28904 us total, 11785 us display, type 3
frame 2119: 27914 us total, 11700 us display, type 3
frame 2120: 29213 us total, 11698 us display, type 3
frame 2121: 28001 us total, 12042 us display, type 3
frame 2122: 27937 us total, 11703 us display, type 3
frame 2123: 30651 us total, 11825 us display, type 3
frame 2124: 29046 us total, 11891 us display, type 3
frame 2125: 27541 us total, 11704 us display, type 3
frame 2126: 29578 us total, 11942 us display, type 3
frame 2127: 28345 us total, 11707 us display, type 3
frame 2128: 28111 us total, 11702 us display, type 3
frame 2129: 28573 us total, 11899 us display, type 3
frame 2130: 29904 us total, 11905 us display, type 3
frame 2131: 29638 us total, 11944 us display, type 3
frame 2132: 29078 us total, 12009 us display, type 3
frame 2133: 28436 us total, 11710 us display, type 3
frame 2134: 28197 us total, 12036 us display, type 3
frame 2135: 30315 us total, 11711 us display, type 3
frame 2136: 27605 us total, 11712 us display, type 3
frame 2137: 28697 us total, 11716 us display, type 3
frame 2138: 27530 us total, 11703 us display, type 3
frame 2139: 28467 us total, 11712 us display, type 3
frame 2140: 29445 us total, 11814 us display, type 3
frame 2141: 27376 us total, 11902 us display, type 3
frame 2142: 28451 us total, 11700 us display, type 3
frame 2143: 28075 us total, 11699 us display, type 3
frame 2144: 29204 us total, 11699 us display, type 3
frame 2145: 28496 us total, 11715 us display, type 3
frame 2146: 27051 us total, 11713 us display, type 3
frame 2147: 29429 us total, 11716 us display, type 3
frame 2148: 28249 us total, 11709 us display, type 3
frame 2149: 26635 us total, 11695 us display, type 3
frame 2150: 29725 us total, 11872 us display, type 3
frame 2151: 27670 us total, 11703 us display, type 3
frame 2152: 29034 us total, 11701 us display, type 3
frame 2153: 29260 us total, 11713 us display, type 3
frame 2154: 26520 us total, 11696 us display, type 3
frame 2155: 27776 us total, 11694 us display, type 3
frame 2156: 27897 us total, 11694 us display, type 3
frame 2157: 29968 us total, 11695 us display, type 3
frame 2158: 28810 us total, 11702 us display, type 3
frame 2159: 28104 us total, 11704 us display, type 3
frame 2160: 32181 us total, 11804 us display, type 3
frame 2161: 30073 us total, 11935 us display, type 3
frame 2162: 26713 us total, 11704 us display, type 3
frame 2163: 30810 us total, 11903 us display, type 3
frame 2164: 27146 us total, 11713 us display, type 3
frame 2165: 29665 us total, 11707 us display, type 3
frame 2166: 28462 us total, 12048 us display, type 3
frame 2167: 27748 us total, 11720 us display, type 3
frame 2168: 30197 us total, 11724 us display, type 3
frame 2169: 28789 us total, 11745 us display, type 3
frame 2170: 27642 us total, 11702 us display, type 3
frame 2171: 29899 us total, 11718 us display, type 3
frame 2172: 28307 us total, 11716 us display, type 3
frame