ESP-ROM:esp32c6-20220919
Build:Sep 19 2022
rst:0x15 (USB_UART_HPSYS),boot:0x2c (SPI_FAST_FLASH_BOOT)
Saved PC:0x4080d374
SPIWP:0xee
mode:DIO, clock div:2
load:0x40875720,len:0x1a5c
load:0x4086c110,len:0xf58
load:0x4086e610,len:0x3074
entry 0x4086c11a
[0;32mI (23) boot: ESP-IDF v5.3.4 2nd stage bootloader[0m
[0;32mI (23) boot: compile time Sep 14 2026 20:53:10[0m
[0;32mI (23) boot: chip revision: v0.2[0m
[0;32mI (24) boot: efuse block revision: v0.3[0m
[0;32mI (24) qio_mode: Enabling QIO for flash chip WinBond[0m
[0;32mI (24) boot.esp32c6: SPI Speed      : 80MHz[0m
[0;32mI (25) boot.esp32c6: SPI Mode       : QIO[0m
[0;32mI (25) boot.esp32c6: SPI Flash Size : 16MB[0m
[0;32mI (25) boot: Enabling RNG early entropy source...[0m
[0;32mI (26) boot: Partition Table:[0m
[0;32mI (26) boot: ## Label            Usage          Type ST Offset   Length[0m
[0;32mI (26) boot:  0 nvs              WiFi data        01 02 00009000 00006000[0m
[0;32mI (27) boot:  1 phy_init         RF data          01 01 0000f000 00001000[0m
[0;32mI (28) boot:  2 factory          factory app      00 00 00010000 00200000[0m
[0;32mI (28) boot:  3 wad              Unknown data     01 40 00210000 00400000[0m
[0;32mI (29) boot:  4 saves            WiFi data        01 02 00610000 00020000[0m
[0;32mI (29) boot: End of partition table[0m
[0;32mI (30) esp_image: segment 0: paddr=00010020 vaddr=420c0020 size=31ca8h (203944) map[0m
[0;32mI (67) esp_image: segment 1: paddr=00041cd0 vaddr=40800000 size=0e348h ( 58184) load[0m
[0;32mI (80) esp_image: segment 2: paddr=00050020 vaddr=42000020 size=b442ch (738348) map[0m
[0;32mI (212) esp_image: segment 3: paddr=00104454 vaddr=4080e348 size=08ba0h ( 35744) load[0m
[0;32mI (220) esp_image: segment 4: paddr=0010cffc vaddr=40816ef0 size=03414h ( 13332) load[0m
[0;32mI (224) esp_image: segment 5: paddr=00110418 vaddr=50000000 size=00004h (     4) load[0m
[0;32mI (230) boot: Loaded app from partition at offset 0x10000[0m
[0;32mI (230) boot: Disabling RNG early entropy source...[0m
[0;32mI (232) cpu_start: Unicore app[0m
[0;32mI (240) cpu_start: Pro cpu start user code[0m
[0;32mI (240) cpu_start: cpu freq: 160000000 Hz[0m
[0;32mI (241) app_init: Application information:[0m
[0;32mI (241) app_init: Project name:     diablito[0m
[0;32mI (241) app_init: App version:      827a7d3-dirty[0m
[0;32mI (241) app_init: Compile time:     Sep 14 2026 23:25:26[0m
[0;32mI (242) app_init: ELF file SHA256:  7290688b0...[0m
[0;32mI (242) app_init: ESP-IDF:          v5.3.4[0m
[0;32mI (242) efuse_init: Min chip rev:     v0.0[0m
[0;32mI (242) efuse_init: Max chip rev:     v0.99 [0m
[0;32mI (243) efuse_init: Chip rev:         v0.2[0m
[0;32mI (243) heap_init: Initializing. RAM available for dynamic allocation:[0m
[0;32mI (243) heap_init: At 40834DF0 len 00047820 (286 KiB): RAM[0m
[0;32mI (244) heap_init: At 4087C610 len 00002F54 (11 KiB): RAM[0m
[0;32mI (244) heap_init: At 50000004 len 00003FE4 (15 KiB): RTCRAM[0m
[0;32mI (245) spi_flash: detected chip: generic[0m
[0;32mI (245) spi_flash: flash io: qio[0m
[0;33mW (245) i2c: This driver is an old driver, please migrate your application code to adapt `driver/i2c_master.h`[0m
[0;32mI (246) sleep: Configure to isolate all GPIO pins in sleep state[0m
[0;32mI (246) sleep: Enable automatic switching of GPIO sleep configuration[0m
[0;32mI (247) coexist: coex firmware version: a13b09d[0m
[0;32mI (247) coexist: coexist rom version 5b8dcfa[0m
[0;32mI (248) main_task: Started on CPU0[0m
[0;32mI (248) main_task: Calling app_main()[0m
[0;32mI (248) gpio: GPIO[15]| InputEn: 0| OutputEn: 1| OpenDrain: 0| Pullup: 0| Pulldown: 0| Intr:0 [0m
[0;32mI (248) gpio: GPIO[9]| InputEn: 1| OutputEn: 0| OpenDrain: 0| Pullup: 1| Pulldown: 0| Intr:0 [0m
[0;32mI (248) gpio: GPIO[18]| InputEn: 1| OutputEn: 0| OpenDrain: 0| Pullup: 1| Pulldown: 0| Intr:0 [0m
[0;32mI (249) gpio: GPIO[0]| InputEn: 0| OutputEn: 0| OpenDrain: 0| Pullup: 0| Pulldown: 0| Intr:0 [0m
[0;32mI (249) DIABLITO: DIABLITO skeleton, IDF v5.3.4, CPU 160 MHz[0m
[0;32mI (249) DIABLITO: heap at boot: free 289940, largest block 262144, min ever 289940, dma-capable 275340[0m
[0;32mI (250) gpio: GPIO[3]| InputEn: 0| OutputEn: 1| OpenDrain: 0| Pullup: 0| Pulldown: 0| Intr:0 [0m
[0;32mI (250) gpio: GPIO[4]| InputEn: 0| OutputEn: 1| OpenDrain: 0| Pullup: 0| Pulldown: 0| Intr:0 [0m
[0;32mI (754) DISPLAY: ST7789 up: 280x240 landscape, SPI 80 MHz, 2 x 8960 B DMA strips[0m
[0;32mI (754) DIABLITO: heap after display: free 270456, largest block 241664, min ever 270456, dma-capable 255856[0m
[0;32mI (755) DIABLITO: wad partition @0x210000 size 4194304: magic IWHD, 1264 lumps, infotable @36, file 2073676 bytes[0m
[0;32mI (755) DIABLITO: WHD mapped at 0x42100000, header via mmap: IWHD ·©ÔUDOOM1[0m
[0;32mI (756) DIABLITO: heap after wad mmap: free 269824, largest block 241664, min ever 269824, dma-capable 255224[0m
[0;32mI (756) DIABLITO: main task stack high-water: 14904 bytes free[0m
[0;32mI (757) DIABLITO: .bss ends at 0x40834de8 (short-pointer window ends at 0x40840000, 45592 bytes spare)[0m
[0;32mI (757) DIABLITO: heap before BLE: free 269824, largest block 241664, min ever 269824, dma-capable 255224[0m
[0;32mI (771) BLE_INIT: Using main XTAL as clock source, chip ver: 2[0m
[0;32mI (771) BLE_INIT: ble controller commit:[ca6c20b][0m
[0;32mI (775) BLE_INIT: Bluetooth MAC: fc:01:2c:fd:fc:b2[0m
[0;32mI (775) phy_init: phy_version 341,a6c8fe6,Jul 30 2025,18:34:11[0m
[0;32mI (869) phy: libbtbb version: a945109, Jul 30 2025, 18:34:25[0m
[0;32mI (876) PAD: init, saved controller: yes[0m
[0;32mI (1077) DIABLITO: heap after BLE init: free 231064, largest block 204800, min ever 230928, dma-capable 216464[0m
[0;32mI (1077) DIABLITO: starting Doom[0m
                          DIABLITO Doom 3.0.0
Z_Init: Init zone memory allocation daemon. 
zone memory: 0x40822430, 10000 allocated for zone
M_LoadDefaults: Load system defaults.
W_Init: Init WADfiles.
===========================================================================
                            DOOM Shareware
===========================================================================
 DIABLITO Doom is free software, covered by the GNU General Public
 License.  There is NO warranty; not even for MERCHANTABILITY or FITNESS
 FOR A PARTICULAR PURPOSE. You are welcome to change and distribute
 copies under certain conditions. See the source for more information.
===========================================================================
I_Init: Setting up machine state.
[0;32mI (1129) AUDIO: ES8311 + I2S: 22050 Hz, 2 ch, ring 8192 bytes (92 ms)[0m
M_Init: Init miscellaneous info.
R_Init: Init DOOM refresh daemon - .........
P_Init: Init Playloop state.
S_Init: Setting up sound.
D_CheckNetGame: Checking network game status.
Emulating the behavior of the 'Doom 1.9' executable.
HU_Init: Setting up heads up display.
ST_Init: Init status bar.
frame 2: 28635 us total, 11724 us display, type 4
frame 3: 12735 us total, 11669 us display, type 4
frame 4: 28705 us total, 11666 us display, type 4
frame 5: 28047 us total, 11664 us display, type 4
frame 6: 28992 us total, 11665 us display, type 4
frame 7: 27999 us total, 11662 us display, type 4
frame 8: 29060 us total, 11676 us display, type 4
frame 9: 27865 us total, 11661 us display, type 4
frame 10: 29057 us total, 11670 us display, type 4
frame 11: 28969 us total, 11660 us display, type 4
frame 12: 27981 us total, 11662 us display, type 4
frame 13: 29083 us total, 11667 us display, type 4
frame 14: 27932 us total, 11669 us display, type 4
frame 15: 29081 us total, 11667 us display, type 4
frame 16: 27926 us total, 11660 us display, type 4
frame 17: 28988 us total, 11669 us display, type 4
frame 18: 29010 us total, 11661 us display, type 4
frame 19: 27979 us total, 11662 us display, type 4
frame 20: 29087 us total, 11668 us display, type 4
frame 21: 27965 us total, 11668 us display, type 4
frame 22: 29002 us total, 11669 us display, type 4
frame 23: 27988 us total, 11668 us display, type 4
frame 24: 29042 us total, 11662 us display, type 4
frame 25: 28946 us total, 11665 us display, type 4
frame 26: 28036 us total, 11662 us display, type 4
frame 27: 28919 us total, 11661 us display, type 4
frame 28: 28070 us total, 11666 us display, type 4
frame 29: 28989 us total, 11669 us display, type 4
frame 30: 28003 us total, 11676 us display, type 4
frame 31: 29041 us total, 11662 us display, type 4
frame 32: 28955 us total, 11675 us display, type 4
frame 33: 28013 us total, 11661 us display, type 4
frame 34: 29026 us total, 11667 us display, type 4
frame 35: 27924 us total, 11660 us display, type 4
frame 36: 29042 us total, 11670 us display, type 4
frame 37: 28074 us total, 11677 us display, type 4
frame 38: 28918 us total, 11671 us display, type 4
frame 39: 29107 us total, 11727 us display, type 4
frame 40: 27859 us total, 11660 us display, type 4
frame 41: 29015 us total, 11661 us display, type 4
frame 42: 28026 us total, 11670 us display, type 4
frame 43: 29007 us total, 11674 us display, type 4
frame 44: 28062 us total, 11672 us display, type 4
frame 45: 28912 us total, 11665 us display, type 4
frame 46: 29150 us total, 11736 us display, type 4
frame 47: 27891 us total, 11664 us display, type 4
frame 48: 28959 us total, 11664 us display, type 4
frame 49: 28037 us total, 11664 us display, type 4
frame 50: 29027 us total, 11665 us display, type 4
frame 51: 27898 us total, 11666 us display, type 4
frame 52: 29099 us total, 11662 us display, type 4
frame 53: 28901 us total, 11666 us display, type 4
frame 54: 28127 us total, 11673 us display, type 4
frame 55: 28908 us total, 11662 us display, type 4
frame 56: 27975 us total, 11662 us display, type 4
frame 57: 29100 us total, 11666 us display, type 4
frame 58: 27887 us total, 11662 us display, type 4
frame 59: 29044 us total, 11661 us display, type 4
frame 60: 28995 us total, 11662 us display, type 4
frame 61: 27987 us total, 11665 us display, type 4
frame 62: 29016 us total, 11662 us display, type 4
frame 63: 28024 us total, 11670 us display, type 4
frame 64: 29001 us total, 11669 us display, type 4
frame 65: 27990 us total, 11669 us display, type 4
frame 66: 29000 us total, 11670 us display, type 4
frame 67: 29011 us total, 11686 us display, type 4
frame 68: 28041 us total, 11664 us display, type 4
frame 69: 28897 us total, 11669 us display, type 4
frame 70: 28222 us total, 11789 us display, type 4
frame 71: 28839 us total, 11672 us display, type 4
frame 72: 28114 us total, 11732 us display, type 4
frame 73: 28950 us total, 11672 us display, type 4
[0;32mI (3234) PAD: found  78:86:2e:8f:59:f6 rssi -52[0m
frame 74: 29249 us total, 11812 us display, type 4
frame 75: 27704 us total, 11662 us display, type 4
frame 76: 28974 us total, 11670 us display, type 4
frame 77: 29348 us total, 13055 us display, type 4
frame 78: 27936 us total, 11689 us display, type 4
[0;32mI (3388) NimBLE: Connection established [0m
[0;32mI (3389) NIMBLE_HIDH: pairing for encrypted link (rc=0)[0m
frame 79: 29582 us total, 11706 us display, type 4
frame 80: 27144 us total, 11666 us display, type 4
frame 81: 29217 us total, 11698 us display, type 4
frame 82: 27719 us total, 11662 us display, type 4
[0;32mI (3487) NimBLE: mtu update event; conn_handle=0 cid=4 mtu=23
[0m
frame 83: 29226 us total, 11694 us display, type 4
frame 84: 28039 us total, 11930 us display, type 4
frame 85: 28949 us total, 11680 us display, type 4
frame 86: 27919 us total, 11687 us display, type 4
frame 87: 28872 us total, 11662 us display, type 4
[0;32mI (3637) NIMBLE_HIDH: encryption change: status=0[0m
frame 88: 29343 us total, 11715 us display, type 4
frame 89: 27692 us total, 11661 us display, type 4
frame 90: 29168 us total, 11704 us display, type 4
[0;32mI (3737) NIMBLE_HIDH: service 0x1800 handles 1-7[0m
[0;32mI (3737) NIMBLE_HIDH: service 0x1801 handles 8-8[0m
[0;32mI (3737) NIMBLE_HIDH: service 0x180a handles 9-17[0m
frame 91: 29061 us total, 12887 us display, type 4
frame 92: 27937 us total, 11690 us display, type 4
frame 93: 28033 us total, 11700 us display, type 4
frame 94: 28811 us total, 11669 us display, type 4
[0;32mI (3837) NIMBLE_HIDH: service 0x180f handles 18-21[0m
[0;32mI (3837) NIMBLE_HIDH: service 0x1812 handles 22-35[0m
frame 95: 29178 us total, 11708 us display, type 4
frame 96: 27836 us total, 11669 us display, type 4
frame 97: 29018 us total, 11677 us display, type 4
[0;32mI (3938) NIMBLE_HIDH: service 00000001-5f60-4c4f-9c83-a7953298d40d handles 36-42[0m
frame 98: 29013 us total, 12719 us display, type 4
frame 99: 28152 us total, 11670 us display, type 4
frame 100: 27989 us total, 11696 us display, type 4
frame 101: 28828 us total, 11669 us display, type 4
frame 102: 29240 us total, 11709 us display, type 4
frame 103: 28164 us total, 11918 us display, type 4
frame 104: 29042 us total, 11913 us display, type 4
[0;32mI (4127) NimBLE: Read complete; status=0 conn_handle=0[0m
frame 105: 27735 us total, 11703 us display, type 4
[0;32mI (4157) NimBLE: Read complete; status=0 conn_handle=0[0m
[0;32mI (4157) NimBLE: Read complete; status=14 conn_handle=0[0m
frame 106: 29050 us total, 11701 us display, type 4
frame 107: 28299 us total, 11709 us display, type 4
frame 108: 29515 us total, 12674 us display, type 4
frame 109: 28664 us total, 12176 us display, type 4
frame 110: 28073 us total, 12310 us display, type 4
[0;32mI (4307) NimBLE: Read complete; status=0 conn_handle=0[0m
[0;32mI (4308) NimBLE: Read complete; status=14 conn_handle=0[0m
frame 111: 29672 us total, 12919 us display, type 4
[0;32mI (4337) NimBLE: Read complete; status=0 conn_handle=0[0m
[0;32mI (4338) NimBLE: Read complete; status=14 conn_handle=0[0m
frame 112: 28135 us total, 13068 us display, type 4
[0;32mI (4367) NimBLE: Read complete; status=0 conn_handle=0[0m
[0;32mI (4368) NimBLE: Read complete; status=14 conn_handle=0[0m
frame 113: 28666 us total, 12782 us display, type 4
frame 114: 27465 us total, 12189 us display, type 4
frame 115: 28980 us total, 12165 us display, type 4
frame 116: 28830 us total, 12054 us display, type 4
frame 117: 27703 us total, 11693 us display, type 4
frame 118: 28957 us total, 11704 us display, type 4
frame 119: 28018 us total, 11705 us display, type 4
frame 120: 29459 us total, 12231 us display, type 4
[0;32mI (4592) NimBLE: Read complete; status=0 conn_handle=0[0m
frame 121: 28142 us total, 12325 us display, type 4
[0;32mI (4622) NimBLE: Read complete; status=0 conn_handle=0[0m
frame 122: 29038 us total, 12333 us display, type 4
[0;32mI (4652) NimBLE: Read complete; status=0 conn_handle=0[0m
frame 123: 28955 us total, 12326 us display, type 4
[0;32mI (4682) NimBLE: Read complete; status=0 conn_handle=0[0m
frame 124: 28043 us total, 12331 us display, type 4
[0;32mI (4712) NimBLE: Read complete; status=0 conn_handle=0[0m
frame 125: 28990 us total, 12309 us display, type 4
frame 126: 27328 us total, 11698 us display, type 4
[0;32mI (4757) NimBLE: Read complete; status=0 conn_handle=0[0m
frame 127: 29029 us total, 11696 us display, type 4
[0;32mI (4787) NimBLE: Read complete; status=0 conn_handle=0[0m
profile (avg of 128 frames, ms): logic+bsp 0.1 wait-fb 0.0 vp-mark 0.0 flats 0.0 columns 0.0 fuzz 0.0
frame 128: 29144 us total, 11718 us display, type 4
[0;32mI (4817) NimBLE: Read complete; status=0 conn_handle=0[0m
frame 129: 28884 us total, 12849 us display, type 4
[0;32mI (4847) NimBLE: Read complete; status=0 conn_handle=0[0m
frame 130: 28793 us total, 12489 us display, type 4
[0;32mI (4877) NimBLE: Read complete; status=0 conn_handle=0[0m
frame 131: 28172 us total, 12710 us display, type 4
[0;32mI (4907) NimBLE: Read complete; status=0 conn_handle=0[0m
frame 132: 29062 us total, 12703 us display, type 4
[0;32mI (4937) NimBLE: Read complete; status=0 conn_handle=0[0m
frame 133: 28132 us total, 12852 us display, type 4
[0;32mI (4967) NimBLE: Read complete; status=0 conn_handle=0[0m
[0;32mI (4968) NimBLE: Read complete; status=14 conn_handle=0[0m
frame 134: 28850 us total, 12756 us display, type 4
frame 135: 27618 us total, 12324 us display, type 4
[0;32mI (5027) NimBLE: Read complete; status=0 conn_handle=0[0m
[0;32mI (5028) NimBLE: Read complete; status=14 conn_handle=0[0m
frame 136: 29405 us total, 12756 us display, type 4
frame 137: 28497 us total, 12226 us display, type 4
frame 138: 27482 us total, 11690 us display, type 4
[0;32mI (5087) NimBLE: Read complete; status=0 conn_handle=0[0m
[0;32mI (5088) NimBLE: Read complete; status=14 conn_handle=0[0m
[0;32mI (5089) NIMBLE_HIDH: attaching listeners, battery handle 20 ccc 21[0m
[0;32mI (5090) PAD: report map: 22 input fields[0m
[0;32mI (5090) PAD:   field rid 1 page 1 usage 0x30 bits 16 @0 logical 0..65535[0m
[0;32mI (5090) PAD:   field rid 1 page 1 usage 0x31 bits 16 @16 logical 0..65535[0m
[0;32mI (5090) PAD:   field rid 1 page 1 usage 0x32 bits 16 @32 logical 0..65535[0m
[0;32mI (5091) PAD:   field rid 1 page 1 usage 0x35 bits 16 @48 logical 0..65535[0m
[0;32mI (5091) PAD:   field rid 1 page 2 usage 0xc5 bits 10 @64 logical 0..1023[0m
[0;32mI (5092) PAD:   field rid 1 page 2 usage 0xc4 bits 10 @80 logical 0..1023[0m
[0;32mI (5092) PAD:   field rid 1 page 1 usage 0x39 bits 4 @96 logical 1..8[0m
[0;32mI (5092) PAD:   field rid 1 page 9 usage 0x01 bits 1 @104 logical 0..1[0m
[0;32mI (5093) PAD:   field rid 1 page 9 usage 0x02 bits 1 @105 logical 0..1[0m
[0;32mI (5093) PAD:   field rid 1 page 9 usage 0x03 bits 1 @106 logical 0..1[0m
[0;32mI (5093) PAD:   field rid 1 page 9 usage 0x04 bits 1 @107 logical 0..1[0m
[0;32mI (5094) PAD:   field rid 1 page 9 usage 0x05 bits 1 @108 logical 0..1[0m
[0;32mI (5094) PAD:   field rid 1 page 9 usage 0x06 bits 1 @109 logical 0..1[0m
[0;32mI (5094) PAD:   field rid 1 page 9 usage 0x07 bits 1 @110 logical 0..1[0m
[0;32mI (5095) PAD:   field rid 1 page 9 usage 0x08 bits 1 @111 logical 0..1[0m
[0;32mI (5095) PAD:   field rid 1 page 9 usage 0x09 bits 1 @112 logical 0..1[0m
[0;32mI (5095) PAD:   field rid 1 page 9 usage 0x0a bits 1 @113 logical 0..1[0m
[0;32mI (5096) PAD:   field rid 1 page 9 usage 0x0b bits 1 @114 logical 0..1[0m
[0;32mI (5096) PAD:   field rid 1 page 9 usage 0x0c bits 1 @115 logical 0..1[0m
[0;32mI (5096) PAD:   field rid 1 page 9 usage 0x0d bits 1 @116 logical 0..1[0m
[0;32mI (5097) PAD:   field rid 1 page 9 usage 0x0e bits 1 @117 logical 0..1[0m
[0;32mI (5097) PAD:   field rid 1 page 9 usage 0x0f bits 1 @118 logical 0..1[0m
[0;32mI (5097) PAD:   rid 1 page 1 usage 30 bit 0 size 16 [0..65535][0m
[0;32mI (5098) PAD:   rid 1 page 1 usage 31 bit 16 size 16 [0..65535][0m
[0;32mI (5098) PAD:   rid 1 page 1 usage 32 bit 32 size 16 [0..65535][0m
[0;32mI (5098) PAD:   rid 1 page 1 usage 35 bit 48 size 16 [0..65535][0m
[0;32mI (5098) PAD:   rid 1 page 2 usage c5 bit 64 size 10 [0..1023][0m
[0;32mI (5099) PAD:   rid 1 page 2 usage c4 bit 80 size 10 [0..1023][0m
[0;32mI (5099) PAD:   rid 1 page 1 usage 39 bit 96 size 4 [1..8][0m
[0;32mI (5099) PAD:   rid 1 page 9 usage 1 bit 104 size 1 [0..1][0m
[0;32mI (5100) PAD:   rid 1 page 9 usage 2 bit 105 size 1 [0..1][0m
[0;32mI (5100) PAD:   rid 1 page 9 usage 3 bit 106 size 1 [0..1][0m
[0;32mI (5100) PAD:   rid 1 page 9 usage 4 bit 107 size 1 [0..1][0m
[0;32mI (5101) PAD:   rid 1 page 9 usage 5 bit 108 size 1 [0..1][0m
[0;32mI (5101) PAD:   rid 1 page 9 usage 6 bit 109 size 1 [0..1][0m
[0;32mI (5101) PAD:   rid 1 page 9 usage 7 bit 110 size 1 [0..1][0m
[0;32mI (5101) PAD:   rid 1 page 9 usage 8 bit 111 size 1 [0..1][0m
[0;32mI (5102) PAD:   rid 1 page 9 usage 9 bit 112 size 1 [0..1][0m
[0;32mI (5102) PAD:   rid 1 page 9 usage a bit 113 size 1 [0..1][0m
[0;32mI (5103) PAD:   rid 1 page 9 usage b bit 114 size 1 [0..1][0m
[0;32mI (5103) PAD:   rid 1 page 9 usage c bit 115 size 1 [0..1][0m
[0;32mI (5103) PAD:   rid 1 page 9 usage d bit 116 size 1 [0..1][0m
[0;32mI (5103) PAD:   rid 1 page 9 usage e bit 117 size 1 [0..1][0m
[0;32mI (5104) PAD:   rid 1 page 9 usage f bit 118 size 1 [0..1][0m
[0;32mI (5104) PAD: connected: Xbox Wireless Controller[0m
gamepad connected: Xbox Wireless Controller
[0;32mI (5117) NimBLE: Subscribe complete; status=259 conn_handle=0 attr_handle=20
[0m
frame 139: 32903 us total, 13215 us display, type 4
frame 140: 24095 us total, 11689 us display, type 4
[0;32mI (5147) NIMBLE_HIDH: write complete; status=0 attr_handle=21[0m
[0;32mI (5148) NIMBLE_HIDH: report id 3 type 2 mode 1 perms 0xe handle 34 ccc 0[0m
[0;32mI (5148) NIMBLE_HIDH: report id 1 type 1 mode 1 perms 0x12 handle 30 ccc 31[0m
frame 141: 29036 us total, 11713 us display, type 4
[0;32mI (5177) NimBLE: Subscribe complete; status=259 conn_handle=0 attr_handle=30
[0m
[0;32mI (5178) NIMBLE_HIDH:   notify registered[0m
frame 142: 27928 us total, 11707 us display, type 4
[0;32mI (5208) NIMBLE_HIDH: write complete; status=0 attr_handle=31[0m
[0;32mI (5208) NIMBLE_HIDH:   ccc written[0m
[0;32mI (5208) NIMBLE_HIDH: listeners attached[0m
frame 143: 29100 us total, 11791 us display, type 4
frame 144: 28833 us total, 11703 us display, type 4
frame 145: 28024 us total, 11701 us display, type 4
frame 146: 29010 us total, 11694 us display, type 4
frame 147: 27931 us total, 11689 us display, type 4
frame 148: 29072 us total, 11696 us display, type 4
frame 149: 27926 us total, 11687 us display, type 4
frame 150: 29241 us total, 11706 us display, type 4
frame 151: 28843 us total, 11795 us display, type 4
frame 152: 27941 us total, 11770 us display, type 4
frame 153: 29064 us total, 11803 us display, type 4
frame 154: 27875 us total, 11678 us display, type 4
frame 155: 28961 us total, 11677 us display, type 4
frame 156: 28052 us total, 11685 us display, type 4
frame 157: 28950 us total, 11677 us display, type 4
frame 158: 29052 us total, 11685 us display, type 4
frame 159: 27992 us total, 11682 us display, type 4
frame 160: 28952 us total, 11679 us display, type 4
frame 161: 28150 us total, 11786 us display, type 4
frame 162: 28870 us total, 11693 us display, type 4
frame 163: 28145 us total, 11803 us display, type 4
frame 164: 28876 us total, 11678 us display, type 4
frame 165: 28961 us total, 11677 us display, type 4
frame 166: 28072 us total, 11684 us display, type 4
frame 167: 28978 us total, 11685 us display, type 4
frame 168: 27950 us total, 11677 us display, type 4
frame 169: 57342 us total, 12491 us display, type 5
frame 170: 13229 us total, 12619 us display, type 5
frame 171: 12937 us total, 12555 us display, type 5
frame 172: 12985 us total, 12561 us display, type 5
frame 173: 12927 us total, 12543 us display, type 5
frame 174: 12988 us total, 12553 us display, type 5
frame 175: 12916 us total, 12536 us display, type 5
frame 176: 12838 us total, 12427 us display, type 5
frame 177: 12889 us total, 12530 us display, type 5
frame 178: 12922 us total, 12514 us display, type 5
frame 179: 12875 us total, 12509 us display, type 5
frame 180: 12894 us total, 12504 us display, type 5
frame 181: 12909 us total, 12504 us display, type 5
frame 182: 12898 us total, 12499 us display, type 5
frame 183: 12790 us total, 12385 us display, type 5
frame 184: 12875 us total, 12388 us display, type 5
frame 185: 12886 us total, 12491 us display, type 5
frame 186: 12858 us total, 12469 us display, type 5
frame 187: 12841 us total, 12466 us display, type 5
frame 188: 12858 us total, 12455 us display, type 5
frame 189: 12844 us total, 12454 us display, type 5
frame 190: 12761 us total, 12345 us display, type 5
frame 191: 12802 us total, 12444 us display, type 5
frame 192: 12840 us total, 12428 us display, type 5
frame 193: 12802 us total, 12418 us display, type 5
frame 194: 12847 us total, 12421 us display, type 5
frame 195: 12808 us total, 12415 us display, type 5
frame 196: 12832 us total, 12413 us display, type 5
frame 197: 12703 us total, 12299 us display, type 5
frame 198: 12773 us total, 12398 us display, type 5
frame 199: 12777 us total, 12383 us display, type 5
frame 200: 12788 us total, 12378 us display, type 5
frame 201: 20711 us total, 12323 us display, type 5
frame 202: 12869 us total, 12351 us display, type 5
frame 203: 12740 us total, 12347 us display, type 5
frame 204: 12742 us total, 12351 us display, type 5
frame 205: 12761 us total, 12355 us display, type 5
frame 206: 12766 us total, 12353 us display, type 5
frame 207: 12641 us total, 12245 us display, type 5
frame 208: 12729 us total, 12239 us display, type 5
frame 209: 13796 us total, 12412 us display, type 5
frame 210: 12777 us total, 12333 us display, type 5
frame 211: 12758 us total, 12317 us display, type 5
frame 212: 12711 us total, 12309 us display, type 5
frame 213: 12726 us total, 12322 us display, type 5
frame 214: 12582 us total, 12206 us display, type 5
frame 215: 12675 us total, 12187 us display, type 5
frame 216: 12699 us total, 12284 us display, type 5
frame 217: 12649 us total, 12282 us display, type 5
frame 218: 12698 us total, 12282 us display, type 5
frame 219: 12668 us total, 12274 us display, type 5
frame 220: 12568 us total, 12174 us display, type 5
frame 221: 12633 us total, 12161 us display, type 5
frame 222: 12648 us total, 12257 us display, type 5
frame 223: 12633 us total, 12258 us display, type 5
frame 224: 12633 us total, 12251 us display, type 5
frame 225: 12632 us total, 12249 us display, type 5
frame 226: 12649 us total, 12268 us display, type 5
frame 227: 12549 us total, 12158 us display, type 5
frame 228: 12616 us total, 12265 us display, type 5
frame 229: 12630 us total, 12254 us display, type 5
frame 230: 12622 us total, 12243 us display, type 5
frame 231: 12645 us total, 12246 us display, type 5
frame 232: 12615 us total, 12246 us display, type 5
frame 233: 12506 us total, 12153 us display, type 5
frame 234: 12643 us total, 12152 us display, type 5
frame 235: 12620 us total, 12257 us display, type 5
frame 236: 12706 us total, 12320 us display, type 5
frame 237: 12651 us total, 12282 us display, type 5
frame 238: 12657 us total, 12248 us display, type 5
frame 239: 12501 us total, 12153 us display, type 5
frame 240: 12616 us total, 12153 us display, type 5
frame 241: 12570 us total, 12247 us display, type 5
frame 242: 11999 us total, 11519 us display, type 3
frame 243: 27487 us total, 11474 us display, type 3
frame 244: 23641 us total, 11463 us display, type 3
frame 245: 23325 us total, 11466 us display, type 3
frame 246: 23655 us total, 11466 us display, type 3
frame 247: 23805 us total, 11472 us display, type 3
frame 248: 24896 us total, 11474 us display, type 3
frame 249: 24780 us total, 11465 us display, type 3
frame 250: 27732 us total, 11466 us display, type 3
frame 251: 27491 us total, 11471 us display, type 3
frame 252: 29021 us total, 11470 us display, type 3
frame 253: 27850 us total, 11467 us display, type 3
frame 254: 28630 us total, 11471 us display, type 3
frame 255: 29272 us total, 11473 us display, type 3
profile (avg of 128 frames, ms): logic+bsp 1.9 wait-fb 0.0 vp-mark 0.5 flats 1.1 columns 0.6 fuzz 0.0
frame 256: 28890 us total, 11466 us display, type 3
audio: 70 underruns, 34 ms queued
mem @frame 256: heap free 46600, largest 20992, min ever 45768, zone free 41244, display stack free 4408, uptime 7 s, gamestate 0, demo 1, usergame 0, tic 189
frame 257: 30339 us total, 11475 us display, type 3
frame 258: 26884 us total, 11465 us display, type 3
frame 259: 28368 us total, 11467 us display, type 3
frame 260: 28072 us total, 11459 us display, type 3
frame 261: 28186 us total, 11461 us display, type 3
frame 262: 29467 us total, 11557 us display, type 3
frame 263: 27836 us total, 11473 us display, type 3
frame 264: 27609 us total, 11476 us display, type 3
frame 265: 28282 us total, 11465 us display, type 3
frame 266: 28924 us total, 11785 us display, type 3
frame 267: 28595 us total, 11472 us display, type 3
frame 268: 28359 us total, 11460 us display, type 3
frame 269: 28810 us total, 11460 us display, type 3
frame 270: 28617 us total, 11788 us display, type 3
frame 271: 28346 us total, 11471 us display, type 3
frame 272: 29624 us total, 11599 us display, type 3
frame 273: 29083 us total, 11667 us display, type 3
frame 274: 28121 us total, 11689 us display, type 3
frame 275: 29194 us total, 11466 us display, type 3
frame 276: 29472 us total, 11514 us display, type 3
frame 277: 28636 us total, 11699 us display, type 3
frame 278: 27670 us total, 11627 us display, type 3
frame 279: 26818 us total, 11468 us display, type 3
frame 280: 28334 us total, 11455 us display, type 3
frame 281: 27022 us total, 11462 us display, type 3
frame 282: 28759 us total, 11689 us display, type 3
frame 283: 28131 us total, 11661 us display, type 3
frame 284: 27164 us total, 11489 us display, type 3
frame 285: 27887 us total, 11472 us display, type 3
frame 286: 27505 us total, 11442 us display, type 3
frame 287: 28949 us total, 11446 us display, type 3
frame 288: 26293 us total, 11646 us display, type 3
frame 289: 27502 us total, 11437 us display, type 3
frame 290: 29691 us total, 11445 us display, type 3
frame 291: 27245 us total, 11438 us display, type 3
frame 292: 29595 us total, 11450 us display, type 3
frame 293: 27530 us total, 11613 us display, type 3
frame 294: 27451 us total, 11454 us display, type 3
frame 295: 28046 us total, 11445 us display, type 3
frame 296: 28343 us total, 11437 us display, type 3
frame 297: 28328 us total, 11437 us display, type 3
frame 298: 27841 us total, 11442 us display, type 3
frame 299: 28155 us total, 11441 us display, type 3
frame 300: 30550 us total, 11441 us display, type 3
frame 301: 28640 us total, 11439 us display, type 3
frame 302: 26695 us total, 11439 us display, type 3
frame 303: 29700 us total, 11441 us display, type 3
frame 304: 27129 us total, 11437 us display, type 3
frame 305: 30021 us total, 11449 us display, type 3
frame 306: 28579 us total, 11448 us display, type 3
frame 307: 27250 us total, 11443 us display, type 3
frame 308: 30173 us total, 11444 us display, type 3
frame 309: 27068 us total, 11449 us display, type 3
frame 310: 32792 us total, 11443 us display, type 3
frame 311: 30149 us total, 11445 us display, type 3
frame 312: 28177 us total, 11443 us display, type 3
frame 313: 30055 us total, 11471 us display, type 3
frame 314: 28774 us total, 11465 us display, type 3
frame 315: 28199 us total, 11458 us display, type 3
frame 316: 29286 us total, 11467 us display, type 3
frame 317: 29634 us total, 11480 us display, type 3
frame 318: 28271 us total, 11450 us display, type 3
frame 319: 29474 us total, 11453 us display, type 3
frame 320: 28408 us total, 11459 us display, type 3
frame 321: 31408 us total, 11464 us display, type 3
frame 322: 30736 us total, 11465 us display, type 3
frame 323: 26016 us total, 11679 us display, type 3
frame 324: 30023 us total, 11667 us display, type 3
frame 325: 32227 us total, 11477 us display, type 3
frame 326: 24954 us total, 11578 us display, type 3
frame 327: 30607 us total, 11540 us display, type 3
frame 328: 28526 us total, 11715 us display, type 3
frame 329: 29579 us total, 11480 us display, type 3
frame 330: 28923 us total, 11488 us display, type 3
frame 331: 25998 us total, 11641 us display, type 3
frame 332: 31281 us total, 11489 us display, type 3
frame 333: 25596 us total, 11456 us display, type 3
frame 334: 30991 us total, 11471 us display, type 3
frame 335: 29220 us total, 11472 us display, type 3
frame 336: 25232 us total, 11636 us display, type 3
frame 337: 29978 us total, 11482 us display, type 3
frame 338: 29293 us total, 11475 us display, type 3
frame 339: 28300 us total, 11461 us display, type 3
frame 340: 30640 us total, 11474 us display, type 3
frame 341: 27264 us total, 11468 us display, type 3
frame 342: 31370 us total, 11474 us display, type 3
frame 343: 30631 us total, 11483 us display, type 3
frame 344: 28860 us total, 11797 us display, type 3
frame 345: 30316 us total, 11479 us display, type 3
frame 346: 30612 us total, 11634 us display, type 3
frame 347: 27600 us total, 11465 us display, type 3
frame 348: 30541 us total, 11764 us display, type 3
frame 349: 31886 us total, 11477 us display, type 3
frame 350: 28211 us total, 11463 us display, type 3
frame 351: 30068 us total, 11482 us display, type 3
frame 352: 31692 us total, 11744 us display, type 3
frame 353: 30336 us total, 11462 us display, type 3
frame 354: 31534 us total, 11480 us display, type 3
frame 355: 32767 us total, 11717 us display, type 3
frame 356: 29347 us total, 11473 us display, type 3
frame 357: 32348 us total, 11474 us display, type 3
frame 358: 32387 us total, 11473 us display, type 3
frame 359: 30718 us total, 11613 us display, type 3
frame 360: 31850 us total, 11740 us display, type 3
frame 361: 33873 us total, 11476 us display, type 3
frame 362: 30274 us total, 11477 us display, type 3
frame 363: 32348 us total, 11646 us display, type 3
frame 364: 31871 us total, 11563 us display, type 3
frame 365: 30193 us total, 11488 us display, type 3
frame 366: 35016 us total, 11474 us display, type 3
frame 367: 35139 us total, 11714 us display, type 3
frame 368: 34629 us total, 11560 us display, type 3
frame 369: 33415 us total, 11464 us display, type 3
frame 370: 35094 us total, 11797 us display, type 3
frame 371: 34215 us total, 11470 us display, type 3
frame 372: 33326 us total, 11812 us display, type 3
frame 373: 29069 us total, 11481 us display, type 3
frame 374: 29340 us total, 11474 us display, type 3
frame 375: 26157 us total, 11465 us display, type 3
frame 376: 28823 us total, 11835 us display, type 3
frame 377: 27254 us total, 11470 us display, type 3
frame 378: 25528 us total, 11482 us display, type 3
frame 379: 28749 us total, 11800 us display, type 3
frame 380: 25331 us total, 11773 us display, type 3
frame 381: 26284 us total, 11621 us display, type 3
frame 382: 28618 us total, 11633 us display, type 3
frame 383: 25100 us total, 11466 us display, type 3
profile (avg of 128 frames, ms): logic+bsp 6.4 wait-fb 0.0 vp-mark 2.2 flats 4.7 columns 6.8 fuzz 0.0
frame 384: 30139 us total, 11469 us display, type 3
frame 385: 27188 us total, 11461 us display, type 3
frame 386: 28544 us total, 11623 us display, type 3
frame 387: 29452 us total, 11471 us display, type 3
frame 388: 27803 us total, 11750 us display, type 3
frame 389: 29477 us total, 11475 us display, type 3
frame 390: 27344 us total, 11635 us display, type 3
frame 391: 28129 us total, 11463 us display, type 3
frame 392: 29279 us total, 11464 us display, type 3
frame 393: 27898 us total, 11461 us display, type 3
frame 394: 28404 us total, 11482 us display, type 3
frame 395: 27796 us total, 11463 us display, type 3
frame 396: 28703 us total, 11467 us display, type 3
frame 397: 28824 us total, 11511 us display, type 3
frame 398: 28177 us total, 11514 us display, type 3
frame 399: 30518 us total, 11467 us display, type 3
frame 400: 29124 us total, 11476 us display, type 3
frame 401: 27720 us total, 11598 us display, type 3
frame 402: 29001 us total, 11474 us display, type 3
frame 403: 28039 us total, 11472 us display, type 3
frame 404: 28578 us total, 11467 us display, type 3
frame 405: 28525 us total, 11463 us display, type 3
frame 406: 28412 us total, 11459 us display, type 3
frame 407: 29072 us total, 11463 us display, type 3
frame 408: 28135 us total, 11465 us display, type 3
frame 409: 29796 us total, 11467 us display, type 3
frame 410: 28463 us total, 11479 us display, type 3
frame 411: 27808 us total, 11561 us display, type 3
frame 412: 33080 us total, 11476 us display, type 3
frame 413: 27855 us total, 11504 us display, type 3
frame 414: 27220 us total, 11762 us display, type 3
frame 415: 29429 us total, 11484 us display, type 3
frame 416: 27795 us total, 11466 us display, type 3
frame 417: 29685 us total, 11477 us display, type 3
frame 418: 27584 us total, 11474 us display, type 3
frame 419: 28867 us total, 11471 us display, type 3
frame 420: 30135 us total, 11480 us display, type 3
frame 421: 26594 us total, 11459 us display, type 3
frame 422: 30512 us total, 11464 us display, type 3
frame 423: 29037 us total, 11668 us display, type 3
frame 424: 27353 us total, 11474 us display, type 3
frame 425: 28938 us total, 11605 us display, type 3
frame 426: 28573 us total, 11467 us display, type 3
frame 427: 27699 us total, 11469 us display, type 3
frame 428: 29338 us total, 11471 us display, type 3
frame 429: 28059 us total, 11466 us display, type 3
frame 430: 29682 us total, 11557 us display, type 3
frame 431: 28214 us total, 11478 us display, type 3
frame 432: 27615 us total, 11469 us display, type 3
frame 433: 29527 us total, 11631 us display, type 3
frame 434: 27523 us total, 11472 us display, type 3
frame 435: 29117 us total, 11607 us display, type 3
frame 436: 29136 us total, 11492 us display, type 3
frame 437: 26741 us total, 11457 us display, type 3
frame 438: 28507 us total, 11471 us display, type 3
frame 439: 29044 us total, 11486 us display, type 3
frame 440: 27708 us total, 11771 us display, type 3
frame 441: 28328 us total, 11465 us display, type 3
frame 442: 28887 us total, 11612 us display, type 3
frame 443: 28149 us total, 11618 us display, type 3
frame 444: 27579 us total, 11470 us display, type 3
frame 445: 28609 us total, 11463 us display, type 3
frame 446: 29343 us total, 11471 us display, type 3
frame 447: 28273 us total, 11462 us display, type 3
frame 448: 29173 us total, 11469 us display, type 3
frame 449: 30854 us total, 11468 us display, type 3
frame 450: 26800 us total, 11482 us display, type 3
frame 451: 28076 us total, 11503 us display, type 3
frame 452: 30458 us total, 11470 us display, type 3
frame 453: 26836 us total, 11472 us display, type 3
frame 454: 29101 us total, 11468 us display, type 3
frame 455: 28051 us total, 11780 us display, type 3
frame 456: 29995 us total, 11838 us display, type 3
frame 457: 29365 us total, 11475 us display, type 3
frame 458: 27034 us total, 11474 us display, type 3
frame 459: 30685 us total, 11467 us display, type 3
frame 460: 27646 us total, 11474 us display, type 3
frame 461: 27662 us total, 11497 us display, type 3
frame 462: 31251 us total, 11478 us display, type 3
frame 463: 27848 us total, 11495 us display, type 3
frame 464: 29251 us total, 11476 us display, type 3
frame 465: 28906 us total, 11503 us display, type 3
frame 466: 28135 us total, 11640 us display, type 3
frame 467: 29436 us total, 11470 us display, type 3
frame 468: 26913 us total, 11483 us display, type 3
frame 469: 29939 us total, 11697 us display, type 3
frame 470: 29287 us total, 11481 us display, type 3
frame 471: 26280 us total, 11469 us display, type 3
frame 472: 28913 us total, 11486 us display, type 3
frame 473: 27003 us total, 11700 us display, type 3
frame 474: 28413 us total, 11464 us display, type 3
frame 475: 28348 us total, 11471 us display, type 3
frame 476: 26745 us total, 11652 us display, type 3
frame 477: 29250 us total, 11466 us display, type 3
frame 478: 29007 us total, 11468 us display, type 3
frame 479: 27908 us total, 11801 us display, type 3
frame 480: 28506 us total, 11463 us display, type 3
frame 481: 26219 us total, 11459 us display, type 3
frame 482: 33012 us total, 11469 us display, type 3
frame 483: 30679 us total, 11467 us display, type 3
frame 484: 27140 us total, 11476 us display, type 3
frame 485: 28861 us total, 11526 us display, type 3
frame 486: 31028 us total, 11470 us display, type 3
frame 487: 28144 us total, 11469 us display, type 3
frame 488: 28044 us total, 11671 us display, type 3
frame 489: 27219 us total, 11762 us display, type 3
frame 490: 28560 us total, 11473 us display, type 3
frame 491: 27636 us total, 11775 us display, type 3
frame 492: 26654 us total, 11469 us display, type 3
frame 493: 29068 us total, 11467 us display, type 3
frame 494: 27701 us total, 11621 us display, type 3
frame 495: 29251 us total, 11474 us display, type 3
frame 496: 29379 us total, 11473 us display, type 3
frame 497: 28604 us total, 11708 us display, type 3
frame 498: 30927 us total, 11533 us display, type 3
frame 499: 30459 us total, 11471 us display, type 3
frame 500: 29537 us total, 11590 us display, type 3
frame 501: 30306 us total, 11475 us display, type 3
frame 502: 31896 us total, 11477 us display, type 3
frame 503: 29658 us total, 11468 us display, type 3
frame 504: 31282 us total, 11473 us display, type 3
frame 505: 29896 us total, 11469 us display, type 3
frame 506: 30687 us total, 11467 us display, type 3
frame 507: 30502 us total, 11468 us display, type 3
frame 508: 28954 us total, 11466 us display, type 3
frame 509: 30530 us total, 11591 us display, type 3
frame 510: 30004 us total, 11564 us display, type 3
frame 511: 27583 us total, 11466 us display, type 3
profile (avg of 128 frames, ms): logic+bsp 8.1 wait-fb 0.0 vp-mark 2.2 flats 4.9 columns 8.2 fuzz 0.0
frame 512: 29711 us total, 11479 us display, type 3
audio: 70 underruns, 46 ms queued
mem @frame 512: heap free 46600, largest 20992, min ever 45768, zone free 41204, display stack free 4408, uptime 14 s, gamestate 0, demo 1, usergame 0, tic 448
frame 513: 28989 us total, 11767 us display, type 3
frame 514: 25886 us total, 11459 us display, type 3
frame 515: 26046 us total, 11462 us display, type 3
frame 516: 25859 us total, 11741 us display, type 3
frame 517: 24690 us total, 11475 us display, type 3
frame 518: 24020 us total, 11771 us display, type 3
frame 519: 24806 us total, 11472 us display, type 3
frame 520: 25302 us total, 11468 us display, type 3
frame 521: 24335 us total, 11458 us display, type 3
frame 522: 29759 us total, 11473 us display, type 3
frame 523: 26501 us total, 11462 us display, type 3
frame 524: 28862 us total, 11467 us display, type 3
frame 525: 28302 us total, 11455 us display, type 3
frame 526: 29413 us total, 11612 us display, type 3
frame 527: 28731 us total, 11472 us display, type 3
frame 528: 27096 us total, 11459 us display, type 3
frame 529: 29504 us total, 11462 us display, type 3
frame 530: 27341 us total, 11570 us display, type 3
frame 531: 28264 us total, 11462 us display, type 3
frame 532: 31095 us total, 11464 us display, type 3
frame 533: 25530 us total, 11456 us display, type 3
frame 534: 29538 us total, 11718 us display, type 3
frame 535: 31962 us total, 11470 us display, type 3
frame 536: 26399 us total, 11454 us display, type 3
frame 537: 29247 us total, 11612 us display, type 3
frame 538: 28289 us total, 11462 us display, type 3
frame 539: 30715 us total, 11482 us display, type 3
frame 540: 28822 us total, 11463 us display, type 3
frame 541: 24593 us total, 11459 us display, type 3
frame 542: 32785 us total, 11468 us display, type 3
frame 543: 25405 us total, 11456 us display, type 3
frame 544: 29972 us total, 11462 us display, type 3
frame 545: 29057 us total, 11466 us display, type 3
frame 546: 27303 us total, 11463 us display, type 3
frame 547: 31429 us total, 11770 us display, type 3
frame 548: 29182 us total, 11474 us display, type 3
frame 549: 26178 us total, 11799 us display, type 3
frame 550: 30052 us total, 11479 us display, type 3
frame 551: 25239 us total, 11466 us display, type 3
frame 552: 32073 us total, 11464 us display, type 3
frame 553: 28946 us total, 11806 us display, type 3
frame 554: 26056 us total, 11607 us display, type 3
frame 555: 29557 us total, 11472 us display, type 3
frame 556: 27694 us total, 11580 us display, type 3
frame 557: 29095 us total, 11474 us display, type 3
frame 558: 28440 us total, 11463 us display, type 3
frame 559: 27965 us total, 11464 us display, type 3
frame 560: 30171 us total, 11479 us display, type 3
frame 561: 27548 us total, 11463 us display, type 3
frame 562: 27639 us total, 11464 us display, type 3
frame 563: 28755 us total, 11554 us display, type 3
frame 564: 27647 us total, 11461 us display, type 3
frame 565: 29537 us total, 11726 us display, type 3
frame 566: 28304 us total, 11459 us display, type 3
frame 567: 28459 us total, 11459 us display, type 3
frame 568: 28754 us total, 11466 us display, type 3
frame 569: 28994 us total, 11686 us display, type 3
frame 570: 29162 us total, 11464 us display, type 3
frame 571: 28234 us total, 11472 us display, type 3
frame 572: 27876 us total, 11790 us display, type 3
frame 573: 28006 us total, 11582 us display, type 3
frame 574: 29269 us total, 11471 us display, type 3
frame 575: 27184 us total, 11459 us display, type 3
frame 576: 28934 us total, 11587 us display, type 3
frame 577: 27220 us total, 11498 us display, type 3
frame 578: 29428 us total, 11581 us display, type 3
frame 579: 28739 us total, 11815 us display, type 3
frame 580: 27707 us total, 11451 us display, type 3
frame 581: 28518 us total, 11800 us display, type 3
frame 582: 28983 us total, 11541 us display, type 3
frame 583: 28401 us total, 11459 us display, type 3
frame 584: 27945 us total, 11458 us display, type 3
frame 585: 27999 us total, 11485 us display, type 3
frame 586: 28780 us total, 11463 us display, type 3
frame 587: 29040 us total, 11462 us display, type 3
frame 588: 29061 us total, 11609 us display, type 3
frame 589: 28575 us total, 11643 us display, type 3
frame 590: 28209 us total, 11461 us display, type 3
frame 591: 28113 us total, 11804 us display, type 3
frame 592: 29984 us total, 11811 us display, type 3
frame 593: 26496 us total, 11464 us display, type 3
frame 594: 28866 us total, 11455 us display, type 3
frame 595: 28480 us total, 11458 us display, type 3
frame 596: 28699 us total, 11457 us display, type 3
frame 597: 28878 us total, 11692 us display, type 3
frame 598: 29109 us total, 11703 us display, type 3
frame 599: 29094 us total, 11790 us display, type 3
frame 600: 28021 us total, 11454 us display, type 3
frame 601: 28151 us total, 11452 us display, type 3
frame 602: 31986 us total, 11461 us display, type 3
frame 603: 26552 us total, 11457 us display, type 3
frame 604: 29541 us total, 11594 us display, type 3
frame 605: 28117 us total, 11704 us display, type 3
frame 606: 29080 us total, 11614 us display, type 3
frame 607: 28304 us total, 11464 us display, type 3
frame 608: 28016 us total, 11458 us display, type 3
frame 609: 30018 us total, 11744 us display, type 3
frame 610: 30150 us total, 11470 us display, type 3
frame 611: 26627 us total, 11473 us display, type 3
frame 612: 30048 us total, 11466 us display, type 3
frame 613: 28546 us total, 11461 us display, type 3
frame 614: 27078 us total, 11773 us display, type 3
frame 615: 29015 us total, 11466 us display, type 3
frame 616: 29086 us total, 11572 us display, type 3
frame 617: 28521 us total, 11473 us display, type 3
frame 618: 28731 us total, 11479 us display, type 3
frame 619: 28386 us total, 11466 us display, type 3
frame 620: 29254 us total, 11462 us display, type 3
frame 621: 26776 us total, 11680 us display, type 3
frame 622: 30219 us total, 11612 us display, type 3
frame 623: 28082 us total, 11467 us display, type 3
frame 624: 26520 us total, 11457 us display, type 3
frame 625: 29408 us total, 11555 us display, type 3
frame 626: 28708 us total, 11467 us display, type 3
frame 627: 27551 us total, 11518 us display, type 3
frame 628: 28668 us total, 11462 us display, type 3
frame 629: 28589 us total, 11703 us display, type 3
frame 630: 31149 us total, 11467 us display, type 3
frame 631: 28323 us total, 11471 us display, type 3
frame 632: 28400 us total, 11627 us display, type 3
frame 633: 28552 us total, 11473 us display, type 3
frame 634: 29925 us total, 11811 us display, type 3
frame 635: 26850 us total, 11462 us display, type 3
frame 636: 28719 us total, 11479 us display, type 3
frame 637: 28173 us total, 11468 us display, type 3
frame 638: 28600 us total, 11605 us display, type 3
frame 639: 29285 us total, 11484 us display, type 3
profile (avg of 128 frames, ms): logic+bsp 5.8 wait-fb 0.0 vp-mark 1.8 flats 4.1 columns 7.2 fuzz 0.6
frame 640: 28049 us total, 11473 us display, type 3
frame 641: 28320 us total, 11481 us display, type 3
frame 642: 27902 us total, 11811 us display, type 3
frame 643: 29095 us total, 11774 us display, type 3
frame 644: 29582 us total, 11458 us display, type 3
frame 645: 26631 us total, 11791 us display, type 3
frame 646: 29438 us total, 11461 us display, type 3
frame 647: 27768 us total, 11469 us display, type 3
frame 648: 29502 us total, 11469 us display, type 3
frame 649: 29505 us total, 11468 us display, type 3
frame 650: 27177 us total, 11456 us display, type 3
frame 651: 29534 us total, 11462 us display, type 3
frame 652: 28746 us total, 11462 us display, type 3
frame 653: 27352 us total, 11471 us display, type 3
frame 654: 29006 us total, 11465 us display, type 3
frame 655: 28277 us total, 11459 us display, type 3
frame 656: 29072 us total, 11461 us display, type 3
frame 657: 28699 us total, 11469 us display, type 3
frame 658: 29240 us total, 11459 us display, type 3
frame 659: 28914 us total, 11471 us display, type 3
frame 660: 27132 us total, 11458 us display, type 3
frame 661: 29051 us total, 11700 us display, type 3
frame 662: 30008 us total, 11744 us display, type 3
frame 663: 26694 us total, 11635 us display, type 3
frame 664: 29600 us total, 11742 us display, type 3
frame 665: 29525 us total, 11475 us display, type 3
frame 666: 27824 us total, 11469 us display, type 3
frame 667: 29723 us total, 11468 us display, type 3
frame 668: 27133 us total, 11540 us display, type 3
frame 669: 30095 us total, 11476 us display, type 3
frame 670: 28362 us total, 11468 us display, type 3
frame 671: 27252 us total, 11475 us display, type 3
frame 672: 31833 us total, 11472 us display, type 3
frame 673: 27888 us total, 11696 us display, type 3
frame 674: 27503 us total, 11462 us display, type 3
frame 675: 28787 us total, 11520 us display, type 3
frame 676: 27524 us total, 11464 us display, type 3
frame 677: 28692 us total, 11471 us display, type 3
frame 678: 28231 us total, 11775 us display, type 3
frame 679: 28198 us total, 11461 us display, type 3
frame 680: 28283 us total, 11472 us display, type 3
frame 681: 27756 us total, 11733 us display, type 3
frame 682: 29997 us total, 11480 us display, type 3
frame 683: 28602 us total, 11465 us display, type 3
frame 684: 27116 us total, 11619 us display, type 3
frame 685: 29251 us total, 11464 us display, type 3
frame 686: 31352 us total, 11716 us display, type 3
frame 687: 26520 us total, 11467 us display, type 3
frame 688: 28937 us total, 11467 us display, type 3
frame 689: 27258 us total, 11465 us display, type 3
frame 690: 28805 us total, 11469 us display, type 3
frame 691: 27726 us total, 11462 us display, type 3
frame 692: 28047 us total, 11456 us display, type 3
frame 693: 28959 us total, 11467 us display, type 3
frame 694: 27813 us total, 11650 us display, type 3
frame 695: 29122 us total, 11480 us display, type 3
frame 696: 29958 us total, 11525 us display, type 3
frame 697: 27226 us total, 11464 us display, type 3
frame 698: 28142 us total, 11469 us display, type 3
frame 699: 28192 us total, 11466 us display, type 3
frame 700: 30944 us total, 11461 us display, type 3
frame 701: 27835 us total, 11647 us display, type 3
frame 702: 28185 us total, 11515 us display, type 3
frame 703: 29146 us total, 11466 us display, type 3
frame 704: 29143 us total, 11463 us display, type 3
frame 705: 27254 us total, 11616 us display, type 3
frame 706: 28939 us total, 11662 us display, type 3
frame 707: 27712 us total, 11461 us display, type 3
frame 708: 28911 us total, 11465 us display, type 3
frame 709: 30155 us total, 11466 us display, type 3
frame 710: 26781 us total, 11463 us display, type 3
frame 711: 29010 us total, 11465 us display, type 3
frame 712: 28033 us total, 11456 us display, type 3
frame 713: 28969 us total, 11501 us display, type 3
frame 714: 30609 us total, 11466 us display, type 3
frame 715: 27023 us total, 11467 us display, type 3
frame 716: 29294 us total, 11630 us display, type 3
frame 717: 28482 us total, 11571 us display, type 3
frame 718: 27923 us total, 11462 us display, type 3
frame 719: 29843 us total, 11466 us display, type 3
frame 720: 27400 us total, 11565 us display, type 3
frame 721: 29351 us total, 11486 us display, type 3
frame 722: 29024 us total, 11464 us display, type 3
frame 723: 27351 us total, 11465 us display, type 3
frame 724: 29226 us total, 11458 us display, type 3
frame 725: 27729 us total, 11466 us display, type 3
frame 726: 29014 us total, 11544 us display, type 3
frame 727: 29082 us total, 11638 us display, type 3
frame 728: 29076 us total, 11832 us display, type 3
frame 729: 28613 us total, 11464 us display, type 3
frame 730: 28971 us total, 11464 us display, type 3
frame 731: 26621 us total, 11752 us display, type 3
frame 732: 29647 us total, 11472 us display, type 3
frame 733: 27211 us total, 11463 us display, type 3
frame 734: 29465 us total, 11606 us display, type 3
frame 735: 29100 us total, 11601 us display, type 3
frame 736: 28138 us total, 11672 us display, type 3
frame 737: 29219 us total, 11483 us display, type 3
frame 738: 28006 us total, 11763 us display, type 3
frame 739: 29164 us total, 11464 us display, type 3
frame 740: 27952 us total, 11465 us display, type 3
frame 741: 27206 us total, 11469 us display, type 3
frame 742: 31889 us total, 11776 us display, type 3
frame 743: 27096 us total, 11472 us display, type 3
frame 744: 27627 us total, 11480 us display, type 3
frame 745: 28883 us total, 11467 us display, type 3
frame 746: 28486 us total, 11466 us display, type 3
frame 747: 29480 us total, 11643 us display, type 3
frame 748: 28612 us total, 11626 us display, type 3
frame 749: 28610 us total, 11722 us display, type 3
frame 750: 28899 us total, 11468 us display, type 3
frame 751: 26386 us total, 11463 us display, type 3
frame 752: 30222 us total, 11466 us display, type 3
frame 753: 28372 us total, 11471 us display, type 3
frame 754: 26725 us total, 11455 us display, type 3
frame 755: 29908 us total, 11743 us display, type 3
frame 756: 30184 us total, 11476 us display, type 3
frame 757: 26680 us total, 11464 us display, type 3
frame 758: 29477 us total, 11669 us display, type 3
frame 759: 27561 us total, 11463 us display, type 3
frame 760: 29685 us total, 11462 us display, type 3
frame 761: 28002 us total, 11466 us display, type 3
frame 762: 28580 us total, 11457 us display, type 3
frame 763: 29159 us total, 11473 us display, type 3
frame 764: 26552 us total, 11726 us display, type 3
frame 765: 30075 us total, 11716 us display, type 3
frame 766: 29101 us total, 11694 us display, type 3
frame 767: 26400 us total, 11455 us display, type 3
profile (avg of 128 frames, ms): logic+bsp 6.5 wait-fb 0.0 vp-mark 2.0 flats 4.6 columns 6.8 fuzz 1.0
frame 768: 29885 us total, 11629 us display, type 3
audio: 70 underruns, 46 ms queued
mem @frame 768: heap free 46600, largest 20992, min ever 45768, zone free 39844, display stack free 4408, uptime 21 s, gamestate 0, demo 1, usergame 0, tic 704
frame 769: 30500 us total, 11479 us display, type 3
frame 770: 26061 us total, 11464 us display, type 3
frame 771: 28204 us total, 11460 us display, type 3
frame 772: 28124 us total, 11456 us display, type 3
frame 773: 28579 us total, 11471 us display, type 3
frame 774: 29018 us total, 11738 us display, type 3
frame 775: 25652 us total, 11462 us display, type 3
frame 776: 30278 us total, 11469 us display, type 3
frame 777: 26827 us total, 11460 us display, type 3
frame 778: 29901 us total, 11743 us display, type 3
frame 779: 30003 us total, 11744 us display, type 3
frame 780: 26339 us total, 11817 us display, type 3
frame 781: 28852 us total, 11471 us display, type 3
frame 782: 27187 us total, 11464 us display, type 3
frame 783: 30177 us total, 11464 us display, type 3
frame 784: 28848 us total, 11633 us display, type 3
frame 785: 26700 us total, 11455 us display, type 3
frame 786: 29968 us total, 11468 us display, type 3
frame 787: 28745 us total, 11467 us display, type 3
frame 788: 26815 us total, 11456 us display, type 3
frame 789: 30027 us total, 11454 us display, type 3
frame 790: 26535 us total, 11572 us display, type 3
frame 791: 29061 us total, 11486 us display, type 3
frame 792: 30004 us total, 11727 us display, type 3
frame 793: 26670 us total, 11462 us display, type 3
frame 794: 29537 us total, 11512 us display, type 3
frame 795: 26648 us total, 11452 us display, type 3
frame 796: 28983 us total, 11453 us display, type 3
frame 797: 29392 us total, 11469 us display, type 3
frame 798: 27431 us total, 11455 us display, type 3
frame 799: 30041 us total, 11450 us display, type 3
frame 800: 29889 us total, 11465 us display, type 3
frame 801: 26391 us total, 11742 us display, type 3
frame 802: 30021 us total, 11562 us display, type 3
frame 803: 27134 us total, 11728 us display, type 3
frame 804: 29086 us total, 11533 us display, type 3
frame 805: 29054 us total, 11456 us display, type 3
frame 806: 28056 us total, 11627 us display, type 3
frame 807: 29342 us total, 11454 us display, type 3
frame 808: 27397 us total, 11460 us display, type 3
frame 809: 30086 us total, 11458 us display, type 3
frame 810: 29017 us total, 11465 us display, type 3
frame 811: 27980 us total, 11457 us display, type 3
frame 812: 31250 us total, 11459 us display, type 3
frame 813: 27592 us total, 11474 us display, type 3
frame 814: 28038 us total, 11487 us display, type 3
frame 815: 29246 us total, 11461 us display, type 3
frame 816: 29165 us total, 11468 us display, type 3
frame 817: 30088 us total, 11465 us display, type 3
frame 818: 30989 us total, 11480 us display, type 3
frame 819: 30742 us total, 11473 us display, type 3
frame 820: 30758 us total, 11615 us display, type 3
frame 821: 31076 us total, 11480 us display, type 3
frame 822: 31146 us total, 11469 us display, type 3
frame 823: 30439 us total, 11466 us display, type 3
frame 824: 29246 us total, 11800 us display, type 3
frame 825: 27692 us total, 11473 us display, type 3
frame 826: 28556 us total, 11490 us display, type 3
frame 827: 28131 us total, 11832 us display, type 3
frame 828: 27601 us total, 11473 us display, type 3
frame 829: 27359 us total, 11481 us display, type 3
frame 830: 24264 us total, 11475 us display, type 3
frame 831: 27638 us total, 11842 us display, type 3
frame 832: 28141 us total, 11793 us display, type 3
frame 833: 28148 us total, 11577 us display, type 3
frame 834: 29993 us total, 11706 us display, type 3
frame 835: 27586 us total, 11633 us display, type 3
frame 836: 29633 us total, 11781 us display, type 3
frame 837: 30010 us total, 11660 us display, type 3
frame 838: 29053 us total, 11846 us display, type 3
frame 839: 30039 us total, 11486 us display, type 3
frame 840: 28999 us total, 11480 us display, type 3
frame 841: 29908 us total, 11471 us display, type 3
frame 842: 31061 us total, 11732 us display, type 3
frame 843: 28458 us total, 11483 us display, type 3
frame 844: 29833 us total, 11490 us display, type 3
frame 845: 29361 us total, 11477 us display, type 3
frame 846: 28088 us total, 11477 us display, type 3
frame 847: 29620 us total, 11485 us display, type 3
frame 848: 28007 us total, 11484 us display, type 3
frame 849: 28247 us total, 11480 us display, type 3
frame 850: 28955 us total, 11620 us display, type 3
frame 851: 26285 us total, 11849 us display, type 3
frame 852: 28444 us total, 11499 us display, type 3
frame 853: 25101 us total, 11481 us display, type 3
frame 854: 27029 us total, 11769 us display, type 3
frame 855: 26324 us total, 11478 us display, type 3
frame 856: 23714 us total, 11477 us display, type 3
frame 857: 26798 us total, 11688 us display, type 3
frame 858: 27141 us total, 11526 us display, type 3
frame 859: 31509 us total, 11474 us display, type 3
frame 860: 33444 us total, 11825 us display, type 3
frame 861: 28030 us total, 11488 us display, type 3
frame 862: 29960 us total, 11491 us display, type 3
frame 863: 25658 us total, 11487 us display, type 3
frame 864: 27787 us total, 11668 us display, type 3
frame 865: 29065 us total, 11739 us display, type 3
frame 866: 26201 us total, 11474 us display, type 3
frame 867: 29573 us total, 11479 us display, type 3
frame 868: 27600 us total, 11476 us display, type 3
frame 869: 29357 us total, 11475 us display, type 3
frame 870: 29688 us total, 11527 us display, type 3
frame 871: 24400 us total, 11806 us display, type 3
frame 872: 30034 us total, 11748 us display, type 3
frame 873: 26829 us total, 11461 us display, type 3
frame 874: 29459 us total, 11478 us display, type 3
frame 875: 31056 us total, 11665 us display, type 3
frame 876: 27219 us total, 11484 us display, type 3
frame 877: 30138 us total, 11490 us display, type 3
frame 878: 26761 us total, 11648 us display, type 3
frame 879: 28123 us total, 11492 us display, type 3
frame 880: 28090 us total, 11567 us display, type 3
frame 881: 28330 us total, 11469 us display, type 3
frame 882: 30852 us total, 11808 us display, type 3
frame 883: 27584 us total, 11470 us display, type 3
frame 884: 28201 us total, 11651 us display, type 3
frame 885: 28652 us total, 11598 us display, type 3
frame 886: 29065 us total, 11466 us display, type 3
frame 887: 27776 us total, 11474 us display, type 3
frame 888: 28678 us total, 11470 us display, type 3
frame 889: 29052 us total, 11466 us display, type 3
frame 890: 28332 us total, 11475 us display, type 3
frame 891: 29061 us total, 11468 us display, type 3
frame 892: 28108 us total, 11474 us display, type 3
frame 893: 26778 us total, 11717 us display, type 3
frame 894: 27024 us total, 11454 us display, type 3
frame 895: 28767 us total, 11453 us display, type 3
profile (avg of 128 frames, ms): logic+bsp 7.0 wait-fb 0.0 vp-mark 1.2 flats 3.8 columns 8.4 fuzz 0.0
frame 896: 29480 us total, 11474 us display, type 3
frame 897: 26597 us total, 11455 us display, type 3
frame 898: 28627 us total, 11561 us display, type 3
frame 899: 26281 us total, 11464 us display, type 3
frame 900: 27666 us total, 11451 us display, type 3
frame 901: 27820 us total, 11442 us display, type 3
frame 902: 29470 us total, 11443 us display, type 3
frame 903: 31391 us total, 11767 us display, type 3
frame 904: 29357 us total, 11463 us display, type 3
frame 905: 28605 us total, 11456 us display, type 3
frame 906: 28555 us total, 11457 us display, type 3
frame 907: 28687 us total, 11723 us display, type 3
frame 908: 26978 us total, 11456 us display, type 3
frame 909: 28740 us total, 11458 us display, type 3
frame 910: 28026 us total, 11462 us display, type 3
frame 911: 28128 us total, 11468 us display, type 3
frame 912: 29077 us total, 11505 us display, type 3
frame 913: 28287 us total, 11455 us display, type 3
frame 914: 28294 us total, 11449 us display, type 3
frame 915: 27708 us total, 11467 us display, type 3
frame 916: 28821 us total, 11638 us display, type 3
frame 917: 29105 us total, 11459 us display, type 3
frame 918: 27600 us total, 11443 us display, type 3
frame 919: 29472 us total, 11586 us display, type 3
frame 920: 27421 us total, 11451 us display, type 3
frame 921: 28579 us total, 11469 us display, type 3
frame 922: 29511 us total, 11494 us display, type 3
frame 923: 29035 us total, 11755 us display, type 3
frame 924: 29029 us total, 11459 us display, type 3
frame 925: 28383 us total, 11453 us display, type 3
frame 926: 29259 us total, 11459 us display, type 3
frame 927: 28849 us total, 11465 us display, type 3
frame 928: 27781 us total, 11677 us display, type 3
frame 929: 29047 us total, 11689 us display, type 3
frame 930: 29213 us total, 11461 us display, type 3
frame 931: 27545 us total, 11454 us display, type 3
frame 932: 29880 us total, 11454 us display, type 3
frame 933: 27821 us total, 11692 us display, type 3
frame 934: 29456 us total, 11592 us display, type 3
frame 935: 29311 us total, 11457 us display, type 3
frame 936: 27092 us total, 11454 us display, type 3
frame 937: 29833 us total, 11463 us display, type 3
frame 938: 28139 us total, 11455 us display, type 3
frame 939: 29610 us total, 11464 us display, type 3
frame 940: 30392 us total, 11465 us display, type 3
frame 941: 28610 us total, 11761 us display, type 3
frame 942: 29999 us total, 11660 us display, type 3
frame 943: 28145 us total, 11722 us display, type 3
frame 944: 26401 us total, 11460 us display, type 3
frame 945: 31225 us total, 11476 us display, type 3
frame 946: 26949 us total, 11456 us display, type 3
frame 947: 30121 us total, 11467 us display, type 3
frame 948: 29312 us total, 11627 us display, type 3
frame 949: 27656 us total, 11459 us display, type 3
frame 950: 29080 us total, 11462 us display, type 3
frame 951: 28602 us total, 11470 us display, type 3
frame 952: 28071 us total, 11470 us display, type 3
frame 953: 29463 us total, 11560 us display, type 3
frame 954: 27235 us total, 11686 us display, type 3
frame 955: 30032 us total, 11486 us display, type 3
frame 956: 29343 us total, 11478 us display, type 3
frame 957: 26529 us total, 11466 us display, type 3
frame 958: 30686 us total, 11474 us display, type 3
frame 959: 27955 us total, 11622 us display, type 3
frame 960: 29258 us total, 11489 us display, type 3
frame 961: 29042 us total, 11478 us display, type 3
frame 962: 26959 us total, 11808 us display, type 3
frame 963: 28953 us total, 11478 us display, type 3
frame 964: 28337 us total, 11478 us display, type 3
frame 965: 26957 us total, 11509 us display, type 3
frame 966: 30968 us total, 11813 us display, type 3
frame 967: 26508 us total, 11457 us display, type 3
frame 968: 30015 us total, 11469 us display, type 3
frame 969: 29318 us total, 11473 us display, type 3
frame 970: 27661 us total, 11833 us display, type 3
frame 971: 28801 us total, 11462 us display, type 3
frame 972: 28002 us total, 11456 us display, type 3
frame 973: 29813 us total, 11464 us display, type 3
frame 974: 26911 us total, 11466 us display, type 3
frame 975: 27016 us total, 11720 us display, type 3
frame 976: 28611 us total, 11455 us display, type 3
frame 977: 28634 us total, 11786 us display, type 3
frame 978: 27216 us total, 11784 us display, type 3
frame 979: 29249 us total, 11467 us display, type 3
frame 980: 27957 us total, 11460 us display, type 3
frame 981: 27977 us total, 11698 us display, type 3
frame 982: 29479 us total, 11462 us display, type 3
frame 983: 27080 us total, 11461 us display, type 3
frame 984: 30029 us total, 11474 us display, type 3
frame 985: 28029 us total, 11461 us display, type 3
frame 986: 30318 us total, 11458 us display, type 3
frame 987: 28749 us total, 11464 us display, type 3
frame 988: 27970 us total, 11688 us display, type 3
frame 989: 30942 us total, 11745 us display, type 3
frame 990: 28550 us total, 11640 us display, type 3
frame 991: 29141 us total, 11477 us display, type 3
frame 992: 31767 us total, 11473 us display, type 3
frame 993: 29763 us total, 11468 us display, type 3
frame 994: 31712 us total, 11845 us display, type 3
frame 995: 31021 us total, 11471 us display, type 3
frame 996: 30409 us total, 11463 us display, type 3
frame 997: 31352 us total, 11706 us display, type 3
frame 998: 30929 us total, 11702 us display, type 3
frame 999: 30921 us total, 11589 us display, type 3
frame 1000: 30926 us total, 11593 us display, type 3
frame 1001: 30559 us total, 11472 us display, type 3
frame 1002: 31638 us total, 11469 us display, type 3
frame 1003: 30165 us total, 11466 us display, type 3
frame 1004: 29775 us total, 11473 us display, type 3
frame 1005: 28775 us total, 11562 us display, type 3
frame 1006: 29548 us total, 11465 us display, type 3
frame 1007: 29711 us total, 11482 us display, type 3
frame 1008: 29828 us total, 11760 us display, type 3
frame 1009: 29076 us total, 11748 us display, type 3
frame 1010: 28215 us total, 11481 us display, type 3
frame 1011: 29004 us total, 11766 us display, type 3
frame 1012: 28369 us total, 11471 us display, type 3
frame 1013: 28947 us total, 11474 us display, type 3
frame 1014: 28717 us total, 11651 us display, type 3
frame 1015: 28405 us total, 11577 us display, type 3
frame 1016: 28254 us total, 11470 us display, type 3
frame 1017: 28672 us total, 11462 us display, type 3
frame 1018: 28281 us total, 11603 us display, type 3
frame 1019: 28584 us total, 11463 us display, type 3
frame 1020: 28629 us total, 11636 us display, type 3
frame 1021: 29444 us total, 11471 us display, type 3
frame 1022: 29963 us total, 11486 us display, type 3
frame 1023: 29670 us total, 11688 us display, type 3
profile (avg of 128 frames, ms): logic+bsp 7.3 wait-fb 0.0 vp-mark 1.6 flats 3.2 columns 8.0 fuzz 0.1
frame 1024: 29155 us total, 11480 us display, type 3
audio: 70 underruns, 69 ms queued
mem @frame 1024: heap free 46600, largest 20992, min ever 45768, zone free 41204, display stack free 4408, uptime 29 s, gamestate 0, demo 1, usergame 0, tic 961
frame 1025: 29923 us total, 11838 us display, type 3
frame 1026: 29098 us total, 11477 us display, type 3
frame 1027: 29269 us total, 11478 us display, type 3
frame 1028: 28845 us total, 11475 us display, type 3
frame 1029: 29215 us total, 11493 us display, type 3
frame 1030: 28929 us total, 11777 us display, type 3
frame 1031: 28380 us total, 11477 us display, type 3
frame 1032: 26260 us total, 11485 us display, type 3
frame 1033: 28706 us total, 11546 us display, type 3
frame 1034: 27599 us total, 11472 us display, type 3
frame 1035: 28079 us total, 11474 us display, type 3
frame 1036: 28758 us total, 11797 us display, type 3
frame 1037: 28210 us total, 11482 us display, type 3
frame 1038: 29004 us total, 11721 us display, type 3
frame 1039: 26315 us total, 11471 us display, type 3
frame 1040: 28070 us total, 11480 us display, type 3
frame 1041: 32359 us total, 11472 us display, type 3
frame 1042: 28971 us total, 11473 us display, type 3
frame 1043: 28556 us total, 11620 us display, type 3
frame 1044: 30000 us total, 11529 us display, type 3
frame 1045: 29082 us total, 11814 us display, type 3
frame 1046: 29437 us total, 11475 us display, type 3
frame 1047: 28701 us total, 11601 us display, type 3
frame 1048: 30029 us total, 11480 us display, type 3
frame 1049: 31344 us total, 11470 us display, type 3
frame 1050: 30489 us total, 11827 us display, type 3
frame 1051: 32422 us total, 11474 us display, type 3
frame 1052: 31052 us total, 11470 us display, type 3
frame 1053: 30785 us total, 11466 us display, type 3
frame 1054: 32390 us total, 11762 us display, type 3
frame 1055: 32025 us total, 11484 us display, type 3
frame 1056: 29409 us total, 11480 us display, type 3
frame 1057: 32279 us total, 11537 us display, type 3
frame 1058: 32144 us total, 11477 us display, type 3
frame 1059: 30960 us total, 11469 us display, type 3
frame 1060: 32920 us total, 11482 us display, type 3
frame 1061: 30932 us total, 11475 us display, type 3
frame 1062: 30137 us total, 11473 us display, type 3
frame 1063: 28986 us total, 11483 us display, type 3
frame 1064: 31291 us total, 11474 us display, type 3
frame 1065: 29633 us total, 11471 us display, type 3
frame 1066: 29511 us total, 11765 us display, type 3
frame 1067: 30765 us total, 11474 us display, type 3
frame 1068: 28280 us total, 11808 us display, type 3
frame 1069: 29355 us total, 11476 us display, type 3
frame 1070: 29021 us total, 11473 us display, type 3
frame 1071: 28850 us total, 11608 us display, type 3
frame 1072: 30028 us total, 11484 us display, type 3
frame 1073: 29972 us total, 11607 us display, type 3
frame 1074: 29073 us total, 11684 us display, type 3
frame 1075: 29998 us total, 11522 us display, type 3
frame 1076: 29579 us total, 11473 us display, type 3
frame 1077: 29917 us total, 11474 us display, type 3
frame 1078: 29575 us total, 11510 us display, type 3
frame 1079: 29212 us total, 11478 us display, type 3
frame 1080: 29073 us total, 11477 us display, type 3
frame 1081: 28420 us total, 11484 us display, type 3
frame 1082: 28771 us total, 11649 us display, type 3
frame 1083: 26903 us total, 11460 us display, type 3
frame 1084: 25558 us total, 11471 us display, type 3
frame 1085: 26206 us total, 11480 us display, type 3
frame 1086: 27145 us total, 11648 us display, type 3
frame 1087: 25669 us total, 11468 us display, type 3
frame 1088: 25278 us total, 11479 us display, type 3
frame 1089: 28088 us total, 11477 us display, type 3
frame 1090: 29833 us total, 11479 us display, type 3
frame 1091: 28925 us total, 11737 us display, type 3
frame 1092: 28175 us total, 11482 us display, type 3
frame 1093: 29960 us total, 11774 us display, type 3
frame 1094: 29438 us total, 11485 us display, type 3
frame 1095: 29673 us total, 11481 us display, type 3
frame 1096: 29961 us total, 11638 us display, type 3
frame 1097: 29781 us total, 11665 us display, type 3
frame 1098: 30357 us total, 11485 us display, type 3
frame 1099: 31047 us total, 11488 us display, type 3
frame 1100: 30676 us total, 11587 us display, type 3
frame 1101: 30533 us total, 11486 us display, type 3
frame 1102: 31322 us total, 11720 us display, type 3
frame 1103: 30930 us total, 11788 us display, type 3
frame 1104: 30928 us total, 11844 us display, type 3
frame 1105: 30077 us total, 11486 us display, type 3
frame 1106: 30851 us total, 11666 us display, type 3
frame 1107: 30487 us total, 11487 us display, type 3
frame 1108: 30029 us total, 11475 us display, type 3
frame 1109: 30627 us total, 11486 us display, type 3
frame 1110: 31780 us total, 11802 us display, type 3
frame 1111: 30394 us total, 11472 us display, type 3
frame 1112: 29893 us total, 11472 us display, type 3
frame 1113: 31215 us total, 11480 us display, type 3
frame 1114: 30412 us total, 11477 us display, type 3
frame 1115: 29992 us total, 11480 us display, type 3
frame 1116: 30240 us total, 11481 us display, type 3
frame 1117: 29711 us total, 11475 us display, type 3
frame 1118: 30101 us total, 11481 us display, type 3
frame 1119: 29952 us total, 11474 us display, type 3
frame 1120: 29174 us total, 11485 us display, type 3
frame 1121: 29529 us total, 11474 us display, type 3
frame 1122: 29624 us total, 11469 us display, type 3
frame 1123: 28825 us total, 11493 us display, type 3
frame 1124: 29867 us total, 11692 us display, type 3
frame 1125: 29397 us total, 11477 us display, type 3
frame 1126: 29765 us total, 11479 us display, type 3
frame 1127: 29907 us total, 11568 us display, type 3
frame 1128: 30435 us total, 11491 us display, type 3
frame 1129: 29095 us total, 11474 us display, type 3
frame 1130: 29538 us total, 11492 us display, type 3
frame 1131: 27444 us total, 11472 us display, type 3
frame 1132: 27400 us total, 11471 us display, type 3
frame 1133: 27743 us total, 11635 us display, type 3
frame 1134: 26933 us total, 11461 us display, type 3
frame 1135: 29783 us total, 11468 us display, type 3
frame 1136: 28092 us total, 11464 us display, type 3
frame 1137: 28784 us total, 11470 us display, type 3
frame 1138: 28812 us total, 11802 us display, type 3
frame 1139: 27193 us total, 11726 us display, type 3
frame 1140: 29101 us total, 11518 us display, type 3
frame 1141: 28146 us total, 11807 us display, type 3
frame 1142: 29284 us total, 11475 us display, type 3
frame 1143: 28866 us total, 11723 us display, type 3
frame 1144: 28165 us total, 11465 us display, type 3
frame 1145: 28800 us total, 11469 us display, type 3
frame 1146: 27308 us total, 11472 us display, type 3
frame 1147: 28179 us total, 11469 us display, type 3
frame 1148: 28944 us total, 11591 us display, type 3
frame 1149: 27740 us total, 11468 us display, type 3
frame 1150: 30501 us total, 11835 us display, type 3
frame 1151: 28137 us total, 11558 us display, type 3
profile (avg of 128 frames, ms): logic+bsp 8.7 wait-fb 0.0 vp-mark 1.7 flats 4.2 columns 11.2 fuzz 0.0
frame 1152: 29316 us total, 11472 us display, type 3
frame 1153: 27314 us total, 11473 us display, type 3
frame 1154: 27672 us total, 11461 us display, type 3
frame 1155: 28630 us total, 11468 us display, type 3
frame 1156: 27831 us total, 11469 us display, type 3
frame 1157: 28216 us total, 11461 us display, type 3
frame 1158: 28678 us total, 11620 us display, type 3
frame 1159: 28457 us total, 11461 us display, type 3
frame 1160: 27428 us total, 11462 us display, type 3
frame 1161: 29372 us total, 11657 us display, type 3
frame 1162: 27310 us total, 11453 us display, type 3
frame 1163: 28896 us total, 11452 us display, type 3
frame 1164: 28944 us total, 11462 us display, type 3
frame 1165: 26753 us total, 11457 us display, type 3
frame 1166: 27822 us total, 11669 us display, type 3
frame 1167: 27239 us total, 11450 us display, type 3
frame 1168: 28313 us total, 11451 us display, type 3
frame 1169: 27198 us total, 11442 us display, type 3
frame 1170: 27631 us total, 11442 us display, type 3
frame 1171: 29923 us total, 11442 us display, type 3
frame 1172: 27572 us total, 11673 us display, type 3
frame 1173: 30541 us total, 11453 us display, type 3
frame 1174: 27677 us total, 11449 us display, type 3
frame 1175: 27454 us total, 11444 us display, type 3
frame 1176: 28237 us total, 11442 us display, type 3
frame 1177: 28973 us total, 11439 us display, type 3
frame 1178: 27702 us total, 11459 us display, type 3
frame 1179: 29031 us total, 11445 us display, type 3
frame 1180: 27988 us total, 11442 us display, type 3
frame 1181: 29546 us total, 11802 us display, type 3
frame 1182: 28805 us total, 11713 us display, type 3
frame 1183: 26166 us total, 11572 us display, type 3
frame 1184: 31966 us total, 11691 us display, type 3
frame 1185: 29049 us total, 11709 us display, type 3
frame 1186: 30108 us total, 11461 us display, type 3
frame 1187: 29140 us total, 11455 us display, type 3
frame 1188: 28440 us total, 11461 us display, type 3
frame 1189: 29670 us total, 11464 us display, type 3
frame 1190: 29114 us total, 11458 us display, type 3
frame 1191: 33025 us total, 11462 us display, type 3
frame 1192: 28841 us total, 11475 us display, type 3
frame 1193: 29871 us total, 11733 us display, type 3
frame 1194: 26669 us total, 11472 us display, type 3
frame 1195: 30543 us total, 11654 us display, type 3
frame 1196: 25575 us total, 11465 us display, type 3
frame 1197: 30364 us total, 11468 us display, type 3
frame 1198: 29140 us total, 11473 us display, type 3
frame 1199: 26368 us total, 11772 us display, type 3
frame 1200: 29786 us total, 11466 us display, type 3
frame 1201: 26801 us total, 11457 us display, type 3
frame 1202: 30228 us total, 11475 us display, type 3
frame 1203: 30561 us total, 11470 us display, type 3
frame 1204: 26145 us total, 11805 us display, type 3
frame 1205: 30367 us total, 11470 us display, type 3
frame 1206: 26939 us total, 11475 us display, type 3
frame 1207: 30873 us total, 11635 us display, type 3
frame 1208: 29085 us total, 11744 us display, type 3
frame 1209: 25212 us total, 11461 us display, type 3
frame 1210: 31351 us total, 11468 us display, type 3
frame 1211: 29850 us total, 11485 us display, type 3
frame 1212: 25383 us total, 11466 us display, type 3
frame 1213: 31023 us total, 11471 us display, type 3
frame 1214: 26113 us total, 11462 us display, type 3
frame 1215: 31615 us total, 11819 us display, type 3
frame 1216: 27417 us total, 11476 us display, type 3
frame 1217: 27252 us total, 11472 us display, type 3
frame 1218: 28722 us total, 11470 us display, type 3
frame 1219: 30224 us total, 11469 us display, type 3
frame 1220: 30835 us total, 11503 us display, type 3
frame 1221: 32780 us total, 11762 us display, type 3
frame 1222: 30156 us total, 11474 us display, type 3
frame 1223: 30141 us total, 11472 us display, type 3
frame 1224: 30625 us total, 11734 us display, type 3
frame 1225: 30922 us total, 11712 us display, type 3
frame 1226: 28681 us total, 11479 us display, type 3
frame 1227: 30602 us total, 11477 us display, type 3
frame 1228: 32816 us total, 11477 us display, type 3
frame 1229: 30871 us total, 11471 us display, type 3
frame 1230: 30369 us total, 11468 us display, type 3
frame 1231: 31461 us total, 11474 us display, type 3
frame 1232: 30138 us total, 11484 us display, type 3
frame 1233: 31921 us total, 11490 us display, type 3
frame 1234: 32527 us total, 11466 us display, type 3
frame 1235: 30436 us total, 11471 us display, type 3
frame 1236: 30721 us total, 11481 us display, type 3
frame 1237: 27827 us total, 11468 us display, type 3
frame 1238: 26278 us total, 11678 us display, type 3
frame 1239: 27219 us total, 11714 us display, type 3
frame 1240: 25506 us total, 11472 us display, type 3
frame 1241: 26849 us total, 11478 us display, type 3
frame 1242: 24098 us total, 11463 us display, type 3
frame 1243: 28539 us total, 11722 us display, type 3
frame 1244: 26601 us total, 11464 us display, type 3
frame 1245: 29157 us total, 11465 us display, type 3
frame 1246: 28732 us total, 11605 us display, type 3
frame 1247: 28460 us total, 11470 us display, type 3
frame 1248: 30848 us total, 11476 us display, type 3
frame 1249: 28891 us total, 11468 us display, type 3
frame 1250: 26347 us total, 11457 us display, type 3
frame 1251: 29825 us total, 11485 us display, type 3
frame 1252: 26294 us total, 11462 us display, type 3
frame 1253: 29461 us total, 11460 us display, type 3
frame 1254: 28525 us total, 11652 us display, type 3
frame 1255: 27209 us total, 11703 us display, type 3
frame 1256: 29361 us total, 11605 us display, type 3
frame 1257: 27479 us total, 11455 us display, type 3
frame 1258: 28358 us total, 11472 us display, type 3
frame 1259: 27212 us total, 11623 us display, type 3
frame 1260: 27772 us total, 11456 us display, type 3
frame 1261: 29593 us total, 11459 us display, type 3
frame 1262: 27864 us total, 11613 us display, type 3
frame 1263: 28420 us total, 11454 us display, type 3
frame 1264: 34124 us total, 11462 us display, type 3
frame 1265: 25743 us total, 11475 us display, type 3
frame 1266: 29621 us total, 11469 us display, type 3
frame 1267: 28660 us total, 11582 us display, type 3
frame 1268: 28314 us total, 11464 us display, type 3
frame 1269: 27949 us total, 11459 us display, type 3
frame 1270: 27078 us total, 11464 us display, type 3
frame 1271: 29883 us total, 11474 us display, type 3
frame 1272: 30469 us total, 11471 us display, type 3
frame 1273: 26652 us total, 11685 us display, type 3
frame 1274: 30085 us total, 11605 us display, type 3
frame 1275: 28586 us total, 11471 us display, type 3
frame 1276: 28682 us total, 11462 us display, type 3
frame 1277: 29059 us total, 11466 us display, type 3
frame 1278: 28759 us total, 11641 us display, type 3
frame 1279: 28798 us total, 11479 us display, type 3
profile (avg of 128 frames, ms): logic+bsp 8.0 wait-fb 0.0 vp-mark 1.2 flats 3.1 columns 8.5 fuzz 0.0
frame 1280: 30573 us total, 11665 us display, type 3
audio: 70 underruns, 58 ms queued
mem @frame 1280: heap free 46600, largest 20992, min ever 45768, zone free 40564, display stack free 4408, uptime 36 s, gamestate 0, demo 1, usergame 0, tic 1222
frame 1281: 27233 us total, 11459 us display, type 3
frame 1282: 29793 us total, 11464 us display, type 3
frame 1283: 27216 us total, 11505 us display, type 3
frame 1284: 27533 us total, 11464 us display, type 3
frame 1285: 28772 us total, 11484 us display, type 3
frame 1286: 30245 us total, 11475 us display, type 3
frame 1287: 28836 us total, 11772 us display, type 3
frame 1288: 30002 us total, 11571 us display, type 3
frame 1289: 28146 us total, 11823 us display, type 3
frame 1290: 30003 us total, 11631 us display, type 3
frame 1291: 29077 us total, 11480 us display, type 3
frame 1292: 29059 us total, 11768 us display, type 3
frame 1293: 30221 us total, 11475 us display, type 3
frame 1294: 27939 us total, 11612 us display, type 3
frame 1295: 28064 us total, 11474 us display, type 3
frame 1296: 28493 us total, 11470 us display, type 3
frame 1297: 27725 us total, 11687 us display, type 3
frame 1298: 29053 us total, 11611 us display, type 3
frame 1299: 30147 us total, 11487 us display, type 3
frame 1300: 29849 us total, 11509 us display, type 3
frame 1301: 30005 us total, 11650 us display, type 3
frame 1302: 28150 us total, 11599 us display, type 3
frame 1303: 29408 us total, 11466 us display, type 3
frame 1304: 28354 us total, 11481 us display, type 3
frame 1305: 28532 us total, 11826 us display, type 3
frame 1306: 28148 us total, 11767 us display, type 3
frame 1307: 26642 us total, 11468 us display, type 3
frame 1308: 26307 us total, 11466 us display, type 3
frame 1309: 27630 us total, 11586 us display, type 3
frame 1310: 25340 us total, 11593 us display, type 3
frame 1311: 27375 us total, 11470 us display, type 3
frame 1312: 26999 us total, 11799 us display, type 3
frame 1313: 29283 us total, 11470 us display, type 3
frame 1314: 30144 us total, 11473 us display, type 3
frame 1315: 26887 us total, 11459 us display, type 3
frame 1316: 32086 us total, 11487 us display, type 3
frame 1317: 27785 us total, 11497 us display, type 3
frame 1318: 30108 us total, 11482 us display, type 3
frame 1319: 33995 us total, 11469 us display, type 3
frame 1320: 28679 us total, 11744 us display, type 3
frame 1321: 31086 us total, 11788 us display, type 3
frame 1322: 32276 us total, 11474 us display, type 3
frame 1323: 30279 us total, 11465 us display, type 3
frame 1324: 33020 us total, 11542 us display, type 3
frame 1325: 31859 us total, 11656 us display, type 3
frame 1326: 30460 us total, 11466 us display, type 3
frame 1327: 32394 us total, 11467 us display, type 3
frame 1328: 32705 us total, 11556 us display, type 3
frame 1329: 36215 us total, 11488 us display, type 3
frame 1330: 32446 us total, 11467 us display, type 3
frame 1331: 35641 us total, 11463 us display, type 3
frame 1332: 35597 us total, 11470 us display, type 3
frame 1333: 36389 us total, 11649 us display, type 3
frame 1334: 33733 us total, 11470 us display, type 3
frame 1335: 36632 us total, 11774 us display, type 3
frame 1336: 35562 us total, 11707 us display, type 3
frame 1337: 36368 us total, 11469 us display, type 3
frame 1338: 33999 us total, 11626 us display, type 3
frame 1339: 35957 us total, 11465 us display, type 3
frame 1340: 35537 us total, 11490 us display, type 3
frame 1341: 35575 us total, 11470 us display, type 3
frame 1342: 33492 us total, 11539 us display, type 3
frame 1343: 33801 us total, 11795 us display, type 3
frame 1344: 32142 us total, 11470 us display, type 3
frame 1345: 32014 us total, 11476 us display, type 3
frame 1346: 29726 us total, 11476 us display, type 3
frame 1347: 29906 us total, 11723 us display, type 3
frame 1348: 30355 us total, 11487 us display, type 3
frame 1349: 29736 us total, 11471 us display, type 3
frame 1350: 30039 us total, 11473 us display, type 3
frame 1351: 35010 us total, 11465 us display, type 3
frame 1352: 30412 us total, 11795 us display, type 3
frame 1353: 30956 us total, 11473 us display, type 3
frame 1354: 30905 us total, 11783 us display, type 3
frame 1355: 29583 us total, 11462 us display, type 3
frame 1356: 30510 us total, 11468 us display, type 3
frame 1357: 30833 us total, 11574 us display, type 3
frame 1358: 29121 us total, 11474 us display, type 3
frame 1359: 31810 us total, 11778 us display, type 3
frame 1360: 28639 us total, 11474 us display, type 3
frame 1361: 32278 us total, 11551 us display, type 3
frame 1362: 31653 us total, 11474 us display, type 3
frame 1363: 33649 us total, 11485 us display, type 3
frame 1364: 31357 us total, 11805 us display, type 3
frame 1365: 31859 us total, 11502 us display, type 3
frame 1366: 32777 us total, 11724 us display, type 3
frame 1367: 33079 us total, 11462 us display, type 3
frame 1368: 34898 us total, 11470 us display, type 3
frame 1369: 35330 us total, 11479 us display, type 3
frame 1370: 34848 us total, 11472 us display, type 3
frame 1371: 32621 us total, 11477 us display, type 3
frame 1372: 33053 us total, 11476 us display, type 3
frame 1373: 34384 us total, 11479 us display, type 3
frame 1374: 31781 us total, 11503 us display, type 3
frame 1375: 35283 us total, 11466 us display, type 3
frame 1376: 33327 us total, 11475 us display, type 3
frame 1377: 32910 us total, 11470 us display, type 3
frame 1378: 30872 us total, 11469 us display, type 3
frame 1379: 30867 us total, 11470 us display, type 3
frame 1380: 30350 us total, 11477 us display, type 3
frame 1381: 29726 us total, 11474 us display, type 3
frame 1382: 30748 us total, 11775 us display, type 3
frame 1383: 30332 us total, 11474 us display, type 3
frame 1384: 34454 us total, 11474 us display, type 3
frame 1385: 32960 us total, 11467 us display, type 3
frame 1386: 31780 us total, 11471 us display, type 3
frame 1387: 32760 us total, 11474 us display, type 3
frame 1388: 32247 us total, 11464 us display, type 3
frame 1389: 32324 us total, 11491 us display, type 3
frame 1390: 31392 us total, 11474 us display, type 3
frame 1391: 33175 us total, 11469 us display, type 3
frame 1392: 33017 us total, 11625 us display, type 3
frame 1393: 32937 us total, 11479 us display, type 3
frame 1394: 29969 us total, 11477 us display, type 3
frame 1395: 32650 us total, 11714 us display, type 3
frame 1396: 32015 us total, 11466 us display, type 3
frame 1397: 30765 us total, 11589 us display, type 3
frame 1398: 31394 us total, 11467 us display, type 3
frame 1399: 32490 us total, 11475 us display, type 3
frame 1400: 30798 us total, 11461 us display, type 3
frame 1401: 32981 us total, 11655 us display, type 3
frame 1402: 32244 us total, 11473 us display, type 3
frame 1403: 30971 us total, 11470 us display, type 3
frame 1404: 31733 us total, 11464 us display, type 3
frame 1405: 33409 us total, 11478 us display, type 3
frame 1406: 32380 us total, 11472 us display, type 3
frame 1407: 31269 us total, 11468 us display, type 3
profile (avg of 128 frames, ms): logic+bsp 11.8 wait-fb 0.0 vp-mark 1.4 flats 3.9 columns 10.4 fuzz 0.0
frame 1408: 33888 us total, 11475 us display, type 3
frame 1409: 33668 us total, 11776 us display, type 3
frame 1410: 30926 us total, 11787 us display, type 3
frame 1411: 33077 us total, 11471 us display, type 3
frame 1412: 32378 us total, 11466 us display, type 3
frame 1413: 30974 us total, 11467 us display, type 3
frame 1414: 32084 us total, 11512 us display, type 3
frame 1415: 32808 us total, 11472 us display, type 3
frame 1416: 31199 us total, 11460 us display, type 3
frame 1417: 36187 us total, 11477 us display, type 3
frame 1418: 33284 us total, 11483 us display, type 3
frame 1419: 33690 us total, 11470 us display, type 3
frame 1420: 31722 us total, 11470 us display, type 3
frame 1421: 33527 us total, 11705 us display, type 3
frame 1422: 32381 us total, 11472 us display, type 3
frame 1423: 32365 us total, 11465 us display, type 3
frame 1424: 32834 us total, 11634 us display, type 3
frame 1425: 33148 us total, 11474 us display, type 3
frame 1426: 32928 us total, 11472 us display, type 3
frame 1427: 32370 us total, 11474 us display, type 3
frame 1428: 33452 us total, 11472 us display, type 3
frame 1429: 34964 us total, 11476 us display, type 3
frame 1430: 31925 us total, 11479 us display, type 3
frame 1431: 33794 us total, 11468 us display, type 3
frame 1432: 33654 us total, 11801 us display, type 3
frame 1433: 33844 us total, 11474 us display, type 3
frame 1434: 32923 us total, 11470 us display, type 3
frame 1435: 33888 us total, 11469 us display, type 3
frame 1436: 33401 us total, 11492 us display, type 3
frame 1437: 34716 us total, 11721 us display, type 3
frame 1438: 32824 us total, 11477 us display, type 3
frame 1439: 34597 us total, 11485 us display, type 3
frame 1440: 35927 us total, 11478 us display, type 3
frame 1441: 32159 us total, 11465 us display, type 3
frame 1442: 33268 us total, 11468 us display, type 3
frame 1443: 34133 us total, 11476 us display, type 3
frame 1444: 32283 us total, 11751 us display, type 3
frame 1445: 31716 us total, 11471 us display, type 3
frame 1446: 34217 us total, 11641 us display, type 3
frame 1447: 32618 us total, 11471 us display, type 3
frame 1448: 31418 us total, 11462 us display, type 3
frame 1449: 36974 us total, 11465 us display, type 3
frame 1450: 33243 us total, 11477 us display, type 3
frame 1451: 34251 us total, 11694 us display, type 3
frame 1452: 32405 us total, 11470 us display, type 3
frame 1453: 34459 us total, 11460 us display, type 3
frame 1454: 33058 us total, 11464 us display, type 3
frame 1455: 34588 us total, 11601 us display, type 3
frame 1456: 32345 us total, 11622 us display, type 3
frame 1457: 35575 us total, 11462 us display, type 3
frame 1458: 33867 us total, 11810 us display, type 3
frame 1459: 32889 us total, 11481 us display, type 3
frame 1460: 33789 us total, 11469 us display, type 3
frame 1461: 34300 us total, 11472 us display, type 3
frame 1462: 34412 us total, 11638 us display, type 3
frame 1463: 32745 us total, 11471 us display, type 3
frame 1464: 32952 us total, 11461 us display, type 3
frame 1465: 34375 us total, 11806 us display, type 3
frame 1466: 32774 us total, 11469 us display, type 3
frame 1467: 32240 us total, 11646 us display, type 3
frame 1468: 32512 us total, 11483 us display, type 3
frame 1469: 33779 us total, 11476 us display, type 3
frame 1470: 31815 us total, 11463 us display, type 3
frame 1471: 33503 us total, 11464 us display, type 3
frame 1472: 32270 us total, 11480 us display, type 3
frame 1473: 31919 us total, 11471 us display, type 3
frame 1474: 33358 us total, 11584 us display, type 3
frame 1475: 33244 us total, 11470 us display, type 3
frame 1476: 31834 us total, 11472 us display, type 3
frame 1477: 31373 us total, 11466 us display, type 3
frame 1478: 31613 us total, 11474 us display, type 3
frame 1479: 31580 us total, 11482 us display, type 3
frame 1480: 30893 us total, 11653 us display, type 3
frame 1481: 35934 us total, 11475 us display, type 3
frame 1482: 33169 us total, 11615 us display, type 3
frame 1483: 35096 us total, 11477 us display, type 3
frame 1484: 31552 us total, 11707 us display, type 3
frame 1485: 33286 us total, 11465 us display, type 3
frame 1486: 32284 us total, 11683 us display, type 3
frame 1487: 32274 us total, 11467 us display, type 3
frame 1488: 33572 us total, 11480 us display, type 3
frame 1489: 35776 us total, 11480 us display, type 3
frame 1490: 33378 us total, 11727 us display, type 3
frame 1491: 33112 us total, 11476 us display, type 3
frame 1492: 33598 us total, 11472 us display, type 3
frame 1493: 32725 us total, 11726 us display, type 3
frame 1494: 27696 us total, 11475 us display, type 3
frame 1495: 30446 us total, 11599 us display, type 3
frame 1496: 28881 us total, 11464 us display, type 3
frame 1497: 25784 us total, 11463 us display, type 3
frame 1498: 25449 us total, 11463 us display, type 3
frame 1499: 22479 us total, 11457 us display, type 3
frame 1500: 23399 us total, 11463 us display, type 3
frame 1501: 22596 us total, 11462 us display, type 3
frame 1502: 23377 us total, 11461 us display, type 3
frame 1503: 23004 us total, 11511 us display, type 3
frame 1504: 29077 us total, 11471 us display, type 3
frame 1505: 26079 us total, 11581 us display, type 3
frame 1506: 29297 us total, 11470 us display, type 3
frame 1507: 28814 us total, 11677 us display, type 3
frame 1508: 27195 us total, 11460 us display, type 3
frame 1509: 28432 us total, 11463 us display, type 3
frame 1510: 25936 us total, 11448 us display, type 3
frame 1511: 29330 us total, 11443 us display, type 3
frame 1512: 28717 us total, 11443 us display, type 3
frame 1513: 27308 us total, 11680 us display, type 3
frame 1514: 29115 us total, 11448 us display, type 3
frame 1515: 27998 us total, 11528 us display, type 3
frame 1516: 30137 us total, 11467 us display, type 3
frame 1517: 28167 us total, 11443 us display, type 3
frame 1518: 28130 us total, 11449 us display, type 3
frame 1519: 28636 us total, 11449 us display, type 3
frame 1520: 28929 us total, 11452 us display, type 3
frame 1521: 27211 us total, 11456 us display, type 3
frame 1522: 30287 us total, 11449 us display, type 3
frame 1523: 27530 us total, 11812 us display, type 3
frame 1524: 28881 us total, 11469 us display, type 3
frame 1525: 29096 us total, 11458 us display, type 3
frame 1526: 27199 us total, 11458 us display, type 3
frame 1527: 29496 us total, 11443 us display, type 3
frame 1528: 28098 us total, 11451 us display, type 3
frame 1529: 29018 us total, 11444 us display, type 3
frame 1530: 29289 us total, 11457 us display, type 3
frame 1531: 27744 us total, 11443 us display, type 3
frame 1532: 29818 us total, 11714 us display, type 3
frame 1533: 28135 us total, 11450 us display, type 3
frame 1534: 28363 us total, 11453 us display, type 3
frame 1535: 29207 us total, 11456 us display, type 3
profile (avg of 128 frames, ms): logic+bsp 9.9 wait-fb 0.0 vp-mark 1.5 flats 4.3 columns 9.4 fuzz 0.0
frame 1536: 28579 us total, 11521 us display, type 3
audio: 70 underruns, 23 ms queued
mem @frame 1536: heap free 46600, largest 20992, min ever 45768, zone free 41204, display stack free 4408, uptime 44 s, gamestate 0, demo 1, usergame 0, tic 1502
frame 1537: 30087 us total, 11462 us display, type 3
frame 1538: 28963 us total, 11666 us display, type 3
frame 1539: 27465 us total, 11453 us display, type 3
frame 1540: 28763 us total, 11455 us display, type 3
frame 1541: 28180 us total, 11452 us display, type 3
frame 1542: 29121 us total, 11453 us display, type 3
frame 1543: 28695 us total, 11460 us display, type 3
frame 1544: 28706 us total, 11456 us display, type 3
frame 1545: 29293 us total, 11453 us display, type 3
frame 1546: 29254 us total, 11457 us display, type 3
frame 1547: 27636 us total, 11463 us display, type 3
frame 1548: 30152 us total, 11458 us display, type 3
frame 1549: 27691 us total, 11576 us display, type 3
frame 1550: 31114 us total, 11472 us display, type 3
frame 1551: 29024 us total, 11476 us display, type 3
frame 1552: 28476 us total, 11468 us display, type 3
frame 1553: 30125 us total, 11464 us display, type 3
frame 1554: 29506 us total, 11792 us display, type 3
frame 1555: 28347 us total, 11466 us display, type 3
frame 1556: 28390 us total, 11474 us display, type 3
frame 1557: 27930 us total, 11613 us display, type 3
frame 1558: 30121 us total, 11623 us display, type 3
frame 1559: 29031 us total, 11483 us display, type 3
frame 1560: 27831 us total, 11461 us display, type 3
frame 1561: 28975 us total, 11465 us display, type 3
frame 1562: 29260 us total, 11775 us display, type 3
frame 1563: 27858 us total, 11576 us display, type 3
frame 1564: 30053 us total, 11637 us display, type 3
frame 1565: 29074 us total, 11652 us display, type 3
frame 1566: 29149 us total, 11489 us display, type 3
frame 1567: 29097 us total, 11479 us display, type 3
frame 1568: 28989 us total, 11481 us display, type 3
frame 1569: 29178 us total, 11480 us display, type 3
frame 1570: 29349 us total, 11476 us display, type 3
frame 1571: 29044 us total, 11474 us display, type 3
frame 1572: 30572 us total, 11834 us display, type 3
frame 1573: 28559 us total, 11486 us display, type 3
frame 1574: 30871 us total, 11474 us display, type 3
frame 1575: 30577 us total, 11825 us display, type 3
frame 1576: 28584 us total, 11483 us display, type 3
frame 1577: 29829 us total, 11473 us display, type 3
frame 1578: 29725 us total, 11627 us display, type 3
frame 1579: 29291 us total, 11632 us display, type 3
frame 1580: 28970 us total, 11477 us display, type 3
frame 1581: 29418 us total, 11470 us display, type 3
frame 1582: 29252 us total, 11468 us display, type 3
frame 1583: 28623 us total, 11480 us display, type 3
frame 1584: 27774 us total, 11651 us display, type 3
frame 1585: 28327 us total, 11471 us display, type 3
frame 1586: 27976 us total, 11685 us display, type 3
frame 1587: 27624 us total, 11472 us display, type 3
frame 1588: 27988 us total, 11470 us display, type 3
frame 1589: 27403 us total, 11460 us display, type 3
frame 1590: 26984 us total, 11483 us display, type 3
frame 1591: 27235 us total, 11465 us display, type 3
frame 1592: 27015 us total, 11471 us display, type 3
frame 1593: 26660 us total, 11471 us display, type 3
frame 1594: 27602 us total, 11806 us display, type 3
frame 1595: 25444 us total, 11476 us display, type 3
frame 1596: 25191 us total, 11470 us display, type 3
frame 1597: 26753 us total, 11484 us display, type 3
frame 1598: 29520 us total, 11472 us display, type 3
frame 1599: 27062 us total, 11457 us display, type 3
frame 1600: 28946 us total, 11469 us display, type 3
frame 1601: 27377 us total, 11465 us display, type 3
frame 1602: 29258 us total, 11752 us display, type 3
frame 1603: 28063 us total, 11465 us display, type 3
frame 1604: 27847 us total, 11576 us display, type 3
frame 1605: 28205 us total, 11460 us display, type 3
frame 1606: 28665 us total, 11467 us display, type 3
frame 1607: 29256 us total, 11603 us display, type 3
frame 1608: 28404 us total, 11530 us display, type 3
frame 1609: 27456 us total, 11460 us display, type 3
frame 1610: 27756 us total, 11461 us display, type 3
frame 1611: 28625 us total, 11455 us display, type 3
frame 1612: 27515 us total, 11468 us display, type 3
frame 1613: 27787 us total, 11445 us display, type 3
frame 1614: 28955 us total, 11452 us display, type 3
frame 1615: 27410 us total, 11444 us display, type 3
frame 1616: 28073 us total, 11442 us display, type 3
frame 1617: 27762 us total, 11813 us display, type 3
frame 1618: 29937 us total, 11807 us display, type 3
frame 1619: 26999 us total, 11453 us display, type 3
frame 1620: 29007 us total, 11507 us display, type 3
frame 1621: 29067 us total, 11454 us display, type 3
frame 1622: 28327 us total, 11444 us display, type 3
frame 1623: 28798 us total, 11524 us display, type 3
frame 1624: 26594 us total, 11451 us display, type 3
frame 1625: 29382 us total, 11449 us display, type 3
frame 1626: 27671 us total, 11442 us display, type 3
frame 1627: 27143 us total, 11801 us display, type 3
frame 1628: 30137 us total, 11458 us display, type 3
frame 1629: 26162 us total, 11443 us display, type 3
frame 1630: 31929 us total, 11444 us display, type 3
frame 1631: 28435 us total, 11453 us display, type 3
frame 1632: 26958 us total, 11443 us display, type 3
frame 1633: 29381 us total, 11453 us display, type 3
frame 1634: 28950 us total, 11451 us display, type 3
frame 1635: 27870 us total, 11443 us display, type 3
frame 1636: 29284 us total, 11449 us display, type 3
frame 1637: 27045 us total, 11450 us display, type 3
frame 1638: 29775 us total, 11641 us display, type 3
frame 1639: 29065 us total, 11804 us display, type 3
frame 1640: 26450 us total, 11451 us display, type 3
frame 1641: 30737 us total, 11586 us display, type 3
frame 1642: 32448 us total, 11457 us display, type 3
frame 1643: 27054 us total, 11443 us display, type 3
frame 1644: 30116 us total, 11461 us display, type 3
frame 1645: 30254 us total, 11494 us display, type 3
frame 1646: 31461 us total, 11468 us display, type 3
frame 1647: 28675 us total, 11475 us display, type 3
frame 1648: 28577 us total, 11451 us display, type 3
frame 1649: 31878 us total, 11474 us display, type 3
frame 1650: 27049 us total, 11472 us display, type 3
frame 1651: 27370 us total, 11609 us display, type 3
frame 1652: 28978 us total, 11478 us display, type 3
frame 1653: 29718 us total, 11484 us display, type 3
frame 1654: 26283 us total, 11800 us display, type 3
frame 1655: 29341 us total, 11472 us display, type 3
frame 1656: 27608 us total, 11587 us display, type 3
frame 1657: 28444 us total, 11467 us display, type 3
frame 1658: 29069 us total, 11469 us display, type 3
frame 1659: 27899 us total, 11712 us display, type 3
frame 1660: 29164 us total, 11472 us display, type 3
frame 1661: 28083 us total, 11705 us display, type 3
frame 1662: 30021 us total, 11756 us display, type 3
frame 1663: 28459 us total, 11471 us display, type 3
profile (avg of 128 frames, ms): logic+bsp 6.3 wait-fb 0.0 vp-mark 1.1 flats 2.9 columns 9.0 fuzz 0.0
frame 1664: 27161 us total, 11459 us display, type 3
frame 1665: 28045 us total, 11459 us display, type 3
frame 1666: 27258 us total, 11465 us display, type 3
frame 1667: 28681 us total, 11459 us display, type 3
frame 1668: 28950 us total, 11594 us display, type 3
frame 1669: 28450 us total, 11457 us display, type 3
frame 1670: 28902 us total, 11701 us display, type 3
frame 1671: 26221 us total, 11460 us display, type 3
frame 1672: 26167 us total, 11527 us display, type 3
frame 1673: 27091 us total, 11499 us display, type 3
frame 1674: 28191 us total, 11444 us display, type 3
frame 1675: 28627 us total, 11444 us display, type 3
frame 1676: 28917 us total, 11451 us display, type 3
frame 1677: 28167 us total, 11451 us display, type 3
frame 1678: 28853 us total, 11449 us display, type 3
frame 1679: 28374 us total, 11449 us display, type 3
frame 1680: 29529 us total, 11442 us display, type 3
frame 1681: 29519 us total, 11449 us display, type 3
frame 1682: 26090 us total, 11436 us display, type 3
frame 1683: 29298 us total, 11438 us display, type 3
frame 1684: 27919 us total, 11440 us display, type 3
frame 1685: 28287 us total, 11441 us display, type 3
frame 1686: 28839 us total, 11441 us display, type 3
frame 1687: 26551 us total, 11453 us display, type 3
frame 1688: 29514 us total, 11450 us display, type 3
frame 1689: 26269 us total, 11761 us display, type 3
frame 1690: 29221 us total, 11446 us display, type 3
frame 1691: 29852 us total, 11543 us display, type 3
frame 1692: 26534 us total, 11442 us display, type 3
frame 1693: 29205 us total, 11444 us display, type 3
frame 1694: 26658 us total, 11441 us display, type 3
frame 1695: 29697 us total, 11447 us display, type 3
frame 1696: 28031 us total, 11449 us display, type 3
frame 1697: 28723 us total, 11445 us display, type 3
frame 1698: 30072 us total, 11454 us display, type 3
frame 1699: 27937 us total, 11633 us display, type 3
frame 1700: 29244 us total, 11445 us display, type 3
frame 1701: 28987 us total, 11451 us display, type 3
frame 1702: 28528 us total, 11441 us display, type 3
frame 1703: 28467 us total, 11599 us display, type 3
frame 1704: 29020 us total, 11549 us display, type 3
frame 1705: 28767 us total, 11448 us display, type 3
frame 1706: 28200 us total, 11458 us display, type 3
frame 1707: 28606 us total, 11447 us display, type 3
frame 1708: 27944 us total, 11440 us display, type 3
frame 1709: 28783 us total, 11440 us display, type 3
frame 1710: 27520 us total, 11535 us display, type 3
frame 1711: 29481 us total, 11442 us display, type 3
frame 1712: 29602 us total, 11724 us display, type 3
frame 1713: 27069 us total, 11539 us display, type 3
frame 1714: 34073 us total, 11466 us display, type 3
frame 1715: 29824 us total, 11471 us display, type 3
frame 1716: 31981 us total, 11753 us display, type 3
frame 1717: 33718 us total, 11572 us display, type 3
frame 1718: 31519 us total, 11649 us display, type 3
frame 1719: 28441 us total, 11829 us display, type 3
frame 1720: 26579 us total, 11466 us display, type 3
frame 1721: 26070 us total, 11468 us display, type 3
frame 1722: 28163 us total, 11482 us display, type 3
frame 1723: 28863 us total, 11787 us display, type 3
frame 1724: 26287 us total, 11701 us display, type 3
frame 1725: 28161 us total, 11461 us display, type 3
frame 1726: 29463 us total, 11464 us display, type 3
frame 1727: 28762 us total, 11472 us display, type 3
frame 1728: 28758 us total, 11746 us display, type 3
frame 1729: 27352 us total, 11476 us display, type 3
frame 1730: 28630 us total, 11475 us display, type 3
frame 1731: 28734 us total, 11465 us display, type 3
frame 1732: 28178 us total, 11464 us display, type 3
frame 1733: 28811 us total, 11499 us display, type 3
frame 1734: 28678 us total, 11656 us display, type 3
frame 1735: 29483 us total, 11741 us display, type 3
frame 1736: 31937 us total, 11472 us display, type 3
frame 1737: 29914 us total, 11581 us display, type 3
frame 1738: 29070 us total, 11692 us display, type 3
frame 1739: 26309 us total, 11459 us display, type 3
frame 1740: 28204 us total, 11468 us display, type 3
frame 1741: 25991 us total, 11587 us display, type 3
frame 1742: 27252 us total, 11668 us display, type 3
frame 1743: 27192 us total, 11461 us display, type 3
frame 1744: 28642 us total, 11465 us display, type 3
frame 1745: 28194 us total, 11462 us display, type 3
frame 1746: 29075 us total, 11457 us display, type 3
frame 1747: 29019 us total, 11453 us display, type 3
frame 1748: 28441 us total, 11680 us display, type 3
frame 1749: 28276 us total, 11476 us display, type 3
frame 1750: 28043 us total, 11475 us display, type 3
frame 1751: 29914 us total, 11615 us display, type 3
frame 1752: 27421 us total, 11455 us display, type 3
frame 1753: 28883 us total, 11703 us display, type 3
frame 1754: 29134 us total, 11597 us display, type 3
frame 1755: 28149 us total, 11587 us display, type 3
frame 1756: 29251 us total, 11467 us display, type 3
frame 1757: 26490 us total, 11457 us display, type 3
frame 1758: 28508 us total, 11490 us display, type 3
frame 1759: 28087 us total, 11552 us display, type 3
frame 1760: 27625 us total, 11452 us display, type 3
frame 1761: 29550 us total, 11579 us display, type 3
frame 1762: 27734 us total, 11463 us display, type 3
frame 1763: 28890 us total, 11510 us display, type 3
frame 1764: 28834 us total, 11535 us display, type 3
frame 1765: 27894 us total, 11461 us display, type 3
frame 1766: 28261 us total, 11800 us display, type 3
frame 1767: 28099 us total, 11600 us display, type 3
frame 1768: 28513 us total, 11452 us display, type 3
frame 1769: 28340 us total, 11449 us display, type 3
frame 1770: 27507 us total, 11443 us display, type 3
frame 1771: 29201 us total, 11443 us display, type 3
frame 1772: 28917 us total, 11655 us display, type 3
frame 1773: 26713 us total, 11450 us display, type 3
frame 1774: 29697 us total, 11441 us display, type 3
frame 1775: 28744 us total, 11446 us display, type 3
frame 1776: 28483 us total, 11456 us display, type 3
frame 1777: 28419 us total, 11443 us display, type 3
frame 1778: 27964 us total, 11443 us display, type 3
frame 1779: 29014 us total, 11443 us display, type 3
frame 1780: 27268 us total, 11444 us display, type 3
frame 1781: 29899 us total, 11443 us display, type 3
frame 1782: 29015 us total, 11452 us display, type 3
frame 1783: 27957 us total, 11670 us display, type 3
frame 1784: 29068 us total, 11443 us display, type 3
frame 1785: 28710 us total, 11442 us display, type 3
frame 1786: 27836 us total, 11447 us display, type 3
frame 1787: 28751 us total, 11570 us display, type 3
frame 1788: 28470 us total, 11450 us display, type 3
frame 1789: 28932 us total, 11443 us display, type 3
frame 1790: 27930 us total, 11447 us display, type 3
frame 1791: 29491 us total, 11450 us display, type 3
profile (avg of 128 frames, ms): logic+bsp 4.1 wait-fb 0.0 vp-mark 1.4 flats 3.2 columns 7.0 fuzz 0.0
frame 1792: 28709 us total, 11451 us display, type 3
audio: 70 underruns, 46 ms queued
mem @frame 1792: heap free 46600, largest 20992, min ever 45768, zone free 41164, display stack free 4376, uptime 51 s, gamestate 0, demo 1, usergame 0, tic 1758
frame 1793: 28630 us total, 11479 us display, type 3
frame 1794: 27494 us total, 11442 us display, type 3
frame 1795: 29050 us total, 11441 us display, type 3
frame 1796: 28804 us total, 11442 us display, type 3
frame 1797: 28424 us total, 11662 us display, type 3
frame 1798: 30003 us total, 11669 us display, type 3
frame 1799: 27275 us total, 11449 us display, type 3
frame 1800: 28953 us total, 11567 us display, type 3
frame 1801: 28448 us total, 11450 us display, type 3
frame 1802: 28783 us total, 11447 us display, type 3
frame 1803: 28970 us total, 11629 us display, type 3
frame 1804: 28179 us total, 11656 us display, type 3
frame 1805: 29224 us total, 11466 us display, type 3
frame 1806: 28552 us total, 11455 us display, type 3
frame 1807: 28448 us total, 11453 us display, type 3
frame 1808: 28460 us total, 11459 us display, type 3
frame 1809: 27910 us total, 11457 us display, type 3
frame 1810: 28977 us total, 11503 us display, type 3
frame 1811: 29091 us total, 11461 us display, type 3
frame 1812: 28529 us total, 11454 us display, type 3
frame 1813: 27900 us total, 11443 us display, type 3
frame 1814: 28234 us total, 11462 us display, type 3
frame 1815: 29677 us total, 11562 us display, type 3
frame 1816: 28627 us total, 11461 us display, type 3
frame 1817: 28268 us total, 11447 us display, type 3
frame 1818: 29606 us total, 11464 us display, type 3
frame 1819: 29027 us total, 11804 us display, type 3
frame 1820: 27071 us total, 11462 us display, type 3
frame 1821: 29918 us total, 11690 us display, type 3
frame 1822: 27466 us total, 11460 us display, type 3
frame 1823: 29775 us total, 11464 us display, type 3
frame 1824: 29181 us total, 11465 us display, type 3
frame 1825: 26939 us total, 11517 us display, type 3
frame 1826: 29343 us total, 11467 us display, type 3
frame 1827: 26555 us total, 11443 us display, type 3
frame 1828: 29994 us total, 11456 us display, type 3
frame 1829: 27229 us total, 11443 us display, type 3
frame 1830: 25606 us total, 11541 us display, type 3
frame 1831: 32946 us total, 11478 us display, type 3
frame 1832: 28155 us total, 11468 us display, type 3
frame 1833: 26363 us total, 11451 us display, type 3
frame 1834: 28385 us total, 11449 us display, type 3
frame 1835: 27849 us total, 11449 us display, type 3
frame 1836: 29253 us total, 11463 us display, type 3
frame 1837: 32641 us total, 11457 us display, type 3
frame 1838: 30952 us total, 11457 us display, type 3
frame 1839: 34625 us total, 11481 us display, type 3
frame 1840: 30010 us total, 11483 us display, type 3
frame 1841: 29031 us total, 11475 us display, type 3
frame 1842: 31833 us total, 11519 us display, type 3
frame 1843: 30926 us total, 11675 us display, type 3
frame 1844: 29147 us total, 11478 us display, type 3
frame 1845: 30855 us total, 11621 us display, type 3
frame 1846: 30312 us total, 11475 us display, type 3
frame 1847: 29689 us total, 11611 us display, type 3
frame 1848: 30430 us total, 11478 us display, type 3
frame 1849: 29900 us total, 11485 us display, type 3
frame 1850: 28919 us total, 11473 us display, type 3
frame 1851: 30749 us total, 11780 us display, type 3
frame 1852: 29071 us total, 11726 us display, type 3
frame 1853: 30421 us total, 11478 us display, type 3
frame 1854: 30690 us total, 11476 us display, type 3
frame 1855: 29390 us total, 11475 us display, type 3
frame 1856: 29662 us total, 11473 us display, type 3
frame 1857: 31027 us total, 11473 us display, type 3
frame 1858: 28961 us total, 11473 us display, type 3
frame 1859: 30777 us total, 11753 us display, type 3
frame 1860: 30931 us total, 11796 us display, type 3
frame 1861: 28400 us total, 11466 us display, type 3
frame 1862: 30670 us total, 11760 us display, type 3
frame 1863: 30356 us total, 11478 us display, type 3
frame 1864: 28711 us total, 11528 us display, type 3
frame 1865: 30094 us total, 11476 us display, type 3
frame 1866: 28113 us total, 11484 us display, type 3
frame 1867: 29972 us total, 11472 us display, type 3
frame 1868: 28261 us total, 11475 us display, type 3
frame 1869: 27295 us total, 11652 us display, type 3
frame 1870: 29886 us total, 11658 us display, type 3
frame 1871: 28967 us total, 11658 us display, type 3
frame 1872: 30347 us total, 11470 us display, type 3
frame 1873: 32430 us total, 11538 us display, type 3
frame 1874: 34704 us total, 11484 us display, type 3
frame 1875: 33090 us total, 11466 us display, type 3
frame 1876: 36271 us total, 11744 us display, type 3
frame 1877: 35569 us total, 11605 us display, type 3
frame 1878: 33790 us total, 11793 us display, type 3
frame 1879: 34935 us total, 11631 us display, type 3
frame 1880: 35347 us total, 11637 us display, type 3
frame 1881: 36608 us total, 11468 us display, type 3
frame 1882: 32134 us total, 11485 us display, type 3
frame 1883: 31778 us total, 11471 us display, type 3
frame 1884: 32008 us total, 11476 us display, type 3
frame 1885: 33409 us total, 11831 us display, type 3
frame 1886: 31415 us total, 11478 us display, type 3
frame 1887: 32971 us total, 11475 us display, type 3
frame 1888: 34325 us total, 11640 us display, type 3
frame 1889: 30904 us total, 11479 us display, type 3
frame 1890: 32141 us total, 11466 us display, type 3
frame 1891: 33592 us total, 11480 us display, type 3
frame 1892: 33376 us total, 11794 us display, type 3
frame 1893: 30541 us total, 11470 us display, type 3
frame 1894: 32633 us total, 11476 us display, type 3
frame 1895: 33804 us total, 11469 us display, type 3
frame 1896: 34286 us total, 11802 us display, type 3
frame 1897: 37594 us total, 11788 us display, type 3
frame 1898: 35806 us total, 11475 us display, type 3
frame 1899: 34391 us total, 11741 us display, type 3
frame 1900: 30619 us total, 11472 us display, type 3
frame 1901: 33027 us total, 11467 us display, type 3
frame 1902: 33005 us total, 11555 us display, type 3
frame 1903: 30029 us total, 11478 us display, type 3
frame 1904: 33111 us total, 11476 us display, type 3
frame 1905: 33362 us total, 11515 us display, type 3
frame 1906: 34214 us total, 11470 us display, type 3
frame 1907: 30477 us total, 11472 us display, type 3
frame 1908: 32480 us total, 11474 us display, type 3
frame 1909: 32353 us total, 11479 us display, type 3
frame 1910: 30393 us total, 11480 us display, type 3
frame 1911: 34573 us total, 11481 us display, type 3
frame 1912: 33595 us total, 11479 us display, type 3
frame 1913: 32563 us total, 11462 us display, type 3
frame 1914: 33962 us total, 11472 us display, type 3
frame 1915: 33723 us total, 11487 us display, type 3
frame 1916: 36347 us total, 11479 us display, type 3
frame 1917: 33102 us total, 11644 us display, type 3
frame 1918: 35341 us total, 11640 us display, type 3
frame 1919: 36662 us total, 11467 us display, type 3
profile (avg of 128 frames, ms): logic+bsp 7.7 wait-fb 0.0 vp-mark 1.9 flats 4.8 columns 8.9 fuzz 0.0
frame 1920: 38358 us total, 11753 us display, type 3
frame 1921: 36450 us total, 11481 us display, type 3
frame 1922: 36926 us total, 11474 us display, type 3
frame 1923: 37710 us total, 11468 us display, type 3
frame 1924: 36138 us total, 11483 us display, type 3
frame 1925: 37490 us total, 11804 us display, type 3
frame 1926: 38567 us total, 11490 us display, type 3
frame 1927: 34745 us total, 11470 us display, type 3
frame 1928: 34130 us total, 11464 us display, type 3
frame 1929: 32274 us total, 11653 us display, type 3
frame 1930: 31936 us total, 11482 us display, type 3
frame 1931: 29919 us total, 11787 us display, type 3
frame 1932: 32299 us total, 11478 us display, type 3
frame 1933: 31780 us total, 11488 us display, type 3
frame 1934: 31477 us total, 11768 us display, type 3
frame 1935: 30945 us total, 11736 us display, type 3
frame 1936: 31970 us total, 11804 us display, type 3
frame 1937: 33746 us total, 11832 us display, type 3
frame 1938: 37454 us total, 11473 us display, type 3
frame 1939: 36039 us total, 11483 us display, type 3
frame 1940: 36596 us total, 11475 us display, type 3
frame 1941: 33768 us total, 11477 us display, type 3
frame 1942: 38529 us total, 11476 us display, type 3
frame 1943: 36112 us total, 11470 us display, type 3
frame 1944: 38356 us total, 11721 us display, type 3
frame 1945: 37549 us total, 11490 us display, type 3
frame 1946: 36954 us total, 11648 us display, type 3
frame 1947: 35135 us total, 11617 us display, type 3
frame 1948: 37027 us total, 11469 us display, type 3
frame 1949: 35305 us total, 11482 us display, type 3
frame 1950: 34521 us total, 11638 us display, type 3
frame 1951: 34479 us total, 11470 us display, type 3
frame 1952: 35886 us total, 11710 us display, type 3
frame 1953: 38645 us total, 11488 us display, type 3
frame 1954: 35429 us total, 11527 us display, type 3
frame 1955: 33706 us total, 11632 us display, type 3
frame 1956: 36374 us total, 11480 us display, type 3
frame 1957: 36025 us total, 11485 us display, type 3
frame 1958: 33542 us total, 11742 us display, type 3
frame 1959: 31856 us total, 11618 us display, type 3
frame 1960: 35153 us total, 11485 us display, type 3
frame 1961: 34785 us total, 11478 us display, type 3
frame 1962: 36019 us total, 11484 us display, type 3
frame 1963: 33871 us total, 11476 us display, type 3
frame 1964: 33665 us total, 11769 us display, type 3
frame 1965: 33101 us total, 11476 us display, type 3
frame 1966: 32877 us total, 11472 us display, type 3
frame 1967: 35281 us total, 11477 us display, type 3
frame 1968: 35606 us total, 11678 us display, type 3
frame 1969: 34196 us total, 11486 us display, type 3
frame 1970: 34366 us total, 11470 us display, type 3
frame 1971: 34573 us total, 11752 us display, type 3
frame 1972: 35567 us total, 11820 us display, type 3
frame 1973: 34786 us total, 11482 us display, type 3
frame 1974: 31918 us total, 11487 us display, type 3
frame 1975: 32884 us total, 11478 us display, type 3
frame 1976: 33711 us total, 11483 us display, type 3
frame 1977: 36354 us total, 11479 us display, type 3
frame 1978: 32926 us total, 11850 us display, type 3
frame 1979: 34874 us total, 11478 us display, type 3
frame 1980: 36261 us total, 11478 us display, type 3
frame 1981: 36720 us total, 11479 us display, type 3
frame 1982: 35486 us total, 11634 us display, type 3
frame 1983: 36659 us total, 11679 us display, type 3
frame 1984: 35890 us total, 11482 us display, type 3
frame 1985: 36534 us total, 11485 us display, type 3
frame 1986: 37415 us total, 11482 us display, type 3
frame 1987: 34614 us total, 11478 us display, type 3
frame 1988: 35628 us total, 11652 us display, type 3
frame 1989: 32034 us total, 11494 us display, type 3
frame 1990: 28811 us total, 11564 us display, type 3
frame 1991: 30231 us total, 11483 us display, type 3
frame 1992: 32559 us total, 11609 us display, type 3
frame 1993: 31101 us total, 11474 us display, type 3
frame 1994: 33537 us total, 11661 us display, type 3
frame 1995: 33218 us total, 11484 us display, type 3
frame 1996: 36219 us total, 11591 us display, type 3
frame 1997: 34233 us total, 11472 us display, type 3
frame 1998: 35488 us total, 11473 us display, type 3
frame 1999: 33927 us total, 11484 us display, type 3
frame 2000: 35059 us total, 11517 us display, type 3
frame 2001: 33084 us total, 11472 us display, type 3
frame 2002: 38201 us total, 11533 us display, type 3
frame 2003: 34842 us total, 11481 us display, type 3
frame 2004: 36976 us total, 11477 us display, type 3
frame 2005: 33181 us total, 11618 us display, type 3
frame 2006: 36094 us total, 11477 us display, type 3
frame 2007: 33703 us total, 11475 us display, type 3
frame 2008: 33767 us total, 11495 us display, type 3
frame 2009: 30847 us total, 11477 us display, type 3
frame 2010: 34345 us total, 11489 us display, type 3
frame 2011: 33100 us total, 11487 us display, type 3
frame 2012: 31469 us total, 11477 us display, type 3
frame 2013: 31677 us total, 11470 us display, type 3
frame 2014: 32261 us total, 11642 us display, type 3
frame 2015: 29955 us total, 11700 us display, type 3
frame 2016: 31859 us total, 11551 us display, type 3
frame 2017: 32895 us total, 11486 us display, type 3
frame 2018: 32136 us total, 11479 us display, type 3
frame 2019: 28985 us total, 11472 us display, type 3
frame 2020: 34897 us total, 11489 us display, type 3
frame 2021: 35278 us total, 11480 us display, type 3
frame 2022: 30835 us total, 11475 us display, type 3
frame 2023: 32888 us total, 11482 us display, type 3
frame 2024: 34498 us total, 11756 us display, type 3
frame 2025: 29396 us total, 11476 us display, type 3
frame 2026: 35406 us total, 11520 us display, type 3
frame 2027: 35101 us total, 11474 us display, type 3
frame 2028: 33567 us total, 11473 us display, type 3
frame 2029: 30755 us total, 11477 us display, type 3
frame 2030: 33983 us total, 11480 us display, type 3
frame 2031: 36232 us total, 11805 us display, type 3
frame 2032: 35718 us total, 11484 us display, type 3
frame 2033: 32178 us total, 11462 us display, type 3
frame 2034: 37100 us total, 11547 us display, type 3
frame 2035: 37003 us total, 11479 us display, type 3
frame 2036: 39840 us total, 11836 us display, type 3
frame 2037: 31867 us total, 11674 us display, type 3
frame 2038: 35589 us total, 11465 us display, type 3
frame 2039: 35033 us total, 11477 us display, type 3
frame 2040: 36227 us total, 11683 us display, type 3
frame 2041: 31820 us total, 11465 us display, type 3
frame 2042: 35866 us total, 11470 us display, type 3
frame 2043: 35468 us total, 11530 us display, type 3
frame 2044: 36835 us total, 11477 us display, type 3
frame 2045: 32804 us total, 11475 us display, type 3
frame 2046: 35377 us total, 11481 us display, type 3
frame 2047: 36016 us total, 11478 us display, type 3
profile (avg of 128 frames, ms): logic+bsp 11.4 wait-fb 0.0 vp-mark 2.0 flats 5.9 columns 11.1 fuzz 0.0
frame 2048: 35256 us total, 11492 us display, type 3
audio: 70 underruns, 46 ms queued
mem @frame 2048: heap free 46600, largest 20992, min ever 45768, zone free 40260, display stack free 4376, uptime 60 s, gamestate 0, demo 1, usergame 0, tic 2051
frame 2049: 33894 us total, 11469 us display, type 3
frame 2050: 35231 us total, 11468 us display, type 3
frame 2051: 34153 us total, 11479 us display, type 3
frame 2052: 35437 us total, 11615 us display, type 3
frame 2053: 31843 us total, 11555 us display, type 3
frame 2054: 35981 us total, 11631 us display, type 3
frame 2055: 32535 us total, 11854 us display, type 3
frame 2056: 29319 us total, 11472 us display, type 3
frame 2057: 34908 us total, 11464 us display, type 3
frame 2058: 31330 us total, 11537 us display, type 3
frame 2059: 32108 us total, 11793 us display, type 3
frame 2060: 27083 us total, 11478 us display, type 3
frame 2061: 30945 us total, 11499 us display, type 3
frame 2062: 30049 us total, 11497 us display, type 3
frame 2063: 28892 us total, 11763 us display, type 3
frame 2064: 29075 us total, 11722 us display, type 3
frame 2065: 25356 us total, 11619 us display, type 3
frame 2066: 29074 us total, 11648 us display, type 3
frame 2067: 28617 us total, 11485 us display, type 3
frame 2068: 28246 us total, 11467 us display, type 3
frame 2069: 28957 us total, 11476 us display, type 3
frame 2070: 26958 us total, 11475 us display, type 3
frame 2071: 29190 us total, 11472 us display, type 3
frame 2072: 28088 us total, 11471 us display, type 3
frame 2073: 26875 us total, 11467 us display, type 3
frame 2074: 28984 us total, 11834 us display, type 3
frame 2075: 28697 us total, 11653 us display, type 3
frame 2076: 26537 us total, 11457 us display, type 3
frame 2077: 29546 us total, 11461 us display, type 3
frame 2078: 26873 us total, 11468 us display, type 3
frame 2079: 29302 us total, 11462 us display, type 3
frame 2080: 29755 us total, 11473 us display, type 3
frame 2081: 26052 us total, 11552 us display, type 3
frame 2082: 29373 us total, 11461 us display, type 3
frame 2083: 27918 us total, 11545 us display, type 3
frame 2084: 29495 us total, 11637 us display, type 3
frame 2085: 28206 us total, 11453 us display, type 3
frame 2086: 27666 us total, 11462 us display, type 3
frame 2087: 29735 us total, 11454 us display, type 3
frame 2088: 27636 us total, 11462 us display, type 3
frame 2089: 29043 us total, 11461 us display, type 3
frame 2090: 28997 us total, 11460 us display, type 3
frame 2091: 27344 us total, 11469 us display, type 3
frame 2092: 28925 us total, 11458 us display, type 3
frame 2093: 29229 us total, 11462 us display, type 3
frame 2094: 27807 us total, 11630 us display, type 3
frame 2095: 28578 us total, 11466 us display, type 3
frame 2096: 28256 us total, 11451 us display, type 3
frame 2097: 28639 us total, 11792 us display, type 3
frame 2098: 29751 us total, 11788 us display, type 3
frame 2099: 25886 us total, 11451 us display, type 3
frame 2100: 29370 us total, 11654 us display, type 3
frame 2101: 27554 us total, 11455 us display, type 3
frame 2102: 28280 us total, 11458 us display, type 3
frame 2103: 28742 us total, 11468 us display, type 3
frame 2104: 27288 us total, 11454 us display, type 3
frame 2105: 28708 us total, 11451 us display, type 3
frame 2106: 27595 us total, 11451 us display, type 3
frame 2107: 29005 us total, 11450 us display, type 3
frame 2108: 29330 us total, 11452 us display, type 3
frame 2109: 27532 us total, 11627 us display, type 3
frame 2110: 29586 us total, 11454 us display, type 3
frame 2111: 28552 us total, 11507 us display, type 3
frame 2112: 28239 us total, 11455 us display, type 3
frame 2113: 30392 us total, 11462 us display, type 3
frame 2114: 29663 us total, 11471 us display, type 3
frame 2115: 30218 us total, 11467 us display, type 3
frame 2116: 28391 us total, 11463 us display, type 3
frame 2117: 27471 us total, 11471 us display, type 3
frame 2118: 29860 us total, 11457 us display, type 3
frame 2119: 29442 us total, 11471 us display, type 3
frame 2120: 27296 us total, 11462 us display, type 3
frame 2121: 27204 us total, 11458 us display, type 3
frame 2122: 27277 us total, 11455 us display, type 3
frame 2123: 32014 us total, 11462 us display, type 3
frame 2124: 29996 us total, 11471 us display, type 3
frame 2125: 30049 us total, 11462 us display, type 3
frame 2126: 30904 us total, 11472 us display, type 3
frame 2127: 26743 us total, 11817 us display, type 3
frame 2128: 27469 us total, 11629 us display, type 3
frame 2129: 30670 us total, 11853 us display, type 3
frame 2130: 27193 us total, 11472 us display, type 3
frame 2131: 30390 us total, 11492 us display, type 3
frame 2132: 27435 us total, 11466 us display, type 3
frame 2133: 28332 us total, 11480 us display, type 3
frame 2134: 29974 us total, 11596 us display, type 3
frame 2135: 26271 us total, 11597 us display, type 3
frame 2136: 31475 us total, 11484 us display, type 3
frame 2137: 28577 us total, 11645 us display, type 3
frame 2138: 28143 us total, 11771 us display, type 3
frame 2139: 29071 us total, 11562 us display, type 3
frame 2140: 30024 us total, 11480 us display, type 3
frame 2141: 27901 us total, 11656 us display, type 3
frame 2142: 29500 us total, 11640 us display, type 3
frame 2143: 28291 us total, 11483 us display, type 3
frame 2144: 29624 us total, 11477 us display, type 3
frame 2145: 29763 us total, 11473 us display, type 3
frame 2146: 28123 us total, 11471 us display, type 3
frame 2147: 29497 us total, 11490 us display, type 3
frame 2148: 30265 us total, 11484 us display, type 3
frame 2149: 27686 us total, 11480 us display, type 3
frame 2150: 30369 us total, 11477 us display, type 3
frame 2151: 28581 us total, 11736 us display, type 3
frame 2152: 30009 us total, 11728 us display, type 3
frame 2153: 29979 us total, 11487 us display, type 3
frame 2154: 28155 us total, 11745 us display, type 3
frame 2155: 30021 us total, 11801 us display, type 3
frame 2156: 29568 us total, 11480 us display, type 3
frame 2157: 27228 us total, 11483 us display, type 3
frame 2158: 29517 us total, 11477 us display, type 3
frame 2159: 26178 us total, 11474 us display, type 3
frame 2160: 28301 us total, 11488 us display, type 3
frame 2161: 26981 us total, 11496 us display, type 3
frame 2162: 23839 us total, 11473 us display, type 3
frame 2163: 27059 us total, 11480 us display, type 3
frame 2164: 24603 us total, 11488 us display, type 3
frame 2165: 29442 us total, 11677 us display, type 3
frame 2166: 28168 us total, 11593 us display, type 3
frame 2167: 25364 us total, 11752 us display, type 3
frame 2168: 29372 us total, 11466 us display, type 3
frame 2169: 26355 us total, 11465 us display, type 3
frame 2170: 30371 us total, 11469 us display, type 3
frame 2171: 29336 us total, 11469 us display, type 3
frame 2172: 26121 us total, 11466 us display, type 3
frame 2173: 30212 us total, 11467 us display, type 3
frame 2174: 25951 us total, 11467 us display, type 3
frame 2175: 29390 us total, 11465 us display, type 3
profile (avg of 128 frames, ms): logic+bsp 7.1 wait-fb 0.0 vp-mark 1.8 flats 3.7 columns 8.3 fuzz 0.0
frame 2176: 29669 us total, 11633 us display, type 3
frame 2177: 26765 us total, 11541 us display, type 3
frame 2178: 30305 us total, 11637 us display, type 3
frame 2179: 27141 us total, 11450 us display, type 3
frame 2180: 30439 us total, 11460 us display, type 3
frame 2181: 28171 us total, 11475 us display, type 3
frame 2182: 27101 us total, 11464 us display, type 3
frame 2183: 29179 us total, 11464 us display, type 3
frame 2184: 28163 us total, 11457 us display, type 3
frame 2185: 28054 us total, 11461 us display, type 3
frame 2186: 29677 us total, 11596 us display, type 3
frame 2187: 27216 us total, 11490 us display, type 3
frame 2188: 29546 us total, 11588 us display, type 3
frame 2189: 27562 us total, 11457 us display, type 3
frame 2190: 26887 us total, 11457 us display, type 3
frame 2191: 28506 us total, 11781 us display, type 3
frame 2192: 26154 us total, 11591 us display, type 3
frame 2193: 28444 us total, 11452 us display, type 3
frame 2194: 26618 us total, 11450 us display, type 3
frame 2195: 28429 us total, 11443 us display, type 3
frame 2196: 28633 us total, 11442 us display, type 3
frame 2197: 25816 us total, 11606 us display, type 3
frame 2198: 30238 us total, 11442 us display, type 3
frame 2199: 31689 us total, 11458 us display, type 3
frame 2200: 27141 us total, 11619 us display, type 3
frame 2201: 30256 us total, 11448 us display, type 3
frame 2202: 26045 us total, 11449 us display, type 3
frame 2203: 31801 us total, 11608 us display, type 3
frame 2204: 27008 us total, 11460 us display, type 3
frame 2205: 27970 us total, 11450 us display, type 3
frame 2206: 32473 us total, 11449 us display, type 3
frame 2207: 29586 us total, 11554 us display, type 3
frame 2208: 30336 us total, 11455 us display, type 3
frame 2209: 30808 us total, 11738 us display, type 3
frame 2210: 30021 us total, 11537 us display, type 3
frame 2211: 27441 us total, 11623 us display, type 3
frame 2212: 31074 us total, 11474 us display, type 3
frame 2213: 28824 us total, 11668 us display, type 3
frame 2214: 30357 us total, 11648 us display, type 3
frame 2215: 30585 us total, 11483 us display, type 3
frame 2216: 28020 us total, 11791 us display, type 3
frame 2217: 29233 us total, 11477 us display, type 3
frame 2218: 30986 us total, 11484 us display, type 3
frame 2219: 28293 us total, 11472 us display, type 3
frame 2220: 33398 us total, 11650 us display, type 3
frame 2221: 31955 us total, 11481 us display, type 3
frame 2222: 30065 us total, 11470 us display, type 3
frame 2223: 32996 us total, 11472 us display, type 3
frame 2224: 32663 us total, 11478 us display, type 3
frame 2225: 30599 us total, 11686 us display, type 3
frame 2226: 31301 us total, 11490 us display, type 3
frame 2227: 31907 us total, 11478 us display, type 3
frame 2228: 30348 us total, 11472 us display, type 3
frame 2229: 33105 us total, 11587 us display, type 3
frame 2230: 31951 us total, 11479 us display, type 3
frame 2231: 29910 us total, 11594 us display, type 3
frame 2232: 32778 us total, 11767 us display, type 3
frame 2233: 30938 us total, 11671 us display, type 3
frame 2234: 28530 us total, 11471 us display, type 3
frame 2235: 31579 us total, 11479 us display, type 3
frame 2236: 30818 us total, 11695 us display, type 3
frame 2237: 29056 us total, 11573 us display, type 3
frame 2238: 30901 us total, 11757 us display, type 3
frame 2239: 32309 us total, 11497 us display, type 3
frame 2240: 29813 us total, 11480 us display, type 3
frame 2241: 31596 us total, 11473 us display, type 3
frame 2242: 26324 us total, 11674 us display, type 3
frame 2243: 25352 us total, 11792 us display, type 3
frame 2244: 26770 us total, 11486 us display, type 3
frame 2245: 25653 us total, 11796 us display, type 3
frame 2246: 31033 us total, 11468 us display, type 3
frame 2247: 27082 us total, 11678 us display, type 3
frame 2248: 27230 us total, 11694 us display, type 3
frame 2249: 30106 us total, 11471 us display, type 3
frame 2250: 26586 us total, 11459 us display, type 3
frame 2251: 30564 us total, 11471 us display, type 3
frame 2252: 28125 us total, 11514 us display, type 3
frame 2253: 25851 us total, 11464 us display, type 3
frame 2254: 30094 us total, 11468 us display, type 3
frame 2255: 25504 us total, 11549 us display, type 3
frame 2256: 30966 us total, 11483 us display, type 3
frame 2257: 29039 us total, 11684 us display, type 3
frame 2258: 25758 us total, 11466 us display, type 3
frame 2259: 30517 us total, 11716 us display, type 3
frame 2260: 26492 us total, 11599 us display, type 3
frame 2261: 31138 us total, 11466 us display, type 3
frame 2262: 28708 us total, 11844 us display, type 3
frame 2263: 25931 us total, 11463 us display, type 3
frame 2264: 29990 us total, 11472 us display, type 3
frame 2265: 27646 us total, 11475 us display, type 3
frame 2266: 26285 us total, 11466 us display, type 3
frame 2267: 29709 us total, 11719 us display, type 3
frame 2268: 26862 us total, 11472 us display, type 3
frame 2269: 29710 us total, 11462 us display, type 3
frame 2270: 31616 us total, 11764 us display, type 3
frame 2271: 27233 us total, 11720 us display, type 3
frame 2272: 30947 us total, 11610 us display, type 3
frame 2273: 30000 us total, 11526 us display, type 3
frame 2274: 25828 us total, 11457 us display, type 3
frame 2275: 29373 us total, 11475 us display, type 3
frame 2276: 27604 us total, 11456 us display, type 3
frame 2277: 29719 us total, 11475 us display, type 3
frame 2278: 32129 us total, 11470 us display, type 3
frame 2279: 25030 us total, 11460 us display, type 3
frame 2280: 30865 us total, 11762 us display, type 3
frame 2281: 27655 us total, 11469 us display, type 3
frame 2282: 29827 us total, 11464 us display, type 3
frame 2283: 29227 us total, 11473 us display, type 3
frame 2284: 23808 us total, 11458 us display, type 3
frame 2285: 29299 us total, 11475 us display, type 3
frame 2286: 26560 us total, 11463 us display, type 3
frame 2287: 29511 us total, 11622 us display, type 3
frame 2288: 31895 us total, 11725 us display, type 3
frame 2289: 25473 us total, 11459 us display, type 3
frame 2290: 29881 us total, 11574 us display, type 3
frame 2291: 29184 us total, 11472 us display, type 3
frame 2292: 26509 us total, 11590 us display, type 3
frame 2293: 30263 us total, 11649 us display, type 3
frame 2294: 27361 us total, 11463 us display, type 3
frame 2295: 30242 us total, 11462 us display, type 3
frame 2296: 29032 us total, 11461 us display, type 3
frame 2297: 26267 us total, 11468 us display, type 3
frame 2298: 30217 us total, 11467 us display, type 3
frame 2299: 26797 us total, 11611 us display, type 3
frame 2300: 28723 us total, 11455 us display, type 3
frame 2301: 29777 us total, 11477 us display, type 3
frame 2302: 26536 us total, 11605 us display, type 3
frame 2303: 27815 us total, 11465 us display, type 3
profile (avg of 128 frames, ms): logic+bsp 6.5 wait-fb 0.0 vp-mark 1.2 flats 2.9 columns 8.5 fuzz 0.0
frame 2304: 29837 us total, 11460 us display, type 3
audio: 70 underruns, 58 ms queued
mem @frame 2304: heap free 46600, largest 20992, min ever 45768, zone free 40884, display stack free 4376, uptime 67 s, gamestate 0, demo 1, usergame 0, tic 2311
frame 2305: 27247 us total, 11814 us display, type 3
frame 2306: 28849 us total, 11626 us display, type 3
frame 2307: 25562 us total, 11454 us display, type 3
frame 2308: 29675 us total, 11536 us display, type 3
frame 2309: 29222 us total, 11461 us display, type 3
frame 2310: 27058 us total, 11593 us display, type 3
frame 2311: 29107 us total, 11613 us display, type 3
frame 2312: 26734 us total, 11442 us display, type 3
frame 2313: 29879 us total, 11458 us display, type 3
frame 2314: 28826 us total, 11825 us display, type 3
frame 2315: 27050 us total, 11474 us display, type 3
frame 2316: 29641 us total, 11454 us display, type 3
frame 2317: 27754 us total, 11445 us display, type 3
frame 2318: 28000 us total, 11453 us display, type 3
frame 2319: 28901 us total, 11562 us display, type 3
frame 2320: 27744 us total, 11452 us display, type 3
frame 2321: 28582 us total, 11442 us display, type 3
frame 2322: 28832 us total, 11450 us display, type 3
frame 2323: 29117 us total, 11442 us display, type 3
frame 2324: 28456 us total, 11464 us display, type 3
frame 2325: 27973 us total, 11545 us display, type 3
frame 2326: 28782 us total, 11446 us display, type 3
frame 2327: 27968 us total, 11453 us display, type 3
frame 2328: 29011 us total, 11447 us display, type 3
frame 2329: 27927 us total, 11444 us display, type 3
frame 2330: 28837 us total, 11482 us display, type 3
frame 2331: 30471 us total, 11543 us display, type 3
frame 2332: 28278 us total, 11453 us display, type 3
frame 2333: 27594 us total, 11449 us display, type 3
frame 2334: 29705 us total, 11454 us display, type 3
frame 2335: 28287 us total, 11777 us display, type 3
frame 2336: 28131 us total, 11614 us display, type 3
frame 2337: 28432 us total, 11445 us display, type 3
frame 2338: 28752 us total, 11529 us display, type 3
frame 2339: 29132 us total, 11460 us display, type 3
frame 2340: 28550 us total, 11451 us display, type 3
frame 2341: 28613 us total, 11464 us display, type 3
frame 2342: 28078 us total, 11571 us display, type 3
frame 2343: 28773 us total, 11440 us display, type 3
frame 2344: 29881 us total, 11452 us display, type 3
frame 2345: 28938 us total, 11458 us display, type 3
frame 2346: 27067 us total, 11456 us display, type 3
frame 2347: 28382 us total, 11444 us display, type 3
frame 2348: 28965 us total, 11455 us display, type 3
frame 2349: 27129 us total, 11451 us display, type 3
frame 2350: 29065 us total, 11452 us display, type 3
frame 2351: 28025 us total, 11477 us display, type 3
frame 2352: 29195 us total, 11453 us display, type 3
frame 2353: 28809 us total, 11443 us display, type 3
frame 2354: 27360 us total, 11869 us display, type 3
frame 2355: 30375 us total, 11461 us display, type 3
frame 2356: 26470 us total, 11489 us display, type 3
frame 2357: 29186 us total, 11459 us display, type 3
frame 2358: 29557 us total, 11453 us display, type 3
frame 2359: 26860 us total, 11452 us display, type 3
frame 2360: 29635 us total, 11606 us display, type 3
frame 2361: 28331 us total, 11454 us display, type 3
frame 2362: 27126 us total, 11449 us display, type 3
frame 2363: 28977 us total, 11442 us display, type 3
frame 2364: 28711 us total, 11443 us display, type 3
frame 2365: 30727 us total, 11459 us display, type 3
frame 2366: 27781 us total, 11512 us display, type 3
frame 2367: 28113 us total, 11679 us display, type 3
frame 2368: 31879 us total, 11796 us display, type 3
frame 2369: 29106 us total, 11465 us display, type 3
frame 2370: 26392 us total, 11457 us display, type 3
frame 2371: 29815 us total, 11596 us display, type 3
frame 2372: 27184 us total, 11458 us display, type 3
frame 2373: 29421 us total, 11460 us display, type 3
frame 2374: 28711 us total, 11523 us display, type 3
frame 2375: 27748 us total, 11455 us display, type 3
frame 2376: 30188 us total, 11453 us display, type 3
frame 2377: 27546 us total, 11809 us display, type 3
frame 2378: 29908 us total, 11813 us display, type 3
frame 2379: 29401 us total, 11458 us display, type 3
frame 2380: 27356 us total, 11459 us display, type 3
frame 2381: 30375 us total, 11734 us display, type 3
frame 2382: 28213 us total, 11461 us display, type 3
frame 2383: 27566 us total, 11461 us display, type 3
frame 2384: 30051 us total, 11463 us display, type 3
frame 2385: 27117 us total, 11576 us display, type 3
frame 2386: 30569 us total, 11501 us display, type 3
frame 2387: 28662 us total, 11469 us display, type 3
frame 2388: 27086 us total, 11453 us display, type 3
frame 2389: 30294 us total, 11463 us display, type 3
frame 2390: 26372 us total, 11562 us display, type 3
frame 2391: 29966 us total, 11783 us display, type 3
frame 2392: 28639 us total, 11463 us display, type 3
frame 2393: 27611 us total, 11526 us display, type 3
frame 2394: 29116 us total, 11462 us display, type 3
frame 2395: 28603 us total, 11460 us display, type 3
frame 2396: 26796 us total, 11789 us display, type 3
frame 2397: 29199 us total, 11460 us display, type 3
frame 2398: 27379 us total, 11459 us display, type 3
frame 2399: 28639 us total, 11775 us display, type 3
frame 2400: 28370 us total, 11458 us display, type 3
frame 2401: 26423 us total, 11449 us display, type 3
frame 2402: 30477 us total, 11616 us display, type 3
frame 2403: 26329 us total, 11443 us display, type 3
frame 2404: 30131 us total, 11455 us display, type 3
frame 2405: 30427 us total, 11467 us display, type 3
frame 2406: 27141 us total, 11445 us display, type 3
frame 2407: 29332 us total, 11451 us display, type 3
frame 2408: 29739 us total, 11456 us display, type 3
frame 2409: 26742 us total, 11465 us display, type 3
frame 2410: 28935 us total, 11638 us display, type 3
frame 2411: 26687 us total, 11446 us display, type 3
frame 2412: 30001 us total, 11456 us display, type 3
frame 2413: 29225 us total, 11454 us display, type 3
frame 2414: 27465 us total, 11513 us display, type 3
frame 2415: 29721 us total, 11465 us display, type 3
frame 2416: 27751 us total, 11458 us display, type 3
frame 2417: 30084 us total, 11461 us display, type 3
frame 2418: 30736 us total, 11828 us display, type 3
frame 2419: 26133 us total, 11465 us display, type 3
frame 2420: 29519 us total, 11452 us display, type 3
frame 2421: 29105 us total, 11455 us display, type 3
frame 2422: 26106 us total, 11464 us display, type 3
frame 2423: 29634 us total, 11742 us display, type 3
frame 2424: 26844 us total, 11458 us display, type 3
frame 2425: 29896 us total, 11456 us display, type 3
frame 2426: 29504 us total, 11598 us display, type 3
frame 2427: 26874 us total, 11448 us display, type 3
frame 2428: 32589 us total, 11467 us display, type 3
frame 2429: 28404 us total, 11456 us display, type 3
frame 2430: 31314 us total, 11501 us display, type 3
frame 2431: 31475 us total, 11475 us display, type 3
profile (avg of 128 frames, ms): logic+bsp 4.7 wait-fb 0.0 vp-mark 0.7 flats 1.6 columns 7.6 fuzz 0.0
frame 2432: 26683 us total, 11619 us display, type 3
frame 2433: 29163 us total, 11470 us display, type 3
frame 2434: 27965 us total, 11467 us display, type 3
frame 2435: 28050 us total, 11728 us display, type 3
frame 2436: 27682 us total, 11469 us display, type 3
frame 2437: 27258 us total, 11454 us display, type 3
frame 2438: 29123 us total, 11474 us display, type 3
frame 2439: 28541 us total, 11596 us display, type 3
frame 2440: 27529 us total, 11472 us display, type 3
frame 2441: 28126 us total, 11470 us display, type 3
frame 2442: 28175 us total, 11457 us display, type 3
frame 2443: 28835 us total, 11463 us display, type 3
frame 2444: 28990 us total, 11470 us display, type 3
frame 2445: 28082 us total, 11459 us display, type 3
frame 2446: 29456 us total, 11465 us display, type 3
frame 2447: 28743 us total, 11465 us display, type 3
frame 2448: 29125 us total, 11469 us display, type 3
frame 2449: 29153 us total, 11481 us display, type 3
frame 2450: 27851 us total, 11792 us display, type 3
frame 2451: 28615 us total, 11474 us display, type 3
frame 2452: 27976 us total, 11468 us display, type 3
frame 2453: 28333 us total, 11463 us display, type 3
frame 2454: 28022 us total, 11461 us display, type 3
frame 2455: 28035 us total, 11457 us display, type 3
frame 2456: 29168 us total, 11469 us display, type 3
frame 2457: 29093 us total, 11470 us display, type 3
frame 2458: 28484 us total, 11474 us display, type 3
frame 2459: 29147 us total, 11479 us display, type 3
frame 2460: 29283 us total, 11469 us display, type 3
frame 2461: 27950 us total, 11611 us display, type 3
frame 2462: 29280 us total, 11479 us display, type 3
frame 2463: 28643 us total, 11461 us display, type 3
frame 2464: 28804 us total, 11462 us display, type 3
frame 2465: 29394 us total, 11477 us display, type 3
frame 2466: 27156 us total, 11575 us display, type 3
frame 2467: 29131 us total, 11476 us display, type 3
frame 2468: 28495 us total, 11477 us display, type 3
frame 2469: 29614 us total, 11593 us display, type 3
frame 2470: 29535 us total, 11471 us display, type 3
frame 2471: 26394 us total, 11473 us display, type 3
frame 2472: 28771 us total, 11635 us display, type 3
frame 2473: 28831 us total, 11754 us display, type 3
frame 2474: 28137 us total, 11464 us display, type 3
frame 2475: 28979 us total, 11464 us display, type 3
frame 2476: 28271 us total, 11465 us display, type 3
frame 2477: 30785 us total, 11798 us display, type 3
frame 2478: 29118 us total, 11489 us display, type 3
frame 2479: 24288 us total, 11764 us display, type 3
frame 2480: 25840 us total, 11468 us display, type 3
frame 2481: 26354 us total, 11458 us display, type 3
frame 2482: 31164 us total, 11453 us display, type 3
frame 2483: 30664 us total, 11462 us display, type 3
frame 2484: 28957 us total, 11463 us display, type 3
frame 2485: 29653 us total, 11468 us display, type 3
frame 2486: 29904 us total, 11468 us display, type 3
frame 2487: 26238 us total, 11476 us display, type 3
frame 2488: 30977 us total, 11482 us display, type 3
frame 2489: 26414 us total, 11463 us display, type 3
frame 2490: 31634 us total, 11778 us display, type 3
frame 2491: 30977 us total, 11582 us display, type 3
frame 2492: 25663 us total, 11466 us display, type 3
frame 2493: 30634 us total, 11643 us display, type 3
frame 2494: 29070 us total, 11591 us display, type 3
frame 2495: 26829 us total, 11470 us display, type 3
frame 2496: 30407 us total, 11640 us display, type 3
frame 2497: 25464 us total, 11467 us display, type 3
frame 2498: 32510 us total, 11481 us display, type 3
frame 2499: 29188 us total, 11475 us display, type 3
frame 2500: 25180 us total, 11549 us display, type 3
frame 2501: 30075 us total, 11494 us display, type 3
frame 2502: 26240 us total, 11462 us display, type 3
frame 2503: 30956 us total, 11748 us display, type 3
frame 2504: 30009 us total, 11736 us display, type 3
frame 2505: 25335 us total, 11665 us display, type 3
frame 2506: 30119 us total, 11645 us display, type 3
frame 2507: 28409 us total, 11479 us display, type 3
frame 2508: 25943 us total, 11462 us display, type 3
frame 2509: 30208 us total, 11474 us display, type 3
frame 2510: 26245 us total, 11470 us display, type 3
frame 2511: 31124 us total, 11471 us display, type 3
frame 2512: 30529 us total, 11484 us display, type 3
frame 2513: 25188 us total, 11457 us display, type 3
frame 2514: 31188 us total, 11481 us display, type 3
frame 2515: 26612 us total, 11592 us display, type 3
frame 2516: 32533 us total, 11476 us display, type 3
frame 2517: 29138 us total, 11476 us display, type 3
frame 2518: 26856 us total, 11613 us display, type 3
frame 2519: 29108 us total, 11466 us display, type 3
frame 2520: 27450 us total, 11475 us display, type 3
frame 2521: 25926 us total, 11480 us display, type 3
frame 2522: 29916 us total, 11778 us display, type 3
frame 2523: 26278 us total, 11510 us display, type 3
frame 2524: 31138 us total, 11473 us display, type 3
frame 2525: 32598 us total, 11608 us display, type 3
frame 2526: 26649 us total, 11481 us display, type 3
frame 2527: 29712 us total, 11483 us display, type 3
frame 2528: 30160 us total, 11469 us display, type 3
frame 2529: 26421 us total, 11473 us display, type 3
frame 2530: 29014 us total, 11475 us display, type 3
frame 2531: 25146 us total, 11465 us display, type 3
frame 2532: 30080 us total, 11478 us display, type 3
frame 2533: 29682 us total, 11522 us display, type 3
frame 2534: 26599 us total, 11477 us display, type 3
frame 2535: 30029 us total, 11484 us display, type 3
frame 2536: 26019 us total, 11467 us display, type 3
frame 2537: 31180 us total, 11481 us display, type 3
frame 2538: 29818 us total, 11474 us display, type 3
frame 2539: 26319 us total, 11477 us display, type 3
frame 2540: 29026 us total, 11482 us display, type 3
frame 2541: 24066 us total, 11573 us display, type 3
frame 2542: 31007 us total, 11501 us display, type 3
frame 2543: 30363 us total, 11478 us display, type 3
frame 2544: 25992 us total, 11478 us display, type 3
frame 2545: 30252 us total, 11485 us display, type 3
frame 2546: 30175 us total, 11479 us display, type 3
frame 2547: 27662 us total, 11600 us display, type 3
frame 2548: 31856 us total, 11771 us display, type 3
frame 2549: 29282 us total, 11488 us display, type 3
frame 2550: 31878 us total, 11471 us display, type 3
frame 2551: 31842 us total, 11478 us display, type 3
frame 2552: 28842 us total, 11737 us display, type 3
frame 2553: 30931 us total, 11509 us display, type 3
frame 2554: 30436 us total, 11478 us display, type 3
frame 2555: 27160 us total, 11469 us display, type 3
frame 2556: 28839 us total, 11488 us display, type 3
frame 2557: 28004 us total, 11542 us display, type 3
frame 2558: 25682 us total, 11465 us display, type 3
frame 2559: 29339 us total, 11478 us display, type 3
profile (avg of 128 frames, ms): logic+bsp 8.0 wait-fb 0.0 vp-mark 1.0 flats 3.0 columns 9.5 fuzz 0.0
frame 2560: 28307 us total, 11516 us display, type 3
audio: 70 underruns, 69 ms queued
mem @frame 2560: heap free 46600, largest 20992, min ever 45768, zone free 40188, display stack free 4376, uptime 75 s, gamestate 0, demo 1, usergame 0, tic 2567
frame 2561: 30011 us total, 11530 us display, type 3
frame 2562: 32700 us total, 11471 us display, type 3
frame 2563: 27592 us total, 11479 us display, type 3
frame 2564: 29706 us total, 11551 us display, type 3
frame 2565: 30001 us total, 11505 us display, type 3
frame 2566: 27435 us total, 11482 us display, type 3
frame 2567: 29079 us total, 11480 us display, type 3
frame 2568: 27964 us total, 11472 us display, type 3
frame 2569: 30932 us total, 11472 us display, type 3
frame 2570: 30925 us total, 11472 us display, type 3
frame 2571: 28491 us total, 11469 us display, type 3
frame 2572: 30132 us total, 11473 us display, type 3
frame 2573: 30450 us total, 11473 us display, type 3
frame 2574: 29028 us total, 11743 us display, type 3
frame 2575: 30007 us total, 11503 us display, type 3
frame 2576: 30927 us total, 11504 us display, type 3
frame 2577: 29515 us total, 11470 us display, type 3
frame 2578: 30845 us total, 11472 us display, type 3
frame 2579: 30567 us total, 11709 us display, type 3
frame 2580: 28670 us total, 11474 us display, type 3
frame 2581: 30484 us total, 11490 us display, type 3
frame 2582: 28990 us total, 11785 us display, type 3
frame 2583: 31079 us total, 11475 us display, type 3
frame 2584: 31711 us total, 11510 us display, type 3
frame 2585: 29037 us total, 11542 us display, type 3
frame 2586: 30971 us total, 11474 us display, type 3
frame 2587: 30983 us total, 11492 us display, type 3
frame 2588: 28069 us total, 11612 us display, type 3
frame 2589: 30006 us total, 11571 us display, type 3
frame 2590: 29076 us total, 11726 us display, type 3
frame 2591: 26744 us total, 11477 us display, type 3
frame 2592: 29142 us total, 11622 us display, type 3
frame 2593: 26723 us total, 11479 us display, type 3
frame 2594: 28860 us total, 11485 us display, type 3
frame 2595: 30536 us total, 11485 us display, type 3
frame 2596: 26702 us total, 11829 us display, type 3
frame 2597: 29114 us total, 11483 us display, type 3
frame 2598: 34953 us total, 11489 us display, type 3
frame 2599: 28673 us total, 11462 us display, type 3
frame 2600: 32014 us total, 11480 us display, type 3
frame 2601: 31228 us total, 11484 us display, type 3
frame 2602: 29219 us total, 11479 us display, type 3
frame 2603: 31540 us total, 11616 us display, type 3
frame 2604: 32708 us total, 11522 us display, type 3
frame 2605: 29059 us total, 11535 us display, type 3
frame 2606: 31863 us total, 11837 us display, type 3
frame 2607: 31237 us total, 11490 us display, type 3
frame 2608: 28714 us total, 11488 us display, type 3
frame 2609: 32082 us total, 11483 us display, type 3
frame 2610: 31674 us total, 11511 us display, type 3
frame 2611: 29138 us total, 11494 us display, type 3
frame 2612: 32222 us total, 11501 us display, type 3
frame 2613: 32825 us total, 11483 us display, type 3
frame 2614: 30685 us total, 11473 us display, type 3
frame 2615: 31777 us total, 11565 us display, type 3
frame 2616: 31852 us total, 11507 us display, type 3
frame 2617: 29072 us total, 11668 us display, type 3
frame 2618: 31854 us total, 11586 us display, type 3
frame 2619: 31389 us total, 11483 us display, type 3
frame 2620: 29068 us total, 11473 us display, type 3
frame 2621: 32398 us total, 11494 us display, type 3
frame 2622: 31783 us total, 11654 us display, type 3
frame 2623: 29064 us total, 11605 us display, type 3
frame 2624: 30006 us total, 11842 us display, type 3
frame 2625: 30010 us total, 11579 us display, type 3
frame 2626: 29606 us total, 11468 us display, type 3
frame 2627: 30402 us total, 11701 us display, type 3
frame 2628: 29364 us total, 11488 us display, type 3
frame 2629: 28186 us total, 11479 us display, type 3
frame 2630: 29670 us total, 11849 us display, type 3
frame 2631: 27426 us total, 11619 us display, type 3
frame 2632: 32037 us total, 11473 us display, type 3
frame 2633: 29976 us total, 11474 us display, type 3
frame 2634: 28948 us total, 11472 us display, type 3
frame 2635: 31599 us total, 11621 us display, type 3
frame 2636: 30932 us total, 11817 us display, type 3
frame 2637: 28366 us total, 11468 us display, type 3
frame 2638: 30253 us total, 11489 us display, type 3
frame 2639: 31487 us total, 11472 us display, type 3
frame 2640: 29193 us total, 11467 us display, type 3
frame 2641: 31092 us total, 11479 us display, type 3
frame 2642: 32399 us total, 11521 us display, type 3
frame 2643: 28653 us total, 11473 us display, type 3
frame 2644: 32561 us total, 11483 us display, type 3
frame 2645: 34074 us total, 11467 us display, type 3
frame 2646: 29627 us total, 11473 us display, type 3
frame 2647: 32074 us total, 11477 us display, type 3
frame 2648: 32518 us total, 11473 us display, type 3
frame 2649: 30842 us total, 11590 us display, type 3
frame 2650: 32097 us total, 11488 us display, type 3
frame 2651: 32581 us total, 11489 us display, type 3
frame 2652: 29584 us total, 11477 us display, type 3
frame 2653: 32411 us total, 11484 us display, type 3
frame 2654: 33585 us total, 11475 us display, type 3
frame 2655: 29809 us total, 11462 us display, type 3
frame 2656: 30922 us total, 11464 us display, type 3
frame 2657: 31507 us total, 11482 us display, type 3
frame 2658: 28999 us total, 11472 us display, type 3
frame 2659: 31011 us total, 11477 us display, type 3
frame 2660: 30825 us total, 11645 us display, type 3
frame 2661: 27406 us total, 11471 us display, type 3
frame 2662: 29452 us total, 11472 us display, type 3
frame 2663: 30318 us total, 11495 us display, type 3
frame 2664: 28433 us total, 11465 us display, type 3
frame 2665: 29626 us total, 11801 us display, type 3
frame 2666: 28813 us total, 11634 us display, type 3
frame 2667: 30339 us total, 11478 us display, type 3
frame 2668: 32641 us total, 11478 us display, type 3
frame 2669: 31047 us total, 11477 us display, type 3
frame 2670: 29920 us total, 11462 us display, type 3
frame 2671: 32748 us total, 11548 us display, type 3
frame 2672: 31854 us total, 11720 us display, type 3
frame 2673: 30231 us total, 11469 us display, type 3
frame 2674: 32572 us total, 11477 us display, type 3
frame 2675: 32296 us total, 11469 us display, type 3
frame 2676: 29735 us total, 11471 us display, type 3
frame 2677: 32649 us total, 11783 us display, type 3
frame 2678: 33808 us total, 11798 us display, type 3
frame 2679: 30924 us total, 11645 us display, type 3
frame 2680: 34661 us total, 11474 us display, type 3
frame 2681: 34592 us total, 11580 us display, type 3
frame 2682: 31321 us total, 11458 us display, type 3
frame 2683: 34026 us total, 11461 us display, type 3
frame 2684: 33613 us total, 11472 us display, type 3
frame 2685: 34213 us total, 11782 us display, type 3
frame 2686: 31818 us total, 11687 us display, type 3
frame 2687: 35760 us total, 11764 us display, type 3
profile (avg of 128 frames, ms): logic+bsp 11.1 wait-fb 0.0 vp-mark 0.9 flats 3.3 columns 10.4 fuzz 0.4
frame 2688: 34635 us total, 11505 us display, type 3
frame 2689: 34614 us total, 11659 us display, type 3
frame 2690: 30252 us total, 11478 us display, type 3
frame 2691: 34569 us total, 11567 us display, type 3
frame 2692: 32791 us total, 11801 us display, type 3
frame 2693: 29586 us total, 11475 us display, type 3
frame 2694: 31590 us total, 11468 us display, type 3
frame 2695: 30906 us total, 11477 us display, type 3
frame 2696: 28831 us total, 11483 us display, type 3
frame 2697: 30910 us total, 11544 us display, type 3
frame 2698: 31207 us total, 11478 us display, type 3
frame 2699: 28190 us total, 11470 us display, type 3
frame 2700: 33843 us total, 11480 us display, type 3
frame 2701: 32416 us total, 11489 us display, type 3
frame 2702: 30009 us total, 11485 us display, type 3
frame 2703: 32838 us total, 11466 us display, type 3
frame 2704: 31889 us total, 11490 us display, type 3
frame 2705: 29203 us total, 11472 us display, type 3
frame 2706: 32643 us total, 11785 us display, type 3
frame 2707: 32791 us total, 11719 us display, type 3
frame 2708: 29989 us total, 11805 us display, type 3
frame 2709: 31283 us total, 11475 us display, type 3
frame 2710: 32011 us total, 11486 us display, type 3
frame 2711: 31334 us total, 11539 us display, type 3
frame 2712: 32992 us total, 11475 us display, type 3
frame 2713: 32141 us total, 11479 us display, type 3
frame 2714: 32107 us total, 11646 us display, type 3
frame 2715: 29746 us total, 11600 us display, type 3
frame 2716: 31538 us total, 11485 us display, type 3
frame 2717: 31857 us total, 11639 us display, type 3
frame 2718: 29472 us total, 11465 us display, type 3
frame 2719: 29714 us total, 11479 us display, type 3
frame 2720: 28025 us total, 11694 us display, type 3
frame 2721: 29570 us total, 11612 us display, type 3
frame 2722: 29007 us total, 11479 us display, type 3
frame 2723: 27587 us total, 11467 us display, type 3
frame 2724: 28634 us total, 11469 us display, type 3
frame 2725: 27778 us total, 11482 us display, type 3
frame 2726: 27993 us total, 11702 us display, type 3
frame 2727: 28572 us total, 11481 us display, type 3
frame 2728: 28093 us total, 11472 us display, type 3
frame 2729: 28700 us total, 11741 us display, type 3
frame 2730: 27221 us total, 11798 us display, type 3
frame 2731: 25562 us total, 11483 us display, type 3
frame 2732: 27309 us total, 11466 us display, type 3
frame 2733: 25832 us total, 11652 us display, type 3
frame 2734: 28214 us total, 11480 us display, type 3
frame 2735: 32731 us total, 11468 us display, type 3
frame 2736: 29054 us total, 11521 us display, type 3
frame 2737: 30926 us total, 11757 us display, type 3
frame 2738: 30408 us total, 11475 us display, type 3
frame 2739: 29602 us total, 11822 us display, type 3
frame 2740: 29459 us total, 11468 us display, type 3
frame 2741: 28679 us total, 11618 us display, type 3
frame 2742: 30153 us total, 11468 us display, type 3
frame 2743: 29848 us total, 11716 us display, type 3
frame 2744: 29071 us total, 11647 us display, type 3
frame 2745: 29450 us total, 11605 us display, type 3
frame 2746: 30197 us total, 11641 us display, type 3
frame 2747: 31284 us total, 11570 us display, type 3
frame 2748: 30928 us total, 11638 us display, type 3
frame 2749: 30258 us total, 11479 us display, type 3
frame 2750: 29969 us total, 11467 us display, type 3
frame 2751: 31216 us total, 11469 us display, type 3
frame 2752: 30404 us total, 11789 us display, type 3
frame 2753: 30001 us total, 11840 us display, type 3
frame 2754: 30549 us total, 11469 us display, type 3
frame 2755: 31310 us total, 11537 us display, type 3
frame 2756: 29981 us total, 11650 us display, type 3
frame 2757: 30938 us total, 11513 us display, type 3
frame 2758: 30518 us total, 11466 us display, type 3
frame 2759: 26980 us total, 11480 us display, type 3
frame 2760: 27233 us total, 11480 us display, type 3
frame 2761: 24652 us total, 11464 us display, type 3
frame 2762: 24697 us total, 11721 us display, type 3
frame 2763: 22731 us total, 11471 us display, type 3
frame 2764: 23194 us total, 11635 us display, type 3
frame 2765: 21659 us total, 11691 us display, type 3
frame 2766: 24567 us total, 11459 us display, type 3
frame 2767: 26829 us total, 11646 us display, type 3
frame 2768: 28125 us total, 11603 us display, type 3
frame 2769: 29017 us total, 11651 us display, type 3
frame 2770: 27235 us total, 11461 us display, type 3
frame 2771: 29143 us total, 11476 us display, type 3
frame 2772: 27266 us total, 11450 us display, type 3
frame 2773: 29132 us total, 11823 us display, type 3
frame 2774: 28404 us total, 11457 us display, type 3
frame 2775: 27593 us total, 11517 us display, type 3
frame 2776: 29511 us total, 11457 us display, type 3
frame 2777: 28630 us total, 11471 us display, type 3
frame 2778: 27140 us total, 11452 us display, type 3
frame 2779: 29197 us total, 11445 us display, type 3
frame 2780: 27273 us total, 11444 us display, type 3
frame 2781: 29022 us total, 11443 us display, type 3
frame 2782: 27490 us total, 11445 us display, type 3
frame 2783: 27748 us total, 11684 us display, type 3
frame 2784: 28596 us total, 11452 us display, type 3
frame 2785: 28527 us total, 11647 us display, type 3
frame 2786: 29243 us total, 11452 us display, type 3
frame 2787: 27303 us total, 11449 us display, type 3
frame 2788: 28088 us total, 11447 us display, type 3
frame 2789: 28200 us total, 11449 us display, type 3
frame 2790: 27309 us total, 11440 us display, type 3
frame 2791: 28995 us total, 11445 us display, type 3
frame 2792: 28871 us total, 11451 us display, type 3
frame 2793: 29874 us total, 11715 us display, type 3
frame 2794: 30923 us total, 11512 us display, type 3
frame 2795: 29966 us total, 11651 us display, type 3
frame 2796: 27444 us total, 11445 us display, type 3
frame 2797: 29735 us total, 11515 us display, type 3
frame 2798: 28194 us total, 11445 us display, type 3
frame 2799: 33682 us total, 11691 us display, type 3
frame 2800: 30971 us total, 11477 us display, type 3
frame 2801: 27692 us total, 11463 us display, type 3
frame 2802: 29495 us total, 11491 us display, type 3
frame 2803: 28730 us total, 11464 us display, type 3
frame 2804: 27567 us total, 11491 us display, type 3
frame 2805: 29263 us total, 11479 us display, type 3
frame 2806: 28262 us total, 11477 us display, type 3
frame 2807: 29094 us total, 11465 us display, type 3
frame 2808: 28532 us total, 11462 us display, type 3
frame 2809: 27299 us total, 11465 us display, type 3
frame 2810: 29032 us total, 11609 us display, type 3
frame 2811: 29079 us total, 11491 us display, type 3
frame 2812: 27300 us total, 11459 us display, type 3
frame 2813: 29915 us total, 11519 us display, type 3
frame 2814: 29098 us total, 11599 us display, type 3
frame 2815: 29182 us total, 11470 us display, type 3
profile (avg of 128 frames, ms): logic+bsp 8.6 wait-fb 0.0 vp-mark 0.9 flats 2.7 columns 9.5 fuzz 0.2
frame 2816: 33180 us total, 11467 us display, type 3
audio: 70 underruns, 58 ms queued
mem @frame 2816: heap free 46600, largest 20992, min ever 45768, zone free 40716, display stack free 4376, uptime 82 s, gamestate 0, demo 1, usergame 0, tic 2836
frame 2817: 28133 us total, 11471 us display, type 3
frame 2818: 26756 us total, 11718 us display, type 3
frame 2819: 26422 us total, 11472 us display, type 3
frame 2820: 29637 us total, 11471 us display, type 3
frame 2821: 30083 us total, 11468 us display, type 3
frame 2822: 26524 us total, 11466 us display, type 3
frame 2823: 30707 us total, 11482 us display, type 3
frame 2824: 29988 us total, 11754 us display, type 3
frame 2825: 28416 us total, 11484 us display, type 3
frame 2826: 29711 us total, 11687 us display, type 3
frame 2827: 27216 us total, 11495 us display, type 3
frame 2828: 28695 us total, 11472 us display, type 3
frame 2829: 29667 us total, 11480 us display, type 3
frame 2830: 27935 us total, 11476 us display, type 3
frame 2831: 29633 us total, 11660 us display, type 3
frame 2832: 27602 us total, 11470 us display, type 3
frame 2833: 24721 us total, 11473 us display, type 3
frame 2834: 28968 us total, 11485 us display, type 3
frame 2835: 27830 us total, 11467 us display, type 3
frame 2836: 30399 us total, 11470 us display, type 3
frame 2837: 28790 us total, 11477 us display, type 3
frame 2838: 27058 us total, 11755 us display, type 3
frame 2839: 29999 us total, 11511 us display, type 3
frame 2840: 27083 us total, 11459 us display, type 3
frame 2841: 31058 us total, 11665 us display, type 3
frame 2842: 28497 us total, 11478 us display, type 3
frame 2843: 26670 us total, 11673 us display, type 3
frame 2844: 30027 us total, 11687 us display, type 3
frame 2845: 26665 us total, 11468 us display, type 3
frame 2846: 30556 us total, 11573 us display, type 3
frame 2847: 28383 us total, 11477 us display, type 3
frame 2848: 26542 us total, 11477 us display, type 3
frame 2849: 30448 us total, 11537 us display, type 3
frame 2850: 28727 us total, 11655 us display, type 3
frame 2851: 26875 us total, 11467 us display, type 3
frame 2852: 30828 us total, 11473 us display, type 3
frame 2853: 28267 us total, 11477 us display, type 3
frame 2854: 30841 us total, 11472 us display, type 3
frame 2855: 30063 us total, 11474 us display, type 3
frame 2856: 31615 us total, 11806 us display, type 3
frame 2857: 32780 us total, 11751 us display, type 3
frame 2858: 33713 us total, 11602 us display, type 3
frame 2859: 31888 us total, 11473 us display, type 3
frame 2860: 33480 us total, 11459 us display, type 3
frame 2861: 33141 us total, 11808 us display, type 3
frame 2862: 32742 us total, 11832 us display, type 3
frame 2863: 32148 us total, 11473 us display, type 3
frame 2864: 32526 us total, 11555 us display, type 3
frame 2865: 32797 us total, 11805 us display, type 3
frame 2866: 30215 us total, 11478 us display, type 3
frame 2867: 32188 us total, 11471 us display, type 3
frame 2868: 31163 us total, 11467 us display, type 3
frame 2869: 29444 us total, 11468 us display, type 3
frame 2870: 31118 us total, 11479 us display, type 3
frame 2871: 30662 us total, 11816 us display, type 3
frame 2872: 29996 us total, 11780 us display, type 3
frame 2873: 31497 us total, 11664 us display, type 3
frame 2874: 32216 us total, 11540 us display, type 3
frame 2875: 29993 us total, 11749 us display, type 3
frame 2876: 31863 us total, 11487 us display, type 3
frame 2877: 31432 us total, 11475 us display, type 3
frame 2878: 29484 us total, 11658 us display, type 3
frame 2879: 32789 us total, 11555 us display, type 3
frame 2880: 31122 us total, 11482 us display, type 3
frame 2881: 29787 us total, 11817 us display, type 3
frame 2882: 31185 us total, 11795 us display, type 3
frame 2883: 31559 us total, 11476 us display, type 3
frame 2884: 30883 us total, 11468 us display, type 3
frame 2885: 35157 us total, 11467 us display, type 3
frame 2886: 34444 us total, 11485 us display, type 3
frame 2887: 34188 us total, 11463 us display, type 3
frame 2888: 30961 us total, 11464 us display, type 3
frame 2889: 34219 us total, 11751 us display, type 3
frame 2890: 34214 us total, 11466 us display, type 3
frame 2891: 31902 us total, 11459 us display, type 3
frame 2892: 34179 us total, 11466 us display, type 3
frame 2893: 34778 us total, 11468 us display, type 3
frame 2894: 35874 us total, 11471 us display, type 3
frame 2895: 34545 us total, 11480 us display, type 3
frame 2896: 36367 us total, 11496 us display, type 3
frame 2897: 35564 us total, 11790 us display, type 3
frame 2898: 36849 us total, 11479 us display, type 3
frame 2899: 38153 us total, 11827 us display, type 3
frame 2900: 32522 us total, 11464 us display, type 3
frame 2901: 34310 us total, 11473 us display, type 3
frame 2902: 34471 us total, 11470 us display, type 3
frame 2903: 31902 us total, 11487 us display, type 3
frame 2904: 36589 us total, 11599 us display, type 3
frame 2905: 34633 us total, 11715 us display, type 3
frame 2906: 36017 us total, 11473 us display, type 3
frame 2907: 31416 us total, 11461 us display, type 3
frame 2908: 34976 us total, 11472 us display, type 3
frame 2909: 36584 us total, 11467 us display, type 3
frame 2910: 35455 us total, 11459 us display, type 3
frame 2911: 29268 us total, 11463 us display, type 3
frame 2912: 33118 us total, 11655 us display, type 3
frame 2913: 34489 us total, 11472 us display, type 3
frame 2914: 33849 us total, 11466 us display, type 3
frame 2915: 29458 us total, 11739 us display, type 3
frame 2916: 33074 us total, 11479 us display, type 3
frame 2917: 32622 us total, 11826 us display, type 3
frame 2918: 28402 us total, 11468 us display, type 3
frame 2919: 32560 us total, 11708 us display, type 3
frame 2920: 32791 us total, 11778 us display, type 3
frame 2921: 27868 us total, 11639 us display, type 3
frame 2922: 31221 us total, 11473 us display, type 3
frame 2923: 32255 us total, 11475 us display, type 3
frame 2924: 29196 us total, 11478 us display, type 3
frame 2925: 31780 us total, 11473 us display, type 3
frame 2926: 31386 us total, 11586 us display, type 3
frame 2927: 29053 us total, 11661 us display, type 3
frame 2928: 29600 us total, 11472 us display, type 3
frame 2929: 30418 us total, 11785 us display, type 3
frame 2930: 28155 us total, 11830 us display, type 3
frame 2931: 30504 us total, 11466 us display, type 3
frame 2932: 27933 us total, 11467 us display, type 3
frame 2933: 30625 us total, 11634 us display, type 3
frame 2934: 30010 us total, 11471 us display, type 3
frame 2935: 28501 us total, 11470 us display, type 3
frame 2936: 29735 us total, 11463 us display, type 3
frame 2937: 28408 us total, 11477 us display, type 3
frame 2938: 26703 us total, 11470 us display, type 3
frame 2939: 28143 us total, 11548 us display, type 3
frame 2940: 25563 us total, 11476 us display, type 3
frame 2941: 27386 us total, 11464 us display, type 3
frame 2942: 24730 us total, 11469 us display, type 3
frame 2943: 25815 us total, 11476 us display, type 3
profile (avg of 128 frames, ms): logic+bsp 9.4 wait-fb 0.0 vp-mark 1.6 flats 4.0 columns 11.0 fuzz 0.1
frame 2944: 25936 us total, 11655 us display, type 3
frame 2945: 23205 us total, 11468 us display, type 3
frame 2946: 30498 us total, 11478 us display, type 3
frame 2947: 28329 us total, 11465 us display, type 3
frame 2948: 30455 us total, 11461 us display, type 3
frame 2949: 28615 us total, 11471 us display, type 3
frame 2950: 27594 us total, 11688 us display, type 3
frame 2951: 30981 us total, 11484 us display, type 3
frame 2952: 29040 us total, 11600 us display, type 3
frame 2953: 25700 us total, 11475 us display, type 3
frame 2954: 28023 us total, 11475 us display, type 3
frame 2955: 27049 us total, 11463 us display, type 3
frame 2956: 29375 us total, 11469 us display, type 3
frame 2957: 29343 us total, 11473 us display, type 3
frame 2958: 27359 us total, 11471 us display, type 3
frame 2959: 28696 us total, 11476 us display, type 3
frame 2960: 26668 us total, 11469 us display, type 3
frame 2961: 29087 us total, 11471 us display, type 3
frame 2962: 29982 us total, 11699 us display, type 3
frame 2963: 25736 us total, 11464 us display, type 3
frame 2964: 27079 us total, 11467 us display, type 3
frame 2965: 28046 us total, 11466 us display, type 3
frame 2966: 33602 us total, 11464 us display, type 3
frame 2967: 29021 us total, 11470 us display, type 3
frame 2968: 25152 us total, 11539 us display, type 3
frame 2969: 30924 us total, 11572 us display, type 3
frame 2970: 25718 us total, 11464 us display, type 3
frame 2971: 30873 us total, 11460 us display, type 3
frame 2972: 28890 us total, 11469 us display, type 3
frame 2973: 27421 us total, 11452 us display, type 3
frame 2974: 30279 us total, 11474 us display, type 3
frame 2975: 29178 us total, 11647 us display, type 3
frame 2976: 26680 us total, 11463 us display, type 3
frame 2977: 29805 us total, 11474 us display, type 3
frame 2978: 27610 us total, 11458 us display, type 3
frame 2979: 31246 us total, 11462 us display, type 3
frame 2980: 28241 us total, 11661 us display, type 3
frame 2981: 26791 us total, 11459 us display, type 3
frame 2982: 30068 us total, 11472 us display, type 3
frame 2983: 26808 us total, 11461 us display, type 3
frame 2984: 29400 us total, 11468 us display, type 3
frame 2985: 29150 us total, 11486 us display, type 3
frame 2986: 27143 us total, 11466 us display, type 3
frame 2987: 30515 us total, 11521 us display, type 3
frame 2988: 28473 us total, 11476 us display, type 3
frame 2989: 25708 us total, 11477 us display, type 3
frame 2990: 30611 us total, 11473 us display, type 3
frame 2991: 27502 us total, 11583 us display, type 3
frame 2992: 29570 us total, 11464 us display, type 3
frame 2993: 30536 us total, 11489 us display, type 3
frame 2994: 26573 us total, 11476 us display, type 3
frame 2995: 29964 us total, 11480 us display, type 3
frame 2996: 27544 us total, 11654 us display, type 3
frame 2997: 28511 us total, 11520 us display, type 3
frame 2998: 28188 us total, 11478 us display, type 3
frame 2999: 27111 us total, 11477 us display, type 3
frame 3000: 29534 us total, 11477 us display, type 3
frame 3001: 29489 us total, 11477 us display, type 3
frame 3002: 27100 us total, 11648 us display, type 3
frame 3003: 31198 us total, 11475 us display, type 3
frame 3004: 26986 us total, 11548 us display, type 3
frame 3005: 30020 us total, 11760 us display, type 3
frame 3006: 29457 us total, 11461 us display, type 3
frame 3007: 26835 us total, 11746 us display, type 3
frame 3008: 29255 us total, 11471 us display, type 3
frame 3009: 26623 us total, 11458 us display, type 3
frame 3010: 30373 us total, 11465 us display, type 3
frame 3011: 29296 us total, 11475 us display, type 3
frame 3012: 25539 us total, 11456 us display, type 3
frame 3013: 29877 us total, 11462 us display, type 3
frame 3014: 29603 us total, 11546 us display, type 3
frame 3015: 27411 us total, 11462 us display, type 3
frame 3016: 29811 us total, 11673 us display, type 3
frame 3017: 27206 us total, 11783 us display, type 3
frame 3018: 29297 us total, 11478 us display, type 3
frame 3019: 27566 us total, 11474 us display, type 3
frame 3020: 27957 us total, 11458 us display, type 3
frame 3021: 33225 us total, 11466 us display, type 3
frame 3022: 28678 us total, 11478 us display, type 3
frame 3023: 27549 us total, 11585 us display, type 3
frame 3024: 29989 us total, 11753 us display, type 3
frame 3025: 26783 us total, 11470 us display, type 3
frame 3026: 29687 us total, 11474 us display, type 3
frame 3027: 28467 us total, 11471 us display, type 3
frame 3028: 27671 us total, 11661 us display, type 3
frame 3029: 29441 us total, 11475 us display, type 3
frame 3030: 26647 us total, 11461 us display, type 3
frame 3031: 29161 us total, 11473 us display, type 3
frame 3032: 28571 us total, 11468 us display, type 3
frame 3033: 25734 us total, 11534 us display, type 3
frame 3034: 29121 us total, 11747 us display, type 3
frame 3035: 27393 us total, 11461 us display, type 3
frame 3036: 30765 us total, 11682 us display, type 3
frame 3037: 29094 us total, 11484 us display, type 3
frame 3038: 26245 us total, 11810 us display, type 3
frame 3039: 29496 us total, 11476 us display, type 3
frame 3040: 30696 us total, 11478 us display, type 3
frame 3041: 26590 us total, 11458 us display, type 3
frame 3042: 31656 us total, 11472 us display, type 3
frame 3043: 27348 us total, 11472 us display, type 3
frame 3044: 29420 us total, 11793 us display, type 3
frame 3045: 27620 us total, 11483 us display, type 3
frame 3046: 28687 us total, 11669 us display, type 3
frame 3047: 30027 us total, 11565 us display, type 3
frame 3048: 29066 us total, 11838 us display, type 3
frame 3049: 26369 us total, 11470 us display, type 3
frame 3050: 28997 us total, 11821 us display, type 3
frame 3051: 27434 us total, 11472 us display, type 3
frame 3052: 27890 us total, 11774 us display, type 3
frame 3053: 27576 us total, 11472 us display, type 3
frame 3054: 25917 us total, 11460 us display, type 3
frame 3055: 30758 us total, 11706 us display, type 3
frame 3056: 25764 us total, 11615 us display, type 3
frame 3057: 28732 us total, 11633 us display, type 3
frame 3058: 28496 us total, 11461 us display, type 3
frame 3059: 26092 us total, 11456 us display, type 3
frame 3060: 29697 us total, 11469 us display, type 3
frame 3061: 27649 us total, 11457 us display, type 3
frame 3062: 29662 us total, 11459 us display, type 3
frame 3063: 32629 us total, 11756 us display, type 3
frame 3064: 28118 us total, 11601 us display, type 3
frame 3065: 31893 us total, 11507 us display, type 3
frame 3066: 30031 us total, 11818 us display, type 3
frame 3067: 26284 us total, 11655 us display, type 3
frame 3068: 29085 us total, 11479 us display, type 3
frame 3069: 26886 us total, 11635 us display, type 3
frame 3070: 29403 us total, 11652 us display, type 3
frame 3071: 27355 us total, 11477 us display, type 3
profile (avg of 128 frames, ms): logic+bsp 6.5 wait-fb 0.0 vp-mark 1.2 flats 3.6 columns 9.5 fuzz 0.8
frame 3072: 27382 us total, 11463 us display, type 3
audio: 70 underruns, 81 ms queued
mem @frame 3072: heap free 46600, largest 20992, min ever 45768, zone free 40340, display stack free 4376, uptime 90 s, gamestate 0, demo 1, usergame 0, tic 3102
frame 3073: 32308 us total, 11471 us display, type 3
frame 3074: 27805 us total, 11487 us display, type 3
frame 3075: 27193 us total, 11473 us display, type 3
frame 3076: 28972 us total, 11469 us display, type 3
frame 3077: 28906 us total, 11481 us display, type 3
frame 3078: 28794 us total, 11631 us display, type 3
frame 3079: 28501 us total, 11474 us display, type 3
frame 3080: 28402 us total, 11641 us display, type 3
frame 3081: 29455 us total, 11650 us display, type 3
frame 3082: 27676 us total, 11470 us display, type 3
frame 3083: 29550 us total, 11474 us display, type 3
frame 3084: 28831 us total, 11474 us display, type 3
frame 3085: 31653 us total, 11465 us display, type 3
frame 3086: 29412 us total, 11469 us display, type 3
frame 3087: 27074 us total, 11536 us display, type 3
frame 3088: 26760 us total, 11475 us display, type 3
frame 3089: 27724 us total, 11475 us display, type 3
frame 3090: 29969 us total, 11758 us display, type 3
frame 3091: 29371 us total, 11485 us display, type 3
frame 3092: 29694 us total, 11563 us display, type 3
frame 3093: 28347 us total, 11486 us display, type 3
frame 3094: 29242 us total, 11644 us display, type 3
frame 3095: 29628 us total, 11764 us display, type 3
frame 3096: 28229 us total, 11469 us display, type 3
frame 3097: 30842 us total, 11848 us display, type 3
frame 3098: 28327 us total, 11481 us display, type 3
frame 3099: 29834 us total, 11473 us display, type 3
frame 3100: 29968 us total, 11467 us display, type 3
frame 3101: 28795 us total, 11467 us display, type 3
frame 3102: 29662 us total, 11474 us display, type 3
frame 3103: 29550 us total, 11781 us display, type 3
frame 3104: 27406 us total, 11472 us display, type 3
frame 3105: 29883 us total, 11480 us display, type 3
frame 3106: 28227 us total, 11477 us display, type 3
frame 3107: 30029 us total, 11479 us display, type 3
frame 3108: 29963 us total, 11473 us display, type 3
frame 3109: 27987 us total, 11689 us display, type 3
frame 3110: 30006 us total, 11579 us display, type 3
frame 3111: 30213 us total, 11478 us display, type 3
frame 3112: 27246 us total, 11486 us display, type 3
frame 3113: 29760 us total, 11581 us display, type 3
frame 3114: 27506 us total, 11469 us display, type 3
frame 3115: 29899 us total, 11475 us display, type 3
frame 3116: 29432 us total, 11474 us display, type 3
frame 3117: 27727 us total, 11474 us display, type 3
frame 3118: 28145 us total, 11567 us display, type 3
frame 3119: 28366 us total, 11472 us display, type 3
frame 3120: 27626 us total, 11663 us display, type 3
frame 3121: 28261 us total, 11488 us display, type 3
frame 3122: 30435 us total, 11469 us display, type 3
frame 3123: 30726 us total, 11478 us display, type 3
frame 3124: 29664 us total, 11605 us display, type 3
frame 3125: 27748 us total, 11476 us display, type 3
frame 3126: 30392 us total, 11646 us display, type 3
frame 3127: 30008 us total, 11479 us display, type 3
frame 3128: 27211 us total, 11588 us display, type 3
frame 3129: 29965 us total, 11836 us display, type 3
frame 3130: 27043 us total, 11464 us display, type 3
frame 3131: 29565 us total, 11464 us display, type 3
frame 3132: 29592 us total, 11803 us display, type 3
frame 3133: 27174 us total, 11690 us display, type 3
frame 3134: 30013 us total, 11603 us display, type 3
frame 3135: 30000 us total, 11521 us display, type 3
frame 3136: 28137 us total, 11498 us display, type 3
frame 3137: 29999 us total, 11550 us display, type 3
frame 3138: 28227 us total, 11471 us display, type 3
frame 3139: 30220 us total, 11468 us display, type 3
frame 3140: 30629 us total, 11489 us display, type 3
frame 3141: 28250 us total, 11472 us display, type 3
frame 3142: 29250 us total, 11493 us display, type 3
frame 3143: 29726 us total, 11794 us display, type 3
frame 3144: 29064 us total, 11492 us display, type 3
frame 3145: 30000 us total, 11564 us display, type 3
frame 3146: 28610 us total, 11480 us display, type 3
frame 3147: 29032 us total, 11464 us display, type 3
frame 3148: 28764 us total, 11482 us display, type 3
frame 3149: 28618 us total, 11473 us display, type 3
frame 3150: 29393 us total, 11801 us display, type 3
frame 3151: 28330 us total, 11477 us display, type 3
frame 3152: 27108 us total, 11484 us display, type 3
frame 3153: 27931 us total, 11670 us display, type 3
frame 3154: 26676 us total, 11646 us display, type 3
frame 3155: 28951 us total, 11489 us display, type 3
frame 3156: 27217 us total, 11482 us display, type 3
frame 3157: 27661 us total, 11644 us display, type 3
frame 3158: 31704 us total, 11470 us display, type 3
frame 3159: 26737 us total, 11473 us display, type 3
frame 3160: 30161 us total, 11474 us display, type 3
frame 3161: 29600 us total, 11728 us display, type 3
frame 3162: 27217 us total, 11479 us display, type 3
frame 3163: 29484 us total, 11486 us display, type 3
frame 3164: 29933 us total, 11482 us display, type 3
frame 3165: 27981 us total, 11471 us display, type 3
frame 3166: 29842 us total, 11477 us display, type 3
frame 3167: 28124 us total, 11672 us display, type 3
frame 3168: 29393 us total, 11482 us display, type 3
frame 3169: 30211 us total, 11479 us display, type 3
frame 3170: 28740 us total, 11485 us display, type 3
frame 3171: 30731 us total, 11800 us display, type 3
frame 3172: 30506 us total, 11474 us display, type 3
frame 3173: 29567 us total, 11477 us display, type 3
frame 3174: 32024 us total, 11471 us display, type 3
frame 3175: 32541 us total, 11833 us display, type 3
frame 3176: 29283 us total, 11480 us display, type 3
frame 3177: 32570 us total, 11695 us display, type 3
frame 3178: 31855 us total, 11649 us display, type 3
frame 3179: 29983 us total, 11647 us display, type 3
frame 3180: 32873 us total, 11776 us display, type 3
frame 3181: 33870 us total, 11485 us display, type 3
frame 3182: 29276 us total, 11469 us display, type 3
frame 3183: 32498 us total, 11624 us display, type 3
frame 3184: 31191 us total, 11485 us display, type 3
frame 3185: 28013 us total, 11642 us display, type 3
frame 3186: 28949 us total, 11565 us display, type 3
frame 3187: 28752 us total, 11471 us display, type 3
frame 3188: 26466 us total, 11481 us display, type 3
frame 3189: 28138 us total, 11481 us display, type 3
frame 3190: 27203 us total, 11701 us display, type 3
frame 3191: 29073 us total, 11801 us display, type 3
frame 3192: 28147 us total, 11593 us display, type 3
frame 3193: 27752 us total, 11473 us display, type 3
frame 3194: 32247 us total, 11629 us display, type 3
frame 3195: 30148 us total, 11476 us display, type 3
frame 3196: 28925 us total, 11795 us display, type 3
frame 3197: 30267 us total, 11475 us display, type 3
frame 3198: 27899 us total, 11475 us display, type 3
frame 3199: 30160 us total, 11471 us display, type 3
profile (avg of 128 frames, ms): logic+bsp 10.0 wait-fb 0.0 vp-mark 0.9 flats 3.5 columns 11.0 fuzz 0.0
frame 3200: 29828 us total, 11518 us display, type 3
frame 3201: 27627 us total, 11468 us display, type 3
frame 3202: 29923 us total, 11475 us display, type 3
frame 3203: 29586 us total, 11461 us display, type 3
frame 3204: 27124 us total, 11597 us display, type 3
frame 3205: 29527 us total, 11475 us display, type 3
frame 3206: 27844 us total, 11472 us display, type 3
frame 3207: 29859 us total, 11751 us display, type 3
frame 3208: 30422 us total, 11488 us display, type 3
frame 3209: 27701 us total, 11757 us display, type 3
frame 3210: 29505 us total, 11475 us display, type 3
frame 3211: 30515 us total, 11680 us display, type 3
frame 3212: 26814 us total, 11646 us display, type 3
frame 3213: 29682 us total, 11621 us display, type 3
frame 3214: 27586 us total, 11468 us display, type 3
frame 3215: 30137 us total, 11466 us display, type 3
frame 3216: 29879 us total, 11474 us display, type 3
frame 3217: 27565 us total, 11803 us display, type 3
frame 3218: 28887 us total, 11718 us display, type 3
frame 3219: 28390 us total, 11481 us display, type 3
frame 3220: 26203 us total, 11473 us display, type 3
frame 3221: 28927 us total, 11855 us display, type 3
frame 3222: 26351 us total, 11479 us display, type 3
frame 3223: 27728 us total, 11465 us display, type 3
frame 3224: 24625 us total, 11689 us display, type 3
frame 3225: 23518 us total, 11625 us display, type 3
frame 3226: 21486 us total, 11573 us display, type 3
frame 3227: 21809 us total, 11466 us display, type 3
frame 3228: 22504 us total, 11456 us display, type 3
frame 3229: 27791 us total, 11541 us display, type 3
frame 3230: 27228 us total, 11455 us display, type 3
frame 3231: 27704 us total, 11452 us display, type 3
frame 3232: 28143 us total, 11442 us display, type 3
frame 3233: 28761 us total, 11812 us display, type 3
frame 3234: 28241 us total, 11444 us display, type 3
frame 3235: 28666 us total, 11594 us display, type 3
frame 3236: 28361 us total, 11445 us display, type 3
frame 3237: 28526 us total, 11445 us display, type 3
frame 3238: 29077 us total, 11456 us display, type 3
frame 3239: 27891 us total, 11445 us display, type 3
frame 3240: 28953 us total, 11448 us display, type 3
frame 3241: 28029 us total, 11442 us display, type 3
frame 3242: 28803 us total, 11450 us display, type 3
frame 3243: 29618 us total, 11451 us display, type 3
frame 3244: 27283 us total, 11445 us display, type 3
frame 3245: 29432 us total, 11684 us display, type 3
frame 3246: 26620 us total, 11445 us display, type 3
frame 3247: 29051 us total, 11453 us display, type 3
frame 3248: 27682 us total, 11562 us display, type 3
frame 3249: 28173 us total, 11519 us display, type 3
frame 3250: 29187 us total, 11447 us display, type 3
frame 3251: 27057 us total, 11442 us display, type 3
frame 3252: 29323 us total, 11816 us display, type 3
frame 3253: 28358 us total, 11452 us display, type 3
frame 3254: 28641 us total, 11655 us display, type 3
frame 3255: 27191 us total, 11445 us display, type 3
frame 3256: 28459 us total, 11452 us display, type 3
frame 3257: 28759 us total, 11445 us display, type 3
frame 3258: 30141 us total, 11445 us display, type 3
frame 3259: 29723 us total, 11631 us display, type 3
frame 3260: 28465 us total, 11475 us display, type 3
frame 3261: 29096 us total, 11446 us display, type 3
frame 3262: 28023 us total, 11450 us display, type 3
frame 3263: 28756 us total, 11443 us display, type 3
frame 3264: 29693 us total, 11442 us display, type 3
frame 3265: 27604 us total, 11495 us display, type 3
frame 3266: 29166 us total, 11459 us display, type 3
frame 3267: 27979 us total, 11716 us display, type 3
frame 3268: 29118 us total, 11445 us display, type 3
frame 3269: 27562 us total, 11447 us display, type 3
frame 3270: 29148 us total, 11452 us display, type 3
frame 3271: 28855 us total, 11456 us display, type 3
frame 3272: 27789 us total, 11442 us display, type 3
frame 3273: 29988 us total, 11442 us display, type 3
frame 3274: 30229 us total, 11456 us display, type 3
frame 3275: 30909 us total, 11491 us display, type 3
frame 3276: 29108 us total, 11460 us display, type 3
frame 3277: 29082 us total, 11457 us display, type 3
frame 3278: 29263 us total, 11470 us display, type 3
frame 3279: 28213 us total, 11472 us display, type 3
frame 3280: 28865 us total, 11473 us display, type 3
frame 3281: 28958 us total, 11477 us display, type 3
frame 3282: 29000 us total, 11474 us display, type 3
frame 3283: 30792 us total, 11639 us display, type 3
frame 3284: 29293 us total, 11475 us display, type 3
frame 3285: 27364 us total, 11471 us display, type 3
frame 3286: 27362 us total, 11470 us display, type 3
frame 3287: 29346 us total, 11645 us display, type 3
frame 3288: 28899 us total, 11468 us display, type 3
frame 3289: 27934 us total, 11467 us display, type 3
frame 3290: 26943 us total, 11475 us display, type 3
frame 3291: 27859 us total, 11709 us display, type 3
frame 3292: 28405 us total, 11463 us display, type 3
frame 3293: 27804 us total, 11618 us display, type 3
frame 3294: 28457 us total, 11461 us display, type 3
frame 3295: 31712 us total, 11466 us display, type 3
frame 3296: 31845 us total, 11548 us display, type 3
frame 3297: 30939 us total, 11653 us display, type 3
frame 3298: 30384 us total, 11471 us display, type 3
frame 3299: 28860 us total, 11478 us display, type 3
frame 3300: 29820 us total, 11694 us display, type 3
frame 3301: 30002 us total, 11725 us display, type 3
frame 3302: 29069 us total, 11563 us display, type 3
frame 3303: 30430 us total, 11473 us display, type 3
frame 3304: 30109 us total, 11469 us display, type 3
frame 3305: 30502 us total, 11470 us display, type 3
frame 3306: 30432 us total, 11473 us display, type 3
frame 3307: 29845 us total, 11470 us display, type 3
frame 3308: 30536 us total, 11688 us display, type 3
frame 3309: 30360 us total, 11481 us display, type 3
frame 3310: 29896 us total, 11473 us display, type 3
frame 3311: 30264 us total, 11478 us display, type 3
frame 3312: 29806 us total, 11473 us display, type 3
frame 3313: 29680 us total, 11537 us display, type 3
frame 3314: 29991 us total, 11832 us display, type 3
frame 3315: 29082 us total, 11813 us display, type 3
frame 3316: 28468 us total, 11479 us display, type 3
frame 3317: 28746 us total, 11656 us display, type 3
frame 3318: 28429 us total, 11470 us display, type 3
frame 3319: 28845 us total, 11629 us display, type 3
frame 3320: 28240 us total, 11471 us display, type 3
frame 3321: 28942 us total, 11464 us display, type 3
frame 3322: 28442 us total, 11465 us display, type 3
frame 3323: 27797 us total, 11486 us display, type 3
frame 3324: 30792 us total, 11559 us display, type 3
frame 3325: 29180 us total, 11483 us display, type 3
frame 3326: 28045 us total, 11628 us display, type 3
frame 3327: 29450 us total, 11475 us display, type 3
profile (avg of 128 frames, ms): logic+bsp 7.1 wait-fb 0.0 vp-mark 1.0 flats 2.7 columns 9.5 fuzz 0.0
frame 3328: 31469 us total, 11636 us display, type 3
audio: 70 underruns, 46 ms queued
mem @frame 3328: heap free 46600, largest 20992, min ever 45768, zone free 39772, display stack free 4376, uptime 97 s, gamestate 0, demo 1, usergame 0, tic 3361
frame 3329: 28155 us total, 11648 us display, type 3
frame 3330: 29551 us total, 11471 us display, type 3
frame 3331: 29665 us total, 11466 us display, type 3
frame 3332: 29037 us total, 11470 us display, type 3
frame 3333: 31022 us total, 11474 us display, type 3
frame 3334: 30728 us total, 11760 us display, type 3
frame 3335: 31840 us total, 11515 us display, type 3
frame 3336: 32000 us total, 11484 us display, type 3
frame 3337: 32191 us total, 11462 us display, type 3
frame 3338: 31117 us total, 11465 us display, type 3
frame 3339: 32656 us total, 11644 us display, type 3
frame 3340: 32497 us total, 11472 us display, type 3
frame 3341: 31793 us total, 11460 us display, type 3
frame 3342: 32753 us total, 11514 us display, type 3
frame 3343: 33216 us total, 11463 us display, type 3
frame 3344: 32032 us total, 11459 us display, type 3
frame 3345: 34188 us total, 11846 us display, type 3
frame 3346: 34646 us total, 11482 us display, type 3
frame 3347: 36690 us total, 11461 us display, type 3
frame 3348: 33898 us total, 11465 us display, type 3
frame 3349: 36755 us total, 11471 us display, type 3
frame 3350: 37437 us total, 11475 us display, type 3
frame 3351: 36141 us total, 11752 us display, type 3
frame 3352: 34137 us total, 11479 us display, type 3
frame 3353: 32550 us total, 11484 us display, type 3
frame 3354: 33678 us total, 11826 us display, type 3
frame 3355: 31339 us total, 11478 us display, type 3
frame 3356: 30625 us total, 11486 us display, type 3
frame 3357: 31779 us total, 11479 us display, type 3
frame 3358: 32087 us total, 11471 us display, type 3
frame 3359: 31637 us total, 11801 us display, type 3
frame 3360: 32679 us total, 11467 us display, type 3
frame 3361: 32291 us total, 11633 us display, type 3
frame 3362: 29775 us total, 11820 us display, type 3
frame 3363: 26872 us total, 11465 us display, type 3
frame 3364: 27577 us total, 11481 us display, type 3
frame 3365: 27147 us total, 11475 us display, type 3
frame 3366: 28156 us total, 11473 us display, type 3
frame 3367: 27176 us total, 11485 us display, type 3
frame 3368: 29527 us total, 11476 us display, type 3
frame 3369: 29471 us total, 11688 us display, type 3
frame 3370: 29074 us total, 11819 us display, type 3
frame 3371: 29071 us total, 11543 us display, type 3
frame 3372: 28953 us total, 11464 us display, type 3
frame 3373: 28412 us total, 11475 us display, type 3
frame 3374: 30033 us total, 12073 us display, type 3
frame 3375: 28100 us total, 11483 us display, type 3
frame 3376: 29681 us total, 11481 us display, type 3
frame 3377: 29087 us total, 11521 us display, type 3
frame 3378: 28610 us total, 11474 us display, type 3
frame 3379: 29863 us total, 11478 us display, type 3
frame 3380: 29681 us total, 11696 us display, type 3
frame 3381: 28134 us total, 11554 us display, type 3
frame 3382: 29086 us total, 11581 us display, type 3
frame 3383: 27516 us total, 11472 us display, type 3
frame 3384: 28302 us total, 11479 us display, type 3
frame 3385: 27318 us total, 11473 us display, type 3
frame 3386: 26500 us total, 11539 us display, type 3
frame 3387: 27494 us total, 11477 us display, type 3
frame 3388: 27227 us total, 11477 us display, type 3
frame 3389: 28793 us total, 11665 us display, type 3
frame 3390: 27628 us total, 11486 us display, type 3
frame 3391: 27083 us total, 11463 us display, type 3
frame 3392: 29020 us total, 11464 us display, type 3
frame 3393: 27743 us total, 11648 us display, type 3
frame 3394: 30005 us total, 11724 us display, type 3
frame 3395: 29175 us total, 11467 us display, type 3
frame 3396: 28421 us total, 11467 us display, type 3
frame 3397: 29960 us total, 11468 us display, type 3
frame 3398: 30595 us total, 11787 us display, type 3
frame 3399: 28448 us total, 11467 us display, type 3
frame 3400: 29176 us total, 11472 us display, type 3
frame 3401: 27737 us total, 11624 us display, type 3
frame 3402: 28145 us total, 11774 us display, type 3
frame 3403: 28445 us total, 11469 us display, type 3
frame 3404: 27288 us total, 11458 us display, type 3
frame 3405: 27796 us total, 11479 us display, type 3
frame 3406: 30822 us total, 11491 us display, type 3
frame 3407: 30075 us total, 11474 us display, type 3
frame 3408: 29287 us total, 11467 us display, type 3
frame 3409: 27789 us total, 11474 us display, type 3
frame 3410: 30436 us total, 11468 us display, type 3
frame 3411: 29697 us total, 11467 us display, type 3
frame 3412: 27152 us total, 11476 us display, type 3
frame 3413: 29935 us total, 11474 us display, type 3
frame 3414: 29065 us total, 11633 us display, type 3
frame 3415: 29431 us total, 11467 us display, type 3
frame 3416: 30816 us total, 11472 us display, type 3
frame 3417: 29082 us total, 11480 us display, type 3
frame 3418: 31602 us total, 11737 us display, type 3
frame 3419: 30920 us total, 11548 us display, type 3
frame 3420: 29292 us total, 11471 us display, type 3
frame 3421: 29784 us total, 11717 us display, type 3
frame 3422: 29516 us total, 11473 us display, type 3
frame 3423: 29563 us total, 11491 us display, type 3
frame 3424: 29249 us total, 11465 us display, type 3
frame 3425: 29077 us total, 11474 us display, type 3
frame 3426: 27958 us total, 11602 us display, type 3
frame 3427: 28713 us total, 11463 us display, type 3
frame 3428: 28014 us total, 11462 us display, type 3
frame 3429: 27978 us total, 11467 us display, type 3
frame 3430: 28782 us total, 11476 us display, type 3
frame 3431: 28018 us total, 11471 us display, type 3
frame 3432: 28576 us total, 11464 us display, type 3
frame 3433: 28843 us total, 11463 us display, type 3
frame 3434: 28219 us total, 11461 us display, type 3
frame 3435: 28104 us total, 11472 us display, type 3
frame 3436: 26576 us total, 11462 us display, type 3
frame 3437: 27437 us total, 11652 us display, type 3
frame 3438: 27227 us total, 11621 us display, type 3
frame 3439: 27242 us total, 11473 us display, type 3
frame 3440: 28645 us total, 11471 us display, type 3
frame 3441: 27624 us total, 11499 us display, type 3
frame 3442: 32128 us total, 11475 us display, type 3
frame 3443: 28820 us total, 11634 us display, type 3
frame 3444: 27689 us total, 11462 us display, type 3
frame 3445: 29305 us total, 11460 us display, type 3
frame 3446: 27253 us total, 11511 us display, type 3
frame 3447: 29269 us total, 11478 us display, type 3
frame 3448: 28453 us total, 11468 us display, type 3
frame 3449: 28666 us total, 11464 us display, type 3
frame 3450: 30055 us total, 11468 us display, type 3
frame 3451: 28116 us total, 11466 us display, type 3
frame 3452: 28025 us total, 11643 us display, type 3
frame 3453: 28147 us total, 11782 us display, type 3
frame 3454: 26583 us total, 11467 us display, type 3
frame 3455: 29625 us total, 11462 us display, type 3
profile (avg of 128 frames, ms): logic+bsp 8.0 wait-fb 0.0 vp-mark 2.2 flats 4.7 columns 11.5 fuzz 0.1
frame 3456: 27120 us total, 11710 us display, type 3
frame 3457: 29268 us total, 11471 us display, type 3
frame 3458: 29111 us total, 11476 us display, type 3
frame 3459: 27007 us total, 11725 us display, type 3
frame 3460: 29065 us total, 11704 us display, type 3
frame 3461: 27310 us total, 11655 us display, type 3
frame 3462: 28433 us total, 11475 us display, type 3
frame 3463: 30555 us total, 11579 us display, type 3
frame 3464: 25259 us total, 11475 us display, type 3
frame 3465: 29901 us total, 11744 us display, type 3
frame 3466: 28104 us total, 11645 us display, type 3
frame 3467: 29108 us total, 11528 us display, type 3
frame 3468: 29353 us total, 11467 us display, type 3
frame 3469: 27344 us total, 11466 us display, type 3
frame 3470: 30572 us total, 11500 us display, type 3
frame 3471: 29069 us total, 11475 us display, type 3
frame 3472: 28142 us total, 11804 us display, type 3
frame 3473: 28220 us total, 11474 us display, type 3
frame 3474: 27129 us total, 11468 us display, type 3
frame 3475: 30362 us total, 11474 us display, type 3
frame 3476: 28011 us total, 11467 us display, type 3
frame 3477: 28305 us total, 11463 us display, type 3
frame 3478: 30477 us total, 11492 us display, type 3
frame 3479: 34816 us total, 11463 us display, type 3
frame 3480: 28748 us total, 11475 us display, type 3
frame 3481: 30570 us total, 11476 us display, type 3
frame 3482: 30176 us total, 11470 us display, type 3
frame 3483: 29137 us total, 11474 us display, type 3
frame 3484: 30254 us total, 11472 us display, type 3
frame 3485: 29985 us total, 11473 us display, type 3
frame 3486: 29463 us total, 11471 us display, type 3
frame 3487: 32013 us total, 11466 us display, type 3
frame 3488: 30485 us total, 11521 us display, type 3
frame 3489: 29160 us total, 11468 us display, type 3
frame 3490: 30838 us total, 11512 us display, type 3
frame 3491: 29585 us total, 11467 us display, type 3
frame 3492: 31470 us total, 11653 us display, type 3
frame 3493: 31721 us total, 11736 us display, type 3
frame 3494: 32026 us total, 11470 us display, type 3
frame 3495: 29828 us total, 11826 us display, type 3
frame 3496: 30552 us total, 11469 us display, type 3
frame 3497: 29451 us total, 11666 us display, type 3
frame 3498: 30477 us total, 11473 us display, type 3
frame 3499: 30683 us total, 11474 us display, type 3
frame 3500: 28936 us total, 11471 us display, type 3
frame 3501: 30822 us total, 11704 us display, type 3
frame 3502: 31455 us total, 11469 us display, type 3
frame 3503: 29023 us total, 11477 us display, type 3
frame 3504: 31387 us total, 11785 us display, type 3
frame 3505: 30430 us total, 11470 us display, type 3
frame 3506: 30491 us total, 11511 us display, type 3
frame 3507: 30501 us total, 11481 us display, type 3
frame 3508: 29510 us total, 11533 us display, type 3
frame 3509: 30916 us total, 11505 us display, type 3
frame 3510: 28503 us total, 11480 us display, type 3
frame 3511: 28770 us total, 11474 us display, type 3
frame 3512: 28417 us total, 11481 us display, type 3
frame 3513: 28753 us total, 11490 us display, type 3
frame 3514: 28139 us total, 11530 us display, type 3
frame 3515: 28652 us total, 11485 us display, type 3
frame 3516: 28251 us total, 11470 us display, type 3
frame 3517: 29061 us total, 11470 us display, type 3
frame 3518: 28472 us total, 11790 us display, type 3
frame 3519: 27470 us total, 11475 us display, type 3
frame 3520: 28673 us total, 11687 us display, type 3
frame 3521: 29066 us total, 11658 us display, type 3
frame 3522: 28389 us total, 11474 us display, type 3
frame 3523: 29753 us total, 11522 us display, type 3
frame 3524: 29065 us total, 11745 us display, type 3
frame 3525: 30008 us total, 11620 us display, type 3
frame 3526: 29069 us total, 11679 us display, type 3
frame 3527: 29082 us total, 11583 us display, type 3
frame 3528: 28173 us total, 11482 us display, type 3
frame 3529: 28004 us total, 11475 us display, type 3
frame 3530: 27418 us total, 11478 us display, type 3
frame 3531: 28389 us total, 11480 us display, type 3
frame 3532: 27720 us total, 11478 us display, type 3
frame 3533: 29291 us total, 11471 us display, type 3
frame 3534: 27851 us total, 11693 us display, type 3
frame 3535: 28152 us total, 11482 us display, type 3
frame 3536: 29064 us total, 11842 us display, type 3
frame 3537: 28613 us total, 11461 us display, type 3
frame 3538: 28514 us total, 11479 us display, type 3
frame 3539: 28607 us total, 11460 us display, type 3
frame 3540: 27617 us total, 11532 us display, type 3
frame 3541: 30027 us total, 11478 us display, type 3
frame 3542: 29057 us total, 11816 us display, type 3
frame 3543: 28129 us total, 11565 us display, type 3
frame 3544: 28144 us total, 11728 us display, type 3
frame 3545: 28599 us total, 11478 us display, type 3
frame 3546: 28765 us total, 11474 us display, type 3
frame 3547: 28970 us total, 11638 us display, type 3
frame 3548: 29039 us total, 11756 us display, type 3
frame 3549: 29018 us total, 11462 us display, type 3
frame 3550: 28606 us total, 11474 us display, type 3
frame 3551: 29167 us total, 11463 us display, type 3
frame 3552: 27983 us total, 11470 us display, type 3
frame 3553: 28563 us total, 11639 us display, type 3
frame 3554: 28373 us total, 11478 us display, type 3
frame 3555: 29775 us total, 11633 us display, type 3
frame 3556: 28604 us total, 11469 us display, type 3
frame 3557: 30474 us total, 11830 us display, type 3
frame 3558: 28405 us total, 11469 us display, type 3
frame 3559: 27923 us total, 11484 us display, type 3
frame 3560: 29046 us total, 11648 us display, type 3
frame 3561: 28594 us total, 11464 us display, type 3
frame 3562: 28140 us total, 11466 us display, type 3
frame 3563: 27892 us total, 11471 us display, type 3
frame 3564: 27383 us total, 11472 us display, type 3
frame 3565: 29475 us total, 11835 us display, type 3
frame 3566: 27285 us total, 11482 us display, type 3
frame 3567: 28073 us total, 11616 us display, type 3
frame 3568: 27602 us total, 11479 us display, type 3
frame 3569: 26586 us total, 11470 us display, type 3
frame 3570: 30456 us total, 11478 us display, type 3
frame 3571: 26989 us total, 11478 us display, type 3
frame 3572: 27626 us total, 11480 us display, type 3
frame 3573: 29015 us total, 11473 us display, type 3
frame 3574: 26733 us total, 11482 us display, type 3
frame 3575: 29027 us total, 11680 us display, type 3
frame 3576: 26464 us total, 11479 us display, type 3
frame 3577: 30118 us total, 11471 us display, type 3
frame 3578: 29399 us total, 11460 us display, type 3
frame 3579: 26864 us total, 11470 us display, type 3
frame 3580: 29182 us total, 11482 us display, type 3
frame 3581: 30433 us total, 11603 us display, type 3
frame 3582: 27522 us total, 11480 us display, type 3
frame 3583: 28766 us total, 11661 us display, type 3
profile (avg of 128 frames, ms): logic+bsp 8.0 wait-fb 0.0 vp-mark 2.0 flats 4.1 columns 11.5 fuzz 0.0
frame 3584: 29071 us total, 11747 us display, type 3
audio: 70 underruns, 69 ms queued
mem @frame 3584: heap free 46600, largest 20992, min ever 45768, zone free 39772, display stack free 4376, uptime 105 s, gamestate 0, demo 1, usergame 0, tic 3624
frame 3585: 30441 us total, 11468 us display, type 3
frame 3586: 30485 us total, 11834 us display, type 3
frame 3587: 28150 us total, 11563 us display, type 3
frame 3588: 30000 us total, 11673 us display, type 3
frame 3589: 29162 us total, 11475 us display, type 3
frame 3590: 28605 us total, 11666 us display, type 3
frame 3591: 29449 us total, 11648 us display, type 3
frame 3592: 28305 us total, 11478 us display, type 3
frame 3593: 29111 us total, 11480 us display, type 3
frame 3594: 28381 us total, 11462 us display, type 3
frame 3595: 27919 us total, 11471 us display, type 3
frame 3596: 28705 us total, 11541 us display, type 3
frame 3597: 28285 us total, 11477 us display, type 3
frame 3598: 27997 us total, 11674 us display, type 3
frame 3599: 28186 us total, 11470 us display, type 3
frame 3600: 27392 us total, 11484 us display, type 3
frame 3601: 27416 us total, 11478 us display, type 3
frame 3602: 26623 us total, 11585 us display, type 3
frame 3603: 26306 us total, 11552 us display, type 3
frame 3604: 27726 us total, 11484 us display, type 3
frame 3605: 28183 us total, 11649 us display, type 3
frame 3606: 27506 us total, 11464 us display, type 3
frame 3607: 26611 us total, 11467 us display, type 3
frame 3608: 28274 us total, 11476 us display, type 3
frame 3609: 27775 us total, 11466 us display, type 3
frame 3610: 28172 us total, 11460 us display, type 3
frame 3611: 28778 us total, 11457 us display, type 3
frame 3612: 27421 us total, 11465 us display, type 3
frame 3613: 27890 us total, 11449 us display, type 3
frame 3614: 28832 us total, 11450 us display, type 3
frame 3615: 26649 us total, 11461 us display, type 3
frame 3616: 28359 us total, 11444 us display, type 3
frame 3617: 28036 us total, 11451 us display, type 3
frame 3618: 26021 us total, 11445 us display, type 3
frame 3619: 28265 us total, 11454 us display, type 3
frame 3620: 27996 us total, 11449 us display, type 3
frame 3621: 29656 us total, 11442 us display, type 3
frame 3622: 28400 us total, 11803 us display, type 3
frame 3623: 26302 us total, 11510 us display, type 3
frame 3624: 30925 us total, 11533 us display, type 3
frame 3625: 26246 us total, 11443 us display, type 3
frame 3626: 30964 us total, 11457 us display, type 3
frame 3627: 29003 us total, 11598 us display, type 3
frame 3628: 26204 us total, 11508 us display, type 3
frame 3629: 34137 us total, 11457 us display, type 3
frame 3630: 29742 us total, 11461 us display, type 3
frame 3631: 30440 us total, 11471 us display, type 3
frame 3632: 32889 us total, 11477 us display, type 3
frame 3633: 37256 us total, 11479 us display, type 3
frame 3634: 34798 us total, 11466 us display, type 3
frame 3635: 38931 us total, 11464 us display, type 3
frame 3636: 38692 us total, 11468 us display, type 3
frame 3637: 42007 us total, 11697 us display, type 3
frame 3638: 37599 us total, 11472 us display, type 3
frame 3639: 37402 us total, 11528 us display, type 3
frame 3640: 35541 us total, 11479 us display, type 3
frame 3641: 37606 us total, 11699 us display, type 3
frame 3642: 36939 us total, 11478 us display, type 3
frame 3643: 40841 us total, 11760 us display, type 3
frame 3644: 37332 us total, 11464 us display, type 3
frame 3645: 35223 us total, 11471 us display, type 3
frame 3646: 39002 us total, 11460 us display, type 3
frame 3647: 37722 us total, 11475 us display, type 3
frame 3648: 37554 us total, 11476 us display, type 3
frame 3649: 42855 us total, 11485 us display, type 3
frame 3650: 38893 us total, 11472 us display, type 3
frame 3651: 36122 us total, 11488 us display, type 3
frame 3652: 40647 us total, 11475 us display, type 3
frame 3653: 37994 us total, 11469 us display, type 3
frame 3654: 39531 us total, 11488 us display, type 3
frame 3655: 42352 us total, 11470 us display, type 3
frame 3656: 39465 us total, 11496 us display, type 3
frame 3657: 37152 us total, 11519 us display, type 3
frame 3658: 39440 us total, 11582 us display, type 3
frame 3659: 39378 us total, 11780 us display, type 3
frame 3660: 43030 us total, 11543 us display, type 3
frame 3661: 41517 us total, 11473 us display, type 3
frame 3662: 43218 us total, 11478 us display, type 3
frame 3663: 43328 us total, 11488 us display, type 3
frame 3664: 44280 us total, 11660 us display, type 3
frame 3665: 42509 us total, 11474 us display, type 3
frame 3666: 44230 us total, 11476 us display, type 3
frame 3667: 42893 us total, 11816 us display, type 3
frame 3668: 43038 us total, 11776 us display, type 3
frame 3669: 42220 us total, 11524 us display, type 3
frame 3670: 43386 us total, 11466 us display, type 3
frame 3671: 42225 us total, 11467 us display, type 3
frame 3672: 44246 us total, 11641 us display, type 3
frame 3673: 40544 us total, 11475 us display, type 3
frame 3674: 42474 us total, 11474 us display, type 3
frame 3675: 40274 us total, 11589 us display, type 3
frame 3676: 41968 us total, 11673 us display, type 3
frame 3677: 40050 us total, 11479 us display, type 3
frame 3678: 38905 us total, 11588 us display, type 3
frame 3679: 40698 us total, 11640 us display, type 3
frame 3680: 40131 us total, 11801 us display, type 3
frame 3681: 41023 us total, 11817 us display, type 3
frame 3682: 39640 us total, 11474 us display, type 3
frame 3683: 40359 us total, 11481 us display, type 3
frame 3684: 39129 us total, 11474 us display, type 3
frame 3685: 40095 us total, 11670 us display, type 3
frame 3686: 38559 us total, 11667 us display, type 3
frame 3687: 39440 us total, 11708 us display, type 3
frame 3688: 38738 us total, 11476 us display, type 3
frame 3689: 39996 us total, 11476 us display, type 3
frame 3690: 38986 us total, 11480 us display, type 3
frame 3691: 39443 us total, 11475 us display, type 3
frame 3692: 36912 us total, 11669 us display, type 3
frame 3693: 39799 us total, 11468 us display, type 3
frame 3694: 39088 us total, 11464 us display, type 3
frame 3695: 37405 us total, 11771 us display, type 3
frame 3696: 36883 us total, 11469 us display, type 3
frame 3697: 37187 us total, 11473 us display, type 3
frame 3698: 34850 us total, 11472 us display, type 3
frame 3699: 35472 us total, 11472 us display, type 3
frame 3700: 35726 us total, 11473 us display, type 3
frame 3701: 36652 us total, 11477 us display, type 3
frame 3702: 35331 us total, 11462 us display, type 3
frame 3703: 35680 us total, 11536 us display, type 3
frame 3704: 36679 us total, 11480 us display, type 3
frame 3705: 37494 us total, 11466 us display, type 3
frame 3706: 37708 us total, 11466 us display, type 3
frame 3707: 36264 us total, 11703 us display, type 3
frame 3708: 41754 us total, 11467 us display, type 3
frame 3709: 41776 us total, 11474 us display, type 3
frame 3710: 44111 us total, 11479 us display, type 3
frame 3711: 38788 us total, 11474 us display, type 3
profile (avg of 128 frames, ms): logic+bsp 9.6 wait-fb 0.0 vp-mark 1.4 flats 4.0 columns 13.3 fuzz 0.0
frame 3712: 36433 us total, 11476 us display, type 3
frame 3713: 34988 us total, 11474 us display, type 3
frame 3714: 35858 us total, 11695 us display, type 3
frame 3715: 36010 us total, 11473 us display, type 3
frame 3716: 36421 us total, 11476 us display, type 3
frame 3717: 37197 us total, 11766 us display, type 3
frame 3718: 35153 us total, 11485 us display, type 3
frame 3719: 36523 us total, 11470 us display, type 3
frame 3720: 36820 us total, 11478 us display, type 3
frame 3721: 35306 us total, 11478 us display, type 3
frame 3722: 35272 us total, 11731 us display, type 3
frame 3723: 34960 us total, 11468 us display, type 3
frame 3724: 33630 us total, 11479 us display, type 3
frame 3725: 40289 us total, 11470 us display, type 3
frame 3726: 33733 us total, 11654 us display, type 3
frame 3727: 31831 us total, 11699 us display, type 3
frame 3728: 33930 us total, 11477 us display, type 3
frame 3729: 35510 us total, 11469 us display, type 3
frame 3730: 30723 us total, 11467 us display, type 3
frame 3731: 34838 us total, 11661 us display, type 3
frame 3732: 34636 us total, 11620 us display, type 3
frame 3733: 34576 us total, 11478 us display, type 3
frame 3734: 33391 us total, 11476 us display, type 3
frame 3735: 33324 us total, 11538 us display, type 3
frame 3736: 33093 us total, 11470 us display, type 3
frame 3737: 31531 us total, 11793 us display, type 3
frame 3738: 34321 us total, 11466 us display, type 3
frame 3739: 32392 us total, 11480 us display, type 3
frame 3740: 34044 us total, 11474 us display, type 3
frame 3741: 33317 us total, 11603 us display, type 3
frame 3742: 34042 us total, 11477 us display, type 3
frame 3743: 32912 us total, 11478 us display, type 3
frame 3744: 30853 us total, 11482 us display, type 3
frame 3745: 34712 us total, 11472 us display, type 3
frame 3746: 33853 us total, 11490 us display, type 3
frame 3747: 35028 us total, 11472 us display, type 3
frame 3748: 31190 us total, 11645 us display, type 3
frame 3749: 32779 us total, 11479 us display, type 3
frame 3750: 32791 us total, 11546 us display, type 3
frame 3751: 30915 us total, 11771 us display, type 3
frame 3752: 31934 us total, 11481 us display, type 3
frame 3753: 31156 us total, 11494 us display, type 3
frame 3754: 31919 us total, 11475 us display, type 3
frame 3755: 31762 us total, 11474 us display, type 3
frame 3756: 31878 us total, 11475 us display, type 3
frame 3757: 34876 us total, 11474 us display, type 3
frame 3758: 31010 us total, 11471 us display, type 3
frame 3759: 34171 us total, 11774 us display, type 3
frame 3760: 33029 us total, 11485 us display, type 3
frame 3761: 31786 us total, 11833 us display, type 3
frame 3762: 32891 us total, 11472 us display, type 3
frame 3763: 34032 us total, 11468 us display, type 3
frame 3764: 34598 us total, 11465 us display, type 3
frame 3765: 30853 us total, 11476 us display, type 3
frame 3766: 35744 us total, 11480 us display, type 3
frame 3767: 35315 us total, 11488 us display, type 3
frame 3768: 30836 us total, 11486 us display, type 3
frame 3769: 33962 us total, 11473 us display, type 3
frame 3770: 35510 us total, 11478 us display, type 3
frame 3771: 38319 us total, 11483 us display, type 3
frame 3772: 41283 us total, 11827 us display, type 3
frame 3773: 38270 us total, 11687 us display, type 3
frame 3774: 39758 us total, 11481 us display, type 3
frame 3775: 39727 us total, 11468 us display, type 3
frame 3776: 39355 us total, 11485 us display, type 3
frame 3777: 40183 us total, 11481 us display, type 3
frame 3778: 39930 us total, 11830 us display, type 3
frame 3779: 35677 us total, 11782 us display, type 3
frame 3780: 39609 us total, 11474 us display, type 3
frame 3781: 39144 us total, 11534 us display, type 3
frame 3782: 39265 us total, 11763 us display, type 3
frame 3783: 38607 us total, 11474 us display, type 3
frame 3784: 36794 us total, 11472 us display, type 3
frame 3785: 34687 us total, 11473 us display, type 3
frame 3786: 36508 us total, 11479 us display, type 3
frame 3787: 35509 us total, 11801 us display, type 3
frame 3788: 34636 us total, 11671 us display, type 3
frame 3789: 32046 us total, 11489 us display, type 3
frame 3790: 34607 us total, 11474 us display, type 3
frame 3791: 35239 us total, 11473 us display, type 3
frame 3792: 29817 us total, 11472 us display, type 3
frame 3793: 27889 us total, 11478 us display, type 3
frame 3794: 31388 us total, 11463 us display, type 3
frame 3795: 28346 us total, 11486 us display, type 3
frame 3796: 31368 us total, 11469 us display, type 3
frame 3797: 30996 us total, 11475 us display, type 3
frame 3798: 30354 us total, 11477 us display, type 3
frame 3799: 32873 us total, 11752 us display, type 3
frame 3800: 32778 us total, 11674 us display, type 3
frame 3801: 33758 us total, 11477 us display, type 3
frame 3802: 29967 us total, 11473 us display, type 3
frame 3803: 31838 us total, 11523 us display, type 3
frame 3804: 30541 us total, 11468 us display, type 3
frame 3805: 29957 us total, 11472 us display, type 3
frame 3806: 30472 us total, 11478 us display, type 3
frame 3807: 31541 us total, 11466 us display, type 3
frame 3808: 29994 us total, 11473 us display, type 3
frame 3809: 31324 us total, 11471 us display, type 3
frame 3810: 31901 us total, 11489 us display, type 3
frame 3811: 30928 us total, 11710 us display, type 3
frame 3812: 33910 us total, 11476 us display, type 3
frame 3813: 32698 us total, 11468 us display, type 3
frame 3814: 30841 us total, 11470 us display, type 3
frame 3815: 31370 us total, 11466 us display, type 3
frame 3816: 31954 us total, 11469 us display, type 3
frame 3817: 30153 us total, 11462 us display, type 3
frame 3818: 30742 us total, 11462 us display, type 3
frame 3819: 29964 us total, 11460 us display, type 3
frame 3820: 29662 us total, 11470 us display, type 3
frame 3821: 27972 us total, 11762 us display, type 3
frame 3822: 28147 us total, 11715 us display, type 3
frame 3823: 26553 us total, 11464 us display, type 3
frame 3824: 27886 us total, 11521 us display, type 3
frame 3825: 25947 us total, 11464 us display, type 3
frame 3826: 26703 us total, 11472 us display, type 3
frame 3827: 26157 us total, 11468 us display, type 3
frame 3828: 28049 us total, 11487 us display, type 3
frame 3829: 29149 us total, 11467 us display, type 3
frame 3830: 28081 us total, 11473 us display, type 3
frame 3831: 29056 us total, 11838 us display, type 3
frame 3832: 26952 us total, 11458 us display, type 3
frame 3833: 27823 us total, 11474 us display, type 3
frame 3834: 26894 us total, 11466 us display, type 3
frame 3835: 26121 us total, 11521 us display, type 3
frame 3836: 27779 us total, 11645 us display, type 3
frame 3837: 27419 us total, 11472 us display, type 3
frame 3838: 28231 us total, 11466 us display, type 3
frame 3839: 28246 us total, 11480 us display, type 3
profile (avg of 128 frames, ms): logic+bsp 10.2 wait-fb 0.0 vp-mark 1.5 flats 4.5 columns 12.2 fuzz 0.1
frame 3840: 27949 us total, 11494 us display, type 3
audio: 70 underruns, 81 ms queued
mem @frame 3840: heap free 46600, largest 20992, min ever 45768, zone free 40628, display stack free 4376, uptime 113 s, gamestate 0, demo 1, usergame 0, tic 3929
frame 3841: 29452 us total, 11466 us display, type 3
frame 3842: 26847 us total, 11694 us display, type 3
frame 3843: 27218 us total, 11789 us display, type 3
frame 3844: 27373 us total, 11465 us display, type 3
frame 3845: 24481 us total, 11465 us display, type 3
frame 3846: 28680 us total, 11474 us display, type 3
frame 3847: 28281 us total, 11469 us display, type 3
frame 3848: 29381 us total, 11477 us display, type 3
frame 3849: 28250 us total, 11476 us display, type 3
frame 3850: 27961 us total, 11643 us display, type 3
frame 3851: 29915 us total, 11645 us display, type 3
frame 3852: 27718 us total, 11463 us display, type 3
frame 3853: 29507 us total, 11471 us display, type 3
frame 3854: 28715 us total, 11470 us display, type 3
frame 3855: 27335 us total, 11481 us display, type 3
frame 3856: 29009 us total, 11482 us display, type 3
frame 3857: 28401 us total, 11474 us display, type 3
frame 3858: 28239 us total, 11461 us display, type 3
frame 3859: 29533 us total, 11631 us display, type 3
frame 3860: 28525 us total, 11467 us display, type 3
frame 3861: 29212 us total, 11478 us display, type 3
frame 3862: 29614 us total, 11476 us display, type 3
frame 3863: 27018 us total, 11465 us display, type 3
frame 3864: 29930 us total, 11464 us display, type 3
frame 3865: 28136 us total, 11468 us display, type 3
frame 3866: 27610 us total, 11470 us display, type 3
frame 3867: 28633 us total, 11723 us display, type 3
frame 3868: 27464 us total, 11473 us display, type 3
frame 3869: 28826 us total, 11588 us display, type 3
frame 3870: 28175 us total, 11795 us display, type 3
frame 3871: 26739 us total, 11459 us display, type 3
frame 3872: 28401 us total, 11467 us display, type 3
frame 3873: 27267 us total, 11632 us display, type 3
frame 3874: 29529 us total, 11477 us display, type 3
frame 3875: 27731 us total, 11472 us display, type 3
frame 3876: 27999 us total, 11650 us display, type 3
frame 3877: 28516 us total, 11470 us display, type 3
frame 3878: 27788 us total, 11457 us display, type 3
frame 3879: 29605 us total, 11607 us display, type 3
frame 3880: 28669 us total, 11461 us display, type 3
frame 3881: 28196 us total, 11462 us display, type 3
frame 3882: 29420 us total, 11470 us display, type 3
frame 3883: 28095 us total, 11459 us display, type 3
frame 3884: 29453 us total, 11561 us display, type 3
frame 3885: 28667 us total, 11465 us display, type 3
frame 3886: 28601 us total, 11465 us display, type 3
frame 3887: 29148 us total, 11466 us display, type 3
frame 3888: 29032 us total, 11478 us display, type 3
frame 3889: 28039 us total, 11514 us display, type 3
frame 3890: 29541 us total, 11481 us display, type 3
frame 3891: 28630 us total, 11683 us display, type 3
frame 3892: 29426 us total, 11639 us display, type 3
frame 3893: 30581 us total, 11805 us display, type 3
frame 3894: 27093 us total, 11466 us display, type 3
frame 3895: 30357 us total, 11478 us display, type 3
frame 3896: 29394 us total, 11470 us display, type 3
frame 3897: 27728 us total, 11481 us display, type 3
frame 3898: 29014 us total, 11480 us display, type 3
frame 3899: 27125 us total, 11481 us display, type 3
frame 3900: 30953 us total, 11468 us display, type 3
frame 3901: 29838 us total, 11710 us display, type 3
frame 3902: 28139 us total, 11809 us display, type 3
frame 3903: 28282 us total, 11477 us display, type 3
frame 3904: 29865 us total, 11601 us display, type 3
frame 3905: 27552 us total, 11468 us display, type 3
frame 3906: 29685 us total, 11472 us display, type 3
frame 3907: 29158 us total, 11653 us display, type 3
frame 3908: 28975 us total, 11480 us display, type 3
frame 3909: 28981 us total, 11465 us display, type 3
frame 3910: 27695 us total, 11469 us display, type 3
frame 3911: 29714 us total, 11818 us display, type 3
frame 3912: 28872 us total, 11485 us display, type 3
frame 3913: 28078 us total, 11694 us display, type 3
frame 3914: 29491 us total, 11481 us display, type 3
frame 3915: 27340 us total, 11467 us display, type 3
frame 3916: 30389 us total, 11848 us display, type 3
frame 3917: 29430 us total, 11482 us display, type 3
frame 3918: 27855 us total, 11477 us display, type 3
frame 3919: 29102 us total, 11468 us display, type 3
frame 3920: 28052 us total, 11820 us display, type 3
frame 3921: 29129 us total, 11462 us display, type 3
frame 3922: 29373 us total, 11468 us display, type 3
frame 3923: 27620 us total, 11806 us display, type 3
frame 3924: 29050 us total, 11506 us display, type 3
frame 3925: 29087 us total, 11820 us display, type 3
frame 3926: 27319 us total, 11473 us display, type 3
frame 3927: 27473 us total, 11486 us display, type 3
frame 3928: 26921 us total, 11646 us display, type 3
frame 3929: 27555 us total, 11463 us display, type 3
frame 3930: 24098 us total, 11471 us display, type 3
frame 3931: 29310 us total, 11460 us display, type 3
frame 3932: 29553 us total, 11783 us display, type 3
frame 3933: 25345 us total, 11574 us display, type 3
frame 3934: 30942 us total, 11636 us display, type 3
frame 3935: 30366 us total, 11471 us display, type 3
frame 3936: 25276 us total, 11463 us display, type 3
frame 3937: 29824 us total, 11476 us display, type 3
frame 3938: 24101 us total, 11515 us display, type 3
frame 3939: 30125 us total, 11470 us display, type 3
frame 3940: 25331 us total, 11457 us display, type 3
frame 3941: 29972 us total, 11465 us display, type 3
frame 3942: 28130 us total, 11673 us display, type 3
frame 3943: 23375 us total, 11449 us display, type 3
frame 3944: 29392 us total, 11442 us display, type 3
frame 3945: 24877 us total, 11559 us display, type 3
frame 3946: 32327 us total, 11443 us display, type 3
frame 3947: 29911 us total, 11459 us display, type 3
frame 3948: 29243 us total, 11463 us display, type 3
frame 3949: 31920 us total, 11459 us display, type 3
frame 3950: 30917 us total, 11467 us display, type 3
frame 3951: 28208 us total, 11461 us display, type 3
frame 3952: 29507 us total, 11484 us display, type 3
frame 3953: 29055 us total, 11847 us display, type 3
frame 3954: 27203 us total, 11649 us display, type 3
frame 3955: 29437 us total, 11635 us display, type 3
frame 3956: 28717 us total, 11764 us display, type 3
frame 3957: 29098 us total, 11465 us display, type 3
frame 3958: 28951 us total, 11480 us display, type 3
frame 3959: 25740 us total, 11459 us display, type 3
frame 3960: 28076 us total, 11464 us display, type 3
frame 3961: 26927 us total, 11464 us display, type 3
frame 3962: 29485 us total, 11464 us display, type 3
frame 3963: 28656 us total, 11461 us display, type 3
frame 3964: 27348 us total, 11463 us display, type 3
frame 3965: 28649 us total, 11463 us display, type 3
frame 3966: 27247 us total, 11793 us display, type 3
frame 3967: 29465 us total, 11466 us display, type 3
profile (avg of 128 frames, ms): logic+bsp 8.2 wait-fb 0.0 vp-mark 1.0 flats 2.2 columns 9.6 fuzz 0.0
frame 3968: 28931 us total, 11458 us display, type 3
frame 3969: 27120 us total, 11455 us display, type 3
frame 3970: 29444 us total, 11456 us display, type 3
frame 3971: 29066 us total, 11464 us display, type 3
frame 3972: 27804 us total, 11468 us display, type 3
frame 3973: 29485 us total, 11597 us display, type 3
frame 3974: 27859 us total, 11461 us display, type 3
frame 3975: 29026 us total, 11465 us display, type 3
frame 3976: 29054 us total, 11457 us display, type 3
frame 3977: 25872 us total, 11737 us display, type 3
frame 3978: 27143 us total, 11477 us display, type 3
frame 3979: 26553 us total, 11451 us display, type 3
frame 3980: 29210 us total, 11455 us display, type 3
frame 3981: 29299 us total, 11443 us display, type 3
frame 3982: 26638 us total, 11442 us display, type 3
frame 3983: 29619 us total, 11450 us display, type 3
frame 3984: 28423 us total, 11771 us display, type 3
frame 3985: 28411 us total, 11443 us display, type 3
frame 3986: 29719 us total, 11543 us display, type 3
frame 3987: 26388 us total, 11443 us display, type 3
frame 3988: 30336 us total, 11451 us display, type 3
frame 3989: 27773 us total, 11443 us display, type 3
frame 3990: 27935 us total, 11648 us display, type 3
frame 3991: 30360 us total, 11445 us display, type 3
frame 3992: 26552 us total, 11442 us display, type 3
frame 3993: 29819 us total, 11456 us display, type 3
frame 3994: 28969 us total, 11449 us display, type 3
frame 3995: 26871 us total, 11677 us display, type 3
frame 3996: 29609 us total, 11443 us display, type 3
frame 3997: 27524 us total, 11478 us display, type 3
frame 3998: 29998 us total, 11502 us display, type 3
frame 3999: 27330 us total, 11442 us display, type 3
frame 4000: 28340 us total, 11445 us display, type 3
frame 4001: 28723 us total, 11492 us display, type 3
frame 4002: 28288 us total, 11449 us display, type 3
frame 4003: 28153 us total, 11812 us display, type 3
frame 4004: 28928 us total, 11450 us display, type 3
frame 4005: 28120 us total, 11470 us display, type 3
frame 4006: 29444 us total, 11446 us display, type 3
frame 4007: 28780 us total, 11449 us display, type 3
frame 4008: 27391 us total, 11443 us display, type 3
frame 4009: 29642 us total, 11443 us display, type 3
frame 4010: 27171 us total, 11601 us display, type 3
frame 4011: 29732 us total, 11445 us display, type 3
frame 4012: 29319 us total, 11654 us display, type 3
frame 4013: 26671 us total, 11449 us display, type 3
frame 4014: 30104 us total, 11442 us display, type 3
frame 4015: 26787 us total, 11450 us display, type 3
frame 4016: 30109 us total, 11444 us display, type 3
frame 4017: 27941 us total, 11477 us display, type 3
frame 4018: 28534 us total, 11443 us display, type 3
frame 4019: 29546 us total, 11443 us display, type 3
frame 4020: 27599 us total, 11443 us display, type 3
frame 4021: 28916 us total, 11445 us display, type 3
frame 4022: 28982 us total, 11454 us display, type 3
frame 4023: 27574 us total, 11442 us display, type 3
frame 4024: 29411 us total, 11449 us display, type 3
frame 4025: 27380 us total, 11450 us display, type 3
frame 4026: 29895 us total, 11672 us display, type 3
frame 4027: 28120 us total, 11511 us display, type 3
frame 4028: 28661 us total, 11450 us display, type 3
frame 4029: 28420 us total, 11554 us display, type 3
frame 4030: 28611 us total, 11443 us display, type 3
frame 4031: 27757 us total, 11445 us display, type 3
frame 4032: 29548 us total, 11450 us display, type 3
frame 4033: 28946 us total, 11457 us display, type 3
frame 4034: 27772 us total, 11442 us display, type 3
frame 4035: 28279 us total, 11449 us display, type 3
frame 4036: 29184 us total, 11443 us display, type 3
frame 4037: 29697 us total, 11623 us display, type 3
frame 4038: 28123 us total, 11509 us display, type 3
frame 4039: 28058 us total, 11568 us display, type 3
frame 4040: 30009 us total, 11551 us display, type 3
frame 4041: 26658 us total, 11443 us display, type 3
frame 4042: 31413 us total, 11552 us display, type 3
frame 4043: 27251 us total, 11527 us display, type 3
frame 4044: 27664 us total, 11450 us display, type 3
frame 4045: 29318 us total, 11442 us display, type 3
frame 4046: 29429 us total, 11448 us display, type 3
frame 4047: 27081 us total, 11766 us display, type 3
frame 4048: 29997 us total, 11692 us display, type 3
frame 4049: 26831 us total, 11443 us display, type 3
frame 4050: 29803 us total, 11443 us display, type 3
frame 4051: 29219 us total, 11443 us display, type 3
frame 4052: 25931 us total, 11452 us display, type 3
frame 4053: 30738 us total, 11446 us display, type 3
frame 4054: 29628 us total, 11458 us display, type 3
frame 4055: 25062 us total, 11456 us display, type 3
frame 4056: 31328 us total, 11442 us display, type 3
frame 4057: 26471 us total, 11653 us display, type 3
frame 4058: 30204 us total, 11457 us display, type 3
frame 4059: 28205 us total, 11443 us display, type 3
frame 4060: 27077 us total, 11443 us display, type 3
frame 4061: 30967 us total, 11443 us display, type 3
frame 4062: 26395 us total, 11443 us display, type 3
frame 4063: 29556 us total, 11464 us display, type 3
frame 4064: 28257 us total, 11446 us display, type 3
frame 4065: 27666 us total, 11442 us display, type 3
frame 4066: 30038 us total, 11442 us display, type 3
frame 4067: 29325 us total, 11442 us display, type 3
frame 4068: 27608 us total, 11443 us display, type 3
frame 4069: 29690 us total, 11506 us display, type 3
frame 4070: 27294 us total, 11450 us display, type 3
frame 4071: 29173 us total, 11442 us display, type 3
frame 4072: 28731 us total, 11539 us display, type 3
frame 4073: 30002 us total, 11455 us display, type 3
frame 4074: 30087 us total, 11456 us display, type 3
frame 4075: 29993 us total, 11454 us display, type 3
frame 4076: 28076 us total, 11600 us display, type 3
frame 4077: 29449 us total, 11466 us display, type 3
frame 4078: 28078 us total, 11459 us display, type 3
frame 4079: 29837 us total, 11489 us display, type 3
frame 4080: 28416 us total, 11460 us display, type 3
frame 4081: 28351 us total, 11451 us display, type 3
frame 4082: 29901 us total, 11467 us display, type 3
frame 4083: 27969 us total, 11459 us display, type 3
frame 4084: 30539 us total, 11474 us display, type 3
frame 4085: 28106 us total, 11610 us display, type 3
frame 4086: 28259 us total, 11460 us display, type 3
frame 4087: 29102 us total, 11468 us display, type 3
frame 4088: 29048 us total, 11471 us display, type 3
frame 4089: 28056 us total, 11751 us display, type 3
frame 4090: 27258 us total, 11534 us display, type 3
frame 4091: 25311 us total, 11462 us display, type 3
frame 4092: 27004 us total, 11555 us display, type 3
frame 4093: 28605 us total, 11443 us display, type 3
frame 4094: 26398 us total, 11449 us display, type 3
frame 4095: 29137 us total, 11450 us display, type 3
profile (avg of 128 frames, ms): logic+bsp 2.9 wait-fb 0.0 vp-mark 0.2 flats 0.7 columns 9.0 fuzz 0.0
frame 4096: 28695 us total, 11446 us display, type 3
audio: 70 underruns, 23 ms queued
mem @frame 4096: heap free 46600, largest 20992, min ever 45768, zone free 40980, display stack free 4376, uptime 121 s, gamestate 0, demo 1, usergame 0, tic 4184
frame 4097: 27066 us total, 11448 us display, type 3
frame 4098: 28511 us total, 11442 us display, type 3
frame 4099: 27961 us total, 11443 us display, type 3
frame 4100: 28722 us total, 11512 us display, type 3
frame 4101: 28021 us total, 11643 us display, type 3
frame 4102: 29627 us total, 11451 us display, type 3
frame 4103: 33690 us total, 11455 us display, type 3
frame 4104: 28664 us total, 11782 us display, type 3
frame 4105: 29053 us total, 11737 us display, type 3
frame 4106: 29279 us total, 11455 us display, type 3
frame 4107: 27229 us total, 11455 us display, type 3
frame 4108: 29280 us total, 11465 us display, type 3
frame 4109: 27690 us total, 11682 us display, type 3
frame 4110: 29392 us total, 11463 us display, type 3
frame 4111: 29625 us total, 11454 us display, type 3
frame 4112: 27846 us total, 11454 us display, type 3
frame 4113: 28731 us total, 11472 us display, type 3
frame 4114: 29679 us total, 11720 us display, type 3
frame 4115: 26270 us total, 11549 us display, type 3
frame 4116: 29982 us total, 11700 us display, type 3
frame 4117: 27737 us total, 11461 us display, type 3
frame 4118: 28908 us total, 11452 us display, type 3
frame 4119: 30974 us total, 11469 us display, type 3
frame 4120: 27978 us total, 11474 us display, type 3
frame 4121: 31027 us total, 11473 us display, type 3
frame 4122: 34353 us total, 11667 us display, type 3
frame 4123: 32173 us total, 11468 us display, type 3
frame 4124: 36580 us total, 11638 us display, type 3
frame 4125: 34862 us total, 11482 us display, type 3
frame 4126: 36515 us total, 11477 us display, type 3
frame 4127: 32964 us total, 11479 us display, type 3
frame 4128: 36901 us total, 11763 us display, type 3
frame 4129: 33012 us total, 11482 us display, type 3
frame 4130: 34572 us total, 11590 us display, type 3
frame 4131: 32783 us total, 11731 us display, type 3
frame 4132: 31862 us total, 11687 us display, type 3
frame 4133: 35923 us total, 11478 us display, type 3
frame 4134: 34853 us total, 11487 us display, type 3
frame 4135: 35174 us total, 11474 us display, type 3
frame 4136: 34611 us total, 11808 us display, type 3
frame 4137: 34912 us total, 11493 us display, type 3
frame 4138: 36371 us total, 11838 us display, type 3
frame 4139: 31936 us total, 11478 us display, type 3
frame 4140: 33595 us total, 11482 us display, type 3
frame 4141: 34398 us total, 11655 us display, type 3
frame 4142: 30913 us total, 11491 us display, type 3
frame 4143: 34544 us total, 11467 us display, type 3
frame 4144: 36254 us total, 11484 us display, type 3
frame 4145: 34654 us total, 11596 us display, type 3
frame 4146: 32180 us total, 11466 us display, type 3
frame 4147: 34333 us total, 11486 us display, type 3
frame 4148: 34741 us total, 11476 us display, type 3
frame 4149: 32514 us total, 11677 us display, type 3
frame 4150: 28877 us total, 11491 us display, type 3
frame 4151: 33285 us total, 11835 us display, type 3
frame 4152: 32788 us total, 11606 us display, type 3
frame 4153: 30121 us total, 11484 us display, type 3
frame 4154: 32661 us total, 11716 us display, type 3
frame 4155: 33587 us total, 11480 us display, type 3
frame 4156: 30915 us total, 11467 us display, type 3
frame 4157: 33069 us total, 11691 us display, type 3
frame 4158: 34096 us total, 11475 us display, type 3
frame 4159: 29594 us total, 11824 us display, type 3
frame 4160: 31875 us total, 11626 us display, type 3
frame 4161: 33102 us total, 11481 us display, type 3
frame 4162: 30019 us total, 11470 us display, type 3
frame 4163: 32415 us total, 11470 us display, type 3
frame 4164: 33989 us total, 11470 us display, type 3
frame 4165: 35068 us total, 11475 us display, type 3
frame 4166: 31332 us total, 11577 us display, type 3
frame 4167: 35004 us total, 11479 us display, type 3
frame 4168: 32162 us total, 11477 us display, type 3
frame 4169: 32272 us total, 11858 us display, type 3
frame 4170: 34635 us total, 11523 us display, type 3
frame 4171: 34437 us total, 11477 us display, type 3
frame 4172: 34196 us total, 11686 us display, type 3
frame 4173: 36374 us total, 11687 us display, type 3
frame 4174: 36431 us total, 11469 us display, type 3
frame 4175: 36739 us total, 11478 us display, type 3
frame 4176: 34858 us total, 11483 us display, type 3
frame 4177: 36710 us total, 11471 us display, type 3
frame 4178: 38068 us total, 11614 us display, type 3
frame 4179: 40686 us total, 11487 us display, type 3
frame 4180: 37968 us total, 11477 us display, type 3
frame 4181: 37625 us total, 11632 us display, type 3
frame 4182: 36791 us total, 11476 us display, type 3
frame 4183: 36889 us total, 11475 us display, type 3
frame 4184: 37392 us total, 11474 us display, type 3
frame 4185: 37340 us total, 11482 us display, type 3
frame 4186: 35742 us total, 11468 us display, type 3
frame 4187: 35382 us total, 11672 us display, type 3
frame 4188: 32907 us total, 11479 us display, type 3
frame 4189: 33824 us total, 11474 us display, type 3
frame 4190: 31945 us total, 11473 us display, type 3
frame 4191: 31998 us total, 11470 us display, type 3
frame 4192: 30343 us total, 11477 us display, type 3
frame 4193: 30605 us total, 11472 us display, type 3
frame 4194: 28851 us total, 11476 us display, type 3
frame 4195: 29919 us total, 11480 us display, type 3
frame 4196: 29232 us total, 11483 us display, type 3
frame 4197: 27825 us total, 11483 us display, type 3
frame 4198: 27167 us total, 11481 us display, type 3
frame 4199: 28453 us total, 11485 us display, type 3
frame 4200: 27216 us total, 11639 us display, type 3
frame 4201: 28065 us total, 11477 us display, type 3
frame 4202: 27653 us total, 11475 us display, type 3
frame 4203: 27677 us total, 11467 us display, type 3
frame 4204: 27321 us total, 11485 us display, type 3
frame 4205: 32536 us total, 11478 us display, type 3
frame 4206: 30202 us total, 11467 us display, type 3
frame 4207: 28558 us total, 11724 us display, type 3
frame 4208: 29460 us total, 11469 us display, type 3
frame 4209: 30544 us total, 11788 us display, type 3
frame 4210: 28147 us total, 11642 us display, type 3
frame 4211: 29322 us total, 11474 us display, type 3
frame 4212: 30197 us total, 11472 us display, type 3
frame 4213: 28859 us total, 11474 us display, type 3
frame 4214: 30182 us total, 11488 us display, type 3
frame 4215: 29588 us total, 11540 us display, type 3
frame 4216: 30429 us total, 11472 us display, type 3
frame 4217: 30645 us total, 11476 us display, type 3
frame 4218: 29356 us total, 11479 us display, type 3
frame 4219: 31421 us total, 11811 us display, type 3
frame 4220: 31854 us total, 11725 us display, type 3
frame 4221: 29065 us total, 11622 us display, type 3
frame 4222: 30937 us total, 11661 us display, type 3
frame 4223: 31260 us total, 11474 us display, type 3
profile (avg of 128 frames, ms): logic+bsp 11.5 wait-fb 0.0 vp-mark 1.2 flats 4.3 columns 9.1 fuzz 0.0
frame 4224: 29935 us total, 11477 us display, type 3
frame 4225: 30728 us total, 11485 us display, type 3
frame 4226: 31503 us total, 11479 us display, type 3
frame 4227: 29838 us total, 11478 us display, type 3
frame 4228: 31256 us total, 11480 us display, type 3
frame 4229: 32140 us total, 11572 us display, type 3
frame 4230: 28774 us total, 11470 us display, type 3
frame 4231: 30159 us total, 11474 us display, type 3
frame 4232: 30223 us total, 11481 us display, type 3
frame 4233: 29794 us total, 11470 us display, type 3
frame 4234: 29912 us total, 11466 us display, type 3
frame 4235: 28916 us total, 11464 us display, type 3
frame 4236: 27621 us total, 11487 us display, type 3
frame 4237: 29971 us total, 11482 us display, type 3
frame 4238: 27048 us total, 11484 us display, type 3
frame 4239: 29065 us total, 11544 us display, type 3
frame 4240: 32801 us total, 11542 us display, type 3
frame 4241: 28384 us total, 11471 us display, type 3
frame 4242: 30503 us total, 11661 us display, type 3
frame 4243: 29774 us total, 11480 us display, type 3
frame 4244: 28830 us total, 11486 us display, type 3
frame 4245: 29815 us total, 11492 us display, type 3
frame 4246: 29902 us total, 11692 us display, type 3
frame 4247: 29067 us total, 11517 us display, type 3
frame 4248: 30382 us total, 11477 us display, type 3
frame 4249: 29903 us total, 11470 us display, type 3
frame 4250: 30683 us total, 11482 us display, type 3
frame 4251: 30893 us total, 11752 us display, type 3
frame 4252: 29985 us total, 11615 us display, type 3
frame 4253: 31859 us total, 11726 us display, type 3
frame 4254: 33556 us total, 11475 us display, type 3
frame 4255: 28954 us total, 11475 us display, type 3
frame 4256: 31128 us total, 11474 us display, type 3
frame 4257: 31041 us total, 11471 us display, type 3
frame 4258: 29222 us total, 11471 us display, type 3
frame 4259: 30892 us total, 11475 us display, type 3
frame 4260: 31453 us total, 11482 us display, type 3
frame 4261: 29718 us total, 11482 us display, type 3
frame 4262: 31330 us total, 11644 us display, type 3
frame 4263: 31438 us total, 11482 us display, type 3
frame 4264: 29094 us total, 11472 us display, type 3
frame 4265: 29759 us total, 11611 us display, type 3
frame 4266: 30058 us total, 11489 us display, type 3
frame 4267: 29192 us total, 11653 us display, type 3
frame 4268: 30033 us total, 11658 us display, type 3
frame 4269: 28311 us total, 11478 us display, type 3
frame 4270: 27606 us total, 11475 us display, type 3
frame 4271: 28513 us total, 11479 us display, type 3
frame 4272: 27778 us total, 11573 us display, type 3
frame 4273: 27279 us total, 11485 us display, type 3
frame 4274: 28561 us total, 11475 us display, type 3
frame 4275: 29853 us total, 11483 us display, type 3
frame 4276: 27891 us total, 11483 us display, type 3
frame 4277: 28351 us total, 11486 us display, type 3
frame 4278: 29289 us total, 11466 us display, type 3
frame 4279: 29559 us total, 11472 us display, type 3
frame 4280: 28547 us total, 11472 us display, type 3
frame 4281: 28763 us total, 11476 us display, type 3
frame 4282: 30600 us total, 11478 us display, type 3
frame 4283: 28166 us total, 11673 us display, type 3
frame 4284: 29075 us total, 11632 us display, type 3
frame 4285: 28141 us total, 11637 us display, type 3
frame 4286: 29109 us total, 11470 us display, type 3
frame 4287: 29968 us total, 11641 us display, type 3
frame 4288: 27589 us total, 11479 us display, type 3
frame 4289: 29141 us total, 11484 us display, type 3
frame 4290: 28959 us total, 11473 us display, type 3
frame 4291: 27189 us total, 11474 us display, type 3
frame 4292: 29272 us total, 11467 us display, type 3
frame 4293: 26743 us total, 11478 us display, type 3
frame 4294: 30923 us total, 11822 us display, type 3
frame 4295: 31041 us total, 11475 us display, type 3
frame 4296: 29248 us total, 11465 us display, type 3
frame 4297: 32459 us total, 11472 us display, type 3
frame 4298: 31895 us total, 11644 us display, type 3
frame 4299: 29958 us total, 11838 us display, type 3
frame 4300: 31253 us total, 11474 us display, type 3
frame 4301: 31545 us total, 11770 us display, type 3
frame 4302: 28287 us total, 11473 us display, type 3
frame 4303: 29852 us total, 11851 us display, type 3
frame 4304: 29073 us total, 11843 us display, type 3
frame 4305: 27770 us total, 11475 us display, type 3
frame 4306: 28766 us total, 11479 us display, type 3
frame 4307: 28291 us total, 11468 us display, type 3
frame 4308: 28531 us total, 11825 us display, type 3
frame 4309: 28660 us total, 11467 us display, type 3
frame 4310: 27621 us total, 11701 us display, type 3
frame 4311: 28210 us total, 11477 us display, type 3
frame 4312: 32301 us total, 11477 us display, type 3
frame 4313: 29485 us total, 11742 us display, type 3
frame 4314: 28502 us total, 11480 us display, type 3
frame 4315: 28288 us total, 11486 us display, type 3
frame 4316: 29829 us total, 11473 us display, type 3
frame 4317: 30091 us total, 11488 us display, type 3
frame 4318: 30770 us total, 11479 us display, type 3
frame 4319: 31593 us total, 11640 us display, type 3
frame 4320: 31463 us total, 11471 us display, type 3
frame 4321: 30389 us total, 11635 us display, type 3
frame 4322: 30931 us total, 11745 us display, type 3
frame 4323: 31433 us total, 11468 us display, type 3
frame 4324: 29592 us total, 11481 us display, type 3
frame 4325: 30229 us total, 11471 us display, type 3
frame 4326: 30044 us total, 11469 us display, type 3
frame 4327: 29105 us total, 11464 us display, type 3
frame 4328: 29603 us total, 11827 us display, type 3
frame 4329: 30127 us total, 11477 us display, type 3
frame 4330: 30370 us total, 11465 us display, type 3
frame 4331: 34563 us total, 11485 us display, type 3
frame 4332: 33851 us total, 11649 us display, type 3
frame 4333: 30582 us total, 11487 us display, type 3
frame 4334: 30871 us total, 11591 us display, type 3
frame 4335: 32835 us total, 11482 us display, type 3
frame 4336: 34156 us total, 11463 us display, type 3
frame 4337: 35224 us total, 11675 us display, type 3
frame 4338: 34836 us total, 11481 us display, type 3
frame 4339: 34952 us total, 11471 us display, type 3
frame 4340: 32644 us total, 11472 us display, type 3
frame 4341: 34063 us total, 11650 us display, type 3
frame 4342: 32312 us total, 11469 us display, type 3
frame 4343: 33846 us total, 11474 us display, type 3
frame 4344: 29751 us total, 11681 us display, type 3
frame 4345: 31855 us total, 11617 us display, type 3
frame 4346: 31902 us total, 11827 us display, type 3
frame 4347: 30340 us total, 11463 us display, type 3
frame 4348: 32737 us total, 11472 us display, type 3
frame 4349: 32615 us total, 11534 us display, type 3
frame 4350: 31222 us total, 11470 us display, type 3
frame 4351: 33082 us total, 11473 us display, type 3
profile (avg of 128 frames, ms): logic+bsp 12.6 wait-fb 0.0 vp-mark 0.9 flats 3.8 columns 9.6 fuzz 0.0
frame 4352: 31681 us total, 11472 us display, type 3
audio: 70 underruns, 58 ms queued
mem @frame 4352: heap free 46600, largest 20992, min ever 45768, zone free 40980, display stack free 4376, uptime 129 s, gamestate 0, demo 1, usergame 0, tic 4463
frame 4353: 29049 us total, 11469 us display, type 3
frame 4354: 28674 us total, 11675 us display, type 3
frame 4355: 28192 us total, 11474 us display, type 3
frame 4356: 25732 us total, 11470 us display, type 3
frame 4357: 28702 us total, 11471 us display, type 3
frame 4358: 25116 us total, 11468 us display, type 3
frame 4359: 31205 us total, 11470 us display, type 3
frame 4360: 27281 us total, 11472 us display, type 3
frame 4361: 26895 us total, 11815 us display, type 3
frame 4362: 32397 us total, 11468 us display, type 3
frame 4363: 25431 us total, 11639 us display, type 3
frame 4364: 30343 us total, 11849 us display, type 3
frame 4365: 30263 us total, 11469 us display, type 3
frame 4366: 24834 us total, 11452 us display, type 3
frame 4367: 31516 us total, 11474 us display, type 3
frame 4368: 26085 us total, 11465 us display, type 3
frame 4369: 31000 us total, 11476 us display, type 3
frame 4370: 29649 us total, 11695 us display, type 3
frame 4371: 25343 us total, 11543 us display, type 3
frame 4372: 31094 us total, 11468 us display, type 3
frame 4373: 28256 us total, 11474 us display, type 3
frame 4374: 27043 us total, 11459 us display, type 3
frame 4375: 30851 us total, 11469 us display, type 3
frame 4376: 25024 us total, 11454 us display, type 3
frame 4377: 30919 us total, 11463 us display, type 3
frame 4378: 27971 us total, 11465 us display, type 3
frame 4379: 25875 us total, 11457 us display, type 3
frame 4380: 31630 us total, 11772 us display, type 3
frame 4381: 25443 us total, 11460 us display, type 3
frame 4382: 31908 us total, 11479 us display, type 3
frame 4383: 29390 us total, 11472 us display, type 3
frame 4384: 27122 us total, 11467 us display, type 3
frame 4385: 34345 us total, 11726 us display, type 3
frame 4386: 34116 us total, 11467 us display, type 3
frame 4387: 32036 us total, 11473 us display, type 3
frame 4388: 35347 us total, 11474 us display, type 3
frame 4389: 35360 us total, 11794 us display, type 3
frame 4390: 34431 us total, 11469 us display, type 3
frame 4391: 32920 us total, 11649 us display, type 3
frame 4392: 32160 us total, 11472 us display, type 3
frame 4393: 32243 us total, 11476 us display, type 3
frame 4394: 33496 us total, 11470 us display, type 3
frame 4395: 30660 us total, 11476 us display, type 3
frame 4396: 31977 us total, 11465 us display, type 3
frame 4397: 32093 us total, 11478 us display, type 3
frame 4398: 31256 us total, 11469 us display, type 3
frame 4399: 32801 us total, 11482 us display, type 3
frame 4400: 34107 us total, 11794 us display, type 3
frame 4401: 30958 us total, 11478 us display, type 3
frame 4402: 34000 us total, 11468 us display, type 3
frame 4403: 33144 us total, 11478 us display, type 3
frame 4404: 36374 us total, 11476 us display, type 3
frame 4405: 32558 us total, 11476 us display, type 3
frame 4406: 34188 us total, 11468 us display, type 3
frame 4407: 34146 us total, 11671 us display, type 3
frame 4408: 30922 us total, 11638 us display, type 3
frame 4409: 33287 us total, 11462 us display, type 3
frame 4410: 34149 us total, 11823 us display, type 3
frame 4411: 34308 us total, 11473 us display, type 3
frame 4412: 31674 us total, 11468 us display, type 3
frame 4413: 33018 us total, 11475 us display, type 3
frame 4414: 34272 us total, 11491 us display, type 3
frame 4415: 31885 us total, 11801 us display, type 3
frame 4416: 33694 us total, 11561 us display, type 3
frame 4417: 34647 us total, 11718 us display, type 3
frame 4418: 32934 us total, 11476 us display, type 3
frame 4419: 30773 us total, 11537 us display, type 3
frame 4420: 33935 us total, 11480 us display, type 3
frame 4421: 33949 us total, 11652 us display, type 3
frame 4422: 30881 us total, 11469 us display, type 3
frame 4423: 34373 us total, 11713 us display, type 3
frame 4424: 33997 us total, 11488 us display, type 3
frame 4425: 34514 us total, 11630 us display, type 3
frame 4426: 30493 us total, 11476 us display, type 3
frame 4427: 33218 us total, 11563 us display, type 3
frame 4428: 33284 us total, 11481 us display, type 3
frame 4429: 32281 us total, 11640 us display, type 3
frame 4430: 31965 us total, 11812 us display, type 3
frame 4431: 31994 us total, 11471 us display, type 3
frame 4432: 29909 us total, 11465 us display, type 3
frame 4433: 32797 us total, 11638 us display, type 3
frame 4434: 32018 us total, 11475 us display, type 3
frame 4435: 33532 us total, 11621 us display, type 3
frame 4436: 30006 us total, 11481 us display, type 3
frame 4437: 32030 us total, 11483 us display, type 3
frame 4438: 31664 us total, 11787 us display, type 3
frame 4439: 25367 us total, 11729 us display, type 3
frame 4440: 26461 us total, 11469 us display, type 3
frame 4441: 24475 us total, 11458 us display, type 3
frame 4442: 31619 us total, 11467 us display, type 3
frame 4443: 27556 us total, 11473 us display, type 3
frame 4444: 26676 us total, 11638 us display, type 3
frame 4445: 30084 us total, 11472 us display, type 3
frame 4446: 27251 us total, 11458 us display, type 3
frame 4447: 31788 us total, 11502 us display, type 3
frame 4448: 29329 us total, 11471 us display, type 3
frame 4449: 27395 us total, 11465 us display, type 3
frame 4450: 33707 us total, 11462 us display, type 3
frame 4451: 31947 us total, 11478 us display, type 3
frame 4452: 30429 us total, 11569 us display, type 3
frame 4453: 34736 us total, 11471 us display, type 3
frame 4454: 33837 us total, 11480 us display, type 3
frame 4455: 30859 us total, 11628 us display, type 3
frame 4456: 33802 us total, 11467 us display, type 3
frame 4457: 34654 us total, 11472 us display, type 3
frame 4458: 34685 us total, 11760 us display, type 3
frame 4459: 29080 us total, 11650 us display, type 3
frame 4460: 29063 us total, 11599 us display, type 3
frame 4461: 25757 us total, 11470 us display, type 3
frame 4462: 27894 us total, 11467 us display, type 3
frame 4463: 27849 us total, 11503 us display, type 3
frame 4464: 25356 us total, 11703 us display, type 3
frame 4465: 26611 us total, 11471 us display, type 3
frame 4466: 24458 us total, 11470 us display, type 3
frame 4467: 28113 us total, 11466 us display, type 3
frame 4468: 26269 us total, 11466 us display, type 3
frame 4469: 29933 us total, 11466 us display, type 3
frame 4470: 29308 us total, 11635 us display, type 3
frame 4471: 26874 us total, 11470 us display, type 3
frame 4472: 29016 us total, 11466 us display, type 3
frame 4473: 28382 us total, 11465 us display, type 3
frame 4474: 25868 us total, 11460 us display, type 3
frame 4475: 31070 us total, 11463 us display, type 3
frame 4476: 27067 us total, 11455 us display, type 3
frame 4477: 29123 us total, 11465 us display, type 3
frame 4478: 31612 us total, 11588 us display, type 3
frame 4479: 29073 us total, 11704 us display, type 3
profile (avg of 128 frames, ms): logic+bsp 8.8 wait-fb 0.0 vp-mark 2.4 flats 5.7 columns 8.5 fuzz 0.0
frame 4480: 29511 us total, 11470 us display, type 3
frame 4481: 28235 us total, 11473 us display, type 3
frame 4482: 27904 us total, 11483 us display, type 3
frame 4483: 29000 us total, 11479 us display, type 3
frame 4484: 26423 us total, 11464 us display, type 3
frame 4485: 29937 us total, 11474 us display, type 3
frame 4486: 28249 us total, 11470 us display, type 3
frame 4487: 27126 us total, 11457 us display, type 3
frame 4488: 29612 us total, 11470 us display, type 3
frame 4489: 28075 us total, 11823 us display, type 3
frame 4490: 29617 us total, 11470 us display, type 3
frame 4491: 29569 us total, 11467 us display, type 3
frame 4492: 27117 us total, 11605 us display, type 3
frame 4493: 29444 us total, 11469 us display, type 3
frame 4494: 28808 us total, 11467 us display, type 3
frame 4495: 26254 us total, 11459 us display, type 3
frame 4496: 30198 us total, 11468 us display, type 3
frame 4497: 26862 us total, 11462 us display, type 3
frame 4498: 29899 us total, 11536 us display, type 3
frame 4499: 29596 us total, 11479 us display, type 3
frame 4500: 27625 us total, 11741 us display, type 3
frame 4501: 29180 us total, 11471 us display, type 3
frame 4502: 27128 us total, 11677 us display, type 3
frame 4503: 30135 us total, 11468 us display, type 3
frame 4504: 27849 us total, 11471 us display, type 3
frame 4505: 28189 us total, 11777 us display, type 3
frame 4506: 30669 us total, 11473 us display, type 3
frame 4507: 27394 us total, 11580 us display, type 3
frame 4508: 27687 us total, 11477 us display, type 3
frame 4509: 28878 us total, 11467 us display, type 3
frame 4510: 30698 us total, 11837 us display, type 3
frame 4511: 29319 us total, 11470 us display, type 3
frame 4512: 29839 us total, 11474 us display, type 3
frame 4513: 28312 us total, 11473 us display, type 3
frame 4514: 29743 us total, 11839 us display, type 3
frame 4515: 27222 us total, 11724 us display, type 3
frame 4516: 23648 us total, 11467 us display, type 3
frame 4517: 28145 us total, 11467 us display, type 3
frame 4518: 27085 us total, 11457 us display, type 3
frame 4519: 29143 us total, 11461 us display, type 3
frame 4520: 27870 us total, 11513 us display, type 3
frame 4521: 29597 us total, 11622 us display, type 3
frame 4522: 28782 us total, 11479 us display, type 3
frame 4523: 26964 us total, 11451 us display, type 3
frame 4524: 29508 us total, 11462 us display, type 3
frame 4525: 31462 us total, 11461 us display, type 3
frame 4526: 26096 us total, 11469 us display, type 3
frame 4527: 29988 us total, 11476 us display, type 3
frame 4528: 26727 us total, 11459 us display, type 3
frame 4529: 30503 us total, 11733 us display, type 3
frame 4530: 28634 us total, 11463 us display, type 3
frame 4531: 26867 us total, 11458 us display, type 3
frame 4532: 29906 us total, 11662 us display, type 3
frame 4533: 29622 us total, 11651 us display, type 3
frame 4534: 26755 us total, 11475 us display, type 3
frame 4535: 29652 us total, 11465 us display, type 3
frame 4536: 27512 us total, 11469 us display, type 3
frame 4537: 29754 us total, 11559 us display, type 3
frame 4538: 29079 us total, 11493 us display, type 3
frame 4539: 27166 us total, 11701 us display, type 3
frame 4540: 29121 us total, 11475 us display, type 3
frame 4541: 28194 us total, 11467 us display, type 3
frame 4542: 30924 us total, 11754 us display, type 3
frame 4543: 32782 us total, 11816 us display, type 3
frame 4544: 30506 us total, 11469 us display, type 3
frame 4545: 34856 us total, 11462 us display, type 3
frame 4546: 35218 us total, 11476 us display, type 3
frame 4547: 34432 us total, 11624 us display, type 3
frame 4548: 32990 us total, 11486 us display, type 3
frame 4549: 34620 us total, 11475 us display, type 3
frame 4550: 35040 us total, 11467 us display, type 3
frame 4551: 33599 us total, 11473 us display, type 3
frame 4552: 32470 us total, 11799 us display, type 3
frame 4553: 32841 us total, 11471 us display, type 3
frame 4554: 34166 us total, 11476 us display, type 3
frame 4555: 31482 us total, 11709 us display, type 3
frame 4556: 32301 us total, 11460 us display, type 3
frame 4557: 32342 us total, 11665 us display, type 3
frame 4558: 31878 us total, 11810 us display, type 3
frame 4559: 30929 us total, 11464 us display, type 3
frame 4560: 32482 us total, 11467 us display, type 3
frame 4561: 32289 us total, 11773 us display, type 3
frame 4562: 30923 us total, 11758 us display, type 3
frame 4563: 30936 us total, 11718 us display, type 3
frame 4564: 31859 us total, 11473 us display, type 3
frame 4565: 30921 us total, 11711 us display, type 3
frame 4566: 31864 us total, 11769 us display, type 3
frame 4567: 30213 us total, 11474 us display, type 3
frame 4568: 34493 us total, 11473 us display, type 3
frame 4569: 33181 us total, 11628 us display, type 3
frame 4570: 33878 us total, 11472 us display, type 3
frame 4571: 31736 us total, 11471 us display, type 3
frame 4572: 34341 us total, 11790 us display, type 3
frame 4573: 32104 us total, 11475 us display, type 3
frame 4574: 33918 us total, 11473 us display, type 3
frame 4575: 32414 us total, 11706 us display, type 3
frame 4576: 33286 us total, 11474 us display, type 3
frame 4577: 33257 us total, 11820 us display, type 3
frame 4578: 32861 us total, 11470 us display, type 3
frame 4579: 32817 us total, 11838 us display, type 3
frame 4580: 32791 us total, 11476 us display, type 3
frame 4581: 32798 us total, 11473 us display, type 3
frame 4582: 32054 us total, 11461 us display, type 3
frame 4583: 31862 us total, 11833 us display, type 3
frame 4584: 32748 us total, 11465 us display, type 3
frame 4585: 31817 us total, 11813 us display, type 3
frame 4586: 31993 us total, 11483 us display, type 3
frame 4587: 31835 us total, 11471 us display, type 3
frame 4588: 30348 us total, 11467 us display, type 3
frame 4589: 30714 us total, 11475 us display, type 3
frame 4590: 31617 us total, 11475 us display, type 3
frame 4591: 29984 us total, 11827 us display, type 3
frame 4592: 30452 us total, 11467 us display, type 3
frame 4593: 30484 us total, 11770 us display, type 3
frame 4594: 29109 us total, 11478 us display, type 3
frame 4595: 30061 us total, 11466 us display, type 3
frame 4596: 29894 us total, 11695 us display, type 3
frame 4597: 29070 us total, 11829 us display, type 3
frame 4598: 29363 us total, 11471 us display, type 3
frame 4599: 30973 us total, 11478 us display, type 3
frame 4600: 30604 us total, 11710 us display, type 3
frame 4601: 33775 us total, 11820 us display, type 3
frame 4602: 32670 us total, 11468 us display, type 3
frame 4603: 31208 us total, 11469 us display, type 3
frame 4604: 33120 us total, 11480 us display, type 3
frame 4605: 32378 us total, 11470 us display, type 3
frame 4606: 31829 us total, 11813 us display, type 3
frame 4607: 31856 us total, 11699 us display, type 3
profile (avg of 128 frames, ms): logic+bsp 9.5 wait-fb 0.0 vp-mark 2.1 flats 5.4 columns 8.5 fuzz 0.0
frame 4608: 34541 us total, 11463 us display, type 3
audio: 70 underruns, 46 ms queued
mem @frame 4608: heap free 46600, largest 20992, min ever 45768, zone free 40036, display stack free 4376, uptime 136 s, gamestate 0, demo 1, usergame 0, tic 4736
frame 4609: 32315 us total, 11624 us display, type 3
frame 4610: 32803 us total, 11470 us display, type 3
frame 4611: 34627 us total, 11479 us display, type 3
frame 4612: 34839 us total, 11471 us display, type 3
frame 4613: 33463 us total, 11644 us display, type 3
frame 4614: 34662 us total, 11467 us display, type 3
frame 4615: 33682 us total, 11476 us display, type 3
frame 4616: 34287 us total, 11483 us display, type 3
frame 4617: 33307 us total, 11729 us display, type 3
frame 4618: 34628 us total, 11728 us display, type 3
frame 4619: 35264 us total, 11467 us display, type 3
frame 4620: 33536 us total, 11629 us display, type 3
frame 4621: 31566 us total, 11805 us display, type 3
frame 4622: 34632 us total, 11677 us display, type 3
frame 4623: 34065 us total, 11484 us display, type 3
frame 4624: 32570 us total, 11470 us display, type 3
frame 4625: 34656 us total, 11534 us display, type 3
frame 4626: 35577 us total, 11628 us display, type 3
frame 4627: 37565 us total, 11705 us display, type 3
frame 4628: 35919 us total, 11479 us display, type 3
frame 4629: 35343 us total, 11460 us display, type 3
frame 4630: 38378 us total, 11581 us display, type 3
frame 4631: 37739 us total, 11475 us display, type 3
frame 4632: 40962 us total, 11552 us display, type 3
frame 4633: 38528 us total, 11687 us display, type 3
frame 4634: 39496 us total, 11473 us display, type 3
frame 4635: 39207 us total, 11699 us display, type 3
frame 4636: 40559 us total, 11483 us display, type 3
frame 4637: 37461 us total, 11476 us display, type 3
frame 4638: 38275 us total, 11570 us display, type 3
frame 4639: 36495 us total, 11517 us display, type 3
frame 4640: 39425 us total, 11765 us display, type 3
frame 4641: 37428 us total, 11467 us display, type 3
frame 4642: 37572 us total, 11543 us display, type 3
frame 4643: 38103 us total, 11469 us display, type 3
frame 4644: 37828 us total, 11838 us display, type 3
frame 4645: 36513 us total, 11458 us display, type 3
frame 4646: 36637 us total, 11479 us display, type 3
frame 4647: 38141 us total, 11467 us display, type 3
frame 4648: 36858 us total, 11506 us display, type 3
frame 4649: 37870 us total, 11468 us display, type 3
frame 4650: 35268 us total, 11522 us display, type 3
frame 4651: 34888 us total, 11467 us display, type 3
frame 4652: 34959 us total, 11473 us display, type 3
frame 4653: 35358 us total, 11482 us display, type 3
frame 4654: 35544 us total, 11469 us display, type 3
frame 4655: 35531 us total, 11470 us display, type 3
frame 4656: 34120 us total, 11479 us display, type 3
frame 4657: 34252 us total, 11620 us display, type 3
frame 4658: 32790 us total, 11667 us display, type 3
frame 4659: 33744 us total, 11475 us display, type 3
frame 4660: 32998 us total, 11629 us display, type 3
frame 4661: 36378 us total, 11743 us display, type 3
frame 4662: 33863 us total, 11787 us display, type 3
frame 4663: 35123 us total, 11642 us display, type 3
frame 4664: 38235 us total, 11479 us display, type 3
frame 4665: 38221 us total, 11475 us display, type 3
frame 4666: 38529 us total, 11807 us display, type 3
frame 4667: 38250 us total, 11691 us display, type 3
frame 4668: 39742 us total, 11470 us display, type 3
frame 4669: 38161 us total, 11471 us display, type 3
frame 4670: 39776 us total, 11486 us display, type 3
frame 4671: 36955 us total, 11828 us display, type 3
frame 4672: 35726 us total, 11666 us display, type 3
frame 4673: 35570 us total, 11564 us display, type 3
frame 4674: 36953 us total, 11462 us display, type 3
frame 4675: 35545 us total, 11473 us display, type 3
frame 4676: 36676 us total, 11473 us display, type 3
frame 4677: 32099 us total, 11472 us display, type 3
frame 4678: 33155 us total, 11793 us display, type 3
frame 4679: 31861 us total, 11843 us display, type 3
frame 4680: 30488 us total, 11483 us display, type 3
frame 4681: 31593 us total, 11471 us display, type 3
frame 4682: 30698 us total, 11574 us display, type 3
frame 4683: 31369 us total, 11466 us display, type 3
frame 4684: 32339 us total, 11644 us display, type 3
frame 4685: 33333 us total, 11465 us display, type 3
frame 4686: 31394 us total, 11463 us display, type 3
frame 4687: 30358 us total, 11471 us display, type 3
frame 4688: 32497 us total, 11775 us display, type 3
frame 4689: 32359 us total, 11485 us display, type 3
frame 4690: 31541 us total, 11470 us display, type 3
frame 4691: 32587 us total, 11637 us display, type 3
frame 4692: 35937 us total, 11472 us display, type 3
frame 4693: 33992 us total, 11477 us display, type 3
frame 4694: 32303 us total, 11467 us display, type 3
frame 4695: 31896 us total, 11477 us display, type 3
frame 4696: 30155 us total, 11477 us display, type 3
frame 4697: 28939 us total, 11474 us display, type 3
frame 4698: 29002 us total, 11776 us display, type 3
frame 4699: 25362 us total, 11773 us display, type 3
frame 4700: 24409 us total, 11476 us display, type 3
frame 4701: 24301 us total, 11537 us display, type 3
frame 4702: 25201 us total, 11475 us display, type 3
frame 4703: 24888 us total, 11464 us display, type 3
frame 4704: 25837 us total, 11687 us display, type 3
frame 4705: 26902 us total, 11632 us display, type 3
frame 4706: 26978 us total, 11464 us display, type 3
frame 4707: 28556 us total, 11472 us display, type 3
frame 4708: 27740 us total, 11464 us display, type 3
frame 4709: 29410 us total, 11527 us display, type 3
frame 4710: 27714 us total, 11460 us display, type 3
frame 4711: 28780 us total, 11466 us display, type 3
frame 4712: 29385 us total, 11468 us display, type 3
frame 4713: 27781 us total, 11467 us display, type 3
frame 4714: 28965 us total, 11537 us display, type 3
frame 4715: 29737 us total, 11646 us display, type 3
frame 4716: 27662 us total, 11468 us display, type 3
frame 4717: 28933 us total, 11463 us display, type 3
frame 4718: 29558 us total, 11462 us display, type 3
frame 4719: 26832 us total, 11465 us display, type 3
frame 4720: 29642 us total, 11722 us display, type 3
frame 4721: 27424 us total, 11473 us display, type 3
frame 4722: 27957 us total, 11630 us display, type 3
frame 4723: 29119 us total, 11779 us display, type 3
frame 4724: 27824 us total, 11620 us display, type 3
frame 4725: 29390 us total, 11719 us display, type 3
frame 4726: 27187 us total, 11457 us display, type 3
frame 4727: 29104 us total, 11464 us display, type 3
frame 4728: 30459 us total, 11467 us display, type 3
frame 4729: 27786 us total, 11466 us display, type 3
frame 4730: 29017 us total, 11474 us display, type 3
frame 4731: 28494 us total, 11470 us display, type 3
frame 4732: 27699 us total, 11461 us display, type 3
frame 4733: 29503 us total, 11463 us display, type 3
frame 4734: 27173 us total, 11465 us display, type 3
frame 4735: 29166 us total, 11620 us display, type 3
profile (avg of 128 frames, ms): logic+bsp 10.9 wait-fb 0.0 vp-mark 2.1 flats 5.8 columns 10.1 fuzz 0.0
frame 4736: 29012 us total, 11460 us display, type 3
frame 4737: 27447 us total, 11453 us display, type 3
frame 4738: 29108 us total, 11459 us display, type 3
frame 4739: 27640 us total, 11456 us display, type 3
frame 4740: 29494 us total, 11499 us display, type 3
frame 4741: 29294 us total, 11468 us display, type 3
frame 4742: 30718 us total, 11541 us display, type 3
frame 4743: 33441 us total, 11460 us display, type 3
frame 4744: 31902 us total, 11467 us display, type 3
frame 4745: 32320 us total, 11468 us display, type 3
frame 4746: 32108 us total, 11472 us display, type 3
frame 4747: 33421 us total, 11717 us display, type 3
frame 4748: 32411 us total, 11466 us display, type 3
frame 4749: 31889 us total, 11466 us display, type 3
frame 4750: 32012 us total, 11472 us display, type 3
frame 4751: 33127 us total, 11663 us display, type 3
frame 4752: 31851 us total, 11768 us display, type 3
frame 4753: 31286 us total, 11484 us display, type 3
frame 4754: 31505 us total, 11478 us display, type 3
frame 4755: 31412 us total, 11476 us display, type 3
frame 4756: 32513 us total, 11475 us display, type 3
frame 4757: 33147 us total, 11469 us display, type 3
frame 4758: 33030 us total, 11637 us display, type 3
frame 4759: 33192 us total, 11476 us display, type 3
frame 4760: 33654 us total, 11476 us display, type 3
frame 4761: 34102 us total, 11469 us display, type 3
frame 4762: 31592 us total, 11471 us display, type 3
frame 4763: 36424 us total, 11595 us display, type 3
frame 4764: 33713 us total, 11740 us display, type 3
frame 4765: 35005 us total, 11481 us display, type 3
frame 4766: 33665 us total, 11474 us display, type 3
frame 4767: 34673 us total, 11473 us display, type 3
frame 4768: 32574 us total, 11689 us display, type 3
frame 4769: 33633 us total, 11469 us display, type 3
frame 4770: 34029 us total, 11478 us display, type 3
frame 4771: 34565 us total, 11639 us display, type 3
frame 4772: 33073 us total, 11486 us display, type 3
frame 4773: 33388 us total, 11470 us display, type 3
frame 4774: 34136 us total, 11482 us display, type 3
frame 4775: 34401 us total, 11684 us display, type 3
frame 4776: 33741 us total, 11796 us display, type 3
frame 4777: 32207 us total, 11466 us display, type 3
frame 4778: 32717 us total, 11638 us display, type 3
frame 4779: 32868 us total, 11476 us display, type 3
frame 4780: 31616 us total, 11599 us display, type 3
frame 4781: 32152 us total, 11479 us display, type 3
frame 4782: 33056 us total, 11487 us display, type 3
frame 4783: 31264 us total, 11472 us display, type 3
frame 4784: 32275 us total, 11469 us display, type 3
frame 4785: 31957 us total, 11623 us display, type 3
frame 4786: 30610 us total, 11467 us display, type 3
frame 4787: 31840 us total, 11466 us display, type 3
frame 4788: 31277 us total, 11482 us display, type 3
frame 4789: 30183 us total, 11466 us display, type 3
frame 4790: 29907 us total, 11468 us display, type 3
frame 4791: 29755 us total, 11482 us display, type 3
frame 4792: 29389 us total, 11484 us display, type 3
frame 4793: 30560 us total, 11471 us display, type 3
frame 4794: 30361 us total, 11472 us display, type 3
frame 4795: 32265 us total, 11824 us display, type 3
frame 4796: 30927 us total, 11658 us display, type 3
frame 4797: 30332 us total, 11472 us display, type 3
frame 4798: 30582 us total, 11581 us display, type 3
frame 4799: 30094 us total, 11481 us display, type 3
frame 4800: 30829 us total, 11723 us display, type 3
frame 4801: 30188 us total, 11479 us display, type 3
frame 4802: 33102 us total, 11474 us display, type 3
frame 4803: 31952 us total, 11481 us display, type 3
frame 4804: 31589 us total, 11477 us display, type 3
frame 4805: 33560 us total, 11619 us display, type 3
frame 4806: 33792 us total, 11477 us display, type 3
frame 4807: 33245 us total, 11469 us display, type 3
frame 4808: 31391 us total, 11467 us display, type 3
frame 4809: 33778 us total, 11661 us display, type 3
frame 4810: 32857 us total, 11472 us display, type 3
frame 4811: 33211 us total, 11474 us display, type 3
frame 4812: 34570 us total, 11469 us display, type 3
frame 4813: 33435 us total, 11503 us display, type 3
frame 4814: 33896 us total, 11467 us display, type 3
frame 4815: 32066 us total, 11468 us display, type 3
frame 4816: 31963 us total, 11474 us display, type 3
frame 4817: 31854 us total, 11473 us display, type 3
frame 4818: 30770 us total, 11473 us display, type 3
frame 4819: 31830 us total, 11467 us display, type 3
frame 4820: 31062 us total, 11477 us display, type 3
frame 4821: 30640 us total, 11806 us display, type 3
frame 4822: 31060 us total, 11466 us display, type 3
frame 4823: 30295 us total, 11474 us display, type 3
frame 4824: 29613 us total, 11471 us display, type 3
frame 4825: 29640 us total, 11628 us display, type 3
frame 4826: 28462 us total, 11558 us display, type 3
frame 4827: 28845 us total, 11470 us display, type 3
frame 4828: 29322 us total, 11463 us display, type 3
frame 4829: 28875 us total, 11469 us display, type 3
frame 4830: 29325 us total, 11807 us display, type 3
frame 4831: 30619 us total, 11470 us display, type 3
frame 4832: 28204 us total, 11816 us display, type 3
frame 4833: 29618 us total, 11468 us display, type 3
frame 4834: 29465 us total, 11489 us display, type 3
frame 4835: 29152 us total, 11479 us display, type 3
frame 4836: 30849 us total, 11800 us display, type 3
frame 4837: 30931 us total, 11550 us display, type 3
frame 4838: 31491 us total, 11469 us display, type 3
frame 4839: 31352 us total, 11474 us display, type 3
frame 4840: 30542 us total, 11470 us display, type 3
frame 4841: 30753 us total, 11483 us display, type 3
frame 4842: 32510 us total, 11758 us display, type 3
frame 4843: 31422 us total, 11484 us display, type 3
frame 4844: 31355 us total, 11546 us display, type 3
frame 4845: 31463 us total, 11477 us display, type 3
frame 4846: 30648 us total, 11481 us display, type 3
frame 4847: 30684 us total, 11787 us display, type 3
frame 4848: 30994 us total, 11485 us display, type 3
frame 4849: 30440 us total, 11469 us display, type 3
frame 4850: 29931 us total, 11466 us display, type 3
frame 4851: 27822 us total, 11474 us display, type 3
frame 4852: 27215 us total, 11476 us display, type 3
frame 4853: 28124 us total, 11464 us display, type 3
frame 4854: 27397 us total, 11471 us display, type 3
frame 4855: 27462 us total, 11466 us display, type 3
frame 4856: 29342 us total, 11470 us display, type 3
frame 4857: 28120 us total, 11708 us display, type 3
frame 4858: 30926 us total, 11686 us display, type 3
frame 4859: 30017 us total, 11477 us display, type 3
frame 4860: 28133 us total, 11476 us display, type 3
frame 4861: 29311 us total, 11466 us display, type 3
frame 4862: 28443 us total, 11463 us display, type 3
frame 4863: 26860 us total, 11470 us display, type 3
profile (avg of 128 frames, ms): logic+bsp 10.4 wait-fb 0.0 vp-mark 2.0 flats 5.1 columns 10.8 fuzz 0.0
frame 4864: 28434 us total, 11628 us display, type 3
audio: 70 underruns, 46 ms queued
mem @frame 4864: heap free 46600, largest 20992, min ever 45768, zone free 40980, display stack free 4376, uptime 145 s, gamestate 0, demo 1, usergame 0, tic 5024
frame 4865: 26742 us total, 11461 us display, type 3
frame 4866: 26624 us total, 11474 us display, type 3
frame 4867: 28014 us total, 11466 us display, type 3
frame 4868: 27270 us total, 11473 us display, type 3
frame 4869: 29575 us total, 11652 us display, type 3
frame 4870: 27202 us total, 11816 us display, type 3
frame 4871: 28714 us total, 11462 us display, type 3
frame 4872: 28414 us total, 11464 us display, type 3
frame 4873: 27584 us total, 11459 us display, type 3
frame 4874: 29810 us total, 11775 us display, type 3
frame 4875: 26925 us total, 11721 us display, type 3
frame 4876: 34652 us total, 11463 us display, type 3
frame 4877: 29743 us total, 11460 us display, type 3
frame 4878: 27883 us total, 11479 us display, type 3
frame 4879: 30110 us total, 11470 us display, type 3
frame 4880: 31403 us total, 11468 us display, type 3
frame 4881: 28125 us total, 11688 us display, type 3
frame 4882: 28695 us total, 11472 us display, type 3
frame 4883: 30682 us total, 11468 us display, type 3
frame 4884: 29705 us total, 11726 us display, type 3
frame 4885: 30040 us total, 11476 us display, type 3
frame 4886: 29537 us total, 11474 us display, type 3
frame 4887: 30676 us total, 11474 us display, type 3
frame 4888: 30960 us total, 11482 us display, type 3
frame 4889: 29693 us total, 11813 us display, type 3
frame 4890: 30018 us total, 11714 us display, type 3
frame 4891: 29077 us total, 11479 us display, type 3
frame 4892: 28254 us total, 11469 us display, type 3
frame 4893: 30110 us total, 11472 us display, type 3
frame 4894: 30030 us total, 11470 us display, type 3
frame 4895: 30690 us total, 11656 us display, type 3
frame 4896: 36095 us total, 11475 us display, type 3
frame 4897: 38108 us total, 11479 us display, type 3
frame 4898: 37592 us total, 11475 us display, type 3
frame 4899: 35414 us total, 11657 us display, type 3
frame 4900: 37389 us total, 11468 us display, type 3
frame 4901: 38537 us total, 11508 us display, type 3
frame 4902: 37595 us total, 11471 us display, type 3
frame 4903: 37758 us total, 11486 us display, type 3
frame 4904: 37461 us total, 11471 us display, type 3
frame 4905: 34937 us total, 11479 us display, type 3
frame 4906: 36507 us total, 11478 us display, type 3
frame 4907: 38888 us total, 11720 us display, type 3
frame 4908: 36943 us total, 11471 us display, type 3
frame 4909: 41774 us total, 11568 us display, type 3
frame 4910: 38675 us total, 11475 us display, type 3
frame 4911: 40618 us total, 11465 us display, type 3
frame 4912: 39918 us total, 11484 us display, type 3
frame 4913: 41140 us total, 11801 us display, type 3
frame 4914: 40222 us total, 11469 us display, type 3
frame 4915: 41341 us total, 11488 us display, type 3
frame 4916: 40365 us total, 11491 us display, type 3
frame 4917: 42146 us total, 11505 us display, type 3
frame 4918: 38688 us total, 11481 us display, type 3
frame 4919: 40588 us total, 11478 us display, type 3
frame 4920: 42195 us total, 11470 us display, type 3
frame 4921: 41910 us total, 11619 us display, type 3
frame 4922: 41444 us total, 11461 us display, type 3
frame 4923: 40746 us total, 11644 us display, type 3
frame 4924: 41287 us total, 11802 us display, type 3
frame 4925: 40874 us total, 11474 us display, type 3
frame 4926: 38970 us total, 11471 us display, type 3
frame 4927: 40650 us total, 11463 us display, type 3
frame 4928: 40791 us total, 11805 us display, type 3
frame 4929: 39759 us total, 11471 us display, type 3
frame 4930: 39885 us total, 11589 us display, type 3
frame 4931: 39620 us total, 11468 us display, type 3
frame 4932: 40009 us total, 11772 us display, type 3
frame 4933: 36954 us total, 11465 us display, type 3
frame 4934: 39127 us total, 11803 us display, type 3
frame 4935: 38364 us total, 11561 us display, type 3
frame 4936: 37406 us total, 11472 us display, type 3
frame 4937: 37799 us total, 11480 us display, type 3
frame 4938: 37194 us total, 11472 us display, type 3
frame 4939: 35742 us total, 11775 us display, type 3
frame 4940: 36003 us total, 11473 us display, type 3
frame 4941: 37804 us total, 11634 us display, type 3
frame 4942: 35289 us total, 11467 us display, type 3
frame 4943: 35823 us total, 11472 us display, type 3
frame 4944: 36042 us total, 11467 us display, type 3
frame 4945: 35909 us total, 11463 us display, type 3
frame 4946: 35790 us total, 11476 us display, type 3
frame 4947: 36199 us total, 11476 us display, type 3
frame 4948: 36215 us total, 11461 us display, type 3
frame 4949: 36114 us total, 11471 us display, type 3
frame 4950: 36679 us total, 11472 us display, type 3
frame 4951: 37344 us total, 11481 us display, type 3
frame 4952: 35691 us total, 11472 us display, type 3
frame 4953: 38169 us total, 11788 us display, type 3
frame 4954: 36502 us total, 11488 us display, type 3
frame 4955: 39416 us total, 11855 us display, type 3
frame 4956: 37713 us total, 11479 us display, type 3
frame 4957: 38450 us total, 11468 us display, type 3
frame 4958: 36580 us total, 11469 us display, type 3
frame 4959: 40552 us total, 11463 us display, type 3
frame 4960: 38967 us total, 11471 us display, type 3
frame 4961: 39435 us total, 11485 us display, type 3
frame 4962: 40568 us total, 11471 us display, type 3
frame 4963: 41079 us total, 11645 us display, type 3
frame 4964: 37519 us total, 11466 us display, type 3
frame 4965: 39146 us total, 11574 us display, type 3
frame 4966: 38638 us total, 11471 us display, type 3
frame 4967: 38296 us total, 11469 us display, type 3
frame 4968: 38397 us total, 11461 us display, type 3
frame 4969: 38389 us total, 11515 us display, type 3
frame 4970: 36884 us total, 11462 us display, type 3
frame 4971: 38466 us total, 11462 us display, type 3
frame 4972: 38382 us total, 11476 us display, type 3
frame 4973: 38113 us total, 11572 us display, type 3
frame 4974: 36812 us total, 11468 us display, type 3
frame 4975: 37265 us total, 11794 us display, type 3
frame 4976: 36027 us total, 11463 us display, type 3
frame 4977: 37115 us total, 11787 us display, type 3
frame 4978: 36356 us total, 11469 us display, type 3
frame 4979: 36791 us total, 11527 us display, type 3
frame 4980: 35745 us total, 11475 us display, type 3
frame 4981: 37027 us total, 11657 us display, type 3
frame 4982: 36119 us total, 11464 us display, type 3
frame 4983: 37403 us total, 11790 us display, type 3
frame 4984: 36496 us total, 11510 us display, type 3
frame 4985: 35920 us total, 11467 us display, type 3
frame 4986: 36617 us total, 11472 us display, type 3
frame 4987: 36145 us total, 11651 us display, type 3
frame 4988: 35096 us total, 11481 us display, type 3
frame 4989: 34357 us total, 11723 us display, type 3
frame 4990: 33867 us total, 11465 us display, type 3
frame 4991: 34348 us total, 11459 us display, type 3
profile (avg of 128 frames, ms): logic+bsp 10.9 wait-fb 0.0 vp-mark 2.1 flats 6.2 columns 13.2 fuzz 0.0
frame 4992: 34143 us total, 11472 us display, type 3
frame 4993: 33756 us total, 11469 us display, type 3
frame 4994: 33793 us total, 11469 us display, type 3
frame 4995: 34088 us total, 11468 us display, type 3
frame 4996: 33314 us total, 11464 us display, type 3
frame 4997: 33704 us total, 11470 us display, type 3
frame 4998: 33608 us total, 11627 us display, type 3
frame 4999: 33880 us total, 11460 us display, type 3
frame 5000: 33728 us total, 11793 us display, type 3
frame 5001: 33697 us total, 11745 us display, type 3
frame 5002: 33215 us total, 11469 us display, type 3
frame 5003: 34067 us total, 11465 us display, type 3
frame 5004: 33309 us total, 11635 us display, type 3
frame 5005: 33709 us total, 11457 us display, type 3
frame 5006: 19483 us total, 12834 us display, type 5
frame 5007: 13159 us total, 12575 us display, type 5
frame 5008: 12906 us total, 12551 us display, type 5
frame 5009: 12978 us total, 12563 us display, type 5
frame 5010: 12938 us total, 12544 us display, type 5
frame 5011: 12823 us total, 12439 us display, type 5
frame 5012: 12953 us total, 12553 us display, type 5
frame 5013: 12931 us total, 12545 us display, type 5
frame 5014: 12946 us total, 12537 us display, type 5
frame 5015: 12916 us total, 12524 us display, type 5
frame 5016: 12936 us total, 12523 us display, type 5
frame 5017: 12908 us total, 12517 us display, type 5
frame 5018: 12817 us total, 12407 us display, type 5
frame 5019: 12875 us total, 12402 us display, type 5
frame 5020: 12901 us total, 12513 us display, type 5
frame 5021: 12897 us total, 12506 us display, type 5
frame 5022: 12903 us total, 12502 us display, type 5
frame 5023: 12919 us total, 12506 us display, type 5
frame 5024: 12875 us total, 12482 us display, type 5
frame 5025: 12808 us total, 12393 us display, type 5
frame 5026: 12837 us total, 12356 us display, type 5
frame 5027: 12851 us total, 12469 us display, type 5
frame 5028: 12852 us total, 12459 us display, type 5
frame 5029: 12862 us total, 12457 us display, type 5
frame 5030: 12853 us total, 12443 us display, type 5
frame 5031: 12834 us total, 12429 us display, type 5
frame 5032: 12769 us total, 12308 us display, type 5
frame 5033: 12812 us total, 12315 us display, type 5
frame 5034: 12907 us total, 12493 us display, type 5
frame 5035: 12853 us total, 12439 us display, type 5
frame 5036: 12845 us total, 12417 us display, type 5
frame 5037: 12803 us total, 12397 us display, type 5
frame 5038: 12846 us total, 12406 us display, type 5
frame 5039: 25569 us total, 12675 us display, type 5
frame 5040: 12897 us total, 12384 us display, type 5
frame 5041: 12784 us total, 12369 us display, type 5
frame 5042: 12814 us total, 12360 us display, type 5
frame 5043: 12770 us total, 12362 us display, type 5
frame 5044: 12745 us total, 12365 us display, type 5
frame 5045: 12638 us total, 12245 us display, type 5
frame 5046: 12758 us total, 12342 us display, type 5
frame 5047: 27591 us total, 12603 us display, type 5
frame 5048: 12868 us total, 12350 us display, type 5
frame 5049: 12755 us total, 12339 us display, type 5
frame 5050: 12754 us total, 12328 us display, type 5
frame 5051: 12633 us total, 12225 us display, type 5
frame 5052: 12728 us total, 12196 us display, type 5
frame 5053: 12685 us total, 12289 us display, type 5
frame 5054: 12720 us total, 12290 us display, type 5
frame 5055: 12686 us total, 12292 us display, type 5
frame 5056: 12710 us total, 12297 us display, type 5
frame 5057: 12674 us total, 12280 us display, type 5
frame 5058: 12579 us total, 12186 us display, type 5
frame 5059: 12649 us total, 12283 us display, type 5
frame 5060: 12685 us total, 12276 us display, type 5
frame 5061: 12684 us total, 12284 us display, type 5
frame 5062: 12666 us total, 12268 us display, type 5
frame 5063: 12682 us total, 12274 us display, type 5
frame 5064: 12543 us total, 12159 us display, type 5
frame 5065: 12662 us total, 12154 us display, type 5
frame 5066: 12608 us total, 12247 us display, type 5
frame 5067: 12626 us total, 12246 us display, type 5
frame 5068: 12674 us total, 12253 us display, type 5
frame 5069: 12612 us total, 12259 us display, type 5
frame 5070: 12687 us total, 12265 us display, type 5
frame 5071: 12546 us total, 12156 us display, type 5
frame 5072: 12617 us total, 12252 us display, type 5
frame 5073: 12626 us total, 12248 us display, type 5
frame 5074: 12636 us total, 12257 us display, type 5
frame 5075: 12623 us total, 12251 us display, type 5
frame 5076: 12639 us total, 12253 us display, type 5
frame 5077: 12508 us total, 12153 us display, type 5
frame 5078: 12596 us total, 12253 us display, type 5
frame 5079: 12623 us total, 12261 us display, type 5
frame 5080: 25554 us total, 11719 us display, type 4
frame 5081: 22518 us total, 11725 us display, type 4
frame 5082: 11966 us total, 11686 us display, type 4
frame 5083: 17159 us total, 11684 us display, type 4
frame 5084: 28942 us total, 11682 us display, type 4
frame 5085: 27996 us total, 11683 us display, type 4
frame 5086: 28960 us total, 11684 us display, type 4
frame 5087: 29040 us total, 11683 us display, type 4
frame 5088: 28051 us total, 11774 us display, type 4
frame 5089: 29072 us total, 11804 us display, type 4
frame 5090: 27873 us total, 11683 us display, type 4
frame 5091: 28972 us total, 11688 us display, type 4
frame 5092: 28024 us total, 11681 us display, type 4
frame 5093: 29005 us total, 11687 us display, type 4
frame 5094: 29066 us total, 11687 us display, type 4
frame 5095: 27949 us total, 11682 us display, type 4
frame 5096: 28956 us total, 11686 us display, type 4
frame 5097: 28040 us total, 11688 us display, type 4
frame 5098: 28989 us total, 11684 us display, type 4
frame 5099: 28082 us total, 11798 us display, type 4
frame 5100: 28913 us total, 11684 us display, type 4
frame 5101: 28971 us total, 11680 us display, type 4
frame 5102: 28027 us total, 11678 us display, type 4
frame 5103: 29007 us total, 11686 us display, type 4
frame 5104: 28064 us total, 11686 us display, type 4
frame 5105: 28940 us total, 11680 us display, type 4
frame 5106: 27996 us total, 11684 us display, type 4
frame 5107: 28964 us total, 11681 us display, type 4
frame 5108: 29034 us total, 11683 us display, type 4
frame 5109: 28052 us total, 11764 us display, type 4
frame 5110: 29079 us total, 11808 us display, type 4
frame 5111: 27874 us total, 11680 us display, type 4
frame 5112: 28960 us total, 11686 us display, type 4
frame 5113: 28036 us total, 11677 us display, type 4
frame 5114: 28960 us total, 11687 us display, type 4
frame 5115: 29138 us total, 11683 us display, type 4
frame 5116: 27902 us total, 11684 us display, type 4
frame 5117: 28971 us total, 11688 us display, type 4
frame 5118: 28030 us total, 11684 us display, type 4
frame 5119: 29003 us total, 11683 us display, type 4
profile (avg of 128 frames, ms): logic+bsp 2.1 wait-fb 0.0 vp-mark 0.6 flats 1.1 columns 1.2 fuzz 0.0
frame 5120: 28542 us total, 11676 us display, type 4
audio: 153 underruns, 46 ms queued
mem @frame 5120: heap free 46600, largest 20992, min ever 45768, zone free 40716, display stack free 4376, uptime 152 s, gamestate 3, demo 0, usergame 0, tic 5242
frame 5121: 28473 us total, 11688 us display, type 4
frame 5122: 28949 us total, 11683 us display, type 4
frame 5123: 28036 us total, 11683 us display, type 4
frame 5124: 28997 us total, 11690 us display, type 4
frame 5125: 28064 us total, 11691 us display, type 4
frame 5126: 28937 us total, 11683 us display, type 4
frame 5127: 27966 us total, 11681 us display, type 4
frame 5128: 29037 us total, 11686 us display, type 4
frame 5129: 28999 us total, 11681 us display, type 4
frame 5130: 28055 us total, 11766 us display, type 4
frame 5131: 29067 us total, 11804 us display, type 4
frame 5132: 27877 us total, 11685 us display, type 4
frame 5133: 28964 us total, 11684 us display, type 4
frame 5134: 28036 us total, 11681 us display, type 4
frame 5135: 28959 us total, 11683 us display, type 4
frame 5136: 29145 us total, 11687 us display, type 4
frame 5137: 27898 us total, 11682 us display, type 4
frame 5138: 28957 us total, 11684 us display, type 4
frame 5139: 28042 us total, 11682 us display, type 4
frame 5140: 28978 us total, 11702 us display, type 4
frame 5141: 28145 us total, 11805 us display, type 4
frame 5142: 28873 us total, 11683 us display, type 4
frame 5143: 28964 us total, 11680 us display, type 4
frame 5144: 28030 us total, 11679 us display, type 4
frame 5145: 29009 us total, 11684 us display, type 4
frame 5146: 28062 us total, 11689 us display, type 4
frame 5147: 28947 us total, 11681 us display, type 4
frame 5148: 27954 us total, 11685 us display, type 4
frame 5149: 29045 us total, 11689 us display, type 4
frame 5150: 28994 us total, 11688 us display, type 4
frame 5151: 28046 us total, 11766 us display, type 4
frame 5152: 29079 us total, 11815 us display, type 4
frame 5153: 27840 us total, 11681 us display, type 4
frame 5154: 29029 us total, 11683 us display, type 4
frame 5155: 28002 us total, 11678 us display, type 4
frame 5156: 28959 us total, 11687 us display, type 4
frame 5157: 29135 us total, 11682 us display, type 4
frame 5158: 27907 us total, 11686 us display, type 4
frame 5159: 28965 us total, 11683 us display, type 4
frame 5160: 28045 us total, 11685 us display, type 4
frame 5161: 28964 us total, 11690 us display, type 4
frame 5162: 28156 us total, 11815 us display, type 4
frame 5163: 28871 us total, 11681 us display, type 4
frame 5164: 28960 us total, 11684 us display, type 4
frame 5165: 28049 us total, 11678 us display, type 4
frame 5166: 28952 us total, 11685 us display, type 4
frame 5167: 28126 us total, 11684 us display, type 4
frame 5168: 28912 us total, 11684 us display, type 4
frame 5169: 27966 us total, 11682 us display, type 4
frame 5170: 29036 us total, 11686 us display, type 4
frame 5171: 29002 us total, 11683 us display, type 4
frame 5172: 28049 us total, 11774 us display, type 4
frame 5173: 29071 us total, 11798 us display, type 4
frame 5174: 27839 us total, 11684 us display, type 4
frame 5175: 29045 us total, 11688 us display, type 4
frame 5176: 27990 us total, 11681 us display, type 4
frame 5177: 28964 us total, 11683 us display, type 4
frame 5178: 29130 us total, 11687 us display, type 4
frame 5179: 27872 us total, 11682 us display, type 4
frame 5180: 29038 us total, 11687 us display, type 4
frame 5181: 28003 us total, 11682 us display, type 4
frame 5182: 28974 us total, 11702 us display, type 4
frame 5183: 28145 us total, 11803 us display, type 4
frame 5184: 28877 us total, 11685 us display, type 4
frame 5185: 28965 us total, 11681 us display, type 4
frame 5186: 28036 us total, 11680 us display, type 4
frame 5187: 28960 us total, 11684 us display, type 4
frame 5188: 28126 us total, 11685 us display, type 4
frame 5189: 28914 us total, 11681 us display, type 4
frame 5190: 27960 us total, 11685 us display, type 4
frame 5191: 29042 us total, 11682 us display, type 4
frame 5192: 28961 us total, 11685 us display, type 4
frame 5193: 28087 us total, 11729 us display, type 4
frame 5194: 29076 us total, 11813 us display, type 4
frame 5195: 27837 us total, 11681 us display, type 4
frame 5196: 29036 us total, 11686 us display, type 4
frame 5197: 28005 us total, 11677 us display, type 4
frame 5198: 28953 us total, 11687 us display, type 4
frame 5199: 29140 us total, 11683 us display, type 4
frame 5200: 27881 us total, 11693 us display, type 4
frame 5201: 29032 us total, 11690 us display, type 4
frame 5202: 27991 us total, 11685 us display, type 4
frame 5203: 28971 us total, 11693 us display, type 4
frame 5204: 28153 us total, 11812 us display, type 4
frame 5205: 28838 us total, 11681 us display, type 4
frame 5206: 29036 us total, 11686 us display, type 4
frame 5207: 27997 us total, 11678 us display, type 4
frame 5208: 28960 us total, 11685 us display, type 4
frame 5209: 28133 us total, 11685 us display, type 4
frame 5210: 28909 us total, 11685 us display, type 4
frame 5211: 27962 us total, 11681 us display, type 4
frame 5212: 29043 us total, 11684 us display, type 4
frame 5213: 28960 us total, 11681 us display, type 4
frame 5214: 28088 us total, 11738 us display, type 4
frame 5215: 29071 us total, 11805 us display, type 4
frame 5216: 27836 us total, 11682 us display, type 4
frame 5217: 29043 us total, 11683 us display, type 4
frame 5218: 27955 us total, 11678 us display, type 4
frame 5219: 29041 us total, 11687 us display, type 4
frame 5220: 29096 us total, 11687 us display, type 4
frame 5221: 27867 us total, 11681 us display, type 4
frame 5222: 29035 us total, 11683 us display, type 4
frame 5223: 28014 us total, 11682 us display, type 4
frame 5224: 28967 us total, 11700 us display, type 4
frame 5225: 28143 us total, 11800 us display, type 4
frame 5226: 28840 us total, 11682 us display, type 4
frame 5227: 29045 us total, 11686 us display, type 4
frame 5228: 27988 us total, 11679 us display, type 4
frame 5229: 28964 us total, 11684 us display, type 4
frame 5230: 28131 us total, 11685 us display, type 4
frame 5231: 28875 us total, 11680 us display, type 4
frame 5232: 28033 us total, 11684 us display, type 4
frame 5233: 29006 us total, 11681 us display, type 4
frame 5234: 28957 us total, 11684 us display, type 4
frame 5235: 28096 us total, 11723 us display, type 4
frame 5236: 29071 us total, 11809 us display, type 4
frame 5237: 27837 us total, 11680 us display, type 4
frame 5238: 29042 us total, 11691 us display, type 4
frame 5239: 27954 us total, 11677 us display, type 4
frame 5240: 29034 us total, 11687 us display, type 4
frame 5241: 29103 us total, 11683 us display, type 4
frame 5242: 27862 us total, 11684 us display, type 4
frame 5243: 29043 us total, 11682 us display, type 4
frame 5244: 27961 us total, 11684 us display, type 4
frame 5245: 29039 us total, 11683 us display, type 4
frame 5246: 28129 us total, 11813 us display, type 4
frame 5247: 28831 us total, 11680 us display, type 4
profile (avg of 128 frames, ms): logic+bsp 0.1 wait-fb 0.0 vp-mark 0.0 flats 0.4 columns 0.0 fuzz 0.0
frame 5248: 29607 us total, 11684 us display, type 4
frame 5249: 27407 us total, 11684 us display, type 4
frame 5250: 29023 us total, 11689 us display, type 4
frame 5251: 28100 us total, 11691 us display, type 4
frame 5252: 28860 us total, 11682 us display, type 4
frame 5253: 28043 us total, 11682 us display, type 4
frame 5254: 29001 us total, 11686 us display, type 4
frame 5255: 28962 us total, 11681 us display, type 4
frame 5256: 28090 us total, 11736 us display, type 4
frame 5257: 28908 us total, 11680 us display, type 4
frame 5258: 28038 us total, 11685 us display, type 4
frame 5259: 29002 us total, 11682 us display, type 4
frame 5260: 27954 us total, 11679 us display, type 4
frame 5261: 29039 us total, 11683 us display, type 4
frame 5262: 29100 us total, 11687 us display, type 4
frame 5263: 27867 us total, 11681 us display, type 4
frame 5264: 29049 us total, 11697 us display, type 4
frame 5265: 27954 us total, 11681 us display, type 4
frame 5266: 29036 us total, 11688 us display, type 4
frame 5267: 28123 us total, 11802 us display, type 4
frame 5268: 28835 us total, 11683 us display, type 4
frame 5269: 29041 us total, 11680 us display, type 4
frame 5270: 27976 us total, 11688 us display, type 4
frame 5271: 29022 us total, 11685 us display, type 4
frame 5272: 28091 us total, 11685 us display, type 4
frame 5273: 28872 us total, 11680 us display, type 4
frame 5274: 28035 us total, 11683 us display, type 4
frame 5275: 28983 us total, 11688 us display, type 4
frame 5276: 29017 us total, 11683 us display, type 4
frame 5277: 28050 us total, 11726 us display, type 4
frame 5278: 60117 us total, 12713 us display, type 5
frame 5279: 13070 us total, 12574 us display, type 5
frame 5280: 12824 us total, 12445 us display, type 5
frame 5281: 12956 us total, 12432 us display, type 5
frame 5282: 12918 us total, 12556 us display, type 5
frame 5283: 12955 us total, 12544 us display, type 5
frame 5284: 12918 us total, 12531 us display, type 5
frame 5285: 12928 us total, 12528 us display, type 5
frame 5286: 12924 us total, 12522 us display, type 5
frame 5287: 12922 us total, 12512 us display, type 5
frame 5288: 12820 us total, 12403 us display, type 5
frame 5289: 12863 us total, 12500 us display, type 5
frame 5290: 12881 us total, 12501 us display, type 5
frame 5291: 12892 us total, 12498 us display, type 5
frame 5292: 12908 us total, 12493 us display, type 5
frame 5293: 12881 us total, 12486 us display, type 5
frame 5294: 12788 us total, 12371 us display, type 5
frame 5295: 12872 us total, 12355 us display, type 5
frame 5296: 12870 us total, 12458 us display, type 5
frame 5297: 12827 us total, 12457 us display, type 5
frame 5298: 12873 us total, 12452 us display, type 5
frame 5299: 12834 us total, 12438 us display, type 5
frame 5300: 12868 us total, 12440 us display, type 5
frame 5301: 12814 us total, 12418 us display, type 5
frame 5302: 12736 us total, 12315 us display, type 5
frame 5303: 12769 us total, 12418 us display, type 5
frame 5304: 12805 us total, 12397 us display, type 5
frame 5305: 12829 us total, 12413 us display, type 5
frame 5306: 12812 us total, 12393 us display, type 5
frame 5307: 12809 us total, 12394 us display, type 5
frame 5308: 12670 us total, 12290 us display, type 5
frame 5309: 19629 us total, 12681 us display, type 5
frame 5310: 12876 us total, 12370 us display, type 5
frame 5311: 12863 us total, 12373 us display, type 5
frame 5312: 12650 us total, 12262 us display, type 5
frame 5313: 12732 us total, 12359 us display, type 5
frame 5314: 12742 us total, 12338 us display, type 5
frame 5315: 12744 us total, 12333 us display, type 5
frame 5316: 12744 us total, 12337 us display, type 5
frame 5317: 13839 us total, 12425 us display, type 5
frame 5318: 12817 us total, 12343 us display, type 5
frame 5319: 12646 us total, 12230 us display, type 5
frame 5320: 12692 us total, 12324 us display, type 5
frame 5321: 12721 us total, 12316 us display, type 5
frame 5322: 12707 us total, 12298 us display, type 5
frame 5323: 12678 us total, 12292 us display, type 5
frame 5324: 12706 us total, 12290 us display, type 5
frame 5325: 12600 us total, 12202 us display, type 5
frame 5326: 12636 us total, 12175 us display, type 5
frame 5327: 12650 us total, 12262 us display, type 5
frame 5328: 12659 us total, 12258 us display, type 5
frame 5329: 12653 us total, 12274 us display, type 5
frame 5330: 12677 us total, 12274 us display, type 5
frame 5331: 12570 us total, 12174 us display, type 5
frame 5332: 12639 us total, 12153 us display, type 5
frame 5333: 12608 us total, 12247 us display, type 5
frame 5334: 12747 us total, 12330 us display, type 5
frame 5335: 12655 us total, 12264 us display, type 5
frame 5336: 12665 us total, 12249 us display, type 5
frame 5337: 12634 us total, 12249 us display, type 5
frame 5338: 12561 us total, 12154 us display, type 5
frame 5339: 12609 us total, 12253 us display, type 5
frame 5340: 12607 us total, 12249 us display, type 5
frame 5341: 12625 us total, 12244 us display, type 5
frame 5342: 12635 us total, 12246 us display, type 5
frame 5343: 12624 us total, 12248 us display, type 5
frame 5344: 12546 us total, 12171 us display, type 5
frame 5345: 12575 us total, 12149 us display, type 5
frame 5346: 12604 us total, 12244 us display, type 5
frame 5347: 12623 us total, 12250 us display, type 5
frame 5348: 12618 us total, 12244 us display, type 5
frame 5349: 12621 us total, 12246 us display, type 5
frame 5350: 12230 us total, 11731 us display, type 3
frame 5351: 27724 us total, 11462 us display, type 3
frame 5352: 23760 us total, 11489 us display, type 3
frame 5353: 24575 us total, 11630 us display, type 3
frame 5354: 24105 us total, 11580 us display, type 3
frame 5355: 23808 us total, 11466 us display, type 3
frame 5356: 27036 us total, 11629 us display, type 3
frame 5357: 28992 us total, 11476 us display, type 3
frame 5358: 28889 us total, 11466 us display, type 3
frame 5359: 28488 us total, 11464 us display, type 3
frame 5360: 27756 us total, 11536 us display, type 3
frame 5361: 28136 us total, 11477 us display, type 3
frame 5362: 29057 us total, 11693 us display, type 3
frame 5363: 28158 us total, 11473 us display, type 3
frame 5364: 29101 us total, 11460 us display, type 3
frame 5365: 28548 us total, 11465 us display, type 3
frame 5366: 28717 us total, 11543 us display, type 3
frame 5367: 29492 us total, 11628 us display, type 3
frame 5368: 27852 us total, 11466 us display, type 3
frame 5369: 28758 us total, 11463 us display, type 3
frame 5370: 26476 us total, 11472 us display, type 3
frame 5371: 28159 us total, 11459 us display, type 3
frame 5372: 28813 us total, 11629 us display, type 3
frame 5373: 28107 us total, 11673 us display, type 3
frame 5374: 28571 us total, 11468 us display, type 3
frame 5375: 27472 us total, 11460 us display, type 3
profile (avg of 128 frames, ms): logic+bsp 1.8 wait-fb 0.0 vp-mark 0.5 flats 1.2 columns 2.0 fuzz 0.0
frame 5376: 29521 us total, 11471 us display, type 3
audio: 224 underruns, 69 ms queued
mem @frame 5376: heap free 46600, largest 20992, min ever 45768, zone free 37812, display stack free 4376, uptime 158 s, gamestate 0, demo 1, usergame 0, tic 5429
frame 5377: 29092 us total, 11453 us display, type 3
frame 5378: 27560 us total, 11450 us display, type 3
frame 5379: 28430 us total, 11657 us display, type 3
frame 5380: 26864 us total, 11458 us display, type 3
frame 5381: 27676 us total, 11457 us display, type 3
frame 5382: 27265 us total, 11443 us display, type 3
frame 5383: 28800 us total, 11577 us display, type 3
frame 5384: 27942 us total, 11449 us display, type 3
frame 5385: 27653 us total, 11810 us display, type 3
frame 5386: 28838 us total, 11450 us display, type 3
frame 5387: 28118 us total, 11655 us display, type 3
frame 5388: 30557 us total, 11443 us display, type 3
frame 5389: 27727 us total, 11443 us display, type 3
frame 5390: 29255 us total, 11457 us display, type 3
frame 5391: 28089 us total, 11443 us display, type 3
frame 5392: 27744 us total, 11594 us display, type 3
frame 5393: 29506 us total, 11450 us display, type 3
frame 5394: 28095 us total, 11448 us display, type 3
frame 5395: 28302 us total, 11442 us display, type 3
frame 5396: 28651 us total, 11814 us display, type 3
frame 5397: 29042 us total, 11449 us display, type 3
frame 5398: 28745 us total, 11819 us display, type 3
frame 5399: 27826 us total, 11445 us display, type 3
frame 5400: 27936 us total, 11443 us display, type 3
frame 5401: 32725 us total, 11461 us display, type 3
frame 5402: 28508 us total, 11456 us display, type 3
frame 5403: 28435 us total, 11476 us display, type 3
frame 5404: 28420 us total, 11456 us display, type 3
frame 5405: 27271 us total, 11443 us display, type 3
frame 5406: 29790 us total, 11578 us display, type 3
frame 5407: 31176 us total, 11584 us display, type 3
frame 5408: 29386 us total, 11474 us display, type 3
frame 5409: 29956 us total, 11476 us display, type 3
frame 5410: 28353 us total, 11460 us display, type 3
frame 5411: 30400 us total, 11473 us display, type 3
frame 5412: 29142 us total, 11483 us display, type 3
frame 5413: 29095 us total, 11478 us display, type 3
frame 5414: 30307 us total, 11476 us display, type 3
frame 5415: 27542 us total, 11485 us display, type 3
frame 5416: 30212 us total, 11489 us display, type 3
frame 5417: 34090 us total, 11471 us display, type 3
frame 5418: 34205 us total, 11472 us display, type 3
frame 5419: 34536 us total, 11732 us display, type 3
frame 5420: 34359 us total, 11470 us display, type 3
frame 5421: 35359 us total, 11486 us display, type 3
frame 5422: 38664 us total, 11472 us display, type 3
frame 5423: 37928 us total, 11688 us display, type 3
frame 5424: 38997 us total, 11481 us display, type 3
frame 5425: 39825 us total, 11480 us display, type 3
frame 5426: 43039 us total, 11495 us display, type 3
frame 5427: 41276 us total, 11591 us display, type 3
frame 5428: 41291 us total, 11480 us display, type 3
frame 5429: 38387 us total, 11497 us display, type 3
frame 5430: 39777 us total, 11476 us display, type 3
frame 5431: 32407 us total, 11526 us display, type 3
frame 5432: 35700 us total, 11494 us display, type 3
frame 5433: 34656 us total, 11766 us display, type 3
frame 5434: 31205 us total, 11622 us display, type 3
frame 5435: 27282 us total, 11472 us display, type 3
frame 5436: 30082 us total, 11465 us display, type 3
frame 5437: 28701 us total, 11469 us display, type 3
frame 5438: 30661 us total, 11465 us display, type 3
frame 5439: 29110 us total, 11465 us display, type 3
frame 5440: 25382 us total, 11642 us display, type 3
frame 5441: 28346 us total, 11475 us display, type 3
frame 5442: 26201 us total, 11460 us display, type 3
frame 5443: 28195 us total, 11469 us display, type 3
frame 5444: 27395 us total, 11457 us display, type 3
frame 5445: 24049 us total, 11466 us display, type 3
frame 5446: 28027 us total, 11806 us display, type 3
frame 5447: 25422 us total, 11467 us display, type 3
frame 5448: 30871 us total, 11840 us display, type 3
frame 5449: 30165 us total, 11616 us display, type 3
frame 5450: 25969 us total, 11463 us display, type 3
frame 5451: 31644 us total, 11479 us display, type 3
frame 5452: 26520 us total, 11472 us display, type 3
frame 5453: 30289 us total, 11466 us display, type 3
frame 5454: 27850 us total, 11472 us display, type 3
frame 5455: 26256 us total, 11614 us display, type 3
frame 5456: 29082 us total, 11602 us display, type 3
frame 5457: 25786 us total, 11457 us display, type 3
frame 5458: 30513 us total, 11560 us display, type 3
frame 5459: 28209 us total, 11471 us display, type 3
frame 5460: 26212 us total, 11464 us display, type 3
frame 5461: 29199 us total, 11463 us display, type 3
frame 5462: 28854 us total, 11469 us display, type 3
frame 5463: 26174 us total, 11452 us display, type 3
frame 5464: 30003 us total, 11474 us display, type 3
frame 5465: 27418 us total, 11610 us display, type 3
frame 5466: 29854 us total, 11661 us display, type 3
frame 5467: 29155 us total, 11464 us display, type 3
frame 5468: 27066 us total, 11466 us display, type 3
frame 5469: 30461 us total, 11461 us display, type 3
frame 5470: 26776 us total, 11466 us display, type 3
frame 5471: 31969 us total, 11771 us display, type 3
frame 5472: 29349 us total, 11474 us display, type 3
frame 5473: 26902 us total, 11459 us display, type 3
frame 5474: 29795 us total, 11578 us display, type 3
frame 5475: 31340 us total, 11476 us display, type 3
frame 5476: 28218 us total, 11461 us display, type 3
frame 5477: 30817 us total, 11476 us display, type 3
frame 5478: 28721 us total, 11811 us display, type 3
frame 5479: 31868 us total, 11716 us display, type 3
frame 5480: 30555 us total, 11479 us display, type 3
frame 5481: 28511 us total, 11478 us display, type 3
frame 5482: 30544 us total, 11469 us display, type 3
frame 5483: 31307 us total, 11800 us display, type 3
frame 5484: 28595 us total, 11461 us display, type 3
frame 5485: 30475 us total, 11731 us display, type 3
frame 5486: 30113 us total, 11474 us display, type 3
frame 5487: 30209 us total, 11469 us display, type 3
frame 5488: 31045 us total, 11473 us display, type 3
frame 5489: 32817 us total, 11462 us display, type 3
frame 5490: 29662 us total, 11472 us display, type 3
frame 5491: 31434 us total, 11471 us display, type 3
frame 5492: 31371 us total, 11525 us display, type 3
frame 5493: 31456 us total, 11636 us display, type 3
frame 5494: 31862 us total, 11475 us display, type 3
frame 5495: 31492 us total, 11471 us display, type 3
frame 5496: 29965 us total, 11471 us display, type 3
frame 5497: 31718 us total, 11624 us display, type 3
frame 5498: 31450 us total, 11464 us display, type 3
frame 5499: 29585 us total, 11462 us display, type 3
frame 5500: 32260 us total, 11457 us display, type 3
frame 5501: 31857 us total, 11471 us display, type 3
frame 5502: 33508 us total, 11469 us display, type 3
frame 5503: 32628 us total, 11490 us display, type 3
profile (avg of 128 frames, ms): logic+bsp 7.3 wait-fb 0.0 vp-mark 1.7 flats 3.8 columns 9.7 fuzz 0.0
frame 5504: 31996 us total, 11468 us display, type 3
frame 5505: 31808 us total, 11464 us display, type 3
frame 5506: 30292 us total, 11474 us display, type 3
frame 5507: 30894 us total, 11470 us display, type 3
frame 5508: 30577 us total, 11752 us display, type 3
frame 5509: 31433 us total, 11476 us display, type 3
frame 5510: 32459 us total, 11475 us display, type 3
frame 5511: 31879 us total, 11466 us display, type 3
frame 5512: 32424 us total, 11644 us display, type 3
frame 5513: 33176 us total, 11475 us display, type 3
frame 5514: 34989 us total, 11472 us display, type 3
frame 5515: 33256 us total, 11466 us display, type 3
frame 5516: 34895 us total, 11467 us display, type 3
frame 5517: 33774 us total, 11476 us display, type 3
frame 5518: 35553 us total, 11468 us display, type 3
frame 5519: 30678 us total, 11458 us display, type 3
frame 5520: 31691 us total, 11468 us display, type 3
frame 5521: 30453 us total, 11502 us display, type 3
frame 5522: 29993 us total, 11687 us display, type 3
frame 5523: 31857 us total, 11793 us display, type 3
frame 5524: 29461 us total, 11614 us display, type 3
frame 5525: 28683 us total, 11649 us display, type 3
frame 5526: 28481 us total, 11481 us display, type 3
frame 5527: 31083 us total, 11470 us display, type 3
frame 5528: 30437 us total, 11748 us display, type 3
frame 5529: 29999 us total, 11579 us display, type 3
frame 5530: 30927 us total, 11684 us display, type 3
frame 5531: 29386 us total, 11476 us display, type 3
frame 5532: 30702 us total, 11606 us display, type 3
frame 5533: 27784 us total, 11464 us display, type 3
frame 5534: 29351 us total, 11462 us display, type 3
frame 5535: 28424 us total, 11461 us display, type 3
frame 5536: 27690 us total, 11655 us display, type 3
frame 5537: 29336 us total, 11468 us display, type 3
frame 5538: 29109 us total, 11474 us display, type 3
frame 5539: 27118 us total, 11471 us display, type 3
frame 5540: 30313 us total, 11465 us display, type 3
frame 5541: 28105 us total, 11477 us display, type 3
frame 5542: 29533 us total, 11547 us display, type 3
frame 5543: 29076 us total, 11742 us display, type 3
frame 5544: 27629 us total, 11469 us display, type 3
frame 5545: 28223 us total, 11461 us display, type 3
frame 5546: 26951 us total, 11464 us display, type 3
frame 5547: 29609 us total, 11535 us display, type 3
frame 5548: 29076 us total, 11640 us display, type 3
frame 5549: 27215 us total, 11802 us display, type 3
frame 5550: 28356 us total, 11473 us display, type 3
frame 5551: 27363 us total, 11611 us display, type 3
frame 5552: 28721 us total, 11490 us display, type 3
frame 5553: 27826 us total, 11461 us display, type 3
frame 5554: 27364 us total, 11592 us display, type 3
frame 5555: 27235 us total, 11524 us display, type 3
frame 5556: 26281 us total, 11482 us display, type 3
frame 5557: 29583 us total, 11471 us display, type 3
frame 5558: 29491 us total, 11665 us display, type 3
frame 5559: 25769 us total, 11458 us display, type 3
frame 5560: 29298 us total, 11468 us display, type 3
frame 5561: 28541 us total, 11472 us display, type 3
frame 5562: 27239 us total, 11471 us display, type 3
frame 5563: 28772 us total, 11471 us display, type 3
frame 5564: 27613 us total, 11455 us display, type 3
frame 5565: 29625 us total, 11822 us display, type 3
frame 5566: 28146 us total, 11630 us display, type 3
frame 5567: 27623 us total, 11470 us display, type 3
frame 5568: 32376 us total, 11548 us display, type 3
frame 5569: 27223 us total, 11802 us display, type 3
frame 5570: 28815 us total, 11459 us display, type 3
frame 5571: 29988 us total, 11463 us display, type 3
frame 5572: 27893 us total, 11471 us display, type 3
frame 5573: 28825 us total, 11469 us display, type 3
frame 5574: 28148 us total, 11464 us display, type 3
frame 5575: 26321 us total, 11466 us display, type 3
frame 5576: 30568 us total, 11729 us display, type 3
frame 5577: 27224 us total, 11611 us display, type 3
frame 5578: 29994 us total, 11617 us display, type 3
frame 5579: 29074 us total, 11466 us display, type 3
frame 5580: 26288 us total, 11458 us display, type 3
frame 5581: 30595 us total, 11473 us display, type 3
frame 5582: 27475 us total, 11785 us display, type 3
frame 5583: 29026 us total, 11474 us display, type 3
frame 5584: 28051 us total, 11472 us display, type 3
frame 5585: 26636 us total, 11462 us display, type 3
frame 5586: 29701 us total, 11495 us display, type 3
frame 5587: 28262 us total, 11464 us display, type 3
frame 5588: 28184 us total, 11603 us display, type 3
frame 5589: 27720 us total, 11457 us display, type 3
frame 5590: 26798 us total, 11459 us display, type 3
frame 5591: 28957 us total, 11461 us display, type 3
frame 5592: 28701 us total, 11623 us display, type 3
frame 5593: 26803 us total, 11462 us display, type 3
frame 5594: 28739 us total, 11456 us display, type 3
frame 5595: 27380 us total, 11466 us display, type 3
frame 5596: 28837 us total, 11465 us display, type 3
frame 5597: 29436 us total, 11465 us display, type 3
frame 5598: 27744 us total, 11459 us display, type 3
frame 5599: 28548 us total, 11457 us display, type 3
frame 5600: 27548 us total, 11461 us display, type 3
frame 5601: 28394 us total, 11464 us display, type 3
frame 5602: 29162 us total, 11456 us display, type 3
frame 5603: 28045 us total, 11456 us display, type 3
frame 5604: 28120 us total, 11453 us display, type 3
frame 5605: 27291 us total, 11449 us display, type 3
frame 5606: 29357 us total, 11442 us display, type 3
frame 5607: 30689 us total, 11459 us display, type 3
frame 5608: 30031 us total, 11455 us display, type 3
frame 5609: 32705 us total, 11466 us display, type 3
frame 5610: 30704 us total, 11495 us display, type 3
frame 5611: 29073 us total, 11667 us display, type 3
frame 5612: 29071 us total, 11616 us display, type 3
frame 5613: 28500 us total, 11475 us display, type 3
frame 5614: 29585 us total, 11460 us display, type 3
frame 5615: 27689 us total, 11475 us display, type 3
frame 5616: 28506 us total, 11816 us display, type 3
frame 5617: 27709 us total, 11475 us display, type 3
frame 5618: 28825 us total, 11471 us display, type 3
frame 5619: 27894 us total, 11707 us display, type 3
frame 5620: 28151 us total, 11543 us display, type 3
frame 5621: 30924 us total, 11590 us display, type 3
frame 5622: 30457 us total, 11467 us display, type 3
frame 5623: 31402 us total, 11658 us display, type 3
frame 5624: 33060 us total, 11474 us display, type 3
frame 5625: 31859 us total, 11487 us display, type 3
frame 5626: 33837 us total, 11477 us display, type 3
frame 5627: 31766 us total, 11595 us display, type 3
frame 5628: 30765 us total, 11720 us display, type 3
frame 5629: 28578 us total, 11471 us display, type 3
frame 5630: 28071 us total, 11464 us display, type 3
frame 5631: 28692 us total, 11471 us display, type 3
profile (avg of 128 frames, ms): logic+bsp 7.1 wait-fb 0.0 vp-mark 2.3 flats 4.7 columns 9.6 fuzz 0.0
frame 5632: 29656 us total, 11466 us display, type 3
audio: 224 underruns, 46 ms queued
mem @frame 5632: heap free 46600, largest 20992, min ever 45768, zone free 37812, display stack free 4376, uptime 166 s, gamestate 0, demo 1, usergame 0, tic 5695
frame 5633: 29661 us total, 11463 us display, type 3
frame 5634: 29919 us total, 11466 us display, type 3
frame 5635: 27825 us total, 11589 us display, type 3
frame 5636: 28304 us total, 11473 us display, type 3
frame 5637: 28353 us total, 11478 us display, type 3
frame 5638: 27816 us total, 11468 us display, type 3
frame 5639: 27527 us total, 11580 us display, type 3
frame 5640: 26099 us total, 11466 us display, type 3
frame 5641: 25399 us total, 11473 us display, type 3
frame 5642: 25954 us total, 11519 us display, type 3
frame 5643: 24837 us total, 11460 us display, type 3
frame 5644: 24121 us total, 11465 us display, type 3
frame 5645: 23875 us total, 11588 us display, type 3
frame 5646: 24063 us total, 11462 us display, type 3
frame 5647: 25464 us total, 11470 us display, type 3
frame 5648: 28071 us total, 11458 us display, type 3
frame 5649: 28628 us total, 11549 us display, type 3
frame 5650: 28147 us total, 11820 us display, type 3
frame 5651: 28472 us total, 11466 us display, type 3
frame 5652: 27503 us total, 11451 us display, type 3
frame 5653: 27364 us total, 11465 us display, type 3
frame 5654: 28023 us total, 11513 us display, type 3
frame 5655: 25862 us total, 11443 us display, type 3
frame 5656: 26776 us total, 11452 us display, type 3
frame 5657: 27345 us total, 11457 us display, type 3
frame 5658: 28009 us total, 11451 us display, type 3
frame 5659: 34690 us total, 11606 us display, type 3
frame 5660: 28305 us total, 11463 us display, type 3
frame 5661: 29633 us total, 11450 us display, type 3
frame 5662: 30318 us total, 11465 us display, type 3
frame 5663: 28145 us total, 11821 us display, type 3
frame 5664: 28917 us total, 11474 us display, type 3
frame 5665: 28061 us total, 11628 us display, type 3
frame 5666: 31224 us total, 11472 us display, type 3
frame 5667: 32011 us total, 11475 us display, type 3
frame 5668: 27673 us total, 11482 us display, type 3
frame 5669: 30356 us total, 11472 us display, type 3
frame 5670: 30587 us total, 11809 us display, type 3
frame 5671: 29165 us total, 11497 us display, type 3
frame 5672: 31719 us total, 11751 us display, type 3
frame 5673: 35377 us total, 11616 us display, type 3
frame 5674: 34258 us total, 11474 us display, type 3
frame 5675: 35496 us total, 11756 us display, type 3
frame 5676: 36589 us total, 11821 us display, type 3
frame 5677: 41040 us total, 11469 us display, type 3
frame 5678: 39518 us total, 11730 us display, type 3
frame 5679: 39960 us total, 11493 us display, type 3
frame 5680: 41074 us total, 11469 us display, type 3
frame 5681: 41042 us total, 11477 us display, type 3
frame 5682: 45927 us total, 11776 us display, type 3
frame 5683: 42118 us total, 11483 us display, type 3
frame 5684: 45247 us total, 11469 us display, type 3
frame 5685: 43990 us total, 11486 us display, type 3
frame 5686: 46567 us total, 11690 us display, type 3
frame 5687: 44074 us total, 11561 us display, type 3
frame 5688: 44179 us total, 11470 us display, type 3
frame 5689: 49636 us total, 11464 us display, type 3
frame 5690: 45238 us total, 11478 us display, type 3
frame 5691: 51345 us total, 11470 us display, type 3
frame 5692: 48788 us total, 11477 us display, type 3
frame 5693: 50308 us total, 11473 us display, type 3
frame 5694: 47214 us total, 11480 us display, type 3
frame 5695: 46875 us total, 11478 us display, type 3
frame 5696: 46266 us total, 11472 us display, type 3
frame 5697: 44594 us total, 11699 us display, type 3
frame 5698: 44995 us total, 11666 us display, type 3
frame 5699: 46304 us total, 11470 us display, type 3
frame 5700: 46906 us total, 11477 us display, type 3
frame 5701: 46973 us total, 11466 us display, type 3
frame 5702: 44818 us total, 11485 us display, type 3
frame 5703: 47402 us total, 11646 us display, type 3
frame 5704: 49172 us total, 11473 us display, type 3
frame 5705: 53457 us total, 11483 us display, type 3
frame 5706: 47383 us total, 11563 us display, type 3
frame 5707: 42207 us total, 11547 us display, type 3
frame 5708: 38111 us total, 11479 us display, type 3
frame 5709: 35045 us total, 11583 us display, type 3
frame 5710: 31650 us total, 11491 us display, type 3
frame 5711: 31448 us total, 11471 us display, type 3
frame 5712: 33300 us total, 11462 us display, type 3
frame 5713: 31559 us total, 11473 us display, type 3
frame 5714: 28898 us total, 11471 us display, type 3
frame 5715: 28847 us total, 11780 us display, type 3
frame 5716: 28530 us total, 11467 us display, type 3
frame 5717: 25205 us total, 11472 us display, type 3
frame 5718: 26850 us total, 11607 us display, type 3
frame 5719: 22485 us total, 11470 us display, type 3
frame 5720: 24374 us total, 11557 us display, type 3
frame 5721: 22419 us total, 11763 us display, type 3
frame 5722: 24511 us total, 11477 us display, type 3
frame 5723: 26316 us total, 11457 us display, type 3
frame 5724: 29389 us total, 11560 us display, type 3
frame 5725: 27804 us total, 11458 us display, type 3
frame 5726: 28205 us total, 11464 us display, type 3
frame 5727: 30334 us total, 11463 us display, type 3
frame 5728: 26721 us total, 11473 us display, type 3
frame 5729: 28968 us total, 11467 us display, type 3
frame 5730: 28311 us total, 11458 us display, type 3
frame 5731: 26953 us total, 11465 us display, type 3
frame 5732: 28655 us total, 11463 us display, type 3
frame 5733: 28925 us total, 11471 us display, type 3
frame 5734: 27567 us total, 11455 us display, type 3
frame 5735: 28492 us total, 11464 us display, type 3
frame 5736: 28018 us total, 11461 us display, type 3
frame 5737: 28437 us total, 11455 us display, type 3
frame 5738: 28305 us total, 11462 us display, type 3
frame 5739: 26172 us total, 11450 us display, type 3
frame 5740: 28776 us total, 11451 us display, type 3
frame 5741: 28486 us total, 11458 us display, type 3
frame 5742: 28566 us total, 11450 us display, type 3
frame 5743: 28280 us total, 11456 us display, type 3
frame 5744: 30498 us total, 11443 us display, type 3
frame 5745: 27432 us total, 11458 us display, type 3
frame 5746: 28981 us total, 11512 us display, type 3
frame 5747: 32983 us total, 11461 us display, type 3
frame 5748: 30255 us total, 11462 us display, type 3
frame 5749: 27333 us total, 11456 us display, type 3
frame 5750: 34381 us total, 11469 us display, type 3
frame 5751: 31316 us total, 11468 us display, type 3
frame 5752: 28828 us total, 11471 us display, type 3
frame 5753: 30084 us total, 11480 us display, type 3
frame 5754: 29299 us total, 11464 us display, type 3
frame 5755: 28075 us total, 11472 us display, type 3
frame 5756: 28964 us total, 11475 us display, type 3
frame 5757: 29453 us total, 11796 us display, type 3
frame 5758: 28547 us total, 11472 us display, type 3
frame 5759: 29203 us total, 11473 us display, type 3
profile (avg of 128 frames, ms): logic+bsp 8.3 wait-fb 0.0 vp-mark 1.4 flats 3.7 columns 11.9 fuzz 0.0
frame 5760: 29605 us total, 11478 us display, type 3
frame 5761: 29163 us total, 11478 us display, type 3
frame 5762: 29777 us total, 11539 us display, type 3
frame 5763: 32783 us total, 11578 us display, type 3
frame 5764: 33484 us total, 11470 us display, type 3
frame 5765: 32236 us total, 11603 us display, type 3
frame 5766: 32783 us total, 11744 us display, type 3
frame 5767: 31938 us total, 11469 us display, type 3
frame 5768: 33173 us total, 11471 us display, type 3
frame 5769: 34457 us total, 11468 us display, type 3
frame 5770: 34503 us total, 11496 us display, type 3
frame 5771: 34128 us total, 11477 us display, type 3
frame 5772: 34227 us total, 11643 us display, type 3
frame 5773: 36345 us total, 11617 us display, type 3
frame 5774: 35430 us total, 11475 us display, type 3
frame 5775: 36021 us total, 11464 us display, type 3
frame 5776: 34778 us total, 11716 us display, type 3
frame 5777: 33724 us total, 11471 us display, type 3
frame 5778: 31839 us total, 11500 us display, type 3
frame 5779: 30098 us total, 11484 us display, type 3
frame 5780: 29183 us total, 11476 us display, type 3
frame 5781: 29374 us total, 11468 us display, type 3
frame 5782: 28719 us total, 11472 us display, type 3
frame 5783: 30928 us total, 11474 us display, type 3
frame 5784: 30782 us total, 11522 us display, type 3
frame 5785: 31856 us total, 11700 us display, type 3
frame 5786: 30459 us total, 11477 us display, type 3
frame 5787: 31727 us total, 11475 us display, type 3
frame 5788: 31794 us total, 11478 us display, type 3
frame 5789: 33034 us total, 11614 us display, type 3
frame 5790: 32420 us total, 11473 us display, type 3
frame 5791: 31279 us total, 11471 us display, type 3
frame 5792: 31788 us total, 11478 us display, type 3
frame 5793: 29707 us total, 11824 us display, type 3
frame 5794: 29304 us total, 11470 us display, type 3
frame 5795: 28003 us total, 11464 us display, type 3
frame 5796: 26270 us total, 11467 us display, type 3
frame 5797: 30856 us total, 11719 us display, type 3
frame 5798: 27444 us total, 11467 us display, type 3
frame 5799: 29926 us total, 11465 us display, type 3
frame 5800: 30192 us total, 11475 us display, type 3
frame 5801: 28472 us total, 11461 us display, type 3
frame 5802: 30434 us total, 11472 us display, type 3
frame 5803: 31732 us total, 11464 us display, type 3
frame 5804: 30453 us total, 11456 us display, type 3
frame 5805: 31349 us total, 11605 us display, type 3
frame 5806: 31165 us total, 11470 us display, type 3
frame 5807: 30286 us total, 11478 us display, type 3
frame 5808: 33192 us total, 11625 us display, type 3
frame 5809: 30924 us total, 11607 us display, type 3
frame 5810: 28354 us total, 11471 us display, type 3
frame 5811: 30318 us total, 11470 us display, type 3
frame 5812: 30558 us total, 11470 us display, type 3
frame 5813: 29149 us total, 11476 us display, type 3
frame 5814: 28839 us total, 11650 us display, type 3
frame 5815: 26343 us total, 11476 us display, type 3
frame 5816: 27442 us total, 11467 us display, type 3
frame 5817: 27700 us total, 11656 us display, type 3
frame 5818: 26277 us total, 11707 us display, type 3
frame 5819: 27511 us total, 11485 us display, type 3
frame 5820: 25393 us total, 11472 us display, type 3
frame 5821: 27841 us total, 11493 us display, type 3
frame 5822: 27392 us total, 11477 us display, type 3
frame 5823: 25939 us total, 11567 us display, type 3
frame 5824: 29216 us total, 11483 us display, type 3
frame 5825: 26265 us total, 11578 us display, type 3
frame 5826: 30322 us total, 11608 us display, type 3
frame 5827: 28028 us total, 11476 us display, type 3
frame 5828: 25443 us total, 11464 us display, type 3
frame 5829: 29438 us total, 11568 us display, type 3
frame 5830: 26464 us total, 11456 us display, type 3
frame 5831: 30124 us total, 11479 us display, type 3
frame 5832: 27771 us total, 11462 us display, type 3
frame 5833: 28136 us total, 11558 us display, type 3
frame 5834: 29144 us total, 11601 us display, type 3
frame 5835: 29558 us total, 11466 us display, type 3
frame 5836: 28697 us total, 11460 us display, type 3
frame 5837: 27774 us total, 11459 us display, type 3
frame 5838: 26950 us total, 11459 us display, type 3
frame 5839: 27977 us total, 11457 us display, type 3
frame 5840: 27352 us total, 11450 us display, type 3
frame 5841: 29594 us total, 11453 us display, type 3
frame 5842: 28987 us total, 11453 us display, type 3
frame 5843: 27687 us total, 11469 us display, type 3
frame 5844: 28528 us total, 11453 us display, type 3
frame 5845: 29081 us total, 11452 us display, type 3
frame 5846: 28058 us total, 11810 us display, type 3
frame 5847: 29198 us total, 11470 us display, type 3
frame 5848: 28414 us total, 11458 us display, type 3
frame 5849: 29556 us total, 11636 us display, type 3
frame 5850: 28213 us total, 11458 us display, type 3
frame 5851: 27980 us total, 11574 us display, type 3
frame 5852: 29341 us total, 11461 us display, type 3
frame 5853: 27799 us total, 11469 us display, type 3
frame 5854: 27073 us total, 11442 us display, type 3
frame 5855: 27608 us total, 11820 us display, type 3
frame 5856: 27222 us total, 11451 us display, type 3
frame 5857: 29993 us total, 11451 us display, type 3
frame 5858: 28754 us total, 11495 us display, type 3
frame 5859: 26858 us total, 11444 us display, type 3
frame 5860: 29388 us total, 11621 us display, type 3
frame 5861: 27687 us total, 11450 us display, type 3
frame 5862: 30913 us total, 11444 us display, type 3
frame 5863: 30562 us total, 11456 us display, type 3
frame 5864: 29498 us total, 11460 us display, type 3
frame 5865: 30613 us total, 11464 us display, type 3
frame 5866: 29184 us total, 11456 us display, type 3
frame 5867: 28907 us total, 11576 us display, type 3
frame 5868: 28629 us total, 11460 us display, type 3
frame 5869: 27251 us total, 11460 us display, type 3
frame 5870: 28378 us total, 11728 us display, type 3
frame 5871: 31690 us total, 11461 us display, type 3
frame 5872: 27696 us total, 11465 us display, type 3
frame 5873: 30605 us total, 11724 us display, type 3
frame 5874: 27485 us total, 11477 us display, type 3
frame 5875: 31103 us total, 11466 us display, type 3
frame 5876: 30923 us total, 11470 us display, type 3
frame 5877: 29605 us total, 11673 us display, type 3
frame 5878: 30001 us total, 11643 us display, type 3
frame 5879: 29259 us total, 11473 us display, type 3
frame 5880: 28891 us total, 11818 us display, type 3
frame 5881: 29997 us total, 11820 us display, type 3
frame 5882: 29094 us total, 11472 us display, type 3
frame 5883: 29253 us total, 11477 us display, type 3
frame 5884: 28876 us total, 11798 us display, type 3
frame 5885: 27742 us total, 11481 us display, type 3
frame 5886: 29468 us total, 11790 us display, type 3
frame 5887: 28532 us total, 11481 us display, type 3
profile (avg of 128 frames, ms): logic+bsp 8.3 wait-fb 0.0 vp-mark 1.3 flats 3.5 columns 9.9 fuzz 0.0
frame 5888: 28472 us total, 11472 us display, type 3
audio: 224 underruns, 69 ms queued
mem @frame 5888: heap free 46600, largest 20992, min ever 45768, zone free 37812, display stack free 4376, uptime 174 s, gamestate 0, demo 1, usergame 0, tic 5976
frame 5889: 31148 us total, 11536 us display, type 3
frame 5890: 33990 us total, 11476 us display, type 3
frame 5891: 31115 us total, 11472 us display, type 3
frame 5892: 32759 us total, 11469 us display, type 3
frame 5893: 33794 us total, 11466 us display, type 3
frame 5894: 30754 us total, 11482 us display, type 3
frame 5895: 34171 us total, 11603 us display, type 3
frame 5896: 34123 us total, 11475 us display, type 3
frame 5897: 34819 us total, 11472 us display, type 3
frame 5898: 32075 us total, 11460 us display, type 3
frame 5899: 34246 us total, 11776 us display, type 3
frame 5900: 35576 us total, 11584 us display, type 3
frame 5901: 36934 us total, 11472 us display, type 3
frame 5902: 31649 us total, 11612 us display, type 3
frame 5903: 33665 us total, 11483 us display, type 3
frame 5904: 33735 us total, 11487 us display, type 3
frame 5905: 30858 us total, 11520 us display, type 3
frame 5906: 33204 us total, 11473 us display, type 3
frame 5907: 31843 us total, 11476 us display, type 3
frame 5908: 30665 us total, 11827 us display, type 3
frame 5909: 31891 us total, 11475 us display, type 3
frame 5910: 32771 us total, 11850 us display, type 3
frame 5911: 30935 us total, 11636 us display, type 3
frame 5912: 28129 us total, 11474 us display, type 3
frame 5913: 30327 us total, 11484 us display, type 3
frame 5914: 27409 us total, 11615 us display, type 3
frame 5915: 28844 us total, 11491 us display, type 3
frame 5916: 28465 us total, 11466 us display, type 3
frame 5917: 26046 us total, 11474 us display, type 3
frame 5918: 27147 us total, 11474 us display, type 3
frame 5919: 25845 us total, 11825 us display, type 3
frame 5920: 29067 us total, 11655 us display, type 3
frame 5921: 28143 us total, 11768 us display, type 3
frame 5922: 24676 us total, 11470 us display, type 3
frame 5923: 27966 us total, 11470 us display, type 3
frame 5924: 25151 us total, 11804 us display, type 3
frame 5925: 27174 us total, 11833 us display, type 3
frame 5926: 24673 us total, 11465 us display, type 3
frame 5927: 26851 us total, 11558 us display, type 3
frame 5928: 27224 us total, 11645 us display, type 3
frame 5929: 25867 us total, 11461 us display, type 3
frame 5930: 32272 us total, 11752 us display, type 3
frame 5931: 24557 us total, 11472 us display, type 3
frame 5932: 29959 us total, 11786 us display, type 3
frame 5933: 34554 us total, 11645 us display, type 3
frame 5934: 27358 us total, 11469 us display, type 3
frame 5935: 30627 us total, 11475 us display, type 3
frame 5936: 30186 us total, 11463 us display, type 3
frame 5937: 27547 us total, 11473 us display, type 3
frame 5938: 30928 us total, 11465 us display, type 3
frame 5939: 27631 us total, 11674 us display, type 3
frame 5940: 31340 us total, 11461 us display, type 3
frame 5941: 30457 us total, 11473 us display, type 3
frame 5942: 28203 us total, 11628 us display, type 3
frame 5943: 31246 us total, 11468 us display, type 3
frame 5944: 30437 us total, 11466 us display, type 3
frame 5945: 29252 us total, 11760 us display, type 3
frame 5946: 31091 us total, 11472 us display, type 3
frame 5947: 30505 us total, 11468 us display, type 3
frame 5948: 27983 us total, 11476 us display, type 3
frame 5949: 30740 us total, 11475 us display, type 3
frame 5950: 30542 us total, 11470 us display, type 3
frame 5951: 25449 us total, 11471 us display, type 3
frame 5952: 27191 us total, 11714 us display, type 3
frame 5953: 24320 us total, 11468 us display, type 3
frame 5954: 25371 us total, 11485 us display, type 3
frame 5955: 23597 us total, 11467 us display, type 3
frame 5956: 24592 us total, 11458 us display, type 3
frame 5957: 22081 us total, 11465 us display, type 3
frame 5958: 28182 us total, 11655 us display, type 3
frame 5959: 28148 us total, 11739 us display, type 3
frame 5960: 24597 us total, 11456 us display, type 3
frame 5961: 28706 us total, 11738 us display, type 3
frame 5962: 26224 us total, 11460 us display, type 3
frame 5963: 28541 us total, 11447 us display, type 3
frame 5964: 24016 us total, 11441 us display, type 3
frame 5965: 29530 us total, 11450 us display, type 3
frame 5966: 29123 us total, 11442 us display, type 3
frame 5967: 25284 us total, 11449 us display, type 3
frame 5968: 31380 us total, 11747 us display, type 3
frame 5969: 28363 us total, 11450 us display, type 3
frame 5970: 26796 us total, 11485 us display, type 3
frame 5971: 30137 us total, 11455 us display, type 3
frame 5972: 25939 us total, 11444 us display, type 3
frame 5973: 31149 us total, 11531 us display, type 3
frame 5974: 27557 us total, 11451 us display, type 3
frame 5975: 26917 us total, 11550 us display, type 3
frame 5976: 29381 us total, 11444 us display, type 3
frame 5977: 27202 us total, 11451 us display, type 3
frame 5978: 31563 us total, 11665 us display, type 3
frame 5979: 28234 us total, 11445 us display, type 3
frame 5980: 27900 us total, 11599 us display, type 3
frame 5981: 28694 us total, 11443 us display, type 3
frame 5982: 31341 us total, 11443 us display, type 3
frame 5983: 26664 us total, 11444 us display, type 3
frame 5984: 30900 us total, 11451 us display, type 3
frame 5985: 30650 us total, 11464 us display, type 3
frame 5986: 30377 us total, 11455 us display, type 3
frame 5987: 29600 us total, 11529 us display, type 3
frame 5988: 28182 us total, 11711 us display, type 3
frame 5989: 29201 us total, 11466 us display, type 3
frame 5990: 28556 us total, 11463 us display, type 3
frame 5991: 26556 us total, 11675 us display, type 3
frame 5992: 28403 us total, 11455 us display, type 3
frame 5993: 27283 us total, 11443 us display, type 3
frame 5994: 28355 us total, 11452 us display, type 3
frame 5995: 27414 us total, 11513 us display, type 3
frame 5996: 27137 us total, 11442 us display, type 3
frame 5997: 28594 us total, 11449 us display, type 3
frame 5998: 29313 us total, 11449 us display, type 3
frame 5999: 29767 us total, 11448 us display, type 3
frame 6000: 28773 us total, 11450 us display, type 3
frame 6001: 28321 us total, 11451 us display, type 3
frame 6002: 30712 us total, 11676 us display, type 3
frame 6003: 29986 us total, 11549 us display, type 3
frame 6004: 28249 us total, 11459 us display, type 3
frame 6005: 30811 us total, 11478 us display, type 3
frame 6006: 29203 us total, 11465 us display, type 3
frame 6007: 27945 us total, 11663 us display, type 3
frame 6008: 29624 us total, 11464 us display, type 3
frame 6009: 28083 us total, 11464 us display, type 3
frame 6010: 30049 us total, 11474 us display, type 3
frame 6011: 26928 us total, 11464 us display, type 3
frame 6012: 27864 us total, 11458 us display, type 3
frame 6013: 30120 us total, 11465 us display, type 3
frame 6014: 33071 us total, 11601 us display, type 3
frame 6015: 30909 us total, 11474 us display, type 3
profile (avg of 128 frames, ms): logic+bsp 6.6 wait-fb 0.0 vp-mark 0.8 flats 2.4 columns 10.4 fuzz 0.0
frame 6016: 30999 us total, 11475 us display, type 3
frame 6017: 30182 us total, 11488 us display, type 3
frame 6018: 31440 us total, 11479 us display, type 3
frame 6019: 31357 us total, 11472 us display, type 3
frame 6020: 31406 us total, 11486 us display, type 3
frame 6021: 30048 us total, 11474 us display, type 3
frame 6022: 30102 us total, 11472 us display, type 3
frame 6023: 30709 us total, 11595 us display, type 3
frame 6024: 30003 us total, 11688 us display, type 3
frame 6025: 30002 us total, 11656 us display, type 3
frame 6026: 29175 us total, 11475 us display, type 3
frame 6027: 29898 us total, 11639 us display, type 3
frame 6028: 31853 us total, 11700 us display, type 3
frame 6029: 30001 us total, 11651 us display, type 3
frame 6030: 36136 us total, 11479 us display, type 3
frame 6031: 32369 us total, 11517 us display, type 3
frame 6032: 30045 us total, 11471 us display, type 3
frame 6033: 31807 us total, 11817 us display, type 3
frame 6034: 31855 us total, 11702 us display, type 3
frame 6035: 29607 us total, 11460 us display, type 3
frame 6036: 29830 us total, 11472 us display, type 3
frame 6037: 31651 us total, 11478 us display, type 3
frame 6038: 28968 us total, 11471 us display, type 3
frame 6039: 31803 us total, 11683 us display, type 3
frame 6040: 34189 us total, 11469 us display, type 3
frame 6041: 30910 us total, 11468 us display, type 3
frame 6042: 34335 us total, 11694 us display, type 3
frame 6043: 33715 us total, 11601 us display, type 3
frame 6044: 33679 us total, 11516 us display, type 3
frame 6045: 31179 us total, 11763 us display, type 3
frame 6046: 34577 us total, 11675 us display, type 3
frame 6047: 35563 us total, 11825 us display, type 3
frame 6048: 32316 us total, 11470 us display, type 3
frame 6049: 30750 us total, 11476 us display, type 3
frame 6050: 31828 us total, 11478 us display, type 3
frame 6051: 31059 us total, 11478 us display, type 3
frame 6052: 28829 us total, 11783 us display, type 3
frame 6053: 30434 us total, 11464 us display, type 3
frame 6054: 26832 us total, 11468 us display, type 3
frame 6055: 29804 us total, 11716 us display, type 3
frame 6056: 29074 us total, 11631 us display, type 3
frame 6057: 27478 us total, 11461 us display, type 3
frame 6058: 27906 us total, 11476 us display, type 3
frame 6059: 26679 us total, 11476 us display, type 3
frame 6060: 25224 us total, 11469 us display, type 3
frame 6061: 27068 us total, 11478 us display, type 3
frame 6062: 25370 us total, 11462 us display, type 3
frame 6063: 26766 us total, 11468 us display, type 3
frame 6064: 25923 us total, 11467 us display, type 3
frame 6065: 28018 us total, 11469 us display, type 3
frame 6066: 28164 us total, 11467 us display, type 3
frame 6067: 27151 us total, 11474 us display, type 3
frame 6068: 27767 us total, 11768 us display, type 3
frame 6069: 25767 us total, 11465 us display, type 3
frame 6070: 26644 us total, 11773 us display, type 3
frame 6071: 24811 us total, 11469 us display, type 3
frame 6072: 28342 us total, 11613 us display, type 3
frame 6073: 29928 us total, 11602 us display, type 3
frame 6074: 26289 us total, 11461 us display, type 3
frame 6075: 30489 us total, 11476 us display, type 3
frame 6076: 29473 us total, 11476 us display, type 3
frame 6077: 25637 us total, 11636 us display, type 3
frame 6078: 27267 us total, 11478 us display, type 3
frame 6079: 27109 us total, 11725 us display, type 3
frame 6080: 30088 us total, 11817 us display, type 3
frame 6081: 27350 us total, 11469 us display, type 3
frame 6082: 26002 us total, 11812 us display, type 3
frame 6083: 26181 us total, 11582 us display, type 3
frame 6084: 26320 us total, 11443 us display, type 3
frame 6085: 28992 us total, 11450 us display, type 3
frame 6086: 28126 us total, 11552 us display, type 3
frame 6087: 29991 us total, 11611 us display, type 3
frame 6088: 27113 us total, 11445 us display, type 3
frame 6089: 30298 us total, 11441 us display, type 3
frame 6090: 30069 us total, 11448 us display, type 3
frame 6091: 29226 us total, 11453 us display, type 3
frame 6092: 29424 us total, 11449 us display, type 3
frame 6093: 31762 us total, 11461 us display, type 3
frame 6094: 30216 us total, 11464 us display, type 3
frame 6095: 29782 us total, 11470 us display, type 3
frame 6096: 29732 us total, 11469 us display, type 3
frame 6097: 28110 us total, 11466 us display, type 3
frame 6098: 27150 us total, 11471 us display, type 3
frame 6099: 28317 us total, 11466 us display, type 3
frame 6100: 28687 us total, 11471 us display, type 3
frame 6101: 29934 us total, 11772 us display, type 3
frame 6102: 27509 us total, 11464 us display, type 3
frame 6103: 29074 us total, 11466 us display, type 3
frame 6104: 28324 us total, 11466 us display, type 3
frame 6105: 28812 us total, 11470 us display, type 3
frame 6106: 28820 us total, 11463 us display, type 3
frame 6107: 28922 us total, 11464 us display, type 3
frame 6108: 27719 us total, 11467 us display, type 3
frame 6109: 28228 us total, 11466 us display, type 3
frame 6110: 28705 us total, 11467 us display, type 3
frame 6111: 29070 us total, 11474 us display, type 3
frame 6112: 29259 us total, 11469 us display, type 3
frame 6113: 27901 us total, 11467 us display, type 3
frame 6114: 28946 us total, 11795 us display, type 3
frame 6115: 29083 us total, 11705 us display, type 3
frame 6116: 29998 us total, 11761 us display, type 3
frame 6117: 29036 us total, 11502 us display, type 3
frame 6118: 26881 us total, 11466 us display, type 3
frame 6119: 28847 us total, 11479 us display, type 3
frame 6120: 29463 us total, 11773 us display, type 3
frame 6121: 29099 us total, 11643 us display, type 3
frame 6122: 29270 us total, 11479 us display, type 3
frame 6123: 28058 us total, 11478 us display, type 3
frame 6124: 29511 us total, 11470 us display, type 3
frame 6125: 29827 us total, 11481 us display, type 3
frame 6126: 29659 us total, 11491 us display, type 3
frame 6127: 30927 us total, 11489 us display, type 3
frame 6128: 30917 us total, 11553 us display, type 3
frame 6129: 31033 us total, 11478 us display, type 3
frame 6130: 31735 us total, 11783 us display, type 3
frame 6131: 33186 us total, 11485 us display, type 3
frame 6132: 30996 us total, 11476 us display, type 3
frame 6133: 32037 us total, 11615 us display, type 3
frame 6134: 31410 us total, 11474 us display, type 3
frame 6135: 32302 us total, 11486 us display, type 3
frame 6136: 34559 us total, 11467 us display, type 3
frame 6137: 33460 us total, 11469 us display, type 3
frame 6138: 32788 us total, 11644 us display, type 3
frame 6139: 31921 us total, 11485 us display, type 3
frame 6140: 32715 us total, 11707 us display, type 3
frame 6141: 31418 us total, 11477 us display, type 3
frame 6142: 31766 us total, 11473 us display, type 3
frame 6143: 34892 us total, 11468 us display, type 3
profile (avg of 128 frames, ms): logic+bsp 9.6 wait-fb 0.0 vp-mark 1.2 flats 3.7 columns 9.8 fuzz 0.0
frame 6144: 34140 us total, 11622 us display, type 3
audio: 224 underruns, 46 ms queued
mem @frame 6144: heap free 46600, largest 20992, min ever 45768, zone free 37756, display stack free 4376, uptime 181 s, gamestate 0, demo 1, usergame 0, tic 6240
frame 6145: 35707 us total, 11485 us display, type 3
frame 6146: 34615 us total, 11467 us display, type 3
frame 6147: 38617 us total, 11476 us display, type 3
frame 6148: 41992 us total, 11788 us display, type 3
frame 6149: 41289 us total, 11543 us display, type 3
frame 6150: 42647 us total, 11469 us display, type 3
frame 6151: 43004 us total, 11489 us display, type 3
frame 6152: 42698 us total, 11571 us display, type 3
frame 6153: 36660 us total, 11485 us display, type 3
frame 6154: 36054 us total, 11476 us display, type 3
frame 6155: 35443 us total, 11471 us display, type 3
frame 6156: 33688 us total, 11484 us display, type 3
frame 6157: 31112 us total, 11599 us display, type 3
frame 6158: 30787 us total, 11479 us display, type 3
frame 6159: 30302 us total, 11484 us display, type 3
frame 6160: 28888 us total, 11631 us display, type 3
frame 6161: 30573 us total, 11818 us display, type 3
frame 6162: 29351 us total, 11637 us display, type 3
frame 6163: 28984 us total, 11482 us display, type 3
frame 6164: 27903 us total, 11474 us display, type 3
frame 6165: 27520 us total, 11474 us display, type 3
frame 6166: 27722 us total, 11501 us display, type 3
frame 6167: 29078 us total, 11761 us display, type 3
frame 6168: 28362 us total, 11480 us display, type 3
frame 6169: 29125 us total, 11476 us display, type 3
frame 6170: 29734 us total, 11706 us display, type 3
frame 6171: 27527 us total, 11472 us display, type 3
frame 6172: 27410 us total, 11467 us display, type 3
frame 6173: 28952 us total, 11469 us display, type 3
frame 6174: 28151 us total, 11466 us display, type 3
frame 6175: 28047 us total, 11469 us display, type 3
frame 6176: 27640 us total, 11539 us display, type 3
frame 6177: 27672 us total, 11468 us display, type 3
frame 6178: 29689 us total, 11471 us display, type 3
frame 6179: 28984 us total, 11829 us display, type 3
frame 6180: 29572 us total, 11485 us display, type 3
frame 6181: 26969 us total, 11473 us display, type 3
frame 6182: 28672 us total, 11464 us display, type 3
frame 6183: 28298 us total, 11468 us display, type 3
frame 6184: 28006 us total, 11477 us display, type 3
frame 6185: 29278 us total, 11466 us display, type 3
frame 6186: 28274 us total, 11464 us display, type 3
frame 6187: 28705 us total, 11790 us display, type 3
frame 6188: 28402 us total, 11467 us display, type 3
frame 6189: 29325 us total, 11476 us display, type 3
frame 6190: 27952 us total, 11467 us display, type 3
frame 6191: 29695 us total, 11549 us display, type 3
frame 6192: 28603 us total, 11478 us display, type 3
frame 6193: 29973 us total, 11480 us display, type 3
frame 6194: 27771 us total, 11467 us display, type 3
frame 6195: 28932 us total, 11463 us display, type 3
frame 6196: 29279 us total, 11487 us display, type 3
frame 6197: 27165 us total, 11467 us display, type 3
frame 6198: 30690 us total, 11776 us display, type 3
frame 6199: 27678 us total, 11467 us display, type 3
frame 6200: 29898 us total, 11473 us display, type 3
frame 6201: 29222 us total, 11468 us display, type 3
frame 6202: 27640 us total, 11620 us display, type 3
frame 6203: 28147 us total, 11646 us display, type 3
frame 6204: 28147 us total, 11668 us display, type 3
frame 6205: 27677 us total, 11462 us display, type 3
frame 6206: 30096 us total, 11462 us display, type 3
frame 6207: 27387 us total, 11744 us display, type 3
frame 6208: 29462 us total, 11476 us display, type 3
frame 6209: 28723 us total, 11504 us display, type 3
frame 6210: 28189 us total, 11471 us display, type 3
frame 6211: 28600 us total, 11469 us display, type 3
frame 6212: 28557 us total, 11835 us display, type 3
frame 6213: 30010 us total, 11507 us display, type 3
frame 6214: 29291 us total, 11474 us display, type 3
frame 6215: 27009 us total, 11763 us display, type 3
frame 6216: 28549 us total, 11473 us display, type 3
frame 6217: 26607 us total, 11550 us display, type 3
frame 6218: 29067 us total, 11671 us display, type 3
frame 6219: 29112 us total, 11578 us display, type 3
frame 6220: 27200 us total, 11777 us display, type 3
frame 6221: 29502 us total, 11488 us display, type 3
frame 6222: 29597 us total, 11648 us display, type 3
frame 6223: 27218 us total, 11623 us display, type 3
frame 6224: 30032 us total, 11476 us display, type 3
frame 6225: 25890 us total, 11459 us display, type 3
frame 6226: 34483 us total, 11475 us display, type 3
frame 6227: 29592 us total, 11639 us display, type 3
frame 6228: 27395 us total, 11469 us display, type 3
frame 6229: 30719 us total, 11828 us display, type 3
frame 6230: 30035 us total, 11675 us display, type 3
frame 6231: 27436 us total, 11472 us display, type 3
frame 6232: 30225 us total, 11469 us display, type 3
frame 6233: 28763 us total, 11474 us display, type 3
frame 6234: 32086 us total, 11464 us display, type 3
frame 6235: 32559 us total, 11638 us display, type 3
frame 6236: 28304 us total, 11477 us display, type 3
frame 6237: 32479 us total, 11626 us display, type 3
frame 6238: 33717 us total, 11598 us display, type 3
frame 6239: 33143 us total, 11478 us display, type 3
frame 6240: 29625 us total, 11495 us display, type 3
frame 6241: 32298 us total, 11479 us display, type 3
frame 6242: 31376 us total, 11465 us display, type 3
frame 6243: 26873 us total, 11471 us display, type 3
frame 6244: 30394 us total, 11520 us display, type 3
frame 6245: 27636 us total, 11472 us display, type 3
frame 6246: 29997 us total, 11475 us display, type 3
frame 6247: 30509 us total, 11496 us display, type 3
frame 6248: 28132 us total, 11744 us display, type 3
frame 6249: 30939 us total, 11674 us display, type 3
frame 6250: 31070 us total, 11475 us display, type 3
frame 6251: 29181 us total, 11467 us display, type 3
frame 6252: 32155 us total, 11463 us display, type 3
frame 6253: 32236 us total, 11794 us display, type 3
frame 6254: 29058 us total, 11592 us display, type 3
frame 6255: 31956 us total, 11465 us display, type 3
frame 6256: 30249 us total, 11472 us display, type 3
frame 6257: 27163 us total, 11481 us display, type 3
frame 6258: 28867 us total, 11491 us display, type 3
frame 6259: 28983 us total, 11835 us display, type 3
frame 6260: 26293 us total, 11688 us display, type 3
frame 6261: 28146 us total, 11685 us display, type 3
frame 6262: 25472 us total, 11475 us display, type 3
frame 6263: 27880 us total, 11733 us display, type 3
frame 6264: 25614 us total, 11470 us display, type 3
frame 6265: 27892 us total, 11480 us display, type 3
frame 6266: 28146 us total, 11823 us display, type 3
frame 6267: 25718 us total, 11464 us display, type 3
frame 6268: 27203 us total, 11484 us display, type 3
frame 6269: 29099 us total, 11469 us display, type 3
frame 6270: 28961 us total, 11478 us display, type 3
frame 6271: 29038 us total, 11474 us display, type 3
profile (avg of 128 frames, ms): logic+bsp 9.0 wait-fb 0.0 vp-mark 1.2 flats 2.9 columns 12.3 fuzz 0.0
frame 6272: 28198 us total, 11474 us display, type 3
frame 6273: 29996 us total, 11479 us display, type 3
frame 6274: 27327 us total, 11481 us display, type 3
frame 6275: 29709 us total, 11472 us display, type 3
frame 6276: 30053 us total, 11468 us display, type 3
frame 6277: 28344 us total, 11485 us display, type 3
frame 6278: 30425 us total, 11657 us display, type 3
frame 6279: 30560 us total, 11628 us display, type 3
frame 6280: 27508 us total, 11475 us display, type 3
frame 6281: 30162 us total, 11467 us display, type 3
frame 6282: 28154 us total, 11476 us display, type 3
frame 6283: 29242 us total, 11477 us display, type 3
frame 6284: 29222 us total, 11480 us display, type 3
frame 6285: 27584 us total, 11486 us display, type 3
frame 6286: 29228 us total, 11469 us display, type 3
frame 6287: 29833 us total, 11590 us display, type 3
frame 6288: 27437 us total, 11468 us display, type 3
frame 6289: 30710 us total, 11602 us display, type 3
frame 6290: 28148 us total, 11631 us display, type 3
frame 6291: 30925 us total, 11618 us display, type 3
frame 6292: 30215 us total, 11473 us display, type 3
frame 6293: 28438 us total, 11496 us display, type 3
frame 6294: 30745 us total, 11480 us display, type 3
frame 6295: 29998 us total, 11484 us display, type 3
frame 6296: 29679 us total, 11649 us display, type 3
frame 6297: 29997 us total, 11509 us display, type 3
frame 6298: 29459 us total, 11470 us display, type 3
frame 6299: 27759 us total, 11632 us display, type 3
frame 6300: 28076 us total, 11471 us display, type 3
frame 6301: 27552 us total, 11476 us display, type 3
frame 6302: 28649 us total, 11507 us display, type 3
frame 6303: 29402 us total, 11475 us display, type 3
frame 6304: 28734 us total, 11609 us display, type 3
frame 6305: 30932 us total, 11605 us display, type 3
frame 6306: 30282 us total, 11482 us display, type 3
frame 6307: 28936 us total, 11482 us display, type 3
frame 6308: 31222 us total, 11470 us display, type 3
frame 6309: 30819 us total, 11474 us display, type 3
frame 6310: 29649 us total, 11531 us display, type 3
frame 6311: 32111 us total, 11474 us display, type 3
frame 6312: 31843 us total, 11467 us display, type 3
frame 6313: 28570 us total, 11472 us display, type 3
frame 6314: 33687 us total, 11631 us display, type 3
frame 6315: 31392 us total, 11485 us display, type 3
frame 6316: 29999 us total, 11707 us display, type 3
frame 6317: 33295 us total, 11471 us display, type 3
frame 6318: 33195 us total, 11768 us display, type 3
frame 6319: 28515 us total, 11466 us display, type 3
frame 6320: 32957 us total, 11465 us display, type 3
frame 6321: 33033 us total, 11468 us display, type 3
frame 6322: 29568 us total, 11469 us display, type 3
frame 6323: 32852 us total, 11602 us display, type 3
frame 6324: 32790 us total, 11492 us display, type 3
frame 6325: 31084 us total, 11471 us display, type 3
frame 6326: 32882 us total, 11469 us display, type 3
frame 6327: 32322 us total, 11493 us display, type 3
frame 6328: 29497 us total, 11475 us display, type 3
frame 6329: 32678 us total, 11471 us display, type 3
frame 6330: 32547 us total, 11758 us display, type 3
frame 6331: 29223 us total, 11480 us display, type 3
frame 6332: 32637 us total, 11611 us display, type 3
frame 6333: 32355 us total, 11478 us display, type 3
frame 6334: 33628 us total, 11483 us display, type 3
frame 6335: 32351 us total, 11813 us display, type 3
frame 6336: 33091 us total, 11467 us display, type 3
frame 6337: 32850 us total, 11611 us display, type 3
frame 6338: 28864 us total, 11689 us display, type 3
frame 6339: 30016 us total, 11478 us display, type 3
frame 6340: 30175 us total, 11474 us display, type 3
frame 6341: 27822 us total, 11464 us display, type 3
frame 6342: 28542 us total, 11472 us display, type 3
frame 6343: 25113 us total, 11474 us display, type 3
frame 6344: 27042 us total, 11714 us display, type 3
frame 6345: 26712 us total, 11481 us display, type 3
frame 6346: 24782 us total, 11672 us display, type 3
frame 6347: 25746 us total, 11473 us display, type 3
frame 6348: 24576 us total, 11470 us display, type 3
frame 6349: 22155 us total, 11458 us display, type 3
frame 6350: 24397 us total, 11452 us display, type 3
frame 6351: 31613 us total, 11597 us display, type 3
frame 6352: 29423 us total, 11466 us display, type 3
frame 6353: 26860 us total, 11667 us display, type 3
frame 6354: 29147 us total, 11459 us display, type 3
frame 6355: 28295 us total, 11470 us display, type 3
frame 6356: 29711 us total, 11461 us display, type 3
frame 6357: 29156 us total, 11791 us display, type 3
frame 6358: 26039 us total, 11611 us display, type 3
frame 6359: 29538 us total, 11466 us display, type 3
frame 6360: 27640 us total, 11592 us display, type 3
frame 6361: 30081 us total, 11710 us display, type 3
frame 6362: 29276 us total, 11477 us display, type 3
frame 6363: 27298 us total, 11585 us display, type 3
frame 6364: 29968 us total, 11618 us display, type 3
frame 6365: 29029 us total, 11474 us display, type 3
frame 6366: 27433 us total, 11460 us display, type 3
frame 6367: 29839 us total, 11483 us display, type 3
frame 6368: 26797 us total, 11598 us display, type 3
frame 6369: 30016 us total, 11472 us display, type 3
frame 6370: 33760 us total, 11471 us display, type 3
frame 6371: 25334 us total, 11740 us display, type 3
frame 6372: 29086 us total, 11487 us display, type 3
frame 6373: 27501 us total, 11476 us display, type 3
frame 6374: 29266 us total, 11467 us display, type 3
frame 6375: 29539 us total, 11553 us display, type 3
frame 6376: 26556 us total, 11479 us display, type 3
frame 6377: 30094 us total, 11477 us display, type 3
frame 6378: 27992 us total, 11472 us display, type 3
frame 6379: 25858 us total, 11639 us display, type 3
frame 6380: 30107 us total, 11472 us display, type 3
frame 6381: 27423 us total, 11465 us display, type 3
frame 6382: 29854 us total, 11467 us display, type 3
frame 6383: 29888 us total, 11643 us display, type 3
frame 6384: 26274 us total, 11810 us display, type 3
frame 6385: 31440 us total, 11476 us display, type 3
frame 6386: 30443 us total, 11568 us display, type 3
frame 6387: 29420 us total, 11484 us display, type 3
frame 6388: 30990 us total, 11472 us display, type 3
frame 6389: 29020 us total, 11477 us display, type 3
frame 6390: 30627 us total, 11489 us display, type 3
frame 6391: 30864 us total, 11770 us display, type 3
frame 6392: 29075 us total, 11847 us display, type 3
frame 6393: 30038 us total, 11477 us display, type 3
frame 6394: 31000 us total, 11479 us display, type 3
frame 6395: 30281 us total, 11472 us display, type 3
frame 6396: 30531 us total, 11566 us display, type 3
frame 6397: 31158 us total, 11466 us display, type 3
frame 6398: 28955 us total, 11475 us display, type 3
frame 6399: 29889 us total, 11605 us display, type 3
profile (avg of 128 frames, ms): logic+bsp 6.4 wait-fb 0.0 vp-mark 1.1 flats 2.2 columns 14.8 fuzz 0.0
frame 6400: 30365 us total, 11477 us display, type 3
audio: 224 underruns, 58 ms queued
mem @frame 6400: heap free 46600, largest 20992, min ever 45768, zone free 37756, display stack free 4376, uptime 189 s, gamestate 0, demo 1, usergame 0, tic 6506
frame 6401: 29637 us total, 11589 us display, type 3
frame 6402: 29074 us total, 11680 us display, type 3
frame 6403: 28254 us total, 11473 us display, type 3
frame 6404: 27546 us total, 11639 us display, type 3
frame 6405: 28626 us total, 11477 us display, type 3
frame 6406: 27080 us total, 11470 us display, type 3
frame 6407: 28119 us total, 11734 us display, type 3
frame 6408: 28149 us total, 11622 us display, type 3
frame 6409: 28145 us total, 11813 us display, type 3
frame 6410: 28148 us total, 11518 us display, type 3
frame 6411: 27529 us total, 11468 us display, type 3
frame 6412: 27833 us total, 11613 us display, type 3
frame 6413: 27749 us total, 11467 us display, type 3
frame 6414: 30001 us total, 11464 us display, type 3
frame 6415: 30813 us total, 11470 us display, type 3
frame 6416: 28546 us total, 11460 us display, type 3
frame 6417: 30481 us total, 11461 us display, type 3
frame 6418: 29899 us total, 11484 us display, type 3
frame 6419: 28742 us total, 11779 us display, type 3
frame 6420: 28990 us total, 11483 us display, type 3
frame 6421: 30202 us total, 11478 us display, type 3
frame 6422: 28842 us total, 11753 us display, type 3
frame 6423: 30225 us total, 11486 us display, type 3
frame 6424: 30730 us total, 11609 us display, type 3
frame 6425: 30510 us total, 11473 us display, type 3
frame 6426: 31066 us total, 11471 us display, type 3
frame 6427: 30570 us total, 11474 us display, type 3
frame 6428: 29231 us total, 11467 us display, type 3
frame 6429: 30404 us total, 11465 us display, type 3
frame 6430: 28634 us total, 11471 us display, type 3
frame 6431: 30844 us total, 11474 us display, type 3
frame 6432: 30535 us total, 11465 us display, type 3
frame 6433: 28206 us total, 11752 us display, type 3
frame 6434: 30008 us total, 11492 us display, type 3
frame 6435: 29970 us total, 11543 us display, type 3
frame 6436: 29514 us total, 11474 us display, type 3
frame 6437: 30116 us total, 11479 us display, type 3
frame 6438: 29687 us total, 11479 us display, type 3
frame 6439: 28342 us total, 11465 us display, type 3
frame 6440: 29600 us total, 11480 us display, type 3
frame 6441: 28110 us total, 11727 us display, type 3
frame 6442: 29078 us total, 11540 us display, type 3
frame 6443: 29071 us total, 11482 us display, type 3
frame 6444: 27873 us total, 11633 us display, type 3
frame 6445: 27420 us total, 11467 us display, type 3
frame 6446: 27721 us total, 11472 us display, type 3
frame 6447: 26815 us total, 11475 us display, type 3
frame 6448: 28023 us total, 11479 us display, type 3
frame 6449: 26713 us total, 11481 us display, type 3
frame 6450: 31414 us total, 11479 us display, type 3
frame 6451: 30032 us total, 11472 us display, type 3
frame 6452: 29195 us total, 11472 us display, type 3
frame 6453: 30326 us total, 11482 us display, type 3
frame 6454: 30393 us total, 11851 us display, type 3
frame 6455: 27678 us total, 11479 us display, type 3
frame 6456: 28869 us total, 11624 us display, type 3
frame 6457: 28384 us total, 11466 us display, type 3
frame 6458: 29669 us total, 11478 us display, type 3
frame 6459: 29471 us total, 11472 us display, type 3
frame 6460: 28320 us total, 11469 us display, type 3
frame 6461: 29424 us total, 11479 us display, type 3
frame 6462: 28049 us total, 11486 us display, type 3
frame 6463: 29766 us total, 11503 us display, type 3
frame 6464: 30923 us total, 11655 us display, type 3
frame 6465: 30548 us total, 11472 us display, type 3
frame 6466: 31363 us total, 11465 us display, type 3
frame 6467: 31091 us total, 11474 us display, type 3
frame 6468: 28874 us total, 11470 us display, type 3
frame 6469: 29570 us total, 11474 us display, type 3
frame 6470: 29462 us total, 11791 us display, type 3
frame 6471: 27291 us total, 11484 us display, type 3
frame 6472: 29029 us total, 11674 us display, type 3
frame 6473: 28483 us total, 11483 us display, type 3
frame 6474: 27809 us total, 11641 us display, type 3
frame 6475: 29065 us total, 11727 us display, type 3
frame 6476: 26795 us total, 11475 us display, type 3
frame 6477: 28362 us total, 11468 us display, type 3
frame 6478: 27484 us total, 11479 us display, type 3
frame 6479: 26123 us total, 11473 us display, type 3
frame 6480: 26373 us total, 11480 us display, type 3
frame 6481: 24364 us total, 11480 us display, type 3
frame 6482: 26419 us total, 11468 us display, type 3
frame 6483: 26800 us total, 11458 us display, type 3
frame 6484: 26760 us total, 11472 us display, type 3
frame 6485: 28541 us total, 11653 us display, type 3
frame 6486: 27359 us total, 11451 us display, type 3
frame 6487: 28557 us total, 11452 us display, type 3
frame 6488: 27612 us total, 11469 us display, type 3
frame 6489: 29204 us total, 11454 us display, type 3
frame 6490: 28884 us total, 11472 us display, type 3
frame 6491: 27468 us total, 11443 us display, type 3
frame 6492: 29320 us total, 11450 us display, type 3
frame 6493: 28389 us total, 11488 us display, type 3
frame 6494: 29065 us total, 11622 us display, type 3
frame 6495: 28838 us total, 11454 us display, type 3
frame 6496: 27489 us total, 11450 us display, type 3
frame 6497: 29058 us total, 11457 us display, type 3
frame 6498: 28108 us total, 11749 us display, type 3
frame 6499: 28516 us total, 11441 us display, type 3
frame 6500: 29849 us total, 11457 us display, type 3
frame 6501: 29137 us total, 11460 us display, type 3
frame 6502: 29989 us total, 11455 us display, type 3
frame 6503: 28988 us total, 11464 us display, type 3
frame 6504: 27233 us total, 11466 us display, type 3
frame 6505: 28009 us total, 11457 us display, type 3
frame 6506: 28056 us total, 11666 us display, type 3
frame 6507: 28379 us total, 11455 us display, type 3
frame 6508: 28396 us total, 11458 us display, type 3
frame 6509: 27960 us total, 11458 us display, type 3
frame 6510: 28541 us total, 11481 us display, type 3
frame 6511: 29362 us total, 11462 us display, type 3
frame 6512: 28450 us total, 11459 us display, type 3
frame 6513: 30023 us total, 11465 us display, type 3
frame 6514: 29356 us total, 11587 us display, type 3
frame 6515: 29523 us total, 11465 us display, type 3
frame 6516: 30277 us total, 11471 us display, type 3
frame 6517: 28932 us total, 11468 us display, type 3
frame 6518: 30034 us total, 11479 us display, type 3
frame 6519: 28213 us total, 11476 us display, type 3
frame 6520: 28560 us total, 11668 us display, type 3
frame 6521: 29278 us total, 11480 us display, type 3
frame 6522: 27450 us total, 11461 us display, type 3
frame 6523: 29605 us total, 11479 us display, type 3
frame 6524: 27248 us total, 11469 us display, type 3
frame 6525: 27971 us total, 11479 us display, type 3
frame 6526: 29055 us total, 11468 us display, type 3
frame 6527: 28245 us total, 11462 us display, type 3
profile (avg of 128 frames, ms): logic+bsp 6.8 wait-fb 0.0 vp-mark 1.2 flats 2.0 columns 12.8 fuzz 0.0
frame 6528: 30751 us total, 11658 us display, type 3
frame 6529: 27432 us total, 11479 us display, type 3
frame 6530: 24941 us total, 11462 us display, type 3
frame 6531: 27437 us total, 11473 us display, type 3
frame 6532: 27960 us total, 11467 us display, type 3
frame 6533: 27268 us total, 11459 us display, type 3
frame 6534: 28133 us total, 11443 us display, type 3
frame 6535: 28633 us total, 11470 us display, type 3
frame 6536: 28858 us total, 11451 us display, type 3
frame 6537: 28973 us total, 11460 us display, type 3
frame 6538: 28548 us total, 11447 us display, type 3
frame 6539: 28561 us total, 11455 us display, type 3
frame 6540: 27900 us total, 11700 us display, type 3
frame 6541: 29043 us total, 11538 us display, type 3
frame 6542: 29044 us total, 11715 us display, type 3
frame 6543: 27374 us total, 11443 us display, type 3
frame 6544: 28865 us total, 11677 us display, type 3
frame 6545: 27173 us total, 11604 us display, type 3
frame 6546: 29424 us total, 11447 us display, type 3
frame 6547: 28219 us total, 11457 us display, type 3
frame 6548: 28231 us total, 11443 us display, type 3
frame 6549: 29973 us total, 11534 us display, type 3
frame 6550: 28176 us total, 11443 us display, type 3
frame 6551: 28791 us total, 11462 us display, type 3
frame 6552: 28763 us total, 11482 us display, type 3
frame 6553: 28720 us total, 11458 us display, type 3
frame 6554: 29381 us total, 11620 us display, type 3
frame 6555: 30525 us total, 11457 us display, type 3
frame 6556: 30563 us total, 11469 us display, type 3
frame 6557: 28591 us total, 11476 us display, type 3
frame 6558: 28545 us total, 11479 us display, type 3
frame 6559: 28708 us total, 11469 us display, type 3
frame 6560: 28562 us total, 11495 us display, type 3
frame 6561: 28241 us total, 11471 us display, type 3
frame 6562: 28949 us total, 11462 us display, type 3
frame 6563: 29736 us total, 11467 us display, type 3
frame 6564: 26790 us total, 11463 us display, type 3
frame 6565: 29663 us total, 11474 us display, type 3
frame 6566: 28356 us total, 11461 us display, type 3
frame 6567: 28856 us total, 11473 us display, type 3
frame 6568: 28204 us total, 11469 us display, type 3
frame 6569: 28930 us total, 11534 us display, type 3
frame 6570: 29379 us total, 11466 us display, type 3
frame 6571: 29749 us total, 11804 us display, type 3
frame 6572: 28146 us total, 11654 us display, type 3
frame 6573: 29236 us total, 11625 us display, type 3
frame 6574: 27850 us total, 11464 us display, type 3
frame 6575: 29012 us total, 11459 us display, type 3
frame 6576: 28489 us total, 11468 us display, type 3
frame 6577: 28347 us total, 11472 us display, type 3
frame 6578: 28545 us total, 11475 us display, type 3
frame 6579: 28182 us total, 11466 us display, type 3
frame 6580: 28184 us total, 11475 us display, type 3
frame 6581: 29008 us total, 11665 us display, type 3
frame 6582: 27706 us total, 11638 us display, type 3
frame 6583: 29904 us total, 11622 us display, type 3
frame 6584: 28686 us total, 11639 us display, type 3
frame 6585: 27892 us total, 11460 us display, type 3
frame 6586: 28477 us total, 11467 us display, type 3
frame 6587: 27410 us total, 11464 us display, type 3
frame 6588: 28601 us total, 11480 us display, type 3
frame 6589: 28069 us total, 11545 us display, type 3
frame 6590: 29142 us total, 11753 us display, type 3
frame 6591: 30040 us total, 11827 us display, type 3
frame 6592: 28106 us total, 11611 us display, type 3
frame 6593: 29323 us total, 11474 us display, type 3
frame 6594: 27991 us total, 11476 us display, type 3
frame 6595: 29076 us total, 11460 us display, type 3
frame 6596: 27655 us total, 11461 us display, type 3
frame 6597: 28502 us total, 11468 us display, type 3
frame 6598: 29293 us total, 11460 us display, type 3
frame 6599: 28367 us total, 11463 us display, type 3
frame 6600: 28505 us total, 11563 us display, type 3
frame 6601: 28254 us total, 11471 us display, type 3
frame 6602: 28626 us total, 11473 us display, type 3
frame 6603: 28523 us total, 11629 us display, type 3
frame 6604: 28149 us total, 11785 us display, type 3
frame 6605: 28146 us total, 11461 us display, type 3
frame 6606: 28471 us total, 11459 us display, type 3
frame 6607: 28540 us total, 11533 us display, type 3
frame 6608: 28190 us total, 11477 us display, type 3
frame 6609: 28648 us total, 11470 us display, type 3
frame 6610: 28468 us total, 11499 us display, type 3
frame 6611: 29127 us total, 11634 us display, type 3
frame 6612: 28555 us total, 11463 us display, type 3
frame 6613: 28701 us total, 11724 us display, type 3
frame 6614: 28569 us total, 11482 us display, type 3
frame 6615: 28368 us total, 11465 us display, type 3
frame 6616: 28671 us total, 11473 us display, type 3
frame 6617: 27833 us total, 11478 us display, type 3
frame 6618: 28911 us total, 11583 us display, type 3
frame 6619: 29066 us total, 11520 us display, type 3
frame 6620: 27783 us total, 11474 us display, type 3
frame 6621: 28762 us total, 11462 us display, type 3
frame 6622: 28209 us total, 11463 us display, type 3
frame 6623: 28872 us total, 11468 us display, type 3
frame 6624: 27281 us total, 11459 us display, type 3
frame 6625: 29259 us total, 11468 us display, type 3
frame 6626: 29279 us total, 11466 us display, type 3
frame 6627: 29445 us total, 11456 us display, type 3
frame 6628: 28583 us total, 11465 us display, type 3
frame 6629: 27635 us total, 11472 us display, type 3
frame 6630: 28948 us total, 11542 us display, type 3
frame 6631: 26494 us total, 11456 us display, type 3
frame 6632: 28197 us total, 11459 us display, type 3
frame 6633: 29527 us total, 11610 us display, type 3
frame 6634: 27253 us total, 11451 us display, type 3
frame 6635: 29076 us total, 11455 us display, type 3
frame 6636: 26756 us total, 11463 us display, type 3
frame 6637: 28088 us total, 11459 us display, type 3
frame 6638: 28391 us total, 11454 us display, type 3
frame 6639: 27468 us total, 11443 us display, type 3
frame 6640: 29168 us total, 11451 us display, type 3
frame 6641: 28897 us total, 11579 us display, type 3
frame 6642: 27930 us total, 11445 us display, type 3
frame 6643: 29806 us total, 11456 us display, type 3
frame 6644: 28663 us total, 11461 us display, type 3
frame 6645: 29391 us total, 11462 us display, type 3
frame 6646: 29959 us total, 11459 us display, type 3
frame 6647: 29690 us total, 11459 us display, type 3
frame 6648: 29642 us total, 11460 us display, type 3
frame 6649: 30296 us total, 11466 us display, type 3
frame 6650: 27354 us total, 11471 us display, type 3
frame 6651: 29878 us total, 11694 us display, type 3
frame 6652: 27178 us total, 11484 us display, type 3
frame 6653: 30046 us total, 11698 us display, type 3
frame 6654: 29103 us total, 11619 us display, type 3
frame 6655: 28134 us total, 11551 us display, type 3
profile (avg of 128 frames, ms): logic+bsp 5.1 wait-fb 0.0 vp-mark 0.9 flats 1.8 columns 11.5 fuzz 0.0
frame 6656: 30011 us total, 11824 us display, type 3
audio: 224 underruns, 46 ms queued
mem @frame 6656: heap free 46600, largest 20992, min ever 45768, zone free 37756, display stack free 4376, uptime 196 s, gamestate 0, demo 1, usergame 0, tic 6764
frame 6657: 27899 us total, 11681 us display, type 3
frame 6658: 28389 us total, 11806 us display, type 3
frame 6659: 28526 us total, 11466 us display, type 3
frame 6660: 27792 us total, 11803 us display, type 3
frame 6661: 29252 us total, 11475 us display, type 3
frame 6662: 28002 us total, 11476 us display, type 3
frame 6663: 29120 us total, 11476 us display, type 3
frame 6664: 28093 us total, 11468 us display, type 3
frame 6665: 28868 us total, 11475 us display, type 3
frame 6666: 29050 us total, 11732 us display, type 3
frame 6667: 27357 us total, 11619 us display, type 3
frame 6668: 26400 us total, 11462 us display, type 3
frame 6669: 28689 us total, 11756 us display, type 3
frame 6670: 28556 us total, 11469 us display, type 3
frame 6671: 33233 us total, 11459 us display, type 3
frame 6672: 27195 us total, 11637 us display, type 3
frame 6673: 25950 us total, 11464 us display, type 3
frame 6674: 29684 us total, 11467 us display, type 3
frame 6675: 28872 us total, 11462 us display, type 3
frame 6676: 26621 us total, 11584 us display, type 3
frame 6677: 28729 us total, 11803 us display, type 3
frame 6678: 27431 us total, 11463 us display, type 3
frame 6679: 29945 us total, 11464 us display, type 3
frame 6680: 28042 us total, 11474 us display, type 3
frame 6681: 27818 us total, 11508 us display, type 3
frame 6682: 30555 us total, 11477 us display, type 3
frame 6683: 27219 us total, 11457 us display, type 3
frame 6684: 29478 us total, 11674 us display, type 3
frame 6685: 29582 us total, 11476 us display, type 3
frame 6686: 27667 us total, 11586 us display, type 3
frame 6687: 30982 us total, 11580 us display, type 3
frame 6688: 30928 us total, 11819 us display, type 3
frame 6689: 27582 us total, 11480 us display, type 3
frame 6690: 29772 us total, 11473 us display, type 3
frame 6691: 28003 us total, 11631 us display, type 3
frame 6692: 30190 us total, 11481 us display, type 3
frame 6693: 30736 us total, 11811 us display, type 3
frame 6694: 28179 us total, 11471 us display, type 3
frame 6695: 30267 us total, 11473 us display, type 3
frame 6696: 29356 us total, 11471 us display, type 3
frame 6697: 27543 us total, 11801 us display, type 3
frame 6698: 28934 us total, 11578 us display, type 3
frame 6699: 26723 us total, 11469 us display, type 3
frame 6700: 27710 us total, 11839 us display, type 3
frame 6701: 26939 us total, 11640 us display, type 3
frame 6702: 23819 us total, 11470 us display, type 3
frame 6703: 28170 us total, 11475 us display, type 3
frame 6704: 27175 us total, 11461 us display, type 3
frame 6705: 29779 us total, 11600 us display, type 3
frame 6706: 28162 us total, 11588 us display, type 3
frame 6707: 27332 us total, 11600 us display, type 3
frame 6708: 28239 us total, 11468 us display, type 3
frame 6709: 27793 us total, 11469 us display, type 3
frame 6710: 29511 us total, 11461 us display, type 3
frame 6711: 27863 us total, 11475 us display, type 3
frame 6712: 27917 us total, 11685 us display, type 3
frame 6713: 29156 us total, 11472 us display, type 3
frame 6714: 28907 us total, 11649 us display, type 3
frame 6715: 32066 us total, 11464 us display, type 3
frame 6716: 28384 us total, 11456 us display, type 3
frame 6717: 27824 us total, 11642 us display, type 3
frame 6718: 29092 us total, 11641 us display, type 3
frame 6719: 29083 us total, 11479 us display, type 3
frame 6720: 25413 us total, 11463 us display, type 3
frame 6721: 28013 us total, 11475 us display, type 3
frame 6722: 27996 us total, 11533 us display, type 3
frame 6723: 29963 us total, 11594 us display, type 3
frame 6724: 29131 us total, 11472 us display, type 3
frame 6725: 27584 us total, 11459 us display, type 3
frame 6726: 29891 us total, 11468 us display, type 3
frame 6727: 29094 us total, 11460 us display, type 3
frame 6728: 28045 us total, 11465 us display, type 3
frame 6729: 28950 us total, 11657 us display, type 3
frame 6730: 28287 us total, 11468 us display, type 3
frame 6731: 30157 us total, 11466 us display, type 3
frame 6732: 28050 us total, 11482 us display, type 3
frame 6733: 27750 us total, 11465 us display, type 3
frame 6734: 28486 us total, 11463 us display, type 3
frame 6735: 28136 us total, 11461 us display, type 3
frame 6736: 28843 us total, 11474 us display, type 3
frame 6737: 28942 us total, 11541 us display, type 3
frame 6738: 28173 us total, 11534 us display, type 3
frame 6739: 29100 us total, 11481 us display, type 3
frame 6740: 28679 us total, 11467 us display, type 3
frame 6741: 27309 us total, 11466 us display, type 3
frame 6742: 29238 us total, 11459 us display, type 3
frame 6743: 28074 us total, 11461 us display, type 3
frame 6744: 29394 us total, 11461 us display, type 3
frame 6745: 30586 us total, 11688 us display, type 3
frame 6746: 28529 us total, 11464 us display, type 3
frame 6747: 29675 us total, 11702 us display, type 3
frame 6748: 28158 us total, 11484 us display, type 3
frame 6749: 29497 us total, 11482 us display, type 3
frame 6750: 28077 us total, 11474 us display, type 3
frame 6751: 27972 us total, 11477 us display, type 3
frame 6752: 28890 us total, 11800 us display, type 3
frame 6753: 27957 us total, 11464 us display, type 3
frame 6754: 28744 us total, 11469 us display, type 3
frame 6755: 27653 us total, 11474 us display, type 3
frame 6756: 28233 us total, 11462 us display, type 3
frame 6757: 28117 us total, 11471 us display, type 3
frame 6758: 29105 us total, 11470 us display, type 3
frame 6759: 29195 us total, 11470 us display, type 3
frame 6760: 27844 us total, 11524 us display, type 3
frame 6761: 28515 us total, 11637 us display, type 3
frame 6762: 28671 us total, 11654 us display, type 3
frame 6763: 29476 us total, 11478 us display, type 3
frame 6764: 27948 us total, 11470 us display, type 3
frame 6765: 30485 us total, 11471 us display, type 3
frame 6766: 30130 us total, 11473 us display, type 3
frame 6767: 26251 us total, 11537 us display, type 3
frame 6768: 29093 us total, 11509 us display, type 3
frame 6769: 28146 us total, 11570 us display, type 3
frame 6770: 28559 us total, 11477 us display, type 3
frame 6771: 28229 us total, 11482 us display, type 3
frame 6772: 28300 us total, 11639 us display, type 3
frame 6773: 29363 us total, 11624 us display, type 3
frame 6774: 28384 us total, 11470 us display, type 3
frame 6775: 28667 us total, 11463 us display, type 3
frame 6776: 28111 us total, 11804 us display, type 3
frame 6777: 27774 us total, 11477 us display, type 3
frame 6778: 28518 us total, 11477 us display, type 3
frame 6779: 29480 us total, 11467 us display, type 3
frame 6780: 27260 us total, 11469 us display, type 3
frame 6781: 28974 us total, 11475 us display, type 3
frame 6782: 28741 us total, 11504 us display, type 3
frame 6783: 30354 us total, 11473 us display, type 3
profile (avg of 128 frames, ms): logic+bsp 7.1 wait-fb 0.0 vp-mark 0.8 flats 2.3 columns 11.2 fuzz 0.0
frame 6784: 29813 us total, 11475 us display, type 3
frame 6785: 26140 us total, 11470 us display, type 3
frame 6786: 30143 us total, 11477 us display, type 3
frame 6787: 30851 us total, 11466 us display, type 3
frame 6788: 27425 us total, 11473 us display, type 3
frame 6789: 28695 us total, 11489 us display, type 3
frame 6790: 27648 us total, 11473 us display, type 3
frame 6791: 31352 us total, 11510 us display, type 3
frame 6792: 29571 us total, 11485 us display, type 3
frame 6793: 28572 us total, 11681 us display, type 3
frame 6794: 28200 us total, 11481 us display, type 3
frame 6795: 28099 us total, 11844 us display, type 3
frame 6796: 28135 us total, 11845 us display, type 3
frame 6797: 28159 us total, 11481 us display, type 3
frame 6798: 27071 us total, 11471 us display, type 3
frame 6799: 28431 us total, 11470 us display, type 3
frame 6800: 26268 us total, 11467 us display, type 3
frame 6801: 31559 us total, 11774 us display, type 3
frame 6802: 30936 us total, 11521 us display, type 3
frame 6803: 29153 us total, 11467 us display, type 3
frame 6804: 28176 us total, 11474 us display, type 3
frame 6805: 29116 us total, 11465 us display, type 3
frame 6806: 27061 us total, 11678 us display, type 3
frame 6807: 29358 us total, 11465 us display, type 3
frame 6808: 29713 us total, 11659 us display, type 3
frame 6809: 29218 us total, 11650 us display, type 3
frame 6810: 30983 us total, 11479 us display, type 3
frame 6811: 31662 us total, 11701 us display, type 3
frame 6812: 32784 us total, 11807 us display, type 3
frame 6813: 32947 us total, 11473 us display, type 3
frame 6814: 33898 us total, 11476 us display, type 3
frame 6815: 32863 us total, 11632 us display, type 3
frame 6816: 32949 us total, 11477 us display, type 3
frame 6817: 37632 us total, 11460 us display, type 3
frame 6818: 35070 us total, 11522 us display, type 3
frame 6819: 34636 us total, 11671 us display, type 3
frame 6820: 32774 us total, 11504 us display, type 3
frame 6821: 33110 us total, 11481 us display, type 3
frame 6822: 29806 us total, 11468 us display, type 3
frame 6823: 28390 us total, 11475 us display, type 3
frame 6824: 28208 us total, 11467 us display, type 3
frame 6825: 28645 us total, 11804 us display, type 3
frame 6826: 27290 us total, 11474 us display, type 3
frame 6827: 28063 us total, 11626 us display, type 3
frame 6828: 27413 us total, 11474 us display, type 3
frame 6829: 27842 us total, 11468 us display, type 3
frame 6830: 26517 us total, 11481 us display, type 3
frame 6831: 27390 us total, 11468 us display, type 3
frame 6832: 25159 us total, 11473 us display, type 3
frame 6833: 28340 us total, 11473 us display, type 3
frame 6834: 28387 us total, 11463 us display, type 3
frame 6835: 27776 us total, 11469 us display, type 3
frame 6836: 28557 us total, 11731 us display, type 3
frame 6837: 28146 us total, 11694 us display, type 3
frame 6838: 27134 us total, 11494 us display, type 3
frame 6839: 28292 us total, 11460 us display, type 3
frame 6840: 28967 us total, 11649 us display, type 3
frame 6841: 29144 us total, 11693 us display, type 3
frame 6842: 27311 us total, 11458 us display, type 3
frame 6843: 27966 us total, 11456 us display, type 3
frame 6844: 28139 us total, 11471 us display, type 3
frame 6845: 29061 us total, 11465 us display, type 3
frame 6846: 27186 us total, 11460 us display, type 3
frame 6847: 27975 us total, 11476 us display, type 3
frame 6848: 28521 us total, 11465 us display, type 3
frame 6849: 29710 us total, 11467 us display, type 3
frame 6850: 30913 us total, 11556 us display, type 3
frame 6851: 30054 us total, 11645 us display, type 3
frame 6852: 29096 us total, 11828 us display, type 3
frame 6853: 27261 us total, 11473 us display, type 3
frame 6854: 27623 us total, 11456 us display, type 3
frame 6855: 27568 us total, 11469 us display, type 3
frame 6856: 26805 us total, 11461 us display, type 3
frame 6857: 28394 us total, 11514 us display, type 3
frame 6858: 27504 us total, 11443 us display, type 3
frame 6859: 28789 us total, 11619 us display, type 3
frame 6860: 28150 us total, 11544 us display, type 3
frame 6861: 28635 us total, 11442 us display, type 3
frame 6862: 28557 us total, 11450 us display, type 3
frame 6863: 28101 us total, 11738 us display, type 3
frame 6864: 29059 us total, 11487 us display, type 3
frame 6865: 28479 us total, 11445 us display, type 3
frame 6866: 27951 us total, 11444 us display, type 3
frame 6867: 28572 us total, 11450 us display, type 3
frame 6868: 28524 us total, 11444 us display, type 3
frame 6869: 30186 us total, 11455 us display, type 3
frame 6870: 28398 us total, 11466 us display, type 3
frame 6871: 28614 us total, 11658 us display, type 3
frame 6872: 28266 us total, 11449 us display, type 3
frame 6873: 28929 us total, 11452 us display, type 3
frame 6874: 27043 us total, 11477 us display, type 3
frame 6875: 28769 us total, 11444 us display, type 3
frame 6876: 29345 us total, 11695 us display, type 3
frame 6877: 28516 us total, 11443 us display, type 3
frame 6878: 28673 us total, 11522 us display, type 3
frame 6879: 28473 us total, 11443 us display, type 3
frame 6880: 29629 us total, 11538 us display, type 3
frame 6881: 28521 us total, 11453 us display, type 3
frame 6882: 28832 us total, 11765 us display, type 3
frame 6883: 28774 us total, 11455 us display, type 3
frame 6884: 28365 us total, 11449 us display, type 3
frame 6885: 29474 us total, 11463 us display, type 3
frame 6886: 27987 us total, 11456 us display, type 3
frame 6887: 27830 us total, 11463 us display, type 3
frame 6888: 28152 us total, 11454 us display, type 3
frame 6889: 27983 us total, 11569 us display, type 3
frame 6890: 28158 us total, 11570 us display, type 3
frame 6891: 27172 us total, 11450 us display, type 3
frame 6892: 26633 us total, 11458 us display, type 3
frame 6893: 28304 us total, 11443 us display, type 3
frame 6894: 27663 us total, 11450 us display, type 3
frame 6895: 32255 us total, 11451 us display, type 3
frame 6896: 28702 us total, 11462 us display, type 3
frame 6897: 27696 us total, 11444 us display, type 3
frame 6898: 29089 us total, 11450 us display, type 3
frame 6899: 28767 us total, 11443 us display, type 3
frame 6900: 30564 us total, 11625 us display, type 3
frame 6901: 29272 us total, 11453 us display, type 3
frame 6902: 26336 us total, 11442 us display, type 3
frame 6903: 30789 us total, 11529 us display, type 3
frame 6904: 31670 us total, 11575 us display, type 3
frame 6905: 29468 us total, 11592 us display, type 3
frame 6906: 32208 us total, 11488 us display, type 3
frame 6907: 30013 us total, 11485 us display, type 3
frame 6908: 27660 us total, 11765 us display, type 3
frame 6909: 31324 us total, 11494 us display, type 3
frame 6910: 27751 us total, 11554 us display, type 3
frame 6911: 31018 us total, 11633 us display, type 3
profile (avg of 128 frames, ms): logic+bsp 6.5 wait-fb 0.0 vp-mark 1.4 flats 3.0 columns 9.2 fuzz 0.0
frame 6912: 30841 us total, 11589 us display, type 3
audio: 224 underruns, 46 ms queued
mem @frame 6912: heap free 46600, largest 20992, min ever 45768, zone free 37660, display stack free 4376, uptime 204 s, gamestate 0, demo 1, usergame 0, tic 7022
frame 6913: 28594 us total, 11476 us display, type 3
frame 6914: 30495 us total, 11649 us display, type 3
frame 6915: 30458 us total, 11662 us display, type 3
frame 6916: 28592 us total, 11699 us display, type 3
frame 6917: 31868 us total, 11477 us display, type 3
frame 6918: 31022 us total, 11482 us display, type 3
frame 6919: 29894 us total, 11497 us display, type 3
frame 6920: 31858 us total, 11546 us display, type 3
frame 6921: 33213 us total, 11487 us display, type 3
frame 6922: 28917 us total, 11481 us display, type 3
frame 6923: 32491 us total, 11653 us display, type 3
frame 6924: 31858 us total, 11781 us display, type 3
frame 6925: 26667 us total, 11482 us display, type 3
frame 6926: 26876 us total, 11491 us display, type 3
frame 6927: 27610 us total, 11487 us display, type 3
frame 6928: 25749 us total, 11471 us display, type 3
frame 6929: 29562 us total, 11471 us display, type 3
frame 6930: 26813 us total, 11485 us display, type 3
frame 6931: 30797 us total, 11612 us display, type 3
frame 6932: 26413 us total, 11471 us display, type 3
frame 6933: 26430 us total, 11468 us display, type 3
frame 6934: 33500 us total, 11474 us display, type 3
frame 6935: 26505 us total, 11467 us display, type 3
frame 6936: 29912 us total, 11472 us display, type 3
frame 6937: 29426 us total, 11481 us display, type 3
frame 6938: 26912 us total, 11468 us display, type 3
frame 6939: 31109 us total, 11488 us display, type 3
frame 6940: 28678 us total, 11473 us display, type 3
frame 6941: 25156 us total, 11596 us display, type 3
frame 6942: 30117 us total, 11490 us display, type 3
frame 6943: 26187 us total, 11455 us display, type 3
frame 6944: 30400 us total, 11470 us display, type 3
frame 6945: 29985 us total, 11484 us display, type 3
frame 6946: 26990 us total, 11473 us display, type 3
frame 6947: 30832 us total, 11482 us display, type 3
frame 6948: 26668 us total, 11479 us display, type 3
frame 6949: 30725 us total, 11649 us display, type 3
frame 6950: 28997 us total, 11486 us display, type 3
frame 6951: 26274 us total, 11471 us display, type 3
frame 6952: 30577 us total, 11482 us display, type 3
frame 6953: 28180 us total, 11557 us display, type 3
frame 6954: 26410 us total, 11482 us display, type 3
frame 6955: 30826 us total, 11739 us display, type 3
frame 6956: 26770 us total, 11475 us display, type 3
frame 6957: 29549 us total, 11491 us display, type 3
frame 6958: 29991 us total, 11560 us display, type 3
frame 6959: 27374 us total, 11627 us display, type 3
frame 6960: 29003 us total, 11478 us display, type 3
frame 6961: 26738 us total, 11462 us display, type 3
frame 6962: 29952 us total, 11474 us display, type 3
frame 6963: 28695 us total, 11484 us display, type 3
frame 6964: 26527 us total, 11472 us display, type 3
frame 6965: 28821 us total, 11472 us display, type 3
frame 6966: 29740 us total, 11483 us display, type 3
frame 6967: 27542 us total, 11474 us display, type 3
frame 6968: 29708 us total, 11478 us display, type 3
frame 6969: 27267 us total, 11478 us display, type 3
frame 6970: 29920 us total, 11580 us display, type 3
frame 6971: 27824 us total, 11472 us display, type 3
frame 6972: 27332 us total, 11469 us display, type 3
frame 6973: 29484 us total, 11475 us display, type 3
frame 6974: 27755 us total, 11481 us display, type 3
frame 6975: 29996 us total, 11777 us display, type 3
frame 6976: 27620 us total, 11471 us display, type 3
frame 6977: 28056 us total, 11472 us display, type 3
frame 6978: 31799 us total, 11477 us display, type 3
frame 6979: 29057 us total, 11485 us display, type 3
frame 6980: 28006 us total, 11479 us display, type 3
frame 6981: 29001 us total, 11799 us display, type 3
frame 6982: 27499 us total, 11488 us display, type 3
frame 6983: 29342 us total, 11476 us display, type 3
frame 6984: 29300 us total, 11473 us display, type 3
frame 6985: 28101 us total, 11638 us display, type 3
frame 6986: 29107 us total, 11721 us display, type 3
frame 6987: 27218 us total, 11482 us display, type 3
frame 6988: 29997 us total, 11590 us display, type 3
frame 6989: 29374 us total, 11475 us display, type 3
frame 6990: 27847 us total, 11732 us display, type 3
frame 6991: 28500 us total, 11479 us display, type 3
frame 6992: 26585 us total, 11459 us display, type 3
frame 6993: 29527 us total, 11478 us display, type 3
frame 6994: 31672 us total, 11671 us display, type 3
frame 6995: 26543 us total, 11469 us display, type 3
frame 6996: 28657 us total, 11721 us display, type 3
frame 6997: 28129 us total, 11816 us display, type 3
frame 6998: 27222 us total, 11597 us display, type 3
frame 6999: 29605 us total, 11471 us display, type 3
frame 7000: 27677 us total, 11467 us display, type 3
frame 7001: 30354 us total, 11472 us display, type 3
frame 7002: 28189 us total, 11641 us display, type 3
frame 7003: 26486 us total, 11465 us display, type 3
frame 7004: 28680 us total, 11467 us display, type 3
frame 7005: 27307 us total, 11478 us display, type 3
frame 7006: 28686 us total, 11462 us display, type 3
frame 7007: 29283 us total, 11464 us display, type 3
frame 7008: 28279 us total, 11464 us display, type 3
frame 7009: 28013 us total, 11464 us display, type 3
frame 7010: 29073 us total, 11466 us display, type 3
frame 7011: 26780 us total, 11463 us display, type 3
frame 7012: 29805 us total, 11470 us display, type 3
frame 7013: 26513 us total, 11475 us display, type 3
frame 7014: 28958 us total, 11473 us display, type 3
frame 7015: 32322 us total, 11480 us display, type 3
frame 7016: 26787 us total, 11478 us display, type 3
frame 7017: 29617 us total, 11463 us display, type 3
frame 7018: 27571 us total, 11567 us display, type 3
frame 7019: 30024 us total, 11494 us display, type 3
frame 7020: 29078 us total, 11772 us display, type 3
frame 7021: 26685 us total, 11612 us display, type 3
frame 7022: 30542 us total, 11576 us display, type 3
frame 7023: 28286 us total, 11469 us display, type 3
frame 7024: 26976 us total, 11460 us display, type 3
frame 7025: 29272 us total, 11471 us display, type 3
frame 7026: 26927 us total, 11467 us display, type 3
frame 7027: 29952 us total, 11539 us display, type 3
frame 7028: 30115 us total, 11478 us display, type 3
frame 7029: 27129 us total, 11658 us display, type 3
frame 7030: 29462 us total, 11482 us display, type 3
frame 7031: 27139 us total, 11459 us display, type 3
frame 7032: 29729 us total, 11792 us display, type 3
frame 7033: 28569 us total, 11485 us display, type 3
frame 7034: 26853 us total, 11472 us display, type 3
frame 7035: 29811 us total, 11467 us display, type 3
frame 7036: 28579 us total, 11470 us display, type 3
frame 7037: 26284 us total, 11463 us display, type 3
frame 7038: 30431 us total, 11704 us display, type 3
frame 7039: 26462 us total, 11465 us display, type 3
profile (avg of 128 frames, ms): logic+bsp 9.4 wait-fb 0.0 vp-mark 1.7 flats 3.3 columns 8.3 fuzz 0.0
frame 7040: 31727 us total, 11810 us display, type 3
frame 7041: 27392 us total, 11470 us display, type 3
frame 7042: 27475 us total, 11466 us display, type 3
frame 7043: 29565 us total, 11784 us display, type 3
frame 7044: 26320 us total, 11787 us display, type 3
frame 7045: 30013 us total, 11790 us display, type 3
frame 7046: 26224 us total, 11467 us display, type 3
frame 7047: 27087 us total, 11456 us display, type 3
frame 7048: 28668 us total, 11466 us display, type 3
frame 7049: 29042 us total, 11461 us display, type 3
frame 7050: 27855 us total, 11466 us display, type 3
frame 7051: 29141 us total, 11465 us display, type 3
frame 7052: 27499 us total, 11463 us display, type 3
frame 7053: 28339 us total, 11466 us display, type 3
frame 7054: 28230 us total, 11470 us display, type 3
frame 7055: 27386 us total, 11458 us display, type 3
frame 7056: 27901 us total, 11443 us display, type 3
frame 7057: 27969 us total, 11479 us display, type 3
frame 7058: 29238 us total, 11449 us display, type 3
frame 7059: 28364 us total, 11450 us display, type 3
frame 7060: 28286 us total, 11446 us display, type 3
frame 7061: 31229 us total, 11456 us display, type 3
frame 7062: 27763 us total, 11459 us display, type 3
frame 7063: 28606 us total, 11553 us display, type 3
frame 7064: 28739 us total, 11457 us display, type 3
frame 7065: 28411 us total, 11686 us display, type 3
frame 7066: 28581 us total, 11457 us display, type 3
frame 7067: 28320 us total, 11465 us display, type 3
frame 7068: 29052 us total, 11472 us display, type 3
frame 7069: 29378 us total, 11473 us display, type 3
frame 7070: 28882 us total, 11550 us display, type 3
frame 7071: 29969 us total, 11625 us display, type 3
frame 7072: 28505 us total, 11646 us display, type 3
frame 7073: 28494 us total, 11469 us display, type 3
frame 7074: 29363 us total, 11468 us display, type 3
frame 7075: 28856 us total, 11470 us display, type 3
frame 7076: 25584 us total, 11463 us display, type 3
frame 7077: 29052 us total, 11649 us display, type 3
frame 7078: 28187 us total, 11456 us display, type 3
frame 7079: 29151 us total, 11459 us display, type 3
frame 7080: 32005 us total, 11469 us display, type 3
frame 7081: 30060 us total, 11471 us display, type 3
frame 7082: 33022 us total, 11484 us display, type 3
frame 7083: 33707 us total, 11485 us display, type 3
frame 7084: 35325 us total, 11475 us display, type 3
frame 7085: 37403 us total, 11593 us display, type 3
frame 7086: 36810 us total, 11489 us display, type 3
frame 7087: 36880 us total, 11476 us display, type 3
frame 7088: 34683 us total, 11486 us display, type 3
frame 7089: 36063 us total, 11629 us display, type 3
frame 7090: 36650 us total, 11842 us display, type 3
frame 7091: 35724 us total, 11494 us display, type 3
frame 7092: 34521 us total, 11484 us display, type 3
frame 7093: 33669 us total, 11532 us display, type 3
frame 7094: 34798 us total, 11720 us display, type 3
frame 7095: 34653 us total, 11867 us display, type 3
frame 7096: 33689 us total, 11727 us display, type 3
frame 7097: 35213 us total, 11478 us display, type 3
frame 7098: 35152 us total, 11577 us display, type 3
frame 7099: 34642 us total, 11738 us display, type 3
frame 7100: 33719 us total, 11473 us display, type 3
frame 7101: 34573 us total, 11653 us display, type 3
frame 7102: 35241 us total, 11474 us display, type 3
frame 7103: 35586 us total, 11492 us display, type 3
frame 7104: 34427 us total, 11482 us display, type 3
frame 7105: 37623 us total, 11480 us display, type 3
frame 7106: 36943 us total, 11641 us display, type 3
frame 7107: 37221 us total, 11486 us display, type 3
frame 7108: 40038 us total, 11783 us display, type 3
frame 7109: 36493 us total, 11818 us display, type 3
frame 7110: 37996 us total, 11478 us display, type 3
frame 7111: 39739 us total, 11470 us display, type 3
frame 7112: 38542 us total, 11572 us display, type 3
frame 7113: 39437 us total, 11686 us display, type 3
frame 7114: 39721 us total, 11738 us display, type 3
frame 7115: 38065 us total, 11696 us display, type 3
frame 7116: 39658 us total, 11477 us display, type 3
frame 7117: 40380 us total, 11474 us display, type 3
frame 7118: 39961 us total, 11713 us display, type 3
frame 7119: 41317 us total, 11488 us display, type 3
frame 7120: 39256 us total, 11542 us display, type 3
frame 7121: 39426 us total, 11584 us display, type 3
frame 7122: 38220 us total, 11478 us display, type 3
frame 7123: 37790 us total, 11480 us display, type 3
frame 7124: 38272 us total, 11482 us display, type 3
frame 7125: 38509 us total, 11685 us display, type 3
frame 7126: 36517 us total, 11479 us display, type 3
frame 7127: 36624 us total, 11796 us display, type 3
frame 7128: 39027 us total, 11476 us display, type 3
frame 7129: 37031 us total, 11491 us display, type 3
frame 7130: 38008 us total, 11477 us display, type 3
frame 7131: 38723 us total, 11578 us display, type 3
frame 7132: 38802 us total, 11638 us display, type 3
frame 7133: 38063 us total, 11564 us display, type 3
frame 7134: 40339 us total, 11856 us display, type 3
frame 7135: 40361 us total, 11817 us display, type 3
frame 7136: 41157 us total, 11834 us display, type 3
frame 7137: 40351 us total, 11488 us display, type 3
frame 7138: 41286 us total, 11496 us display, type 3
frame 7139: 42208 us total, 11783 us display, type 3
frame 7140: 39342 us total, 11492 us display, type 3
frame 7141: 41223 us total, 11752 us display, type 3
frame 7142: 40906 us total, 11656 us display, type 3
frame 7143: 41403 us total, 11470 us display, type 3
frame 7144: 39551 us total, 11650 us display, type 3
frame 7145: 40866 us total, 11505 us display, type 3
frame 7146: 40994 us total, 11483 us display, type 3
frame 7147: 39151 us total, 11496 us display, type 3
frame 7148: 39479 us total, 11496 us display, type 3
frame 7149: 39648 us total, 11483 us display, type 3
frame 7150: 40262 us total, 11477 us display, type 3
frame 7151: 40382 us total, 11480 us display, type 3
frame 7152: 40100 us total, 11489 us display, type 3
frame 7153: 41407 us total, 11471 us display, type 3
frame 7154: 39945 us total, 11488 us display, type 3
frame 7155: 40329 us total, 11855 us display, type 3
frame 7156: 42052 us total, 11485 us display, type 3
frame 7157: 40575 us total, 11489 us display, type 3
frame 7158: 41188 us total, 11477 us display, type 3
frame 7159: 41203 us total, 11745 us display, type 3
frame 7160: 40237 us total, 11483 us display, type 3
frame 7161: 41255 us total, 11835 us display, type 3
frame 7162: 41284 us total, 11782 us display, type 3
frame 7163: 39657 us total, 11475 us display, type 3
frame 7164: 35868 us total, 11480 us display, type 3
frame 7165: 33495 us total, 11478 us display, type 3
frame 7166: 28254 us total, 11489 us display, type 3
frame 7167: 27241 us total, 11497 us display, type 3
profile (avg of 128 frames, ms): logic+bsp 9.7 wait-fb 0.0 vp-mark 1.2 flats 3.3 columns 14.3 fuzz 0.0
frame 7168: 23422 us total, 11470 us display, type 3
audio: 224 underruns, 34 ms queued
mem @frame 7168: heap free 46600, largest 20992, min ever 45768, zone free 37812, display stack free 4376, uptime 212 s, gamestate 0, demo 1, usergame 0, tic 7307
frame 7169: 24847 us total, 11710 us display, type 3
frame 7170: 24470 us total, 11466 us display, type 3
frame 7171: 28490 us total, 11460 us display, type 3
frame 7172: 27054 us total, 11457 us display, type 3
frame 7173: 29628 us total, 11737 us display, type 3
frame 7174: 28214 us total, 11468 us display, type 3
frame 7175: 27509 us total, 11461 us display, type 3
frame 7176: 29131 us total, 11463 us display, type 3
frame 7177: 27313 us total, 11464 us display, type 3
frame 7178: 29820 us total, 11459 us display, type 3
frame 7179: 29617 us total, 11609 us display, type 3
frame 7180: 29095 us total, 11805 us display, type 3
frame 7181: 33729 us total, 11700 us display, type 3
frame 7182: 30930 us total, 11632 us display, type 3
frame 7183: 28148 us total, 11633 us display, type 3
frame 7184: 29066 us total, 11856 us display, type 3
frame 7185: 27504 us total, 11499 us display, type 3
frame 7186: 29111 us total, 11480 us display, type 3
frame 7187: 29381 us total, 11480 us display, type 3
frame 7188: 27880 us total, 11467 us display, type 3
frame 7189: 27600 us total, 11549 us display, type 3
frame 7190: 30010 us total, 11522 us display, type 3
frame 7191: 28148 us total, 11722 us display, type 3
frame 7192: 29228 us total, 11484 us display, type 3
frame 7193: 28496 us total, 11472 us display, type 3
frame 7194: 28987 us total, 11471 us display, type 3
frame 7195: 29096 us total, 11484 us display, type 3
frame 7196: 28340 us total, 11638 us display, type 3
frame 7197: 28946 us total, 11487 us display, type 3
frame 7198: 28207 us total, 11484 us display, type 3
frame 7199: 28210 us total, 11488 us display, type 3
frame 7200: 28258 us total, 11697 us display, type 3
frame 7201: 26297 us total, 11503 us display, type 3
frame 7202: 28161 us total, 11759 us display, type 3
frame 7203: 28329 us total, 11478 us display, type 3
frame 7204: 27029 us total, 11799 us display, type 3
frame 7205: 28171 us total, 11464 us display, type 3
frame 7206: 26417 us total, 11459 us display, type 3
frame 7207: 28675 us total, 11598 us display, type 3
frame 7208: 29158 us total, 11484 us display, type 3
frame 7209: 26390 us total, 11459 us display, type 3
frame 7210: 29224 us total, 11466 us display, type 3
frame 7211: 28203 us total, 11584 us display, type 3
frame 7212: 28758 us total, 11641 us display, type 3
frame 7213: 29152 us total, 11460 us display, type 3
frame 7214: 27266 us total, 11517 us display, type 3
frame 7215: 29013 us total, 11474 us display, type 3
frame 7216: 27845 us total, 11620 us display, type 3
frame 7217: 29039 us total, 11544 us display, type 3
frame 7218: 29066 us total, 11653 us display, type 3
frame 7219: 25919 us total, 11457 us display, type 3
frame 7220: 27914 us total, 11466 us display, type 3
frame 7221: 25932 us total, 11802 us display, type 3
frame 7222: 28432 us total, 11443 us display, type 3
frame 7223: 27811 us total, 11566 us display, type 3
frame 7224: 28560 us total, 11442 us display, type 3
frame 7225: 30682 us total, 11445 us display, type 3
frame 7226: 26245 us total, 11444 us display, type 3
frame 7227: 31041 us total, 11452 us display, type 3
frame 7228: 28182 us total, 11443 us display, type 3
frame 7229: 25278 us total, 11456 us display, type 3
frame 7230: 33408 us total, 11575 us display, type 3
frame 7231: 30148 us total, 11467 us display, type 3
frame 7232: 36708 us total, 11484 us display, type 3
frame 7233: 35555 us total, 11476 us display, type 3
frame 7234: 34594 us total, 11575 us display, type 3
frame 7235: 34721 us total, 11493 us display, type 3
frame 7236: 33148 us total, 11474 us display, type 3
frame 7237: 35935 us total, 11656 us display, type 3
frame 7238: 36384 us total, 11482 us display, type 3
frame 7239: 35539 us total, 11478 us display, type 3
frame 7240: 32817 us total, 11629 us display, type 3
frame 7241: 35459 us total, 11474 us display, type 3
frame 7242: 35856 us total, 11483 us display, type 3
frame 7243: 36274 us total, 11492 us display, type 3
frame 7244: 33687 us total, 11480 us display, type 3
frame 7245: 34962 us total, 11481 us display, type 3
frame 7246: 35325 us total, 11486 us display, type 3
frame 7247: 35469 us total, 11807 us display, type 3
frame 7248: 32280 us total, 11471 us display, type 3
frame 7249: 34805 us total, 11483 us display, type 3
frame 7250: 34197 us total, 11800 us display, type 3
frame 7251: 34044 us total, 11481 us display, type 3
frame 7252: 32819 us total, 11472 us display, type 3
frame 7253: 33495 us total, 11708 us display, type 3
frame 7254: 34648 us total, 11860 us display, type 3
frame 7255: 31852 us total, 11548 us display, type 3
frame 7256: 36801 us total, 11476 us display, type 3
frame 7257: 35719 us total, 11480 us display, type 3
frame 7258: 35254 us total, 11807 us display, type 3
frame 7259: 32047 us total, 11796 us display, type 3
frame 7260: 33934 us total, 11489 us display, type 3
frame 7261: 33893 us total, 11485 us display, type 3
frame 7262: 36350 us total, 11495 us display, type 3
frame 7263: 31710 us total, 11476 us display, type 3
frame 7264: 33246 us total, 11482 us display, type 3
frame 7265: 32660 us total, 11484 us display, type 3
frame 7266: 31537 us total, 11487 us display, type 3
frame 7267: 32922 us total, 11477 us display, type 3
frame 7268: 32146 us total, 11483 us display, type 3
frame 7269: 34136 us total, 11484 us display, type 3
frame 7270: 31144 us total, 11767 us display, type 3
frame 7271: 32782 us total, 11752 us display, type 3
frame 7272: 31867 us total, 11750 us display, type 3
frame 7273: 30480 us total, 11475 us display, type 3
frame 7274: 32293 us total, 11513 us display, type 3
frame 7275: 32970 us total, 11498 us display, type 3
frame 7276: 33259 us total, 11474 us display, type 3
frame 7277: 34139 us total, 11773 us display, type 3
frame 7278: 33224 us total, 11480 us display, type 3
frame 7279: 33586 us total, 11481 us display, type 3
frame 7280: 32356 us total, 11468 us display, type 3
frame 7281: 32326 us total, 11476 us display, type 3
frame 7282: 32932 us total, 11489 us display, type 3
frame 7283: 31565 us total, 11482 us display, type 3
frame 7284: 31794 us total, 11476 us display, type 3
frame 7285: 32297 us total, 11477 us display, type 3
frame 7286: 30736 us total, 11472 us display, type 3
frame 7287: 32098 us total, 11490 us display, type 3
frame 7288: 32422 us total, 11480 us display, type 3
frame 7289: 31235 us total, 11490 us display, type 3
frame 7290: 32493 us total, 11718 us display, type 3
frame 7291: 33744 us total, 11490 us display, type 3
frame 7292: 33678 us total, 11745 us display, type 3
frame 7293: 31882 us total, 11795 us display, type 3
frame 7294: 34219 us total, 11478 us display, type 3
frame 7295: 33337 us total, 11612 us display, type 3
profile (avg of 128 frames, ms): logic+bsp 9.2 wait-fb 0.0 vp-mark 0.8 flats 2.2 columns 12.1 fuzz 0.0
frame 7296: 32785 us total, 11843 us display, type 3
frame 7297: 35045 us total, 11472 us display, type 3
frame 7298: 32847 us total, 11476 us display, type 3
frame 7299: 32470 us total, 11639 us display, type 3
frame 7300: 31169 us total, 11487 us display, type 3
frame 7301: 33467 us total, 11717 us display, type 3
frame 7302: 32819 us total, 11490 us display, type 3
frame 7303: 32611 us total, 11478 us display, type 3
frame 7304: 35459 us total, 11490 us display, type 3
frame 7305: 34267 us total, 11482 us display, type 3
frame 7306: 33961 us total, 11480 us display, type 3
frame 7307: 31391 us total, 11469 us display, type 3
frame 7308: 33299 us total, 11477 us display, type 3
frame 7309: 33410 us total, 11781 us display, type 3
frame 7310: 32377 us total, 11474 us display, type 3
frame 7311: 33198 us total, 11763 us display, type 3
frame 7312: 33254 us total, 11477 us display, type 3
frame 7313: 34450 us total, 11495 us display, type 3
frame 7314: 32649 us total, 11803 us display, type 3
frame 7315: 33859 us total, 11483 us display, type 3
frame 7316: 34654 us total, 11477 us display, type 3
frame 7317: 33702 us total, 11627 us display, type 3
frame 7318: 32292 us total, 11702 us display, type 3
frame 7319: 32859 us total, 11478 us display, type 3
frame 7320: 33279 us total, 11499 us display, type 3
frame 7321: 31782 us total, 11484 us display, type 3
frame 7322: 32930 us total, 11559 us display, type 3
frame 7323: 32211 us total, 11487 us display, type 3
frame 7324: 29967 us total, 11478 us display, type 3
frame 7325: 30790 us total, 11479 us display, type 3
frame 7326: 33556 us total, 11482 us display, type 3
frame 7327: 31435 us total, 11470 us display, type 3
frame 7328: 31486 us total, 11485 us display, type 3
frame 7329: 32883 us total, 11486 us display, type 3
frame 7330: 33862 us total, 11653 us display, type 3
frame 7331: 30671 us total, 11727 us display, type 3
frame 7332: 33156 us total, 11468 us display, type 3
frame 7333: 32660 us total, 11475 us display, type 3
frame 7334: 31592 us total, 11680 us display, type 3
frame 7335: 32472 us total, 11467 us display, type 3
frame 7336: 32562 us total, 11483 us display, type 3
frame 7337: 30699 us total, 11528 us display, type 3
frame 7338: 32785 us total, 11694 us display, type 3
frame 7339: 31892 us total, 11483 us display, type 3
frame 7340: 30508 us total, 11471 us display, type 3
frame 7341: 33154 us total, 11618 us display, type 3
frame 7342: 31855 us total, 11606 us display, type 3
frame 7343: 32330 us total, 11471 us display, type 3
frame 7344: 30367 us total, 11477 us display, type 3
frame 7345: 32575 us total, 11492 us display, type 3
frame 7346: 32658 us total, 11486 us display, type 3
frame 7347: 31553 us total, 11477 us display, type 3
frame 7348: 32953 us total, 11478 us display, type 3
frame 7349: 32583 us total, 11719 us display, type 3
frame 7350: 31112 us total, 11775 us display, type 3
frame 7351: 32036 us total, 11475 us display, type 3
frame 7352: 32058 us total, 11487 us display, type 3
frame 7353: 31040 us total, 11641 us display, type 3
frame 7354: 31341 us total, 11488 us display, type 3
frame 7355: 32773 us total, 11719 us display, type 3
frame 7356: 30230 us total, 11477 us display, type 3
frame 7357: 31613 us total, 11509 us display, type 3
frame 7358: 31864 us total, 11601 us display, type 3
frame 7359: 32424 us total, 11481 us display, type 3
frame 7360: 30799 us total, 11467 us display, type 3
frame 7361: 32505 us total, 11829 us display, type 3
frame 7362: 31490 us total, 11645 us display, type 3
frame 7363: 32214 us total, 11819 us display, type 3
frame 7364: 34771 us total, 11489 us display, type 3
frame 7365: 34119 us total, 11467 us display, type 3
frame 7366: 33601 us total, 11635 us display, type 3
frame 7367: 34366 us total, 11712 us display, type 3
frame 7368: 34712 us total, 11495 us display, type 3
frame 7369: 35987 us total, 11630 us display, type 3
frame 7370: 33371 us total, 11724 us display, type 3
frame 7371: 34811 us total, 11484 us display, type 3
frame 7372: 34835 us total, 11484 us display, type 3
frame 7373: 34543 us total, 11489 us display, type 3
frame 7374: 35445 us total, 11490 us display, type 3
frame 7375: 35053 us total, 11477 us display, type 3
frame 7376: 35811 us total, 11476 us display, type 3
frame 7377: 35262 us total, 11487 us display, type 3
frame 7378: 36053 us total, 11640 us display, type 3
frame 7379: 36228 us total, 11474 us display, type 3
frame 7380: 36877 us total, 11473 us display, type 3
frame 7381: 37428 us total, 11486 us display, type 3
frame 7382: 38974 us total, 11631 us display, type 3
frame 7383: 37393 us total, 11717 us display, type 3
frame 7384: 36713 us total, 11483 us display, type 3
frame 7385: 38266 us total, 11815 us display, type 3
frame 7386: 36838 us total, 11476 us display, type 3
frame 7387: 38189 us total, 11751 us display, type 3
frame 7388: 38597 us total, 11471 us display, type 3
frame 7389: 36466 us total, 11481 us display, type 3
frame 7390: 37707 us total, 11641 us display, type 3
frame 7391: 38138 us total, 11490 us display, type 3
frame 7392: 37125 us total, 11633 us display, type 3
frame 7393: 36953 us total, 11785 us display, type 3
frame 7394: 36657 us total, 11766 us display, type 3
frame 7395: 35679 us total, 11470 us display, type 3
frame 7396: 35415 us total, 11793 us display, type 3
frame 7397: 35496 us total, 11664 us display, type 3
frame 7398: 35827 us total, 11775 us display, type 3
frame 7399: 35373 us total, 11464 us display, type 3
frame 7400: 34992 us total, 11513 us display, type 3
frame 7401: 35605 us total, 11487 us display, type 3
frame 7402: 34389 us total, 11475 us display, type 3
frame 7403: 35954 us total, 11479 us display, type 3
frame 7404: 35921 us total, 11478 us display, type 3
frame 7405: 36454 us total, 11652 us display, type 3
frame 7406: 35755 us total, 11484 us display, type 3
frame 7407: 34767 us total, 11478 us display, type 3
frame 7408: 32728 us total, 11486 us display, type 3
frame 7409: 32931 us total, 11477 us display, type 3
frame 7410: 31424 us total, 11519 us display, type 3
frame 7411: 32382 us total, 11475 us display, type 3
frame 7412: 31348 us total, 11489 us display, type 3
frame 7413: 28308 us total, 11483 us display, type 3
frame 7414: 28327 us total, 11473 us display, type 3
frame 7415: 27212 us total, 11628 us display, type 3
frame 7416: 25469 us total, 11466 us display, type 3
frame 7417: 28379 us total, 11570 us display, type 3
frame 7418: 26511 us total, 11473 us display, type 3
frame 7419: 28992 us total, 11479 us display, type 3
frame 7420: 28979 us total, 11646 us display, type 3
frame 7421: 27705 us total, 11477 us display, type 3
frame 7422: 28706 us total, 11655 us display, type 3
frame 7423: 28213 us total, 11472 us display, type 3
profile (avg of 128 frames, ms): logic+bsp 11.3 wait-fb 0.0 vp-mark 1.0 flats 2.7 columns 13.9 fuzz 0.0
frame 7424: 29369 us total, 11464 us display, type 3
audio: 224 underruns, 81 ms queued
mem @frame 7424: heap free 46600, largest 20992, min ever 45768, zone free 37436, display stack free 4376, uptime 220 s, gamestate 0, demo 1, usergame 0, tic 7595
frame 7425: 28518 us total, 11472 us display, type 3
frame 7426: 27081 us total, 11541 us display, type 3
frame 7427: 28660 us total, 11467 us display, type 3
frame 7428: 28644 us total, 11472 us display, type 3
frame 7429: 27422 us total, 11464 us display, type 3
frame 7430: 30009 us total, 11463 us display, type 3
frame 7431: 28119 us total, 11466 us display, type 3
frame 7432: 29414 us total, 11613 us display, type 3
frame 7433: 28517 us total, 11501 us display, type 3
frame 7434: 27226 us total, 11464 us display, type 3
frame 7435: 29850 us total, 11476 us display, type 3
frame 7436: 27034 us total, 11663 us display, type 3
frame 7437: 28683 us total, 11459 us display, type 3
frame 7438: 29229 us total, 11470 us display, type 3
frame 7439: 27406 us total, 11562 us display, type 3
frame 7440: 29765 us total, 11468 us display, type 3
frame 7441: 28997 us total, 11467 us display, type 3
frame 7442: 26857 us total, 11476 us display, type 3
frame 7443: 29437 us total, 11471 us display, type 3
frame 7444: 27511 us total, 11453 us display, type 3
frame 7445: 31512 us total, 11465 us display, type 3
frame 7446: 28228 us total, 11462 us display, type 3
frame 7447: 25975 us total, 11464 us display, type 3
frame 7448: 30073 us total, 11474 us display, type 3
frame 7449: 26279 us total, 11463 us display, type 3
frame 7450: 30613 us total, 11458 us display, type 3
frame 7451: 34174 us total, 11477 us display, type 3
frame 7452: 24831 us total, 11775 us display, type 3
frame 7453: 29488 us total, 11478 us display, type 3
frame 7454: 29607 us total, 11784 us display, type 3
frame 7455: 25800 us total, 11458 us display, type 3
frame 7456: 30309 us total, 11466 us display, type 3
frame 7457: 24816 us total, 11464 us display, type 3
frame 7458: 31036 us total, 11469 us display, type 3
frame 7459: 29589 us total, 11476 us display, type 3
frame 7460: 26065 us total, 11464 us display, type 3
frame 7461: 30146 us total, 11469 us display, type 3
frame 7462: 27195 us total, 11659 us display, type 3
frame 7463: 30006 us total, 11469 us display, type 3
frame 7464: 28187 us total, 11630 us display, type 3
frame 7465: 27043 us total, 11457 us display, type 3
frame 7466: 30049 us total, 11470 us display, type 3
frame 7467: 28318 us total, 11750 us display, type 3
frame 7468: 27137 us total, 11462 us display, type 3
frame 7469: 29502 us total, 11468 us display, type 3
frame 7470: 27973 us total, 11461 us display, type 3
frame 7471: 31589 us total, 11473 us display, type 3
frame 7472: 30335 us total, 11467 us display, type 3
frame 7473: 26742 us total, 11544 us display, type 3
frame 7474: 30024 us total, 11804 us display, type 3
frame 7475: 28516 us total, 11472 us display, type 3
frame 7476: 25380 us total, 11454 us display, type 3
frame 7477: 28675 us total, 11467 us display, type 3
frame 7478: 25281 us total, 11468 us display, type 3
frame 7479: 29939 us total, 11470 us display, type 3
frame 7480: 29873 us total, 11645 us display, type 3
frame 7481: 29281 us total, 11472 us display, type 3
frame 7482: 29884 us total, 11662 us display, type 3
frame 7483: 28127 us total, 11608 us display, type 3
frame 7484: 29617 us total, 11471 us display, type 3
frame 7485: 29503 us total, 11604 us display, type 3
frame 7486: 29075 us total, 11782 us display, type 3
frame 7487: 29175 us total, 11464 us display, type 3
frame 7488: 28043 us total, 11570 us display, type 3
frame 7489: 27992 us total, 11470 us display, type 3
frame 7490: 29324 us total, 11474 us display, type 3
frame 7491: 27847 us total, 11521 us display, type 3
frame 7492: 29065 us total, 11631 us display, type 3
frame 7493: 28725 us total, 11469 us display, type 3
frame 7494: 28906 us total, 11476 us display, type 3
frame 7495: 28730 us total, 11471 us display, type 3
frame 7496: 29051 us total, 11622 us display, type 3
frame 7497: 30927 us total, 11478 us display, type 3
frame 7498: 29998 us total, 11617 us display, type 3
frame 7499: 27761 us total, 11478 us display, type 3
frame 7500: 29451 us total, 11500 us display, type 3
frame 7501: 29996 us total, 11731 us display, type 3
frame 7502: 27724 us total, 11485 us display, type 3
frame 7503: 29028 us total, 11467 us display, type 3
frame 7504: 28249 us total, 11473 us display, type 3
frame 7505: 29684 us total, 11480 us display, type 3
frame 7506: 30235 us total, 11477 us display, type 3
frame 7507: 27657 us total, 11482 us display, type 3
frame 7508: 29458 us total, 11465 us display, type 3
frame 7509: 29684 us total, 11486 us display, type 3
frame 7510: 28887 us total, 11485 us display, type 3
frame 7511: 29958 us total, 11712 us display, type 3
frame 7512: 28153 us total, 11655 us display, type 3
frame 7513: 29573 us total, 11479 us display, type 3
frame 7514: 29502 us total, 11575 us display, type 3
frame 7515: 28141 us total, 11797 us display, type 3
frame 7516: 30004 us total, 11802 us display, type 3
frame 7517: 28466 us total, 11469 us display, type 3
frame 7518: 28264 us total, 11482 us display, type 3
frame 7519: 30593 us total, 11641 us display, type 3
frame 7520: 30079 us total, 11618 us display, type 3
frame 7521: 28474 us total, 11468 us display, type 3
frame 7522: 29832 us total, 11470 us display, type 3
frame 7523: 28491 us total, 11473 us display, type 3
frame 7524: 29867 us total, 11466 us display, type 3
frame 7525: 30192 us total, 11471 us display, type 3
frame 7526: 28603 us total, 11466 us display, type 3
frame 7527: 28627 us total, 11644 us display, type 3
frame 7528: 27361 us total, 11484 us display, type 3
frame 7529: 28286 us total, 11480 us display, type 3
frame 7530: 28013 us total, 11477 us display, type 3
frame 7531: 27655 us total, 11652 us display, type 3
frame 7532: 28050 us total, 11467 us display, type 3
frame 7533: 27552 us total, 11463 us display, type 3
frame 7534: 29833 us total, 11478 us display, type 3
frame 7535: 30046 us total, 11477 us display, type 3
frame 7536: 29229 us total, 11798 us display, type 3
frame 7537: 29445 us total, 11472 us display, type 3
frame 7538: 29526 us total, 11558 us display, type 3
frame 7539: 28139 us total, 11636 us display, type 3
frame 7540: 28560 us total, 11473 us display, type 3
frame 7541: 29596 us total, 11714 us display, type 3
frame 7542: 28504 us total, 11472 us display, type 3
frame 7543: 29649 us total, 11481 us display, type 3
frame 7544: 29067 us total, 11526 us display, type 3
frame 7545: 31467 us total, 11465 us display, type 3
frame 7546: 32245 us total, 11727 us display, type 3
frame 7547: 31363 us total, 11484 us display, type 3
frame 7548: 28635 us total, 11824 us display, type 3
frame 7549: 28142 us total, 11694 us display, type 3
frame 7550: 26297 us total, 11795 us display, type 3
frame 7551: 27338 us total, 11464 us display, type 3
profile (avg of 128 frames, ms): logic+bsp 7.0 wait-fb 0.0 vp-mark 1.4 flats 3.0 columns 11.0 fuzz 0.0
frame 7552: 28200 us total, 11471 us display, type 3
frame 7553: 26410 us total, 11468 us display, type 3
frame 7554: 29742 us total, 11471 us display, type 3
frame 7555: 27868 us total, 11735 us display, type 3
frame 7556: 29542 us total, 11471 us display, type 3
frame 7557: 28813 us total, 11477 us display, type 3
frame 7558: 27072 us total, 11688 us display, type 3
frame 7559: 28154 us total, 11797 us display, type 3
frame 7560: 27124 us total, 11453 us display, type 3
frame 7561: 29266 us total, 11468 us display, type 3
frame 7562: 28826 us total, 11469 us display, type 3
frame 7563: 27078 us total, 11523 us display, type 3
frame 7564: 27690 us total, 11463 us display, type 3
frame 7565: 27723 us total, 11574 us display, type 3
frame 7566: 28356 us total, 11555 us display, type 3
frame 7567: 28921 us total, 11546 us display, type 3
frame 7568: 27358 us total, 11469 us display, type 3
frame 7569: 29559 us total, 11458 us display, type 3
frame 7570: 29450 us total, 11779 us display, type 3
frame 7571: 27181 us total, 11455 us display, type 3
frame 7572: 28883 us total, 11470 us display, type 3
frame 7573: 27602 us total, 11453 us display, type 3
frame 7574: 29104 us total, 11458 us display, type 3
frame 7575: 28809 us total, 11463 us display, type 3
frame 7576: 27934 us total, 11454 us display, type 3
frame 7577: 29105 us total, 11502 us display, type 3
frame 7578: 28413 us total, 11465 us display, type 3
frame 7579: 28781 us total, 11455 us display, type 3
frame 7580: 27634 us total, 11457 us display, type 3
frame 7581: 27779 us total, 11454 us display, type 3
frame 7582: 27860 us total, 11475 us display, type 3
frame 7583: 28265 us total, 11448 us display, type 3
frame 7584: 29159 us total, 11452 us display, type 3
frame 7585: 28253 us total, 11443 us display, type 3
frame 7586: 28818 us total, 11467 us display, type 3
frame 7587: 29408 us total, 11458 us display, type 3
frame 7588: 28736 us total, 11458 us display, type 3
frame 7589: 28731 us total, 11452 us display, type 3
frame 7590: 29556 us total, 11798 us display, type 3
frame 7591: 27500 us total, 11455 us display, type 3
frame 7592: 28629 us total, 11455 us display, type 3
frame 7593: 28872 us total, 11567 us display, type 3
frame 7594: 28096 us total, 11647 us display, type 3
frame 7595: 28599 us total, 11464 us display, type 3
frame 7596: 27948 us total, 11458 us display, type 3
frame 7597: 28339 us total, 11452 us display, type 3
frame 7598: 29362 us total, 11459 us display, type 3
frame 7599: 28235 us total, 11449 us display, type 3
frame 7600: 29165 us total, 11796 us display, type 3
frame 7601: 28388 us total, 11453 us display, type 3
frame 7602: 28750 us total, 11595 us display, type 3
frame 7603: 29209 us total, 11463 us display, type 3
frame 7604: 28061 us total, 11458 us display, type 3
frame 7605: 28998 us total, 11539 us display, type 3
frame 7606: 27722 us total, 11457 us display, type 3
frame 7607: 28059 us total, 11457 us display, type 3
frame 7608: 28343 us total, 11445 us display, type 3
frame 7609: 29351 us total, 11454 us display, type 3
frame 7610: 28803 us total, 11448 us display, type 3
frame 7611: 29392 us total, 11787 us display, type 3
frame 7612: 28015 us total, 11527 us display, type 3
frame 7613: 30960 us total, 11461 us display, type 3
frame 7614: 31389 us total, 11461 us display, type 3
frame 7615: 27975 us total, 11466 us display, type 3
frame 7616: 28801 us total, 11475 us display, type 3
frame 7617: 28084 us total, 11631 us display, type 3
frame 7618: 29091 us total, 11485 us display, type 3
frame 7619: 30331 us total, 11471 us display, type 3
frame 7620: 28020 us total, 11472 us display, type 3
frame 7621: 28933 us total, 11684 us display, type 3
frame 7622: 28530 us total, 11631 us display, type 3
frame 7623: 28693 us total, 11726 us display, type 3
frame 7624: 27933 us total, 11467 us display, type 3
frame 7625: 29108 us total, 11473 us display, type 3
frame 7626: 29550 us total, 11459 us display, type 3
frame 7627: 27599 us total, 11545 us display, type 3
frame 7628: 27789 us total, 11469 us display, type 3
frame 7629: 29562 us total, 11471 us display, type 3
frame 7630: 29502 us total, 11472 us display, type 3
frame 7631: 26745 us total, 11467 us display, type 3
frame 7632: 30920 us total, 11822 us display, type 3
frame 7633: 28138 us total, 11591 us display, type 3
frame 7634: 28691 us total, 11476 us display, type 3
frame 7635: 34093 us total, 11715 us display, type 3
frame 7636: 27452 us total, 11464 us display, type 3
frame 7637: 29762 us total, 11722 us display, type 3
frame 7638: 30005 us total, 11512 us display, type 3
frame 7639: 29078 us total, 11619 us display, type 3
frame 7640: 29994 us total, 11760 us display, type 3
frame 7641: 27714 us total, 11473 us display, type 3
frame 7642: 30440 us total, 11462 us display, type 3
frame 7643: 30263 us total, 11482 us display, type 3
frame 7644: 29312 us total, 11465 us display, type 3
frame 7645: 31346 us total, 11738 us display, type 3
frame 7646: 30009 us total, 11663 us display, type 3
frame 7647: 29987 us total, 11781 us display, type 3
frame 7648: 30927 us total, 11689 us display, type 3
frame 7649: 30702 us total, 11642 us display, type 3
frame 7650: 30231 us total, 11851 us display, type 3
frame 7651: 30183 us total, 11476 us display, type 3
frame 7652: 30742 us total, 11771 us display, type 3
frame 7653: 28713 us total, 11638 us display, type 3
frame 7654: 29841 us total, 11625 us display, type 3
frame 7655: 30518 us total, 11479 us display, type 3
frame 7656: 28205 us total, 11478 us display, type 3
frame 7657: 29253 us total, 11467 us display, type 3
frame 7658: 27253 us total, 11465 us display, type 3
frame 7659: 28640 us total, 11476 us display, type 3
frame 7660: 27459 us total, 11473 us display, type 3
frame 7661: 27889 us total, 11714 us display, type 3
frame 7662: 29449 us total, 11460 us display, type 3
frame 7663: 27083 us total, 11460 us display, type 3
frame 7664: 30131 us total, 11471 us display, type 3
frame 7665: 26632 us total, 11469 us display, type 3
frame 7666: 27492 us total, 11472 us display, type 3
frame 7667: 29863 us total, 11757 us display, type 3
frame 7668: 28018 us total, 11475 us display, type 3
frame 7669: 28662 us total, 11461 us display, type 3
frame 7670: 28588 us total, 11730 us display, type 3
frame 7671: 32885 us total, 11474 us display, type 3
frame 7672: 28987 us total, 11770 us display, type 3
frame 7673: 28307 us total, 11473 us display, type 3
frame 7674: 28417 us total, 11465 us display, type 3
frame 7675: 27709 us total, 11533 us display, type 3
frame 7676: 26565 us total, 11471 us display, type 3
frame 7677: 27933 us total, 11473 us display, type 3
frame 7678: 29289 us total, 11464 us display, type 3
frame 7679: 27191 us total, 11469 us display, type 3
profile (avg of 128 frames, ms): logic+bsp 5.7 wait-fb 0.0 vp-mark 1.8 flats 3.8 columns 9.6 fuzz 0.0
frame 7680: 29812 us total, 11472 us display, type 3
audio: 224 underruns, 46 ms queued
mem @frame 7680: heap free 46600, largest 20992, min ever 45768, zone free 36868, display stack free 4376, uptime 227 s, gamestate 0, demo 1, usergame 0, tic 7853
frame 7681: 29872 us total, 11470 us display, type 3
frame 7682: 26730 us total, 11455 us display, type 3
frame 7683: 29536 us total, 11478 us display, type 3
frame 7684: 28078 us total, 11716 us display, type 3
frame 7685: 28311 us total, 11614 us display, type 3
frame 7686: 26056 us total, 11455 us display, type 3
frame 7687: 27060 us total, 11462 us display, type 3
frame 7688: 28414 us total, 11464 us display, type 3
frame 7689: 26873 us total, 11477 us display, type 3
frame 7690: 29627 us total, 11460 us display, type 3
frame 7691: 28025 us total, 11464 us display, type 3
frame 7692: 27080 us total, 11460 us display, type 3
frame 7693: 31095 us total, 11470 us display, type 3
frame 7694: 29985 us total, 11467 us display, type 3
frame 7695: 30769 us total, 11616 us display, type 3
frame 7696: 29084 us total, 11477 us display, type 3
frame 7697: 28412 us total, 11462 us display, type 3
frame 7698: 30919 us total, 11475 us display, type 3
frame 7699: 29374 us total, 11467 us display, type 3
frame 7700: 27459 us total, 11771 us display, type 3
frame 7701: 28279 us total, 11476 us display, type 3
frame 7702: 26864 us total, 11811 us display, type 3
frame 7703: 28160 us total, 11691 us display, type 3
frame 7704: 29455 us total, 11474 us display, type 3
frame 7705: 26853 us total, 11757 us display, type 3
frame 7706: 29278 us total, 11481 us display, type 3
frame 7707: 28328 us total, 11464 us display, type 3
frame 7708: 28258 us total, 11458 us display, type 3
frame 7709: 30054 us total, 11467 us display, type 3
frame 7710: 27002 us total, 11459 us display, type 3
frame 7711: 29427 us total, 11744 us display, type 3
frame 7712: 28207 us total, 11486 us display, type 3
frame 7713: 28237 us total, 11466 us display, type 3
frame 7714: 29402 us total, 11469 us display, type 3
frame 7715: 27131 us total, 11599 us display, type 3
frame 7716: 30184 us total, 11633 us display, type 3
frame 7717: 28913 us total, 11479 us display, type 3
frame 7718: 28136 us total, 11469 us display, type 3
frame 7719: 29883 us total, 11472 us display, type 3
frame 7720: 26401 us total, 11472 us display, type 3
frame 7721: 29793 us total, 11467 us display, type 3
frame 7722: 30210 us total, 11463 us display, type 3
frame 7723: 26701 us total, 11790 us display, type 3
frame 7724: 30931 us total, 11738 us display, type 3
frame 7725: 28667 us total, 11458 us display, type 3
frame 7726: 26275 us total, 11480 us display, type 3
frame 7727: 30425 us total, 11529 us display, type 3
frame 7728: 27685 us total, 11474 us display, type 3
frame 7729: 29544 us total, 11614 us display, type 3
frame 7730: 28284 us total, 11493 us display, type 3
frame 7731: 28784 us total, 11465 us display, type 3
frame 7732: 29444 us total, 11474 us display, type 3
frame 7733: 28944 us total, 11484 us display, type 3
frame 7734: 28798 us total, 11500 us display, type 3
frame 7735: 29087 us total, 11655 us display, type 3
frame 7736: 27651 us total, 11477 us display, type 3
frame 7737: 29563 us total, 11758 us display, type 3
frame 7738: 29331 us total, 11479 us display, type 3
frame 7739: 28122 us total, 11471 us display, type 3
frame 7740: 29764 us total, 11650 us display, type 3
frame 7741: 29408 us total, 11471 us display, type 3
frame 7742: 27810 us total, 11785 us display, type 3
frame 7743: 30005 us total, 11847 us display, type 3
frame 7744: 28307 us total, 11477 us display, type 3
frame 7745: 29208 us total, 11466 us display, type 3
frame 7746: 29266 us total, 11468 us display, type 3
frame 7747: 27462 us total, 11772 us display, type 3
frame 7748: 29105 us total, 11574 us display, type 3
frame 7749: 27707 us total, 11471 us display, type 3
frame 7750: 28989 us total, 11475 us display, type 3
frame 7751: 29590 us total, 11514 us display, type 3
frame 7752: 28499 us total, 11488 us display, type 3
frame 7753: 29650 us total, 11498 us display, type 3
frame 7754: 30279 us total, 11488 us display, type 3
frame 7755: 28143 us total, 11632 us display, type 3
frame 7756: 28939 us total, 11486 us display, type 3
frame 7757: 27540 us total, 11467 us display, type 3
frame 7758: 28469 us total, 11788 us display, type 3
frame 7759: 27496 us total, 11474 us display, type 3
frame 7760: 27344 us total, 11480 us display, type 3
frame 7761: 27869 us total, 11475 us display, type 3
frame 7762: 26646 us total, 11475 us display, type 3
frame 7763: 26237 us total, 11470 us display, type 3
frame 7764: 27561 us total, 11481 us display, type 3
frame 7765: 27607 us total, 11477 us display, type 3
frame 7766: 27707 us total, 11539 us display, type 3
frame 7767: 29119 us total, 11473 us display, type 3
frame 7768: 31143 us total, 11475 us display, type 3
frame 7769: 29032 us total, 11490 us display, type 3
frame 7770: 27937 us total, 11593 us display, type 3
frame 7771: 28476 us total, 11488 us display, type 3
frame 7772: 28690 us total, 11477 us display, type 3
frame 7773: 27677 us total, 11477 us display, type 3
frame 7774: 29466 us total, 11750 us display, type 3
frame 7775: 26723 us total, 11466 us display, type 3
frame 7776: 30024 us total, 11477 us display, type 3
frame 7777: 29623 us total, 11479 us display, type 3
frame 7778: 27331 us total, 11470 us display, type 3
frame 7779: 29769 us total, 11563 us display, type 3
frame 7780: 28146 us total, 11761 us display, type 3
frame 7781: 30040 us total, 11478 us display, type 3
frame 7782: 30060 us total, 11475 us display, type 3
frame 7783: 27346 us total, 11487 us display, type 3
frame 7784: 30077 us total, 11484 us display, type 3
frame 7785: 28730 us total, 11473 us display, type 3
frame 7786: 26748 us total, 11483 us display, type 3
frame 7787: 29421 us total, 11685 us display, type 3
frame 7788: 27210 us total, 11725 us display, type 3
frame 7789: 29085 us total, 11634 us display, type 3
frame 7790: 29069 us total, 11674 us display, type 3
frame 7791: 27215 us total, 11488 us display, type 3
frame 7792: 29148 us total, 11475 us display, type 3
frame 7793: 27179 us total, 11469 us display, type 3
frame 7794: 29168 us total, 11478 us display, type 3
frame 7795: 27230 us total, 11468 us display, type 3
frame 7796: 26177 us total, 11467 us display, type 3
frame 7797: 29807 us total, 11759 us display, type 3
frame 7798: 27213 us total, 11742 us display, type 3
frame 7799: 28223 us total, 11474 us display, type 3
frame 7800: 29000 us total, 11691 us display, type 3
frame 7801: 27227 us total, 11468 us display, type 3
frame 7802: 29728 us total, 11466 us display, type 3
frame 7803: 27234 us total, 11669 us display, type 3
frame 7804: 28685 us total, 11468 us display, type 3
frame 7805: 30417 us total, 11553 us display, type 3
frame 7806: 27250 us total, 11582 us display, type 3
frame 7807: 30025 us total, 11797 us display, type 3
profile (avg of 128 frames, ms): logic+bsp 8.3 wait-fb 0.0 vp-mark 1.5 flats 3.5 columns 10.4 fuzz 0.0
frame 7808: 29235 us total, 11475 us display, type 3
frame 7809: 27982 us total, 11598 us display, type 3
frame 7810: 28337 us total, 11479 us display, type 3
frame 7811: 29002 us total, 11656 us display, type 3
frame 7812: 27638 us total, 11466 us display, type 3
frame 7813: 29554 us total, 11475 us display, type 3
frame 7814: 29024 us total, 11478 us display, type 3
frame 7815: 27876 us total, 11745 us display, type 3
frame 7816: 28336 us total, 11493 us display, type 3
frame 7817: 29500 us total, 11475 us display, type 3
frame 7818: 29439 us total, 11602 us display, type 3
frame 7819: 27234 us total, 11483 us display, type 3
frame 7820: 29310 us total, 11478 us display, type 3
frame 7821: 29297 us total, 11478 us display, type 3
frame 7822: 27134 us total, 11480 us display, type 3
frame 7823: 29750 us total, 11491 us display, type 3
frame 7824: 27863 us total, 11471 us display, type 3
frame 7825: 28343 us total, 11756 us display, type 3
frame 7826: 28175 us total, 11473 us display, type 3
frame 7827: 28108 us total, 11475 us display, type 3
frame 7828: 29790 us total, 11618 us display, type 3
frame 7829: 28411 us total, 11477 us display, type 3
frame 7830: 27875 us total, 11763 us display, type 3
frame 7831: 28131 us total, 11829 us display, type 3
frame 7832: 28167 us total, 11837 us display, type 3
frame 7833: 28587 us total, 11462 us display, type 3
frame 7834: 28728 us total, 11471 us display, type 3
frame 7835: 27778 us total, 11546 us display, type 3
frame 7836: 27197 us total, 11464 us display, type 3
frame 7837: 29482 us total, 11476 us display, type 3
frame 7838: 28309 us total, 11466 us display, type 3
frame 7839: 28129 us total, 11478 us display, type 3
frame 7840: 27706 us total, 11750 us display, type 3
frame 7841: 28398 us total, 11467 us display, type 3
frame 7842: 28473 us total, 11462 us display, type 3
frame 7843: 27896 us total, 11457 us display, type 3
frame 7844: 29386 us total, 11629 us display, type 3
frame 7845: 27158 us total, 11601 us display, type 3
frame 7846: 28165 us total, 11472 us display, type 3
frame 7847: 28174 us total, 11465 us display, type 3
frame 7848: 28387 us total, 11458 us display, type 3
frame 7849: 29213 us total, 11607 us display, type 3
frame 7850: 27895 us total, 11459 us display, type 3
frame 7851: 28838 us total, 11459 us display, type 3
frame 7852: 28664 us total, 11468 us display, type 3
frame 7853: 28529 us total, 11703 us display, type 3
frame 7854: 28550 us total, 11462 us display, type 3
frame 7855: 27774 us total, 11473 us display, type 3
frame 7856: 29014 us total, 11485 us display, type 3
frame 7857: 29018 us total, 11637 us display, type 3
frame 7858: 28416 us total, 11457 us display, type 3
frame 7859: 28498 us total, 11580 us display, type 3
frame 7860: 28612 us total, 11607 us display, type 3
frame 7861: 28358 us total, 11469 us display, type 3
frame 7862: 28626 us total, 11455 us display, type 3
frame 7863: 28726 us total, 11458 us display, type 3
frame 7864: 28820 us total, 11462 us display, type 3
frame 7865: 28028 us total, 11459 us display, type 3
frame 7866: 27890 us total, 11552 us display, type 3
frame 7867: 28522 us total, 11460 us display, type 3
frame 7868: 28379 us total, 11466 us display, type 3
frame 7869: 28817 us total, 11475 us display, type 3
frame 7870: 28813 us total, 11563 us display, type 3
frame 7871: 28831 us total, 11465 us display, type 3
frame 7872: 29389 us total, 11467 us display, type 3
frame 7873: 28500 us total, 11454 us display, type 3
frame 7874: 29599 us total, 11731 us display, type 3
frame 7875: 27491 us total, 11459 us display, type 3
frame 7876: 28775 us total, 11461 us display, type 3
frame 7877: 28846 us total, 11471 us display, type 3
frame 7878: 28260 us total, 11460 us display, type 3
frame 7879: 28604 us total, 11464 us display, type 3
frame 7880: 28700 us total, 11457 us display, type 3
frame 7881: 29458 us total, 11658 us display, type 3
frame 7882: 27972 us total, 11461 us display, type 3
frame 7883: 27924 us total, 11467 us display, type 3
frame 7884: 28892 us total, 11757 us display, type 3
frame 7885: 27372 us total, 11466 us display, type 3
frame 7886: 28857 us total, 11466 us display, type 3
frame 7887: 28214 us total, 11467 us display, type 3
frame 7888: 28574 us total, 11468 us display, type 3
frame 7889: 28146 us total, 11461 us display, type 3
frame 7890: 28409 us total, 11461 us display, type 3
frame 7891: 28587 us total, 11466 us display, type 3
frame 7892: 28283 us total, 11456 us display, type 3
frame 7893: 28930 us total, 11460 us display, type 3
frame 7894: 28039 us total, 11450 us display, type 3
frame 7895: 28138 us total, 11451 us display, type 3
frame 7896: 28182 us total, 11461 us display, type 3
frame 7897: 28118 us total, 11450 us display, type 3
frame 7898: 29152 us total, 11459 us display, type 3
frame 7899: 27995 us total, 11447 us display, type 3
frame 7900: 28216 us total, 11452 us display, type 3
frame 7901: 28870 us total, 11448 us display, type 3
frame 7902: 28910 us total, 11449 us display, type 3
frame 7903: 27905 us total, 11501 us display, type 3
frame 7904: 29071 us total, 11440 us display, type 3
frame 7905: 28399 us total, 11454 us display, type 3
frame 7906: 28522 us total, 11444 us display, type 3
frame 7907: 29299 us total, 11646 us display, type 3
frame 7908: 28377 us total, 11453 us display, type 3
frame 7909: 28797 us total, 11610 us display, type 3
frame 7910: 28871 us total, 11463 us display, type 3
frame 7911: 33252 us total, 11461 us display, type 3
frame 7912: 31818 us total, 11665 us display, type 3
frame 7913: 28443 us total, 11475 us display, type 3
frame 7914: 29125 us total, 11476 us display, type 3
frame 7915: 27783 us total, 11536 us display, type 3
frame 7916: 29173 us total, 11632 us display, type 3
frame 7917: 27301 us total, 11467 us display, type 3
frame 7918: 28671 us total, 11473 us display, type 3
frame 7919: 28226 us total, 11475 us display, type 3
frame 7920: 27631 us total, 11468 us display, type 3
frame 7921: 28759 us total, 11469 us display, type 3
frame 7922: 28476 us total, 11464 us display, type 3
frame 7923: 28729 us total, 11469 us display, type 3
frame 7924: 28965 us total, 11725 us display, type 3
frame 7925: 28752 us total, 11647 us display, type 3
frame 7926: 28467 us total, 11587 us display, type 3
frame 7927: 27571 us total, 11468 us display, type 3
frame 7928: 28933 us total, 11481 us display, type 3
frame 7929: 28006 us total, 11467 us display, type 3
frame 7930: 28151 us total, 11470 us display, type 3
frame 7931: 28745 us total, 11576 us display, type 3
frame 7932: 28200 us total, 11468 us display, type 3
frame 7933: 29074 us total, 11509 us display, type 3
frame 7934: 29084 us total, 11483 us display, type 3
frame 7935: 28760 us total, 11651 us display, type 3
profile (avg of 128 frames, ms): logic+bsp 5.6 wait-fb 0.0 vp-mark 1.5 flats 3.6 columns 9.1 fuzz 0.0
frame 7936: 28476 us total, 11746 us display, type 3
audio: 224 underruns, 69 ms queued
mem @frame 7936: heap free 46600, largest 20992, min ever 45768, zone free 37548, display stack free 4376, uptime 235 s, gamestate 0, demo 1, usergame 0, tic 8109
frame 7937: 29115 us total, 11468 us display, type 3
frame 7938: 27204 us total, 11801 us display, type 3
frame 7939: 27531 us total, 11469 us display, type 3
frame 7940: 28655 us total, 11468 us display, type 3
frame 7941: 28071 us total, 11467 us display, type 3
frame 7942: 28224 us total, 11461 us display, type 3
frame 7943: 28381 us total, 11464 us display, type 3
frame 7944: 28880 us total, 11628 us display, type 3
frame 7945: 25785 us total, 11462 us display, type 3
frame 7946: 26442 us total, 11737 us display, type 3
frame 7947: 25185 us total, 11529 us display, type 3
frame 7948: 27605 us total, 11443 us display, type 3
frame 7949: 28770 us total, 11454 us display, type 3
frame 7950: 27674 us total, 11442 us display, type 3
frame 7951: 28876 us total, 11817 us display, type 3
frame 7952: 27858 us total, 11640 us display, type 3
frame 7953: 29075 us total, 11580 us display, type 3
frame 7954: 29558 us total, 11442 us display, type 3
frame 7955: 27852 us total, 11443 us display, type 3
frame 7956: 29212 us total, 11449 us display, type 3
frame 7957: 31632 us total, 11442 us display, type 3
frame 7958: 32621 us total, 11621 us display, type 3
frame 7959: 31445 us total, 11471 us display, type 3
frame 7960: 32701 us total, 11491 us display, type 3
frame 7961: 34902 us total, 11490 us display, type 3
frame 7962: 33699 us total, 11476 us display, type 3
frame 7963: 33582 us total, 11487 us display, type 3
frame 7964: 34463 us total, 11511 us display, type 3
frame 7965: 33717 us total, 11494 us display, type 3
frame 7966: 33847 us total, 11486 us display, type 3
frame 7967: 34017 us total, 11478 us display, type 3
frame 7968: 32895 us total, 11484 us display, type 3
frame 7969: 33386 us total, 11478 us display, type 3
frame 7970: 33253 us total, 11471 us display, type 3
frame 7971: 35200 us total, 11817 us display, type 3
frame 7972: 35787 us total, 11484 us display, type 3
frame 7973: 34400 us total, 11548 us display, type 3
frame 7974: 34937 us total, 11481 us display, type 3
frame 7975: 35418 us total, 11519 us display, type 3
frame 7976: 37888 us total, 11483 us display, type 3
frame 7977: 39897 us total, 11598 us display, type 3
frame 7978: 38670 us total, 11488 us display, type 3
frame 7979: 38729 us total, 11482 us display, type 3
frame 7980: 37480 us total, 11474 us display, type 3
frame 7981: 37294 us total, 11479 us display, type 3
frame 7982: 37223 us total, 11483 us display, type 3
frame 7983: 36678 us total, 11486 us display, type 3
frame 7984: 36042 us total, 11474 us display, type 3
frame 7985: 35334 us total, 11476 us display, type 3
frame 7986: 35693 us total, 11487 us display, type 3
frame 7987: 35363 us total, 11469 us display, type 3
frame 7988: 34640 us total, 11716 us display, type 3
frame 7989: 33708 us total, 11659 us display, type 3
frame 7990: 34988 us total, 11487 us display, type 3
frame 7991: 35376 us total, 11549 us display, type 3
frame 7992: 34675 us total, 11476 us display, type 3
frame 7993: 35406 us total, 11472 us display, type 3
frame 7994: 35250 us total, 11482 us display, type 3
frame 7995: 36160 us total, 11585 us display, type 3
frame 7996: 35065 us total, 11484 us display, type 3
frame 7997: 34373 us total, 11519 us display, type 3
frame 7998: 34718 us total, 11484 us display, type 3
frame 7999: 35308 us total, 11470 us display, type 3
frame 8000: 33709 us total, 11645 us display, type 3
frame 8001: 32604 us total, 11473 us display, type 3
frame 8002: 33303 us total, 11830 us display, type 3
frame 8003: 32784 us total, 11812 us display, type 3
frame 8004: 31919 us total, 11470 us display, type 3
frame 8005: 32870 us total, 11725 us display, type 3
frame 8006: 31152 us total, 11619 us display, type 3
frame 8007: 30701 us total, 11523 us display, type 3
frame 8008: 30927 us total, 11659 us display, type 3
frame 8009: 30011 us total, 11474 us display, type 3
frame 8010: 29559 us total, 11487 us display, type 3
frame 8011: 30004 us total, 11487 us display, type 3
frame 8012: 29611 us total, 11470 us display, type 3
frame 8013: 29139 us total, 11650 us display, type 3
frame 8014: 29905 us total, 11627 us display, type 3
frame 8015: 28989 us total, 11676 us display, type 3
frame 8016: 28825 us total, 11471 us display, type 3
frame 8017: 28742 us total, 11476 us display, type 3
frame 8018: 28895 us total, 11474 us display, type 3
frame 8019: 28743 us total, 11585 us display, type 3
frame 8020: 29074 us total, 11684 us display, type 3
frame 8021: 29078 us total, 11685 us display, type 3
frame 8022: 29070 us total, 11757 us display, type 3
frame 8023: 28640 us total, 11483 us display, type 3
frame 8024: 29506 us total, 11590 us display, type 3
frame 8025: 28140 us total, 11553 us display, type 3
frame 8026: 29068 us total, 11761 us display, type 3
frame 8027: 28517 us total, 11625 us display, type 3
frame 8028: 28021 us total, 11480 us display, type 3
frame 8029: 28198 us total, 11476 us display, type 3
frame 8030: 27691 us total, 11732 us display, type 3
frame 8031: 27563 us total, 11486 us display, type 3
frame 8032: 27938 us total, 11484 us display, type 3
frame 8033: 27553 us total, 11483 us display, type 3
frame 8034: 27881 us total, 11634 us display, type 3
frame 8035: 27723 us total, 11469 us display, type 3
frame 8036: 27274 us total, 11811 us display, type 3
frame 8037: 26732 us total, 11475 us display, type 3
frame 8038: 27528 us total, 11481 us display, type 3
frame 8039: 26936 us total, 11478 us display, type 3
frame 8040: 26948 us total, 11488 us display, type 3
frame 8041: 26120 us total, 11483 us display, type 3
frame 8042: 27033 us total, 11496 us display, type 3
frame 8043: 26394 us total, 11485 us display, type 3
frame 8044: 27569 us total, 11639 us display, type 3
frame 8045: 25566 us total, 11473 us display, type 3
frame 8046: 26765 us total, 11472 us display, type 3
frame 8047: 27826 us total, 11473 us display, type 3
frame 8048: 26747 us total, 11463 us display, type 3
frame 8049: 29028 us total, 11471 us display, type 3
frame 8050: 28588 us total, 11724 us display, type 3
frame 8051: 28492 us total, 11473 us display, type 3
frame 8052: 28848 us total, 11470 us display, type 3
frame 8053: 28516 us total, 11465 us display, type 3
frame 8054: 28692 us total, 11471 us display, type 3
frame 8055: 28386 us total, 11461 us display, type 3
frame 8056: 29007 us total, 11466 us display, type 3
frame 8057: 28781 us total, 11473 us display, type 3
frame 8058: 29204 us total, 11476 us display, type 3
frame 8059: 28971 us total, 11469 us display, type 3
frame 8060: 28889 us total, 11646 us display, type 3
frame 8061: 28149 us total, 11748 us display, type 3
frame 8062: 27304 us total, 11466 us display, type 3
frame 8063: 26029 us total, 11782 us display, type 3
profile (avg of 128 frames, ms): logic+bsp 8.1 wait-fb 0.0 vp-mark 1.5 flats 3.3 columns 12.4 fuzz 0.0
frame 8064: 27467 us total, 11453 us display, type 3
frame 8065: 27299 us total, 11462 us display, type 3
frame 8066: 27306 us total, 11450 us display, type 3
frame 8067: 27738 us total, 11447 us display, type 3
frame 8068: 28015 us total, 11442 us display, type 3
frame 8069: 29032 us total, 11449 us display, type 3
frame 8070: 29715 us total, 11450 us display, type 3
frame 8071: 28402 us total, 11444 us display, type 3
frame 8072: 29050 us total, 11464 us display, type 3
frame 8073: 28639 us total, 11444 us display, type 3
frame 8074: 28787 us total, 11462 us display, type 3
frame 8075: 28926 us total, 11462 us display, type 3
frame 8076: 28906 us total, 11544 us display, type 3
frame 8077: 29571 us total, 11464 us display, type 3
frame 8078: 31684 us total, 11460 us display, type 3
frame 8079: 30162 us total, 11472 us display, type 3
frame 8080: 29665 us total, 11699 us display, type 3
frame 8081: 29088 us total, 11706 us display, type 3
frame 8082: 28288 us total, 11469 us display, type 3
frame 8083: 29301 us total, 11480 us display, type 3
frame 8084: 29095 us total, 11633 us display, type 3
frame 8085: 27773 us total, 11467 us display, type 3
frame 8086: 29639 us total, 11476 us display, type 3
frame 8087: 28111 us total, 11471 us display, type 3
frame 8088: 28517 us total, 11479 us display, type 3
frame 8089: 28431 us total, 11468 us display, type 3
frame 8090: 28911 us total, 11478 us display, type 3
frame 8091: 28788 us total, 11498 us display, type 3
frame 8092: 28241 us total, 11467 us display, type 3
frame 8093: 28975 us total, 11796 us display, type 3
frame 8094: 28142 us total, 11716 us display, type 3
frame 8095: 28587 us total, 11487 us display, type 3
frame 8096: 28150 us total, 11475 us display, type 3
frame 8097: 28272 us total, 11462 us display, type 3
frame 8098: 28625 us total, 11481 us display, type 3
frame 8099: 28203 us total, 11471 us display, type 3
frame 8100: 28681 us total, 11576 us display, type 3
frame 8101: 28461 us total, 11472 us display, type 3
frame 8102: 28801 us total, 11475 us display, type 3
frame 8103: 28193 us total, 11472 us display, type 3
frame 8104: 29028 us total, 11620 us display, type 3
frame 8105: 29072 us total, 11806 us display, type 3
frame 8106: 27736 us total, 11463 us display, type 3
frame 8107: 28274 us total, 11471 us display, type 3
frame 8108: 27335 us total, 11479 us display, type 3
frame 8109: 28329 us total, 11467 us display, type 3
frame 8110: 28227 us total, 11469 us display, type 3
frame 8111: 28303 us total, 11454 us display, type 3
frame 8112: 28642 us total, 11536 us display, type 3
frame 8113: 28473 us total, 11623 us display, type 3
frame 8114: 28760 us total, 11508 us display, type 3
frame 8115: 28019 us total, 11462 us display, type 3
frame 8116: 28395 us total, 11833 us display, type 3
frame 8117: 27817 us total, 11656 us display, type 3
frame 8118: 28591 us total, 11466 us display, type 3
frame 8119: 29496 us total, 11647 us display, type 3
frame 8120: 28121 us total, 11538 us display, type 3
frame 8121: 28441 us total, 11467 us display, type 3
frame 8122: 28912 us total, 11474 us display, type 3
frame 8123: 29055 us total, 11531 us display, type 3
frame 8124: 28152 us total, 11692 us display, type 3
frame 8125: 28647 us total, 11459 us display, type 3
frame 8126: 28953 us total, 11461 us display, type 3
frame 8127: 28118 us total, 11471 us display, type 3
frame 8128: 28793 us total, 11461 us display, type 3
frame 8129: 27543 us total, 11470 us display, type 3
frame 8130: 28619 us total, 11461 us display, type 3
frame 8131: 28269 us total, 11459 us display, type 3
frame 8132: 28751 us total, 11478 us display, type 3
frame 8133: 29141 us total, 11518 us display, type 3
frame 8134: 28413 us total, 11476 us display, type 3
frame 8135: 28266 us total, 11458 us display, type 3
frame 8136: 28198 us total, 11457 us display, type 3
frame 8137: 28493 us total, 11474 us display, type 3
frame 8138: 27747 us total, 11457 us display, type 3
frame 8139: 28022 us total, 11461 us display, type 3
frame 8140: 28632 us total, 11458 us display, type 3
frame 8141: 28196 us total, 11464 us display, type 3
frame 8142: 28699 us total, 11567 us display, type 3
frame 8143: 28484 us total, 11458 us display, type 3
frame 8144: 28105 us total, 11453 us display, type 3
frame 8145: 27411 us total, 11457 us display, type 3
frame 8146: 28681 us total, 11525 us display, type 3
frame 8147: 28564 us total, 11457 us display, type 3
frame 8148: 28197 us total, 11444 us display, type 3
frame 8149: 28918 us total, 11466 us display, type 3
frame 8150: 28663 us total, 11491 us display, type 3
frame 8151: 28437 us total, 11456 us display, type 3
frame 8152: 27959 us total, 11452 us display, type 3
frame 8153: 28255 us total, 11449 us display, type 3
frame 8154: 27299 us total, 11470 us display, type 3
frame 8155: 26964 us total, 11451 us display, type 3
frame 8156: 27511 us total, 11444 us display, type 3
frame 8157: 26772 us total, 11443 us display, type 3
frame 8158: 29229 us total, 11442 us display, type 3
frame 8159: 27524 us total, 11454 us display, type 3
frame 8160: 29151 us total, 11447 us display, type 3
frame 8161: 32781 us total, 11453 us display, type 3
frame 8162: 27027 us total, 11449 us display, type 3
frame 8163: 29570 us total, 11442 us display, type 3
frame 8164: 28180 us total, 11700 us display, type 3
frame 8165: 28146 us total, 11457 us display, type 3
frame 8166: 29035 us total, 11616 us display, type 3
frame 8167: 28511 us total, 11443 us display, type 3
frame 8168: 29551 us total, 11509 us display, type 3
frame 8169: 27765 us total, 11450 us display, type 3
frame 8170: 29671 us total, 11442 us display, type 3
frame 8171: 28838 us total, 11450 us display, type 3
frame 8172: 29213 us total, 11451 us display, type 3
frame 8173: 28491 us total, 11455 us display, type 3
frame 8174: 29754 us total, 11442 us display, type 3
frame 8175: 29331 us total, 11469 us display, type 3
frame 8176: 29659 us total, 11452 us display, type 3
frame 8177: 30024 us total, 11465 us display, type 3
frame 8178: 28901 us total, 11460 us display, type 3
frame 8179: 30544 us total, 11462 us display, type 3
frame 8180: 29433 us total, 11471 us display, type 3
frame 8181: 27570 us total, 11470 us display, type 3
frame 8182: 30028 us total, 11470 us display, type 3
frame 8183: 27780 us total, 11472 us display, type 3
frame 8184: 29424 us total, 11478 us display, type 3
frame 8185: 29656 us total, 11501 us display, type 3
frame 8186: 28124 us total, 11581 us display, type 3
frame 8187: 29072 us total, 11488 us display, type 3
frame 8188: 28509 us total, 11479 us display, type 3
frame 8189: 29061 us total, 11658 us display, type 3
frame 8190: 27829 us total, 11471 us display, type 3
frame 8191: 29313 us total, 11482 us display, type 3
profile (avg of 128 frames, ms): logic+bsp 6.6 wait-fb 0.0 vp-mark 1.5 flats 2.7 columns 8.0 fuzz 0.0
frame 8192: 28238 us total, 11476 us display, type 3
audio: 224 underruns, 34 ms queued
mem @frame 8192: heap free 46600, largest 20992, min ever 45768, zone free 37508, display stack free 4376, uptime 242 s, gamestate 0, demo 1, usergame 0, tic 8375
frame 8193: 30027 us total, 11476 us display, type 3
frame 8194: 26582 us total, 11652 us display, type 3
frame 8195: 29191 us total, 11483 us display, type 3
frame 8196: 29038 us total, 11740 us display, type 3
frame 8197: 28499 us total, 11483 us display, type 3
frame 8198: 28797 us total, 11478 us display, type 3
frame 8199: 28221 us total, 11468 us display, type 3
frame 8200: 28942 us total, 11636 us display, type 3
frame 8201: 29052 us total, 11809 us display, type 3
frame 8202: 27767 us total, 11477 us display, type 3
frame 8203: 29303 us total, 11465 us display, type 3
frame 8204: 25260 us total, 11562 us display, type 3
frame 8205: 27249 us total, 11703 us display, type 3
frame 8206: 27224 us total, 11537 us display, type 3
frame 8207: 29309 us total, 11633 us display, type 3
frame 8208: 26937 us total, 11463 us display, type 3
frame 8209: 28053 us total, 11811 us display, type 3
frame 8210: 28633 us total, 11464 us display, type 3
frame 8211: 28000 us total, 11462 us display, type 3
frame 8212: 27779 us total, 11460 us display, type 3
frame 8213: 27182 us total, 11444 us display, type 3
frame 8214: 27548 us total, 11458 us display, type 3
frame 8215: 28771 us total, 11449 us display, type 3
frame 8216: 29493 us total, 11442 us display, type 3
frame 8217: 27892 us total, 11818 us display, type 3
frame 8218: 29326 us total, 11443 us display, type 3
frame 8219: 29436 us total, 11802 us display, type 3
frame 8220: 27058 us total, 11451 us display, type 3
frame 8221: 31034 us total, 11684 us display, type 3
frame 8222: 28117 us total, 11696 us display, type 3
frame 8223: 29464 us total, 11466 us display, type 3
frame 8224: 30169 us total, 11463 us display, type 3
frame 8225: 27564 us total, 11553 us display, type 3
frame 8226: 29768 us total, 11478 us display, type 3
frame 8227: 29871 us total, 11470 us display, type 3
frame 8228: 31001 us total, 11467 us display, type 3
frame 8229: 30435 us total, 11744 us display, type 3
frame 8230: 27712 us total, 11485 us display, type 3
frame 8231: 28822 us total, 11625 us display, type 3
frame 8232: 27732 us total, 11475 us display, type 3
frame 8233: 27210 us total, 11793 us display, type 3
frame 8234: 28308 us total, 11472 us display, type 3
frame 8235: 29423 us total, 11471 us display, type 3
frame 8236: 27262 us total, 11466 us display, type 3
frame 8237: 29878 us total, 11469 us display, type 3
frame 8238: 27672 us total, 11803 us display, type 3
frame 8239: 28404 us total, 11474 us display, type 3
frame 8240: 29784 us total, 11641 us display, type 3
frame 8241: 27018 us total, 11457 us display, type 3
frame 8242: 29890 us total, 11470 us display, type 3
frame 8243: 28042 us total, 11455 us display, type 3
frame 8244: 29680 us total, 11471 us display, type 3
frame 8245: 28651 us total, 11565 us display, type 3
frame 8246: 26611 us total, 11462 us display, type 3
frame 8247: 29701 us total, 11685 us display, type 3
frame 8248: 27611 us total, 11467 us display, type 3
frame 8249: 30003 us total, 11473 us display, type 3
frame 8250: 27782 us total, 11500 us display, type 3
frame 8251: 29074 us total, 11743 us display, type 3
frame 8252: 29504 us total, 11484 us display, type 3
frame 8253: 27808 us total, 11470 us display, type 3
frame 8254: 28050 us total, 11810 us display, type 3
frame 8255: 26985 us total, 11744 us display, type 3
frame 8256: 30377 us total, 11469 us display, type 3
frame 8257: 29138 us total, 11471 us display, type 3
frame 8258: 29856 us total, 11482 us display, type 3
frame 8259: 29191 us total, 11475 us display, type 3
frame 8260: 30593 us total, 11675 us display, type 3
frame 8261: 29152 us total, 11471 us display, type 3
frame 8262: 29924 us total, 11810 us display, type 3
frame 8263: 31852 us total, 11575 us display, type 3
frame 8264: 28692 us total, 11469 us display, type 3
frame 8265: 27917 us total, 11471 us display, type 3
frame 8266: 27819 us total, 11577 us display, type 3
frame 8267: 27229 us total, 11615 us display, type 3
frame 8268: 26749 us total, 11464 us display, type 3
frame 8269: 25238 us total, 11475 us display, type 3
frame 8270: 27648 us total, 11486 us display, type 3
frame 8271: 28158 us total, 11472 us display, type 3
frame 8272: 29058 us total, 11674 us display, type 3
frame 8273: 29073 us total, 11723 us display, type 3
frame 8274: 28537 us total, 11474 us display, type 3
frame 8275: 28696 us total, 11464 us display, type 3
frame 8276: 27549 us total, 11468 us display, type 3
frame 8277: 28510 us total, 11775 us display, type 3
frame 8278: 29219 us total, 11481 us display, type 3
frame 8279: 28331 us total, 11473 us display, type 3
frame 8280: 28793 us total, 11736 us display, type 3
frame 8281: 27429 us total, 11478 us display, type 3
frame 8282: 27095 us total, 11465 us display, type 3
frame 8283: 27440 us total, 11461 us display, type 3
frame 8284: 27647 us total, 11586 us display, type 3
frame 8285: 26352 us total, 11459 us display, type 3
frame 8286: 26552 us total, 11443 us display, type 3
frame 8287: 26963 us total, 11452 us display, type 3
frame 8288: 27484 us total, 11442 us display, type 3
frame 8289: 32396 us total, 11573 us display, type 3
frame 8290: 28037 us total, 11442 us display, type 3
frame 8291: 29131 us total, 11446 us display, type 3
frame 8292: 27420 us total, 11444 us display, type 3
frame 8293: 28813 us total, 11458 us display, type 3
frame 8294: 29277 us total, 11536 us display, type 3
frame 8295: 27868 us total, 11475 us display, type 3
frame 8296: 29969 us total, 11652 us display, type 3
frame 8297: 28725 us total, 11453 us display, type 3
frame 8298: 29363 us total, 11458 us display, type 3
frame 8299: 29496 us total, 11455 us display, type 3
frame 8300: 29177 us total, 11461 us display, type 3
frame 8301: 29800 us total, 11480 us display, type 3
frame 8302: 28997 us total, 11628 us display, type 3
frame 8303: 29005 us total, 11496 us display, type 3
frame 8304: 28869 us total, 11464 us display, type 3
frame 8305: 32299 us total, 11636 us display, type 3
frame 8306: 31765 us total, 11477 us display, type 3
frame 8307: 30076 us total, 11481 us display, type 3
frame 8308: 31650 us total, 11472 us display, type 3
frame 8309: 31267 us total, 11481 us display, type 3
frame 8310: 32713 us total, 11484 us display, type 3
frame 8311: 33640 us total, 11474 us display, type 3
frame 8312: 33673 us total, 11621 us display, type 3
frame 8313: 34227 us total, 11483 us display, type 3
frame 8314: 37125 us total, 11470 us display, type 3
frame 8315: 33990 us total, 11645 us display, type 3
frame 8316: 32858 us total, 11476 us display, type 3
frame 8317: 33268 us total, 11824 us display, type 3
frame 8318: 32313 us total, 11481 us display, type 3
frame 8319: 32282 us total, 11475 us display, type 3
profile (avg of 128 frames, ms): logic+bsp 7.8 wait-fb 0.0 vp-mark 1.4 flats 3.3 columns 9.2 fuzz 0.0
frame 8320: 30061 us total, 11465 us display, type 3
frame 8321: 28199 us total, 11484 us display, type 3
frame 8322: 28565 us total, 11476 us display, type 3
frame 8323: 27655 us total, 11687 us display, type 3
frame 8324: 27596 us total, 11478 us display, type 3
frame 8325: 27768 us total, 11522 us display, type 3
frame 8326: 28138 us total, 11763 us display, type 3
frame 8327: 26370 us total, 11469 us display, type 3
frame 8328: 26589 us total, 11470 us display, type 3
frame 8329: 28489 us total, 11570 us display, type 3
frame 8330: 28202 us total, 11467 us display, type 3
frame 8331: 28313 us total, 11469 us display, type 3
frame 8332: 28380 us total, 11629 us display, type 3
frame 8333: 28110 us total, 11462 us display, type 3
frame 8334: 28265 us total, 11456 us display, type 3
frame 8335: 27743 us total, 11469 us display, type 3
frame 8336: 28762 us total, 11472 us display, type 3
frame 8337: 29018 us total, 11502 us display, type 3
frame 8338: 31483 us total, 11471 us display, type 3
frame 8339: 28997 us total, 11473 us display, type 3
frame 8340: 29601 us total, 11483 us display, type 3
frame 8341: 30026 us total, 11484 us display, type 3
frame 8342: 28143 us total, 11665 us display, type 3
frame 8343: 27709 us total, 11469 us display, type 3
frame 8344: 30441 us total, 11810 us display, type 3
frame 8345: 27678 us total, 11467 us display, type 3
frame 8346: 28028 us total, 11480 us display, type 3
frame 8347: 28688 us total, 11477 us display, type 3
frame 8348: 28399 us total, 11475 us display, type 3
frame 8349: 29170 us total, 11468 us display, type 3
frame 8350: 28898 us total, 11481 us display, type 3
frame 8351: 28771 us total, 11554 us display, type 3
frame 8352: 29076 us total, 11669 us display, type 3
frame 8353: 27217 us total, 11747 us display, type 3
frame 8354: 28146 us total, 11669 us display, type 3
frame 8355: 28251 us total, 11470 us display, type 3
frame 8356: 27545 us total, 11462 us display, type 3
frame 8357: 28737 us total, 11468 us display, type 3
frame 8358: 26879 us total, 11731 us display, type 3
frame 8359: 30315 us total, 11486 us display, type 3
frame 8360: 28357 us total, 11469 us display, type 3
frame 8361: 27669 us total, 11720 us display, type 3
frame 8362: 29117 us total, 11570 us display, type 3
frame 8363: 27196 us total, 11502 us display, type 3
frame 8364: 29081 us total, 11690 us display, type 3
frame 8365: 28364 us total, 11483 us display, type 3
frame 8366: 29081 us total, 11473 us display, type 3
frame 8367: 27575 us total, 11465 us display, type 3
frame 8368: 26491 us total, 11472 us display, type 3
frame 8369: 27440 us total, 11464 us display, type 3
frame 8370: 29724 us total, 11463 us display, type 3
frame 8371: 28143 us total, 11465 us display, type 3
frame 8372: 29074 us total, 11621 us display, type 3
frame 8373: 29109 us total, 11603 us display, type 3
frame 8374: 27387 us total, 11468 us display, type 3
frame 8375: 31272 us total, 11466 us display, type 3
frame 8376: 29704 us total, 11488 us display, type 3
frame 8377: 28936 us total, 11466 us display, type 3
frame 8378: 28921 us total, 11478 us display, type 3
frame 8379: 28706 us total, 11470 us display, type 3
frame 8380: 28877 us total, 11488 us display, type 3
frame 8381: 29514 us total, 11662 us display, type 3
frame 8382: 28166 us total, 11599 us display, type 3
frame 8383: 29358 us total, 11484 us display, type 3
frame 8384: 27351 us total, 11479 us display, type 3
frame 8385: 30525 us total, 11657 us display, type 3
frame 8386: 28138 us total, 11672 us display, type 3
frame 8387: 28151 us total, 11675 us display, type 3
frame 8388: 27623 us total, 11484 us display, type 3
frame 8389: 29874 us total, 11482 us display, type 3
frame 8390: 28218 us total, 11472 us display, type 3
frame 8391: 28754 us total, 11792 us display, type 3
frame 8392: 29898 us total, 11807 us display, type 3
frame 8393: 29331 us total, 11477 us display, type 3
frame 8394: 31942 us total, 11467 us display, type 3
frame 8395: 31859 us total, 11479 us display, type 3
frame 8396: 33429 us total, 11486 us display, type 3
frame 8397: 33261 us total, 11480 us display, type 3
frame 8398: 31370 us total, 11503 us display, type 3
frame 8399: 31862 us total, 11508 us display, type 3
frame 8400: 31082 us total, 11483 us display, type 3
frame 8401: 30741 us total, 11797 us display, type 3
frame 8402: 32965 us total, 11467 us display, type 3
frame 8403: 31146 us total, 11488 us display, type 3
frame 8404: 31639 us total, 11645 us display, type 3
frame 8405: 32782 us total, 11741 us display, type 3
frame 8406: 33710 us total, 11599 us display, type 3
frame 8407: 35020 us total, 11476 us display, type 3
frame 8408: 34414 us total, 11762 us display, type 3
frame 8409: 35658 us total, 11490 us display, type 3
frame 8410: 35072 us total, 11465 us display, type 3
frame 8411: 32683 us total, 11647 us display, type 3
frame 8412: 31656 us total, 11487 us display, type 3
frame 8413: 31791 us total, 11642 us display, type 3
frame 8414: 31298 us total, 11768 us display, type 3
frame 8415: 29627 us total, 11669 us display, type 3
frame 8416: 28138 us total, 11757 us display, type 3
frame 8417: 27570 us total, 11621 us display, type 3
frame 8418: 25957 us total, 11479 us display, type 3
frame 8419: 28447 us total, 11476 us display, type 3
frame 8420: 26909 us total, 11463 us display, type 3
frame 8421: 28928 us total, 11469 us display, type 3
frame 8422: 29046 us total, 11578 us display, type 3
frame 8423: 27666 us total, 11470 us display, type 3
frame 8424: 28626 us total, 11732 us display, type 3
frame 8425: 29301 us total, 11631 us display, type 3
frame 8426: 27915 us total, 11473 us display, type 3
frame 8427: 28870 us total, 11463 us display, type 3
frame 8428: 28637 us total, 11464 us display, type 3
frame 8429: 31345 us total, 11460 us display, type 3
frame 8430: 26674 us total, 11469 us display, type 3
frame 8431: 27799 us total, 11628 us display, type 3
frame 8432: 27694 us total, 11470 us display, type 3
frame 8433: 27983 us total, 11465 us display, type 3
frame 8434: 27857 us total, 11835 us display, type 3
frame 8435: 28442 us total, 11469 us display, type 3
frame 8436: 28201 us total, 11461 us display, type 3
frame 8437: 27551 us total, 11463 us display, type 3
frame 8438: 28148 us total, 11580 us display, type 3
frame 8439: 28082 us total, 11687 us display, type 3
frame 8440: 26988 us total, 11475 us display, type 3
frame 8441: 27918 us total, 11488 us display, type 3
frame 8442: 28704 us total, 11769 us display, type 3
frame 8443: 28783 us total, 11454 us display, type 3
frame 8444: 28744 us total, 11456 us display, type 3
frame 8445: 28195 us total, 11455 us display, type 3
frame 8446: 28489 us total, 11707 us display, type 3
frame 8447: 28778 us total, 11456 us display, type 3
profile (avg of 128 frames, ms): logic+bsp 7.0 wait-fb 0.0 vp-mark 2.4 flats 5.1 columns 8.8 fuzz 0.0
frame 8448: 29018 us total, 11457 us display, type 3
audio: 224 underruns, 69 ms queued
mem @frame 8448: heap free 46600, largest 20992, min ever 45768, zone free 37452, display stack free 4376, uptime 250 s, gamestate 0, demo 1, usergame 0, tic 8635
frame 8449: 30619 us total, 11462 us display, type 3
frame 8450: 28513 us total, 11463 us display, type 3
frame 8451: 29747 us total, 11472 us display, type 3
frame 8452: 29704 us total, 11683 us display, type 3
frame 8453: 29082 us total, 11592 us display, type 3
frame 8454: 29996 us total, 11524 us display, type 3
frame 8455: 29160 us total, 11484 us display, type 3
frame 8456: 30400 us total, 11476 us display, type 3
frame 8457: 28703 us total, 11473 us display, type 3
frame 8458: 28034 us total, 11645 us display, type 3
frame 8459: 29571 us total, 11487 us display, type 3
frame 8460: 28277 us total, 11468 us display, type 3
frame 8461: 29585 us total, 11473 us display, type 3
frame 8462: 30955 us total, 11475 us display, type 3
frame 8463: 32572 us total, 11471 us display, type 3
frame 8464: 31907 us total, 11475 us display, type 3
frame 8465: 31775 us total, 11829 us display, type 3
frame 8466: 32283 us total, 11466 us display, type 3
frame 8467: 33796 us total, 11476 us display, type 3
frame 8468: 34950 us total, 11649 us display, type 3
frame 8469: 34255 us total, 11480 us display, type 3
frame 8470: 33719 us total, 11489 us display, type 3
frame 8471: 33942 us total, 11471 us display, type 3
frame 8472: 33408 us total, 11476 us display, type 3
frame 8473: 34004 us total, 11482 us display, type 3
frame 8474: 34649 us total, 11485 us display, type 3
frame 8475: 34907 us total, 11488 us display, type 3
frame 8476: 31744 us total, 11480 us display, type 3
frame 8477: 32549 us total, 11483 us display, type 3
frame 8478: 30078 us total, 11472 us display, type 3
frame 8479: 28913 us total, 11481 us display, type 3
frame 8480: 29951 us total, 11598 us display, type 3
frame 8481: 29990 us total, 11602 us display, type 3
frame 8482: 28442 us total, 11469 us display, type 3
frame 8483: 29701 us total, 11685 us display, type 3
frame 8484: 28473 us total, 11484 us display, type 3
frame 8485: 27475 us total, 11469 us display, type 3
frame 8486: 27391 us total, 11594 us display, type 3
frame 8487: 27229 us total, 11823 us display, type 3
frame 8488: 26596 us total, 11478 us display, type 3
frame 8489: 26105 us total, 11476 us display, type 3
frame 8490: 26786 us total, 11478 us display, type 3
frame 8491: 26449 us total, 11577 us display, type 3
frame 8492: 25348 us total, 11695 us display, type 3
frame 8493: 26298 us total, 11705 us display, type 3
frame 8494: 25194 us total, 11746 us display, type 3
frame 8495: 26299 us total, 11599 us display, type 3
frame 8496: 25538 us total, 11483 us display, type 3
frame 8497: 29168 us total, 11626 us display, type 3
frame 8498: 26481 us total, 11463 us display, type 3
frame 8499: 27518 us total, 11468 us display, type 3
frame 8500: 28597 us total, 11464 us display, type 3
frame 8501: 27682 us total, 11468 us display, type 3
frame 8502: 28182 us total, 11457 us display, type 3
frame 8503: 28979 us total, 11566 us display, type 3
frame 8504: 28187 us total, 11477 us display, type 3
frame 8505: 29528 us total, 11603 us display, type 3
frame 8506: 27397 us total, 11456 us display, type 3
frame 8507: 29259 us total, 11458 us display, type 3
frame 8508: 28314 us total, 11805 us display, type 3
frame 8509: 27349 us total, 11459 us display, type 3
frame 8510: 35453 us total, 11466 us display, type 3
frame 8511: 27773 us total, 11468 us display, type 3
frame 8512: 25988 us total, 11467 us display, type 3
frame 8513: 30436 us total, 11764 us display, type 3
frame 8514: 27215 us total, 11583 us display, type 3
frame 8515: 30416 us total, 11472 us display, type 3
frame 8516: 27901 us total, 11480 us display, type 3
frame 8517: 28955 us total, 11474 us display, type 3
frame 8518: 29486 us total, 11478 us display, type 3
frame 8519: 28758 us total, 11657 us display, type 3
frame 8520: 28174 us total, 11473 us display, type 3
frame 8521: 30282 us total, 11468 us display, type 3
frame 8522: 27502 us total, 11470 us display, type 3
frame 8523: 29343 us total, 11798 us display, type 3
frame 8524: 28875 us total, 11484 us display, type 3
frame 8525: 28378 us total, 11476 us display, type 3
frame 8526: 30029 us total, 11482 us display, type 3
frame 8527: 31559 us total, 11717 us display, type 3
frame 8528: 27224 us total, 11712 us display, type 3
frame 8529: 29070 us total, 11831 us display, type 3
frame 8530: 27255 us total, 11473 us display, type 3
frame 8531: 28241 us total, 11476 us display, type 3
frame 8532: 28256 us total, 11482 us display, type 3
frame 8533: 27282 us total, 11470 us display, type 3
frame 8534: 28183 us total, 11474 us display, type 3
frame 8535: 27636 us total, 11728 us display, type 3
frame 8536: 29082 us total, 11765 us display, type 3
frame 8537: 28132 us total, 11578 us display, type 3
frame 8538: 26296 us total, 11482 us display, type 3
frame 8539: 29995 us total, 11663 us display, type 3
frame 8540: 26754 us total, 11464 us display, type 3
frame 8541: 29274 us total, 11462 us display, type 3
frame 8542: 26664 us total, 11471 us display, type 3
frame 8543: 27785 us total, 11586 us display, type 3
frame 8544: 29074 us total, 11713 us display, type 3
frame 8545: 28185 us total, 11655 us display, type 3
frame 8546: 28633 us total, 11480 us display, type 3
frame 8547: 28630 us total, 11710 us display, type 3
frame 8548: 27125 us total, 11464 us display, type 3
frame 8549: 27789 us total, 11461 us display, type 3
frame 8550: 27535 us total, 11472 us display, type 3
frame 8551: 26102 us total, 11540 us display, type 3
frame 8552: 26703 us total, 11444 us display, type 3
frame 8553: 28093 us total, 11450 us display, type 3
frame 8554: 27544 us total, 11442 us display, type 3
frame 8555: 27840 us total, 11444 us display, type 3
frame 8556: 32569 us total, 11442 us display, type 3
frame 8557: 29280 us total, 11459 us display, type 3
frame 8558: 26414 us total, 11452 us display, type 3
frame 8559: 28761 us total, 11444 us display, type 3
frame 8560: 29794 us total, 11743 us display, type 3
frame 8561: 27206 us total, 11444 us display, type 3
frame 8562: 28860 us total, 11476 us display, type 3
frame 8563: 27254 us total, 11477 us display, type 3
frame 8564: 30355 us total, 11445 us display, type 3
frame 8565: 28860 us total, 11448 us display, type 3
frame 8566: 28107 us total, 11450 us display, type 3
frame 8567: 32030 us total, 11473 us display, type 3
frame 8568: 30849 us total, 11824 us display, type 3
frame 8569: 29045 us total, 11819 us display, type 3
frame 8570: 29433 us total, 11480 us display, type 3
frame 8571: 30684 us total, 11486 us display, type 3
frame 8572: 30021 us total, 11481 us display, type 3
frame 8573: 31361 us total, 11666 us display, type 3
frame 8574: 29471 us total, 11807 us display, type 3
frame 8575: 30691 us total, 11651 us display, type 3
profile (avg of 128 frames, ms): logic+bsp 7.0 wait-fb 0.0 vp-mark 2.0 flats 3.9 columns 9.5 fuzz 0.0
frame 8576: 31445 us total, 11486 us display, type 3
frame 8577: 30033 us total, 11478 us display, type 3
frame 8578: 31838 us total, 11478 us display, type 3
frame 8579: 33398 us total, 11835 us display, type 3
frame 8580: 30361 us total, 11485 us display, type 3
frame 8581: 32030 us total, 11476 us display, type 3
frame 8582: 32223 us total, 11476 us display, type 3
frame 8583: 33095 us total, 11660 us display, type 3
frame 8584: 34029 us total, 11472 us display, type 3
frame 8585: 31904 us total, 11487 us display, type 3
frame 8586: 31472 us total, 11488 us display, type 3
frame 8587: 29902 us total, 11668 us display, type 3
frame 8588: 32083 us total, 11488 us display, type 3
frame 8589: 32279 us total, 11475 us display, type 3
frame 8590: 30063 us total, 11471 us display, type 3
frame 8591: 30692 us total, 11482 us display, type 3
frame 8592: 30040 us total, 11477 us display, type 3
frame 8593: 28985 us total, 11485 us display, type 3
frame 8594: 29925 us total, 11491 us display, type 3
frame 8595: 31136 us total, 11473 us display, type 3
frame 8596: 26088 us total, 11474 us display, type 3
frame 8597: 27894 us total, 11480 us display, type 3
frame 8598: 27095 us total, 11647 us display, type 3
frame 8599: 29078 us total, 11797 us display, type 3
frame 8600: 29427 us total, 11484 us display, type 3
frame 8601: 26095 us total, 11474 us display, type 3
frame 8602: 29338 us total, 11483 us display, type 3
frame 8603: 26594 us total, 11777 us display, type 3
frame 8604: 33613 us total, 11465 us display, type 3
frame 8605: 29186 us total, 11462 us display, type 3
frame 8606: 25364 us total, 11614 us display, type 3
frame 8607: 30947 us total, 11822 us display, type 3
frame 8608: 28429 us total, 11473 us display, type 3
frame 8609: 26923 us total, 11520 us display, type 3
frame 8610: 28250 us total, 11471 us display, type 3
frame 8611: 28049 us total, 11657 us display, type 3
frame 8612: 30032 us total, 11638 us display, type 3
frame 8613: 29248 us total, 11485 us display, type 3
frame 8614: 26384 us total, 11470 us display, type 3
frame 8615: 29728 us total, 11798 us display, type 3
frame 8616: 27246 us total, 11475 us display, type 3
frame 8617: 31608 us total, 11547 us display, type 3
frame 8618: 29366 us total, 11471 us display, type 3
frame 8619: 26312 us total, 11473 us display, type 3
frame 8620: 29713 us total, 11694 us display, type 3
frame 8621: 29078 us total, 11698 us display, type 3
frame 8622: 27207 us total, 11814 us display, type 3
frame 8623: 30062 us total, 11478 us display, type 3
frame 8624: 26818 us total, 11461 us display, type 3
frame 8625: 31269 us total, 11546 us display, type 3
frame 8626: 28958 us total, 11473 us display, type 3
frame 8627: 26343 us total, 11473 us display, type 3
frame 8628: 29904 us total, 11794 us display, type 3
frame 8629: 26429 us total, 11479 us display, type 3
frame 8630: 28934 us total, 11514 us display, type 3
frame 8631: 28220 us total, 11481 us display, type 3
frame 8632: 26636 us total, 11483 us display, type 3
frame 8633: 30504 us total, 11831 us display, type 3
frame 8634: 27353 us total, 11465 us display, type 3
frame 8635: 26464 us total, 11463 us display, type 3
frame 8636: 28521 us total, 11727 us display, type 3
frame 8637: 27595 us total, 11463 us display, type 3
frame 8638: 29680 us total, 11647 us display, type 3
frame 8639: 29094 us total, 11825 us display, type 3
frame 8640: 26939 us total, 11626 us display, type 3
frame 8641: 33991 us total, 11653 us display, type 3
frame 8642: 26478 us total, 11478 us display, type 3
frame 8643: 29067 us total, 11614 us display, type 3
frame 8644: 28220 us total, 11474 us display, type 3
frame 8645: 26976 us total, 11797 us display, type 3
frame 8646: 29212 us total, 11469 us display, type 3
frame 8647: 26377 us total, 11460 us display, type 3
frame 8648: 30672 us total, 11474 us display, type 3
frame 8649: 30954 us total, 11473 us display, type 3
frame 8650: 27208 us total, 11465 us display, type 3
frame 8651: 31118 us total, 11480 us display, type 3
frame 8652: 30577 us total, 11584 us display, type 3
frame 8653: 29072 us total, 11713 us display, type 3
frame 8654: 31136 us total, 11480 us display, type 3
frame 8655: 33932 us total, 11476 us display, type 3
frame 8656: 31828 us total, 11477 us display, type 3
frame 8657: 33469 us total, 11481 us display, type 3
frame 8658: 33111 us total, 11479 us display, type 3
frame 8659: 32687 us total, 11476 us display, type 3
frame 8660: 29767 us total, 11720 us display, type 3
frame 8661: 30932 us total, 11736 us display, type 3
frame 8662: 29192 us total, 11481 us display, type 3
frame 8663: 33883 us total, 11490 us display, type 3
frame 8664: 33568 us total, 11678 us display, type 3
frame 8665: 32789 us total, 11593 us display, type 3
frame 8666: 31861 us total, 11734 us display, type 3
frame 8667: 33696 us total, 11690 us display, type 3
frame 8668: 32203 us total, 11488 us display, type 3
frame 8669: 32656 us total, 11482 us display, type 3
frame 8670: 29568 us total, 11479 us display, type 3
frame 8671: 27964 us total, 11473 us display, type 3
frame 8672: 26136 us total, 11475 us display, type 3
frame 8673: 27006 us total, 11474 us display, type 3
frame 8674: 25363 us total, 11472 us display, type 3
frame 8675: 26861 us total, 11788 us display, type 3
frame 8676: 27190 us total, 11652 us display, type 3
frame 8677: 28174 us total, 11539 us display, type 3
frame 8678: 29100 us total, 11712 us display, type 3
frame 8679: 29071 us total, 11514 us display, type 3
frame 8680: 28152 us total, 11478 us display, type 3
frame 8681: 29074 us total, 11658 us display, type 3
frame 8682: 28536 us total, 11485 us display, type 3
frame 8683: 28335 us total, 11470 us display, type 3
frame 8684: 28837 us total, 11483 us display, type 3
frame 8685: 28018 us total, 11471 us display, type 3
frame 8686: 29588 us total, 11789 us display, type 3
frame 8687: 29283 us total, 11477 us display, type 3
frame 8688: 32140 us total, 11468 us display, type 3
frame 8689: 28600 us total, 11692 us display, type 3
frame 8690: 27582 us total, 11480 us display, type 3
frame 8691: 28263 us total, 11480 us display, type 3
frame 8692: 31615 us total, 11476 us display, type 3
frame 8693: 28835 us total, 11775 us display, type 3
frame 8694: 29137 us total, 11475 us display, type 3
frame 8695: 29010 us total, 11542 us display, type 3
frame 8696: 29994 us total, 11796 us display, type 3
frame 8697: 29234 us total, 11470 us display, type 3
frame 8698: 27063 us total, 11733 us display, type 3
frame 8699: 29353 us total, 11478 us display, type 3
frame 8700: 28176 us total, 11467 us display, type 3
frame 8701: 29710 us total, 11463 us display, type 3
frame 8702: 29461 us total, 11463 us display, type 3
frame 8703: 27750 us total, 11473 us display, type 3
profile (avg of 128 frames, ms): logic+bsp 8.2 wait-fb 0.0 vp-mark 1.7 flats 4.2 columns 10.9 fuzz 0.0
frame 8704: 29059 us total, 11473 us display, type 3
audio: 224 underruns, 34 ms queued
mem @frame 8704: heap free 46600, largest 20992, min ever 45768, zone free 36772, display stack free 4376, uptime 257 s, gamestate 0, demo 1, usergame 0, tic 8898
frame 8705: 29840 us total, 11819 us display, type 3
frame 8706: 25899 us total, 11475 us display, type 3
frame 8707: 27598 us total, 11560 us display, type 3
frame 8708: 25400 us total, 11464 us display, type 3
frame 8709: 26357 us total, 11469 us display, type 3
frame 8710: 26002 us total, 11548 us display, type 3
frame 8711: 30054 us total, 11463 us display, type 3
frame 8712: 28329 us total, 11474 us display, type 3
frame 8713: 26077 us total, 11537 us display, type 3
frame 8714: 29390 us total, 11467 us display, type 3
frame 8715: 28503 us total, 11460 us display, type 3
frame 8716: 26568 us total, 11465 us display, type 3
frame 8717: 30282 us total, 11468 us display, type 3
frame 8718: 25963 us total, 11462 us display, type 3
frame 8719: 30714 us total, 11648 us display, type 3
frame 8720: 28508 us total, 11473 us display, type 3
frame 8721: 27180 us total, 11457 us display, type 3
frame 8722: 29187 us total, 11629 us display, type 3
frame 8723: 26143 us total, 11456 us display, type 3
frame 8724: 29487 us total, 11458 us display, type 3
frame 8725: 28262 us total, 11712 us display, type 3
frame 8726: 26749 us total, 11462 us display, type 3
frame 8727: 30380 us total, 11721 us display, type 3
frame 8728: 27136 us total, 11600 us display, type 3
frame 8729: 29058 us total, 11496 us display, type 3
frame 8730: 28803 us total, 11462 us display, type 3
frame 8731: 28592 us total, 11806 us display, type 3
frame 8732: 29117 us total, 11469 us display, type 3
frame 8733: 28766 us total, 11467 us display, type 3
frame 8734: 26813 us total, 11460 us display, type 3
frame 8735: 30886 us total, 11475 us display, type 3
frame 8736: 26762 us total, 11730 us display, type 3
frame 8737: 30031 us total, 11692 us display, type 3
frame 8738: 30149 us total, 11467 us display, type 3
frame 8739: 26429 us total, 11466 us display, type 3
frame 8740: 29975 us total, 11475 us display, type 3
frame 8741: 29320 us total, 11470 us display, type 3
frame 8742: 28627 us total, 11475 us display, type 3
frame 8743: 29397 us total, 11468 us display, type 3
frame 8744: 27826 us total, 11774 us display, type 3
frame 8745: 29998 us total, 11697 us display, type 3
frame 8746: 28178 us total, 11468 us display, type 3
frame 8747: 27402 us total, 11472 us display, type 3
frame 8748: 28707 us total, 11474 us display, type 3
frame 8749: 26487 us total, 11468 us display, type 3
frame 8750: 28955 us total, 11461 us display, type 3
frame 8751: 29243 us total, 11471 us display, type 3
frame 8752: 27437 us total, 11616 us display, type 3
frame 8753: 29521 us total, 11667 us display, type 3
frame 8754: 29300 us total, 11481 us display, type 3
frame 8755: 26983 us total, 11468 us display, type 3
frame 8756: 30214 us total, 11473 us display, type 3
frame 8757: 25875 us total, 11575 us display, type 3
frame 8758: 29201 us total, 11469 us display, type 3
frame 8759: 28871 us total, 11482 us display, type 3
frame 8760: 27312 us total, 11459 us display, type 3
frame 8761: 29110 us total, 11465 us display, type 3
frame 8762: 28098 us total, 11532 us display, type 3
frame 8763: 29509 us total, 11469 us display, type 3
frame 8764: 28097 us total, 11464 us display, type 3
frame 8765: 28142 us total, 11461 us display, type 3
frame 8766: 30117 us total, 11457 us display, type 3
frame 8767: 28038 us total, 11461 us display, type 3
frame 8768: 28095 us total, 11460 us display, type 3
frame 8769: 29475 us total, 11473 us display, type 3
frame 8770: 29041 us total, 11712 us display, type 3
frame 8771: 31157 us total, 11480 us display, type 3
frame 8772: 31726 us total, 11496 us display, type 3
frame 8773: 26257 us total, 11512 us display, type 3
frame 8774: 30014 us total, 11558 us display, type 3
frame 8775: 30149 us total, 11472 us display, type 3
frame 8776: 26137 us total, 11585 us display, type 3
frame 8777: 31863 us total, 11740 us display, type 3
frame 8778: 25584 us total, 11459 us display, type 3
frame 8779: 30852 us total, 11480 us display, type 3
frame 8780: 31439 us total, 11640 us display, type 3
frame 8781: 26931 us total, 11456 us display, type 3
frame 8782: 29975 us total, 11474 us display, type 3
frame 8783: 29718 us total, 11476 us display, type 3
frame 8784: 26996 us total, 11799 us display, type 3
frame 8785: 29499 us total, 11474 us display, type 3
frame 8786: 25861 us total, 11684 us display, type 3
frame 8787: 29212 us total, 11473 us display, type 3
frame 8788: 28220 us total, 11469 us display, type 3
frame 8789: 25736 us total, 11465 us display, type 3
frame 8790: 29757 us total, 11473 us display, type 3
frame 8791: 25715 us total, 11688 us display, type 3
frame 8792: 30022 us total, 11586 us display, type 3
frame 8793: 29349 us total, 11472 us display, type 3
frame 8794: 26293 us total, 11462 us display, type 3
frame 8795: 30853 us total, 11475 us display, type 3
frame 8796: 27037 us total, 11546 us display, type 3
frame 8797: 30248 us total, 11478 us display, type 3
frame 8798: 28849 us total, 11788 us display, type 3
frame 8799: 25006 us total, 11454 us display, type 3
frame 8800: 30708 us total, 11478 us display, type 3
frame 8801: 30734 us total, 11472 us display, type 3
frame 8802: 24619 us total, 11476 us display, type 3
frame 8803: 29668 us total, 11476 us display, type 3
frame 8804: 26550 us total, 11462 us display, type 3
frame 8805: 31651 us total, 11479 us display, type 3
frame 8806: 29199 us total, 11487 us display, type 3
frame 8807: 25964 us total, 11597 us display, type 3
frame 8808: 30653 us total, 11663 us display, type 3
frame 8809: 29783 us total, 11649 us display, type 3
frame 8810: 30465 us total, 11591 us display, type 3
frame 8811: 29468 us total, 11630 us display, type 3
frame 8812: 26144 us total, 11475 us display, type 3
frame 8813: 29955 us total, 11477 us display, type 3
frame 8814: 28813 us total, 11769 us display, type 3
frame 8815: 26188 us total, 11481 us display, type 3
frame 8816: 30924 us total, 11686 us display, type 3
frame 8817: 27204 us total, 11485 us display, type 3
frame 8818: 30189 us total, 11473 us display, type 3
frame 8819: 29833 us total, 11482 us display, type 3
frame 8820: 28176 us total, 11470 us display, type 3
frame 8821: 31817 us total, 11793 us display, type 3
frame 8822: 31859 us total, 11801 us display, type 3
frame 8823: 29995 us total, 11716 us display, type 3
frame 8824: 32380 us total, 11482 us display, type 3
frame 8825: 33923 us total, 11480 us display, type 3
frame 8826: 32206 us total, 11675 us display, type 3
frame 8827: 35740 us total, 11481 us display, type 3
frame 8828: 37267 us total, 11473 us display, type 3
frame 8829: 35909 us total, 11487 us display, type 3
frame 8830: 33497 us total, 11560 us display, type 3
frame 8831: 35883 us total, 11482 us display, type 3
profile (avg of 128 frames, ms): logic+bsp 6.5 wait-fb 0.0 vp-mark 1.8 flats 4.3 columns 9.1 fuzz 0.0
frame 8832: 36344 us total, 11522 us display, type 3
frame 8833: 35622 us total, 11827 us display, type 3
frame 8834: 32032 us total, 11472 us display, type 3
frame 8835: 33992 us total, 11485 us display, type 3
frame 8836: 33350 us total, 11717 us display, type 3
frame 8837: 32194 us total, 11476 us display, type 3
frame 8838: 30593 us total, 11541 us display, type 3
frame 8839: 31860 us total, 11737 us display, type 3
frame 8840: 31062 us total, 11830 us display, type 3
frame 8841: 28005 us total, 11641 us display, type 3
frame 8842: 27711 us total, 11481 us display, type 3
frame 8843: 31792 us total, 11481 us display, type 3
frame 8844: 29540 us total, 11813 us display, type 3
frame 8845: 29616 us total, 11465 us display, type 3
frame 8846: 29468 us total, 11816 us display, type 3
frame 8847: 30514 us total, 11469 us display, type 3
frame 8848: 30422 us total, 11508 us display, type 3
frame 8849: 27207 us total, 11720 us display, type 3
frame 8850: 30943 us total, 11800 us display, type 3
frame 8851: 29071 us total, 11839 us display, type 3
frame 8852: 27741 us total, 11469 us display, type 3
frame 8853: 32228 us total, 11577 us display, type 3
frame 8854: 32826 us total, 11566 us display, type 3
frame 8855: 35268 us total, 11480 us display, type 3
frame 8856: 36016 us total, 11661 us display, type 3
frame 8857: 37463 us total, 11472 us display, type 3
frame 8858: 37754 us total, 11484 us display, type 3
frame 8859: 37057 us total, 11478 us display, type 3
frame 8860: 37978 us total, 11472 us display, type 3
frame 8861: 37953 us total, 11488 us display, type 3
frame 8862: 38792 us total, 11480 us display, type 3
frame 8863: 38626 us total, 11495 us display, type 3
frame 8864: 38485 us total, 11488 us display, type 3
frame 8865: 38105 us total, 11719 us display, type 3
frame 8866: 40078 us total, 11469 us display, type 3
frame 8867: 40883 us total, 11469 us display, type 3
frame 8868: 42144 us total, 11473 us display, type 3
frame 8869: 41197 us total, 11645 us display, type 3
frame 8870: 40424 us total, 11480 us display, type 3
frame 8871: 40882 us total, 11494 us display, type 3
frame 8872: 42179 us total, 11849 us display, type 3
frame 8873: 39115 us total, 11477 us display, type 3
frame 8874: 41450 us total, 11678 us display, type 3
frame 8875: 43137 us total, 11694 us display, type 3
frame 8876: 40920 us total, 11486 us display, type 3
frame 8877: 39574 us total, 11477 us display, type 3
frame 8878: 38046 us total, 11496 us display, type 3
frame 8879: 41288 us total, 11490 us display, type 3
frame 8880: 38847 us total, 11487 us display, type 3
frame 8881: 35995 us total, 11478 us display, type 3
frame 8882: 37669 us total, 11472 us display, type 3
frame 8883: 37098 us total, 11638 us display, type 3
frame 8884: 36678 us total, 11492 us display, type 3
frame 8885: 36471 us total, 11665 us display, type 3
frame 8886: 31137 us total, 11477 us display, type 3
frame 8887: 33496 us total, 11634 us display, type 3
frame 8888: 32894 us total, 11485 us display, type 3
frame 8889: 30825 us total, 11552 us display, type 3
frame 8890: 32613 us total, 11472 us display, type 3
frame 8891: 31024 us total, 11479 us display, type 3
frame 8892: 27423 us total, 11487 us display, type 3
frame 8893: 30970 us total, 11801 us display, type 3
frame 8894: 28890 us total, 11719 us display, type 3
frame 8895: 24506 us total, 11467 us display, type 3
frame 8896: 28149 us total, 11479 us display, type 3
frame 8897: 27509 us total, 11472 us display, type 3
frame 8898: 29688 us total, 11487 us display, type 3
frame 8899: 29355 us total, 11484 us display, type 3
frame 8900: 24820 us total, 11465 us display, type 3
frame 8901: 30078 us total, 11477 us display, type 3
frame 8902: 25113 us total, 11618 us display, type 3
frame 8903: 29284 us total, 11467 us display, type 3
frame 8904: 30350 us total, 11476 us display, type 3
frame 8905: 27776 us total, 11461 us display, type 3
frame 8906: 30106 us total, 11473 us display, type 3
frame 8907: 27506 us total, 11466 us display, type 3
frame 8908: 29986 us total, 11481 us display, type 3
frame 8909: 29905 us total, 11472 us display, type 3
frame 8910: 26941 us total, 11804 us display, type 3
frame 8911: 30499 us total, 11479 us display, type 3
frame 8912: 29663 us total, 11474 us display, type 3
frame 8913: 27807 us total, 11800 us display, type 3
frame 8914: 29422 us total, 11473 us display, type 3
frame 8915: 27318 us total, 11482 us display, type 3
frame 8916: 29037 us total, 11473 us display, type 3
frame 8917: 29614 us total, 11523 us display, type 3
frame 8918: 27359 us total, 11477 us display, type 3
frame 8919: 29277 us total, 11627 us display, type 3
frame 8920: 28729 us total, 11504 us display, type 3
frame 8921: 26812 us total, 11468 us display, type 3
frame 8922: 30048 us total, 11467 us display, type 3
frame 8923: 25990 us total, 11473 us display, type 3
frame 8924: 29779 us total, 11479 us display, type 3
frame 8925: 30974 us total, 11468 us display, type 3
frame 8926: 26392 us total, 11472 us display, type 3
frame 8927: 30564 us total, 11681 us display, type 3
frame 8928: 25368 us total, 11734 us display, type 3
frame 8929: 29575 us total, 11482 us display, type 3
frame 8930: 28062 us total, 11467 us display, type 3
frame 8931: 26562 us total, 11458 us display, type 3
frame 8932: 29577 us total, 11476 us display, type 3
frame 8933: 26217 us total, 11466 us display, type 3
frame 8934: 31908 us total, 11460 us display, type 3
frame 8935: 28963 us total, 11468 us display, type 3
frame 8936: 25557 us total, 11471 us display, type 3
frame 8937: 31350 us total, 11662 us display, type 3
frame 8938: 30335 us total, 11485 us display, type 3
frame 8939: 27521 us total, 11612 us display, type 3
frame 8940: 29996 us total, 11647 us display, type 3
frame 8941: 33089 us total, 11722 us display, type 3
frame 8942: 28181 us total, 11466 us display, type 3
frame 8943: 31362 us total, 11475 us display, type 3
frame 8944: 27675 us total, 11529 us display, type 3
frame 8945: 30367 us total, 11478 us display, type 3
frame 8946: 31497 us total, 11768 us display, type 3
frame 8947: 28132 us total, 11559 us display, type 3
frame 8948: 31281 us total, 11473 us display, type 3
frame 8949: 31508 us total, 11688 us display, type 3
frame 8950: 27597 us total, 11477 us display, type 3
frame 8951: 32400 us total, 11646 us display, type 3
frame 8952: 31115 us total, 11484 us display, type 3
frame 8953: 28099 us total, 11473 us display, type 3
frame 8954: 30789 us total, 11482 us display, type 3
frame 8955: 30923 us total, 11620 us display, type 3
frame 8956: 28148 us total, 11514 us display, type 3
frame 8957: 31016 us total, 11483 us display, type 3
frame 8958: 30403 us total, 11477 us display, type 3
frame 8959: 28972 us total, 11471 us display, type 3
profile (avg of 128 frames, ms): logic+bsp 9.0 wait-fb 0.0 vp-mark 1.5 flats 4.3 columns 12.1 fuzz 0.0
frame 8960: 30936 us total, 11484 us display, type 3
audio: 224 underruns, 46 ms queued
mem @frame 8960: heap free 46600, largest 20992, min ever 45768, zone free 36828, display stack free 4376, uptime 265 s, gamestate 0, demo 1, usergame 0, tic 9171
frame 8961: 28741 us total, 11482 us display, type 3
frame 8962: 29924 us total, 11563 us display, type 3
frame 8963: 29398 us total, 11485 us display, type 3
frame 8964: 28049 us total, 11612 us display, type 3
frame 8965: 27840 us total, 11469 us display, type 3
frame 8966: 28427 us total, 11482 us display, type 3
frame 8967: 27042 us total, 11478 us display, type 3
frame 8968: 28884 us total, 11515 us display, type 3
frame 8969: 27658 us total, 11471 us display, type 3
frame 8970: 29697 us total, 11481 us display, type 3
frame 8971: 29168 us total, 11474 us display, type 3
frame 8972: 27422 us total, 11478 us display, type 3
frame 8973: 29022 us total, 11604 us display, type 3
frame 8974: 26756 us total, 11471 us display, type 3
frame 8975: 28489 us total, 11474 us display, type 3
frame 8976: 28635 us total, 11776 us display, type 3
frame 8977: 26482 us total, 11471 us display, type 3
frame 8978: 29243 us total, 11482 us display, type 3
frame 8979: 26995 us total, 11472 us display, type 3
frame 8980: 30802 us total, 11673 us display, type 3
frame 8981: 28149 us total, 11476 us display, type 3
frame 8982: 26820 us total, 11456 us display, type 3
frame 8983: 29187 us total, 11467 us display, type 3
frame 8984: 29237 us total, 11463 us display, type 3
frame 8985: 26637 us total, 11469 us display, type 3
frame 8986: 29955 us total, 11481 us display, type 3
frame 8987: 27923 us total, 11475 us display, type 3
frame 8988: 29416 us total, 11479 us display, type 3
frame 8989: 28718 us total, 11481 us display, type 3
frame 8990: 28585 us total, 11481 us display, type 3
frame 8991: 29437 us total, 11562 us display, type 3
frame 8992: 26760 us total, 11463 us display, type 3
frame 8993: 30500 us total, 11481 us display, type 3
frame 8994: 29283 us total, 11471 us display, type 3
frame 8995: 26844 us total, 11789 us display, type 3
frame 8996: 29476 us total, 11484 us display, type 3
frame 8997: 28000 us total, 11475 us display, type 3
frame 8998: 27347 us total, 11478 us display, type 3
frame 8999: 29575 us total, 11713 us display, type 3
frame 9000: 27694 us total, 11476 us display, type 3
frame 9001: 29976 us total, 11486 us display, type 3
frame 9002: 28618 us total, 11842 us display, type 3
frame 9003: 26940 us total, 11465 us display, type 3
frame 9004: 29545 us total, 11473 us display, type 3
frame 9005: 27389 us total, 11472 us display, type 3
frame 9006: 29428 us total, 11715 us display, type 3
frame 9007: 28467 us total, 11476 us display, type 3
frame 9008: 28113 us total, 11471 us display, type 3
frame 9009: 29208 us total, 11473 us display, type 3
frame 9010: 29167 us total, 11471 us display, type 3
frame 9011: 27004 us total, 11470 us display, type 3
frame 9012: 29737 us total, 11611 us display, type 3
frame 9013: 26859 us total, 11469 us display, type 3
frame 9014: 29964 us total, 11472 us display, type 3
frame 9015: 28962 us total, 11481 us display, type 3
frame 9016: 27009 us total, 11486 us display, type 3
frame 9017: 29605 us total, 11645 us display, type 3
frame 9018: 27417 us total, 11477 us display, type 3
frame 9019: 29830 us total, 11578 us display, type 3
frame 9020: 27728 us total, 11480 us display, type 3
frame 9021: 28564 us total, 11540 us display, type 3
frame 9022: 29067 us total, 11580 us display, type 3
frame 9023: 28144 us total, 11699 us display, type 3
frame 9024: 28619 us total, 11472 us display, type 3
frame 9025: 28132 us total, 11468 us display, type 3
frame 9026: 28669 us total, 11707 us display, type 3
frame 9027: 22026 us total, 12757 us display, type 5
frame 9028: 13010 us total, 12443 us display, type 5
frame 9029: 12957 us total, 12437 us display, type 5
frame 9030: 12881 us total, 12544 us display, type 5
frame 9031: 12993 us total, 12563 us display, type 5
frame 9032: 12934 us total, 12546 us display, type 5
frame 9033: 12989 us total, 12559 us display, type 5
frame 9034: 12923 us total, 12538 us display, type 5
frame 9035: 12941 us total, 12537 us display, type 5
frame 9036: 12813 us total, 12420 us display, type 5
frame 9037: 12894 us total, 12521 us display, type 5
frame 9038: 12922 us total, 12516 us display, type 5
frame 9039: 12920 us total, 12518 us display, type 5
frame 9040: 12913 us total, 12516 us display, type 5
frame 9041: 12885 us total, 12513 us display, type 5
frame 9042: 12898 us total, 12508 us display, type 5
frame 9043: 12800 us total, 12398 us display, type 5
frame 9044: 12886 us total, 12495 us display, type 5
frame 9045: 12883 us total, 12479 us display, type 5
frame 9046: 12988 us total, 12557 us display, type 5
frame 9047: 12896 us total, 12480 us display, type 5
frame 9048: 12892 us total, 12461 us display, type 5
frame 9049: 12865 us total, 12447 us display, type 5
frame 9050: 12748 us total, 12346 us display, type 5
frame 9051: 12818 us total, 12335 us display, type 5
frame 9052: 12844 us total, 12430 us display, type 5
frame 9053: 12853 us total, 12429 us display, type 5
frame 9054: 12845 us total, 12422 us display, type 5
frame 9055: 12851 us total, 12434 us display, type 5
frame 9056: 12786 us total, 12416 us display, type 5
frame 9057: 12729 us total, 12305 us display, type 5
frame 9058: 12769 us total, 12388 us display, type 5
frame 9059: 27266 us total, 12709 us display, type 5
frame 9060: 12966 us total, 12401 us display, type 5
frame 9061: 12789 us total, 12378 us display, type 5
frame 9062: 12785 us total, 12375 us display, type 5
frame 9063: 12695 us total, 12280 us display, type 5
frame 9064: 12780 us total, 12261 us display, type 5
frame 9065: 12702 us total, 12330 us display, type 5
frame 9066: 12756 us total, 12342 us display, type 5
frame 9067: 29382 us total, 12628 us display, type 5
frame 9068: 12884 us total, 12358 us display, type 5
frame 9069: 12765 us total, 12347 us display, type 5
frame 9070: 12715 us total, 12327 us display, type 5
frame 9071: 12611 us total, 12214 us display, type 5
frame 9072: 12705 us total, 12308 us display, type 5
frame 9073: 12730 us total, 12313 us display, type 5
frame 9074: 12743 us total, 12313 us display, type 5
frame 9075: 12717 us total, 12307 us display, type 5
frame 9076: 12724 us total, 12307 us display, type 5
frame 9077: 12552 us total, 12195 us display, type 5
frame 9078: 12687 us total, 12181 us display, type 5
frame 9079: 12658 us total, 12271 us display, type 5
frame 9080: 12682 us total, 12287 us display, type 5
frame 9081: 12657 us total, 12263 us display, type 5
frame 9082: 12690 us total, 12275 us display, type 5
frame 9083: 12649 us total, 12277 us display, type 5
frame 9084: 12575 us total, 12173 us display, type 5
frame 9085: 12635 us total, 12275 us display, type 5
frame 9086: 12662 us total, 12255 us display, type 5
frame 9087: 12653 us total, 12251 us display, type 5
profile (avg of 128 frames, ms): logic+bsp 5.0 wait-fb 0.0 vp-mark 1.5 flats 2.5 columns 5.1 fuzz 0.0
frame 9088: 13267 us total, 12252 us display, type 5
frame 9089: 12633 us total, 12246 us display, type 5
frame 9090: 12517 us total, 12166 us display, type 5
frame 9091: 12630 us total, 12148 us display, type 5
frame 9092: 12619 us total, 12250 us display, type 5
frame 9093: 12643 us total, 12252 us display, type 5
frame 9094: 12656 us total, 12256 us display, type 5
frame 9095: 12622 us total, 12255 us display, type 5
frame 9096: 12659 us total, 12262 us display, type 5
frame 9097: 12534 us total, 12152 us display, type 5
frame 9098: 12615 us total, 12270 us display, type 5
frame 9099: 12611 us total, 12247 us display, type 5
frame 9100: 27186 us total, 11725 us display, type 4
frame 9101: 24385 us total, 11728 us display, type 4
frame 9102: 11956 us total, 11682 us display, type 4
frame 9103: 11897 us total, 11676 us display, type 4
frame 9104: 12558 us total, 11686 us display, type 4
frame 9105: 27831 us total, 11791 us display, type 4
frame 9106: 29056 us total, 11807 us display, type 4
frame 9107: 27875 us total, 11684 us display, type 4
frame 9108: 28961 us total, 11679 us display, type 4
frame 9109: 28034 us total, 11681 us display, type 4
frame 9110: 28964 us total, 11683 us display, type 4
frame 9111: 29133 us total, 11679 us display, type 4
frame 9112: 27920 us total, 11688 us display, type 4
frame 9113: 28953 us total, 11682 us display, type 4
frame 9114: 28036 us total, 11684 us display, type 4
frame 9115: 28986 us total, 11698 us display, type 4
frame 9116: 28146 us total, 11815 us display, type 4
frame 9117: 28865 us total, 11680 us display, type 4
frame 9118: 28964 us total, 11682 us display, type 4
frame 9119: 28034 us total, 11678 us display, type 4
frame 9120: 29002 us total, 11684 us display, type 4
frame 9121: 28071 us total, 11691 us display, type 4
frame 9122: 28929 us total, 11679 us display, type 4
frame 9123: 27966 us total, 11684 us display, type 4
frame 9124: 29036 us total, 11680 us display, type 4
frame 9125: 29001 us total, 11686 us display, type 4
frame 9126: 28051 us total, 11762 us display, type 4
frame 9127: 29089 us total, 11825 us display, type 4
frame 9128: 27827 us total, 11687 us display, type 4
frame 9129: 29033 us total, 11684 us display, type 4
frame 9130: 27995 us total, 11678 us display, type 4
frame 9131: 28964 us total, 11679 us display, type 4
frame 9132: 29133 us total, 11694 us display, type 4
frame 9133: 27908 us total, 11680 us display, type 4
frame 9134: 28963 us total, 11683 us display, type 4
frame 9135: 28037 us total, 11683 us display, type 4
frame 9136: 28984 us total, 11705 us display, type 4
frame 9137: 28151 us total, 11816 us display, type 4
frame 9138: 28864 us total, 11684 us display, type 4
frame 9139: 28963 us total, 11680 us display, type 4
frame 9140: 28033 us total, 11679 us display, type 4
frame 9141: 28971 us total, 11690 us display, type 4
frame 9142: 28115 us total, 11682 us display, type 4
frame 9143: 28918 us total, 11681 us display, type 4
frame 9144: 27964 us total, 11683 us display, type 4
frame 9145: 29037 us total, 11685 us display, type 4
frame 9146: 28999 us total, 11681 us display, type 4
frame 9147: 28082 us total, 11790 us display, type 4
frame 9148: 29045 us total, 11806 us display, type 4
frame 9149: 27836 us total, 11682 us display, type 4
frame 9150: 29037 us total, 11680 us display, type 4
frame 9151: 27996 us total, 11681 us display, type 4
frame 9152: 28971 us total, 11681 us display, type 4
frame 9153: 29133 us total, 11690 us display, type 4
frame 9154: 27869 us total, 11690 us display, type 4
frame 9155: 29033 us total, 11681 us display, type 4
frame 9156: 27999 us total, 11684 us display, type 4
frame 9157: 28985 us total, 11707 us display, type 4
frame 9158: 28145 us total, 11813 us display, type 4
frame 9159: 28867 us total, 11680 us display, type 4
frame 9160: 28964 us total, 11684 us display, type 4
frame 9161: 28035 us total, 11678 us display, type 4
frame 9162: 28964 us total, 11681 us display, type 4
frame 9163: 28126 us total, 11684 us display, type 4
frame 9164: 28912 us total, 11679 us display, type 4
frame 9165: 27970 us total, 11684 us display, type 4
frame 9166: 29031 us total, 11680 us display, type 4
frame 9167: 28970 us total, 11691 us display, type 4
frame 9168: 28082 us total, 11732 us display, type 4
frame 9169: 29089 us total, 11825 us display, type 4
frame 9170: 27819 us total, 11680 us display, type 4
frame 9171: 29041 us total, 11683 us display, type 4
frame 9172: 27995 us total, 11677 us display, type 4
frame 9173: 28959 us total, 11679 us display, type 4
frame 9174: 29132 us total, 11687 us display, type 4
frame 9175: 27884 us total, 11686 us display, type 4
frame 9176: 29030 us total, 11683 us display, type 4
frame 9177: 27999 us total, 11683 us display, type 4
frame 9178: 28985 us total, 11699 us display, type 4
frame 9179: 28149 us total, 11813 us display, type 4
frame 9180: 28828 us total, 11683 us display, type 4
frame 9181: 29037 us total, 11680 us display, type 4
frame 9182: 28009 us total, 11679 us display, type 4
frame 9183: 28953 us total, 11683 us display, type 4
frame 9184: 28120 us total, 11684 us display, type 4
frame 9185: 28927 us total, 11685 us display, type 4
frame 9186: 27956 us total, 11682 us display, type 4
frame 9187: 29039 us total, 11684 us display, type 4
frame 9188: 28961 us total, 11680 us display, type 4
frame 9189: 28109 us total, 11753 us display, type 4
frame 9190: 29054 us total, 11807 us display, type 4
frame 9191: 27844 us total, 11688 us display, type 4
frame 9192: 29030 us total, 11680 us display, type 4
frame 9193: 27959 us total, 11679 us display, type 4
frame 9194: 29038 us total, 11682 us display, type 4
frame 9195: 29101 us total, 11683 us display, type 4
frame 9196: 27862 us total, 11682 us display, type 4
frame 9197: 29041 us total, 11680 us display, type 4
frame 9198: 28001 us total, 11682 us display, type 4
frame 9199: 28983 us total, 11703 us display, type 4
frame 9200: 28149 us total, 11816 us display, type 4
frame 9201: 28828 us total, 11678 us display, type 4
frame 9202: 29037 us total, 11683 us display, type 4
frame 9203: 28005 us total, 11681 us display, type 4
frame 9204: 28962 us total, 11681 us display, type 4
frame 9205: 28121 us total, 11684 us display, type 4
frame 9206: 28878 us total, 11679 us display, type 4
frame 9207: 28038 us total, 11684 us display, type 4
frame 9208: 28998 us total, 11680 us display, type 4
frame 9209: 28963 us total, 11683 us display, type 4
frame 9210: 28091 us total, 11735 us display, type 4
frame 9211: 29088 us total, 11822 us display, type 4
frame 9212: 27819 us total, 11680 us display, type 4
frame 9213: 29039 us total, 11682 us display, type 4
frame 9214: 27958 us total, 11677 us display, type 4
frame 9215: 29038 us total, 11681 us display, type 4
profile (avg of 128 frames, ms): logic+bsp 0.3 wait-fb 0.1 vp-mark 0.0 flats 0.4 columns 0.0 fuzz 0.0
frame 9216: 29686 us total, 11680 us display, type 4
audio: 303 underruns, 69 ms queued
mem @frame 9216: heap free 46600, largest 20992, min ever 45768, zone free 37508, display stack free 4376, uptime 271 s, gamestate 3, demo 0, usergame 0, tic 9355
frame 9217: 27316 us total, 11701 us display, type 4
frame 9218: 29007 us total, 11682 us display, type 4
frame 9219: 27961 us total, 11681 us display, type 4
frame 9220: 29033 us total, 11683 us display, type 4
frame 9221: 28137 us total, 11815 us display, type 4
frame 9222: 28823 us total, 11682 us display, type 4
frame 9223: 29039 us total, 11679 us display, type 4
frame 9224: 27997 us total, 11677 us display, type 4
frame 9225: 28962 us total, 11683 us display, type 4
frame 9226: 28122 us total, 11683 us display, type 4
frame 9227: 28885 us total, 11679 us display, type 4
frame 9228: 28043 us total, 11684 us display, type 4
frame 9229: 28994 us total, 11684 us display, type 4
frame 9230: 28966 us total, 11680 us display, type 4
frame 9231: 28102 us total, 11752 us display, type 4
frame 9232: 28892 us total, 11680 us display, type 4
frame 9233: 28037 us total, 11681 us display, type 4
frame 9234: 29001 us total, 11680 us display, type 4
frame 9235: 27959 us total, 11679 us display, type 4
frame 9236: 29038 us total, 11684 us display, type 4
frame 9237: 29098 us total, 11682 us display, type 4
frame 9238: 27866 us total, 11683 us display, type 4
frame 9239: 29040 us total, 11680 us display, type 4
frame 9240: 27964 us total, 11682 us display, type 4
frame 9241: 29034 us total, 11681 us display, type 4
frame 9242: 28136 us total, 11816 us display, type 4
frame 9243: 28834 us total, 11686 us display, type 4
frame 9244: 29030 us total, 11684 us display, type 4
frame 9245: 27962 us total, 11676 us display, type 4
frame 9246: 29036 us total, 11683 us display, type 4
frame 9247: 28091 us total, 11684 us display, type 4
frame 9248: 28872 us total, 11679 us display, type 4
frame 9249: 28040 us total, 11684 us display, type 4
frame 9250: 29000 us total, 11680 us display, type 4
frame 9251: 28966 us total, 11686 us display, type 4
frame 9252: 28099 us total, 11733 us display, type 4
frame 9253: 28901 us total, 11681 us display, type 4
frame 9254: 28041 us total, 11681 us display, type 4
frame 9255: 28996 us total, 11683 us display, type 4
frame 9256: 27956 us total, 11677 us display, type 4
frame 9257: 29038 us total, 11681 us display, type 4
frame 9258: 29070 us total, 11695 us display, type 4
frame 9259: 27937 us total, 11680 us display, type 4
frame 9260: 28998 us total, 11682 us display, type 4
frame 9261: 27961 us total, 11683 us display, type 4
frame 9262: 29037 us total, 11682 us display, type 4
frame 9263: 28136 us total, 11814 us display, type 4
frame 9264: 28826 us total, 11683 us display, type 4
frame 9265: 29038 us total, 11679 us display, type 4
frame 9266: 27959 us total, 11678 us display, type 4
frame 9267: 29040 us total, 11682 us display, type 4
frame 9268: 28086 us total, 11684 us display, type 4
frame 9269: 28884 us total, 11688 us display, type 4
frame 9270: 28039 us total, 11686 us display, type 4
frame 9271: 28958 us total, 11685 us display, type 4
frame 9272: 29035 us total, 11681 us display, type 4
frame 9273: 28071 us total, 11752 us display, type 4
frame 9274: 28890 us total, 11681 us display, type 4
frame 9275: 28041 us total, 11683 us display, type 4
frame 9276: 28998 us total, 11680 us display, type 4
frame 9277: 27959 us total, 11680 us display, type 4
frame 9278: 29039 us total, 11682 us display, type 4
frame 9279: 29071 us total, 11690 us display, type 4
frame 9280: 27941 us total, 11685 us display, type 4
frame 9281: 28991 us total, 11681 us display, type 4
frame 9282: 27964 us total, 11685 us display, type 4
frame 9283: 29036 us total, 11683 us display, type 4
frame 9284: 27963 us total, 11682 us display, type 4
frame 9285: 29034 us total, 11680 us display, type 4
frame 9286: 29009 us total, 11689 us display, type 4
frame 9287: 27964 us total, 11679 us display, type 4
frame 9288: 29034 us total, 11683 us display, type 4
frame 9289: 28082 us total, 11686 us display, type 4
frame 9290: 28873 us total, 11680 us display, type 4
frame 9291: 28041 us total, 11683 us display, type 4
frame 9292: 28963 us total, 11681 us display, type 4
frame 9293: 29036 us total, 11685 us display, type 4
frame 9294: 28055 us total, 11735 us display, type 4
frame 9295: 28913 us total, 11689 us display, type 4
frame 9296: 28030 us total, 11681 us display, type 4
frame 9297: 28969 us total, 11685 us display, type 4
frame 9298: 28027 us total, 11678 us display, type 4
frame 9299: 55610 us total, 12698 us display, type 5
frame 9300: 13287 us total, 12623 us display, type 5
frame 9301: 12942 us total, 12550 us display, type 5
frame 9302: 12992 us total, 12561 us display, type 5
frame 9303: 12924 us total, 12542 us display, type 5
frame 9304: 12867 us total, 12429 us display, type 5
frame 9305: 12909 us total, 12542 us display, type 5
frame 9306: 12938 us total, 12525 us display, type 5
frame 9307: 12911 us total, 12520 us display, type 5
frame 9308: 12941 us total, 12517 us display, type 5
frame 9309: 12872 us total, 12518 us display, type 5
frame 9310: 12896 us total, 12510 us display, type 5
frame 9311: 12804 us total, 12405 us display, type 5
frame 9312: 12880 us total, 12397 us display, type 5
frame 9313: 12898 us total, 12498 us display, type 5
frame 9314: 12889 us total, 12486 us display, type 5
frame 9315: 12901 us total, 12482 us display, type 5
frame 9316: 12887 us total, 12470 us display, type 5
frame 9317: 12869 us total, 12472 us display, type 5
frame 9318: 12756 us total, 12360 us display, type 5
frame 9319: 12823 us total, 12352 us display, type 5
frame 9320: 12869 us total, 12449 us display, type 5
frame 9321: 12828 us total, 12433 us display, type 5
frame 9322: 12859 us total, 12430 us display, type 5
frame 9323: 12807 us total, 12427 us display, type 5
frame 9324: 12853 us total, 12425 us display, type 5
frame 9325: 12718 us total, 12311 us display, type 5
frame 9326: 12797 us total, 12396 us display, type 5
frame 9327: 12807 us total, 12391 us display, type 5
frame 9328: 12799 us total, 12404 us display, type 5
frame 9329: 12785 us total, 12395 us display, type 5
frame 9330: 12802 us total, 12398 us display, type 5
frame 9331: 20740 us total, 12661 us display, type 5
frame 9332: 12962 us total, 12383 us display, type 5
frame 9333: 12778 us total, 12368 us display, type 5
frame 9334: 12760 us total, 12363 us display, type 5
frame 9335: 12667 us total, 12252 us display, type 5
frame 9336: 12747 us total, 12232 us display, type 5
frame 9337: 12708 us total, 12326 us display, type 5
frame 9338: 12744 us total, 12334 us display, type 5
frame 9339: 13886 us total, 12445 us display, type 5
frame 9340: 12781 us total, 12332 us display, type 5
frame 9341: 12776 us total, 12324 us display, type 5
frame 9342: 12604 us total, 12222 us display, type 5
frame 9343: 12713 us total, 12198 us display, type 5
profile (avg of 128 frames, ms): logic+bsp 0.3 wait-fb 0.0 vp-mark 0.0 flats 0.5 columns 0.1 fuzz 0.0
frame 9344: 13254 us total, 12297 us display, type 5
frame 9345: 12685 us total, 12287 us display, type 5
frame 9346: 12786 us total, 12356 us display, type 5
frame 9347: 12677 us total, 12306 us display, type 5
frame 9348: 12739 us total, 12282 us display, type 5
frame 9349: 12670 us total, 12261 us display, type 5
frame 9350: 12601 us total, 12176 us display, type 5
frame 9351: 12630 us total, 12262 us display, type 5
frame 9352: 12662 us total, 12253 us display, type 5
frame 9353: 12605 us total, 12252 us display, type 5
frame 9354: 12652 us total, 12252 us display, type 5
frame 9355: 12562 us total, 12168 us display, type 5
frame 9356: 12649 us total, 12150 us display, type 5
frame 9357: 12610 us total, 12245 us display, type 5
frame 9358: 12620 us total, 12248 us display, type 5
frame 9359: 12637 us total, 12254 us display, type 5
frame 9360: 12671 us total, 12253 us display, type 5
frame 9361: 12593 us total, 12254 us display, type 5
frame 9362: 12558 us total, 12153 us display, type 5
frame 9363: 12597 us total, 12246 us display, type 5
frame 9364: 12649 us total, 12257 us display, type 5
frame 9365: 12618 us total, 12245 us display, type 5
frame 9366: 12601 us total, 12248 us display, type 5
frame 9367: 12615 us total, 12247 us display, type 5
frame 9368: 12543 us total, 12160 us display, type 5
frame 9369: 12615 us total, 12152 us display, type 5
frame 9370: 12616 us total, 12251 us display, type 5
frame 9371: 12594 us total, 12250 us display, type 5
frame 9372: 12409 us total, 11762 us display, type 3
frame 9373: 25373 us total, 11753 us display, type 3
frame 9374: 21619 us total, 11458 us display, type 3
frame 9375: 21292 us total, 11471 us display, type 3
frame 9376: 21717 us total, 11477 us display, type 3
frame 9377: 20872 us total, 11449 us display, type 3
frame 9378: 25817 us total, 11485 us display, type 3
frame 9379: 27428 us total, 11454 us display, type 3
frame 9380: 28191 us total, 11451 us display, type 3
frame 9381: 27927 us total, 11443 us display, type 3
frame 9382: 28542 us total, 11450 us display, type 3
frame 9383: 29656 us total, 11450 us display, type 3
frame 9384: 29027 us total, 11445 us display, type 3
frame 9385: 27572 us total, 11464 us display, type 3
frame 9386: 28549 us total, 11640 us display, type 3
frame 9387: 27714 us total, 11444 us display, type 3
frame 9388: 27579 us total, 11465 us display, type 3
frame 9389: 28600 us total, 11441 us display, type 3
frame 9390: 28975 us total, 11443 us display, type 3
frame 9391: 27830 us total, 11450 us display, type 3
frame 9392: 28485 us total, 11457 us display, type 3
frame 9393: 28720 us total, 11812 us display, type 3
frame 9394: 29240 us total, 11450 us display, type 3
frame 9395: 27331 us total, 11449 us display, type 3
frame 9396: 30230 us total, 11454 us display, type 3
frame 9397: 28629 us total, 11450 us display, type 3
frame 9398: 28263 us total, 11443 us display, type 3
frame 9399: 28802 us total, 11451 us display, type 3
frame 9400: 28477 us total, 11443 us display, type 3
frame 9401: 29579 us total, 11510 us display, type 3
frame 9402: 28221 us total, 11442 us display, type 3
frame 9403: 29271 us total, 11443 us display, type 3
frame 9404: 29898 us total, 11450 us display, type 3
frame 9405: 27997 us total, 11450 us display, type 3
frame 9406: 28658 us total, 11458 us display, type 3
frame 9407: 27789 us total, 11457 us display, type 3
frame 9408: 28024 us total, 11458 us display, type 3
frame 9409: 28234 us total, 11451 us display, type 3
frame 9410: 28895 us total, 11443 us display, type 3
frame 9411: 28937 us total, 11460 us display, type 3
frame 9412: 28390 us total, 11449 us display, type 3
frame 9413: 29501 us total, 11476 us display, type 3
frame 9414: 29467 us total, 11586 us display, type 3
frame 9415: 28463 us total, 11455 us display, type 3
frame 9416: 29236 us total, 11450 us display, type 3
frame 9417: 28498 us total, 11799 us display, type 3
frame 9418: 28138 us total, 11462 us display, type 3
frame 9419: 27995 us total, 11592 us display, type 3
frame 9420: 28775 us total, 11460 us display, type 3
frame 9421: 28387 us total, 11574 us display, type 3
frame 9422: 29068 us total, 11553 us display, type 3
frame 9423: 29073 us total, 11591 us display, type 3
frame 9424: 28876 us total, 11522 us display, type 3
frame 9425: 28788 us total, 11465 us display, type 3
frame 9426: 29135 us total, 11462 us display, type 3
frame 9427: 28063 us total, 11464 us display, type 3
frame 9428: 27711 us total, 11605 us display, type 3
frame 9429: 28069 us total, 11681 us display, type 3
frame 9430: 27694 us total, 11464 us display, type 3
frame 9431: 27127 us total, 11451 us display, type 3
frame 9432: 27205 us total, 11456 us display, type 3
frame 9433: 28158 us total, 11456 us display, type 3
frame 9434: 27942 us total, 11808 us display, type 3
frame 9435: 27066 us total, 11448 us display, type 3
frame 9436: 29111 us total, 11443 us display, type 3
frame 9437: 26367 us total, 11440 us display, type 3
frame 9438: 28655 us total, 11450 us display, type 3
frame 9439: 28658 us total, 11448 us display, type 3
frame 9440: 28750 us total, 11439 us display, type 3
frame 9441: 28813 us total, 11444 us display, type 3
frame 9442: 32084 us total, 11443 us display, type 3
frame 9443: 29668 us total, 11443 us display, type 3
frame 9444: 28145 us total, 11442 us display, type 3
frame 9445: 28174 us total, 11450 us display, type 3
frame 9446: 31338 us total, 11458 us display, type 3
frame 9447: 28126 us total, 11816 us display, type 3
frame 9448: 28885 us total, 11604 us display, type 3
frame 9449: 29066 us total, 11522 us display, type 3
frame 9450: 29056 us total, 11525 us display, type 3
frame 9451: 30951 us total, 11516 us display, type 3
frame 9452: 29055 us total, 11469 us display, type 3
frame 9453: 28305 us total, 11464 us display, type 3
frame 9454: 30820 us total, 11471 us display, type 3
frame 9455: 28137 us total, 11463 us display, type 3
frame 9456: 30874 us total, 11653 us display, type 3
frame 9457: 30186 us total, 11477 us display, type 3
frame 9458: 26430 us total, 11466 us display, type 3
frame 9459: 31028 us total, 11486 us display, type 3
frame 9460: 30566 us total, 11474 us display, type 3
frame 9461: 27188 us total, 11652 us display, type 3
frame 9462: 30007 us total, 11476 us display, type 3
frame 9463: 29361 us total, 11645 us display, type 3
frame 9464: 30914 us total, 11467 us display, type 3
frame 9465: 31630 us total, 11484 us display, type 3
frame 9466: 29942 us total, 11535 us display, type 3
frame 9467: 33698 us total, 11767 us display, type 3
frame 9468: 33115 us total, 11475 us display, type 3
frame 9469: 35692 us total, 11637 us display, type 3
frame 9470: 33426 us total, 11773 us display, type 3
frame 9471: 37174 us total, 11462 us display, type 3
profile (avg of 128 frames, ms): logic+bsp 3.8 wait-fb 0.0 vp-mark 0.6 flats 1.5 columns 7.8 fuzz 0.0
frame 9472: 37178 us total, 11476 us display, type 3
audio: 376 underruns, 34 ms queued
mem @frame 9472: heap free 46600, largest 20992, min ever 45768, zone free 39440, display stack free 4376, uptime 277 s, gamestate 0, demo 1, usergame 0, tic 9542
frame 9473: 35778 us total, 11480 us display, type 3
frame 9474: 31970 us total, 11481 us display, type 3
frame 9475: 30844 us total, 11470 us display, type 3
frame 9476: 30465 us total, 11474 us display, type 3
frame 9477: 28156 us total, 11787 us display, type 3
frame 9478: 30500 us total, 11466 us display, type 3
frame 9479: 31344 us total, 11479 us display, type 3
frame 9480: 28287 us total, 11796 us display, type 3
frame 9481: 29000 us total, 11482 us display, type 3
frame 9482: 29987 us total, 11475 us display, type 3
frame 9483: 29122 us total, 11478 us display, type 3
frame 9484: 31045 us total, 11474 us display, type 3
frame 9485: 30681 us total, 11791 us display, type 3
frame 9486: 27679 us total, 11475 us display, type 3
frame 9487: 30444 us total, 11599 us display, type 3
frame 9488: 30954 us total, 11484 us display, type 3
frame 9489: 28170 us total, 11468 us display, type 3
frame 9490: 30464 us total, 11474 us display, type 3
frame 9491: 29079 us total, 11463 us display, type 3
frame 9492: 31522 us total, 11481 us display, type 3
frame 9493: 32122 us total, 11466 us display, type 3
frame 9494: 28895 us total, 11480 us display, type 3
frame 9495: 32506 us total, 11465 us display, type 3
frame 9496: 32028 us total, 11480 us display, type 3
frame 9497: 31350 us total, 11639 us display, type 3
frame 9498: 30889 us total, 11475 us display, type 3
frame 9499: 34522 us total, 11473 us display, type 3
frame 9500: 32837 us total, 11474 us display, type 3
frame 9501: 32608 us total, 11467 us display, type 3
frame 9502: 34614 us total, 11538 us display, type 3
frame 9503: 35644 us total, 11466 us display, type 3
frame 9504: 34325 us total, 11473 us display, type 3
frame 9505: 35048 us total, 11473 us display, type 3
frame 9506: 37409 us total, 11562 us display, type 3
frame 9507: 42208 us total, 11777 us display, type 3
frame 9508: 39684 us total, 11619 us display, type 3
frame 9509: 42747 us total, 11464 us display, type 3
frame 9510: 41607 us total, 11474 us display, type 3
frame 9511: 38178 us total, 11794 us display, type 3
frame 9512: 41297 us total, 11738 us display, type 3
frame 9513: 39276 us total, 11711 us display, type 3
frame 9514: 41061 us total, 12018 us display, type 3
frame 9515: 37402 us total, 11468 us display, type 3
frame 9516: 39067 us total, 11474 us display, type 3
frame 9517: 39405 us total, 11624 us display, type 3
frame 9518: 34742 us total, 11461 us display, type 3
frame 9519: 36478 us total, 11484 us display, type 3
frame 9520: 39984 us total, 11760 us display, type 3
frame 9521: 35883 us total, 11468 us display, type 3
frame 9522: 34613 us total, 11481 us display, type 3
frame 9523: 35869 us total, 11486 us display, type 3
frame 9524: 38572 us total, 11476 us display, type 3
frame 9525: 35070 us total, 11617 us display, type 3
frame 9526: 35303 us total, 11478 us display, type 3
frame 9527: 33525 us total, 11624 us display, type 3
frame 9528: 35353 us total, 11462 us display, type 3
frame 9529: 33994 us total, 11469 us display, type 3
frame 9530: 34826 us total, 11476 us display, type 3
frame 9531: 31859 us total, 11477 us display, type 3
frame 9532: 34217 us total, 11841 us display, type 3
frame 9533: 34854 us total, 11798 us display, type 3
frame 9534: 31640 us total, 11470 us display, type 3
frame 9535: 33007 us total, 11627 us display, type 3
frame 9536: 36614 us total, 11478 us display, type 3
frame 9537: 36331 us total, 11472 us display, type 3
frame 9538: 34049 us total, 11472 us display, type 3
frame 9539: 34567 us total, 11467 us display, type 3
frame 9540: 34799 us total, 11475 us display, type 3
frame 9541: 34845 us total, 11479 us display, type 3
frame 9542: 33502 us total, 11466 us display, type 3
frame 9543: 34997 us total, 11475 us display, type 3
frame 9544: 35438 us total, 11637 us display, type 3
frame 9545: 35346 us total, 11517 us display, type 3
frame 9546: 32282 us total, 11487 us display, type 3
frame 9547: 36393 us total, 11474 us display, type 3
frame 9548: 34827 us total, 11481 us display, type 3
frame 9549: 35197 us total, 11482 us display, type 3
frame 9550: 33406 us total, 11457 us display, type 3
frame 9551: 34188 us total, 11635 us display, type 3
frame 9552: 34795 us total, 11474 us display, type 3
frame 9553: 36615 us total, 11469 us display, type 3
frame 9554: 32661 us total, 11781 us display, type 3
frame 9555: 34212 us total, 11471 us display, type 3
frame 9556: 34445 us total, 11488 us display, type 3
frame 9557: 33507 us total, 11462 us display, type 3
frame 9558: 30992 us total, 11802 us display, type 3
frame 9559: 33135 us total, 11471 us display, type 3
frame 9560: 33340 us total, 11503 us display, type 3
frame 9561: 31374 us total, 11466 us display, type 3
frame 9562: 33630 us total, 11470 us display, type 3
frame 9563: 33004 us total, 11477 us display, type 3
frame 9564: 30726 us total, 11475 us display, type 3
frame 9565: 32595 us total, 11464 us display, type 3
frame 9566: 35531 us total, 11605 us display, type 3
frame 9567: 37146 us total, 11475 us display, type 3
frame 9568: 32323 us total, 11476 us display, type 3
frame 9569: 35586 us total, 11479 us display, type 3
frame 9570: 36022 us total, 11478 us display, type 3
frame 9571: 32432 us total, 11655 us display, type 3
frame 9572: 30931 us total, 11615 us display, type 3
frame 9573: 33797 us total, 11471 us display, type 3
frame 9574: 35127 us total, 11485 us display, type 3
frame 9575: 36078 us total, 11845 us display, type 3
frame 9576: 31359 us total, 11467 us display, type 3
frame 9577: 34657 us total, 11463 us display, type 3
frame 9578: 36724 us total, 11476 us display, type 3
frame 9579: 37820 us total, 11661 us display, type 3
frame 9580: 31847 us total, 11803 us display, type 3
frame 9581: 33387 us total, 11463 us display, type 3
frame 9582: 33703 us total, 11484 us display, type 3
frame 9583: 32555 us total, 11474 us display, type 3
frame 9584: 32579 us total, 11528 us display, type 3
frame 9585: 33745 us total, 11784 us display, type 3
frame 9586: 32544 us total, 11474 us display, type 3
frame 9587: 32716 us total, 11618 us display, type 3
frame 9588: 33218 us total, 11847 us display, type 3
frame 9589: 32304 us total, 11464 us display, type 3
frame 9590: 31414 us total, 11812 us display, type 3
frame 9591: 35059 us total, 11474 us display, type 3
frame 9592: 33438 us total, 11741 us display, type 3
frame 9593: 31389 us total, 11484 us display, type 3
frame 9594: 30874 us total, 11468 us display, type 3
frame 9595: 31679 us total, 11479 us display, type 3
frame 9596: 33480 us total, 11545 us display, type 3
frame 9597: 30159 us total, 11474 us display, type 3
frame 9598: 32385 us total, 11481 us display, type 3
frame 9599: 37255 us total, 11463 us display, type 3
profile (avg of 128 frames, ms): logic+bsp 11.9 wait-fb 0.0 vp-mark 2.6 flats 5.8 columns 8.2 fuzz 0.5
frame 9600: 31631 us total, 11477 us display, type 3
frame 9601: 33570 us total, 11621 us display, type 3
frame 9602: 36199 us total, 11484 us display, type 3
frame 9603: 34531 us total, 11486 us display, type 3
frame 9604: 36344 us total, 11821 us display, type 3
frame 9605: 34763 us total, 11604 us display, type 3
frame 9606: 34660 us total, 11482 us display, type 3
frame 9607: 34753 us total, 11486 us display, type 3
frame 9608: 35402 us total, 11678 us display, type 3
frame 9609: 34620 us total, 11550 us display, type 3
frame 9610: 34113 us total, 11476 us display, type 3
frame 9611: 35763 us total, 11488 us display, type 3
frame 9612: 32783 us total, 11484 us display, type 3
frame 9613: 36347 us total, 11476 us display, type 3
frame 9614: 35563 us total, 11473 us display, type 3
frame 9615: 34520 us total, 11593 us display, type 3
frame 9616: 32158 us total, 11475 us display, type 3
frame 9617: 35302 us total, 11473 us display, type 3
frame 9618: 35204 us total, 11480 us display, type 3
frame 9619: 34272 us total, 11481 us display, type 3
frame 9620: 31778 us total, 11687 us display, type 3
frame 9621: 34714 us total, 11462 us display, type 3
frame 9622: 34226 us total, 11476 us display, type 3
frame 9623: 32401 us total, 11475 us display, type 3
frame 9624: 32724 us total, 11501 us display, type 3
frame 9625: 32642 us total, 11479 us display, type 3
frame 9626: 32396 us total, 11478 us display, type 3
frame 9627: 30579 us total, 11469 us display, type 3
frame 9628: 32399 us total, 11479 us display, type 3
frame 9629: 32440 us total, 11479 us display, type 3
frame 9630: 36414 us total, 11835 us display, type 3
frame 9631: 33769 us total, 11468 us display, type 3
frame 9632: 33873 us total, 11482 us display, type 3
frame 9633: 33887 us total, 11475 us display, type 3
frame 9634: 32609 us total, 11476 us display, type 3
frame 9635: 34666 us total, 11461 us display, type 3
frame 9636: 35621 us total, 11773 us display, type 3
frame 9637: 35182 us total, 11469 us display, type 3
frame 9638: 35063 us total, 11457 us display, type 3
frame 9639: 36039 us total, 11483 us display, type 3
frame 9640: 37245 us total, 11479 us display, type 3
frame 9641: 37397 us total, 11490 us display, type 3
frame 9642: 37017 us total, 11479 us display, type 3
frame 9643: 36125 us total, 11516 us display, type 3
frame 9644: 37421 us total, 11633 us display, type 3
frame 9645: 37607 us total, 11474 us display, type 3
frame 9646: 38380 us total, 11813 us display, type 3
frame 9647: 40313 us total, 11820 us display, type 3
frame 9648: 35749 us total, 11471 us display, type 3
frame 9649: 39241 us total, 11817 us display, type 3
frame 9650: 39523 us total, 11580 us display, type 3
frame 9651: 37344 us total, 11761 us display, type 3
frame 9652: 36107 us total, 11480 us display, type 3
frame 9653: 35342 us total, 11474 us display, type 3
frame 9654: 34050 us total, 11467 us display, type 3
frame 9655: 34949 us total, 11468 us display, type 3
frame 9656: 33491 us total, 11500 us display, type 3
frame 9657: 35401 us total, 11474 us display, type 3
frame 9658: 32937 us total, 11465 us display, type 3
frame 9659: 37434 us total, 11477 us display, type 3
frame 9660: 34565 us total, 11501 us display, type 3
frame 9661: 36066 us total, 11472 us display, type 3
frame 9662: 33268 us total, 11476 us display, type 3
frame 9663: 34097 us total, 11476 us display, type 3
frame 9664: 32367 us total, 11481 us display, type 3
frame 9665: 33030 us total, 11479 us display, type 3
frame 9666: 34998 us total, 11656 us display, type 3
frame 9667: 36123 us total, 11472 us display, type 3
frame 9668: 34637 us total, 11480 us display, type 3
frame 9669: 33712 us total, 11676 us display, type 3
frame 9670: 36601 us total, 11484 us display, type 3
frame 9671: 38861 us total, 11642 us display, type 3
frame 9672: 35102 us total, 11482 us display, type 3
frame 9673: 33997 us total, 11474 us display, type 3
frame 9674: 36617 us total, 11469 us display, type 3
frame 9675: 36476 us total, 11476 us display, type 3
frame 9676: 35584 us total, 11471 us display, type 3
frame 9677: 34075 us total, 11477 us display, type 3
frame 9678: 36973 us total, 11486 us display, type 3
frame 9679: 37925 us total, 11474 us display, type 3
frame 9680: 35533 us total, 11472 us display, type 3
frame 9681: 36402 us total, 11483 us display, type 3
frame 9682: 35011 us total, 11459 us display, type 3
frame 9683: 35115 us total, 11629 us display, type 3
frame 9684: 33868 us total, 11469 us display, type 3
frame 9685: 33944 us total, 11477 us display, type 3
frame 9686: 33535 us total, 11488 us display, type 3
frame 9687: 35929 us total, 11482 us display, type 3
frame 9688: 33834 us total, 11635 us display, type 3
frame 9689: 38110 us total, 11498 us display, type 3
frame 9690: 34726 us total, 11473 us display, type 3
frame 9691: 36413 us total, 11668 us display, type 3
frame 9692: 33700 us total, 11697 us display, type 3
frame 9693: 33738 us total, 11468 us display, type 3
frame 9694: 33525 us total, 11637 us display, type 3
frame 9695: 34197 us total, 11477 us display, type 3
frame 9696: 33927 us total, 11478 us display, type 3
frame 9697: 34052 us total, 11457 us display, type 3
frame 9698: 31299 us total, 11654 us display, type 3
frame 9699: 34639 us total, 11648 us display, type 3
frame 9700: 33307 us total, 11466 us display, type 3
frame 9701: 32697 us total, 11792 us display, type 3
frame 9702: 34360 us total, 11740 us display, type 3
frame 9703: 33705 us total, 11579 us display, type 3
frame 9704: 33107 us total, 11470 us display, type 3
frame 9705: 31975 us total, 11468 us display, type 3
frame 9706: 33201 us total, 11463 us display, type 3
frame 9707: 33402 us total, 11483 us display, type 3
frame 9708: 31858 us total, 11476 us display, type 3
frame 9709: 33491 us total, 11469 us display, type 3
frame 9710: 31994 us total, 11464 us display, type 3
frame 9711: 30690 us total, 11471 us display, type 3
frame 9712: 31072 us total, 11463 us display, type 3
frame 9713: 31746 us total, 11783 us display, type 3
frame 9714: 26650 us total, 11467 us display, type 3
frame 9715: 28877 us total, 11470 us display, type 3
frame 9716: 27022 us total, 11470 us display, type 3
frame 9717: 26277 us total, 11467 us display, type 3
frame 9718: 27415 us total, 11473 us display, type 3
frame 9719: 26647 us total, 11469 us display, type 3
frame 9720: 27591 us total, 11473 us display, type 3
frame 9721: 29219 us total, 11482 us display, type 3
frame 9722: 31473 us total, 11676 us display, type 3
frame 9723: 29075 us total, 11761 us display, type 3
frame 9724: 27628 us total, 11473 us display, type 3
frame 9725: 29159 us total, 11482 us display, type 3
frame 9726: 28709 us total, 11483 us display, type 3
frame 9727: 26680 us total, 11465 us display, type 3
profile (avg of 128 frames, ms): logic+bsp 12.2 wait-fb 0.0 vp-mark 1.9 flats 5.3 columns 9.9 fuzz 0.0
frame 9728: 25613 us total, 11715 us display, type 3
audio: 376 underruns, 46 ms queued
mem @frame 9728: heap free 46600, largest 20992, min ever 45768, zone free 38800, display stack free 4376, uptime 286 s, gamestate 0, demo 1, usergame 0, tic 9846
frame 9729: 25838 us total, 11470 us display, type 3
frame 9730: 26732 us total, 11803 us display, type 3
frame 9731: 25009 us total, 11458 us display, type 3
frame 9732: 21981 us total, 11464 us display, type 3
frame 9733: 28940 us total, 11797 us display, type 3
frame 9734: 26346 us total, 11452 us display, type 3
frame 9735: 29661 us total, 11456 us display, type 3
frame 9736: 25776 us total, 11465 us display, type 3
frame 9737: 29668 us total, 11708 us display, type 3
frame 9738: 27403 us total, 11465 us display, type 3
frame 9739: 26865 us total, 11569 us display, type 3
frame 9740: 28515 us total, 11443 us display, type 3
frame 9741: 26883 us total, 11442 us display, type 3
frame 9742: 30174 us total, 11442 us display, type 3
frame 9743: 28921 us total, 11450 us display, type 3
frame 9744: 26267 us total, 11733 us display, type 3
frame 9745: 29991 us total, 11757 us display, type 3
frame 9746: 26817 us total, 11455 us display, type 3
frame 9747: 32708 us total, 11463 us display, type 3
frame 9748: 28867 us total, 11464 us display, type 3
frame 9749: 30789 us total, 11470 us display, type 3
frame 9750: 29188 us total, 11460 us display, type 3
frame 9751: 29095 us total, 11472 us display, type 3
frame 9752: 27163 us total, 11458 us display, type 3
frame 9753: 29090 us total, 11455 us display, type 3
frame 9754: 28102 us total, 11609 us display, type 3
frame 9755: 28302 us total, 11458 us display, type 3
frame 9756: 28205 us total, 11456 us display, type 3
frame 9757: 27981 us total, 11464 us display, type 3
frame 9758: 28697 us total, 11587 us display, type 3
frame 9759: 28383 us total, 11463 us display, type 3
frame 9760: 28406 us total, 11465 us display, type 3
frame 9761: 29431 us total, 11684 us display, type 3
frame 9762: 27620 us total, 11461 us display, type 3
frame 9763: 30189 us total, 11469 us display, type 3
frame 9764: 28250 us total, 11632 us display, type 3
frame 9765: 28534 us total, 11466 us display, type 3
frame 9766: 31782 us total, 11666 us display, type 3
frame 9767: 28147 us total, 11556 us display, type 3
frame 9768: 27494 us total, 11476 us display, type 3
frame 9769: 29786 us total, 11469 us display, type 3
frame 9770: 28470 us total, 11464 us display, type 3
frame 9771: 29454 us total, 11654 us display, type 3
frame 9772: 29585 us total, 11475 us display, type 3
frame 9773: 28561 us total, 11471 us display, type 3
frame 9774: 30922 us total, 11797 us display, type 3
frame 9775: 31843 us total, 11797 us display, type 3
frame 9776: 29073 us total, 11785 us display, type 3
frame 9777: 31310 us total, 11464 us display, type 3
frame 9778: 28039 us total, 11477 us display, type 3
frame 9779: 27035 us total, 11481 us display, type 3
frame 9780: 25486 us total, 11482 us display, type 3
frame 9781: 22236 us total, 11476 us display, type 3
frame 9782: 27291 us total, 11460 us display, type 3
frame 9783: 28594 us total, 11462 us display, type 3
frame 9784: 30365 us total, 11634 us display, type 3
frame 9785: 30248 us total, 11469 us display, type 3
frame 9786: 27352 us total, 11475 us display, type 3
frame 9787: 30572 us total, 11782 us display, type 3
frame 9788: 28385 us total, 11476 us display, type 3
frame 9789: 29882 us total, 11479 us display, type 3
frame 9790: 29207 us total, 11650 us display, type 3
frame 9791: 30021 us total, 11634 us display, type 3
frame 9792: 27774 us total, 11477 us display, type 3
frame 9793: 31020 us total, 11628 us display, type 3
frame 9794: 27814 us total, 11474 us display, type 3
frame 9795: 29777 us total, 11467 us display, type 3
frame 9796: 27616 us total, 11709 us display, type 3
frame 9797: 25359 us total, 11492 us display, type 3
frame 9798: 27217 us total, 11743 us display, type 3
frame 9799: 27722 us total, 11473 us display, type 3
frame 9800: 28994 us total, 11469 us display, type 3
frame 9801: 28021 us total, 11467 us display, type 3
frame 9802: 29498 us total, 11467 us display, type 3
frame 9803: 29848 us total, 11469 us display, type 3
frame 9804: 26743 us total, 11473 us display, type 3
frame 9805: 29755 us total, 11478 us display, type 3
frame 9806: 28205 us total, 11483 us display, type 3
frame 9807: 28273 us total, 11483 us display, type 3
frame 9808: 28867 us total, 11737 us display, type 3
frame 9809: 29074 us total, 11596 us display, type 3
frame 9810: 29219 us total, 11474 us display, type 3
frame 9811: 28404 us total, 11484 us display, type 3
frame 9812: 27974 us total, 11480 us display, type 3
frame 9813: 29188 us total, 11475 us display, type 3
frame 9814: 28183 us total, 11485 us display, type 3
frame 9815: 27701 us total, 11478 us display, type 3
frame 9816: 29015 us total, 11495 us display, type 3
frame 9817: 29139 us total, 11477 us display, type 3
frame 9818: 28963 us total, 11682 us display, type 3
frame 9819: 29502 us total, 11478 us display, type 3
frame 9820: 27780 us total, 11486 us display, type 3
frame 9821: 29380 us total, 11480 us display, type 3
frame 9822: 26919 us total, 11469 us display, type 3
frame 9823: 30846 us total, 11721 us display, type 3
frame 9824: 29057 us total, 11480 us display, type 3
frame 9825: 28868 us total, 11472 us display, type 3
frame 9826: 28369 us total, 11824 us display, type 3
frame 9827: 27987 us total, 11607 us display, type 3
frame 9828: 27287 us total, 11483 us display, type 3
frame 9829: 29942 us total, 11845 us display, type 3
frame 9830: 27724 us total, 11482 us display, type 3
frame 9831: 28175 us total, 11495 us display, type 3
frame 9832: 30382 us total, 11724 us display, type 3
frame 9833: 29313 us total, 11480 us display, type 3
frame 9834: 29917 us total, 11485 us display, type 3
frame 9835: 30164 us total, 11484 us display, type 3
frame 9836: 29237 us total, 11644 us display, type 3
frame 9837: 30153 us total, 11662 us display, type 3
frame 9838: 29359 us total, 11651 us display, type 3
frame 9839: 28460 us total, 11480 us display, type 3
frame 9840: 26291 us total, 11480 us display, type 3
frame 9841: 26738 us total, 11541 us display, type 3
frame 9842: 27229 us total, 11700 us display, type 3
frame 9843: 26812 us total, 11650 us display, type 3
frame 9844: 29716 us total, 11655 us display, type 3
frame 9845: 27084 us total, 11478 us display, type 3
frame 9846: 26449 us total, 11475 us display, type 3
frame 9847: 30929 us total, 11472 us display, type 3
frame 9848: 27755 us total, 11482 us display, type 3
frame 9849: 30433 us total, 11482 us display, type 3
frame 9850: 30458 us total, 11824 us display, type 3
frame 9851: 31065 us total, 11485 us display, type 3
frame 9852: 32235 us total, 11469 us display, type 3
frame 9853: 32416 us total, 11712 us display, type 3
frame 9854: 33715 us total, 11763 us display, type 3
frame 9855: 31175 us total, 11476 us display, type 3
profile (avg of 128 frames, ms): logic+bsp 7.6 wait-fb 0.0 vp-mark 1.2 flats 3.1 columns 9.8 fuzz 0.0
frame 9856: 33502 us total, 11489 us display, type 3
frame 9857: 32287 us total, 11483 us display, type 3
frame 9858: 32608 us total, 11488 us display, type 3
frame 9859: 31710 us total, 11657 us display, type 3
frame 9860: 32036 us total, 11486 us display, type 3
frame 9861: 31681 us total, 11739 us display, type 3
frame 9862: 31855 us total, 11598 us display, type 3
frame 9863: 31090 us total, 11485 us display, type 3
frame 9864: 30770 us total, 11563 us display, type 3
frame 9865: 32775 us total, 11833 us display, type 3
frame 9866: 32240 us total, 11479 us display, type 3
frame 9867: 37667 us total, 11467 us display, type 3
frame 9868: 37401 us total, 11464 us display, type 3
frame 9869: 39371 us total, 11486 us display, type 3
frame 9870: 41829 us total, 11597 us display, type 3
frame 9871: 40732 us total, 11475 us display, type 3
frame 9872: 42754 us total, 11472 us display, type 3
frame 9873: 42578 us total, 11465 us display, type 3
frame 9874: 41718 us total, 11697 us display, type 3
frame 9875: 42356 us total, 11476 us display, type 3
frame 9876: 41150 us total, 11686 us display, type 3
frame 9877: 40206 us total, 11728 us display, type 3
frame 9878: 38505 us total, 11494 us display, type 3
frame 9879: 39725 us total, 11474 us display, type 3
frame 9880: 38057 us total, 11784 us display, type 3
frame 9881: 36804 us total, 11487 us display, type 3
frame 9882: 42954 us total, 11824 us display, type 3
frame 9883: 40379 us total, 11484 us display, type 3
frame 9884: 42081 us total, 11636 us display, type 3
frame 9885: 39822 us total, 11475 us display, type 3
frame 9886: 39280 us total, 11475 us display, type 3
frame 9887: 38671 us total, 11657 us display, type 3
frame 9888: 36440 us total, 11477 us display, type 3
frame 9889: 35775 us total, 11489 us display, type 3
frame 9890: 35938 us total, 11520 us display, type 3
frame 9891: 32214 us total, 11469 us display, type 3
frame 9892: 32574 us total, 11484 us display, type 3
frame 9893: 32141 us total, 11474 us display, type 3
frame 9894: 33722 us total, 11476 us display, type 3
frame 9895: 33100 us total, 11486 us display, type 3
frame 9896: 33165 us total, 11475 us display, type 3
frame 9897: 33707 us total, 11486 us display, type 3
frame 9898: 33578 us total, 11471 us display, type 3
frame 9899: 28590 us total, 11470 us display, type 3
frame 9900: 28076 us total, 11474 us display, type 3
frame 9901: 29203 us total, 11468 us display, type 3
frame 9902: 26781 us total, 11682 us display, type 3
frame 9903: 29076 us total, 11563 us display, type 3
frame 9904: 29454 us total, 11469 us display, type 3
frame 9905: 26830 us total, 11574 us display, type 3
frame 9906: 26334 us total, 11472 us display, type 3
frame 9907: 25167 us total, 11778 us display, type 3
frame 9908: 27206 us total, 11834 us display, type 3
frame 9909: 23785 us total, 11478 us display, type 3
frame 9910: 25879 us total, 11474 us display, type 3
frame 9911: 25345 us total, 11465 us display, type 3
frame 9912: 23011 us total, 11458 us display, type 3
frame 9913: 31423 us total, 11828 us display, type 3
frame 9914: 25164 us total, 11675 us display, type 3
frame 9915: 28552 us total, 11664 us display, type 3
frame 9916: 25819 us total, 11458 us display, type 3
frame 9917: 28993 us total, 11561 us display, type 3
frame 9918: 27227 us total, 11636 us display, type 3
frame 9919: 25686 us total, 11456 us display, type 3
frame 9920: 29113 us total, 11445 us display, type 3
frame 9921: 30786 us total, 11816 us display, type 3
frame 9922: 25131 us total, 11458 us display, type 3
frame 9923: 31863 us total, 11453 us display, type 3
frame 9924: 26823 us total, 11442 us display, type 3
frame 9925: 33089 us total, 11699 us display, type 3
frame 9926: 28483 us total, 11456 us display, type 3
frame 9927: 26233 us total, 11442 us display, type 3
frame 9928: 29664 us total, 11533 us display, type 3
frame 9929: 26643 us total, 11452 us display, type 3
frame 9930: 29646 us total, 11450 us display, type 3
frame 9931: 30573 us total, 11465 us display, type 3
frame 9932: 26248 us total, 11443 us display, type 3
frame 9933: 30456 us total, 11820 us display, type 3
frame 9934: 31460 us total, 11462 us display, type 3
frame 9935: 28735 us total, 11811 us display, type 3
frame 9936: 28916 us total, 11470 us display, type 3
frame 9937: 28918 us total, 11687 us display, type 3
frame 9938: 30003 us total, 11468 us display, type 3
frame 9939: 28125 us total, 11497 us display, type 3
frame 9940: 26844 us total, 11461 us display, type 3
frame 9941: 34149 us total, 11797 us display, type 3
frame 9942: 25801 us total, 11477 us display, type 3
frame 9943: 24566 us total, 11464 us display, type 3
frame 9944: 29123 us total, 11459 us display, type 3
frame 9945: 27360 us total, 11584 us display, type 3
frame 9946: 29036 us total, 11778 us display, type 3
frame 9947: 29146 us total, 11469 us display, type 3
frame 9948: 28462 us total, 11460 us display, type 3
frame 9949: 30570 us total, 11476 us display, type 3
frame 9950: 27077 us total, 11505 us display, type 3
frame 9951: 30110 us total, 11461 us display, type 3
frame 9952: 28554 us total, 11471 us display, type 3
frame 9953: 27152 us total, 11462 us display, type 3
frame 9954: 28310 us total, 11462 us display, type 3
frame 9955: 26664 us total, 11464 us display, type 3
frame 9956: 28539 us total, 11458 us display, type 3
frame 9957: 28473 us total, 11679 us display, type 3
frame 9958: 26925 us total, 11457 us display, type 3
frame 9959: 30396 us total, 11460 us display, type 3
frame 9960: 25619 us total, 11450 us display, type 3
frame 9961: 29744 us total, 11733 us display, type 3
frame 9962: 28366 us total, 11453 us display, type 3
frame 9963: 28605 us total, 11448 us display, type 3
frame 9964: 30032 us total, 11452 us display, type 3
frame 9965: 31742 us total, 11464 us display, type 3
frame 9966: 32432 us total, 11637 us display, type 3
frame 9967: 38135 us total, 11721 us display, type 3
frame 9968: 34005 us total, 11475 us display, type 3
frame 9969: 33176 us total, 11660 us display, type 3
frame 9970: 31829 us total, 11474 us display, type 3
frame 9971: 33623 us total, 11476 us display, type 3
frame 9972: 31758 us total, 11486 us display, type 3
frame 9973: 33069 us total, 11473 us display, type 3
frame 9974: 31770 us total, 11474 us display, type 3
frame 9975: 31494 us total, 11845 us display, type 3
frame 9976: 31095 us total, 11647 us display, type 3
frame 9977: 30380 us total, 11649 us display, type 3
frame 9978: 30382 us total, 11483 us display, type 3
frame 9979: 30143 us total, 11487 us display, type 3
frame 9980: 30296 us total, 11493 us display, type 3
frame 9981: 30483 us total, 11725 us display, type 3
frame 9982: 30510 us total, 11481 us display, type 3
frame 9983: 30657 us total, 11480 us display, type 3
profile (avg of 128 frames, ms): logic+bsp 6.7 wait-fb 0.0 vp-mark 1.2 flats 2.9 columns 12.8 fuzz 0.0
frame 9984: 32550 us total, 11723 us display, type 3
audio: 376 underruns, 46 ms queued
mem @frame 9984: heap free 46600, largest 20992, min ever 45768, zone free 39424, display stack free 4376, uptime 294 s, gamestate 0, demo 1, usergame 0, tic 10116
frame 9985: 33285 us total, 11469 us display, type 3
frame 9986: 30979 us total, 11476 us display, type 3
frame 9987: 31293 us total, 11471 us display, type 3
frame 9988: 30626 us total, 11469 us display, type 3
frame 9989: 31595 us total, 11481 us display, type 3
frame 9990: 31652 us total, 11777 us display, type 3
frame 9991: 31208 us total, 11478 us display, type 3
frame 9992: 31040 us total, 11477 us display, type 3
frame 9993: 31856 us total, 11487 us display, type 3
frame 9994: 32392 us total, 11648 us display, type 3
frame 9995: 30887 us total, 11602 us display, type 3
frame 9996: 30964 us total, 11736 us display, type 3
frame 9997: 31433 us total, 11472 us display, type 3
frame 9998: 32560 us total, 11477 us display, type 3
frame 9999: 31229 us total, 11488 us display, type 3
frame 10000: 32402 us total, 11479 us display, type 3
frame 10001: 30944 us total, 11489 us display, type 3
frame 10002: 31793 us total, 11789 us display, type 3
frame 10003: 32033 us total, 11483 us display, type 3
frame 10004: 32797 us total, 11487 us display, type 3
frame 10005: 33201 us total, 11470 us display, type 3
frame 10006: 32346 us total, 11479 us display, type 3
frame 10007: 31602 us total, 11656 us display, type 3
frame 10008: 32418 us total, 11484 us display, type 3
frame 10009: 33387 us total, 11815 us display, type 3
frame 10010: 31868 us total, 11602 us display, type 3
frame 10011: 34268 us total, 11478 us display, type 3
frame 10012: 33784 us total, 11485 us display, type 3
frame 10013: 34406 us total, 11475 us display, type 3
frame 10014: 33009 us total, 11470 us display, type 3
frame 10015: 33817 us total, 11472 us display, type 3
frame 10016: 35137 us total, 11836 us display, type 3
frame 10017: 31853 us total, 11489 us display, type 3
frame 10018: 29089 us total, 11477 us display, type 3
frame 10019: 30909 us total, 11701 us display, type 3
frame 10020: 30003 us total, 11743 us display, type 3
frame 10021: 29176 us total, 11470 us display, type 3
frame 10022: 31264 us total, 11466 us display, type 3
frame 10023: 31390 us total, 11603 us display, type 3
frame 10024: 30176 us total, 11471 us display, type 3
frame 10025: 31794 us total, 11472 us display, type 3
frame 10026: 31830 us total, 11805 us display, type 3
frame 10027: 31377 us total, 11475 us display, type 3
frame 10028: 31283 us total, 11475 us display, type 3
frame 10029: 30278 us total, 11469 us display, type 3
frame 10030: 28884 us total, 11469 us display, type 3
frame 10031: 29476 us total, 11474 us display, type 3
frame 10032: 28893 us total, 11798 us display, type 3
frame 10033: 29922 us total, 11814 us display, type 3
frame 10034: 29964 us total, 11802 us display, type 3
frame 10035: 28943 us total, 11823 us display, type 3
frame 10036: 31756 us total, 11464 us display, type 3
frame 10037: 30678 us total, 11471 us display, type 3
frame 10038: 29133 us total, 11469 us display, type 3
frame 10039: 30673 us total, 11474 us display, type 3
frame 10040: 31371 us total, 11479 us display, type 3
frame 10041: 32463 us total, 11637 us display, type 3
frame 10042: 35205 us total, 11690 us display, type 3
frame 10043: 36211 us total, 11464 us display, type 3
frame 10044: 34480 us total, 11480 us display, type 3
frame 10045: 33910 us total, 11467 us display, type 3
frame 10046: 35570 us total, 11471 us display, type 3
frame 10047: 36120 us total, 11485 us display, type 3
frame 10048: 35563 us total, 11641 us display, type 3
frame 10049: 33215 us total, 11470 us display, type 3
frame 10050: 34625 us total, 11633 us display, type 3
frame 10051: 34820 us total, 11484 us display, type 3
frame 10052: 38573 us total, 11481 us display, type 3
frame 10053: 35282 us total, 11463 us display, type 3
frame 10054: 35333 us total, 11786 us display, type 3
frame 10055: 37739 us total, 11469 us display, type 3
frame 10056: 36759 us total, 11476 us display, type 3
frame 10057: 34819 us total, 11468 us display, type 3
frame 10058: 32429 us total, 11472 us display, type 3
frame 10059: 32765 us total, 11484 us display, type 3
frame 10060: 33114 us total, 11473 us display, type 3
frame 10061: 29587 us total, 11531 us display, type 3
frame 10062: 30146 us total, 11483 us display, type 3
frame 10063: 29869 us total, 11496 us display, type 3
frame 10064: 27499 us total, 11474 us display, type 3
frame 10065: 31575 us total, 11667 us display, type 3
frame 10066: 30461 us total, 11472 us display, type 3
frame 10067: 29526 us total, 11831 us display, type 3
frame 10068: 30938 us total, 11653 us display, type 3
frame 10069: 31855 us total, 11815 us display, type 3
frame 10070: 28532 us total, 11473 us display, type 3
frame 10071: 31471 us total, 11629 us display, type 3
frame 10072: 30339 us total, 11480 us display, type 3
frame 10073: 35340 us total, 11832 us display, type 3
frame 10074: 38386 us total, 11581 us display, type 3
frame 10075: 35625 us total, 11469 us display, type 3
frame 10076: 32882 us total, 11651 us display, type 3
frame 10077: 33791 us total, 11481 us display, type 3
frame 10078: 35815 us total, 11471 us display, type 3
frame 10079: 34466 us total, 11646 us display, type 3
frame 10080: 30932 us total, 11773 us display, type 3
frame 10081: 32821 us total, 11465 us display, type 3
frame 10082: 33837 us total, 11471 us display, type 3
frame 10083: 34630 us total, 11486 us display, type 3
frame 10084: 30494 us total, 11471 us display, type 3
frame 10085: 31365 us total, 11739 us display, type 3
frame 10086: 30923 us total, 11743 us display, type 3
frame 10087: 27832 us total, 11471 us display, type 3
frame 10088: 30056 us total, 11463 us display, type 3
frame 10089: 28893 us total, 11467 us display, type 3
frame 10090: 26946 us total, 11467 us display, type 3
frame 10091: 28935 us total, 11471 us display, type 3
frame 10092: 27301 us total, 11474 us display, type 3
frame 10093: 28768 us total, 11775 us display, type 3
frame 10094: 30908 us total, 11835 us display, type 3
frame 10095: 27220 us total, 11793 us display, type 3
frame 10096: 30132 us total, 11474 us display, type 3
frame 10097: 26368 us total, 11472 us display, type 3
frame 10098: 28722 us total, 11459 us display, type 3
frame 10099: 27690 us total, 11477 us display, type 3
frame 10100: 26054 us total, 11461 us display, type 3
frame 10101: 29033 us total, 11470 us display, type 3
frame 10102: 27082 us total, 11470 us display, type 3
frame 10103: 28998 us total, 11467 us display, type 3
frame 10104: 28421 us total, 11483 us display, type 3
frame 10105: 26573 us total, 11464 us display, type 3
frame 10106: 28342 us total, 11694 us display, type 3
frame 10107: 24043 us total, 11479 us display, type 3
frame 10108: 27294 us total, 11637 us display, type 3
frame 10109: 27495 us total, 11471 us display, type 3
frame 10110: 24572 us total, 11458 us display, type 3
frame 10111: 29846 us total, 11464 us display, type 3
profile (avg of 128 frames, ms): logic+bsp 8.9 wait-fb 0.0 vp-mark 1.1 flats 3.1 columns 14.1 fuzz 0.0
frame 10112: 27920 us total, 11636 us display, type 3
frame 10113: 28662 us total, 11465 us display, type 3
frame 10114: 29029 us total, 11472 us display, type 3
frame 10115: 25915 us total, 11691 us display, type 3
frame 10116: 30021 us total, 11572 us display, type 3
frame 10117: 26928 us total, 11448 us display, type 3
frame 10118: 30710 us total, 11449 us display, type 3
frame 10119: 29105 us total, 11457 us display, type 3
frame 10120: 26646 us total, 11464 us display, type 3
frame 10121: 31805 us total, 11811 us display, type 3
frame 10122: 32864 us total, 11484 us display, type 3
frame 10123: 30762 us total, 11471 us display, type 3
frame 10124: 32301 us total, 11650 us display, type 3
frame 10125: 31026 us total, 11479 us display, type 3
frame 10126: 30608 us total, 11794 us display, type 3
frame 10127: 30036 us total, 11561 us display, type 3
frame 10128: 31037 us total, 11477 us display, type 3
frame 10129: 29889 us total, 11841 us display, type 3
frame 10130: 30177 us total, 11471 us display, type 3
frame 10131: 28901 us total, 11593 us display, type 3
frame 10132: 29999 us total, 11603 us display, type 3
frame 10133: 29104 us total, 11474 us display, type 3
frame 10134: 27600 us total, 11478 us display, type 3
frame 10135: 28089 us total, 11471 us display, type 3
frame 10136: 27691 us total, 11491 us display, type 3
frame 10137: 27144 us total, 11738 us display, type 3
frame 10138: 27372 us total, 11474 us display, type 3
frame 10139: 26391 us total, 11634 us display, type 3
frame 10140: 24546 us total, 11467 us display, type 3
frame 10141: 24834 us total, 11815 us display, type 3
frame 10142: 24438 us total, 11647 us display, type 3
frame 10143: 23577 us total, 11466 us display, type 3
frame 10144: 28068 us total, 11473 us display, type 3
frame 10145: 27825 us total, 11654 us display, type 3
frame 10146: 27309 us total, 11462 us display, type 3
frame 10147: 28199 us total, 11603 us display, type 3
frame 10148: 27877 us total, 11460 us display, type 3
frame 10149: 26740 us total, 11459 us display, type 3
frame 10150: 25959 us total, 11452 us display, type 3
frame 10151: 27925 us total, 11515 us display, type 3
frame 10152: 28618 us total, 11443 us display, type 3
frame 10153: 29837 us total, 11443 us display, type 3
frame 10154: 31637 us total, 11479 us display, type 3
frame 10155: 29172 us total, 11458 us display, type 3
frame 10156: 29530 us total, 11470 us display, type 3
frame 10157: 28606 us total, 11648 us display, type 3
frame 10158: 29408 us total, 11466 us display, type 3
frame 10159: 27888 us total, 11456 us display, type 3
frame 10160: 29458 us total, 11461 us display, type 3
frame 10161: 28471 us total, 11807 us display, type 3
frame 10162: 28282 us total, 11464 us display, type 3
frame 10163: 30792 us total, 11734 us display, type 3
frame 10164: 26307 us total, 11473 us display, type 3
frame 10165: 29031 us total, 11466 us display, type 3
frame 10166: 28337 us total, 11467 us display, type 3
frame 10167: 28047 us total, 11460 us display, type 3
frame 10168: 31255 us total, 11465 us display, type 3
frame 10169: 26314 us total, 11463 us display, type 3
frame 10170: 28238 us total, 11461 us display, type 3
frame 10171: 27491 us total, 11794 us display, type 3
frame 10172: 27143 us total, 11727 us display, type 3
frame 10173: 27795 us total, 11445 us display, type 3
frame 10174: 27667 us total, 11444 us display, type 3
frame 10175: 29849 us total, 11541 us display, type 3
frame 10176: 28365 us total, 11482 us display, type 3
frame 10177: 27610 us total, 11441 us display, type 3
frame 10178: 28928 us total, 11451 us display, type 3
frame 10179: 27619 us total, 11503 us display, type 3
frame 10180: 27184 us total, 11589 us display, type 3
frame 10181: 29622 us total, 11451 us display, type 3
frame 10182: 27115 us total, 11443 us display, type 3
frame 10183: 29377 us total, 11460 us display, type 3
frame 10184: 29276 us total, 11443 us display, type 3
frame 10185: 26197 us total, 11440 us display, type 3
frame 10186: 30889 us total, 11610 us display, type 3
frame 10187: 26693 us total, 11443 us display, type 3
frame 10188: 30793 us total, 11457 us display, type 3
frame 10189: 29948 us total, 11452 us display, type 3
frame 10190: 27908 us total, 11515 us display, type 3
frame 10191: 31257 us total, 11461 us display, type 3
frame 10192: 29286 us total, 11459 us display, type 3
frame 10193: 27708 us total, 11469 us display, type 3
frame 10194: 28907 us total, 11507 us display, type 3
frame 10195: 27637 us total, 11458 us display, type 3
frame 10196: 29962 us total, 11458 us display, type 3
frame 10197: 28857 us total, 11463 us display, type 3
frame 10198: 28310 us total, 11458 us display, type 3
frame 10199: 28407 us total, 11456 us display, type 3
frame 10200: 28560 us total, 11457 us display, type 3
frame 10201: 28724 us total, 11453 us display, type 3
frame 10202: 28798 us total, 11451 us display, type 3
frame 10203: 30449 us total, 11460 us display, type 3
frame 10204: 29170 us total, 11817 us display, type 3
frame 10205: 28973 us total, 11531 us display, type 3
frame 10206: 26479 us total, 11458 us display, type 3
frame 10207: 30343 us total, 11467 us display, type 3
frame 10208: 27524 us total, 11713 us display, type 3
frame 10209: 29136 us total, 11684 us display, type 3
frame 10210: 30549 us total, 11470 us display, type 3
frame 10211: 26700 us total, 11767 us display, type 3
frame 10212: 30301 us total, 11638 us display, type 3
frame 10213: 28750 us total, 11502 us display, type 3
frame 10214: 27322 us total, 11464 us display, type 3
frame 10215: 29496 us total, 11461 us display, type 3
frame 10216: 27612 us total, 11470 us display, type 3
frame 10217: 29827 us total, 11711 us display, type 3
frame 10218: 28466 us total, 11468 us display, type 3
frame 10219: 26969 us total, 11459 us display, type 3
frame 10220: 29974 us total, 11786 us display, type 3
frame 10221: 26553 us total, 11599 us display, type 3
frame 10222: 29340 us total, 11462 us display, type 3
frame 10223: 28972 us total, 11463 us display, type 3
frame 10224: 26981 us total, 11467 us display, type 3
frame 10225: 28699 us total, 11705 us display, type 3
frame 10226: 25772 us total, 11456 us display, type 3
frame 10227: 27596 us total, 11512 us display, type 3
frame 10228: 27868 us total, 11470 us display, type 3
frame 10229: 25651 us total, 11449 us display, type 3
frame 10230: 30449 us total, 11442 us display, type 3
frame 10231: 27965 us total, 11476 us display, type 3
frame 10232: 29862 us total, 11450 us display, type 3
frame 10233: 31714 us total, 11460 us display, type 3
frame 10234: 29399 us total, 11458 us display, type 3
frame 10235: 29302 us total, 11466 us display, type 3
frame 10236: 29408 us total, 11599 us display, type 3
frame 10237: 28425 us total, 11461 us display, type 3
frame 10238: 28995 us total, 11463 us display, type 3
frame 10239: 26927 us total, 11488 us display, type 3
profile (avg of 128 frames, ms): logic+bsp 4.2 wait-fb 0.0 vp-mark 0.6 flats 1.6 columns 11.0 fuzz 0.0
frame 10240: 30089 us total, 11634 us display, type 3
audio: 376 underruns, 81 ms queued
mem @frame 10240: heap free 46600, largest 20992, min ever 45768, zone free 39480, display stack free 4376, uptime 301 s, gamestate 0, demo 1, usergame 0, tic 10385
frame 10241: 28434 us total, 11470 us display, type 3
frame 10242: 27208 us total, 11473 us display, type 3
frame 10243: 28633 us total, 11451 us display, type 3
frame 10244: 28778 us total, 11453 us display, type 3
frame 10245: 27512 us total, 11520 us display, type 3
frame 10246: 29059 us total, 11555 us display, type 3
frame 10247: 28171 us total, 11469 us display, type 3
frame 10248: 28685 us total, 11460 us display, type 3
frame 10249: 29041 us total, 11462 us display, type 3
frame 10250: 27640 us total, 11455 us display, type 3
frame 10251: 28719 us total, 11560 us display, type 3
frame 10252: 29644 us total, 11648 us display, type 3
frame 10253: 29305 us total, 11465 us display, type 3
frame 10254: 28402 us total, 11456 us display, type 3
frame 10255: 28603 us total, 11458 us display, type 3
frame 10256: 29516 us total, 11462 us display, type 3
frame 10257: 27336 us total, 11474 us display, type 3
frame 10258: 28138 us total, 11468 us display, type 3
frame 10259: 28436 us total, 11467 us display, type 3
frame 10260: 27423 us total, 11464 us display, type 3
frame 10261: 27496 us total, 11464 us display, type 3
frame 10262: 27536 us total, 11451 us display, type 3
frame 10263: 26997 us total, 11450 us display, type 3
frame 10264: 28025 us total, 11455 us display, type 3
frame 10265: 28038 us total, 11483 us display, type 3
frame 10266: 28367 us total, 11444 us display, type 3
frame 10267: 27996 us total, 11444 us display, type 3
frame 10268: 29007 us total, 11443 us display, type 3
frame 10269: 27327 us total, 11443 us display, type 3
frame 10270: 34490 us total, 11580 us display, type 3
frame 10271: 30948 us total, 11540 us display, type 3
frame 10272: 29515 us total, 11466 us display, type 3
frame 10273: 30613 us total, 11506 us display, type 3
frame 10274: 29439 us total, 11470 us display, type 3
frame 10275: 29075 us total, 11476 us display, type 3
frame 10276: 28707 us total, 11601 us display, type 3
frame 10277: 30384 us total, 11476 us display, type 3
frame 10278: 29365 us total, 11651 us display, type 3
frame 10279: 29590 us total, 11655 us display, type 3
frame 10280: 30378 us total, 11652 us display, type 3
frame 10281: 30022 us total, 11664 us display, type 3
frame 10282: 31225 us total, 11470 us display, type 3
frame 10283: 31820 us total, 11543 us display, type 3
frame 10284: 32217 us total, 11471 us display, type 3
frame 10285: 33854 us total, 11477 us display, type 3
frame 10286: 35345 us total, 11653 us display, type 3
frame 10287: 34523 us total, 11682 us display, type 3
frame 10288: 39425 us total, 11693 us display, type 3
frame 10289: 36501 us total, 11469 us display, type 3
frame 10290: 35513 us total, 11474 us display, type 3
frame 10291: 34839 us total, 11825 us display, type 3
frame 10292: 32923 us total, 11484 us display, type 3
frame 10293: 32902 us total, 11480 us display, type 3
frame 10294: 32104 us total, 11482 us display, type 3
frame 10295: 29879 us total, 11477 us display, type 3
frame 10296: 28951 us total, 11477 us display, type 3
frame 10297: 28279 us total, 11478 us display, type 3
frame 10298: 29863 us total, 11485 us display, type 3
frame 10299: 28818 us total, 11611 us display, type 3
frame 10300: 29070 us total, 11635 us display, type 3
frame 10301: 29075 us total, 11673 us display, type 3
frame 10302: 29066 us total, 11553 us display, type 3
frame 10303: 29128 us total, 11487 us display, type 3
frame 10304: 29520 us total, 11687 us display, type 3
frame 10305: 28571 us total, 11500 us display, type 3
frame 10306: 29165 us total, 11483 us display, type 3
frame 10307: 28497 us total, 11479 us display, type 3
frame 10308: 28716 us total, 11823 us display, type 3
frame 10309: 27351 us total, 11475 us display, type 3
frame 10310: 28853 us total, 11485 us display, type 3
frame 10311: 30288 us total, 11469 us display, type 3
frame 10312: 33496 us total, 11840 us display, type 3
frame 10313: 40497 us total, 11471 us display, type 3
frame 10314: 41941 us total, 11492 us display, type 3
frame 10315: 44233 us total, 11485 us display, type 3
frame 10316: 44094 us total, 11472 us display, type 3
frame 10317: 44795 us total, 11467 us display, type 3
frame 10318: 43072 us total, 11711 us display, type 3
frame 10319: 45512 us total, 11472 us display, type 3
frame 10320: 43743 us total, 11485 us display, type 3
frame 10321: 44686 us total, 11463 us display, type 3
frame 10322: 42607 us total, 11478 us display, type 3
frame 10323: 42767 us total, 11478 us display, type 3
frame 10324: 42181 us total, 11817 us display, type 3
frame 10325: 39427 us total, 11731 us display, type 3
frame 10326: 36844 us total, 11477 us display, type 3
frame 10327: 37230 us total, 11715 us display, type 3
frame 10328: 37423 us total, 11767 us display, type 3
frame 10329: 36064 us total, 11487 us display, type 3
frame 10330: 36151 us total, 11744 us display, type 3
frame 10331: 31852 us total, 11618 us display, type 3
frame 10332: 31219 us total, 11475 us display, type 3
frame 10333: 31578 us total, 11775 us display, type 3
frame 10334: 31027 us total, 11488 us display, type 3
frame 10335: 33997 us total, 11480 us display, type 3
frame 10336: 30889 us total, 11486 us display, type 3
frame 10337: 30898 us total, 11656 us display, type 3
frame 10338: 30141 us total, 11653 us display, type 3
frame 10339: 31547 us total, 11837 us display, type 3
frame 10340: 30228 us total, 11483 us display, type 3
frame 10341: 30860 us total, 11480 us display, type 3
frame 10342: 30767 us total, 11667 us display, type 3
frame 10343: 27263 us total, 11475 us display, type 3
frame 10344: 28093 us total, 11718 us display, type 3
frame 10345: 22594 us total, 11474 us display, type 3
frame 10346: 25191 us total, 11621 us display, type 3
frame 10347: 25996 us total, 11462 us display, type 3
frame 10348: 29943 us total, 11462 us display, type 3
frame 10349: 28523 us total, 11469 us display, type 3
frame 10350: 26982 us total, 11540 us display, type 3
frame 10351: 29995 us total, 11775 us display, type 3
frame 10352: 28123 us total, 11643 us display, type 3
frame 10353: 28377 us total, 11471 us display, type 3
frame 10354: 29819 us total, 11715 us display, type 3
frame 10355: 27206 us total, 11752 us display, type 3
frame 10356: 30035 us total, 11522 us display, type 3
frame 10357: 28361 us total, 11653 us display, type 3
frame 10358: 28374 us total, 11453 us display, type 3
frame 10359: 29001 us total, 11470 us display, type 3
frame 10360: 28166 us total, 11462 us display, type 3
frame 10361: 29029 us total, 11475 us display, type 3
frame 10362: 28132 us total, 11476 us display, type 3
frame 10363: 27934 us total, 11476 us display, type 3
frame 10364: 28899 us total, 11468 us display, type 3
frame 10365: 27986 us total, 11702 us display, type 3
frame 10366: 30030 us total, 11649 us display, type 3
frame 10367: 27847 us total, 11648 us display, type 3
profile (avg of 128 frames, ms): logic+bsp 7.8 wait-fb 0.0 vp-mark 1.4 flats 3.2 columns 12.0 fuzz 0.0
frame 10368: 27652 us total, 11469 us display, type 3
frame 10369: 27042 us total, 11789 us display, type 3
frame 10370: 27227 us total, 11465 us display, type 3
frame 10371: 27511 us total, 11455 us display, type 3
frame 10372: 27523 us total, 11606 us display, type 3
frame 10373: 26342 us total, 11552 us display, type 3
frame 10374: 28019 us total, 11443 us display, type 3
frame 10375: 26757 us total, 11446 us display, type 3
frame 10376: 28917 us total, 11441 us display, type 3
frame 10377: 27927 us total, 11755 us display, type 3
frame 10378: 32801 us total, 11466 us display, type 3
frame 10379: 29060 us total, 11614 us display, type 3
frame 10380: 29487 us total, 11455 us display, type 3
frame 10381: 27905 us total, 11445 us display, type 3
frame 10382: 29047 us total, 11454 us display, type 3
frame 10383: 27612 us total, 11451 us display, type 3
frame 10384: 30513 us total, 11457 us display, type 3
frame 10385: 28913 us total, 11455 us display, type 3
frame 10386: 29926 us total, 11578 us display, type 3
frame 10387: 32108 us total, 11476 us display, type 3
frame 10388: 29987 us total, 11474 us display, type 3
frame 10389: 28290 us total, 11479 us display, type 3
frame 10390: 29752 us total, 11649 us display, type 3
frame 10391: 29815 us total, 11695 us display, type 3
frame 10392: 29843 us total, 11671 us display, type 3
frame 10393: 31270 us total, 11596 us display, type 3
frame 10394: 30491 us total, 11484 us display, type 3
frame 10395: 31358 us total, 11590 us display, type 3
frame 10396: 32796 us total, 11497 us display, type 3
frame 10397: 30903 us total, 11538 us display, type 3
frame 10398: 32349 us total, 11483 us display, type 3
frame 10399: 32400 us total, 11478 us display, type 3
frame 10400: 33369 us total, 11686 us display, type 3
frame 10401: 31331 us total, 11696 us display, type 3
frame 10402: 37410 us total, 11586 us display, type 3
frame 10403: 37592 us total, 11665 us display, type 3
frame 10404: 36956 us total, 11485 us display, type 3
frame 10405: 36872 us total, 11692 us display, type 3
frame 10406: 38639 us total, 11478 us display, type 3
frame 10407: 39382 us total, 11772 us display, type 3
frame 10408: 39667 us total, 11491 us display, type 3
frame 10409: 37200 us total, 11549 us display, type 3
frame 10410: 37556 us total, 11495 us display, type 3
frame 10411: 33954 us total, 11487 us display, type 3
frame 10412: 34781 us total, 11482 us display, type 3
frame 10413: 33722 us total, 11481 us display, type 3
frame 10414: 29934 us total, 11486 us display, type 3
frame 10415: 33557 us total, 11809 us display, type 3
frame 10416: 34647 us total, 11770 us display, type 3
frame 10417: 32198 us total, 11491 us display, type 3
frame 10418: 34787 us total, 11475 us display, type 3
frame 10419: 33897 us total, 11472 us display, type 3
frame 10420: 33175 us total, 11497 us display, type 3
frame 10421: 31860 us total, 11614 us display, type 3
frame 10422: 32922 us total, 11485 us display, type 3
frame 10423: 34607 us total, 11478 us display, type 3
frame 10424: 35053 us total, 11486 us display, type 3
frame 10425: 31660 us total, 11470 us display, type 3
frame 10426: 33826 us total, 11471 us display, type 3
frame 10427: 34037 us total, 11482 us display, type 3
frame 10428: 35222 us total, 11493 us display, type 3
frame 10429: 33582 us total, 11537 us display, type 3
frame 10430: 34303 us total, 11493 us display, type 3
frame 10431: 35812 us total, 11675 us display, type 3
frame 10432: 31491 us total, 11468 us display, type 3
frame 10433: 35437 us total, 11479 us display, type 3
frame 10434: 36892 us total, 11485 us display, type 3
frame 10435: 35271 us total, 11487 us display, type 3
frame 10436: 33584 us total, 11657 us display, type 3
frame 10437: 34728 us total, 11483 us display, type 3
frame 10438: 36574 us total, 11695 us display, type 3
frame 10439: 35198 us total, 11486 us display, type 3
frame 10440: 32185 us total, 11473 us display, type 3
frame 10441: 34827 us total, 11697 us display, type 3
frame 10442: 34624 us total, 11836 us display, type 3
frame 10443: 34304 us total, 11481 us display, type 3
frame 10444: 34356 us total, 11660 us display, type 3
frame 10445: 29863 us total, 11814 us display, type 3
frame 10446: 29960 us total, 11815 us display, type 3
frame 10447: 26748 us total, 11477 us display, type 3
frame 10448: 29322 us total, 11472 us display, type 3
frame 10449: 28466 us total, 11489 us display, type 3
frame 10450: 27925 us total, 11683 us display, type 3
frame 10451: 29071 us total, 11627 us display, type 3
frame 10452: 27258 us total, 11476 us display, type 3
frame 10453: 28606 us total, 11488 us display, type 3
frame 10454: 29510 us total, 11479 us display, type 3
frame 10455: 27356 us total, 11481 us display, type 3
frame 10456: 28968 us total, 11466 us display, type 3
frame 10457: 27995 us total, 11470 us display, type 3
frame 10458: 27164 us total, 11676 us display, type 3
frame 10459: 27745 us total, 11470 us display, type 3
frame 10460: 26897 us total, 11483 us display, type 3
frame 10461: 28853 us total, 11835 us display, type 3
frame 10462: 24686 us total, 11479 us display, type 3
frame 10463: 26401 us total, 11480 us display, type 3
frame 10464: 27671 us total, 11473 us display, type 3
frame 10465: 25320 us total, 11635 us display, type 3
frame 10466: 27374 us total, 11476 us display, type 3
frame 10467: 26057 us total, 11479 us display, type 3
frame 10468: 30056 us total, 11480 us display, type 3
frame 10469: 27942 us total, 11667 us display, type 3
frame 10470: 27569 us total, 11473 us display, type 3
frame 10471: 29326 us total, 11473 us display, type 3
frame 10472: 27647 us total, 11475 us display, type 3
frame 10473: 28794 us total, 11648 us display, type 3
frame 10474: 29997 us total, 11649 us display, type 3
frame 10475: 27402 us total, 11460 us display, type 3
frame 10476: 29724 us total, 11463 us display, type 3
frame 10477: 25770 us total, 11465 us display, type 3
frame 10478: 29746 us total, 11474 us display, type 3
frame 10479: 27507 us total, 11466 us display, type 3
frame 10480: 27122 us total, 11460 us display, type 3
frame 10481: 29443 us total, 11471 us display, type 3
frame 10482: 28996 us total, 11473 us display, type 3
frame 10483: 26636 us total, 11455 us display, type 3
frame 10484: 31233 us total, 11475 us display, type 3
frame 10485: 28184 us total, 11466 us display, type 3
frame 10486: 29916 us total, 11473 us display, type 3
frame 10487: 27289 us total, 11473 us display, type 3
frame 10488: 29569 us total, 11640 us display, type 3
frame 10489: 29230 us total, 11482 us display, type 3
frame 10490: 29230 us total, 11471 us display, type 3
frame 10491: 31239 us total, 11484 us display, type 3
frame 10492: 31337 us total, 11817 us display, type 3
frame 10493: 29382 us total, 11488 us display, type 3
frame 10494: 31867 us total, 11487 us display, type 3
frame 10495: 33072 us total, 11492 us display, type 3
profile (avg of 128 frames, ms): logic+bsp 7.6 wait-fb 0.0 vp-mark 1.2 flats 2.8 columns 12.2 fuzz 0.0
frame 10496: 35204 us total, 11488 us display, type 3
audio: 376 underruns, 58 ms queued
mem @frame 10496: heap free 46600, largest 20992, min ever 45768, zone free 39344, display stack free 4376, uptime 309 s, gamestate 0, demo 1, usergame 0, tic 10663
frame 10497: 33751 us total, 11490 us display, type 3
frame 10498: 34674 us total, 11484 us display, type 3
frame 10499: 35789 us total, 11488 us display, type 3
