ESP-ROM:esp32c6-20220919
Build:Sep 19 2022
rst:0x15 (USB_UART_HPSYS),boot:0x2c (SPI_FAST_FLASH_BOOT)
Saved PC:0x4080cb88
SPIWP:0xee
mode:DIO, clock div:2
load:0x40875720,len:0x1a5c
load:0x4086c110,len:0xf58
load:0x4086e610,len:0x3074
entry 0x4086c11a
[0;32mI (23) boot: ESP-IDF v5.3.4 2nd stage bootloader[0m
[0;32mI (23) boot: compile time Sep 14 2026 20:53:10[0m
[0;32mI (23) boot: chip revision: v0.2[0m
[0;32mI (24) boot: efuse block revision: v0.3[0m
[0;32mI (24) qio_mode: Enabling QIO for flash chip WinBond[0m
[0;32mI (24) boot.esp32c6: SPI Speed      : 80MHz[0m
[0;32mI (25) boot.esp32c6: SPI Mode       : QIO[0m
[0;32mI (25) boot.esp32c6: SPI Flash Size : 16MB[0m
[0;32mI (25) boot: Enabling RNG early entropy source...[0m
[0;32mI (26) boot: Partition Table:[0m
[0;32mI (26) boot: ## Label            Usage          Type ST Offset   Length[0m
[0;32mI (26) boot:  0 nvs              WiFi data        01 02 00009000 00006000[0m
[0;32mI (27) boot:  1 phy_init         RF data          01 01 0000f000 00001000[0m
[0;32mI (27) boot:  2 factory          factory app      00 00 00010000 00200000[0m
[0;32mI (28) boot:  3 wad              Unknown data     01 40 00210000 00400000[0m
[0;32mI (29) boot:  4 saves            WiFi data        01 02 00610000 00020000[0m
[0;32mI (29) boot: End of partition table[0m
[0;32mI (30) esp_image: segment 0: paddr=00010020 vaddr=420c0020 size=3177ch (202620) map[0m
[0;32mI (67) esp_image: segment 1: paddr=000417a4 vaddr=40800000 size=0e874h ( 59508) load[0m
[0;32mI (80) esp_image: segment 2: paddr=00050020 vaddr=42000020 size=b1c14h (728084) map[0m
[0;32mI (210) esp_image: segment 3: paddr=00101c3c vaddr=4080e874 size=0af10h ( 44816) load[0m
[0;32mI (220) esp_image: segment 4: paddr=0010cb54 vaddr=50000000 size=00004h (     4) load[0m
[0;32mI (226) boot: Loaded app from partition at offset 0x10000[0m
[0;32mI (227) boot: Disabling RNG early entropy source...[0m
[0;32mI (228) cpu_start: Unicore app[0m
[0;32mI (237) cpu_start: Pro cpu start user code[0m
[0;32mI (237) cpu_start: cpu freq: 160000000 Hz[0m
[0;32mI (237) app_init: Application information:[0m
[0;32mI (237) app_init: Project name:     diablito[0m
[0;32mI (237) app_init: App version:      1[0m
[0;32mI (238) app_init: Compile time:     Sep 14 2026 20:53:12[0m
[0;32mI (238) app_init: ELF file SHA256:  3977957a2...[0m
[0;32mI (238) app_init: ESP-IDF:          v5.3.4[0m
[0;32mI (238) efuse_init: Min chip rev:     v0.0[0m
[0;32mI (239) efuse_init: Max chip rev:     v0.99 [0m
[0;32mI (239) efuse_init: Chip rev:         v0.2[0m
[0;32mI (239) heap_init: Initializing. RAM available for dynamic allocation:[0m
[0;32mI (239) heap_init: At 40834210 len 00048400 (289 KiB): RAM[0m
[0;32mI (240) heap_init: At 4087C610 len 00002F54 (11 KiB): RAM[0m
[0;32mI (240) heap_init: At 50000004 len 00003FE4 (15 KiB): RTCRAM[0m
[0;32mI (241) spi_flash: detected chip: generic[0m
[0;32mI (241) spi_flash: flash io: qio[0m
[0;32mI (242) sleep: Configure to isolate all GPIO pins in sleep state[0m
[0;32mI (242) sleep: Enable automatic switching of GPIO sleep configuration[0m
[0;32mI (243) coexist: coex firmware version: a13b09d[0m
[0;32mI (243) coexist: coexist rom version 5b8dcfa[0m
[0;32mI (243) main_task: Started on CPU0[0m
[0;32mI (243) main_task: Calling app_main()[0m
[0;32mI (243) gpio: GPIO[15]| InputEn: 0| OutputEn: 1| OpenDrain: 0| Pullup: 0| Pulldown: 0| Intr:0 [0m
[0;32mI (243) gpio: GPIO[9]| InputEn: 1| OutputEn: 0| OpenDrain: 0| Pullup: 1| Pulldown: 0| Intr:0 [0m
[0;32mI (243) gpio: GPIO[18]| InputEn: 1| OutputEn: 0| OpenDrain: 0| Pullup: 1| Pulldown: 0| Intr:0 [0m
[0;32mI (244) gpio: GPIO[0]| InputEn: 0| OutputEn: 0| OpenDrain: 0| Pullup: 0| Pulldown: 0| Intr:0 [0m
[0;32mI (244) DIABLITO: DIABLITO skeleton, IDF v5.3.4, CPU 160 MHz[0m
[0;32mI (244) DIABLITO: heap at boot: free 292980, largest block 262144, min ever 292980, dma-capable 278380[0m
[0;32mI (245) gpio: GPIO[3]| InputEn: 0| OutputEn: 1| OpenDrain: 0| Pullup: 0| Pulldown: 0| Intr:0 [0m
[0;32mI (245) gpio: GPIO[4]| InputEn: 0| OutputEn: 1| OpenDrain: 0| Pullup: 0| Pulldown: 0| Intr:0 [0m
[0;32mI (749) DISPLAY: ST7789 up: 280x240 landscape, SPI 80 MHz, 2 x 8960 B DMA strips[0m
[0;32mI (749) DIABLITO: heap after display: free 273496, largest block 245760, min ever 273496, dma-capable 258896[0m
[0;32mI (750) DIABLITO: wad partition @0x210000 size 4194304: magic IWHD, 1264 lumps, infotable @36, file 2073676 bytes[0m
[0;32mI (750) DIABLITO: WHD mapped at 0x42100000, header via mmap: IWHD ·©ÔUDOOM1[0m
[0;32mI (751) DIABLITO: heap after wad mmap: free 272864, largest block 245760, min ever 272864, dma-capable 258264[0m
[0;32mI (751) DIABLITO: main task stack high-water: 14904 bytes free[0m
[0;32mI (752) DIABLITO: .bss ends at 0x40834208 (short-pointer window ends at 0x40840000, 48632 bytes spare)[0m
[0;32mI (752) DIABLITO: heap before BLE: free 272864, largest block 245760, min ever 272864, dma-capable 258264[0m
[0;32mI (766) BLE_INIT: Using main XTAL as clock source, chip ver: 2[0m
[0;32mI (766) BLE_INIT: ble controller commit:[ca6c20b][0m
[0;32mI (770) BLE_INIT: Bluetooth MAC: fc:01:2c:fd:fc:b2[0m
[0;32mI (770) phy_init: phy_version 341,a6c8fe6,Jul 30 2025,18:34:11[0m
[0;32mI (864) phy: libbtbb version: a945109, Jul 30 2025, 18:34:25[0m
[0;32mI (871) PAD: init, saved controller: yes[0m
[0;32mI (1072) DIABLITO: heap after BLE init: free 234280, largest block 208896, min ever 234144, dma-capable 219680[0m
[0;32mI (1072) DIABLITO: starting Doom[0m
                          DIABLITO Doom 3.0.0
Z_Init: Init zone memory allocation daemon. 
zone memory: 0x40821884, 10000 allocated for zone
M_LoadDefaults: Load system defaults.
W_Init: Init WADfiles.
===========================================================================
                            DOOM Shareware
===========================================================================
 DIABLITO Doom is free software, covered by the GNU General Public
 License.  There is NO warranty; not even for MERCHANTABILITY or FITNESS
 FOR A PARTICULAR PURPOSE. You are welcome to change and distribute
 copies under certain conditions. See the source for more information.
===========================================================================
I_Init: Setting up machine state.
M_Init: Init miscellaneous info.
R_Init: Init DOOM refresh daemon - .........
P_Init: Init Playloop state.
S_Init: Setting up sound.
D_CheckNetGame: Checking network game status.
Emulating the behavior of the 'Doom 1.9' executable.
HU_Init: Setting up heads up display.
ST_Init: Init status bar.
frame 2: 33985 us total, 11683 us display, type 4
frame 3: 12327 us total, 11637 us display, type 4
frame 4: 16533 us total, 11629 us display, type 4
frame 5: 29004 us total, 11632 us display, type 4
frame 6: 29130 us total, 11713 us display, type 4
[0;32mI (1275) PAD: found  78:86:2e:8f:59:f6 rssi -54[0m
frame 7: 30149 us total, 13824 us display, type 4
frame 8: 26965 us total, 11655 us display, type 4
frame 9: 27822 us total, 11679 us display, type 4
frame 10: 28996 us total, 11680 us display, type 4
frame 11: 28240 us total, 11681 us display, type 4
frame 12: 28713 us total, 11636 us display, type 4
[0;32mI (1430) NimBLE: Connection established [0m
[0;32mI (1431) NIMBLE_HIDH: pairing for encrypted link (rc=0)[0m
frame 13: 29234 us total, 11678 us display, type 4
[0;32mI (1482) NimBLE: mtu update event; conn_handle=0 cid=4 mtu=23
[0m
frame 14: 29461 us total, 13338 us display, type 4
frame 15: 27508 us total, 11651 us display, type 4
frame 16: 27788 us total, 11638 us display, type 4
frame 17: 29095 us total, 11643 us display, type 4
frame 18: 28032 us total, 11659 us display, type 4
frame 19: 28885 us total, 11638 us display, type 4
frame 20: 29084 us total, 11662 us display, type 4
[0;32mI (1679) NIMBLE_HIDH: encryption change: status=0[0m
frame 21: 29233 us total, 12962 us display, type 4
frame 22: 27905 us total, 11652 us display, type 4
[0;32mI (1730) NIMBLE_HIDH: notify handle 30 len 16[0m
frame 23: 27986 us total, 11859 us display, type 4
frame 24: 28947 us total, 11654 us display, type 4
[0;32mI (1779) NIMBLE_HIDH: service 0x1800 handles 1-7[0m
[0;32mI (1779) NIMBLE_HIDH: service 0x1801 handles 8-8[0m
[0;32mI (1779) NIMBLE_HIDH: service 0x180a handles 9-17[0m
frame 25: 28018 us total, 11659 us display, type 4
frame 26: 28825 us total, 11637 us display, type 4
[0;32mI (1830) NIMBLE_HIDH: notify handle 30 len 16[0m
frame 27: 29160 us total, 11671 us display, type 4
[0;32mI (1879) NIMBLE_HIDH: service 0x180f handles 18-21[0m
[0;32mI (1879) NIMBLE_HIDH: service 0x1812 handles 22-35[0m
frame 28: 29116 us total, 12888 us display, type 4
frame 29: 27910 us total, 11652 us display, type 4
[0;32mI (1930) NIMBLE_HIDH: notify handle 30 len 16[0m
frame 30: 28701 us total, 12535 us display, type 4
frame 31: 28248 us total, 11645 us display, type 4
[0;32mI (1979) NIMBLE_HIDH: service 00000001-5f60-4c4f-9c83-a7953298d40d handles 36-42[0m
frame 32: 28044 us total, 11660 us display, type 4
frame 33: 28820 us total, 11638 us display, type 4
[0;32mI (2030) NIMBLE_HIDH: notify handle 30 len 16[0m
frame 34: 29161 us total, 11668 us display, type 4
frame 35: 28615 us total, 12421 us display, type 4
[0;32mI (2110) NIMBLE_HIDH: notify handle 30 len 16[0m
frame 36: 29264 us total, 12479 us display, type 4
frame 37: 27168 us total, 11672 us display, type 4
[0;32mI (2140) NIMBLE_HIDH: notify handle 30 len 16[0m
frame 38: 29017 us total, 11678 us display, type 4
[0;32mI (2185) NimBLE: Read complete; status=0 conn_handle=0[0m
[0;32mI (2185) NIMBLE_HIDH: notify handle 30 len 16[0m
frame 39: 29223 us total, 13028 us display, type 4
[0;32mI (2199) NIMBLE_HIDH: notify handle 30 len 16[0m
[0;32mI (2214) NimBLE: Read complete; status=0 conn_handle=0[0m
[0;32mI (2214) NimBLE: Read complete; status=14 conn_handle=0[0m
frame 40: 29091 us total, 13005 us display, type 4
[0;32mI (2229) NIMBLE_HIDH: notify handle 30 len 16[0m
frame 41: 28098 us total, 12103 us display, type 4
[0;32mI (2259) NIMBLE_HIDH: notify handle 30 len 16[0m
frame 42: 27964 us total, 12059 us display, type 4
[0;32mI (2289) NIMBLE_HIDH: notify handle 30 len 16[0m
frame 43: 28909 us total, 11968 us display, type 4
[0;32mI (2319) NIMBLE_HIDH: notify handle 30 len 16[0m
frame 44: 28001 us total, 11978 us display, type 4
[0;32mI (2349) NIMBLE_HIDH: notify handle 30 len 16[0m
[0;32mI (2364) NimBLE: Read complete; status=0 conn_handle=0[0m
[0;32mI (2364) NimBLE: Read complete; status=14 conn_handle=0[0m
frame 45: 29640 us total, 12599 us display, type 4
[0;32mI (2379) NIMBLE_HIDH: notify handle 30 len 16[0m
[0;32mI (2394) NimBLE: Read complete; status=0 conn_handle=0[0m
[0;32mI (2394) NimBLE: Read complete; status=14 conn_handle=0[0m
frame 46: 28106 us total, 12715 us display, type 4
[0;32mI (2409) NIMBLE_HIDH: notify handle 30 len 16[0m
[0;32mI (2424) NimBLE: Read complete; status=0 conn_handle=0[0m
[0;32mI (2424) NimBLE: Read complete; status=14 conn_handle=0[0m
frame 47: 29141 us total, 12855 us display, type 4
[0;32mI (2439) NIMBLE_HIDH: notify handle 30 len 16[0m
frame 48: 28472 us total, 12329 us display, type 4
[0;32mI (2469) NIMBLE_HIDH: notify handle 30 len 16[0m
frame 49: 27602 us total, 11679 us display, type 4
[0;32mI (2500) NIMBLE_HIDH: notify handle 30 len 16[0m
frame 50: 29570 us total, 12541 us display, type 4
[0;32mI (2530) NIMBLE_HIDH: notify handle 30 len 16[0m
frame 51: 27851 us total, 12346 us display, type 4
[0;32mI (2560) NIMBLE_HIDH: notify handle 30 len 16[0m
frame 52: 29076 us total, 12435 us display, type 4
[0;32mI (2590) NIMBLE_HIDH: notify handle 30 len 16[0m
frame 53: 28154 us total, 12580 us display, type 4
[0;32mI (2620) NIMBLE_HIDH: notify handle 30 len 16[0m
frame 54: 28487 us total, 12065 us display, type 4
[0;32mI (2634) NimBLE: Read complete; status=0 conn_handle=0[0m
[0;32mI (2650) NIMBLE_HIDH: notify handle 30 len 16[0m
frame 55: 28992 us total, 12066 us display, type 4
[0;32mI (2664) NimBLE: Read complete; status=0 conn_handle=0[0m
[0;32mI (2680) NIMBLE_HIDH: notify handle 30 len 16[0m
frame 56: 28003 us total, 12075 us display, type 4
[0;32mI (2694) NimBLE: Read complete; status=0 conn_handle=0[0m
[0;32mI (2710) NIMBLE_HIDH: notify handle 30 len 16[0m
frame 57: 29000 us total, 12073 us display, type 4
[0;32mI (2724) NimBLE: Read complete; status=0 conn_handle=0[0m
frame 58: 27583 us total, 11660 us display, type 4
[0;32mI (2740) NIMBLE_HIDH: notify handle 30 len 16[0m
[0;32mI (2754) NimBLE: Read complete; status=0 conn_handle=0[0m
frame 59: 29020 us total, 11678 us display, type 4
[0;32mI (2770) NIMBLE_HIDH: notify handle 30 len 16[0m
[0;32mI (2784) NimBLE: Read complete; status=0 conn_handle=0[0m
frame 60: 28780 us total, 11668 us display, type 4
[0;32mI (2800) NIMBLE_HIDH: notify handle 30 len 16[0m
[0;32mI (2814) NimBLE: Read complete; status=0 conn_handle=0[0m
frame 61: 28694 us total, 12188 us display, type 4
[0;32mI (2829) NIMBLE_HIDH: notify handle 30 len 16[0m
[0;32mI (2844) NimBLE: Read complete; status=0 conn_handle=0[0m
frame 62: 29074 us total, 12220 us display, type 4
[0;32mI (2859) NIMBLE_HIDH: notify handle 30 len 16[0m
[0;32mI (2874) NimBLE: Read complete; status=0 conn_handle=0[0m
frame 63: 28037 us total, 12250 us display, type 4
[0;32mI (2889) NIMBLE_HIDH: notify handle 30 len 16[0m
[0;32mI (2904) NimBLE: Read complete; status=0 conn_handle=0[0m
frame 64: 28961 us total, 12219 us display, type 4
[0;32mI (2919) NIMBLE_HIDH: notify handle 30 len 16[0m
[0;32mI (2934) NimBLE: Read complete; status=0 conn_handle=0[0m
frame 65: 28074 us total, 12299 us display, type 4
[0;32mI (2949) NIMBLE_HIDH: notify handle 30 len 16[0m
[0;32mI (2964) NimBLE: Read complete; status=0 conn_handle=0[0m
frame 66: 29070 us total, 12357 us display, type 4
[0;32mI (2979) NIMBLE_HIDH: notify handle 30 len 16[0m
[0;32mI (2994) NimBLE: Read complete; status=0 conn_handle=0[0m
[0;32mI (2994) NimBLE: Read complete; status=14 conn_handle=0[0m
frame 67: 28467 us total, 12835 us display, type 4
[0;32mI (3009) NIMBLE_HIDH: notify handle 30 len 16[0m
frame 68: 28603 us total, 12429 us display, type 4
[0;32mI (3039) NIMBLE_HIDH: notify handle 30 len 16[0m
[0;32mI (3054) NimBLE: Read complete; status=0 conn_handle=0[0m
[0;32mI (3054) NimBLE: Read complete; status=14 conn_handle=0[0m
frame 69: 29455 us total, 12881 us display, type 4
[0;32mI (3069) NIMBLE_HIDH: notify handle 30 len 16[0m
frame 70: 27155 us total, 11723 us display, type 4
[0;32mI (3100) NIMBLE_HIDH: notify handle 30 len 16[0m
frame 71: 29581 us total, 12642 us display, type 4
[0;32mI (3114) NimBLE: Read complete; status=0 conn_handle=0[0m
[0;32mI (3114) NimBLE: Read complete; status=14 conn_handle=0[0m
[0;32mI (3115) NIMBLE_HIDH: attaching listeners, battery handle 20 ccc 21[0m
[0;32mI (3116) PAD: report map: 20 input fields[0m
[0;32mI (3116) PAD:   field rid 1 page 1 usage 0x30 bits 16 @0 logical 0..65535[0m
[0;32mI (3117) PAD:   field rid 1 page 1 usage 0x31 bits 16 @16 logical 0..65535[0m
[0;32mI (3117) PAD:   field rid 1 page 1 usage 0x32 bits 16 @32 logical 0..65535[0m
[0;32mI (3117) PAD:   field rid 1 page 1 usage 0x35 bits 16 @48 logical 0..65535[0m
[0;32mI (3118) PAD:   field rid 1 page 1 usage 0x39 bits 4 @96 logical 1..8[0m
[0;32mI (3118) PAD:   field rid 1 page 9 usage 0x01 bits 1 @104 logical 0..1[0m
[0;32mI (3118) PAD:   field rid 1 page 9 usage 0x02 bits 1 @105 logical 0..1[0m
[0;32mI (3119) PAD:   field rid 1 page 9 usage 0x03 bits 1 @106 logical 0..1[0m
[0;32mI (3119) PAD:   field rid 1 page 9 usage 0x04 bits 1 @107 logical 0..1[0m
[0;32mI (3119) PAD:   field rid 1 page 9 usage 0x05 bits 1 @108 logical 0..1[0m
[0;32mI (3120) PAD:   field rid 1 page 9 usage 0x06 bits 1 @109 logical 0..1[0m
[0;32mI (3120) PAD:   field rid 1 page 9 usage 0x07 bits 1 @110 logical 0..1[0m
[0;32mI (3120) PAD:   field rid 1 page 9 usage 0x08 bits 1 @111 logical 0..1[0m
[0;32mI (3121) PAD:   field rid 1 page 9 usage 0x09 bits 1 @112 logical 0..1[0m
[0;32mI (3121) PAD:   field rid 1 page 9 usage 0x0a bits 1 @113 logical 0..1[0m
[0;32mI (3121) PAD:   field rid 1 page 9 usage 0x0b bits 1 @114 logical 0..1[0m
[0;32mI (3122) PAD:   field rid 1 page 9 usage 0x0c bits 1 @115 logical 0..1[0m
[0;32mI (3122) PAD:   field rid 1 page 9 usage 0x0d bits 1 @116 logical 0..1[0m
[0;32mI (3122) PAD:   field rid 1 page 9 usage 0x0e bits 1 @117 logical 0..1[0m
[0;32mI (3122) PAD:   field rid 1 page 9 usage 0x0f bits 1 @118 logical 0..1[0m
[0;32mI (3123) PAD:   rid 1 page 1 usage 30 bit 0 size 16 [0..65535][0m
[0;32mI (3123) PAD:   rid 1 page 1 usage 31 bit 16 size 16 [0..65535][0m
[0;32mI (3123) PAD:   rid 1 page 1 usage 32 bit 32 size 16 [0..65535][0m
[0;32mI (3124) PAD:   rid 1 page 1 usage 35 bit 48 size 16 [0..65535][0m
[0;32mI (3124) PAD:   rid 1 page 1 usage 39 bit 96 size 4 [1..8][0m
[0;32mI (3124) PAD:   rid 1 page 9 usage 1 bit 104 size 1 [0..1][0m
[0;32mI (3125) PAD:   rid 1 page 9 usage 2 bit 105 size 1 [0..1][0m
[0;32mI (3125) PAD:   rid 1 page 9 usage 3 bit 106 size 1 [0..1][0m
[0;32mI (3125) PAD:   rid 1 page 9 usage 4 bit 107 size 1 [0..1][0m
[0;32mI (3125) PAD:   rid 1 page 9 usage 5 bit 108 size 1 [0..1][0m
[0;32mI (3126) PAD:   rid 1 page 9 usage 6 bit 109 size 1 [0..1][0m
[0;32mI (3126) PAD:   rid 1 page 9 usage 7 bit 110 size 1 [0..1][0m
[0;32mI (3126) PAD:   rid 1 page 9 usage 8 bit 111 size 1 [0..1][0m
[0;32mI (3128) PAD:   rid 1 page 9 usage 9 bit 112 size 1 [0..1][0m
[0;32mI (3128) PAD:   rid 1 page 9 usage a bit 113 size 1 [0..1][0m
[0;32mI (3128) PAD:   rid 1 page 9 usage b bit 114 size 1 [0..1][0m
[0;32mI (3128) PAD:   rid 1 page 9 usage c bit 115 size 1 [0..1][0m
[0;32mI (3130) PAD:   rid 1 page 9 usage d bit 116 size 1 [0..1][0m
[0;32mI (3130) PAD:   rid 1 page 9 usage e bit 117 size 1 [0..1][0m
[0;32mI (3130) PAD:   rid 1 page 9 usage f bit 118 size 1 [0..1][0m
[0;32mI (3131) PAD: connected: Xbox Wireless Controller[0m
[0;32mI (3130) NIMBLE_HIDH: notify handle 30 len 16[0m
frame 72: 29937 us total, 14501 us display, type 4
[0;32mI (3144) NimBLE: Subscribe complete; status=259 conn_handle=0 attr_handle=20
[0m
axes L     29 -24833 R   -914   -544 level 0
input: down 0x100000
gamepad connected: Xbox Wireless Controller
[0;32mI (3160) NIMBLE_HIDH: notify handle 30 len 16[0m
frame 73: 27987 us total, 12959 us display, type 4
[0;32mI (3174) NIMBLE_HIDH: write complete; status=0 attr_handle=21[0m
[0;32mI (3174) NIMBLE_HIDH: report id 3 type 2 mode 1 perms 0xe handle 34 ccc 0[0m
[0;32mI (3174) NIMBLE_HIDH: report id 1 type 1 mode 1 perms 0x12 handle 30 ccc 31[0m
[0;32mI (3190) NIMBLE_HIDH: notify handle 30 len 16[0m
frame 74: 27241 us total, 12641 us display, type 4
[0;32mI (3204) NimBLE: Subscribe complete; status=259 conn_handle=0 attr_handle=30
[0m
[0;32mI (3204) NIMBLE_HIDH:   notify registered[0m
[0;32mI (3220) NIMBLE_HIDH: notify handle 30 len 16[0m
frame 75: 29061 us total, 12735 us display, type 4
[0;32mI (3234) NIMBLE_HIDH: write complete; status=0 attr_handle=31[0m
[0;32mI (3234) NIMBLE_HIDH:   ccc written[0m
[0;32mI (3234) NIMBLE_HIDH: listeners attached[0m
[0;32mI (3249) NIMBLE_HIDH: notify handle 30 len 16[0m
frame 76: 28790 us total, 12532 us display, type 4
[0;32mI (3279) NIMBLE_HIDH: notify handle 30 len 16[0m
frame 77: 27913 us total, 12469 us display, type 4
[0;32mI (3309) NIMBLE_HIDH: notify handle 30 len 16[0m
frame 78: 28819 us total, 12286 us display, type 4
[0;32mI (3339) NIMBLE_HIDH: notify handle 30 len 16[0m
frame 79: 28151 us total, 12440 us display, type 4
frame 80: 28407 us total, 11846 us display, type 4
[0;32mI (3369) NIMBLE_HIDH: notify handle 30 len 16[0m
frame 81: 28023 us total, 11866 us display, type 4
[0;32mI (3399) NIMBLE_HIDH: notify handle 30 len 16[0m
axes L     29 -24833 R   -914   -544 level 0
frame 82: 29373 us total, 12053 us display, type 4
[0;32mI (3429) NIMBLE_HIDH: notify handle 30 len 16[0m
frame 83: 28630 us total, 11863 us display, type 4
[0;32mI (3459) NIMBLE_HIDH: notify handle 30 len 16[0m
frame 84: 28054 us total, 11921 us display, type 4
frame 85: 29050 us total, 12027 us display, type 4
[0;32mI (3519) NIMBLE_HIDH: notify handle 30 len 16[0m
frame 86: 28201 us total, 12175 us display, type 4
[0;32mI (3549) NIMBLE_HIDH: notify handle 30 len 16[0m
frame 87: 28694 us total, 11863 us display, type 4
[0;32mI (3579) NIMBLE_HIDH: notify handle 30 len 16[0m
frame 88: 27997 us total, 11866 us display, type 4
[0;32mI (3609) NIMBLE_HIDH: notify handle 30 len 16[0m
frame 89: 29004 us total, 11865 us display, type 4
[0;32mI (3639) NIMBLE_HIDH: notify handle 30 len 16[0m
frame 90: 29003 us total, 11875 us display, type 4
[0;32mI (3669) NIMBLE_HIDH: notify handle 30 len 16[0m
axes L     29 -24736 R   -914   -544 level 0
frame 91: 27832 us total, 11848 us display, type 4
[0;32mI (3699) NIMBLE_HIDH: notify handle 30 len 16[0m
frame 92: 29796 us total, 11932 us display, type 4
[0;32mI (3729) NIMBLE_HIDH: notify handle 30 len 16[0m
frame 93: 28037 us total, 12570 us display, type 4
[0;32mI (3759) NIMBLE_HIDH: notify handle 30 len 16[0m
frame 94: 29076 us total, 12619 us display, type 4
[0;32mI (3789) NIMBLE_HIDH: notify handle 30 len 16[0m
frame 95: 27812 us total, 12437 us display, type 4
[0;32mI (3819) NIMBLE_HIDH: notify handle 30 len 16[0m
frame 96: 29041 us total, 12469 us display, type 4
[0;32mI (3849) NIMBLE_HIDH: notify handle 30 len 16[0m
frame 97: 29013 us total, 12484 us display, type 4
[0;32mI (3879) NIMBLE_HIDH: notify handle 30 len 16[0m
frame 98: 28038 us total, 12499 us display, type 4
[0;32mI (3909) NIMBLE_HIDH: notify handle 30 len 16[0m
frame 99: 28758 us total, 12277 us display, type 4
axes L     29 -24736 R   -914   -544 level 0
[0;32mI (3939) NIMBLE_HIDH: notify handle 30 len 16[0m
frame 100: 28166 us total, 12262 us display, type 4
frame 101: 28407 us total, 11854 us display, type 4
[0;32mI (3969) NIMBLE_HIDH: notify handle 30 len 16[0m
frame 102: 28024 us total, 11867 us display, type 4
[0;32mI (3999) NIMBLE_HIDH: notify handle 30 len 16[0m
frame 103: 29175 us total, 12048 us display, type 4
[0;32mI (4029) NIMBLE_HIDH: notify handle 30 len 16[0m
frame 104: 28821 us total, 11867 us display, type 4
[0;32mI (4059) NIMBLE_HIDH: notify handle 30 len 16[0m
frame 105: 28056 us total, 11928 us display, type 4
[0;32mI (4089) NIMBLE_HIDH: notify handle 30 len 16[0m
frame 106: 29098 us total, 12017 us display, type 4
[0;32mI (4119) NIMBLE_HIDH: notify handle 30 len 16[0m
frame 107: 28154 us total, 12175 us display, type 4
[0;32mI (4149) NIMBLE_HIDH: notify handle 30 len 16[0m
frame 108: 28695 us total, 11864 us display, type 4
[0;32mI (4179) NIMBLE_HIDH: notify handle 30 len 16[0m
axes L     29 -24736 R   -914   -544 level 0
frame 109: 28165 us total, 11861 us display, type 4
[0;32mI (4209) NIMBLE_HIDH: notify handle 30 len 16[0m
frame 110: 28839 us total, 11865 us display, type 4
[0;32mI (4239) NIMBLE_HIDH: notify handle 30 len 16[0m
frame 111: 29001 us total, 11876 us display, type 4
[0;32mI (4269) NIMBLE_HIDH: notify handle 30 len 16[0m
frame 112: 27652 us total, 11855 us display, type 4
[0;32mI (4299) NIMBLE_HIDH: notify handle 30 len 16[0m
frame 113: 29974 us total, 11856 us display, type 4
[0;32mI (4329) NIMBLE_HIDH: notify handle 30 len 16[0m
frame 114: 28038 us total, 12575 us display, type 4
[0;32mI (4359) NIMBLE_HIDH: notify handle 30 len 16[0m
frame 115: 29074 us total, 12618 us display, type 4
[0;32mI (4389) NIMBLE_HIDH: notify handle 30 len 16[0m
frame 116: 27805 us total, 12432 us display, type 4
[0;32mI (4419) NIMBLE_HIDH: notify handle 30 len 16[0m
frame 117: 29046 us total, 12468 us display, type 4
axes L     29 -24736 R   -914   -544 level 0
[0;32mI (4449) NIMBLE_HIDH: notify handle 30 len 16[0m
frame 118: 29207 us total, 12495 us display, type 4
[0;32mI (4479) NIMBLE_HIDH: notify handle 30 len 16[0m
frame 119: 27797 us total, 12473 us display, type 4
[0;32mI (4509) NIMBLE_HIDH: notify handle 30 len 16[0m
frame 120: 28809 us total, 12285 us display, type 4
[0;32mI (4539) NIMBLE_HIDH: notify handle 30 len 16[0m
frame 121: 28159 us total, 12436 us display, type 4
frame 122: 28408 us total, 11854 us display, type 4
[0;32mI (4569) NIMBLE_HIDH: notify handle 30 len 16[0m
frame 123: 28026 us total, 11868 us display, type 4
[0;32mI (4599) NIMBLE_HIDH: notify handle 30 len 16[0m
frame 124: 29182 us total, 12052 us display, type 4
[0;32mI (4629) NIMBLE_HIDH: notify handle 30 len 16[0m
frame 125: 28813 us total, 11867 us display, type 4
[0;32mI (4659) NIMBLE_HIDH: notify handle 30 len 16[0m
frame 126: 28064 us total, 11931 us display, type 4
[0;32mI (4689) NIMBLE_HIDH: notify handle 30 len 16[0m
axes L     29 -24736 R   -914   -544 level 0
frame 127: 29123 us total, 11862 us display, type 4
[0;32mI (4719) NIMBLE_HIDH: notify handle 30 len 16[0m
frame 128: 28131 us total, 12182 us display, type 4
[0;32mI (4749) NIMBLE_HIDH: notify handle 30 len 16[0m
frame 129: 28689 us total, 11863 us display, type 4
[0;32mI (4779) NIMBLE_HIDH: notify handle 30 len 16[0m
frame 130: 27996 us total, 11869 us display, type 4
[0;32mI (4809) NIMBLE_HIDH: notify handle 30 len 16[0m
frame 131: 29007 us total, 11865 us display, type 4
[0;32mI (4839) NIMBLE_HIDH: notify handle 30 len 16[0m
frame 132: 28997 us total, 11875 us display, type 4
[0;32mI (4869) NIMBLE_HIDH: notify handle 30 len 16[0m
frame 133: 27682 us total, 11851 us display, type 4
[0;32mI (4899) NIMBLE_HIDH: notify handle 30 len 16[0m
frame 134: 29960 us total, 11855 us display, type 4
[0;32mI (4929) NIMBLE_HIDH: notify handle 30 len 16[0m
frame 135: 28019 us total, 12570 us display, type 4
axes L     29 -24736 R   -914   -544 level 0
[0;32mI (4959) NIMBLE_HIDH: notify handle 30 len 16[0m
frame 136: 29079 us total, 12438 us display, type 4
[0;32mI (4989) NIMBLE_HIDH: notify handle 30 len 16[0m
frame 137: 27786 us total, 12416 us display, type 4
frame 138: 28643 us total, 12046 us display, type 4
frame 139: 28731 us total, 11837 us display, type 4
frame 140: 28001 us total, 11837 us display, type 4
[0;32mI (5109) NIMBLE_HIDH: notify handle 30 len 16[0m
frame 141: 29480 us total, 12318 us display, type 4
[0;32mI (5139) NIMBLE_HIDH: notify handle 30 len 16[0m
frame 142: 28170 us total, 12434 us display, type 4
frame 143: 28426 us total, 11852 us display, type 4
[0;32mI (5169) NIMBLE_HIDH: notify handle 30 len 16[0m
frame 144: 28015 us total, 11867 us display, type 4
[0;32mI (5199) NIMBLE_HIDH: notify handle 30 len 16[0m
axes L     29 -24635 R   -914   -544 level 0
frame 145: 29370 us total, 12052 us display, type 4
[0;32mI (5229) NIMBLE_HIDH: notify handle 30 len 16[0m
frame 146: 28619 us total, 11859 us display, type 4
[0;32mI (5259) NIMBLE_HIDH: notify handle 30 len 16[0m
frame 147: 28072 us total, 11917 us display, type 4
[0;32mI (5289) NIMBLE_HIDH: notify handle 30 len 16[0m
[0;32mI (5304) NIMBLE_HIDH: notify handle 30 len 16[0m
frame 148: 29536 us total, 12465 us display, type 4
input: down 0x00010
[0;32mI (5334) NIMBLE_HIDH: notify handle 30 len 16[0m
frame 149: 28539 us total, 12332 us display, type 4
[0;32mI (5364) NIMBLE_HIDH: notify handle 30 len 16[0m
frame 150: 28406 us total, 12119 us display, type 4
[0;32mI (5394) NIMBLE_HIDH: notify handle 30 len 16[0m
frame 151: 27988 us total, 12124 us display, type 4
[0;32mI (5424) NIMBLE_HIDH: notify handle 30 len 16[0m
frame 152: 28988 us total, 12120 us display, type 4
[0;32mI (5454) NIMBLE_HIDH: notify handle 30 len 16[0m
frame 153: 29014 us total, 12092 us display, type 4
axes L     29 -24635 R   -914   -544 level 0
frame 154: 27714 us total, 11664 us display, type 4
[0;32mI (5484) NIMBLE_HIDH: notify handle 30 len 16[0m
frame 155: 28839 us total, 11676 us display, type 4
[0;32mI (5514) NIMBLE_HIDH: notify handle 30 len 16[0m
frame 156: 27986 us total, 11676 us display, type 4
[0;32mI (5544) NIMBLE_HIDH: notify handle 30 len 16[0m
frame 157: 29014 us total, 11675 us display, type 4
[0;32mI (5574) NIMBLE_HIDH: notify handle 30 len 16[0m
frame 158: 28048 us total, 11725 us display, type 4
[0;32mI (5604) NIMBLE_HIDH: notify handle 30 len 16[0m
frame 159: 29045 us total, 11769 us display, type 4
[0;32mI (5634) NIMBLE_HIDH: notify handle 30 len 16[0m
frame 160: 29098 us total, 11878 us display, type 4
[0;32mI (5664) NIMBLE_HIDH: notify handle 30 len 16[0m
frame 161: 27803 us total, 11673 us display, type 4
[0;32mI (5694) NIMBLE_HIDH: notify handle 30 len 16[0m
frame 162: 28995 us total, 11674 us display, type 4
[0;32mI (5724) NIMBLE_HIDH: notify handle 30 len 16[0m
axes L     29 -24635 R   -914   -544 level 0
frame 163: 28192 us total, 11666 us display, type 4
[0;32mI (5754) NIMBLE_HIDH: notify handle 30 len 16[0m
frame 164: 28806 us total, 11672 us display, type 4
[0;32mI (5784) NIMBLE_HIDH: notify handle 30 len 16[0m
frame 165: 28621 us total, 11658 us display, type 4
[0;32mI (5814) NIMBLE_HIDH: notify handle 30 len 16[0m
frame 166: 29114 us total, 12479 us display, type 4
[0;32mI (5844) NIMBLE_HIDH: notify handle 30 len 16[0m
frame 167: 28783 us total, 12194 us display, type 4
[0;32mI (5874) NIMBLE_HIDH: notify handle 30 len 16[0m
frame 168: 28217 us total, 12391 us display, type 4
[0;32mI (5904) NIMBLE_HIDH: notify handle 30 len 16[0m
[0;32mI (5934) NIMBLE_HIDH: notify handle 30 len 16[0m
frame 169: 62568 us total, 14093 us display, type 5
frame 170: 14050 us total, 13087 us display, type 5
[0;32mI (5964) NIMBLE_HIDH: notify handle 30 len 16[0m
frame 171: 14684 us total, 13767 us display, type 5
frame 172: 13993 us total, 13071 us display, type 5
axes L     29 -24635 R   -914   -544 level 0
[0;32mI (5994) NIMBLE_HIDH: notify handle 30 len 16[0m
frame 173: 14900 us total, 13772 us display, type 5
frame 174: 13961 us total, 13065 us display, type 5
[0;32mI (6024) NIMBLE_HIDH: notify handle 30 len 16[0m
frame 175: 14580 us total, 13704 us display, type 5
frame 176: 13993 us total, 13087 us display, type 5
[0;32mI (6054) NIMBLE_HIDH: notify handle 30 len 16[0m
frame 177: 14590 us total, 13690 us display, type 5
frame 178: 14027 us total, 13116 us display, type 5
[0;32mI (6084) NIMBLE_HIDH: notify handle 30 len 16[0m
frame 179: 14608 us total, 13706 us display, type 5
frame 180: 13992 us total, 13122 us display, type 5
[0;32mI (6114) NIMBLE_HIDH: notify handle 30 len 16[0m
frame 181: 14570 us total, 13702 us display, type 5
frame 182: 14025 us total, 13116 us display, type 5
[0;32mI (6144) NIMBLE_HIDH: notify handle 30 len 16[0m
frame 183: 14620 us total, 13715 us display, type 5
frame 184: 14026 us total, 13118 us display, type 5
[0;32mI (6174) NIMBLE_HIDH: notify handle 30 len 16[0m
frame 185: 14444 us total, 13538 us display, type 5
frame 186: 13884 us total, 12905 us display, type 5
frame 187: 13983 us total, 12845 us display, type 5
[0;32mI (6204) NIMBLE_HIDH: notify handle 30 len 16[0m
frame 188: 14609 us total, 13780 us display, type 5
frame 189: 13999 us total, 13062 us display, type 5
[0;32mI (6234) NIMBLE_HIDH: notify handle 30 len 16[0m
frame 190: 14621 us total, 13749 us display, type 5
axes L     29 -24635 R   -914   -544 level 0
frame 191: 14212 us total, 13086 us display, type 5
[0;32mI (6264) NIMBLE_HIDH: notify handle 30 len 16[0m
frame 192: 14602 us total, 13763 us display, type 5
frame 193: 14010 us total, 13077 us display, type 5
[0;32mI (6294) NIMBLE_HIDH: notify handle 30 len 16[0m
frame 194: 14593 us total, 13715 us display, type 5
frame 195: 14016 us total, 13078 us display, type 5
[0;32mI (6324) NIMBLE_HIDH: notify handle 30 len 16[0m
frame 196: 14588 us total, 13697 us display, type 5
frame 197: 14024 us total, 13091 us display, type 5
[0;32mI (6354) NIMBLE_HIDH: notify handle 30 len 16[0m
frame 198: 14560 us total, 13672 us display, type 5
frame 199: 14028 us total, 13097 us display, type 5
[0;32mI (6384) NIMBLE_HIDH: notify handle 30 len 16[0m
frame 200: 14588 us total, 13702 us display, type 5
frame 201: 22197 us total, 13369 us display, type 5
[0;32mI (6414) NIMBLE_HIDH: notify handle 30 len 16[0m
frame 202: 14735 us total, 13798 us display, type 5
frame 203: 14085 us total, 13122 us display, type 5
[0;32mI (6444) NIMBLE_HIDH: notify handle 30 len 16[0m
frame 204: 14532 us total, 13694 us display, type 5
frame 205: 14085 us total, 13129 us display, type 5
[0;32mI (6474) NIMBLE_HIDH: notify handle 30 len 16[0m
frame 206: 14608 us total, 13697 us display, type 5
frame 207: 14003 us total, 13086 us display, type 5
[0;32mI (6504) NIMBLE_HIDH: notify handle 30 len 16[0m
frame 208: 14546 us total, 13669 us display, type 5
axes L   -274 -24635 R   -914   -544 level 0
frame 209: 15417 us total, 13236 us display, type 5
[0;32mI (6534) NIMBLE_HIDH: notify handle 30 len 16[0m
frame 210: 14736 us total, 13768 us display, type 5
frame 211: 14029 us total, 13130 us display, type 5
[0;32mI (6564) NIMBLE_HIDH: notify handle 30 len 16[0m
frame 212: 14599 us total, 13704 us display, type 5
frame 213: 14010 us total, 13112 us display, type 5
input: down 0x1000000
[0;32mI (6594) NIMBLE_HIDH: notify handle 30 len 16[0m
frame 214: 14760 us total, 13689 us display, type 5
frame 215: 14021 us total, 13121 us display, type 5
[0;32mI (6624) NIMBLE_HIDH: notify handle 30 len 16[0m
frame 216: 14661 us total, 13704 us display, type 5
frame 217: 13997 us total, 13127 us display, type 5
[0;32mI (6654) NIMBLE_HIDH: notify handle 30 len 16[0m
frame 218: 14573 us total, 13684 us display, type 5
frame 219: 14032 us total, 13123 us display, type 5
[0;32mI (6684) NIMBLE_HIDH: notify handle 30 len 16[0m
frame 220: 14162 us total, 13244 us display, type 5
frame 221: 13778 us total, 12888 us display, type 5
frame 222: 14014 us total, 12855 us display, type 5
[0;32mI (6714) NIMBLE_HIDH: notify handle 30 len 16[0m
frame 223: 14565 us total, 13729 us display, type 5
frame 224: 14022 us total, 13081 us display, type 5
[0;32mI (6744) NIMBLE_HIDH: notify handle 30 len 16[0m
frame 225: 14559 us total, 13703 us display, type 5
[0;32mI (6759) NIMBLE_HIDH: notify handle 30 len 16[0m
frame 226: 14726 us total, 13782 us display, type 5
frame 227: 13927 us total, 13024 us display, type 5
axes L   -365 -11640 R   -914   -544 level 0
[0;32mI (6789) NIMBLE_HIDH: notify handle 30 len 16[0m
frame 228: 14784 us total, 13703 us display, type 5
frame 229: 13985 us total, 13086 us display, type 5
[0;32mI (6819) NIMBLE_HIDH: notify handle 30 len 16[0m
frame 230: 14603 us total, 13717 us display, type 5
[0;32mI (6834) NIMBLE_HIDH: notify handle 30 len 16[0m
frame 231: 14652 us total, 13752 us display, type 5
frame 232: 13997 us total, 13064 us display, type 5
[0;32mI (6864) NIMBLE_HIDH: notify handle 30 len 16[0m
frame 233: 14643 us total, 13781 us display, type 5
frame 234: 14014 us total, 13116 us display, type 5
[0;32mI (6894) NIMBLE_HIDH: notify handle 30 len 16[0m
frame 235: 14481 us total, 13658 us display, type 5
frame 236: 14035 us total, 13117 us display, type 5
[0;32mI (6924) NIMBLE_HIDH: notify handle 30 len 16[0m
frame 237: 14541 us total, 13686 us display, type 5
frame 238: 14035 us total, 13125 us display, type 5
[0;32mI (6954) NIMBLE_HIDH: notify handle 30 len 16[0m
frame 239: 14538 us total, 13675 us display, type 5
frame 240: 14071 us total, 13145 us display, type 5
[0;32mI (6984) NIMBLE_HIDH: notify handle 30 len 16[0m
frame 241: 14113 us total, 13253 us display, type 5
frame 242: 13287 us total, 11654 us display, type 3
[0;32mI (7014) NIMBLE_HIDH: notify handle 30 len 16[0m
frame 243: 39195 us total, 11751 us display, type 3
[0;32mI (7044) NIMBLE_HIDH: notify handle 30 len 16[0m
axes L   -461 -11920 R    128   -448 level 0
[0;32mI (7059) NIMBLE_HIDH: notify handle 30 len 16[0m
frame 244: 35639 us total, 11692 us display, type 3
[0;32mI (7089) NIMBLE_HIDH: notify handle 30 len 16[0m
frame 245: 34884 us total, 11689 us display, type 3
[0;32mI (7119) NIMBLE_HIDH: notify handle 30 len 16[0m
frame 246: 34849 us total, 11685 us display, type 3
[0;32mI (7149) NIMBLE_HIDH: notify handle 30 len 16[0m
[0;32mI (7179) NIMBLE_HIDH: notify handle 30 len 16[0m
frame 247: 37178 us total, 12552 us display, type 3
[0;32mI (7194) NIMBLE_HIDH: notify handle 30 len 16[0m
frame 248: 35790 us total, 11692 us display, type 3
frame 249: 35859 us total, 11692 us display, type 3
[0;32mI (7270) NIMBLE_HIDH: notify handle 30 len 16[0m
[0;32mI (7270) NIMBLE_HIDH: notify handle 20 len 1[0m
frame 250: 37485 us total, 11685 us display, type 3
[0;32mI (7299) NIMBLE_HIDH: notify handle 30 len 16[0m
axes L   -461 -12044 R    181   -448 level 0
frame 251: 36698 us total, 11685 us display, type 3
[0;32mI (7329) NIMBLE_HIDH: notify handle 30 len 16[0m
[0;32mI (7344) NIMBLE_HIDH: notify handle 20 len 1[0m
frame 252: 37469 us total, 11692 us display, type 3
[0;32mI (7374) NIMBLE_HIDH: notify handle 30 len 16[0m
frame 253: 36486 us total, 11692 us display, type 3
[0;32mI (7404) NIMBLE_HIDH: notify handle 30 len 16[0m
[0;32mI (7419) NIMBLE_HIDH: notify handle 30 len 16[0m
input: down 0x00010
frame 254: 39048 us total, 11685 us display, type 3
[0;32mI (7449) NIMBLE_HIDH: notify handle 30 len 16[0m
[0;32mI (7464) NIMBLE_HIDH: notify handle 30 len 16[0m
frame 255: 38409 us total, 11692 us display, type 3
[0;32mI (7494) NIMBLE_HIDH: notify handle 30 len 16[0m
frame 256: 37846 us total, 11685 us display, type 3
mem @frame 256: heap free 66484, largest 40960, min ever 65664, zone free 41244, stack free 14540, uptime 7 s, gamestate 0, demo 1, usergame 0, tic 192
[0;32mI (7524) NIMBLE_HIDH: notify handle 30 len 16[0m
frame 257: 37949 us total, 11685 us display, type 3
[0;32mI (7554) NIMBLE_HIDH: notify handle 30 len 16[0m
[0;32mI (7584) NIMBLE_HIDH: notify handle 30 len 16[0m
frame 258: 38623 us total, 12291 us display, type 3
axes L   -461 -12144 R    181   -448 level 0
[0;32mI (7614) NIMBLE_HIDH: notify handle 30 len 16[0m
frame 259: 37454 us total, 11926 us display, type 3
[0;32mI (7644) NIMBLE_HIDH: notify handle 30 len 16[0m
frame 260: 35584 us total, 11692 us display, type 3
[0;32mI (7674) NIMBLE_HIDH: notify handle 30 len 16[0m
[0;32mI (7689) NIMBLE_HIDH: notify handle 30 len 16[0m
frame 261: 37026 us total, 12788 us display, type 3
[0;32mI (7719) NIMBLE_HIDH: notify handle 30 len 16[0m
frame 262: 37296 us total, 11685 us display, type 3
[0;32mI (7749) NIMBLE_HIDH: notify handle 30 len 16[0m
frame 263: 36478 us total, 12034 us display, type 3
[0;32mI (7779) NIMBLE_HIDH: notify handle 30 len 16[0m
[0;32mI (7809) NIMBLE_HIDH: notify handle 30 len 16[0m
frame 264: 37765 us total, 12295 us display, type 3
[0;32mI (7839) NIMBLE_HIDH: notify handle 30 len 16[0m
frame 265: 38710 us total, 11686 us display, type 3
axes L   -461 -12243 R    181   -448 level 0
[0;32mI (7869) NIMBLE_HIDH: notify handle 30 len 16[0m
[0;32mI (7884) NIMBLE_HIDH: notify handle 30 len 16[0m
frame 266: 39787 us total, 12291 us display, type 3
[0;32mI (7914) NIMBLE_HIDH: notify handle 30 len 16[0m
frame 267: 38374 us total, 11844 us display, type 3
[0;32mI (7944) NIMBLE_HIDH: notify handle 30 len 16[0m
[0;32mI (7959) NIMBLE_HIDH: notify handle 30 len 16[0m
frame 268: 40154 us total, 12294 us display, type 3
[0;32mI (7989) NIMBLE_HIDH: notify handle 30 len 16[0m
frame 269: 38810 us total, 11686 us display, type 3
[0;32mI (8019) NIMBLE_HIDH: notify handle 30 len 16[0m
frame 270: 37141 us total, 11692 us display, type 3
[0;32mI (8049) NIMBLE_HIDH: notify handle 30 len 16[0m
[0;32mI (8079) NIMBLE_HIDH: notify handle 30 len 16[0m
frame 271: 37488 us total, 12569 us display, type 3
axes L   -461 -12343 R    181   -448 level 0
frame 272: 33987 us total, 11699 us display, type 3
[0;32mI (8124) NIMBLE_HIDH: notify handle 30 len 16[0m
[0;32mI (8139) NIMBLE_HIDH: notify handle 30 len 16[0m
frame 273: 35505 us total, 11692 us display, type 3
[0;32mI (8154) NIMBLE_HIDH: notify handle 30 len 16[0m
[0;32mI (8184) NIMBLE_HIDH: notify handle 30 len 16[0m
frame 274: 34516 us total, 12264 us display, type 3
[0;32mI (8214) NIMBLE_HIDH: notify handle 30 len 16[0m
frame 275: 32802 us total, 12596 us display, type 3
[0;32mI (8244) NIMBLE_HIDH: notify handle 30 len 16[0m
frame 276: 31954 us total, 12790 us display, type 3
[0;32mI (8274) NIMBLE_HIDH: notify handle 30 len 16[0m
frame 277: 32203 us total, 12290 us display, type 3
[0;32mI (8304) NIMBLE_HIDH: notify handle 30 len 16[0m
frame 278: 30852 us total, 12290 us display, type 3
[0;32mI (8334) NIMBLE_HIDH: notify handle 30 len 16[0m
frame 279: 29672 us total, 12272 us display, type 3
axes L   -461 -12440 R    181   -448 level 0
[0;32mI (8364) NIMBLE_HIDH: notify handle 30 len 16[0m
frame 280: 30001 us total, 12472 us display, type 3
[0;32mI (8394) NIMBLE_HIDH: notify handle 30 len 16[0m
frame 281: 29074 us total, 12524 us display, type 3
[0;32mI (8424) NIMBLE_HIDH: notify handle 30 len 16[0m
frame 282: 30018 us total, 12397 us display, type 3
[0;32mI (8439) NIMBLE_HIDH: notify handle 30 len 16[0m
frame 283: 29543 us total, 11693 us display, type 3
[0;32mI (8469) NIMBLE_HIDH: notify handle 30 len 16[0m
frame 284: 28116 us total, 11685 us display, type 3
[0;32mI (8499) NIMBLE_HIDH: notify handle 30 len 16[0m
frame 285: 28136 us total, 11686 us display, type 3
[0;32mI (8529) NIMBLE_HIDH: notify handle 30 len 16[0m
frame 286: 27657 us total, 11902 us display, type 3
[0;32mI (8559) NIMBLE_HIDH: notify handle 30 len 16[0m
frame 287: 27266 us total, 12019 us display, type 3
[0;32mI (8589) NIMBLE_HIDH: notify handle 30 len 16[0m
frame 288: 25530 us total, 12295 us display, type 3
axes L   -461 -12538 R    181   -448 level 0
[0;32mI (8619) NIMBLE_HIDH: notify handle 30 len 16[0m
frame 289: 25915 us total, 12303 us display, type 3
[0;32mI (8649) NIMBLE_HIDH: notify handle 30 len 16[0m
frame 290: 27161 us total, 12388 us display, type 3
[0;32mI (8679) NIMBLE_HIDH: notify handle 30 len 16[0m
frame 291: 26556 us total, 12159 us display, type 3
frame 292: 26354 us total, 11693 us display, type 3
[0;32mI (8709) NIMBLE_HIDH: notify handle 30 len 16[0m
frame 293: 26314 us total, 11692 us display, type 3
[0;32mI (8739) NIMBLE_HIDH: notify handle 30 len 16[0m
frame 294: 26366 us total, 11692 us display, type 3
[0;32mI (8769) NIMBLE_HIDH: notify handle 30 len 16[0m
frame 295: 26792 us total, 11692 us display, type 3
[0;32mI (8799) NIMBLE_HIDH: notify handle 30 len 16[0m
frame 296: 28077 us total, 11829 us display, type 3
[0;32mI (8829) NIMBLE_HIDH: notify handle 30 len 16[0m
frame 297: 26343 us total, 12290 us display, type 3
[0;32mI (8859) NIMBLE_HIDH: notify handle 30 len 16[0m
frame 298: 28062 us total, 12479 us display, type 3
axes L   -461 -12636 R    181   -448 level 0
[0;32mI (8889) NIMBLE_HIDH: notify handle 30 len 16[0m
frame 299: 28384 us total, 12303 us display, type 3
[0;32mI (8904) NIMBLE_HIDH: notify handle 30 len 16[0m
frame 300: 33459 us total, 12057 us display, type 3
input: down 0x00001
[0;32mI (8934) NIMBLE_HIDH: notify handle 30 len 16[0m
frame 301: 32649 us total, 11685 us display, type 3
[0;32mI (8964) NIMBLE_HIDH: notify handle 30 len 16[0m
[0;32mI (8994) NIMBLE_HIDH: notify handle 30 len 16[0m
frame 302: 34800 us total, 12418 us display, type 3
[0;32mI (9009) NIMBLE_HIDH: notify handle 30 len 16[0m
frame 303: 34684 us total, 11837 us display, type 3
[0;32mI (9039) NIMBLE_HIDH: notify handle 30 len 16[0m
frame 304: 34045 us total, 11692 us display, type 3
[0;32mI (9069) NIMBLE_HIDH: notify handle 30 len 16[0m
[0;32mI (9099) NIMBLE_HIDH: notify handle 30 len 16[0m
frame 305: 36416 us total, 12277 us display, type 3
[0;32mI (9129) NIMBLE_HIDH: notify handle 30 len 16[0m
frame 306: 36349 us total, 12319 us display, type 3
axes L   -461 -12733 R    181   -448 level 0
[0;32mI (9159) NIMBLE_HIDH: notify handle 30 len 16[0m
frame 307: 34925 us total, 11693 us display, type 3
[0;32mI (9189) NIMBLE_HIDH: notify handle 30 len 16[0m
frame 308: 35457 us total, 11809 us display, type 3
[0;32mI (9219) NIMBLE_HIDH: notify handle 30 len 16[0m
frame 309: 34653 us total, 11935 us display, type 3
[0;32mI (9249) NIMBLE_HIDH: notify handle 30 len 16[0m
[0;32mI (9264) NIMBLE_HIDH: notify handle 30 len 16[0m
input: down 0x00001
frame 310: 42516 us total, 11686 us display, type 3
[0;32mI (9294) NIMBLE_HIDH: notify handle 30 len 16[0m
[0;32mI (9309) NIMBLE_HIDH: notify handle 30 len 16[0m
frame 311: 40488 us total, 11692 us display, type 3
[0;32mI (9339) NIMBLE_HIDH: notify handle 30 len 16[0m
frame 312: 40931 us total, 11692 us display, type 3
[0;32mI (9369) NIMBLE_HIDH: notify handle 30 len 16[0m
axes L   -461 -12836 R    181   -448 level 0
[0;32mI (9399) NIMBLE_HIDH: notify handle 30 len 16[0m
frame 313: 41460 us total, 12297 us display, type 3
[0;32mI (9429) NIMBLE_HIDH: notify handle 30 len 16[0m
frame 314: 41289 us total, 11693 us display, type 3
[0;32mI (9474) NIMBLE_HIDH: notify handle 30 len 16[0m
[0;32mI (9489) NIMBLE_HIDH: notify handle 30 len 16[0m
frame 315: 45505 us total, 12230 us display, type 3
[0;32mI (9519) NIMBLE_HIDH: notify handle 30 len 16[0m
frame 316: 42372 us total, 11686 us display, type 3
[0;32mI (9549) NIMBLE_HIDH: notify handle 30 len 16[0m
[0;32mI (9579) NIMBLE_HIDH: notify handle 30 len 16[0m
frame 317: 44824 us total, 12594 us display, type 3
[0;32mI (9609) NIMBLE_HIDH: notify handle 30 len 16[0m
frame 318: 40417 us total, 11728 us display, type 3
[0;32mI (9639) NIMBLE_HIDH: notify handle 30 len 16[0m
axes L   -461 -12915 R    181   -448 level 0
[0;32mI (9654) NIMBLE_HIDH: notify handle 30 len 16[0m
frame 319: 43620 us total, 11701 us display, type 3
[0;32mI (9684) NIMBLE_HIDH: notify handle 30 len 16[0m
frame 320: 41711 us total, 11693 us display, type 3
[0;32mI (9714) NIMBLE_HIDH: notify handle 30 len 16[0m
[0;32mI (9744) NIMBLE_HIDH: notify handle 30 len 16[0m
frame 321: 43933 us total, 12728 us display, type 3
[0;32mI (9774) NIMBLE_HIDH: notify handle 30 len 16[0m
frame 322: 44080 us total, 12044 us display, type 3
[0;32mI (9804) NIMBLE_HIDH: notify handle 30 len 16[0m
[0;32mI (9834) NIMBLE_HIDH: notify handle 30 len 16[0m
frame 323: 46846 us total, 12288 us display, type 3
[0;32mI (9864) NIMBLE_HIDH: notify handle 30 len 16[0m
frame 324: 47927 us total, 11692 us display, type 3
[0;32mI (9894) NIMBLE_HIDH: notify handle 30 len 16[0m
[0;32mI (9924) NIMBLE_HIDH: notify handle 30 len 16[0m
axes L   -461 -13014 R    181   -448 level 0
[0;32mI (9939) NIMBLE_HIDH: notify handle 30 len 16[0m
frame 325: 47943 us total, 12183 us display, type 3
[0;32mI (9969) NIMBLE_HIDH: notify handle 30 len 16[0m
frame 326: 46322 us total, 11737 us display, type 3
[0;32mI (9999) NIMBLE_HIDH: notify handle 30 len 16[0m
[0;32mI (10029) NIMBLE_HIDH: notify handle 30 len 16[0m
frame 327: 46564 us total, 12304 us display, type 3
[0;32mI (10059) NIMBLE_HIDH: notify handle 30 len 16[0m
frame 328: 47550 us total, 11692 us display, type 3
[0;32mI (10089) NIMBLE_HIDH: notify handle 30 len 16[0m
[0;32mI (10119) NIMBLE_HIDH: notify handle 30 len 16[0m
frame 329: 47967 us total, 12373 us display, type 3
[0;32mI (10134) NIMBLE_HIDH: notify handle 30 len 16[0m
[0;32mI (10164) NIMBLE_HIDH: notify handle 30 len 16[0m
input: down 0x00010
frame 330: 51706 us total, 11840 us display, type 3
axes L   -517 -13111 R    181   -448 level 0
[0;32mI (10194) NIMBLE_HIDH: notify handle 30 len 16[0m
[0;32mI (10224) NIMBLE_HIDH: notify handle 30 len 16[0m
frame 331: 46881 us total, 12477 us display, type 3
[0;32mI (10254) NIMBLE_HIDH: notify handle 30 len 16[0m
[0;32mI (10269) NIMBLE_HIDH: notify handle 30 len 16[0m
frame 332: 57335 us total, 12193 us display, type 5
frame 333: 13059 us total, 12142 us display, type 5
[0;32mI (10299) NIMBLE_HIDH: notify handle 30 len 16[0m
frame 334: 13867 us total, 13011 us display, type 5
frame 335: 13154 us total, 12301 us display, type 5
[0;32mI (10329) NIMBLE_HIDH: notify handle 30 len 16[0m
frame 336: 13583 us total, 12760 us display, type 5
frame 337: 13149 us total, 12302 us display, type 5
[0;32mI (10359) NIMBLE_HIDH: notify handle 30 len 16[0m
frame 338: 13637 us total, 12807 us display, type 5
frame 339: 13194 us total, 12309 us display, type 5
[0;32mI (10389) NIMBLE_HIDH: notify handle 30 len 16[0m
frame 340: 13618 us total, 12807 us display, type 5
frame 341: 13196 us total, 12312 us display, type 5
frame 342: 12980 us total, 12132 us display, type 5
[0;32mI (10419) NIMBLE_HIDH: notify handle 30 len 16[0m
frame 343: 13647 us total, 12819 us display, type 5
frame 344: 13166 us total, 12300 us display, type 5
axes L   -517 -13207 R    181   -448 level 1
[0;32mI (10449) NIMBLE_HIDH: notify handle 30 len 16[0m
frame 345: 13885 us total, 12801 us display, type 5
frame 346: 13161 us total, 12300 us display, type 5
[0;32mI (10479) NIMBLE_HIDH: notify handle 30 len 16[0m
frame 347: 13660 us total, 12797 us display, type 5
frame 348: 13152 us total, 12298 us display, type 5
[0;32mI (10509) NIMBLE_HIDH: notify handle 30 len 16[0m
frame 349: 13670 us total, 12802 us display, type 5
frame 350: 13156 us total, 12310 us display, type 5
frame 351: 12965 us total, 12134 us display, type 5
[0;32mI (10539) NIMBLE_HIDH: notify handle 30 len 16[0m
frame 352: 13691 us total, 12157 us display, type 5
frame 353: 13130 us total, 12298 us display, type 5
[0;32mI (10569) NIMBLE_HIDH: notify handle 30 len 16[0m
frame 354: 13636 us total, 12804 us display, type 5
frame 355: 13166 us total, 12301 us display, type 5
[0;32mI (10599) NIMBLE_HIDH: notify handle 30 len 16[0m
frame 356: 13688 us total, 12818 us display, type 5
frame 357: 13161 us total, 12303 us display, type 5
[0;32mI (10629) NIMBLE_HIDH: notify handle 30 len 16[0m
frame 358: 13706 us total, 12805 us display, type 5
frame 359: 13167 us total, 12301 us display, type 5
frame 360: 13005 us total, 12134 us display, type 5
[0;32mI (10659) NIMBLE_HIDH: notify handle 30 len 16[0m
frame 361: 13699 us total, 12150 us display, type 5
frame 362: 13168 us total, 12292 us display, type 5
[0;32mI (10689) NIMBLE_HIDH: notify handle 30 len 16[0m
axes L   -517 -13231 R    181   -448 level 1
[0;32mI (10704) NIMBLE_HIDH: notify handle 30 len 16[0m
frame 363: 26501 us total, 13301 us display, type 5
frame 364: 13175 us total, 12289 us display, type 5
[0;32mI (10734) NIMBLE_HIDH: notify handle 30 len 16[0m
frame 365: 13628 us total, 12796 us display, type 5
frame 366: 13184 us total, 12287 us display, type 5
[0;32mI (10764) NIMBLE_HIDH: notify handle 30 len 16[0m
frame 367: 13644 us total, 12822 us display, type 5
frame 368: 13163 us total, 12263 us display, type 5
frame 369: 12988 us total, 12140 us display, type 5
[0;32mI (10794) NIMBLE_HIDH: notify handle 30 len 16[0m
frame 370: 13665 us total, 12821 us display, type 5
frame 371: 14293 us total, 12377 us display, type 5
[0;32mI (10824) NIMBLE_HIDH: notify handle 30 len 16[0m
frame 372: 13938 us total, 12978 us display, type 5
frame 373: 13175 us total, 12305 us display, type 5
[0;32mI (10854) NIMBLE_HIDH: notify handle 30 len 16[0m
frame 374: 13776 us total, 12896 us display, type 5
frame 375: 13200 us total, 12333 us display, type 5
[0;32mI (10884) NIMBLE_HIDH: notify handle 30 len 16[0m
frame 376: 13702 us total, 12810 us display, type 5
frame 377: 13180 us total, 12313 us display, type 5
frame 378: 13012 us total, 12137 us display, type 5
[0;32mI (10914) NIMBLE_HIDH: notify handle 30 len 16[0m
frame 379: 13694 us total, 12150 us display, type 5
frame 380: 13179 us total, 12309 us display, type 5
[0;32mI (10944) NIMBLE_HIDH: notify handle 30 len 16[0m
frame 381: 13601 us total, 12764 us display, type 5
frame 382: 13186 us total, 12317 us display, type 5
axes L   -517 -13330 R    181   -448 level 1
[0;32mI (10974) NIMBLE_HIDH: notify handle 30 len 16[0m
frame 383: 13855 us total, 12782 us display, type 5
frame 384: 13181 us total, 12312 us display, type 5
[0;32mI (11004) NIMBLE_HIDH: notify handle 30 len 16[0m
frame 385: 13631 us total, 12777 us display, type 5
[0;32mI (11019) NIMBLE_HIDH: notify handle 30 len 16[0m
frame 386: 13626 us total, 12796 us display, type 5
frame 387: 13166 us total, 12281 us display, type 5
frame 388: 12980 us total, 12134 us display, type 5
[0;32mI (11049) NIMBLE_HIDH: notify handle 30 len 16[0m
frame 389: 13608 us total, 12786 us display, type 5
frame 390: 13167 us total, 12313 us display, type 5
[0;32mI (11079) NIMBLE_HIDH: notify handle 30 len 16[0m
frame 391: 13646 us total, 12787 us display, type 5
frame 392: 13181 us total, 12318 us display, type 5
[0;32mI (11109) NIMBLE_HIDH: notify handle 30 len 16[0m
frame 393: 13659 us total, 12792 us display, type 5
frame 394: 13131 us total, 12310 us display, type 5
[0;32mI (11139) NIMBLE_HIDH: notify handle 30 len 16[0m
frame 395: 13648 us total, 12794 us display, type 5
frame 396: 13180 us total, 12316 us display, type 5
frame 397: 12970 us total, 12136 us display, type 5
[0;32mI (11169) NIMBLE_HIDH: notify handle 30 len 16[0m
frame 398: 13586 us total, 12794 us display, type 5
frame 399: 13159 us total, 12311 us display, type 5
[0;32mI (11199) NIMBLE_HIDH: notify handle 30 len 16[0m
frame 400: 13635 us total, 12782 us display, type 5
frame 401: 13148 us total, 12312 us display, type 5
axes L   -517 -13430 R    181   -448 level 1
[0;32mI (11229) NIMBLE_HIDH: notify handle 30 len 16[0m
frame 402: 13843 us total, 12776 us display, type 5
[0;32mI (11244) NIMBLE_HIDH: notify handle 30 len 16[0m
frame 403: 13644 us total, 12798 us display, type 5
frame 404: 12694 us total, 11643 us display, type 3
[0;32mI (11274) NIMBLE_HIDH: notify handle 30 len 16[0m
[0;32mI (11289) NIMBLE_HIDH: notify handle 30 len 16[0m
frame 405: 48821 us total, 11692 us display, type 3
[0;32mI (11319) NIMBLE_HIDH: notify handle 30 len 16[0m
[0;32mI (11349) NIMBLE_HIDH: notify handle 30 len 16[0m
frame 406: 44863 us total, 12255 us display, type 3
[0;32mI (11379) NIMBLE_HIDH: notify handle 30 len 16[0m
frame 407: 44664 us total, 11692 us display, type 3
[0;32mI (11409) NIMBLE_HIDH: notify handle 30 len 16[0m
[0;32mI (11439) NIMBLE_HIDH: notify handle 30 len 16[0m
frame 408: 45338 us total, 12600 us display, type 3
[0;32mI (11469) NIMBLE_HIDH: notify handle 30 len 16[0m
axes L   -517 -13527 R    181   -448 level 1
frame 409: 44713 us total, 11692 us display, type 3
[0;32mI (11499) NIMBLE_HIDH: notify handle 30 len 16[0m
[0;32mI (11514) NIMBLE_HIDH: notify handle 30 len 16[0m
frame 410: 44873 us total, 11686 us display, type 3
[0;32mI (11544) NIMBLE_HIDH: notify handle 30 len 16[0m
[0;32mI (11559) NIMBLE_HIDH: notify handle 30 len 16[0m
frame 411: 45676 us total, 11689 us display, type 3
[0;32mI (11589) NIMBLE_HIDH: notify handle 30 len 16[0m
[0;32mI (11619) NIMBLE_HIDH: notify handle 30 len 16[0m
frame 412: 44847 us total, 12284 us display, type 3
[0;32mI (11649) NIMBLE_HIDH: notify handle 30 len 16[0m
frame 413: 44009 us total, 11973 us display, type 3
[0;32mI (11679) NIMBLE_HIDH: notify handle 30 len 16[0m
[0;32mI (11709) NIMBLE_HIDH: notify handle 30 len 16[0m
frame 414: 43112 us total, 12582 us display, type 3
[0;32mI (11739) NIMBLE_HIDH: notify handle 30 len 16[0m
axes L   -517 -13623 R    181   -448 level 1
frame 415: 41758 us total, 11692 us display, type 3
[0;32mI (11769) NIMBLE_HIDH: notify handle 30 len 16[0m
frame 416: 41347 us total, 11692 us display, type 3
[0;32mI (11799) NIMBLE_HIDH: notify handle 30 len 16[0m
[0;32mI (11829) NIMBLE_HIDH: notify handle 30 len 16[0m
frame 417: 42475 us total, 12359 us display, type 3
[0;32mI (11844) NIMBLE_HIDH: notify handle 30 len 16[0m
[0;32mI (11874) NIMBLE_HIDH: notify handle 30 len 16[0m
frame 418: 42686 us total, 12285 us display, type 3
[0;32mI (11904) NIMBLE_HIDH: notify handle 30 len 16[0m
frame 419: 41930 us total, 11686 us display, type 3
[0;32mI (11934) NIMBLE_HIDH: notify handle 30 len 16[0m
[0;32mI (11964) NIMBLE_HIDH: notify handle 30 len 16[0m
frame 420: 42191 us total, 12174 us display, type 3
axes L   -517 -13720 R    181   -448 level 1
[0;32mI (11994) NIMBLE_HIDH: notify handle 30 len 16[0m
frame 421: 41383 us total, 12788 us display, type 3
[0;32mI (12024) NIMBLE_HIDH: notify handle 30 len 16[0m
frame 422: 41842 us total, 11815 us display, type 3
[0;32mI (12054) NIMBLE_HIDH: notify handle 30 len 16[0m
[0;32mI (12084) NIMBLE_HIDH: notify handle 30 len 16[0m
frame 423: 44975 us total, 12555 us display, type 3
[0;32mI (12099) NIMBLE_HIDH: notify handle 30 len 16[0m
[0;32mI (12129) NIMBLE_HIDH: notify handle 30 len 16[0m
frame 424: 44981 us total, 12583 us display, type 3
[0;32mI (12159) NIMBLE_HIDH: notify handle 30 len 16[0m
frame 425: 45349 us total, 11692 us display, type 3
[0;32mI (12189) NIMBLE_HIDH: notify handle 30 len 16[0m
[0;32mI (12219) NIMBLE_HIDH: notify handle 30 len 16[0m
frame 426: 47626 us total, 12782 us display, type 3
[0;32mI (12249) NIMBLE_HIDH: notify handle 30 len 16[0m
axes L   -517 -13822 R    181   -448 level 1
frame 427: 46603 us total, 11685 us display, type 3
[0;32mI (12279) NIMBLE_HIDH: notify handle 30 len 16[0m
[0;32mI (12309) NIMBLE_HIDH: notify handle 30 len 16[0m
frame 428: 47406 us total, 11828 us display, type 3
[0;32mI (12339) NIMBLE_HIDH: notify handle 30 len 16[0m
[0;32mI (12369) NIMBLE_HIDH: notify handle 30 len 16[0m
frame 429: 47419 us total, 12429 us display, type 3
[0;32mI (12399) NIMBLE_HIDH: notify handle 30 len 16[0m
frame 430: 48398 us total, 11686 us display, type 3
[0;32mI (12429) NIMBLE_HIDH: notify handle 30 len 16[0m
[0;32mI (12459) NIMBLE_HIDH: notify handle 30 len 16[0m
frame 431: 51066 us total, 11691 us display, type 3
[0;32mI (12489) NIMBLE_HIDH: notify handle 30 len 16[0m
[0;32mI (12519) NIMBLE_HIDH: notify handle 30 len 16[0m
frame 432: 51475 us total, 12417 us display, type 3
axes L   -517 -13921 R    181   -448 level 1
[0;32mI (12549) NIMBLE_HIDH: notify handle 30 len 16[0m
frame 433: 50632 us total, 11882 us display, type 3
[0;32mI (12579) NIMBLE_HIDH: notify handle 30 len 16[0m
[0;32mI (12609) NIMBLE_HIDH: notify handle 30 len 16[0m
frame 434: 51637 us total, 11855 us display, type 3
[0;32mI (12639) NIMBLE_HIDH: notify handle 30 len 16[0m
[0;32mI (12669) NIMBLE_HIDH: notify handle 30 len 16[0m
frame 435: 49844 us total, 12283 us display, type 3
[0;32mI (12699) NIMBLE_HIDH: notify handle 30 len 16[0m
frame 436: 49902 us total, 12014 us display, type 3
[0;32mI (12729) NIMBLE_HIDH: notify handle 30 len 16[0m
[0;32mI (12744) NIMBLE_HIDH: notify handle 30 len 16[0m
[0;32mI (12774) NIMBLE_HIDH: notify handle 30 len 16[0m
frame 437: 51733 us total, 12460 us display, type 3
axes L   -517 -14020 R    181   -448 level 1
[0;32mI (12804) NIMBLE_HIDH: notify handle 30 len 16[0m
frame 438: 49289 us total, 11699 us display, type 3
[0;32mI (12834) NIMBLE_HIDH: notify handle 30 len 16[0m
[0;32mI (12864) NIMBLE_HIDH: notify handle 30 len 16[0m
frame 439: 48048 us total, 12285 us display, type 3
[0;32mI (12894) NIMBLE_HIDH: notify handle 30 len 16[0m
frame 440: 46858 us total, 11692 us display, type 3
[0;32mI (12924) NIMBLE_HIDH: notify handle 30 len 16[0m
[0;32mI (12954) NIMBLE_HIDH: notify handle 30 len 16[0m
frame 441: 48478 us total, 11811 us display, type 3
[0;32mI (12984) NIMBLE_HIDH: notify handle 30 len 16[0m
[0;32mI (13014) NIMBLE_HIDH: notify handle 30 len 16[0m
frame 442: 47662 us total, 12602 us display, type 3
[0;32mI (13044) NIMBLE_HIDH: notify handle 30 len 16[0m
axes L   -517 -14020 R    181   -448 level 1
frame 443: 46892 us total, 11709 us display, type 3
[0;32mI (13074) NIMBLE_HIDH: notify handle 30 len 16[0m
[0;32mI (13104) NIMBLE_HIDH: notify handle 30 len 16[0m
frame 444: 47757 us total, 12466 us display, type 3
[0;32mI (13134) NIMBLE_HIDH: notify handle 30 len 16[0m
frame 445: 47022 us total, 11692 us display, type 3
[0;32mI (13164) NIMBLE_HIDH: notify handle 30 len 16[0m
[0;32mI (13194) NIMBLE_HIDH: notify handle 30 len 16[0m
frame 446: 47663 us total, 11685 us display, type 3
[0;32mI (13224) NIMBLE_HIDH: notify handle 30 len 16[0m
frame 447: 46590 us total, 11692 us display, type 3
[0;32mI (13254) NIMBLE_HIDH: notify handle 30 len 16[0m
[0;32mI (13284) NIMBLE_HIDH: notify handle 30 len 16[0m
frame 448: 45443 us total, 11831 us display, type 3
[0;32mI (13314) NIMBLE_HIDH: notify handle 30 len 16[0m
axes L   -517 -14117 R    181   -448 level 1
frame 449: 44279 us total, 11692 us display, type 3
[0;32mI (13344) NIMBLE_HIDH: notify handle 30 len 16[0m
[0;32mI (13374) NIMBLE_HIDH: notify handle 30 len 16[0m
frame 450: 45729 us total, 11866 us display, type 3
[0;32mI (13404) NIMBLE_HIDH: notify handle 30 len 16[0m
[0;32mI (13419) NIMBLE_HIDH: notify handle 30 len 16[0m
frame 451: 44996 us total, 11724 us display, type 3
[0;32mI (13449) NIMBLE_HIDH: notify handle 30 len 16[0m
frame 452: 44069 us total, 11692 us display, type 3
[0;32mI (13479) NIMBLE_HIDH: notify handle 30 len 16[0m
[0;32mI (13509) NIMBLE_HIDH: notify handle 30 len 16[0m
frame 453: 45189 us total, 11692 us display, type 3
[0;32mI (13539) NIMBLE_HIDH: notify handle 30 len 16[0m
frame 454: 43770 us total, 11685 us display, type 3
[0;32mI (13569) NIMBLE_HIDH: notify handle 30 len 16[0m
axes L   -517 -14217 R    181   -448 level 1
[0;32mI (13599) NIMBLE_HIDH: notify handle 30 len 16[0m
frame 455: 45130 us total, 11772 us display, type 3
[0;32mI (13629) NIMBLE_HIDH: notify handle 30 len 16[0m
frame 456: 44329 us total, 11692 us display, type 3
[0;32mI (13659) NIMBLE_HIDH: notify handle 30 len 16[0m
[0;32mI (13689) NIMBLE_HIDH: notify handle 30 len 16[0m
frame 457: 45060 us total, 12791 us display, type 3
[0;32mI (13719) NIMBLE_HIDH: notify handle 30 len 16[0m
[0;32mI (13734) NIMBLE_HIDH: notify handle 30 len 16[0m
frame 458: 44863 us total, 12778 us display, type 3
[0;32mI (13764) NIMBLE_HIDH: notify handle 30 len 16[0m
frame 459: 44002 us total, 12016 us display, type 3
[0;32mI (13794) NIMBLE_HIDH: notify handle 30 len 16[0m
[0;32mI (13824) NIMBLE_HIDH: notify handle 30 len 16[0m
frame 460: 44657 us total, 12381 us display, type 3
[0;32mI (13854) NIMBLE_HIDH: notify handle 30 len 16[0m
frame 461: 43744 us total, 11692 us display, type 3
axes L   -517 -14314 R    181   -448 level 1
[0;32mI (13884) NIMBLE_HIDH: notify handle 30 len 16[0m
[0;32mI (13914) NIMBLE_HIDH: notify handle 30 len 16[0m
frame 462: 44720 us total, 12289 us display, type 3
[0;32mI (13944) NIMBLE_HIDH: notify handle 30 len 16[0m
frame 463: 44149 us total, 11686 us display, type 3
[0;32mI (13974) NIMBLE_HIDH: notify handle 30 len 16[0m
[0;32mI (14004) NIMBLE_HIDH: notify handle 30 len 16[0m
frame 464: 42750 us total, 12286 us display, type 3
[0;32mI (14034) NIMBLE_HIDH: notify handle 30 len 16[0m
[0;32mI (14049) NIMBLE_HIDH: notify handle 30 len 16[0m
frame 465: 42215 us total, 12141 us display, type 3
[0;32mI (14079) NIMBLE_HIDH: notify handle 30 len 16[0m
frame 466: 41606 us total, 11693 us display, type 3
[0;32mI (14109) NIMBLE_HIDH: notify handle 30 len 16[0m
frame 467: 40502 us total, 11685 us display, type 3
axes L  -1651 -14400 R    181   -448 level 1
[0;32mI (14139) NIMBLE_HIDH: notify handle 30 len 16[0m
[0;32mI (14169) NIMBLE_HIDH: notify handle 30 len 16[0m
frame 468: 42511 us total, 12226 us display, type 3
[0;32mI (14199) NIMBLE_HIDH: notify handle 30 len 16[0m
frame 469: 41682 us total, 11692 us display, type 3
[0;32mI (14229) NIMBLE_HIDH: notify handle 30 len 16[0m
[0;32mI (14259) NIMBLE_HIDH: notify handle 30 len 16[0m
frame 470: 42726 us total, 12419 us display, type 3
[0;32mI (14289) NIMBLE_HIDH: notify handle 30 len 16[0m
frame 471: 41578 us total, 11692 us display, type 3
[0;32mI (14319) NIMBLE_HIDH: notify handle 30 len 16[0m
frame 472: 41228 us total, 11692 us display, type 3
[0;32mI (14349) NIMBLE_HIDH: notify handle 30 len 16[0m
[0;32mI (14379) NIMBLE_HIDH: notify handle 30 len 16[0m
frame 473: 41863 us total, 12475 us display, type 3
axes L  -2299  18913 R    181   -448 level 1
[0;32mI (14409) NIMBLE_HIDH: notify handle 30 len 16[0m
frame 474: 42226 us total, 11849 us display, type 3
[0;32mI (14439) NIMBLE_HIDH: notify handle 30 len 16[0m
[0;32mI (14469) NIMBLE_HIDH: notify handle 30 len 16[0m
frame 475: 41633 us total, 12110 us display, type 3
[0;32mI (14499) NIMBLE_HIDH: notify handle 30 len 16[0m
frame 476: 43768 us total, 11820 us display, type 3
[0;32mI (14529) NIMBLE_HIDH: notify handle 30 len 16[0m
frame 477: 43130 us total, 11692 us display, type 3
[0;32mI (14559) NIMBLE_HIDH: notify handle 30 len 16[0m
[0;32mI (14574) NIMBLE_HIDH: notify handle 30 len 16[0m
frame 478: 44565 us total, 11692 us display, type 3
[0;32mI (14604) NIMBLE_HIDH: notify handle 30 len 16[0m
[0;32mI (14634) NIMBLE_HIDH: notify handle 30 len 16[0m
frame 479: 44734 us total, 12786 us display, type 3
axes L   -319  19018 R    181   -448 level 1
[0;32mI (14664) NIMBLE_HIDH: notify handle 30 len 16[0m
frame 480: 44307 us total, 11685 us display, type 3
[0;32mI (14694) NIMBLE_HIDH: notify handle 30 len 16[0m
[0;32mI (14724) NIMBLE_HIDH: notify handle 30 len 16[0m
frame 481: 44557 us total, 12295 us display, type 3
[0;32mI (14754) NIMBLE_HIDH: notify handle 30 len 16[0m
frame 482: 44180 us total, 11699 us display, type 3
[0;32mI (14784) NIMBLE_HIDH: notify handle 30 len 16[0m
[0;32mI (14814) NIMBLE_HIDH: notify handle 30 len 16[0m
frame 483: 45685 us total, 12760 us display, type 3
[0;32mI (14844) NIMBLE_HIDH: notify handle 30 len 16[0m
frame 484: 44561 us total, 11685 us display, type 3
[0;32mI (14889) NIMBLE_HIDH: notify handle 30 len 16[0m
axes L   -258  18893 R    181   -448 level 1
[0;32mI (14904) NIMBLE_HIDH: notify handle 30 len 16[0m
frame 485: 45361 us total, 12369 us display, type 3
[0;32mI (14934) NIMBLE_HIDH: notify handle 30 len 16[0m
frame 486: 44256 us total, 11693 us display, type 3
[0;32mI (14964) NIMBLE_HIDH: notify handle 30 len 16[0m
[0;32mI (14994) NIMBLE_HIDH: notify handle 30 len 16[0m
frame 487: 45770 us total, 12390 us display, type 3
[0;32mI (15024) NIMBLE_HIDH: notify handle 30 len 16[0m
frame 488: 46758 us total, 11685 us display, type 3
[0;32mI (15054) NIMBLE_HIDH: notify handle 30 len 16[0m
[0;32mI (15084) NIMBLE_HIDH: notify handle 30 len 16[0m
frame 489: 48069 us total, 11847 us display, type 3
[0;32mI (15114) NIMBLE_HIDH: notify handle 30 len 16[0m
[0;32mI (15144) NIMBLE_HIDH: notify handle 30 len 16[0m
frame 490: 47720 us total, 12621 us display, type 3
axes L   -258  18783 R    181   -448 level 1
[0;32mI (15174) NIMBLE_HIDH: notify handle 30 len 16[0m
frame 491: 46958 us total, 11699 us display, type 3
[0;32mI (15204) NIMBLE_HIDH: notify handle 30 len 16[0m
[0;32mI (15234) NIMBLE_HIDH: notify handle 30 len 16[0m
frame 492: 48164 us total, 12284 us display, type 3
[0;32mI (15264) NIMBLE_HIDH: notify handle 30 len 16[0m
frame 493: 48776 us total, 11698 us display, type 3
[0;32mI (15294) NIMBLE_HIDH: notify handle 30 len 16[0m
[0;32mI (15324) NIMBLE_HIDH: notify handle 30 len 16[0m
frame 494: 49289 us total, 11729 us display, type 3
[0;32mI (15354) NIMBLE_HIDH: notify handle 30 len 16[0m
[0;32mI (15384) NIMBLE_HIDH: notify handle 30 len 16[0m
frame 495: 49948 us total, 12287 us display, type 3
[0;32mI (15414) NIMBLE_HIDH: notify handle 30 len 16[0m
axes L   -258  18687 R    181   -448 level 1
frame 496: 48422 us total, 11699 us display, type 3
[0;32mI (15444) NIMBLE_HIDH: notify handle 30 len 16[0m
[0;32mI (15459) NIMBLE_HIDH: notify handle 30 len 16[0m
frame 497: 47428 us total, 11692 us display, type 3
[0;32mI (15489) NIMBLE_HIDH: notify handle 30 len 16[0m
[0;32mI (15519) NIMBLE_HIDH: notify handle 30 len 16[0m
frame 498: 46811 us total, 11692 us display, type 3
[0;32mI (15549) NIMBLE_HIDH: notify handle 30 len 16[0m
frame 499: 43515 us total, 11692 us display, type 3
[0;32mI (15579) NIMBLE_HIDH: notify handle 30 len 16[0m
[0;32mI (15594) NIMBLE_HIDH: notify handle 30 len 16[0m
frame 500: 45352 us total, 11699 us display, type 3
[0;32mI (15624) NIMBLE_HIDH: notify handle 30 len 16[0m
[0;32mI (15654) NIMBLE_HIDH: notify handle 30 len 16[0m
frame 501: 45607 us total, 11685 us display, type 3
[0;32mI (15669) NIMBLE_HIDH: notify handle 30 len 16[0m
[0;32mI (15699) NIMBLE_HIDH: notify handle 30 len 16[0m
axes L   -160  18155 R    181   -448 level 1
frame 502: 46063 us total, 11935 us display, type 3
[0;32mI (15729) NIMBLE_HIDH: notify handle 30 len 16[0m
[0;32mI (15744) NIMBLE_HIDH: notify handle 30 len 16[0m
frame 503: 44955 us total, 11954 us display, type 3
[0;32mI (15774) NIMBLE_HIDH: notify handle 30 len 16[0m
frame 504: 43878 us total, 11685 us display, type 3
[0;32mI (15804) NIMBLE_HIDH: notify handle 30 len 16[0m
[0;32mI (15834) NIMBLE_HIDH: notify handle 30 len 16[0m
frame 505: 44669 us total, 11709 us display, type 3
[0;32mI (15864) NIMBLE_HIDH: notify handle 30 len 16[0m
frame 506: 44491 us total, 11692 us display, type 3
[0;32mI (15894) NIMBLE_HIDH: notify handle 30 len 16[0m
[0;32mI (15924) NIMBLE_HIDH: notify handle 30 len 16[0m
frame 507: 45413 us total, 11721 us display, type 3
[0;32mI (15954) NIMBLE_HIDH: notify handle 30 len 16[0m
[0;32mI (15969) NIMBLE_HIDH: notify handle 30 len 16[0m
axes L   -160  17983 R    181   -448 level 1
frame 508: 46178 us total, 11692 us display, type 3
[0;32mI (15999) NIMBLE_HIDH: notify handle 30 len 16[0m
frame 509: 44849 us total, 11692 us display, type 3
[0;32mI (16029) NIMBLE_HIDH: notify handle 30 len 16[0m
[0;32mI (16059) NIMBLE_HIDH: notify handle 30 len 16[0m
frame 510: 45199 us total, 11698 us display, type 3
[0;32mI (16089) NIMBLE_HIDH: notify handle 30 len 16[0m
frame 511: 44240 us total, 11685 us display, type 3
[0;32mI (16119) NIMBLE_HIDH: notify handle 30 len 16[0m
[0;32mI (16149) NIMBLE_HIDH: notify handle 30 len 16[0m
frame 512: 45007 us total, 11685 us display, type 3
mem @frame 512: heap free 66484, largest 40960, min ever 65664, zone free 55016, stack free 14540, uptime 15 s, gamestate 0, demo 0, usergame 1, tic 461
[0;32mI (16179) NIMBLE_HIDH: notify handle 30 len 16[0m
frame 513: 45775 us total, 11691 us display, type 3
[0;32mI (16209) NIMBLE_HIDH: notify handle 30 len 16[0m
[0;32mI (16224) NIMBLE_HIDH: notify handle 30 len 16[0m
axes L   -160  17885 R    181   -448 level 1
[0;32mI (16254) NIMBLE_HIDH: notify handle 30 len 16[0m
frame 514: 46259 us total, 12162 us display, type 3
[0;32mI (16284) NIMBLE_HIDH: notify handle 30 len 16[0m
[0;32mI (16299) NIMBLE_HIDH: notify handle 30 len 16[0m
frame 515: 44987 us total, 12537 us display, type 3
[0;32mI (16329) NIMBLE_HIDH: notify handle 30 len 16[0m
frame 516: 44237 us total, 11693 us display, type 3
[0;32mI (16359) NIMBLE_HIDH: notify handle 30 len 16[0m
frame 517: 44074 us total, 11691 us display, type 3
[0;32mI (16389) NIMBLE_HIDH: notify handle 30 len 16[0m
[0;32mI (16419) NIMBLE_HIDH: notify handle 30 len 16[0m
frame 518: 45802 us total, 11899 us display, type 3
[0;32mI (16449) NIMBLE_HIDH: notify handle 30 len 16[0m
frame 519: 43946 us total, 11686 us display, type 3
[0;32mI (16479) NIMBLE_HIDH: notify handle 30 len 16[0m
[0;32mI (16509) NIMBLE_HIDH: notify handle 30 len 16[0m
axes L   -160  17788 R    181   -448 level 1
frame 520: 46183 us total, 11693 us display, type 3
[0;32mI (16539) NIMBLE_HIDH: notify handle 30 len 16[0m
frame 521: 44358 us total, 11692 us display, type 3
[0;32mI (16569) NIMBLE_HIDH: notify handle 30 len 16[0m
[0;32mI (16599) NIMBLE_HIDH: notify handle 30 len 16[0m
frame 522: 45508 us total, 11957 us display, type 3
[0;32mI (16629) NIMBLE_HIDH: notify handle 30 len 16[0m
input: down 0x00001
frame 523: 44273 us total, 11692 us display, type 3
[0;32mI (16659) NIMBLE_HIDH: notify handle 30 len 16[0m
[0;32mI (16689) NIMBLE_HIDH: notify handle 30 len 16[0m
frame 524: 45100 us total, 11692 us display, type 3
[0;32mI (16719) NIMBLE_HIDH: notify handle 30 len 16[0m
frame 525: 44864 us total, 11692 us display, type 3
[0;32mI (16749) NIMBLE_HIDH: notify handle 30 len 16[0m
[0;32mI (16764) NIMBLE_HIDH: notify handle 30 len 16[0m
frame 526: 45359 us total, 11692 us display, type 3
[0;32mI (16794) NIMBLE_HIDH: notify handle 30 len 16[0m
axes L   -160  17765 R    181   -448 level 1
[0;32mI (16809) NIMBLE_HIDH: notify handle 30 len 16[0m
[0;32mI (16839) NIMBLE_HIDH: notify handle 30 len 16[0m
frame 527: 46629 us total, 12163 us display, type 3
[0;32mI (16869) NIMBLE_HIDH: notify handle 30 len 16[0m
frame 528: 44344 us total, 11692 us display, type 3
[0;32mI (16899) NIMBLE_HIDH: notify handle 30 len 16[0m
frame 529: 44176 us total, 11686 us display, type 3
[0;32mI (16929) NIMBLE_HIDH: notify handle 30 len 16[0m
[0;32mI (16959) NIMBLE_HIDH: notify handle 30 len 16[0m
frame 530: 45483 us total, 11693 us display, type 3
[0;32mI (16989) NIMBLE_HIDH: notify handle 30 len 16[0m
frame 531: 43958 us total, 11699 us display, type 3
[0;32mI (17019) NIMBLE_HIDH: notify handle 30 len 16[0m
[0;32mI (17049) NIMBLE_HIDH: notify handle 30 len 16[0m
axes L   -160  17667 R    181   -448 level 1
frame 532: 45828 us total, 11687 us display, type 3
[0;32mI (17079) NIMBLE_HIDH: notify handle 30 len 16[0m
[0;32mI (17094) NIMBLE_HIDH: notify handle 30 len 16[0m
frame 533: 45238 us total, 11700 us display, type 3
[0;32mI (17124) NIMBLE_HIDH: notify handle 30 len 16[0m
frame 534: 44340 us total, 11692 us display, type 3
[0;32mI (17154) NIMBLE_HIDH: notify handle 30 len 16[0m
[0;32mI (17184) NIMBLE_HIDH: notify handle 30 len 16[0m
frame 535: 45415 us total, 11966 us display, type 3
[0;32mI (17214) NIMBLE_HIDH: notify handle 30 len 16[0m
frame 536: 44135 us total, 11692 us display, type 3
[0;32mI (17244) NIMBLE_HIDH: notify handle 30 len 16[0m
[0;32mI (17274) NIMBLE_HIDH: notify handle 30 len 16[0m
frame 537: 45864 us total, 11956 us display, type 3
[0;32mI (17304) NIMBLE_HIDH: notify handle 30 len 16[0m
axes L   -160  17566 R    181   -448 level 1
frame 538: 44186 us total, 11692 us display, type 3
[0;32mI (17334) NIMBLE_HIDH: notify handle 30 len 16[0m
[0;32mI (17364) NIMBLE_HIDH: notify handle 30 len 16[0m
frame 539: 45819 us total, 11827 us display, type 3
[0;32mI (17394) NIMBLE_HIDH: notify handle 30 len 16[0m
frame 540: 44077 us total, 11685 us display, type 3
[0;32mI (17424) NIMBLE_HIDH: notify handle 30 len 16[0m
[0;32mI (17454) NIMBLE_HIDH: notify handle 30 len 16[0m
frame 541: 45401 us total, 11692 us display, type 3
[0;32mI (17484) NIMBLE_HIDH: notify handle 30 len 16[0m
frame 542: 44451 us total, 11685 us display, type 3
[0;32mI (17514) NIMBLE_HIDH: notify handle 30 len 16[0m
[0;32mI (17544) NIMBLE_HIDH: notify handle 30 len 16[0m
frame 543: 45641 us total, 11692 us display, type 3
[0;32mI (17574) NIMBLE_HIDH: notify handle 30 len 16[0m
axes L   -160  17470 R    181   -448 level 1
frame 544: 44839 us total, 11692 us display, type 3
[0;32mI (17604) NIMBLE_HIDH: notify handle 30 len 16[0m
[0;32mI (17634) NIMBLE_HIDH: notify handle 30 len 16[0m
frame 545: 45161 us total, 11692 us display, type 3
[0;32mI (17664) NIMBLE_HIDH: notify handle 30 len 16[0m
frame 546: 44976 us total, 11699 us display, type 3
[0;32mI (17694) NIMBLE_HIDH: notify handle 30 len 16[0m
[0;32mI (17724) NIMBLE_HIDH: notify handle 30 len 16[0m
frame 547: 45452 us total, 11980 us display, type 3
[0;32mI (17754) NIMBLE_HIDH: notify handle 30 len 16[0m
frame 548: 44397 us total, 11699 us display, type 3
[0;32mI (17784) NIMBLE_HIDH: notify handle 30 len 16[0m
[0;32mI (17814) NIMBLE_HIDH: notify handle 30 len 16[0m
frame 549: 45601 us total, 11978 us display, type 3
[0;32mI (17844) NIMBLE_HIDH: notify handle 30 len 16[0m
axes L   -160  17374 R    181   -448 level 1
frame 550: 44453 us total, 11692 us display, type 3
[0;32mI (17874) NIMBLE_HIDH: notify handle 30 len 16[0m
[0;32mI (17904) NIMBLE_HIDH: notify handle 30 len 16[0m
input: down 0x00001
frame 551: 45847 us total, 11693 us display, type 3
[0;32mI (17934) NIMBLE_HIDH: notify handle 30 len 16[0m
frame 552: 44295 us total, 11692 us display, type 3
[0;32mI (17964) NIMBLE_HIDH: notify handle 30 len 16[0m
[0;32mI (17979) NIMBLE_HIDH: notify handle 30 len 16[0m
[0;32mI (18009) NIMBLE_HIDH: notify handle 30 len 16[0m
frame 553: 46289 us total, 12308 us display, type 3
[0;32mI (18039) NIMBLE_HIDH: notify handle 30 len 16[0m
frame 554: 44476 us total, 11693 us display, type 3
[0;32mI (18069) NIMBLE_HIDH: notify handle 30 len 16[0m
[0;32mI (18099) NIMBLE_HIDH: notify handle 30 len 16[0m
frame 555: 45536 us total, 12532 us display, type 3
[0;32mI (18129) NIMBLE_HIDH: notify handle 30 len 16[0m
axes L   -160  17277 R    181   -448 level 1
frame 556: 45036 us total, 11838 us display, type 3
[0;32mI (18159) NIMBLE_HIDH: notify handle 30 len 16[0m
[0;32mI (18174) NIMBLE_HIDH: notify handle 30 len 16[0m
frame 557: 45385 us total, 11816 us display, type 3
[0;32mI (18204) NIMBLE_HIDH: notify handle 30 len 16[0m
[0;32mI (18234) NIMBLE_HIDH: notify handle 30 len 16[0m
frame 558: 46030 us total, 12588 us display, type 3
[0;32mI (18264) NIMBLE_HIDH: notify handle 30 len 16[0m
frame 559: 44688 us total, 11686 us display, type 3
[0;32mI (18294) NIMBLE_HIDH: notify handle 30 len 16[0m
[0;32mI (18324) NIMBLE_HIDH: notify handle 30 len 16[0m
frame 560: 45681 us total, 12526 us display, type 3
[0;32mI (18354) NIMBLE_HIDH: notify handle 30 len 16[0m
frame 561: 44172 us total, 11689 us display, type 3
[0;32mI (18384) NIMBLE_HIDH: notify handle 30 len 16[0m
axes L   -160  17178 R    181   -448 level 1
[0;32mI (18414) NIMBLE_HIDH: notify handle 30 len 16[0m
frame 562: 45382 us total, 12577 us display, type 3
[0;32mI (18444) NIMBLE_HIDH: notify handle 30 len 16[0m
frame 563: 44236 us total, 11817 us display, type 3
[0;32mI (18474) NIMBLE_HIDH: notify handle 30 len 16[0m
[0;32mI (18489) NIMBLE_HIDH: notify handle 30 len 16[0m
frame 564: 45338 us total, 11949 us display, type 3
[0;32mI (18519) NIMBLE_HIDH: notify handle 30 len 16[0m
[0;32mI (18549) NIMBLE_HIDH: notify handle 30 len 16[0m
frame 565: 45879 us total, 12610 us display, type 3
[0;32mI (18579) NIMBLE_HIDH: notify handle 30 len 16[0m
frame 566: 44677 us total, 11700 us display, type 3
[0;32mI (18609) NIMBLE_HIDH: notify handle 30 len 16[0m
[0;32mI (18639) NIMBLE_HIDH: notify handle 30 len 16[0m
frame 567: 45307 us total, 12610 us display, type 3
[0;32mI (18669) NIMBLE_HIDH: notify handle 30 len 16[0m
axes L   -160  17082 R    181   -448 level 1
frame 568: 44475 us total, 11698 us display, type 3
[0;32mI (18699) NIMBLE_HIDH: notify handle 30 len 16[0m
[0;32mI (18729) NIMBLE_HIDH: notify handle 30 len 16[0m
frame 569: 45184 us total, 12590 us display, type 3
[0;32mI (18759) NIMBLE_HIDH: notify handle 30 len 16[0m
[0;32mI (18774) NIMBLE_HIDH: notify handle 30 len 16[0m
frame 570: 45308 us total, 12318 us display, type 3
[0;32mI (18804) NIMBLE_HIDH: notify handle 30 len 16[0m
frame 571: 44703 us total, 11692 us display, type 3
[0;32mI (18834) NIMBLE_HIDH: notify handle 30 len 16[0m
[0;32mI (18864) NIMBLE_HIDH: notify handle 30 len 16[0m
frame 572: 45515 us total, 12527 us display, type 3
[0;32mI (18894) NIMBLE_HIDH: notify handle 30 len 16[0m
frame 573: 44373 us total, 11693 us display, type 3
[0;32mI (18924) NIMBLE_HIDH: notify handle 30 len 16[0m
axes L   -160  16985 R    181   -448 level 1
[0;32mI (18954) NIMBLE_HIDH: notify handle 30 len 16[0m
frame 574: 45441 us total, 12495 us display, type 3
[0;32mI (18984) NIMBLE_HIDH: notify handle 30 len 16[0m
[0;32mI (18999) NIMBLE_HIDH: notify handle 30 len 16[0m
frame 575: 45285 us total, 12396 us display, type 3
[0;32mI (19029) NIMBLE_HIDH: notify handle 30 len 16[0m
frame 576: 44144 us total, 11693 us display, type 3
[0;32mI (19059) NIMBLE_HIDH: notify handle 30 len 16[0m
[0;32mI (19074) NIMBLE_HIDH: notify handle 30 len 16[0m
input: down 0x00001
frame 577: 45709 us total, 11693 us display, type 3
[0;32mI (19104) NIMBLE_HIDH: notify handle 30 len 16[0m
[0;32mI (19134) NIMBLE_HIDH: notify handle 30 len 16[0m
frame 578: 44854 us total, 12415 us display, type 3
[0;32mI (19164) NIMBLE_HIDH: notify handle 30 len 16[0m
frame 579: 44373 us total, 11686 us display, type 3
[0;32mI (19194) NIMBLE_HIDH: notify handle 30 len 16[0m
axes L   -160  16886 R    181   -448 level 1
[0;32mI (19224) NIMBLE_HIDH: notify handle 30 len 16[0m
frame 580: 45459 us total, 12552 us display, type 3
[0;32mI (19254) NIMBLE_HIDH: notify handle 30 len 16[0m
[0;32mI (19269) NIMBLE_HIDH: notify handle 30 len 16[0m
frame 581: 45148 us total, 12310 us display, type 3
[0;32mI (19299) NIMBLE_HIDH: notify handle 30 len 16[0m
frame 582: 44341 us total, 11691 us display, type 3
[0;32mI (19329) NIMBLE_HIDH: notify handle 30 len 16[0m
[0;32mI (19359) NIMBLE_HIDH: notify handle 30 len 16[0m
frame 583: 45296 us total, 12592 us display, type 3
[0;32mI (19389) NIMBLE_HIDH: notify handle 30 len 16[0m
frame 584: 44988 us total, 11692 us display, type 3
[0;32mI (19419) NIMBLE_HIDH: notify handle 30 len 16[0m
[0;32mI (19449) NIMBLE_HIDH: notify handle 30 len 16[0m
frame 585: 45392 us total, 12465 us display, type 3
[0;32mI (19479) NIMBLE_HIDH: notify handle 30 len 16[0m
axes L   -160  16790 R    181   -448 level 1
frame 586: 44555 us total, 11700 us display, type 3
[0;32mI (19509) NIMBLE_HIDH: notify handle 30 len 16[0m
[0;32mI (19524) NIMBLE_HIDH: notify handle 30 len 16[0m
frame 587: 45005 us total, 11693 us display, type 3
[0;32mI (19554) NIMBLE_HIDH: notify handle 30 len 16[0m
[0;32mI (19584) NIMBLE_HIDH: notify handle 30 len 16[0m
frame 588: 45139 us total, 12593 us display, type 3
[0;32mI (19614) NIMBLE_HIDH: notify handle 30 len 16[0m
frame 589: 44647 us total, 11697 us display, type 3
[0;32mI (19644) NIMBLE_HIDH: notify handle 30 len 16[0m
[0;32mI (19674) NIMBLE_HIDH: notify handle 30 len 16[0m
frame 590: 45250 us total, 12598 us display, type 3
[0;32mI (19704) NIMBLE_HIDH: notify handle 30 len 16[0m
frame 591: 43976 us total, 11809 us display, type 3
[0;32mI (19734) NIMBLE_HIDH: notify handle 30 len 16[0m
[0;32mI (19764) NIMBLE_HIDH: notify handle 30 len 16[0m
frame 592: 44610 us total, 12299 us display, type 3
axes L   -160  16694 R    181   -448 level 1
[0;32mI (19779) NIMBLE_HIDH: notify handle 30 len 16[0m
[0;32mI (19809) NIMBLE_HIDH: notify handle 30 len 16[0m
frame 593: 45023 us total, 12448 us display, type 3
[0;32mI (19839) NIMBLE_HIDH: notify handle 30 len 16[0m
frame 594: 44236 us total, 11693 us display, type 3
[0;32mI (19869) NIMBLE_HIDH: notify handle 30 len 16[0m
frame 595: 44065 us total, 11691 us display, type 3
[0;32mI (19899) NIMBLE_HIDH: notify handle 30 len 16[0m
[0;32mI (19929) NIMBLE_HIDH: notify handle 30 len 16[0m
frame 596: 45349 us total, 11696 us display, type 3
[0;32mI (19959) NIMBLE_HIDH: notify handle 30 len 16[0m
frame 597: 44393 us total, 11685 us display, type 3
[0;32mI (19989) NIMBLE_HIDH: notify handle 30 len 16[0m
[0;32mI (20019) NIMBLE_HIDH: notify handle 30 len 16[0m
axes L   -160  16507 R    181   -448 level 1
frame 598: 45300 us total, 11700 us display, type 3
[0;32mI (20049) NIMBLE_HIDH: notify handle 30 len 16[0m
frame 599: 43911 us total, 11692 us display, type 3
[0;32mI (20079) NIMBLE_HIDH: notify handle 30 len 16[0m
[0;32mI (20109) NIMBLE_HIDH: notify handle 30 len 16[0m
frame 600: 45383 us total, 11708 us display, type 3
[0;32mI (20139) NIMBLE_HIDH: notify handle 30 len 16[0m
frame 601: 44267 us total, 11685 us display, type 3
[0;32mI (20169) NIMBLE_HIDH: notify handle 30 len 16[0m
[0;32mI (20199) NIMBLE_HIDH: notify handle 30 len 16[0m
frame 602: 45547 us total, 11693 us display, type 3
[0;32mI (20229) NIMBLE_HIDH: notify handle 30 len 16[0m
frame 603: 44495 us total, 11685 us display, type 3
[0;32mI (20259) NIMBLE_HIDH: notify handle 30 len 16[0m
[0;32mI (20289) NIMBLE_HIDH: notify handle 30 len 16[0m
axes L   -160  16408 R    181   -448 level 1
frame 604: 45591 us total, 11707 us display, type 3
[0;32mI (20319) NIMBLE_HIDH: notify handle 30 len 16[0m
frame 605: 44298 us total, 11685 us display, type 3
[0;32mI (20349) NIMBLE_HIDH: notify handle 30 len 16[0m
[0;32mI (20379) NIMBLE_HIDH: notify handle 30 len 16[0m
frame 606: 45084 us total, 11685 us display, type 3
[0;32mI (20409) NIMBLE_HIDH: notify handle 30 len 16[0m
frame 607: 44676 us total, 11692 us display, type 3
[0;32mI (20439) NIMBLE_HIDH: notify handle 30 len 16[0m
[0;32mI (20469) NIMBLE_HIDH: notify handle 30 len 16[0m
frame 608: 45580 us total, 11685 us display, type 3
[0;32mI (20499) NIMBLE_HIDH: notify handle 30 len 16[0m
frame 609: 45005 us total, 11685 us display, type 3
[0;32mI (20529) NIMBLE_HIDH: notify handle 30 len 16[0m
[0;32mI (20544) NIMBLE_HIDH: notify handle 30 len 16[0m
axes L   -160  16311 R    181   -448 level 1
frame 610: 45461 us total, 11699 us display, type 3
[0;32mI (20574) NIMBLE_HIDH: notify handle 30 len 16[0m
[0;32mI (20604) NIMBLE_HIDH: notify handle 30 len 16[0m
frame 611: 45041 us total, 11692 us display, type 3
[0;32mI (20634) NIMBLE_HIDH: notify handle 30 len 16[0m
frame 612: 44839 us total, 11692 us display, type 3
[0;32mI (20664) NIMBLE_HIDH: notify handle 30 len 16[0m
[0;32mI (20694) NIMBLE_HIDH: notify handle 30 len 16[0m
frame 613: 45630 us total, 11685 us display, type 3
[0;32mI (20724) NIMBLE_HIDH: notify handle 30 len 16[0m
frame 614: 44572 us total, 11699 us display, type 3
[0;32mI (20754) NIMBLE_HIDH: notify handle 30 len 16[0m
[0;32mI (20769) NIMBLE_HIDH: notify handle 30 len 16[0m
frame 615: 45611 us total, 11692 us display, type 3
[0;32mI (20799) NIMBLE_HIDH: notify handle 30 len 16[0m
[0;32mI (20814) NIMBLE_HIDH: notify handle 30 len 16[0m
axes L   -160  16201 R    181   -448 level 1
[0;32mI (20844) NIMBLE_HIDH: notify handle 30 len 16[0m
frame 616: 46766 us total, 12156 us display, type 3
[0;32mI (20874) NIMBLE_HIDH: notify handle 30 len 16[0m
frame 617: 44368 us total, 11692 us display, type 3
[0;32mI (20904) NIMBLE_HIDH: notify handle 30 len 16[0m
frame 618: 44193 us total, 11692 us display, type 3
[0;32mI (20934) NIMBLE_HIDH: notify handle 30 len 16[0m
[0;32mI (20964) NIMBLE_HIDH: notify handle 30 len 16[0m
frame 619: 45636 us total, 11693 us display, type 3
[0;32mI (20994) NIMBLE_HIDH: notify handle 30 len 16[0m
frame 620: 44353 us total, 11695 us display, type 3
[0;32mI (21024) NIMBLE_HIDH: notify handle 30 len 16[0m
[0;32mI (21039) NIMBLE_HIDH: notify handle 30 len 16[0m
[0;32mI (21069) NIMBLE_HIDH: notify handle 30 len 16[0m
frame 621: 46350 us total, 12301 us display, type 3
[0;32mI (21099) NIMBLE_HIDH: notify handle 30 len 16[0m
axes L   -160  16101 R    181   -448 level 1
frame 622: 45419 us total, 11813 us display, type 3
[0;32mI (21129) NIMBLE_HIDH: notify handle 30 len 16[0m
[0;32mI (21159) NIMBLE_HIDH: notify handle 30 len 16[0m
frame 623: 44898 us total, 12167 us display, type 3
[0;32mI (21189) NIMBLE_HIDH: notify handle 30 len 16[0m
frame 624: 44751 us total, 11806 us display, type 3
[0;32mI (21219) NIMBLE_HIDH: notify handle 30 len 16[0m
[0;32mI (21249) NIMBLE_HIDH: notify handle 30 len 16[0m
frame 625: 44905 us total, 12326 us display, type 3
[0;32mI (21279) NIMBLE_HIDH: notify handle 30 len 16[0m
frame 626: 45051 us total, 12017 us display, type 3
[0;32mI (21309) NIMBLE_HIDH: notify handle 30 len 16[0m
[0;32mI (21324) NIMBLE_HIDH: notify handle 30 len 16[0m
frame 627: 45239 us total, 11802 us display, type 3
[0;32mI (21354) NIMBLE_HIDH: notify handle 30 len 16[0m
axes L  -4312 -32768 R    181   -448 level 1
[0;32mI (21384) NIMBLE_HIDH: notify handle 30 len 16[0m
frame 628: 46188 us total, 12599 us display, type 3
[0;32mI (21414) NIMBLE_HIDH: notify handle 30 len 16[0m
frame 629: 44079 us total, 11815 us display, type 3
[0;32mI (21444) NIMBLE_HIDH: notify handle 30 len 16[0m
[0;32mI (21474) NIMBLE_HIDH: notify handle 30 len 16[0m
frame 630: 44460 us total, 12585 us display, type 3
[0;32mI (21504) NIMBLE_HIDH: notify handle 30 len 16[0m
frame 631: 43707 us total, 11692 us display, type 3
[0;32mI (21534) NIMBLE_HIDH: notify handle 30 len 16[0m
frame 632: 44146 us total, 11685 us display, type 3
[0;32mI (21564) NIMBLE_HIDH: notify handle 30 len 16[0m
[0;32mI (21579) NIMBLE_HIDH: notify handle 30 len 16[0m
frame 633: 44514 us total, 11692 us display, type 3
[0;32mI (21609) NIMBLE_HIDH: notify handle 30 len 16[0m
[0;32mI (21624) NIMBLE_HIDH: notify handle 30 len 16[0m
frame 634: 44873 us total, 11693 us display, type 3
axes L  -1413 -32768 R    181   -448 level 1
[0;32mI (21654) NIMBLE_HIDH: notify handle 30 len 16[0m
[0;32mI (21684) NIMBLE_HIDH: notify handle 30 len 16[0m
frame 635: 46420 us total, 11696 us display, type 3
[0;32mI (21714) NIMBLE_HIDH: notify handle 30 len 16[0m
[0;32mI (21744) NIMBLE_HIDH: notify handle 30 len 16[0m
frame 636: 47282 us total, 12678 us display, type 3
[0;32mI (21774) NIMBLE_HIDH: notify handle 30 len 16[0m
frame 637: 48712 us total, 11699 us display, type 3
[0;32mI (21804) NIMBLE_HIDH: notify handle 30 len 16[0m
[0;32mI (21834) NIMBLE_HIDH: notify handle 30 len 16[0m
frame 638: 49145 us total, 12297 us display, type 3
[0;32mI (21864) NIMBLE_HIDH: notify handle 30 len 16[0m
frame 639: 49091 us total, 11685 us display, type 3
[0;32mI (21894) NIMBLE_HIDH: notify handle 30 len 16[0m
[0;32mI (21924) NIMBLE_HIDH: notify handle 30 len 16[0m
frame 640: 49198 us total, 11692 us display, type 3
[0;32mI (21954) NIMBLE_HIDH: notify handle 30 len 16[0m
[0;32mI (21984) NIMBLE_HIDH: notify handle 30 len 16[0m
frame 641: 47521 us total, 12609 us display, type 3
[0;32mI (21999) NIMBLE_HIDH: notify handle 30 len 16[0m
[0;32mI (22029) NIMBLE_HIDH: notify handle 30 len 16[0m
frame 642: 47051 us total, 12285 us display, type 3
[0;32mI (22059) NIMBLE_HIDH: notify handle 30 len 16[0m
frame 643: 46301 us total, 11685 us display, type 3
[0;32mI (22089) NIMBLE_HIDH: notify handle 30 len 16[0m
[0;32mI (22104) NIMBLE_HIDH: notify handle 30 len 16[0m
axes L   -996  13683 R    181   -448 level 1
frame 644: 46693 us total, 11699 us display, type 3
[0;32mI (22134) NIMBLE_HIDH: notify handle 30 len 16[0m
[0;32mI (22164) NIMBLE_HIDH: notify handle 30 len 16[0m
frame 645: 45544 us total, 12495 us display, type 3
[0;32mI (22194) NIMBLE_HIDH: notify handle 30 len 16[0m
frame 646: 44279 us total, 11692 us display, type 3
[0;32mI (22224) NIMBLE_HIDH: notify handle 30 len 16[0m
[0;32mI (22254) NIMBLE_HIDH: notify handle 30 len 16[0m
frame 647: 45738 us total, 12414 us display, type 3
[0;32mI (22284) NIMBLE_HIDH: notify handle 30 len 16[0m
frame 648: 44383 us total, 11692 us display, type 3
[0;32mI (22314) NIMBLE_HIDH: notify handle 30 len 16[0m
[0;32mI (22344) NIMBLE_HIDH: notify handle 30 len 16[0m
frame 649: 45609 us total, 12371 us display, type 3
[0;32mI (22374) NIMBLE_HIDH: notify handle 30 len 16[0m
axes L    446  22245 R    181   -448 level 1
frame 650: 45206 us total, 12023 us display, type 3
[0;32mI (22404) NIMBLE_HIDH: notify handle 30 len 16[0m
[0;32mI (22434) NIMBLE_HIDH: notify handle 30 len 16[0m
frame 651: 45832 us total, 12785 us display, type 3
[0;32mI (22464) NIMBLE_HIDH: notify handle 30 len 16[0m
frame 652: 44857 us total, 11685 us display, type 3
[0;32mI (22494) NIMBLE_HIDH: notify handle 30 len 16[0m
[0;32mI (22524) NIMBLE_HIDH: notify handle 30 len 16[0m
frame 653: 45990 us total, 11692 us display, type 3
[0;32mI (22539) NIMBLE_HIDH: notify handle 30 len 16[0m
[0;32mI (22569) NIMBLE_HIDH: notify handle 30 len 16[0m
frame 654: 45570 us total, 11692 us display, type 3
[0;32mI (22599) NIMBLE_HIDH: notify handle 30 len 16[0m
[0;32mI (22614) NIMBLE_HIDH: notify handle 30 len 16[0m
frame 655: 45703 us total, 11693 us display, type 3
[0;32mI (22644) NIMBLE_HIDH: notify handle 30 len 16[0m
axes L    175  21025 R    181   -448 level 1
[0;32mI (22674) NIMBLE_HIDH: notify handle 30 len 16[0m
frame 656: 47734 us total, 12575 us display, type 3
[0;32mI (22704) NIMBLE_HIDH: notify handle 30 len 16[0m
frame 657: 46358 us total, 11692 us display, type 3
[0;32mI (22734) NIMBLE_HIDH: notify handle 30 len 16[0m
[0;32mI (22764) NIMBLE_HIDH: notify handle 30 len 16[0m
frame 658: 47136 us total, 12589 us display, type 3
[0;32mI (22794) NIMBLE_HIDH: notify handle 30 len 16[0m
frame 659: 47261 us total, 11685 us display, type 3
[0;32mI (22824) NIMBLE_HIDH: notify handle 30 len 16[0m
[0;32mI (22854) NIMBLE_HIDH: notify handle 30 len 16[0m
frame 660: 50115 us total, 11685 us display, type 3
[0;32mI (22884) NIMBLE_HIDH: notify handle 30 len 16[0m
[0;32mI (22914) NIMBLE_HIDH: notify handle 30 len 16[0m
frame 661: 50370 us total, 12466 us display, type 3
axes L    175  20923 R    181   -448 level 1
[0;32mI (22944) NIMBLE_HIDH: notify handle 30 len 16[0m
[0;32mI (22959) NIMBLE_HIDH: notify handle 30 len 16[0m
frame 662: 50952 us total, 12570 us display, type 3
[0;32mI (22989) NIMBLE_HIDH: notify handle 30 len 16[0m
frame 663: 50115 us total, 11692 us display, type 3
[0;32mI (23019) NIMBLE_HIDH: notify handle 30 len 16[0m
[0;32mI (23049) NIMBLE_HIDH: notify handle 30 len 16[0m
frame 664: 49622 us total, 11687 us display, type 3
[0;32mI (23079) NIMBLE_HIDH: notify handle 30 len 16[0m
[0;32mI (23109) NIMBLE_HIDH: notify handle 30 len 16[0m
frame 665: 47538 us total, 12366 us display, type 3
[0;32mI (23139) NIMBLE_HIDH: notify handle 30 len 16[0m
frame 666: 45241 us total, 11685 us display, type 3
[0;32mI (23169) NIMBLE_HIDH: notify handle 30 len 16[0m
axes L    175  20742 R    181   -448 level 1
[0;32mI (23199) NIMBLE_HIDH: notify handle 30 len 16[0m
frame 667: 45681 us total, 12530 us display, type 3
[0;32mI (23229) NIMBLE_HIDH: notify handle 30 len 16[0m
frame 668: 44414 us total, 11685 us display, type 3
[0;32mI (23259) NIMBLE_HIDH: notify handle 30 len 16[0m
[0;32mI (23289) NIMBLE_HIDH: notify handle 30 len 16[0m
frame 669: 44672 us total, 12403 us display, type 3
[0;32mI (23319) NIMBLE_HIDH: notify handle 30 len 16[0m
frame 670: 43331 us total, 11685 us display, type 3
[0;32mI (23349) NIMBLE_HIDH: notify handle 30 len 16[0m
[0;32mI (23379) NIMBLE_HIDH: notify handle 30 len 16[0m
frame 671: 44279 us total, 12288 us display, type 3
[0;32mI (23394) NIMBLE_HIDH: notify handle 30 len 16[0m
[0;32mI (23424) NIMBLE_HIDH: notify handle 30 len 16[0m
frame 672: 44574 us total, 12521 us display, type 3
[0;32mI (23454) NIMBLE_HIDH: notify handle 30 len 16[0m
axes L    175  20622 R    181   -448 level 1
frame 673: 43762 us total, 11692 us display, type 3
[0;32mI (23484) NIMBLE_HIDH: notify handle 30 len 16[0m
[0;32mI (23514) NIMBLE_HIDH: notify handle 30 len 16[0m
frame 674: 43849 us total, 12158 us display, type 3
[0;32mI (23544) NIMBLE_HIDH: notify handle 30 len 16[0m
[0;32mI (23559) NIMBLE_HIDH: notify handle 30 len 16[0m
frame 675: 44617 us total, 12660 us display, type 3
[0;32mI (23589) NIMBLE_HIDH: notify handle 30 len 16[0m
[0;32mI (23604) NIMBLE_HIDH: notify handle 30 len 16[0m
frame 676: 44996 us total, 12575 us display, type 3
[0;32mI (23634) NIMBLE_HIDH: notify handle 30 len 16[0m
frame 677: 43714 us total, 11692 us display, type 3
[0;32mI (23664) NIMBLE_HIDH: notify handle 30 len 16[0m
[0;32mI (23694) NIMBLE_HIDH: notify handle 30 len 16[0m
frame 678: 46310 us total, 12673 us display, type 3
[0;32mI (23724) NIMBLE_HIDH: notify handle 30 len 16[0m
axes L    175  20523 R    181   -448 level 1
frame 679: 44683 us total, 11692 us display, type 3
[0;32mI (23754) NIMBLE_HIDH: notify handle 30 len 16[0m
[0;32mI (23784) NIMBLE_HIDH: notify handle 30 len 16[0m
frame 680: 45308 us total, 12560 us display, type 3
[0;32mI (23799) NIMBLE_HIDH: notify handle 30 len 16[0m
[0;32mI (23829) NIMBLE_HIDH: notify handle 30 len 16[0m
frame 681: 45112 us total, 12144 us display, type 3
[0;32mI (23844) NIMBLE_HIDH: notify handle 30 len 16[0m
[0;32mI (23874) NIMBLE_HIDH: notify handle 30 len 16[0m
frame 682: 44890 us total, 12340 us display, type 3
[0;32mI (23904) NIMBLE_HIDH: notify handle 30 len 16[0m
frame 683: 45025 us total, 11809 us display, type 3
[0;32mI (23934) NIMBLE_HIDH: notify handle 30 len 16[0m
[0;32mI (23964) NIMBLE_HIDH: notify handle 30 len 16[0m
frame 684: 44959 us total, 12038 us display, type 3
[0;32mI (23994) NIMBLE_HIDH: notify handle 30 len 16[0m
axes L    175  20345 R    181   -448 level 1
frame 685: 44718 us total, 11692 us display, type 3
[0;32mI (24024) NIMBLE_HIDH: notify handle 30 len 16[0m
[0;32mI (24054) NIMBLE_HIDH: notify handle 30 len 16[0m
frame 686: 45306 us total, 12406 us display, type 3
[0;32mI (24084) NIMBLE_HIDH: notify handle 30 len 16[0m
frame 687: 44531 us total, 11692 us display, type 3
[0;32mI (24114) NIMBLE_HIDH: notify handle 30 len 16[0m
[0;32mI (24144) NIMBLE_HIDH: notify handle 30 len 16[0m
frame 688: 45453 us total, 12351 us display, type 3
[0;32mI (24174) NIMBLE_HIDH: notify handle 30 len 16[0m
frame 689: 44350 us total, 11694 us display, type 3
[0;32mI (24204) NIMBLE_HIDH: notify handle 30 len 16[0m
[0;32mI (24234) NIMBLE_HIDH: notify handle 30 len 16[0m
frame 690: 45652 us total, 12525 us display, type 3
[0;32mI (24264) NIMBLE_HIDH: notify handle 30 len 16[0m
frame 691: 44376 us total, 11694 us display, type 3
axes L  16340 -30086 R    181   -448 level 1
[0;32mI (24294) NIMBLE_HIDH: notify handle 30 len 16[0m
input: down 0x800000
[0;32mI (24324) NIMBLE_HIDH: notify handle 30 len 16[0m
frame 692: 45645 us total, 12462 us display, type 3
[0;32mI (24354) NIMBLE_HIDH: notify handle 30 len 16[0m
frame 693: 44404 us total, 11693 us display, type 3
[0;32mI (24384) NIMBLE_HIDH: notify handle 30 len 16[0m
frame 694: 44120 us total, 11692 us display, type 3
[0;32mI (24414) NIMBLE_HIDH: notify handle 30 len 16[0m
[0;32mI (24444) NIMBLE_HIDH: notify handle 30 len 16[0m
frame 695: 45098 us total, 11692 us display, type 3
[0;32mI (24474) NIMBLE_HIDH: notify handle 30 len 16[0m
frame 696: 44340 us total, 11686 us display, type 3
[0;32mI (24504) NIMBLE_HIDH: notify handle 30 len 16[0m
[0;32mI (24534) NIMBLE_HIDH: notify handle 30 len 16[0m
axes L   1232 -21123 R    181   -448 level 1
frame 697: 45719 us total, 11692 us display, type 3
[0;32mI (24564) NIMBLE_HIDH: notify handle 30 len 16[0m
frame 698: 43813 us total, 11699 us display, type 3
[0;32mI (24594) NIMBLE_HIDH: notify handle 30 len 16[0m
[0;32mI (24624) NIMBLE_HIDH: notify handle 30 len 16[0m
frame 699: 45561 us total, 11692 us display, type 3
[0;32mI (24654) NIMBLE_HIDH: notify handle 30 len 16[0m
frame 700: 44932 us total, 11686 us display, type 3
[0;32mI (24684) NIMBLE_HIDH: notify handle 30 len 16[0m
[0;32mI (24714) NIMBLE_HIDH: notify handle 30 len 16[0m
frame 701: 46102 us total, 11707 us display, type 3
[0;32mI (24744) NIMBLE_HIDH: notify handle 30 len 16[0m
frame 702: 44777 us total, 11686 us display, type 3
[0;32mI (24774) NIMBLE_HIDH: notify handle 30 len 16[0m
[0;32mI (24804) NIMBLE_HIDH: notify handle 30 len 16[0m
frame 703: 46150 us total, 11829 us display, type 3
axes L  12399 -21123 R    181   -448 level 1
[0;32mI (24834) NIMBLE_HIDH: notify handle 30 len 16[0m
input: down 0x800000
[0;32mI (24864) NIMBLE_HIDH: notify handle 30 len 16[0m
frame 704: 44994 us total, 12314 us display, type 3
[0;32mI (24894) NIMBLE_HIDH: notify handle 30 len 16[0m
frame 705: 44067 us total, 11757 us display, type 3
[0;32mI (24924) NIMBLE_HIDH: notify handle 30 len 16[0m
[0;32mI (24954) NIMBLE_HIDH: notify handle 30 len 16[0m
frame 706: 45930 us total, 12327 us display, type 3
[0;32mI (24984) NIMBLE_HIDH: notify handle 30 len 16[0m
frame 707: 46854 us total, 11830 us display, type 3
[0;32mI (25014) NIMBLE_HIDH: notify handle 30 len 16[0m
[0;32mI (25029) NIMBLE_HIDH: notify handle 30 len 16[0m
frame 708: 46499 us total, 11693 us display, type 3
[0;32mI (25059) NIMBLE_HIDH: notify handle 30 len 16[0m
axes L   4220 -21435 R    181   -448 level 1
[0;32mI (25089) NIMBLE_HIDH: notify handle 30 len 16[0m
frame 709: 47431 us total, 12258 us display, type 3
[0;32mI (25119) NIMBLE_HIDH: notify handle 30 len 16[0m
frame 710: 46646 us total, 11889 us display, type 3
[0;32mI (25149) NIMBLE_HIDH: notify handle 30 len 16[0m
[0;32mI (25179) NIMBLE_HIDH: notify handle 30 len 16[0m
frame 711: 47179 us total, 12297 us display, type 3
[0;32mI (25209) NIMBLE_HIDH: notify handle 30 len 16[0m
frame 712: 46972 us total, 11692 us display, type 3
[0;32mI (25239) NIMBLE_HIDH: notify handle 30 len 16[0m
[0;32mI (25269) NIMBLE_HIDH: notify handle 30 len 16[0m
[0;32mI (25284) NIMBLE_HIDH: notify handle 30 len 16[0m
frame 713: 48357 us total, 12201 us display, type 3
[0;32mI (25314) NIMBLE_HIDH: notify handle 30 len 16[0m
frame 714: 46015 us total, 11748 us display, type 3
[0;32mI (25344) NIMBLE_HIDH: notify handle 30 len 16[0m
axes L   1200 -21126 R    181   -448 level 1
[0;32mI (25374) NIMBLE_HIDH: notify handle 30 len 16[0m
frame 715: 46833 us total, 12225 us display, type 3
[0;32mI (25389) NIMBLE_HIDH: notify handle 30 len 16[0m
[0;32mI (25419) NIMBLE_HIDH: notify handle 30 len 16[0m
frame 716: 45874 us total, 12178 us display, type 3
[0;32mI (25449) NIMBLE_HIDH: notify handle 30 len 16[0m
frame 717: 44474 us total, 11685 us display, type 3
[0;32mI (25479) NIMBLE_HIDH: notify handle 30 len 16[0m
frame 718: 44570 us total, 11938 us display, type 3
[0;32mI (25524) NIMBLE_HIDH: notify handle 30 len 16[0m
[0;32mI (25539) NIMBLE_HIDH: notify handle 30 len 16[0m
[0;32mI (25554) NIMBLE_HIDH: notify handle 30 len 16[0m
frame 719: 45905 us total, 12460 us display, type 3
[0;32mI (25584) NIMBLE_HIDH: notify handle 30 len 16[0m
frame 720: 44353 us total, 11685 us display, type 3
[0;32mI (25614) NIMBLE_HIDH: notify handle 30 len 16[0m
axes L   1148 -21056 R    181   -448 level 1
[0;32mI (25644) NIMBLE_HIDH: notify handle 30 len 16[0m
frame 721: 44031 us total, 12473 us display, type 3
[0;32mI (25674) NIMBLE_HIDH: notify handle 30 len 16[0m
frame 722: 43961 us total, 11766 us display, type 3
[0;32mI (25704) NIMBLE_HIDH: notify handle 30 len 16[0m
frame 723: 42598 us total, 11700 us display, type 3
[0;32mI (25734) NIMBLE_HIDH: notify handle 30 len 16[0m
[0;32mI (25764) NIMBLE_HIDH: notify handle 30 len 16[0m
frame 724: 42970 us total, 12747 us display, type 3
[0;32mI (25794) NIMBLE_HIDH: notify handle 30 len 16[0m
frame 725: 42000 us total, 11692 us display, type 3
[0;32mI (25824) NIMBLE_HIDH: notify handle 30 len 16[0m
[0;32mI (25854) NIMBLE_HIDH: notify handle 30 len 16[0m
frame 726: 42305 us total, 12243 us display, type 3
[0;32mI (25884) NIMBLE_HIDH: notify handle 30 len 16[0m
axes L   1148 -21056 R    181   -448 level 1
frame 727: 40998 us total, 11803 us display, type 3
[0;32mI (25914) NIMBLE_HIDH: notify handle 30 len 16[0m
frame 728: 40639 us total, 11692 us display, type 3
[0;32mI (25944) NIMBLE_HIDH: notify handle 30 len 16[0m
[0;32mI (25974) NIMBLE_HIDH: notify handle 30 len 16[0m
frame 729: 40852 us total, 12537 us display, type 3
[0;32mI (26004) NIMBLE_HIDH: notify handle 30 len 16[0m
frame 730: 38469 us total, 11692 us display, type 3
[0;32mI (26034) NIMBLE_HIDH: notify handle 30 len 16[0m
frame 731: 36959 us total, 11686 us display, type 3
[0;32mI (26064) NIMBLE_HIDH: notify handle 30 len 16[0m
frame 732: 35089 us total, 11685 us display, type 3
[0;32mI (26094) NIMBLE_HIDH: notify handle 30 len 16[0m
[0;32mI (26124) NIMBLE_HIDH: notify handle 30 len 16[0m
frame 733: 35088 us total, 12211 us display, type 3
[0;32mI (26154) NIMBLE_HIDH: notify handle 30 len 16[0m
frame 734: 33383 us total, 12545 us display, type 3
axes L   1148 -21056 R    181   -448 level 1
[0;32mI (26184) NIMBLE_HIDH: notify handle 30 len 16[0m
frame 735: 33867 us total, 12724 us display, type 3
[0;32mI (26214) NIMBLE_HIDH: notify handle 30 len 16[0m
frame 736: 34755 us total, 11692 us display, type 3
[0;32mI (26244) NIMBLE_HIDH: notify handle 30 len 16[0m
frame 737: 33646 us total, 11807 us display, type 3
[0;32mI (26274) NIMBLE_HIDH: notify handle 30 len 16[0m
frame 738: 33349 us total, 11692 us display, type 3
[0;32mI (26304) NIMBLE_HIDH: notify handle 30 len 16[0m
frame 739: 33559 us total, 11699 us display, type 3
[0;32mI (26334) NIMBLE_HIDH: notify handle 30 len 16[0m
[0;32mI (26364) NIMBLE_HIDH: notify handle 30 len 16[0m
frame 740: 33770 us total, 12042 us display, type 3
[0;32mI (26394) NIMBLE_HIDH: notify handle 30 len 16[0m
frame 741: 32546 us total, 12156 us display, type 3
axes L   1148 -21056 R    181   -448 level 1
[0;32mI (26424) NIMBLE_HIDH: notify handle 30 len 16[0m
frame 742: 32629 us total, 12206 us display, type 3
[0;32mI (26454) NIMBLE_HIDH: notify handle 30 len 16[0m
frame 743: 32364 us total, 12214 us display, type 3
[0;32mI (26484) NIMBLE_HIDH: notify handle 30 len 16[0m
frame 744: 32513 us total, 12230 us display, type 3
[0;32mI (26514) NIMBLE_HIDH: notify handle 30 len 16[0m
frame 745: 33105 us total, 11699 us display, type 3
[0;32mI (26544) NIMBLE_HIDH: notify handle 30 len 16[0m
frame 746: 32131 us total, 11720 us display, type 3
[0;32mI (26574) NIMBLE_HIDH: notify handle 30 len 16[0m
frame 747: 31268 us total, 11685 us display, type 3
[0;32mI (26604) NIMBLE_HIDH: notify handle 30 len 16[0m
frame 748: 30906 us total, 11695 us display, type 3
[0;32mI (26634) NIMBLE_HIDH: notify handle 30 len 16[0m
frame 749: 30483 us total, 11692 us display, type 3
[0;32mI (26664) NIMBLE_HIDH: notify handle 30 len 16[0m
axes L   1148 -21056 R    181   -448 level 1
frame 750: 30149 us total, 11697 us display, type 3
[0;32mI (26694) NIMBLE_HIDH: notify handle 30 len 16[0m
frame 751: 29356 us total, 11868 us display, type 3
[0;32mI (26724) NIMBLE_HIDH: notify handle 30 len 16[0m
frame 752: 28206 us total, 11685 us display, type 3
[0;32mI (26754) NIMBLE_HIDH: notify handle 30 len 16[0m
frame 753: 27268 us total, 11685 us display, type 3
[0;32mI (26784) NIMBLE_HIDH: notify handle 30 len 16[0m
frame 754: 27254 us total, 12289 us display, type 3
[0;32mI (26814) NIMBLE_HIDH: notify handle 30 len 16[0m
frame 755: 27061 us total, 12289 us display, type 3
[0;32mI (26844) NIMBLE_HIDH: notify handle 30 len 16[0m
frame 756: 26995 us total, 12506 us display, type 3
[0;32mI (26874) NIMBLE_HIDH: notify handle 30 len 16[0m
frame 757: 27054 us total, 12487 us display, type 3
frame 758: 26460 us total, 11692 us display, type 3
[0;32mI (26904) NIMBLE_HIDH: notify handle 30 len 16[0m
frame 759: 27264 us total, 12063 us display, type 3
axes L   1148 -21056 R    181   -448 level 1
[0;32mI (26934) NIMBLE_HIDH: notify handle 30 len 16[0m
frame 760: 27461 us total, 11692 us display, type 3
[0;32mI (26964) NIMBLE_HIDH: notify handle 30 len 16[0m
frame 761: 27052 us total, 11692 us display, type 3
[0;32mI (26994) NIMBLE_HIDH: notify handle 30 len 16[0m
frame 762: 27015 us total, 11685 us display, type 3
[0;32mI (27024) NIMBLE_HIDH: notify handle 30 len 16[0m
frame 763: 28232 us total, 11717 us display, type 3
frame 764: 28444 us total, 11692 us display, type 3
frame 765: 27534 us total, 11692 us display, type 3
frame 766: 28481 us total, 11699 us display, type 3
frame 767: 28258 us total, 11686 us display, type 3
[0;32mI (27159) NIMBLE_HIDH: notify handle 30 len 16[0m
frame 768: 30648 us total, 11914 us display, type 3
mem @frame 768: heap free 66484, largest 40960, min ever 65664, zone free 55016, stack free 14540, uptime 26 s, gamestate 0, demo 0, usergame 1, tic 848
axes L    984 -21056 R    181   -448 level 1
[0;32mI (27189) NIMBLE_HIDH: notify handle 30 len 16[0m
frame 769: 28203 us total, 11692 us display, type 3
[0;32mI (27219) NIMBLE_HIDH: notify handle 30 len 16[0m
frame 770: 28075 us total, 11692 us display, type 3
[0;32mI (27249) NIMBLE_HIDH: notify handle 30 len 16[0m
frame 771: 28965 us total, 11699 us display, type 3
[0;32mI (27279) NIMBLE_HIDH: notify handle 30 len 16[0m
frame 772: 28108 us total, 11805 us display, type 3
[0;32mI (27309) NIMBLE_HIDH: notify handle 30 len 16[0m
frame 773: 29229 us total, 11685 us display, type 3
[0;32mI (27339) NIMBLE_HIDH: notify handle 30 len 16[0m
frame 774: 28480 us total, 11692 us display, type 3
[0;32mI (27369) NIMBLE_HIDH: notify handle 30 len 16[0m
frame 775: 27849 us total, 11765 us display, type 3
[0;32mI (27399) NIMBLE_HIDH: notify handle 30 len 16[0m
frame 776: 27228 us total, 12289 us display, type 3
[0;32mI (27429) NIMBLE_HIDH: notify handle 30 len 16[0m
frame 777: 29843 us total, 12289 us display, type 3
axes L   -699  32767 R    181   -448 level 1
[0;32mI (27459) NIMBLE_HIDH: notify handle 30 len 16[0m
frame 778: 29948 us total, 12413 us display, type 3
[0;32mI (27489) NIMBLE_HIDH: notify handle 30 len 16[0m
frame 779: 27982 us total, 12511 us display, type 3
[0;32mI (27519) NIMBLE_HIDH: notify handle 30 len 16[0m
frame 780: 30006 us total, 12550 us display, type 3
[0;32mI (27549) NIMBLE_HIDH: notify handle 30 len 16[0m
frame 781: 28546 us total, 12188 us display, type 3
[0;32mI (27579) NIMBLE_HIDH: notify handle 30 len 16[0m
frame 782: 29570 us total, 12453 us display, type 3
[0;32mI (27609) NIMBLE_HIDH: notify handle 30 len 16[0m
frame 783: 29999 us total, 12225 us display, type 3
[0;32mI (27639) NIMBLE_HIDH: notify handle 30 len 16[0m
frame 784: 30927 us total, 12476 us display, type 3
[0;32mI (27669) NIMBLE_HIDH: notify handle 30 len 16[0m
frame 785: 30373 us total, 12183 us display, type 3
[0;32mI (27699) NIMBLE_HIDH: notify handle 30 len 16[0m
frame 786: 30563 us total, 12206 us display, type 3
axes L   -743  20863 R    181   -448 level 1
[0;32mI (27729) NIMBLE_HIDH: notify handle 30 len 16[0m
frame 787: 31279 us total, 12198 us display, type 3
[0;32mI (27759) NIMBLE_HIDH: notify handle 30 len 16[0m
frame 788: 31543 us total, 12401 us display, type 3
[0;32mI (27789) NIMBLE_HIDH: notify handle 30 len 16[0m
frame 789: 31788 us total, 11685 us display, type 3
[0;32mI (27804) NIMBLE_HIDH: notify handle 30 len 16[0m
frame 790: 32218 us total, 11688 us display, type 3
[0;32mI (27849) NIMBLE_HIDH: notify handle 30 len 16[0m
[0;32mI (27864) NIMBLE_HIDH: notify handle 30 len 16[0m
frame 791: 32569 us total, 12362 us display, type 3
[0;32mI (27894) NIMBLE_HIDH: notify handle 30 len 16[0m
frame 792: 31876 us total, 12229 us display, type 3
[0;32mI (27924) NIMBLE_HIDH: notify handle 30 len 16[0m
frame 793: 33111 us total, 12183 us display, type 3
[0;32mI (27954) NIMBLE_HIDH: notify handle 30 len 16[0m
frame 794: 32493 us total, 12214 us display, type 3
axes L   -743  20585 R    181   -448 level 1
[0;32mI (27984) NIMBLE_HIDH: notify handle 30 len 16[0m
frame 795: 33342 us total, 11692 us display, type 3
[0;32mI (28014) NIMBLE_HIDH: notify handle 30 len 16[0m
frame 796: 33363 us total, 11929 us display, type 3
[0;32mI (28044) NIMBLE_HIDH: notify handle 30 len 16[0m
frame 797: 32769 us total, 11742 us display, type 3
[0;32mI (28074) NIMBLE_HIDH: notify handle 30 len 16[0m
frame 798: 33314 us total, 11685 us display, type 3
[0;32mI (28104) NIMBLE_HIDH: notify handle 30 len 16[0m
frame 799: 33766 us total, 11693 us display, type 3
[0;32mI (28134) NIMBLE_HIDH: notify handle 30 len 16[0m
[0;32mI (28149) NIMBLE_HIDH: notify handle 30 len 16[0m
frame 800: 35130 us total, 11815 us display, type 3
[0;32mI (28179) NIMBLE_HIDH: notify handle 30 len 16[0m
frame 801: 33744 us total, 11899 us display, type 3
[0;32mI (28209) NIMBLE_HIDH: notify handle 30 len 16[0m
axes L   -743  20473 R    181   -448 level 1
frame 802: 33433 us total, 11685 us display, type 3
[0;32mI (28239) NIMBLE_HIDH: notify handle 30 len 16[0m
frame 803: 33735 us total, 11685 us display, type 3
[0;32mI (28269) NIMBLE_HIDH: notify handle 30 len 16[0m
[0;32mI (28299) NIMBLE_HIDH: notify handle 30 len 16[0m
frame 804: 34365 us total, 12507 us display, type 3
[0;32mI (28329) NIMBLE_HIDH: notify handle 30 len 16[0m
frame 805: 33676 us total, 12205 us display, type 3
[0;32mI (28344) NIMBLE_HIDH: notify handle 30 len 16[0m
frame 806: 37227 us total, 11685 us display, type 3
[0;32mI (28374) NIMBLE_HIDH: notify handle 30 len 16[0m
[0;32mI (28404) NIMBLE_HIDH: notify handle 30 len 16[0m
frame 807: 38584 us total, 12232 us display, type 3
[0;32mI (28434) NIMBLE_HIDH: notify handle 30 len 16[0m
frame 808: 37954 us total, 11699 us display, type 3
[0;32mI (28464) NIMBLE_HIDH: notify handle 30 len 16[0m
axes L   -743  20376 R    181   -448 level 1
frame 809: 39799 us total, 11693 us display, type 3
[0;32mI (28494) NIMBLE_HIDH: notify handle 30 len 16[0m
[0;32mI (28524) NIMBLE_HIDH: notify handle 30 len 16[0m
frame 810: 41427 us total, 12237 us display, type 3
[0;32mI (28554) NIMBLE_HIDH: notify handle 30 len 16[0m
frame 811: 41327 us total, 11685 us display, type 3
[0;32mI (28584) NIMBLE_HIDH: notify handle 30 len 16[0m
frame 812: 41447 us total, 11699 us display, type 3
[0;32mI (28614) NIMBLE_HIDH: notify handle 30 len 16[0m
[0;32mI (28644) NIMBLE_HIDH: notify handle 30 len 16[0m
frame 813: 42573 us total, 12355 us display, type 3
[0;32mI (28674) NIMBLE_HIDH: notify handle 30 len 16[0m
frame 814: 42305 us total, 11799 us display, type 3
[0;32mI (28704) NIMBLE_HIDH: notify handle 30 len 16[0m
axes L   -962 -10912 R    181   -448 level 1
[0;32mI (28734) NIMBLE_HIDH: notify handle 30 len 16[0m
frame 815: 43228 us total, 12198 us display, type 3
[0;32mI (28764) NIMBLE_HIDH: notify handle 30 len 16[0m
frame 816: 42410 us total, 11693 us display, type 3
[0;32mI (28794) NIMBLE_HIDH: notify handle 30 len 16[0m
[0;32mI (28824) NIMBLE_HIDH: notify handle 30 len 16[0m
frame 817: 43759 us total, 12362 us display, type 3
[0;32mI (28854) NIMBLE_HIDH: notify handle 30 len 16[0m
frame 818: 42531 us total, 11778 us display, type 3
[0;32mI (28884) NIMBLE_HIDH: notify handle 30 len 16[0m
frame 819: 42777 us total, 11685 us display, type 3
[0;32mI (28914) NIMBLE_HIDH: notify handle 30 len 16[0m
[0;32mI (28944) NIMBLE_HIDH: notify handle 30 len 16[0m
frame 820: 43450 us total, 12261 us display, type 3
[0;32mI (28974) NIMBLE_HIDH: notify handle 30 len 16[0m
axes L  -1589 -11010 R    181   -448 level 1
frame 821: 43151 us total, 11685 us display, type 3
[0;32mI (29004) NIMBLE_HIDH: notify handle 30 len 16[0m
[0;32mI (29034) NIMBLE_HIDH: notify handle 30 len 16[0m
frame 822: 43610 us total, 12290 us display, type 3
[0;32mI (29064) NIMBLE_HIDH: notify handle 30 len 16[0m
frame 823: 43295 us total, 11692 us display, type 3
[0;32mI (29094) NIMBLE_HIDH: notify handle 30 len 16[0m
[0;32mI (29124) NIMBLE_HIDH: notify handle 30 len 16[0m
frame 824: 43123 us total, 12211 us display, type 3
[0;32mI (29154) NIMBLE_HIDH: notify handle 30 len 16[0m
frame 825: 42726 us total, 11692 us display, type 3
[0;32mI (29184) NIMBLE_HIDH: notify handle 30 len 16[0m
[0;32mI (29214) NIMBLE_HIDH: notify handle 30 len 16[0m
frame 826: 43410 us total, 12486 us display, type 3
[0;32mI (29244) NIMBLE_HIDH: notify handle 30 len 16[0m
axes L  -1647 -11010 R    181   -448 level 1
frame 827: 42881 us total, 11685 us display, type 3
[0;32mI (29274) NIMBLE_HIDH: notify handle 30 len 16[0m
frame 828: 42923 us total, 12019 us display, type 3
[0;32mI (29304) NIMBLE_HIDH: notify handle 30 len 16[0m
[0;32mI (29334) NIMBLE_HIDH: notify handle 30 len 16[0m
frame 829: 43504 us total, 12264 us display, type 3
[0;32mI (29364) NIMBLE_HIDH: notify handle 30 len 16[0m
frame 830: 43218 us total, 11836 us display, type 3
[0;32mI (29394) NIMBLE_HIDH: notify handle 30 len 16[0m
[0;32mI (29424) NIMBLE_HIDH: notify handle 30 len 16[0m
frame 831: 43496 us total, 12259 us display, type 3
[0;32mI (29454) NIMBLE_HIDH: notify handle 30 len 16[0m
frame 832: 42745 us total, 11957 us display, type 3
[0;32mI (29484) NIMBLE_HIDH: notify handle 30 len 16[0m
axes L  -1647 -11010 R    181   -448 level 1
[0;32mI (29514) NIMBLE_HIDH: notify handle 30 len 16[0m
frame 833: 43385 us total, 12414 us display, type 3
[0;32mI (29544) NIMBLE_HIDH: notify handle 30 len 16[0m
frame 834: 42005 us total, 11712 us display, type 3
[0;32mI (29574) NIMBLE_HIDH: notify handle 30 len 16[0m
frame 835: 42078 us total, 11685 us display, type 3
[0;32mI (29604) NIMBLE_HIDH: notify handle 30 len 16[0m
[0;32mI (29634) NIMBLE_HIDH: notify handle 30 len 16[0m
frame 836: 43063 us total, 12303 us display, type 3
[0;32mI (29664) NIMBLE_HIDH: notify handle 30 len 16[0m
frame 837: 42449 us total, 11692 us display, type 3
[0;32mI (29694) NIMBLE_HIDH: notify handle 30 len 16[0m
[0;32mI (29724) NIMBLE_HIDH: notify handle 30 len 16[0m
frame 838: 42330 us total, 12213 us display, type 3
[0;32mI (29754) NIMBLE_HIDH: notify handle 30 len 16[0m
axes L  -1647 -11010 R    181   -448 level 1
frame 839: 42048 us total, 11685 us display, type 3
[0;32mI (29784) NIMBLE_HIDH: notify handle 30 len 16[0m
frame 840: 41641 us total, 11692 us display, type 3
[0;32mI (29814) NIMBLE_HIDH: notify handle 30 len 16[0m
[0;32mI (29844) NIMBLE_HIDH: notify handle 30 len 16[0m
frame 841: 42455 us total, 12254 us display, type 3
[0;32mI (29874) NIMBLE_HIDH: notify handle 30 len 16[0m
frame 842: 42289 us total, 12006 us display, type 3
[0;32mI (29904) NIMBLE_HIDH: notify handle 30 len 16[0m
[0;32mI (29934) NIMBLE_HIDH: notify handle 30 len 16[0m
frame 843: 42139 us total, 12346 us display, type 3
[0;32mI (29964) NIMBLE_HIDH: notify handle 30 len 16[0m
frame 844: 41805 us total, 11692 us display, type 3
[0;32mI (29994) NIMBLE_HIDH: notify handle 30 len 16[0m
frame 845: 41226 us total, 11692 us display, type 3
[0;32mI (30024) NIMBLE_HIDH: notify handle 30 len 16[0m
[0;32mI (30054) NIMBLE_HIDH: notify handle 30 len 16[0m
frame 846: 42083 us total, 12250 us display, type 3
[0;32mI (30084) NIMBLE_HIDH: notify handle 30 len 16[0m
frame 847: 41464 us total, 11686 us display, type 3
[0;32mI (30114) NIMBLE_HIDH: notify handle 30 len 16[0m
[0;32mI (30144) NIMBLE_HIDH: notify handle 30 len 16[0m
frame 848: 41812 us total, 12209 us display, type 3
[0;32mI (30159) NIMBLE_HIDH: notify handle 30 len 16[0m
frame 849: 40986 us total, 11693 us display, type 3
[0;32mI (30189) NIMBLE_HIDH: notify handle 30 len 16[0m
[0;32mI (30219) NIMBLE_HIDH: notify handle 30 len 16[0m
frame 850: 42485 us total, 12729 us display, type 3
[0;32mI (30249) NIMBLE_HIDH: notify handle 30 len 16[0m
frame 851: 41307 us total, 11692 us display, type 3
[0;32mI (30279) NIMBLE_HIDH: notify handle 30 len 16[0m
[0;32mI (30309) NIMBLE_HIDH: notify handle 30 len 16[0m
frame 852: 42162 us total, 12247 us display, type 3
[0;32mI (30339) NIMBLE_HIDH: notify handle 30 len 16[0m
frame 853: 41017 us total, 11781 us display, type 3
[0;32mI (30369) NIMBLE_HIDH: notify handle 30 len 16[0m
frame 854: 41081 us total, 11685 us display, type 3
[0;32mI (30399) NIMBLE_HIDH: notify handle 30 len 16[0m
[0;32mI (30429) NIMBLE_HIDH: notify handle 30 len 16[0m
frame 855: 42219 us total, 12621 us display, type 3
[0;32mI (30459) NIMBLE_HIDH: notify handle 30 len 16[0m
frame 856: 40988 us total, 11692 us display, type 3
[0;32mI (30489) NIMBLE_HIDH: notify handle 30 len 16[0m
[0;32mI (30519) NIMBLE_HIDH: notify handle 30 len 16[0m
frame 857: 42013 us total, 12422 us display, type 3
[0;32mI (30549) NIMBLE_HIDH: notify handle 30 len 16[0m
frame 858: 40779 us total, 11685 us display, type 3
[0;32mI (30564) NIMBLE_HIDH: notify handle 30 len 16[0m
[0;32mI (30594) NIMBLE_HIDH: notify handle 30 len 16[0m
frame 859: 41581 us total, 12247 us display, type 3
[0;32mI (30624) NIMBLE_HIDH: notify handle 30 len 16[0m
frame 860: 40993 us total, 11783 us display, type 3
[0;32mI (30654) NIMBLE_HIDH: notify handle 30 len 16[0m
[0;32mI (30684) NIMBLE_HIDH: notify handle 30 len 16[0m
frame 861: 41580 us total, 12414 us display, type 3
[0;32mI (30714) NIMBLE_HIDH: notify handle 30 len 16[0m
frame 862: 40736 us total, 11685 us display, type 3
[0;32mI (30744) NIMBLE_HIDH: notify handle 30 len 16[0m
[0;32mI (30759) NIMBLE_HIDH: notify handle 30 len 16[0m
frame 863: 41399 us total, 12217 us display, type 3
[0;32mI (30789) NIMBLE_HIDH: notify handle 30 len 16[0m
frame 864: 41298 us total, 11712 us display, type 3
[0;32mI (30819) NIMBLE_HIDH: notify handle 30 len 16[0m
[0;32mI (30849) NIMBLE_HIDH: notify handle 30 len 16[0m
frame 865: 41436 us total, 12417 us display, type 3
[0;32mI (30879) NIMBLE_HIDH: notify handle 30 len 16[0m
frame 866: 40951 us total, 11685 us display, type 3
[0;32mI (30909) NIMBLE_HIDH: notify handle 30 len 16[0m
frame 867: 40798 us total, 11685 us display, type 3
[0;32mI (30954) NIMBLE_HIDH: notify handle 30 len 16[0m
[0;32mI (30969) NIMBLE_HIDH: notify handle 30 len 16[0m
frame 868: 41709 us total, 12361 us display, type 3
[0;32mI (30984) NIMBLE_HIDH: notify handle 30 len 16[0m
[0;32mI (31014) NIMBLE_HIDH: notify handle 30 len 16[0m
frame 869: 41306 us total, 12436 us display, type 3
[0;32mI (31044) NIMBLE_HIDH: notify handle 30 len 16[0m
frame 870: 40747 us total, 11692 us display, type 3
[0;32mI (31074) NIMBLE_HIDH: notify handle 30 len 16[0m
frame 871: 40986 us total, 11692 us display, type 3
[0;32mI (31104) NIMBLE_HIDH: notify handle 30 len 16[0m
[0;32mI (31134) NIMBLE_HIDH: notify handle 30 len 16[0m
frame 872: 41999 us total, 12614 us display, type 3
[0;32mI (31164) NIMBLE_HIDH: notify handle 30 len 16[0m
frame 873: 40574 us total, 11692 us display, type 3
[0;32mI (31194) NIMBLE_HIDH: notify handle 30 len 16[0m
frame 874: 40595 us total, 11692 us display, type 3
[0;32mI (31224) NIMBLE_HIDH: notify handle 30 len 16[0m
[0;32mI (31254) NIMBLE_HIDH: notify handle 30 len 16[0m
frame 875: 41771 us total, 12253 us display, type 3
[0;32mI (31284) NIMBLE_HIDH: notify handle 30 len 16[0m
frame 876: 40752 us total, 11692 us display, type 3
[0;32mI (31314) NIMBLE_HIDH: notify handle 30 len 16[0m
[0;32mI (31329) NIMBLE_HIDH: notify handle 30 len 16[0m
frame 877: 41683 us total, 11779 us display, type 3
[0;32mI (31359) NIMBLE_HIDH: notify handle 30 len 16[0m
frame 878: 40981 us total, 11689 us display, type 3
[0;32mI (31389) NIMBLE_HIDH: notify handle 30 len 16[0m
[0;32mI (31419) NIMBLE_HIDH: notify handle 30 len 16[0m
frame 879: 41667 us total, 12245 us display, type 3
[0;32mI (31449) NIMBLE_HIDH: notify handle 30 len 16[0m
frame 880: 40785 us total, 11693 us display, type 3
[0;32mI (31479) NIMBLE_HIDH: notify handle 30 len 16[0m
[0;32mI (31509) NIMBLE_HIDH: notify handle 30 len 16[0m
frame 881: 41003 us total, 12105 us display, type 3
[0;32mI (31539) NIMBLE_HIDH: notify handle 30 len 16[0m
frame 882: 40251 us total, 12249 us display, type 3
[0;32mI (31569) NIMBLE_HIDH: notify handle 30 len 16[0m
frame 883: 40899 us total, 11827 us display, type 3
[0;32mI (31599) NIMBLE_HIDH: notify handle 30 len 16[0m
[0;32mI (31629) NIMBLE_HIDH: notify handle 30 len 16[0m
frame 884: 41357 us total, 12201 us display, type 3
[0;32mI (31659) NIMBLE_HIDH: notify handle 30 len 16[0m
frame 885: 40888 us total, 11699 us display, type 3
[0;32mI (31689) NIMBLE_HIDH: notify handle 30 len 16[0m
frame 886: 40756 us total, 11692 us display, type 3
[0;32mI (31719) NIMBLE_HIDH: notify handle 30 len 16[0m
[0;32mI (31749) NIMBLE_HIDH: notify handle 30 len 16[0m
frame 887: 41514 us total, 12250 us display, type 3
[0;32mI (31764) NIMBLE_HIDH: notify handle 30 len 16[0m
[0;32mI (31794) NIMBLE_HIDH: notify handle 30 len 16[0m
frame 888: 41454 us total, 12411 us display, type 3
[0;32mI (31824) NIMBLE_HIDH: notify handle 30 len 16[0m
frame 889: 40540 us total, 11685 us display, type 3
[0;32mI (31854) NIMBLE_HIDH: notify handle 30 len 16[0m
[0;32mI (31869) NIMBLE_HIDH: notify handle 30 len 16[0m
frame 890: 41312 us total, 12223 us display, type 3
[0;32mI (31899) NIMBLE_HIDH: notify handle 30 len 16[0m
frame 891: 41280 us total, 11984 us display, type 3
[0;32mI (31929) NIMBLE_HIDH: notify handle 30 len 16[0m
[0;32mI (31959) NIMBLE_HIDH: notify handle 30 len 16[0m
frame 892: 41699 us total, 12403 us display, type 3
[0;32mI (31989) NIMBLE_HIDH: notify handle 30 len 16[0m
frame 893: 40743 us total, 11690 us display, type 3
[0;32mI (32019) NIMBLE_HIDH: notify handle 30 len 16[0m
frame 894: 40637 us total, 11693 us display, type 3
[0;32mI (32049) NIMBLE_HIDH: notify handle 30 len 16[0m
[0;32mI (32079) NIMBLE_HIDH: notify handle 30 len 16[0m
frame 895: 41855 us total, 12553 us display, type 3
[0;32mI (32109) NIMBLE_HIDH: notify handle 30 len 16[0m
frame 896: 40648 us total, 11685 us display, type 3
[0;32mI (32139) NIMBLE_HIDH: notify handle 30 len 16[0m
frame 897: 40525 us total, 11692 us display, type 3
[0;32mI (32185) NIMBLE_HIDH: notify handle 30 len 16[0m
[0;32mI (32185) NIMBLE_HIDH: notify handle 30 len 16[0m
frame 898: 41293 us total, 11685 us display, type 3
[0;32mI (32214) NIMBLE_HIDH: notify handle 30 len 16[0m
frame 899: 41243 us total, 11692 us display, type 3
[0;32mI (32259) NIMBLE_HIDH: notify handle 30 len 16[0m
[0;32mI (32274) NIMBLE_HIDH: notify handle 30 len 16[0m
frame 900: 41674 us total, 11709 us display, type 3
[0;32mI (32319) NIMBLE_HIDH: notify handle 30 len 16[0m
frame 901: 40562 us total, 12755 us display, type 3
[0;32mI (32334) NIMBLE_HIDH: notify handle 30 len 16[0m
[0;32mI (32349) NIMBLE_HIDH: notify handle 30 len 16[0m
frame 902: 41974 us total, 11692 us display, type 3
[0;32mI (32379) NIMBLE_HIDH: notify handle 30 len 16[0m
[0;32mI (32409) NIMBLE_HIDH: notify handle 30 len 16[0m
frame 903: 41503 us total, 12266 us display, type 3
[0;32mI (32439) NIMBLE_HIDH: notify handle 30 len 16[0m
frame 904: 40978 us total, 11911 us display, type 3
[0;32mI (32469) NIMBLE_HIDH: notify handle 30 len 16[0m
frame 905: 40629 us total, 11692 us display, type 3
[0;32mI (32499) NIMBLE_HIDH: notify handle 30 len 16[0m
[0;32mI (32529) NIMBLE_HIDH: notify handle 30 len 16[0m
frame 906: 41980 us total, 12242 us display, type 3
[0;32mI (32559) NIMBLE_HIDH: notify handle 30 len 16[0m
frame 907: 41125 us total, 11878 us display, type 3
[0;32mI (32589) NIMBLE_HIDH: notify handle 30 len 16[0m
[0;32mI (32619) NIMBLE_HIDH: notify handle 30 len 16[0m
frame 908: 41484 us total, 12553 us display, type 3
[0;32mI (32649) NIMBLE_HIDH: notify handle 30 len 16[0m
frame 909: 40741 us total, 11693 us display, type 3
[0;32mI (32679) NIMBLE_HIDH: notify handle 30 len 16[0m
frame 910: 40868 us total, 11691 us display, type 3
[0;32mI (32709) NIMBLE_HIDH: notify handle 30 len 16[0m
[0;32mI (32739) NIMBLE_HIDH: notify handle 30 len 16[0m
frame 911: 41850 us total, 12489 us display, type 3
[0;32mI (32769) NIMBLE_HIDH: notify handle 30 len 16[0m
[0;32mI (32784) NIMBLE_HIDH: notify handle 30 len 16[0m
frame 912: 41448 us total, 12503 us display, type 3
[0;32mI (32814) NIMBLE_HIDH: notify handle 30 len 16[0m
frame 913: 41037 us total, 11693 us display, type 3
[0;32mI (32844) NIMBLE_HIDH: notify handle 30 len 16[0m
frame 914: 40814 us total, 11685 us display, type 3
[0;32mI (32874) NIMBLE_HIDH: notify handle 30 len 16[0m
[0;32mI (32904) NIMBLE_HIDH: notify handle 30 len 16[0m
frame 915: 41693 us total, 12436 us display, type 3
[0;32mI (32934) NIMBLE_HIDH: notify handle 30 len 16[0m
frame 916: 40901 us total, 11783 us display, type 3
[0;32mI (32964) NIMBLE_HIDH: notify handle 30 len 16[0m
frame 917: 40623 us total, 11685 us display, type 3
[0;32mI (32994) NIMBLE_HIDH: notify handle 30 len 16[0m
frame 918: 41317 us total, 11699 us display, type 3
[0;32mI (33039) NIMBLE_HIDH: notify handle 30 len 16[0m
[0;32mI (33054) NIMBLE_HIDH: notify handle 30 len 16[0m
frame 919: 41689 us total, 11685 us display, type 3
[0;32mI (33084) NIMBLE_HIDH: notify handle 30 len 16[0m
[0;32mI (33114) NIMBLE_HIDH: notify handle 30 len 16[0m
frame 920: 41949 us total, 12552 us display, type 3
[0;32mI (33144) NIMBLE_HIDH: notify handle 30 len 16[0m
frame 921: 40535 us total, 12772 us display, type 3
[0;32mI (33159) NIMBLE_HIDH: notify handle 30 len 16[0m
[0;32mI (33189) NIMBLE_HIDH: notify handle 30 len 16[0m
frame 922: 41724 us total, 12229 us display, type 3
[0;32mI (33219) NIMBLE_HIDH: notify handle 30 len 16[0m
frame 923: 40858 us total, 11685 us display, type 3
[0;32mI (33249) NIMBLE_HIDH: notify handle 30 len 16[0m
[0;32mI (33279) NIMBLE_HIDH: notify handle 30 len 16[0m
frame 924: 41115 us total, 12121 us display, type 3
[0;32mI (33309) NIMBLE_HIDH: notify handle 30 len 16[0m
frame 925: 40232 us total, 12259 us display, type 3
[0;32mI (33339) NIMBLE_HIDH: notify handle 30 len 16[0m
frame 926: 40945 us total, 11776 us display, type 3
[0;32mI (33369) NIMBLE_HIDH: notify handle 30 len 16[0m
[0;32mI (33399) NIMBLE_HIDH: notify handle 30 len 16[0m
frame 927: 42157 us total, 12611 us display, type 3
[0;32mI (33429) NIMBLE_HIDH: notify handle 30 len 16[0m
frame 928: 40606 us total, 11693 us display, type 3
[0;32mI (33459) NIMBLE_HIDH: notify handle 30 len 16[0m
frame 929: 40374 us total, 11692 us display, type 3
[0;32mI (33489) NIMBLE_HIDH: notify handle 30 len 16[0m
[0;32mI (33519) NIMBLE_HIDH: notify handle 30 len 16[0m
frame 930: 41853 us total, 12525 us display, type 3
[0;32mI (33549) NIMBLE_HIDH: notify handle 30 len 16[0m
frame 931: 40619 us total, 11692 us display, type 3
[0;32mI (33594) NIMBLE_HIDH: notify handle 30 len 16[0m
frame 932: 40746 us total, 11685 us display, type 3
[0;32mI (33609) NIMBLE_HIDH: notify handle 30 len 16[0m
[0;32mI (33624) NIMBLE_HIDH: notify handle 30 len 16[0m
frame 933: 41472 us total, 11691 us display, type 3
[0;32mI (33654) NIMBLE_HIDH: notify handle 30 len 16[0m
[0;32mI (33684) NIMBLE_HIDH: notify handle 30 len 16[0m
frame 934: 42153 us total, 12229 us display, type 3
[0;32mI (33714) NIMBLE_HIDH: notify handle 30 len 16[0m
frame 935: 40581 us total, 11686 us display, type 3
[0;32mI (33744) NIMBLE_HIDH: notify handle 30 len 16[0m
frame 936: 40814 us total, 11685 us display, type 3
[0;32mI (33774) NIMBLE_HIDH: notify handle 30 len 16[0m
[0;32mI (33804) NIMBLE_HIDH: notify handle 30 len 16[0m
frame 937: 41394 us total, 12438 us display, type 3
[0;32mI (33834) NIMBLE_HIDH: notify handle 30 len 16[0m
frame 938: 41003 us total, 11693 us display, type 3
[0;32mI (33864) NIMBLE_HIDH: notify handle 30 len 16[0m
[0;32mI (33894) NIMBLE_HIDH: notify handle 30 len 16[0m
frame 939: 41563 us total, 12562 us display, type 3
[0;32mI (33924) NIMBLE_HIDH: notify handle 30 len 16[0m
frame 940: 40629 us total, 11692 us display, type 3
[0;32mI (33954) NIMBLE_HIDH: notify handle 30 len 16[0m
frame 941: 41184 us total, 11692 us display, type 3
[0;32mI (33984) NIMBLE_HIDH: notify handle 30 len 16[0m
[0;32mI (34014) NIMBLE_HIDH: notify handle 30 len 16[0m
frame 942: 41892 us total, 12640 us display, type 3
[0;32mI (34044) NIMBLE_HIDH: notify handle 30 len 16[0m
[0;32mI (34059) NIMBLE_HIDH: notify handle 30 len 16[0m
frame 943: 41480 us total, 12391 us display, type 3
[0;32mI (34089) NIMBLE_HIDH: notify handle 30 len 16[0m
frame 944: 40596 us total, 11692 us display, type 3
[0;32mI (34119) NIMBLE_HIDH: notify handle 30 len 16[0m
frame 945: 40775 us total, 11717 us display, type 3
[0;32mI (34149) NIMBLE_HIDH: notify handle 30 len 16[0m
[0;32mI (34179) NIMBLE_HIDH: notify handle 30 len 16[0m
frame 946: 41512 us total, 12268 us display, type 3
[0;32mI (34209) NIMBLE_HIDH: notify handle 30 len 16[0m
frame 947: 41099 us total, 11685 us display, type 3
[0;32mI (34239) NIMBLE_HIDH: notify handle 30 len 16[0m
frame 948: 40658 us total, 11692 us display, type 3
[0;32mI (34269) NIMBLE_HIDH: notify handle 30 len 16[0m
[0;32mI (34299) NIMBLE_HIDH: notify handle 30 len 16[0m
frame 949: 41681 us total, 12310 us display, type 3
[0;32mI (34329) NIMBLE_HIDH: notify handle 30 len 16[0m
frame 950: 40971 us total, 11699 us display, type 3
[0;32mI (34359) NIMBLE_HIDH: notify handle 30 len 16[0m
[0;32mI (34389) NIMBLE_HIDH: notify handle 30 len 16[0m
frame 951: 41034 us total, 12112 us display, type 3
[0;32mI (34419) NIMBLE_HIDH: notify handle 30 len 16[0m
frame 952: 40343 us total, 12271 us display, type 3
[0;32mI (34449) NIMBLE_HIDH: notify handle 30 len 16[0m
frame 953: 40855 us total, 11769 us display, type 3
[0;32mI (34479) NIMBLE_HIDH: notify handle 30 len 16[0m
[0;32mI (34509) NIMBLE_HIDH: notify handle 30 len 16[0m
frame 954: 41635 us total, 12226 us display, type 3
[0;32mI (34524) NIMBLE_HIDH: notify handle 30 len 16[0m
frame 955: 40611 us total, 11685 us display, type 3
[0;32mI (34554) NIMBLE_HIDH: notify handle 30 len 16[0m
[0;32mI (34584) NIMBLE_HIDH: notify handle 30 len 16[0m
frame 956: 41413 us total, 12599 us display, type 3
[0;32mI (34614) NIMBLE_HIDH: notify handle 30 len 16[0m
[0;32mI (34629) NIMBLE_HIDH: notify handle 30 len 16[0m
frame 957: 41509 us total, 12229 us display, type 3
[0;32mI (34659) NIMBLE_HIDH: notify handle 30 len 16[0m
frame 958: 40639 us total, 11692 us display, type 3
[0;32mI (34689) NIMBLE_HIDH: notify handle 30 len 16[0m
frame 959: 40804 us total, 11685 us display, type 3
[0;32mI (34719) NIMBLE_HIDH: notify handle 30 len 16[0m
[0;32mI (34749) NIMBLE_HIDH: notify handle 30 len 16[0m
frame 960: 41276 us total, 12269 us display, type 3
[0;32mI (34779) NIMBLE_HIDH: notify handle 30 len 16[0m
frame 961: 41283 us total, 11692 us display, type 3
[0;32mI (34809) NIMBLE_HIDH: notify handle 30 len 16[0m
[0;32mI (34839) NIMBLE_HIDH: notify handle 30 len 16[0m
frame 962: 41384 us total, 12441 us display, type 3
[0;32mI (34869) NIMBLE_HIDH: notify handle 30 len 16[0m
frame 963: 40763 us total, 11685 us display, type 3
[0;32mI (34899) NIMBLE_HIDH: notify handle 30 len 16[0m
frame 964: 40661 us total, 11699 us display, type 3
[0;32mI (34929) NIMBLE_HIDH: notify handle 30 len 16[0m
[0;32mI (34959) NIMBLE_HIDH: notify handle 30 len 16[0m
frame 965: 41497 us total, 12251 us display, type 3
[0;32mI (34989) NIMBLE_HIDH: notify handle 30 len 16[0m
frame 966: 40926 us total, 11731 us display, type 3
[0;32mI (35019) NIMBLE_HIDH: notify handle 30 len 16[0m
frame 967: 40604 us total, 11692 us display, type 3
[0;32mI (35049) NIMBLE_HIDH: notify handle 30 len 16[0m
[0;32mI (35079) NIMBLE_HIDH: notify handle 30 len 16[0m
frame 968: 42179 us total, 12278 us display, type 3
[0;32mI (35109) NIMBLE_HIDH: notify handle 30 len 16[0m
frame 969: 40944 us total, 11872 us display, type 3
[0;32mI (35139) NIMBLE_HIDH: notify handle 30 len 16[0m
[0;32mI (35169) NIMBLE_HIDH: notify handle 30 len 16[0m
frame 970: 41623 us total, 12563 us display, type 3
[0;32mI (35199) NIMBLE_HIDH: notify handle 30 len 16[0m
frame 971: 40567 us total, 11686 us display, type 3
[0;32mI (35229) NIMBLE_HIDH: notify handle 30 len 16[0m
frame 972: 40771 us total, 11692 us display, type 3
[0;32mI (35259) NIMBLE_HIDH: notify handle 30 len 16[0m
[0;32mI (35289) NIMBLE_HIDH: notify handle 30 len 16[0m
frame 973: 41993 us total, 12559 us display, type 3
[0;32mI (35319) NIMBLE_HIDH: notify handle 30 len 16[0m
frame 974: 40699 us total, 11758 us display, type 3
[0;32mI (35349) NIMBLE_HIDH: notify handle 30 len 16[0m
frame 975: 41167 us total, 11692 us display, type 3
[0;32mI (35379) NIMBLE_HIDH: notify handle 30 len 16[0m
[0;32mI (35394) NIMBLE_HIDH: notify handle 30 len 16[0m
frame 976: 41961 us total, 11699 us display, type 3
[0;32mI (35424) NIMBLE_HIDH: notify handle 30 len 16[0m
[0;32mI (35454) NIMBLE_HIDH: notify handle 30 len 16[0m
frame 977: 41695 us total, 12269 us display, type 3
[0;32mI (35469) NIMBLE_HIDH: notify handle 30 len 16[0m
[0;32mI (35499) NIMBLE_HIDH: notify handle 30 len 16[0m
frame 978: 41479 us total, 12559 us display, type 3
[0;32mI (35529) NIMBLE_HIDH: notify handle 30 len 16[0m
frame 979: 40711 us total, 11691 us display, type 3
[0;32mI (35559) NIMBLE_HIDH: notify handle 30 len 16[0m
frame 980: 41059 us total, 11938 us display, type 3
[0;32mI (35589) NIMBLE_HIDH: notify handle 30 len 16[0m
[0;32mI (35619) NIMBLE_HIDH: notify handle 30 len 16[0m
frame 981: 41613 us total, 12268 us display, type 3
[0;32mI (35649) NIMBLE_HIDH: notify handle 30 len 16[0m
frame 982: 41004 us total, 11685 us display, type 3
[0;32mI (35679) NIMBLE_HIDH: notify handle 30 len 16[0m
frame 983: 40622 us total, 11692 us display, type 3
[0;32mI (35709) NIMBLE_HIDH: notify handle 30 len 16[0m
[0;32mI (35739) NIMBLE_HIDH: notify handle 30 len 16[0m
frame 984: 41899 us total, 12284 us display, type 3
[0;32mI (35769) NIMBLE_HIDH: notify handle 30 len 16[0m
frame 985: 40780 us total, 11692 us display, type 3
[0;32mI (35799) NIMBLE_HIDH: notify handle 30 len 16[0m
[0;32mI (35829) NIMBLE_HIDH: notify handle 30 len 16[0m
frame 986: 41709 us total, 12537 us display, type 3
[0;32mI (35859) NIMBLE_HIDH: notify handle 30 len 16[0m
frame 987: 40661 us total, 12791 us display, type 3
[0;32mI (35889) NIMBLE_HIDH: notify handle 30 len 16[0m
frame 988: 41010 us total, 11692 us display, type 3
[0;32mI (35919) NIMBLE_HIDH: notify handle 30 len 16[0m
[0;32mI (35949) NIMBLE_HIDH: notify handle 30 len 16[0m
frame 989: 41927 us total, 12329 us display, type 3
[0;32mI (35979) NIMBLE_HIDH: notify handle 30 len 16[0m
frame 990: 40881 us total, 11786 us display, type 3
[0;32mI (36009) NIMBLE_HIDH: notify handle 30 len 16[0m
frame 991: 40654 us total, 11685 us display, type 3
[0;32mI (36039) NIMBLE_HIDH: notify handle 30 len 16[0m
frame 992: 41216 us total, 11817 us display, type 3
[0;32mI (36084) NIMBLE_HIDH: notify handle 30 len 16[0m
[0;32mI (36099) NIMBLE_HIDH: notify handle 30 len 16[0m
frame 993: 41931 us total, 11699 us display, type 3
[0;32mI (36129) NIMBLE_HIDH: notify handle 30 len 16[0m
[0;32mI (36159) NIMBLE_HIDH: notify handle 30 len 16[0m
frame 994: 41607 us total, 12611 us display, type 3
[0;32mI (36189) NIMBLE_HIDH: notify handle 30 len 16[0m
frame 995: 40730 us total, 12786 us display, type 3
[0;32mI (36219) NIMBLE_HIDH: notify handle 30 len 16[0m
frame 996: 41207 us total, 11685 us display, type 3
[0;32mI (36249) NIMBLE_HIDH: notify handle 30 len 16[0m
[0;32mI (36264) NIMBLE_HIDH: notify handle 30 len 16[0m
frame 997: 41853 us total, 11693 us display, type 3
[0;32mI (36294) NIMBLE_HIDH: notify handle 30 len 16[0m
[0;32mI (36324) NIMBLE_HIDH: notify handle 30 len 16[0m
frame 998: 41521 us total, 12557 us display, type 3
[0;32mI (36354) NIMBLE_HIDH: notify handle 30 len 16[0m
frame 999: 40528 us total, 12767 us display, type 3
[0;32mI (36384) NIMBLE_HIDH: notify handle 30 len 16[0m
frame 1000: 40961 us total, 11693 us display, type 3
[0;32mI (36414) NIMBLE_HIDH: notify handle 30 len 16[0m
[0;32mI (36444) NIMBLE_HIDH: notify handle 30 len 16[0m
frame 1001: 41439 us total, 12244 us display, type 3
[0;32mI (36474) NIMBLE_HIDH: notify handle 30 len 16[0m
frame 1002: 40950 us total, 11779 us display, type 3
[0;32mI (36504) NIMBLE_HIDH: notify handle 30 len 16[0m
frame 1003: 40951 us total, 11690 us display, type 3
[0;32mI (36534) NIMBLE_HIDH: notify handle 30 len 16[0m
[0;32mI (36564) NIMBLE_HIDH: notify handle 30 len 16[0m
frame 1004: 41816 us total, 12272 us display, type 3
[0;32mI (36594) NIMBLE_HIDH: notify handle 30 len 16[0m
frame 1005: 40794 us total, 11745 us display, type 3
[0;32mI (36624) NIMBLE_HIDH: notify handle 30 len 16[0m
[0;32mI (36639) NIMBLE_HIDH: notify handle 30 len 16[0m
frame 1006: 41635 us total, 11762 us display, type 3
[0;32mI (36669) NIMBLE_HIDH: notify handle 30 len 16[0m
frame 1007: 40679 us total, 11692 us display, type 3
[0;32mI (36699) NIMBLE_HIDH: notify handle 30 len 16[0m
[0;32mI (36714) NIMBLE_HIDH: notify handle 30 len 16[0m
frame 1008: 41927 us total, 11692 us display, type 3
[0;32mI (36744) NIMBLE_HIDH: notify handle 30 len 16[0m
[0;32mI (36774) NIMBLE_HIDH: notify handle 30 len 16[0m
frame 1009: 41733 us total, 12231 us display, type 3
[0;32mI (36804) NIMBLE_HIDH: notify handle 30 len 16[0m
frame 1010: 41274 us total, 11930 us display, type 3
[0;32mI (36834) NIMBLE_HIDH: notify handle 30 len 16[0m
frame 1011: 40817 us total, 11692 us display, type 3
[0;32mI (36864) NIMBLE_HIDH: notify handle 30 len 16[0m
[0;32mI (36894) NIMBLE_HIDH: notify handle 30 len 16[0m
frame 1012: 41609 us total, 12184 us display, type 3
[0;32mI (36924) NIMBLE_HIDH: notify handle 30 len 16[0m
frame 1013: 40938 us total, 11692 us display, type 3
[0;32mI (36954) NIMBLE_HIDH: notify handle 30 len 16[0m
[0;32mI (36984) NIMBLE_HIDH: notify handle 30 len 16[0m
frame 1014: 41644 us total, 12643 us display, type 3
[0;32mI (37014) NIMBLE_HIDH: notify handle 30 len 16[0m
frame 1015: 40710 us total, 12782 us display, type 3
[0;32mI (37044) NIMBLE_HIDH: notify handle 30 len 16[0m
frame 1016: 40906 us total, 11699 us display, type 3
[0;32mI (37074) NIMBLE_HIDH: notify handle 30 len 16[0m
[0;32mI (37104) NIMBLE_HIDH: notify handle 30 len 16[0m
frame 1017: 42068 us total, 12469 us display, type 3
[0;32mI (37134) NIMBLE_HIDH: notify handle 30 len 16[0m
frame 1018: 40976 us total, 11786 us display, type 3
[0;32mI (37164) NIMBLE_HIDH: notify handle 30 len 16[0m
frame 1019: 40620 us total, 11685 us display, type 3
[0;32mI (37194) NIMBLE_HIDH: notify handle 30 len 16[0m
[0;32mI (37224) NIMBLE_HIDH: notify handle 30 len 16[0m
frame 1020: 42148 us total, 12511 us display, type 3
[0;32mI (37254) NIMBLE_HIDH: notify handle 30 len 16[0m
frame 1021: 40763 us total, 11692 us display, type 3
[0;32mI (37284) NIMBLE_HIDH: notify handle 30 len 16[0m
[0;32mI (37314) NIMBLE_HIDH: notify handle 30 len 16[0m
frame 1022: 41228 us total, 12122 us display, type 3
[0;32mI (37344) NIMBLE_HIDH: notify handle 30 len 16[0m
frame 1023: 40083 us total, 12265 us display, type 3
[0;32mI (37374) NIMBLE_HIDH: notify handle 30 len 16[0m
frame 1024: 41374 us total, 11685 us display, type 3
mem @frame 1024: heap free 66484, largest 40960, min ever 65664, zone free 55016, stack free 14540, uptime 37 s, gamestate 0, demo 0, usergame 1, tic 1205
[0;32mI (37404) NIMBLE_HIDH: notify handle 30 len 16[0m
[0;32mI (37434) NIMBLE_HIDH: notify handle 30 len 16[0m
frame 1025: 42827 us total, 12491 us display, type 3
[0;32mI (37449) NIMBLE_HIDH: notify handle 30 len 16[0m
[0;32mI (37479) NIMBLE_HIDH: notify handle 30 len 16[0m
frame 1026: 41480 us total, 12539 us display, type 3
[0;32mI (37509) NIMBLE_HIDH: notify handle 30 len 16[0m
frame 1027: 40767 us total, 11685 us display, type 3
[0;32mI (37539) NIMBLE_HIDH: notify handle 30 len 16[0m
frame 1028: 40879 us total, 11698 us display, type 3
[0;32mI (37569) NIMBLE_HIDH: notify handle 30 len 16[0m
[0;32mI (37599) NIMBLE_HIDH: notify handle 30 len 16[0m
frame 1029: 41873 us total, 12454 us display, type 3
[0;32mI (37629) NIMBLE_HIDH: notify handle 30 len 16[0m
frame 1030: 40751 us total, 11791 us display, type 3
[0;32mI (37659) NIMBLE_HIDH: notify handle 30 len 16[0m
frame 1031: 41092 us total, 11697 us display, type 3
[0;32mI (37689) NIMBLE_HIDH: notify handle 30 len 16[0m
[0;32mI (37719) NIMBLE_HIDH: notify handle 30 len 16[0m
frame 1032: 41875 us total, 12431 us display, type 3
[0;32mI (37749) NIMBLE_HIDH: notify handle 30 len 16[0m
frame 1033: 40881 us total, 11685 us display, type 3
[0;32mI (37779) NIMBLE_HIDH: notify handle 30 len 16[0m
[0;32mI (37809) NIMBLE_HIDH: notify handle 30 len 16[0m
frame 1034: 41154 us total, 12127 us display, type 3
[0;32mI (37824) NIMBLE_HIDH: notify handle 30 len 16[0m
frame 1035: 40622 us total, 11686 us display, type 3
[0;32mI (37854) NIMBLE_HIDH: notify handle 30 len 16[0m
[0;32mI (37869) NIMBLE_HIDH: notify handle 30 len 16[0m
frame 1036: 42397 us total, 11807 us display, type 3
[0;32mI (37899) NIMBLE_HIDH: notify handle 30 len 16[0m
[0;32mI (37929) NIMBLE_HIDH: notify handle 30 len 16[0m
frame 1037: 41564 us total, 12267 us display, type 3
[0;32mI (37959) NIMBLE_HIDH: notify handle 30 len 16[0m
frame 1038: 41223 us total, 11686 us display, type 3
[0;32mI (37989) NIMBLE_HIDH: notify handle 30 len 16[0m
frame 1039: 40572 us total, 11699 us display, type 3
[0;32mI (38019) NIMBLE_HIDH: notify handle 30 len 16[0m
[0;32mI (38049) NIMBLE_HIDH: notify handle 30 len 16[0m
frame 1040: 41775 us total, 12280 us display, type 3
[0;32mI (38079) NIMBLE_HIDH: notify handle 30 len 16[0m
frame 1041: 40746 us total, 11692 us display, type 3
[0;32mI (38109) NIMBLE_HIDH: notify handle 30 len 16[0m
[0;32mI (38139) NIMBLE_HIDH: notify handle 30 len 16[0m
frame 1042: 41658 us total, 12505 us display, type 3
[0;32mI (38169) NIMBLE_HIDH: notify handle 30 len 16[0m
frame 1043: 40567 us total, 12766 us display, type 3
[0;32mI (38184) NIMBLE_HIDH: notify handle 30 len 16[0m
[0;32mI (38214) NIMBLE_HIDH: notify handle 30 len 16[0m
frame 1044: 41853 us total, 12431 us display, type 3
[0;32mI (38244) NIMBLE_HIDH: notify handle 30 len 16[0m
frame 1045: 41335 us total, 11692 us display, type 3
[0;32mI (38289) NIMBLE_HIDH: notify handle 30 len 16[0m
[0;32mI (38304) NIMBLE_HIDH: notify handle 30 len 16[0m
frame 1046: 41497 us total, 12492 us display, type 3
[0;32mI (38334) NIMBLE_HIDH: notify handle 30 len 16[0m
frame 1047: 40749 us total, 11685 us display, type 3
[0;32mI (38364) NIMBLE_HIDH: notify handle 30 len 16[0m
frame 1048: 40842 us total, 11692 us display, type 3
[0;32mI (38394) NIMBLE_HIDH: notify handle 30 len 16[0m
[0;32mI (38424) NIMBLE_HIDH: notify handle 30 len 16[0m
frame 1049: 41856 us total, 12502 us display, type 3
[0;32mI (38454) NIMBLE_HIDH: notify handle 30 len 16[0m
frame 1050: 40714 us total, 11788 us display, type 3
[0;32mI (38484) NIMBLE_HIDH: notify handle 30 len 16[0m
frame 1051: 41093 us total, 11692 us display, type 3
[0;32mI (38514) NIMBLE_HIDH: notify handle 30 len 16[0m
[0;32mI (38544) NIMBLE_HIDH: notify handle 30 len 16[0m
frame 1052: 41924 us total, 12422 us display, type 3
[0;32mI (38574) NIMBLE_HIDH: notify handle 30 len 16[0m
frame 1053: 40747 us total, 11692 us display, type 3
[0;32mI (38604) NIMBLE_HIDH: notify handle 30 len 16[0m
[0;32mI (38634) NIMBLE_HIDH: notify handle 30 len 16[0m
frame 1054: 41799 us total, 12620 us display, type 3
[0;32mI (38664) NIMBLE_HIDH: notify handle 30 len 16[0m
frame 1055: 40557 us total, 12795 us display, type 3
[0;32mI (38694) NIMBLE_HIDH: notify handle 30 len 16[0m
frame 1056: 41098 us total, 11692 us display, type 3
[0;32mI (38724) NIMBLE_HIDH: notify handle 30 len 16[0m
[0;32mI (38754) NIMBLE_HIDH: notify handle 30 len 16[0m
frame 1057: 41480 us total, 12277 us display, type 3
[0;32mI (38784) NIMBLE_HIDH: notify handle 30 len 16[0m
frame 1058: 41247 us total, 11786 us display, type 3
[0;32mI (38814) NIMBLE_HIDH: notify handle 30 len 16[0m
frame 1059: 40664 us total, 11685 us display, type 3
[0;32mI (38844) NIMBLE_HIDH: notify handle 30 len 16[0m
[0;32mI (38874) NIMBLE_HIDH: notify handle 30 len 16[0m
frame 1060: 41880 us total, 12275 us display, type 3
[0;32mI (38904) NIMBLE_HIDH: notify handle 30 len 16[0m
frame 1061: 40875 us total, 11766 us display, type 3
[0;32mI (38934) NIMBLE_HIDH: notify handle 30 len 16[0m
[0;32mI (38964) NIMBLE_HIDH: notify handle 30 len 16[0m
frame 1062: 41279 us total, 12283 us display, type 3
[0;32mI (38994) NIMBLE_HIDH: notify handle 30 len 16[0m
frame 1063: 40371 us total, 12274 us display, type 3
[0;32mI (39024) NIMBLE_HIDH: notify handle 30 len 16[0m
frame 1064: 41166 us total, 11984 us display, type 3
[0;32mI (39054) NIMBLE_HIDH: notify handle 30 len 16[0m
[0;32mI (39084) NIMBLE_HIDH: notify handle 30 len 16[0m
frame 1065: 42144 us total, 12409 us display, type 3
[0;32mI (39114) NIMBLE_HIDH: notify handle 30 len 16[0m
frame 1066: 40624 us total, 11694 us display, type 3
[0;32mI (39144) NIMBLE_HIDH: notify handle 30 len 16[0m
frame 1067: 40441 us total, 11692 us display, type 3
[0;32mI (39174) NIMBLE_HIDH: notify handle 30 len 16[0m
[0;32mI (39204) NIMBLE_HIDH: notify handle 30 len 16[0m
frame 1068: 41747 us total, 12350 us display, type 3
[0;32mI (39234) NIMBLE_HIDH: notify handle 30 len 16[0m
frame 1069: 40592 us total, 11685 us display, type 3
[0;32mI (39264) NIMBLE_HIDH: notify handle 30 len 16[0m
frame 1070: 40870 us total, 11685 us display, type 3
[0;32mI (39294) NIMBLE_HIDH: notify handle 30 len 16[0m
[0;32mI (39324) NIMBLE_HIDH: notify handle 30 len 16[0m
frame 1071: 41333 us total, 12354 us display, type 3
[0;32mI (39354) NIMBLE_HIDH: notify handle 30 len 16[0m
frame 1072: 41410 us total, 11697 us display, type 3
[0;32mI (39384) NIMBLE_HIDH: notify handle 30 len 16[0m
[0;32mI (39414) NIMBLE_HIDH: notify handle 30 len 16[0m
frame 1073: 41414 us total, 12445 us display, type 3
[0;32mI (39444) NIMBLE_HIDH: notify handle 30 len 16[0m
frame 1074: 40711 us total, 11685 us display, type 3
[0;32mI (39474) NIMBLE_HIDH: notify handle 30 len 16[0m
frame 1075: 40631 us total, 11692 us display, type 3
[0;32mI (39504) NIMBLE_HIDH: notify handle 30 len 16[0m
[0;32mI (39534) NIMBLE_HIDH: notify handle 30 len 16[0m
frame 1076: 41698 us total, 12258 us display, type 3
[0;32mI (39564) NIMBLE_HIDH: notify handle 30 len 16[0m
frame 1077: 40811 us total, 11912 us display, type 3
[0;32mI (39594) NIMBLE_HIDH: notify handle 30 len 16[0m
frame 1078: 40664 us total, 11692 us display, type 3
[0;32mI (39624) NIMBLE_HIDH: notify handle 30 len 16[0m
[0;32mI (39639) NIMBLE_HIDH: notify handle 30 len 16[0m
frame 1079: 42365 us total, 11689 us display, type 3
[0;32mI (39669) NIMBLE_HIDH: notify handle 30 len 16[0m
[0;32mI (39699) NIMBLE_HIDH: notify handle 30 len 16[0m
frame 1080: 41549 us total, 12180 us display, type 3
[0;32mI (39729) NIMBLE_HIDH: notify handle 30 len 16[0m
frame 1081: 40786 us total, 11699 us display, type 3
[0;32mI (39759) NIMBLE_HIDH: notify handle 30 len 16[0m
frame 1082: 40665 us total, 11693 us display, type 3
[0;32mI (39789) NIMBLE_HIDH: notify handle 30 len 16[0m
[0;32mI (39819) NIMBLE_HIDH: notify handle 30 len 16[0m
frame 1083: 41765 us total, 12288 us display, type 3
[0;32mI (39849) NIMBLE_HIDH: notify handle 30 len 16[0m
frame 1084: 40935 us total, 11743 us display, type 3
[0;32mI (39879) NIMBLE_HIDH: notify handle 30 len 16[0m
[0;32mI (39909) NIMBLE_HIDH: notify handle 30 len 16[0m
frame 1085: 41663 us total, 12557 us display, type 3
frame 1086: 40088 us total, 11692 us display, type 3
[0;32mI (39954) NIMBLE_HIDH: notify handle 30 len 16[0m
[0;32mI (39969) NIMBLE_HIDH: notify handle 30 len 16[0m
frame 1087: 41960 us total, 11698 us display, type 3
[0;32mI (39999) NIMBLE_HIDH: notify handle 30 len 16[0m
[0;32mI (40029) NIMBLE_HIDH: notify handle 30 len 16[0m
frame 1088: 41760 us total, 12271 us display, type 3
[0;32mI (40059) NIMBLE_HIDH: notify handle 30 len 16[0m
frame 1089: 40762 us total, 11857 us display, type 3
[0;32mI (40089) NIMBLE_HIDH: notify handle 30 len 16[0m
frame 1090: 40846 us total, 11698 us display, type 3
[0;32mI (40119) NIMBLE_HIDH: notify handle 30 len 16[0m
[0;32mI (40149) NIMBLE_HIDH: notify handle 30 len 16[0m
frame 1091: 41673 us total, 12258 us display, type 3
[0;32mI (40179) NIMBLE_HIDH: notify handle 30 len 16[0m
frame 1092: 41240 us total, 11963 us display, type 3
[0;32mI (40209) NIMBLE_HIDH: notify handle 30 len 16[0m
[0;32mI (40239) NIMBLE_HIDH: notify handle 30 len 16[0m
frame 1093: 41881 us total, 12557 us display, type 3
[0;32mI (40269) NIMBLE_HIDH: notify handle 30 len 16[0m
frame 1094: 40759 us total, 11699 us display, type 3
[0;32mI (40299) NIMBLE_HIDH: notify handle 30 len 16[0m
frame 1095: 41089 us total, 12004 us display, type 3
[0;32mI (40329) NIMBLE_HIDH: notify handle 30 len 16[0m
[0;32mI (40359) NIMBLE_HIDH: notify handle 30 len 16[0m
frame 1096: 41544 us total, 12235 us display, type 3
[0;32mI (40374) NIMBLE_HIDH: notify handle 30 len 16[0m
[0;32mI (40404) NIMBLE_HIDH: notify handle 30 len 16[0m
frame 1097: 41646 us total, 12554 us display, type 3
[0;32mI (40434) NIMBLE_HIDH: notify handle 30 len 16[0m
frame 1098: 40580 us total, 11685 us display, type 3
[0;32mI (40464) NIMBLE_HIDH: notify handle 30 len 16[0m
frame 1099: 41222 us total, 11948 us display, type 3
[0;32mI (40494) NIMBLE_HIDH: notify handle 30 len 16[0m
[0;32mI (40524) NIMBLE_HIDH: notify handle 30 len 16[0m
frame 1100: 42164 us total, 12489 us display, type 3
[0;32mI (40554) NIMBLE_HIDH: notify handle 30 len 16[0m
frame 1101: 40755 us total, 11698 us display, type 3
[0;32mI (40584) NIMBLE_HIDH: notify handle 30 len 16[0m
frame 1102: 40647 us total, 11686 us display, type 3
[0;32mI (40614) NIMBLE_HIDH: notify handle 30 len 16[0m
[0;32mI (40644) NIMBLE_HIDH: notify handle 30 len 16[0m
frame 1103: 41498 us total, 12260 us display, type 3
[0;32mI (40674) NIMBLE_HIDH: notify handle 30 len 16[0m
frame 1104: 41225 us total, 11869 us display, type 3
[0;32mI (40704) NIMBLE_HIDH: notify handle 30 len 16[0m
[0;32mI (40734) NIMBLE_HIDH: notify handle 30 len 16[0m
frame 1105: 41488 us total, 12542 us display, type 3
[0;32mI (40764) NIMBLE_HIDH: notify handle 30 len 16[0m
frame 1106: 40780 us total, 11685 us display, type 3
[0;32mI (40779) NIMBLE_HIDH: notify handle 30 len 16[0m
[0;32mI (40809) NIMBLE_HIDH: notify handle 30 len 16[0m
frame 1107: 41913 us total, 12278 us display, type 3
[0;32mI (40839) NIMBLE_HIDH: notify handle 30 len 16[0m
frame 1108: 41037 us total, 11692 us display, type 3
[0;32mI (40869) NIMBLE_HIDH: notify handle 30 len 16[0m
[0;32mI (40899) NIMBLE_HIDH: notify handle 30 len 16[0m
frame 1109: 41494 us total, 12569 us display, type 3
[0;32mI (40929) NIMBLE_HIDH: notify handle 30 len 16[0m
frame 1110: 40685 us total, 11685 us display, type 3
[0;32mI (40959) NIMBLE_HIDH: notify handle 30 len 16[0m
frame 1111: 40844 us total, 11685 us display, type 3
[0;32mI (40989) NIMBLE_HIDH: notify handle 30 len 16[0m
[0;32mI (41019) NIMBLE_HIDH: notify handle 30 len 16[0m
frame 1112: 41684 us total, 12496 us display, type 3
[0;32mI (41064) NIMBLE_HIDH: notify handle 30 len 16[0m
frame 1113: 40377 us total, 12097 us display, type 3
[0;32mI (41079) NIMBLE_HIDH: notify handle 30 len 16[0m
frame 1114: 41090 us total, 11685 us display, type 3
[0;32mI (41109) NIMBLE_HIDH: notify handle 30 len 16[0m
[0;32mI (41139) NIMBLE_HIDH: notify handle 30 len 16[0m
frame 1115: 42265 us total, 12635 us display, type 3
[0;32mI (41169) NIMBLE_HIDH: notify handle 30 len 16[0m
frame 1116: 40792 us total, 11686 us display, type 3
[0;32mI (41199) NIMBLE_HIDH: notify handle 30 len 16[0m
[0;32mI (41229) NIMBLE_HIDH: notify handle 30 len 16[0m
frame 1117: 41787 us total, 12609 us display, type 3
[0;32mI (41259) NIMBLE_HIDH: notify handle 30 len 16[0m
frame 1118: 40621 us total, 12764 us display, type 3
[0;32mI (41289) NIMBLE_HIDH: notify handle 30 len 16[0m
frame 1119: 40934 us total, 11707 us display, type 3
[0;32mI (41319) NIMBLE_HIDH: notify handle 30 len 16[0m
[0;32mI (41349) NIMBLE_HIDH: notify handle 30 len 16[0m
frame 1120: 41580 us total, 12289 us display, type 3
[0;32mI (41379) NIMBLE_HIDH: notify handle 30 len 16[0m
frame 1121: 41020 us total, 11748 us display, type 3
[0;32mI (41409) NIMBLE_HIDH: notify handle 30 len 16[0m
frame 1122: 40913 us total, 11685 us display, type 3
[0;32mI (41439) NIMBLE_HIDH: notify handle 30 len 16[0m
[0;32mI (41469) NIMBLE_HIDH: notify handle 30 len 16[0m
frame 1123: 41644 us total, 12258 us display, type 3
[0;32mI (41499) NIMBLE_HIDH: notify handle 30 len 16[0m
frame 1124: 41096 us total, 11842 us display, type 3
[0;32mI (41529) NIMBLE_HIDH: notify handle 30 len 16[0m
[0;32mI (41559) NIMBLE_HIDH: notify handle 30 len 16[0m
frame 1125: 41264 us total, 12284 us display, type 3
[0;32mI (41589) NIMBLE_HIDH: notify handle 30 len 16[0m
frame 1126: 40328 us total, 12274 us display, type 3
[0;32mI (41634) NIMBLE_HIDH: notify handle 30 len 16[0m
frame 1127: 40593 us total, 12286 us display, type 3
[0;32mI (41649) NIMBLE_HIDH: notify handle 30 len 16[0m
[0;32mI (41679) NIMBLE_HIDH: notify handle 30 len 16[0m
frame 1128: 41823 us total, 12441 us display, type 3
[0;32mI (41709) NIMBLE_HIDH: notify handle 30 len 16[0m
frame 1129: 40663 us total, 11692 us display, type 3
[0;32mI (41739) NIMBLE_HIDH: notify handle 30 len 16[0m
frame 1130: 40926 us total, 11942 us display, type 3
[0;32mI (41769) NIMBLE_HIDH: notify handle 30 len 16[0m
[0;32mI (41799) NIMBLE_HIDH: notify handle 30 len 16[0m
frame 1131: 42156 us total, 12626 us display, type 3
[0;32mI (41829) NIMBLE_HIDH: notify handle 30 len 16[0m
frame 1132: 40639 us total, 11692 us display, type 3
[0;32mI (41859) NIMBLE_HIDH: notify handle 30 len 16[0m
frame 1133: 40902 us total, 11685 us display, type 3
[0;32mI (41889) NIMBLE_HIDH: notify handle 30 len 16[0m
[0;32mI (41919) NIMBLE_HIDH: notify handle 30 len 16[0m
frame 1134: 41270 us total, 12208 us display, type 3
[0;32mI (41949) NIMBLE_HIDH: notify handle 30 len 16[0m
frame 1135: 41332 us total, 11692 us display, type 3
[0;32mI (41979) NIMBLE_HIDH: notify handle 30 len 16[0m
[0;32mI (42009) NIMBLE_HIDH: notify handle 30 len 16[0m
frame 1136: 41407 us total, 12431 us display, type 3
[0;32mI (42024) NIMBLE_HIDH: notify handle 30 len 16[0m
frame 1137: 40522 us total, 11692 us display, type 3
[0;32mI (42054) NIMBLE_HIDH: notify handle 30 len 16[0m
[0;32mI (42069) NIMBLE_HIDH: notify handle 30 len 16[0m
frame 1138: 41805 us total, 11692 us display, type 3
[0;32mI (42099) NIMBLE_HIDH: notify handle 30 len 16[0m
[0;32mI (42129) NIMBLE_HIDH: notify handle 30 len 16[0m
frame 1139: 41594 us total, 12257 us display, type 3
[0;32mI (42174) NIMBLE_HIDH: notify handle 30 len 16[0m
frame 1140: 41005 us total, 12756 us display, type 3
[0;32mI (42189) NIMBLE_HIDH: notify handle 30 len 16[0m
frame 1141: 40583 us total, 11695 us display, type 3
[0;32mI (42219) NIMBLE_HIDH: notify handle 30 len 16[0m
[0;32mI (42249) NIMBLE_HIDH: notify handle 30 len 16[0m
frame 1142: 41885 us total, 12280 us display, type 3
[0;32mI (42279) NIMBLE_HIDH: notify handle 30 len 16[0m
frame 1143: 40789 us total, 11685 us display, type 3
[0;32mI (42309) NIMBLE_HIDH: notify handle 30 len 16[0m
[0;32mI (42339) NIMBLE_HIDH: notify handle 30 len 16[0m
frame 1144: 41608 us total, 12526 us display, type 3
[0;32mI (42369) NIMBLE_HIDH: notify handle 30 len 16[0m
frame 1145: 40534 us total, 11692 us display, type 3
[0;32mI (42399) NIMBLE_HIDH: notify handle 30 len 16[0m
frame 1146: 41044 us total, 11862 us display, type 3
[0;32mI (42429) NIMBLE_HIDH: notify handle 30 len 16[0m
[0;32mI (42459) NIMBLE_HIDH: notify handle 30 len 16[0m
frame 1147: 41722 us total, 12266 us display, type 3
[0;32mI (42489) NIMBLE_HIDH: notify handle 30 len 16[0m
[0;32mI (42504) NIMBLE_HIDH: notify handle 30 len 16[0m
frame 1148: 41425 us total, 12437 us display, type 3
[0;32mI (42534) NIMBLE_HIDH: notify handle 30 len 16[0m
frame 1149: 41096 us total, 11692 us display, type 3
[0;32mI (42564) NIMBLE_HIDH: notify handle 30 len 16[0m
[0;32mI (42579) NIMBLE_HIDH: notify handle 30 len 16[0m
frame 1150: 41600 us total, 12577 us display, type 3
[0;32mI (42609) NIMBLE_HIDH: notify handle 30 len 16[0m
frame 1151: 40939 us total, 11686 us display, type 3
[0;32mI (42639) NIMBLE_HIDH: notify handle 30 len 16[0m
[0;32mI (42669) NIMBLE_HIDH: notify handle 30 len 16[0m
frame 1152: 41515 us total, 12541 us display, type 3
[0;32mI (42699) NIMBLE_HIDH: notify handle 30 len 16[0m
frame 1153: 40719 us total, 11693 us display, type 3
[0;32mI (42729) NIMBLE_HIDH: notify handle 30 len 16[0m
frame 1154: 40987 us total, 11895 us display, type 3
[0;32mI (42759) NIMBLE_HIDH: notify handle 30 len 16[0m
[0;32mI (42789) NIMBLE_HIDH: notify handle 30 len 16[0m
frame 1155: 41542 us total, 12240 us display, type 3
[0;32mI (42819) NIMBLE_HIDH: notify handle 30 len 16[0m
frame 1156: 41171 us total, 11692 us display, type 3
[0;32mI (42849) NIMBLE_HIDH: notify handle 30 len 16[0m
frame 1157: 40707 us total, 11692 us display, type 3
[0;32mI (42879) NIMBLE_HIDH: notify handle 30 len 16[0m
[0;32mI (42909) NIMBLE_HIDH: notify handle 30 len 16[0m
frame 1158: 41881 us total, 12291 us display, type 3
[0;32mI (42939) NIMBLE_HIDH: notify handle 30 len 16[0m
frame 1159: 40973 us total, 11919 us display, type 3
[0;32mI (42969) NIMBLE_HIDH: notify handle 30 len 16[0m
[0;32mI (42999) NIMBLE_HIDH: notify handle 30 len 16[0m
frame 1160: 41676 us total, 12568 us display, type 3
[0;32mI (43029) NIMBLE_HIDH: notify handle 30 len 16[0m
frame 1161: 40558 us total, 11685 us display, type 3
[0;32mI (43059) NIMBLE_HIDH: notify handle 30 len 16[0m
[0;32mI (43074) NIMBLE_HIDH: notify handle 30 len 16[0m
frame 1162: 41864 us total, 12251 us display, type 3
[0;32mI (43104) NIMBLE_HIDH: notify handle 30 len 16[0m
frame 1163: 40891 us total, 11805 us display, type 3
[0;32mI (43134) NIMBLE_HIDH: notify handle 30 len 16[0m
[0;32mI (43164) NIMBLE_HIDH: notify handle 30 len 16[0m
frame 1164: 41523 us total, 12532 us display, type 3
[0;32mI (43194) NIMBLE_HIDH: notify handle 30 len 16[0m
frame 1165: 40719 us total, 11687 us display, type 3
[0;32mI (43224) NIMBLE_HIDH: notify handle 30 len 16[0m
frame 1166: 40877 us total, 11685 us display, type 3
[0;32mI (43254) NIMBLE_HIDH: notify handle 30 len 16[0m
[0;32mI (43284) NIMBLE_HIDH: notify handle 30 len 16[0m
frame 1167: 41846 us total, 12347 us display, type 3
[0;32mI (43314) NIMBLE_HIDH: notify handle 30 len 16[0m
frame 1168: 40715 us total, 11784 us display, type 3
[0;32mI (43344) NIMBLE_HIDH: notify handle 30 len 16[0m
frame 1169: 41084 us total, 11693 us display, type 3
[0;32mI (43374) NIMBLE_HIDH: notify handle 30 len 16[0m
[0;32mI (43404) NIMBLE_HIDH: notify handle 30 len 16[0m
frame 1170: 41926 us total, 12436 us display, type 3
[0;32mI (43434) NIMBLE_HIDH: notify handle 30 len 16[0m
frame 1171: 40916 us total, 11692 us display, type 3
[0;32mI (43464) NIMBLE_HIDH: notify handle 30 len 16[0m
[0;32mI (43494) NIMBLE_HIDH: notify handle 30 len 16[0m
frame 1172: 41719 us total, 12721 us display, type 3
[0;32mI (43524) NIMBLE_HIDH: notify handle 30 len 16[0m
frame 1173: 40511 us total, 12762 us display, type 3
[0;32mI (43539) NIMBLE_HIDH: notify handle 30 len 16[0m
[0;32mI (43569) NIMBLE_HIDH: notify handle 30 len 16[0m
frame 1174: 41859 us total, 12241 us display, type 3
[0;32mI (43599) NIMBLE_HIDH: notify handle 30 len 16[0m
[0;32mI (43614) NIMBLE_HIDH: notify handle 30 len 16[0m
frame 1175: 41200 us total, 12151 us display, type 3
[0;32mI (43644) NIMBLE_HIDH: notify handle 30 len 16[0m
frame 1176: 41389 us total, 11851 us display, type 3
[0;32mI (43674) NIMBLE_HIDH: notify handle 30 len 16[0m
frame 1177: 40628 us total, 11692 us display, type 3
[0;32mI (43704) NIMBLE_HIDH: notify handle 30 len 16[0m
[0;32mI (43734) NIMBLE_HIDH: notify handle 30 len 16[0m
frame 1178: 41773 us total, 12245 us display, type 3
[0;32mI (43764) NIMBLE_HIDH: notify handle 30 len 16[0m
frame 1179: 40761 us total, 11692 us display, type 3
[0;32mI (43794) NIMBLE_HIDH: notify handle 30 len 16[0m
[0;32mI (43824) NIMBLE_HIDH: notify handle 30 len 16[0m
frame 1180: 41290 us total, 12143 us display, type 3
[0;32mI (43854) NIMBLE_HIDH: notify handle 30 len 16[0m
frame 1181: 40055 us total, 12274 us display, type 3
[0;32mI (43884) NIMBLE_HIDH: notify handle 30 len 16[0m
frame 1182: 41051 us total, 11894 us display, type 3
[0;32mI (43914) NIMBLE_HIDH: notify handle 30 len 16[0m
[0;32mI (43944) NIMBLE_HIDH: notify handle 30 len 16[0m
frame 1183: 42166 us total, 12426 us display, type 3
[0;32mI (43974) NIMBLE_HIDH: notify handle 30 len 16[0m
frame 1184: 40661 us total, 11693 us display, type 3
[0;32mI (44004) NIMBLE_HIDH: notify handle 30 len 16[0m
frame 1185: 40508 us total, 11686 us display, type 3
[0;32mI (44034) NIMBLE_HIDH: notify handle 30 len 16[0m
[0;32mI (44064) NIMBLE_HIDH: notify handle 30 len 16[0m
frame 1186: 41643 us total, 12269 us display, type 3
[0;32mI (44079) NIMBLE_HIDH: notify handle 30 len 16[0m
[0;32mI (44109) NIMBLE_HIDH: notify handle 30 len 16[0m
frame 1187: 41249 us total, 12196 us display, type 3
[0;32mI (44139) NIMBLE_HIDH: notify handle 30 len 16[0m
frame 1188: 40599 us total, 11692 us display, type 3
[0;32mI (44154) NIMBLE_HIDH: notify handle 30 len 16[0m
[0;32mI (44184) NIMBLE_HIDH: notify handle 30 len 16[0m
frame 1189: 41207 us total, 12278 us display, type 3
[0;32mI (44214) NIMBLE_HIDH: notify handle 30 len 16[0m
frame 1190: 41367 us total, 11689 us display, type 3
[0;32mI (44244) NIMBLE_HIDH: notify handle 30 len 16[0m
[0;32mI (44274) NIMBLE_HIDH: notify handle 30 len 16[0m
frame 1191: 41362 us total, 12424 us display, type 3
[0;32mI (44304) NIMBLE_HIDH: notify handle 30 len 16[0m
frame 1192: 40789 us total, 11686 us display, type 3
[0;32mI (44334) NIMBLE_HIDH: notify handle 30 len 16[0m
frame 1193: 40636 us total, 11692 us display, type 3
[0;32mI (44364) NIMBLE_HIDH: notify handle 30 len 16[0m
frame 1194: 41114 us total, 11685 us display, type 3
[0;32mI (44409) NIMBLE_HIDH: notify handle 30 len 16[0m
[0;32mI (44424) NIMBLE_HIDH: notify handle 30 len 16[0m
frame 1195: 41439 us total, 11692 us display, type 3
[0;32mI (44454) NIMBLE_HIDH: notify handle 30 len 16[0m
frame 1196: 40781 us total, 11685 us display, type 3
[0;32mI (44484) NIMBLE_HIDH: notify handle 30 len 16[0m
[0;32mI (44514) NIMBLE_HIDH: notify handle 30 len 16[0m
frame 1197: 42246 us total, 12632 us display, type 3
[0;32mI (44544) NIMBLE_HIDH: notify handle 30 len 16[0m
frame 1198: 40843 us total, 11693 us display, type 3
[0;32mI (44574) NIMBLE_HIDH: notify handle 30 len 16[0m
[0;32mI (44604) NIMBLE_HIDH: notify handle 30 len 16[0m
frame 1199: 41728 us total, 12615 us display, type 3
[0;32mI (44634) NIMBLE_HIDH: notify handle 30 len 16[0m
frame 1200: 40598 us total, 11692 us display, type 3
[0;32mI (44664) NIMBLE_HIDH: notify handle 30 len 16[0m
frame 1201: 40941 us total, 11734 us display, type 3
[0;32mI (44694) NIMBLE_HIDH: notify handle 30 len 16[0m
[0;32mI (44724) NIMBLE_HIDH: notify handle 30 len 16[0m
frame 1202: 41586 us total, 12273 us display, type 3
[0;32mI (44739) NIMBLE_HIDH: notify handle 30 len 16[0m
[0;32mI (44769) NIMBLE_HIDH: notify handle 30 len 16[0m
frame 1203: 41608 us total, 12557 us display, type 3
[0;32mI (44799) NIMBLE_HIDH: notify handle 30 len 16[0m
frame 1204: 40957 us total, 11700 us display, type 3
[0;32mI (44829) NIMBLE_HIDH: notify handle 30 len 16[0m
frame 1205: 40859 us total, 11874 us display, type 3
[0;32mI (44859) NIMBLE_HIDH: notify handle 30 len 16[0m
[0;32mI (44889) NIMBLE_HIDH: notify handle 30 len 16[0m
frame 1206: 42172 us total, 12609 us display, type 3
[0;32mI (44919) NIMBLE_HIDH: notify handle 30 len 16[0m
frame 1207: 40578 us total, 11685 us display, type 3
[0;32mI (44949) NIMBLE_HIDH: notify handle 30 len 16[0m
frame 1208: 40870 us total, 11685 us display, type 3
[0;32mI (44979) NIMBLE_HIDH: notify handle 30 len 16[0m
[0;32mI (45009) NIMBLE_HIDH: notify handle 30 len 16[0m
frame 1209: 41596 us total, 12264 us display, type 3
[0;32mI (45039) NIMBLE_HIDH: notify handle 30 len 16[0m
frame 1210: 41067 us total, 11708 us display, type 3
[0;32mI (45069) NIMBLE_HIDH: notify handle 30 len 16[0m
[0;32mI (45099) NIMBLE_HIDH: notify handle 30 len 16[0m
frame 1211: 41866 us total, 12565 us display, type 3
[0;32mI (45129) NIMBLE_HIDH: notify handle 30 len 16[0m
frame 1212: 40745 us total, 11692 us display, type 3
[0;32mI (45159) NIMBLE_HIDH: notify handle 30 len 16[0m
frame 1213: 40767 us total, 11692 us display, type 3
[0;32mI (45189) NIMBLE_HIDH: notify handle 30 len 16[0m
[0;32mI (45219) NIMBLE_HIDH: notify handle 30 len 16[0m
frame 1214: 41548 us total, 12312 us display, type 3
[0;32mI (45249) NIMBLE_HIDH: notify handle 30 len 16[0m
frame 1215: 40923 us total, 11787 us display, type 3
[0;32mI (45279) NIMBLE_HIDH: notify handle 30 len 16[0m
frame 1216: 40672 us total, 11685 us display, type 3
[0;32mI (45309) NIMBLE_HIDH: notify handle 30 len 16[0m
[0;32mI (45339) NIMBLE_HIDH: notify handle 30 len 16[0m
frame 1217: 42151 us total, 12510 us display, type 3
[0;32mI (45369) NIMBLE_HIDH: notify handle 30 len 16[0m
[0;32mI (45384) NIMBLE_HIDH: notify handle 30 len 16[0m
frame 1218: 41685 us total, 12183 us display, type 3
[0;32mI (45414) NIMBLE_HIDH: notify handle 30 len 16[0m
frame 1219: 40913 us total, 11806 us display, type 3
[0;32mI (45444) NIMBLE_HIDH: notify handle 30 len 16[0m
frame 1220: 40665 us total, 11699 us display, type 3
[0;32mI (45474) NIMBLE_HIDH: notify handle 30 len 16[0m
[0;32mI (45504) NIMBLE_HIDH: notify handle 30 len 16[0m
frame 1221: 41741 us total, 12272 us display, type 3
[0;32mI (45534) NIMBLE_HIDH: notify handle 30 len 16[0m
frame 1222: 40813 us total, 11685 us display, type 3
[0;32mI (45564) NIMBLE_HIDH: notify handle 30 len 16[0m
[0;32mI (45594) NIMBLE_HIDH: notify handle 30 len 16[0m
frame 1223: 41102 us total, 12127 us display, type 3
[0;32mI (45624) NIMBLE_HIDH: notify handle 30 len 16[0m
frame 1224: 40344 us total, 12287 us display, type 3
[0;32mI (45654) NIMBLE_HIDH: notify handle 30 len 16[0m
frame 1225: 41144 us total, 11699 us display, type 3
[0;32mI (45684) NIMBLE_HIDH: notify handle 30 len 16[0m
[0;32mI (45714) NIMBLE_HIDH: notify handle 30 len 16[0m
frame 1226: 41402 us total, 12219 us display, type 3
[0;32mI (45744) NIMBLE_HIDH: notify handle 30 len 16[0m
frame 1227: 40552 us total, 11692 us display, type 3
[0;32mI (45774) NIMBLE_HIDH: notify handle 30 len 16[0m
frame 1228: 40726 us total, 11692 us display, type 3
[0;32mI (45804) NIMBLE_HIDH: notify handle 30 len 16[0m
[0;32mI (45834) NIMBLE_HIDH: notify handle 30 len 16[0m
frame 1229: 41594 us total, 12263 us display, type 3
[0;32mI (45864) NIMBLE_HIDH: notify handle 30 len 16[0m
frame 1230: 40841 us total, 11745 us display, type 3
[0;32mI (45894) NIMBLE_HIDH: notify handle 30 len 16[0m
frame 1231: 40707 us total, 11692 us display, type 3
[0;32mI (45924) NIMBLE_HIDH: notify handle 30 len 16[0m
[0;32mI (45954) NIMBLE_HIDH: notify handle 30 len 16[0m
frame 1232: 41698 us total, 12295 us display, type 3
[0;32mI (45984) NIMBLE_HIDH: notify handle 30 len 16[0m
frame 1233: 41335 us total, 12001 us display, type 3
[0;32mI (46014) NIMBLE_HIDH: notify handle 30 len 16[0m
[0;32mI (46044) NIMBLE_HIDH: notify handle 30 len 16[0m
frame 1234: 41419 us total, 12434 us display, type 3
[0;32mI (46074) NIMBLE_HIDH: notify handle 30 len 16[0m
frame 1235: 40730 us total, 11696 us display, type 3
[0;32mI (46104) NIMBLE_HIDH: notify handle 30 len 16[0m
frame 1236: 40720 us total, 11692 us display, type 3
[0;32mI (46134) NIMBLE_HIDH: notify handle 30 len 16[0m
[0;32mI (46164) NIMBLE_HIDH: notify handle 30 len 16[0m
frame 1237: 41646 us total, 12281 us display, type 3
[0;32mI (46194) NIMBLE_HIDH: notify handle 30 len 16[0m
frame 1238: 40819 us total, 11867 us display, type 3
[0;32mI (46224) NIMBLE_HIDH: notify handle 30 len 16[0m
frame 1239: 40963 us total, 11689 us display, type 3
[0;32mI (46254) NIMBLE_HIDH: notify handle 30 len 16[0m
[0;32mI (46284) NIMBLE_HIDH: notify handle 30 len 16[0m
frame 1240: 41886 us total, 12268 us display, type 3
[0;32mI (46314) NIMBLE_HIDH: notify handle 30 len 16[0m
frame 1241: 40859 us total, 11787 us display, type 3
[0;32mI (46344) NIMBLE_HIDH: notify handle 30 len 16[0m
[0;32mI (46374) NIMBLE_HIDH: notify handle 30 len 16[0m
frame 1242: 41752 us total, 12554 us display, type 3
[0;32mI (46404) NIMBLE_HIDH: notify handle 30 len 16[0m
frame 1243: 40564 us total, 11692 us display, type 3
[0;32mI (46434) NIMBLE_HIDH: notify handle 30 len 16[0m
frame 1244: 41017 us total, 11685 us display, type 3
[0;32mI (46464) NIMBLE_HIDH: notify handle 30 len 16[0m
[0;32mI (46494) NIMBLE_HIDH: notify handle 30 len 16[0m
frame 1245: 41643 us total, 12374 us display, type 3
[0;32mI (46524) NIMBLE_HIDH: notify handle 30 len 16[0m
frame 1246: 41315 us total, 11843 us display, type 3
[0;32mI (46554) NIMBLE_HIDH: notify handle 30 len 16[0m
frame 1247: 40600 us total, 11692 us display, type 3
[0;32mI (46584) NIMBLE_HIDH: notify handle 30 len 16[0m
[0;32mI (46614) NIMBLE_HIDH: notify handle 30 len 16[0m
frame 1248: 41806 us total, 12346 us display, type 3
[0;32mI (46644) NIMBLE_HIDH: notify handle 30 len 16[0m
frame 1249: 40929 us total, 11692 us display, type 3
[0;32mI (46674) NIMBLE_HIDH: notify handle 30 len 16[0m
[0;32mI (46704) NIMBLE_HIDH: notify handle 30 len 16[0m
frame 1250: 41625 us total, 12584 us display, type 3
[0;32mI (46734) NIMBLE_HIDH: notify handle 30 len 16[0m
frame 1251: 40745 us total, 12769 us display, type 3
[0;32mI (46764) NIMBLE_HIDH: notify handle 30 len 16[0m
frame 1252: 40891 us total, 11695 us display, type 3
[0;32mI (46794) NIMBLE_HIDH: notify handle 30 len 16[0m
[0;32mI (46824) NIMBLE_HIDH: notify handle 30 len 16[0m
frame 1253: 42089 us total, 12358 us display, type 3
[0;32mI (46854) NIMBLE_HIDH: notify handle 30 len 16[0m
frame 1254: 40831 us total, 11787 us display, type 3
[0;32mI (46884) NIMBLE_HIDH: notify handle 30 len 16[0m
frame 1255: 40734 us total, 11685 us display, type 3
[0;32mI (46914) NIMBLE_HIDH: notify handle 30 len 16[0m
[0;32mI (46944) NIMBLE_HIDH: notify handle 30 len 16[0m
frame 1256: 41713 us total, 12278 us display, type 3
[0;32mI (46974) NIMBLE_HIDH: notify handle 30 len 16[0m
frame 1257: 40789 us total, 11703 us display, type 3
[0;32mI (47004) NIMBLE_HIDH: notify handle 30 len 16[0m
[0;32mI (47034) NIMBLE_HIDH: notify handle 30 len 16[0m
frame 1258: 41299 us total, 12092 us display, type 3
[0;32mI (47064) NIMBLE_HIDH: notify handle 30 len 16[0m
frame 1259: 40192 us total, 12272 us display, type 3
[0;32mI (47094) NIMBLE_HIDH: notify handle 30 len 16[0m
frame 1260: 41390 us total, 11692 us display, type 3
[0;32mI (47124) NIMBLE_HIDH: notify handle 30 len 16[0m
frame 1261: 40581 us total, 11685 us display, type 3
[0;32mI (47169) NIMBLE_HIDH: notify handle 30 len 16[0m
[0;32mI (47184) NIMBLE_HIDH: notify handle 30 len 16[0m
frame 1262: 41537 us total, 11692 us display, type 3
[0;32mI (47214) NIMBLE_HIDH: notify handle 30 len 16[0m
frame 1263: 40628 us total, 11722 us display, type 3
[0;32mI (47244) NIMBLE_HIDH: notify handle 30 len 16[0m
[0;32mI (47274) NIMBLE_HIDH: notify handle 30 len 16[0m
frame 1264: 41626 us total, 12262 us display, type 3
[0;32mI (47304) NIMBLE_HIDH: notify handle 30 len 16[0m
frame 1265: 40921 us total, 11834 us display, type 3
[0;32mI (47334) NIMBLE_HIDH: notify handle 30 len 16[0m
[0;32mI (47349) NIMBLE_HIDH: notify handle 30 len 16[0m
frame 1266: 41443 us total, 11699 us display, type 3
[0;32mI (47379) NIMBLE_HIDH: notify handle 30 len 16[0m
frame 1267: 41226 us total, 11699 us display, type 3
[0;32mI (47409) NIMBLE_HIDH: notify handle 30 len 16[0m
[0;32mI (47424) NIMBLE_HIDH: notify handle 30 len 16[0m
frame 1268: 41963 us total, 11761 us display, type 3
[0;32mI (47454) NIMBLE_HIDH: notify handle 30 len 16[0m
[0;32mI (47484) NIMBLE_HIDH: notify handle 30 len 16[0m
frame 1269: 41239 us total, 12142 us display, type 3
[0;32mI (47514) NIMBLE_HIDH: notify handle 30 len 16[0m
frame 1270: 40608 us total, 11692 us display, type 3
[0;32mI (47544) NIMBLE_HIDH: notify handle 30 len 16[0m
frame 1271: 40975 us total, 11926 us display, type 3
[0;32mI (47574) NIMBLE_HIDH: notify handle 30 len 16[0m
[0;32mI (47604) NIMBLE_HIDH: notify handle 30 len 16[0m
frame 1272: 41624 us total, 12274 us display, type 3
[0;32mI (47634) NIMBLE_HIDH: notify handle 30 len 16[0m
frame 1273: 40605 us total, 11693 us display, type 3
[0;32mI (47664) NIMBLE_HIDH: notify handle 30 len 16[0m
frame 1274: 41207 us total, 11698 us display, type 3
[0;32mI (47694) NIMBLE_HIDH: notify handle 30 len 16[0m
frame 1275: 40752 us total, 11692 us display, type 3
[0;32mI (47739) NIMBLE_HIDH: notify handle 30 len 16[0m
[0;32mI (47754) NIMBLE_HIDH: notify handle 30 len 16[0m
frame 1276: 42092 us total, 11790 us display, type 3
[0;32mI (47784) NIMBLE_HIDH: notify handle 30 len 16[0m
[0;32mI (47814) NIMBLE_HIDH: notify handle 30 len 16[0m
frame 1277: 41333 us total, 12407 us display, type 3
[0;32mI (47844) NIMBLE_HIDH: notify handle 30 len 16[0m
frame 1278: 40752 us total, 11692 us display, type 3
[0;32mI (47874) NIMBLE_HIDH: notify handle 30 len 16[0m
frame 1279: 40763 us total, 11699 us display, type 3
[0;32mI (47904) NIMBLE_HIDH: notify handle 30 len 16[0m
[0;32mI (47934) NIMBLE_HIDH: notify handle 30 len 16[0m
frame 1280: 42102 us total, 12301 us display, type 3
mem @frame 1280: heap free 66484, largest 40960, min ever 65664, zone free 55016, stack free 14540, uptime 47 s, gamestate 0, demo 0, usergame 1, tic 1574
[0;32mI (47964) NIMBLE_HIDH: notify handle 30 len 16[0m
frame 1281: 41808 us total, 11692 us display, type 3
[0;32mI (47994) NIMBLE_HIDH: notify handle 30 len 16[0m
frame 1282: 40665 us total, 11686 us display, type 3
[0;32mI (48024) NIMBLE_HIDH: notify handle 30 len 16[0m
[0;32mI (48054) NIMBLE_HIDH: notify handle 30 len 16[0m
frame 1283: 41417 us total, 12267 us display, type 3
[0;32mI (48084) NIMBLE_HIDH: notify handle 30 len 16[0m
frame 1284: 41137 us total, 11966 us display, type 3
[0;32mI (48114) NIMBLE_HIDH: notify handle 30 len 16[0m
[0;32mI (48144) NIMBLE_HIDH: notify handle 30 len 16[0m
frame 1285: 41567 us total, 12435 us display, type 3
[0;32mI (48174) NIMBLE_HIDH: notify handle 30 len 16[0m
frame 1286: 40556 us total, 11692 us display, type 3
[0;32mI (48204) NIMBLE_HIDH: notify handle 30 len 16[0m
frame 1287: 41063 us total, 11692 us display, type 3
[0;32mI (48234) NIMBLE_HIDH: notify handle 30 len 16[0m
[0;32mI (48264) NIMBLE_HIDH: notify handle 30 len 16[0m
frame 1288: 41783 us total, 12429 us display, type 3
[0;32mI (48294) NIMBLE_HIDH: notify handle 30 len 16[0m
frame 1289: 40736 us total, 11692 us display, type 3
[0;32mI (48324) NIMBLE_HIDH: notify handle 30 len 16[0m
frame 1290: 40662 us total, 11685 us display, type 3
[0;32mI (48354) NIMBLE_HIDH: notify handle 30 len 16[0m
[0;32mI (48384) NIMBLE_HIDH: notify handle 30 len 16[0m
frame 1291: 41602 us total, 12261 us display, type 3
[0;32mI (48414) NIMBLE_HIDH: notify handle 30 len 16[0m
frame 1292: 41128 us total, 11796 us display, type 3
[0;32mI (48444) NIMBLE_HIDH: notify handle 30 len 16[0m
[0;32mI (48474) NIMBLE_HIDH: notify handle 30 len 16[0m
frame 1293: 41512 us total, 12561 us display, type 3
[0;32mI (48504) NIMBLE_HIDH: notify handle 30 len 16[0m
frame 1294: 41167 us total, 11692 us display, type 3
[0;32mI (48534) NIMBLE_HIDH: notify handle 30 len 16[0m
frame 1295: 41045 us total, 11954 us display, type 3
[0;32mI (48564) NIMBLE_HIDH: notify handle 30 len 16[0m
[0;32mI (48594) NIMBLE_HIDH: notify handle 30 len 16[0m
frame 1296: 41675 us total, 12272 us display, type 3
[0;32mI (48624) NIMBLE_HIDH: notify handle 30 len 16[0m
frame 1297: 40646 us total, 11779 us display, type 3
[0;32mI (48654) NIMBLE_HIDH: notify handle 30 len 16[0m
frame 1298: 40765 us total, 11692 us display, type 3
[0;32mI (48684) NIMBLE_HIDH: notify handle 30 len 16[0m
[0;32mI (48714) NIMBLE_HIDH: notify handle 30 len 16[0m
frame 1299: 41862 us total, 12360 us display, type 3
[0;32mI (48744) NIMBLE_HIDH: notify handle 30 len 16[0m
frame 1300: 40768 us total, 11693 us display, type 3
[0;32mI (48774) NIMBLE_HIDH: notify handle 30 len 16[0m
[0;32mI (48804) NIMBLE_HIDH: notify handle 30 len 16[0m
frame 1301: 42030 us total, 12558 us display, type 3
[0;32mI (48834) NIMBLE_HIDH: notify handle 30 len 16[0m
frame 1302: 40620 us total, 12780 us display, type 3
[0;32mI (48864) NIMBLE_HIDH: notify handle 30 len 16[0m
frame 1303: 41080 us total, 11685 us display, type 3
[0;32mI (48894) NIMBLE_HIDH: notify handle 30 len 16[0m
[0;32mI (48924) NIMBLE_HIDH: notify handle 30 len 16[0m
frame 1304: 41776 us total, 12499 us display, type 3
[0;32mI (48954) NIMBLE_HIDH: notify handle 30 len 16[0m
frame 1305: 40870 us total, 11790 us display, type 3
[0;32mI (48984) NIMBLE_HIDH: notify handle 30 len 16[0m
frame 1306: 40675 us total, 11686 us display, type 3
[0;32mI (49014) NIMBLE_HIDH: notify handle 30 len 16[0m
[0;32mI (49044) NIMBLE_HIDH: notify handle 30 len 16[0m
frame 1307: 41666 us total, 12256 us display, type 3
[0;32mI (49059) NIMBLE_HIDH: notify handle 30 len 16[0m
[0;32mI (49089) NIMBLE_HIDH: notify handle 30 len 16[0m
frame 1308: 42121 us total, 12270 us display, type 3
[0;32mI (49119) NIMBLE_HIDH: notify handle 30 len 16[0m
frame 1309: 40690 us total, 11761 us display, type 3
[0;32mI (49149) NIMBLE_HIDH: notify handle 30 len 16[0m
frame 1310: 40859 us total, 11692 us display, type 3
[0;32mI (49179) NIMBLE_HIDH: notify handle 30 len 16[0m
[0;32mI (49209) NIMBLE_HIDH: notify handle 30 len 16[0m
frame 1311: 41841 us total, 12435 us display, type 3
[0;32mI (49239) NIMBLE_HIDH: notify handle 30 len 16[0m
frame 1312: 41331 us total, 11976 us display, type 3
[0;32mI (49269) NIMBLE_HIDH: notify handle 30 len 16[0m
[0;32mI (49299) NIMBLE_HIDH: notify handle 30 len 16[0m
frame 1313: 41509 us total, 12565 us display, type 3
[0;32mI (49329) NIMBLE_HIDH: notify handle 30 len 16[0m
frame 1314: 40733 us total, 11685 us display, type 3
[0;32mI (49359) NIMBLE_HIDH: notify handle 30 len 16[0m
frame 1315: 41136 us total, 11688 us display, type 3
[0;32mI (49389) NIMBLE_HIDH: notify handle 30 len 16[0m
[0;32mI (49419) NIMBLE_HIDH: notify handle 30 len 16[0m
frame 1316: 41568 us total, 12304 us display, type 3
[0;32mI (49449) NIMBLE_HIDH: notify handle 30 len 16[0m
frame 1317: 40903 us total, 11787 us display, type 3
[0;32mI (49479) NIMBLE_HIDH: notify handle 30 len 16[0m
frame 1318: 40674 us total, 11685 us display, type 3
[0;32mI (49509) NIMBLE_HIDH: notify handle 30 len 16[0m
[0;32mI (49539) NIMBLE_HIDH: notify handle 30 len 16[0m
frame 1319: 42153 us total, 12514 us display, type 3
[0;32mI (49569) NIMBLE_HIDH: notify handle 30 len 16[0m
frame 1320: 40818 us total, 11685 us display, type 3
[0;32mI (49599) NIMBLE_HIDH: notify handle 30 len 16[0m
[0;32mI (49629) NIMBLE_HIDH: notify handle 30 len 16[0m
frame 1321: 41747 us total, 12573 us display, type 3
[0;32mI (49659) NIMBLE_HIDH: notify handle 30 len 16[0m
frame 1322: 40982 us total, 11692 us display, type 3
[0;32mI (49689) NIMBLE_HIDH: notify handle 30 len 16[0m
frame 1323: 40965 us total, 11685 us display, type 3
[0;32mI (49719) NIMBLE_HIDH: notify handle 30 len 16[0m
[0;32mI (49749) NIMBLE_HIDH: notify handle 30 len 16[0m
frame 1324: 41762 us total, 12476 us display, type 3
[0;32mI (49779) NIMBLE_HIDH: notify handle 30 len 16[0m
frame 1325: 40645 us total, 11740 us display, type 3
[0;32mI (49825) NIMBLE_HIDH: notify handle 30 len 16[0m
[0;32mI (49825) NIMBLE_HIDH: notify handle 30 len 16[0m
frame 1326: 40938 us total, 12848 us display, type 3
[0;32mI (49854) NIMBLE_HIDH: notify handle 30 len 16[0m
frame 1327: 40915 us total, 11692 us display, type 3
[0;32mI (49884) NIMBLE_HIDH: notify handle 30 len 16[0m
frame 1328: 41089 us total, 11686 us display, type 3
[0;32mI (49929) NIMBLE_HIDH: notify handle 30 len 16[0m
[0;32mI (49944) NIMBLE_HIDH: notify handle 30 len 16[0m
frame 1329: 41881 us total, 11766 us display, type 3
[0;32mI (49974) NIMBLE_HIDH: notify handle 30 len 16[0m
frame 1330: 40813 us total, 11687 us display, type 3
[0;32mI (50004) NIMBLE_HIDH: notify handle 30 len 16[0m
[0;32mI (50034) NIMBLE_HIDH: notify handle 30 len 16[0m
frame 1331: 41637 us total, 12260 us display, type 3
[0;32mI (50064) NIMBLE_HIDH: notify handle 30 len 16[0m
frame 1332: 41169 us total, 11966 us display, type 3
[0;32mI (50094) NIMBLE_HIDH: notify handle 30 len 16[0m
[0;32mI (50124) NIMBLE_HIDH: notify handle 30 len 16[0m
frame 1333: 41286 us total, 12277 us display, type 3
[0;32mI (50154) NIMBLE_HIDH: notify handle 30 len 16[0m
frame 1334: 40189 us total, 12261 us display, type 3
[0;32mI (50184) NIMBLE_HIDH: notify handle 30 len 16[0m
frame 1335: 40988 us total, 11685 us display, type 3
[0;32mI (50214) NIMBLE_HIDH: notify handle 30 len 16[0m
[0;32mI (50244) NIMBLE_HIDH: notify handle 30 len 16[0m
frame 1336: 41548 us total, 12239 us display, type 3
[0;32mI (50274) NIMBLE_HIDH: notify handle 30 len 16[0m
frame 1337: 40770 us total, 11692 us display, type 3
[0;32mI (50304) NIMBLE_HIDH: notify handle 30 len 16[0m
frame 1338: 40828 us total, 11893 us display, type 3
[0;32mI (50334) NIMBLE_HIDH: notify handle 30 len 16[0m
[0;32mI (50364) NIMBLE_HIDH: notify handle 30 len 16[0m
frame 1339: 41698 us total, 12263 us display, type 3
[0;32mI (50394) NIMBLE_HIDH: notify handle 30 len 16[0m
frame 1340: 40848 us total, 11905 us display, type 3
[0;32mI (50424) NIMBLE_HIDH: notify handle 30 len 16[0m
frame 1341: 40549 us total, 11692 us display, type 3
[0;32mI (50454) NIMBLE_HIDH: notify handle 30 len 16[0m
frame 1342: 41141 us total, 11692 us display, type 3
[0;32mI (50499) NIMBLE_HIDH: notify handle 30 len 16[0m
[0;32mI (50514) NIMBLE_HIDH: notify handle 30 len 16[0m
frame 1343: 42168 us total, 11692 us display, type 3
[0;32mI (50544) NIMBLE_HIDH: notify handle 30 len 16[0m
[0;32mI (50574) NIMBLE_HIDH: notify handle 30 len 16[0m
frame 1344: 41576 us total, 12408 us display, type 3
[0;32mI (50604) NIMBLE_HIDH: notify handle 30 len 16[0m
frame 1345: 40559 us total, 11685 us display, type 3
[0;32mI (50634) NIMBLE_HIDH: notify handle 30 len 16[0m
frame 1346: 40898 us total, 11699 us display, type 3
[0;32mI (50679) NIMBLE_HIDH: notify handle 30 len 16[0m
[0;32mI (50694) NIMBLE_HIDH: notify handle 30 len 16[0m
frame 1347: 41762 us total, 12606 us display, type 3
[0;32mI (50724) NIMBLE_HIDH: notify handle 30 len 16[0m
frame 1348: 40790 us total, 11700 us display, type 3
[0;32mI (50754) NIMBLE_HIDH: notify handle 30 len 16[0m
frame 1349: 40594 us total, 11692 us display, type 3
[0;32mI (50784) NIMBLE_HIDH: notify handle 30 len 16[0m
[0;32mI (50814) NIMBLE_HIDH: notify handle 30 len 16[0m
frame 1350: 42360 us total, 12617 us display, type 3
[0;32mI (50844) NIMBLE_HIDH: notify handle 30 len 16[0m
frame 1351: 41348 us total, 12014 us display, type 3
[0;32mI (50874) NIMBLE_HIDH: notify handle 30 len 16[0m
[0;32mI (50904) NIMBLE_HIDH: notify handle 30 len 16[0m
frame 1352: 41399 us total, 12421 us display, type 3
[0;32mI (50934) NIMBLE_HIDH: notify handle 30 len 16[0m
frame 1353: 40747 us total, 11693 us display, type 3
[0;32mI (50964) NIMBLE_HIDH: notify handle 30 len 16[0m
frame 1354: 40720 us total, 11692 us display, type 3
[0;32mI (50994) NIMBLE_HIDH: notify handle 30 len 16[0m
[0;32mI (51024) NIMBLE_HIDH: notify handle 30 len 16[0m
frame 1355: 41644 us total, 12279 us display, type 3
[0;32mI (51054) NIMBLE_HIDH: notify handle 30 len 16[0m
frame 1356: 40823 us total, 11849 us display, type 3
[0;32mI (51084) NIMBLE_HIDH: notify handle 30 len 16[0m
frame 1357: 41085 us total, 11686 us display, type 3
[0;32mI (51114) NIMBLE_HIDH: notify handle 30 len 16[0m
[0;32mI (51144) NIMBLE_HIDH: notify handle 30 len 16[0m
frame 1358: 41663 us total, 12277 us display, type 3
[0;32mI (51174) NIMBLE_HIDH: notify handle 30 len 16[0m
frame 1359: 40955 us total, 11872 us display, type 3
[0;32mI (51204) NIMBLE_HIDH: notify handle 30 len 16[0m
[0;32mI (51234) NIMBLE_HIDH: notify handle 30 len 16[0m
frame 1360: 41740 us total, 12568 us display, type 3
[0;32mI (51264) NIMBLE_HIDH: notify handle 30 len 16[0m
frame 1361: 40566 us total, 11685 us display, type 3
[0;32mI (51294) NIMBLE_HIDH: notify handle 30 len 16[0m
frame 1362: 41028 us total, 11685 us display, type 3
[0;32mI (51324) NIMBLE_HIDH: notify handle 30 len 16[0m
[0;32mI (51354) NIMBLE_HIDH: notify handle 30 len 16[0m
frame 1363: 41629 us total, 12331 us display, type 3
[0;32mI (51384) NIMBLE_HIDH: notify handle 30 len 16[0m
frame 1364: 41339 us total, 11808 us display, type 3
[0;32mI (51414) NIMBLE_HIDH: notify handle 30 len 16[0m
frame 1365: 40639 us total, 11692 us display, type 3
[0;32mI (51444) NIMBLE_HIDH: notify handle 30 len 16[0m
[0;32mI (51474) NIMBLE_HIDH: notify handle 30 len 16[0m
frame 1366: 41756 us total, 12246 us display, type 3
[0;32mI (51519) NIMBLE_HIDH: notify handle 30 len 16[0m
frame 1367: 40485 us total, 12277 us display, type 3
[0;32mI (51534) NIMBLE_HIDH: notify handle 30 len 16[0m
[0;32mI (51564) NIMBLE_HIDH: notify handle 30 len 16[0m
frame 1368: 41156 us total, 12150 us display, type 3
frame 1369: 39919 us total, 11857 us display, type 3
[0;32mI (51610) NIMBLE_HIDH: notify handle 30 len 16[0m
[0;32mI (51610) NIMBLE_HIDH: notify handle 30 len 16[0m
[0;32mI (51639) NIMBLE_HIDH: notify handle 30 len 16[0m
frame 1370: 42020 us total, 12257 us display, type 3
[0;32mI (51669) NIMBLE_HIDH: notify handle 30 len 16[0m
frame 1371: 41282 us total, 11685 us display, type 3
[0;32mI (51699) NIMBLE_HIDH: notify handle 30 len 16[0m
frame 1372: 40669 us total, 11686 us display, type 3
[0;32mI (51729) NIMBLE_HIDH: notify handle 30 len 16[0m
[0;32mI (51759) NIMBLE_HIDH: notify handle 30 len 16[0m
frame 1373: 41316 us total, 12345 us display, type 3
[0;32mI (51789) NIMBLE_HIDH: notify handle 30 len 16[0m
frame 1374: 40803 us total, 11685 us display, type 3
[0;32mI (51819) NIMBLE_HIDH: notify handle 30 len 16[0m
[0;32mI (51849) NIMBLE_HIDH: notify handle 30 len 16[0m
frame 1375: 41334 us total, 12400 us display, type 3
[0;32mI (51879) NIMBLE_HIDH: notify handle 30 len 16[0m
frame 1376: 40885 us total, 11685 us display, type 3
[0;32mI (51909) NIMBLE_HIDH: notify handle 30 len 16[0m
frame 1377: 40637 us total, 11685 us display, type 3
[0;32mI (51939) NIMBLE_HIDH: notify handle 30 len 16[0m
[0;32mI (51969) NIMBLE_HIDH: notify handle 30 len 16[0m
frame 1378: 42214 us total, 12270 us display, type 3
[0;32mI (51999) NIMBLE_HIDH: notify handle 30 len 16[0m
frame 1379: 40814 us total, 11940 us display, type 3
[0;32mI (52029) NIMBLE_HIDH: notify handle 30 len 16[0m
frame 1380: 40769 us total, 11693 us display, type 3
[0;32mI (52059) NIMBLE_HIDH: notify handle 30 len 16[0m
[0;32mI (52089) NIMBLE_HIDH: notify handle 30 len 16[0m
frame 1381: 41629 us total, 12476 us display, type 3
[0;32mI (52119) NIMBLE_HIDH: notify handle 30 len 16[0m
frame 1382: 41327 us total, 11982 us display, type 3
[0;32mI (52164) NIMBLE_HIDH: notify handle 30 len 16[0m
[0;32mI (52179) NIMBLE_HIDH: notify handle 30 len 16[0m
frame 1383: 41178 us total, 12269 us display, type 3
[0;32mI (52209) NIMBLE_HIDH: notify handle 30 len 16[0m
frame 1384: 40641 us total, 11692 us display, type 3
[0;32mI (52224) NIMBLE_HIDH: notify handle 30 len 16[0m
[0;32mI (52254) NIMBLE_HIDH: notify handle 30 len 16[0m
frame 1385: 41866 us total, 12303 us display, type 3
[0;32mI (52284) NIMBLE_HIDH: notify handle 30 len 16[0m
frame 1386: 40837 us total, 11685 us display, type 3
[0;32mI (52314) NIMBLE_HIDH: notify handle 30 len 16[0m
[0;32mI (52344) NIMBLE_HIDH: notify handle 30 len 16[0m
frame 1387: 41695 us total, 12598 us display, type 3
[0;32mI (52374) NIMBLE_HIDH: notify handle 30 len 16[0m
frame 1388: 40590 us total, 11692 us display, type 3
[0;32mI (52404) NIMBLE_HIDH: notify handle 30 len 16[0m
frame 1389: 40975 us total, 11830 us display, type 3
[0;32mI (52434) NIMBLE_HIDH: notify handle 30 len 16[0m
[0;32mI (52464) NIMBLE_HIDH: notify handle 30 len 16[0m
frame 1390: 41593 us total, 12271 us display, type 3
[0;32mI (52494) NIMBLE_HIDH: notify handle 30 len 16[0m
frame 1391: 41144 us total, 11692 us display, type 3
[0;32mI (52524) NIMBLE_HIDH: notify handle 30 len 16[0m
frame 1392: 40648 us total, 11692 us display, type 3
[0;32mI (52554) NIMBLE_HIDH: notify handle 30 len 16[0m
[0;32mI (52584) NIMBLE_HIDH: notify handle 30 len 16[0m
frame 1393: 41654 us total, 12253 us display, type 3
[0;32mI (52614) NIMBLE_HIDH: notify handle 30 len 16[0m
frame 1394: 41249 us total, 11932 us display, type 3
[0;32mI (52644) NIMBLE_HIDH: notify handle 30 len 16[0m
[0;32mI (52674) NIMBLE_HIDH: notify handle 30 len 16[0m
frame 1395: 41488 us total, 12540 us display, type 3
[0;32mI (52704) NIMBLE_HIDH: notify handle 30 len 16[0m
frame 1396: 40786 us total, 11685 us display, type 3
[0;32mI (52734) NIMBLE_HIDH: notify handle 30 len 16[0m
frame 1397: 40798 us total, 11698 us display, type 3
[0;32mI (52764) NIMBLE_HIDH: notify handle 30 len 16[0m
[0;32mI (52794) NIMBLE_HIDH: notify handle 30 len 16[0m
frame 1398: 42045 us total, 12264 us display, type 3
[0;32mI (52824) NIMBLE_HIDH: notify handle 30 len 16[0m
frame 1399: 40723 us total, 11788 us display, type 3
[0;32mI (52854) NIMBLE_HIDH: notify handle 30 len 16[0m
frame 1400: 40938 us total, 11699 us display, type 3
[0;32mI (52884) NIMBLE_HIDH: notify handle 30 len 16[0m
[0;32mI (52914) NIMBLE_HIDH: notify handle 30 len 16[0m
frame 1401: 41901 us total, 12422 us display, type 3
[0;32mI (52944) NIMBLE_HIDH: notify handle 30 len 16[0m
frame 1402: 40797 us total, 11685 us display, type 3
[0;32mI (52974) NIMBLE_HIDH: notify handle 30 len 16[0m
[0;32mI (53004) NIMBLE_HIDH: notify handle 30 len 16[0m
frame 1403: 41746 us total, 12597 us display, type 3
[0;32mI (53034) NIMBLE_HIDH: notify handle 30 len 16[0m
frame 1404: 40620 us total, 12783 us display, type 3
[0;32mI (53064) NIMBLE_HIDH: notify handle 30 len 16[0m
frame 1405: 41389 us total, 11690 us display, type 3
[0;32mI (53094) NIMBLE_HIDH: notify handle 30 len 16[0m
frame 1406: 41006 us total, 11685 us display, type 3
[0;32mI (53139) NIMBLE_HIDH: notify handle 30 len 16[0m
[0;32mI (53154) NIMBLE_HIDH: notify handle 30 len 16[0m
frame 1407: 41604 us total, 11766 us display, type 3
[0;32mI (53184) NIMBLE_HIDH: notify handle 30 len 16[0m
frame 1408: 40652 us total, 11685 us display, type 3
[0;32mI (53214) NIMBLE_HIDH: notify handle 30 len 16[0m
[0;32mI (53229) NIMBLE_HIDH: notify handle 30 len 16[0m
frame 1409: 41849 us total, 11685 us display, type 3
[0;32mI (53274) NIMBLE_HIDH: notify handle 30 len 16[0m
[0;32mI (53289) NIMBLE_HIDH: notify handle 30 len 16[0m
frame 1410: 41579 us total, 12277 us display, type 3
[0;32mI (53319) NIMBLE_HIDH: notify handle 30 len 16[0m
frame 1411: 40656 us total, 11747 us display, type 3
[0;32mI (53349) NIMBLE_HIDH: notify handle 30 len 16[0m
frame 1412: 41213 us total, 11692 us display, type 3
[0;32mI (53379) NIMBLE_HIDH: notify handle 30 len 16[0m
[0;32mI (53409) NIMBLE_HIDH: notify handle 30 len 16[0m
frame 1413: 41874 us total, 12435 us display, type 3
[0;32mI (53439) NIMBLE_HIDH: notify handle 30 len 16[0m
frame 1414: 40998 us total, 11692 us display, type 3
[0;32mI (53469) NIMBLE_HIDH: notify handle 30 len 16[0m
[0;32mI (53499) NIMBLE_HIDH: notify handle 30 len 16[0m
frame 1415: 41576 us total, 12611 us display, type 3
[0;32mI (53529) NIMBLE_HIDH: notify handle 30 len 16[0m
frame 1416: 40786 us total, 12773 us display, type 3
[0;32mI (53559) NIMBLE_HIDH: notify handle 30 len 16[0m
frame 1417: 40803 us total, 11692 us display, type 3
[0;32mI (53589) NIMBLE_HIDH: notify handle 30 len 16[0m
[0;32mI (53619) NIMBLE_HIDH: notify handle 30 len 16[0m
frame 1418: 41525 us total, 12248 us display, type 3
[0;32mI (53649) NIMBLE_HIDH: notify handle 30 len 16[0m
frame 1419: 41226 us total, 11773 us display, type 3
[0;32mI (53679) NIMBLE_HIDH: notify handle 30 len 16[0m
frame 1420: 40694 us total, 11685 us display, type 3
[0;32mI (53709) NIMBLE_HIDH: notify handle 30 len 16[0m
[0;32mI (53739) NIMBLE_HIDH: notify handle 30 len 16[0m
frame 1421: 41886 us total, 12278 us display, type 3
[0;32mI (53769) NIMBLE_HIDH: notify handle 30 len 16[0m
frame 1422: 40844 us total, 11705 us display, type 3
[0;32mI (53799) NIMBLE_HIDH: notify handle 30 len 16[0m
[0;32mI (53829) NIMBLE_HIDH: notify handle 30 len 16[0m
frame 1423: 41313 us total, 12133 us display, type 3
[0;32mI (53859) NIMBLE_HIDH: notify handle 30 len 16[0m
frame 1424: 40219 us total, 12219 us display, type 3
[0;32mI (53889) NIMBLE_HIDH: notify handle 30 len 16[0m
frame 1425: 40923 us total, 11686 us display, type 3
[0;32mI (53919) NIMBLE_HIDH: notify handle 30 len 16[0m
[0;32mI (53949) NIMBLE_HIDH: notify handle 30 len 16[0m
frame 1426: 41596 us total, 12289 us display, type 3
[0;32mI (53979) NIMBLE_HIDH: notify handle 30 len 16[0m
frame 1427: 40618 us total, 11692 us display, type 3
[0;32mI (54009) NIMBLE_HIDH: notify handle 30 len 16[0m
frame 1428: 40979 us total, 11838 us display, type 3
[0;32mI (54039) NIMBLE_HIDH: notify handle 30 len 16[0m
[0;32mI (54069) NIMBLE_HIDH: notify handle 30 len 16[0m
frame 1429: 41581 us total, 12253 us display, type 3
[0;32mI (54099) NIMBLE_HIDH: notify handle 30 len 16[0m
[0;32mI (54114) NIMBLE_HIDH: notify handle 30 len 16[0m
frame 1430: 41495 us total, 12336 us display, type 3
[0;32mI (54144) NIMBLE_HIDH: notify handle 30 len 16[0m
frame 1431: 40556 us total, 11685 us display, type 3
[0;32mI (54174) NIMBLE_HIDH: notify handle 30 len 16[0m
frame 1432: 40802 us total, 11694 us display, type 3
[0;32mI (54204) NIMBLE_HIDH: notify handle 30 len 16[0m
[0;32mI (54234) NIMBLE_HIDH: notify handle 30 len 16[0m
frame 1433: 41930 us total, 12252 us display, type 3
[0;32mI (54264) NIMBLE_HIDH: notify handle 30 len 16[0m
frame 1434: 40782 us total, 11692 us display, type 3
[0;32mI (54294) NIMBLE_HIDH: notify handle 30 len 16[0m
frame 1435: 40688 us total, 11685 us display, type 3
[0;32mI (54324) NIMBLE_HIDH: notify handle 30 len 16[0m
[0;32mI (54354) NIMBLE_HIDH: notify handle 30 len 16[0m
frame 1436: 41600 us total, 12265 us display, type 3
[0;32mI (54384) NIMBLE_HIDH: notify handle 30 len 16[0m
frame 1437: 40964 us total, 11692 us display, type 3
[0;32mI (54414) NIMBLE_HIDH: notify handle 30 len 16[0m
[0;32mI (54444) NIMBLE_HIDH: notify handle 30 len 16[0m
frame 1438: 41551 us total, 12561 us display, type 3
[0;32mI (54474) NIMBLE_HIDH: notify handle 30 len 16[0m
frame 1439: 40692 us total, 11692 us display, type 3
[0;32mI (54489) NIMBLE_HIDH: notify handle 30 len 16[0m
[0;32mI (54519) NIMBLE_HIDH: notify handle 30 len 16[0m
frame 1440: 42311 us total, 12613 us display, type 3
[0;32mI (54549) NIMBLE_HIDH: notify handle 30 len 16[0m
frame 1441: 40917 us total, 11685 us display, type 3
[0;32mI (54579) NIMBLE_HIDH: notify handle 30 len 16[0m
[0;32mI (54609) NIMBLE_HIDH: notify handle 30 len 16[0m
frame 1442: 41493 us total, 12539 us display, type 3
[0;32mI (54639) NIMBLE_HIDH: notify handle 30 len 16[0m
frame 1443: 40504 us total, 11685 us display, type 3
[0;32mI (54669) NIMBLE_HIDH: notify handle 30 len 16[0m
frame 1444: 41210 us total, 11896 us display, type 3
[0;32mI (54699) NIMBLE_HIDH: notify handle 30 len 16[0m
[0;32mI (54729) NIMBLE_HIDH: notify handle 30 len 16[0m
frame 1445: 41473 us total, 12239 us display, type 3
[0;32mI (54759) NIMBLE_HIDH: notify handle 30 len 16[0m
frame 1446: 41072 us total, 11889 us display, type 3
[0;32mI (54789) NIMBLE_HIDH: notify handle 30 len 16[0m
frame 1447: 40990 us total, 11686 us display, type 3
[0;32mI (54819) NIMBLE_HIDH: notify handle 30 len 16[0m
[0;32mI (54849) NIMBLE_HIDH: notify handle 30 len 16[0m
frame 1448: 41781 us total, 12272 us display, type 3
[0;32mI (54879) NIMBLE_HIDH: notify handle 30 len 16[0m
[0;32mI (54894) NIMBLE_HIDH: notify handle 30 len 16[0m
frame 1449: 41274 us total, 12231 us display, type 3
[0;32mI (54924) NIMBLE_HIDH: notify handle 30 len 16[0m
frame 1450: 40958 us total, 11876 us display, type 3
[0;32mI (54954) NIMBLE_HIDH: notify handle 30 len 16[0m
frame 1451: 40663 us total, 11698 us display, type 3
[0;32mI (54984) NIMBLE_HIDH: notify handle 30 len 16[0m
[0;32mI (55014) NIMBLE_HIDH: notify handle 30 len 16[0m
frame 1452: 41738 us total, 12270 us display, type 3
[0;32mI (55044) NIMBLE_HIDH: notify handle 30 len 16[0m
frame 1453: 41000 us total, 11692 us display, type 3
[0;32mI (55074) NIMBLE_HIDH: notify handle 30 len 16[0m
[0;32mI (55104) NIMBLE_HIDH: notify handle 30 len 16[0m
frame 1454: 41873 us total, 12549 us display, type 3
[0;32mI (55134) NIMBLE_HIDH: notify handle 30 len 16[0m
frame 1455: 40750 us total, 11692 us display, type 3
[0;32mI (55164) NIMBLE_HIDH: notify handle 30 len 16[0m
frame 1456: 40860 us total, 11690 us display, type 3
[0;32mI (55194) NIMBLE_HIDH: notify handle 30 len 16[0m
frame 1457: 41024 us total, 11685 us display, type 3
[0;32mI (55239) NIMBLE_HIDH: notify handle 30 len 16[0m
[0;32mI (55254) NIMBLE_HIDH: notify handle 30 len 16[0m
[0;32mI (55269) NIMBLE_HIDH: notify handle 30 len 16[0m
frame 1458: 42369 us total, 12531 us display, type 3
[0;32mI (55299) NIMBLE_HIDH: notify handle 30 len 16[0m
frame 1459: 40677 us total, 11692 us display, type 3
[0;32mI (55314) NIMBLE_HIDH: notify handle 30 len 16[0m
[0;32mI (55344) NIMBLE_HIDH: notify handle 30 len 16[0m
frame 1460: 41661 us total, 12264 us display, type 3
[0;32mI (55374) NIMBLE_HIDH: notify handle 30 len 16[0m
frame 1461: 41145 us total, 11692 us display, type 3
[0;32mI (55404) NIMBLE_HIDH: notify handle 30 len 16[0m
[0;32mI (55434) NIMBLE_HIDH: notify handle 30 len 16[0m
frame 1462: 41773 us total, 12558 us display, type 3
[0;32mI (55464) NIMBLE_HIDH: notify handle 30 len 16[0m
frame 1463: 40522 us total, 11686 us display, type 3
[0;32mI (55494) NIMBLE_HIDH: notify handle 30 len 16[0m
frame 1464: 41040 us total, 11692 us display, type 3
[0;32mI (55524) NIMBLE_HIDH: notify handle 30 len 16[0m
[0;32mI (55554) NIMBLE_HIDH: notify handle 30 len 16[0m
frame 1465: 41572 us total, 12259 us display, type 3
[0;32mI (55584) NIMBLE_HIDH: notify handle 30 len 16[0m
frame 1466: 40933 us total, 11790 us display, type 3
[0;32mI (55614) NIMBLE_HIDH: notify handle 30 len 16[0m
[0;32mI (55629) NIMBLE_HIDH: notify handle 30 len 16[0m
frame 1467: 41347 us total, 11692 us display, type 3
[0;32mI (55659) NIMBLE_HIDH: notify handle 30 len 16[0m
[0;32mI (55674) NIMBLE_HIDH: notify handle 30 len 16[0m
frame 1468: 41881 us total, 12247 us display, type 3
[0;32mI (55704) NIMBLE_HIDH: notify handle 30 len 16[0m
frame 1469: 40896 us total, 11814 us display, type 3
[0;32mI (55734) NIMBLE_HIDH: notify handle 30 len 16[0m
[0;32mI (55764) NIMBLE_HIDH: notify handle 30 len 16[0m
frame 1470: 41547 us total, 12547 us display, type 3
[0;32mI (55794) NIMBLE_HIDH: notify handle 30 len 16[0m
frame 1471: 40739 us total, 11685 us display, type 3
[0;32mI (55824) NIMBLE_HIDH: notify handle 30 len 16[0m
frame 1472: 40916 us total, 11685 us display, type 3
[0;32mI (55854) NIMBLE_HIDH: notify handle 30 len 16[0m
[0;32mI (55884) NIMBLE_HIDH: notify handle 30 len 16[0m
frame 1473: 41758 us total, 12188 us display, type 3
[0;32mI (55914) NIMBLE_HIDH: notify handle 30 len 16[0m
[0;32mI (55929) NIMBLE_HIDH: notify handle 30 len 16[0m
frame 1474: 41472 us total, 12510 us display, type 3
[0;32mI (55959) NIMBLE_HIDH: notify handle 30 len 16[0m
frame 1475: 41037 us total, 11686 us display, type 3
[0;32mI (55989) NIMBLE_HIDH: notify handle 30 len 16[0m
[0;32mI (56004) NIMBLE_HIDH: notify handle 30 len 16[0m
frame 1476: 41406 us total, 12246 us display, type 3
[0;32mI (56034) NIMBLE_HIDH: notify handle 30 len 16[0m
frame 1477: 41125 us total, 11905 us display, type 3
[0;32mI (56064) NIMBLE_HIDH: notify handle 30 len 16[0m
[0;32mI (56094) NIMBLE_HIDH: notify handle 30 len 16[0m
frame 1478: 41563 us total, 12574 us display, type 3
[0;32mI (56124) NIMBLE_HIDH: notify handle 30 len 16[0m
frame 1479: 40559 us total, 11685 us display, type 3
[0;32mI (56154) NIMBLE_HIDH: notify handle 30 len 16[0m
frame 1480: 41052 us total, 11685 us display, type 3
[0;32mI (56184) NIMBLE_HIDH: notify handle 30 len 16[0m
[0;32mI (56214) NIMBLE_HIDH: notify handle 30 len 16[0m
frame 1481: 41763 us total, 12484 us display, type 3
[0;32mI (56244) NIMBLE_HIDH: notify handle 30 len 16[0m
frame 1482: 41334 us total, 11800 us display, type 3
[0;32mI (56274) NIMBLE_HIDH: notify handle 30 len 16[0m
[0;32mI (56289) NIMBLE_HIDH: notify handle 30 len 16[0m
frame 1483: 41319 us total, 11693 us display, type 3
[0;32mI (56319) NIMBLE_HIDH: notify handle 30 len 16[0m
frame 1484: 41125 us total, 11927 us display, type 3
[0;32mI (56349) NIMBLE_HIDH: notify handle 30 len 16[0m
[0;32mI (56379) NIMBLE_HIDH: notify handle 30 len 16[0m
frame 1485: 41537 us total, 12269 us display, type 3
[0;32mI (56409) NIMBLE_HIDH: notify handle 30 len 16[0m
frame 1486: 41017 us total, 11910 us display, type 3
[0;32mI (56439) NIMBLE_HIDH: notify handle 30 len 16[0m
frame 1487: 40614 us total, 11692 us display, type 3
[0;32mI (56469) NIMBLE_HIDH: notify handle 30 len 16[0m
[0;32mI (56499) NIMBLE_HIDH: notify handle 30 len 16[0m
frame 1488: 41793 us total, 12310 us display, type 3
[0;32mI (56529) NIMBLE_HIDH: notify handle 30 len 16[0m
frame 1489: 41331 us total, 11708 us display, type 3
[0;32mI (56559) NIMBLE_HIDH: notify handle 30 len 16[0m
[0;32mI (56589) NIMBLE_HIDH: notify handle 30 len 16[0m
frame 1490: 41570 us total, 12556 us display, type 3
[0;32mI (56619) NIMBLE_HIDH: notify handle 30 len 16[0m
frame 1491: 40689 us total, 11685 us display, type 3
[0;32mI (56634) NIMBLE_HIDH: notify handle 30 len 16[0m
[0;32mI (56664) NIMBLE_HIDH: notify handle 30 len 16[0m
frame 1492: 41670 us total, 12265 us display, type 3
[0;32mI (56694) NIMBLE_HIDH: notify handle 30 len 16[0m
frame 1493: 41067 us total, 11804 us display, type 3
[0;32mI (56724) NIMBLE_HIDH: notify handle 30 len 16[0m
[0;32mI (56754) NIMBLE_HIDH: notify handle 30 len 16[0m
frame 1494: 41559 us total, 12558 us display, type 3
[0;32mI (56784) NIMBLE_HIDH: notify handle 30 len 16[0m
frame 1495: 41006 us total, 11692 us display, type 3
[0;32mI (56814) NIMBLE_HIDH: notify handle 30 len 16[0m
frame 1496: 40820 us total, 11685 us display, type 3
[0;32mI (56844) NIMBLE_HIDH: notify handle 30 len 16[0m
[0;32mI (56874) NIMBLE_HIDH: notify handle 30 len 16[0m
frame 1497: 41556 us total, 12161 us display, type 3
[0;32mI (56904) NIMBLE_HIDH: notify handle 30 len 16[0m
[0;32mI (56919) NIMBLE_HIDH: notify handle 30 len 16[0m
frame 1498: 41645 us total, 12520 us display, type 3
[0;32mI (56949) NIMBLE_HIDH: notify handle 30 len 16[0m
frame 1499: 40511 us total, 11692 us display, type 3
[0;32mI (56964) NIMBLE_HIDH: notify handle 30 len 16[0m
[0;32mI (56994) NIMBLE_HIDH: notify handle 30 len 16[0m
frame 1500: 41866 us total, 12268 us display, type 3
[0;32mI (57024) NIMBLE_HIDH: notify handle 30 len 16[0m
frame 1501: 41036 us total, 11987 us display, type 3
[0;32mI (57054) NIMBLE_HIDH: notify handle 30 len 16[0m
[0;32mI (57084) NIMBLE_HIDH: notify handle 30 len 16[0m
frame 1502: 42009 us total, 12541 us display, type 3
[0;32mI (57114) NIMBLE_HIDH: notify handle 30 len 16[0m
frame 1503: 40588 us total, 11692 us display, type 3
[0;32mI (57144) NIMBLE_HIDH: notify handle 30 len 16[0m
frame 1504: 41128 us total, 11957 us display, type 3
[0;32mI (57174) NIMBLE_HIDH: notify handle 30 len 16[0m
[0;32mI (57204) NIMBLE_HIDH: notify handle 30 len 16[0m
frame 1505: 41518 us total, 12271 us display, type 3
[0;32mI (57219) NIMBLE_HIDH: notify handle 30 len 16[0m
[0;32mI (57249) NIMBLE_HIDH: notify handle 30 len 16[0m
frame 1506: 41522 us total, 12549 us display, type 3
[0;32mI (57279) NIMBLE_HIDH: notify handle 30 len 16[0m
frame 1507: 40742 us total, 11685 us display, type 3
[0;32mI (57309) NIMBLE_HIDH: notify handle 30 len 16[0m
frame 1508: 40834 us total, 11685 us display, type 3
[0;32mI (57339) NIMBLE_HIDH: notify handle 30 len 16[0m
[0;32mI (57369) NIMBLE_HIDH: notify handle 30 len 16[0m
frame 1509: 42111 us total, 12267 us display, type 3
[0;32mI (57399) NIMBLE_HIDH: notify handle 30 len 16[0m
frame 1510: 40816 us total, 11861 us display, type 3
[0;32mI (57429) NIMBLE_HIDH: notify handle 30 len 16[0m
frame 1511: 40719 us total, 11692 us display, type 3
[0;32mI (57459) NIMBLE_HIDH: notify handle 30 len 16[0m
[0;32mI (57489) NIMBLE_HIDH: notify handle 30 len 16[0m
frame 1512: 41691 us total, 12242 us display, type 3
[0;32mI (57504) NIMBLE_HIDH: notify handle 30 len 16[0m
[0;32mI (57534) NIMBLE_HIDH: notify handle 30 len 16[0m
frame 1513: 41648 us total, 12282 us display, type 3
[0;32mI (57564) NIMBLE_HIDH: notify handle 30 len 16[0m
frame 1514: 40730 us total, 11782 us display, type 3
[0;32mI (57594) NIMBLE_HIDH: notify handle 30 len 16[0m
frame 1515: 40633 us total, 11692 us display, type 3
[0;32mI (57624) NIMBLE_HIDH: notify handle 30 len 16[0m
[0;32mI (57654) NIMBLE_HIDH: notify handle 30 len 16[0m
frame 1516: 42260 us total, 12263 us display, type 3
[0;32mI (57684) NIMBLE_HIDH: notify handle 30 len 16[0m
frame 1517: 41025 us total, 11915 us display, type 3
[0;32mI (57714) NIMBLE_HIDH: notify handle 30 len 16[0m
[0;32mI (57744) NIMBLE_HIDH: notify handle 30 len 16[0m
frame 1518: 41755 us total, 12564 us display, type 3
[0;32mI (57774) NIMBLE_HIDH: notify handle 30 len 16[0m
frame 1519: 40532 us total, 11685 us display, type 3
[0;32mI (57804) NIMBLE_HIDH: notify handle 30 len 16[0m
frame 1520: 41040 us total, 11692 us display, type 3
[0;32mI (57834) NIMBLE_HIDH: notify handle 30 len 16[0m
[0;32mI (57864) NIMBLE_HIDH: notify handle 30 len 16[0m
frame 1521: 41672 us total, 12421 us display, type 3
[0;32mI (57894) NIMBLE_HIDH: notify handle 30 len 16[0m
frame 1522: 40899 us total, 11793 us display, type 3
[0;32mI (57924) NIMBLE_HIDH: notify handle 30 len 16[0m
frame 1523: 40985 us total, 11700 us display, type 3
[0;32mI (57954) NIMBLE_HIDH: notify handle 30 len 16[0m
[0;32mI (57984) NIMBLE_HIDH: notify handle 30 len 16[0m
frame 1524: 41822 us total, 12321 us display, type 3
[0;32mI (58014) NIMBLE_HIDH: notify handle 30 len 16[0m
frame 1525: 40908 us total, 11692 us display, type 3
[0;32mI (58044) NIMBLE_HIDH: notify handle 30 len 16[0m
[0;32mI (58074) NIMBLE_HIDH: notify handle 30 len 16[0m
frame 1526: 41068 us total, 12121 us display, type 3
[0;32mI (58104) NIMBLE_HIDH: notify handle 30 len 16[0m
frame 1527: 40206 us total, 12284 us display, type 3
[0;32mI (58134) NIMBLE_HIDH: notify handle 30 len 16[0m
frame 1528: 41012 us total, 11848 us display, type 3
[0;32mI (58164) NIMBLE_HIDH: notify handle 30 len 16[0m
[0;32mI (58194) NIMBLE_HIDH: notify handle 30 len 16[0m
frame 1529: 41289 us total, 12224 us display, type 3
[0;32mI (58224) NIMBLE_HIDH: notify handle 30 len 16[0m
frame 1530: 41245 us total, 11964 us display, type 3
[0;32mI (58254) NIMBLE_HIDH: notify handle 30 len 16[0m
frame 1531: 40387 us total, 11692 us display, type 3
[0;32mI (58284) NIMBLE_HIDH: notify handle 30 len 16[0m
[0;32mI (58314) NIMBLE_HIDH: notify handle 30 len 16[0m
frame 1532: 42011 us total, 12408 us display, type 3
[0;32mI (58344) NIMBLE_HIDH: notify handle 30 len 16[0m
frame 1533: 40586 us total, 11685 us display, type 3
[0;32mI (58374) NIMBLE_HIDH: notify handle 30 len 16[0m
[0;32mI (58389) NIMBLE_HIDH: notify handle 30 len 16[0m
frame 1534: 41650 us total, 11692 us display, type 3
[0;32mI (58419) NIMBLE_HIDH: notify handle 30 len 16[0m
frame 1535: 40607 us total, 11706 us display, type 3
[0;32mI (58449) NIMBLE_HIDH: notify handle 30 len 16[0m
[0;32mI (58479) NIMBLE_HIDH: notify handle 30 len 16[0m
frame 1536: 41739 us total, 12267 us display, type 3
mem @frame 1536: heap free 66484, largest 40960, min ever 65664, zone free 55016, stack free 14540, uptime 58 s, gamestate 0, demo 0, usergame 1, tic 1943
[0;32mI (58509) NIMBLE_HIDH: notify handle 30 len 16[0m
frame 1537: 42275 us total, 11692 us display, type 3
[0;32mI (58539) NIMBLE_HIDH: notify handle 30 len 16[0m
[0;32mI (58569) NIMBLE_HIDH: notify handle 30 len 16[0m
frame 1538: 41627 us total, 12505 us display, type 3
[0;32mI (58599) NIMBLE_HIDH: notify handle 30 len 16[0m
frame 1539: 40223 us total, 12346 us display, type 3
[0;32mI (58629) NIMBLE_HIDH: notify handle 30 len 16[0m
frame 1540: 40838 us total, 11685 us display, type 3
[0;32mI (58659) NIMBLE_HIDH: notify handle 30 len 16[0m
[0;32mI (58689) NIMBLE_HIDH: notify handle 30 len 16[0m
frame 1541: 41715 us total, 12550 us display, type 3
[0;32mI (58704) NIMBLE_HIDH: notify handle 30 len 16[0m
frame 1542: 40668 us total, 11692 us display, type 3
[0;32mI (58734) NIMBLE_HIDH: notify handle 30 len 16[0m
[0;32mI (58764) NIMBLE_HIDH: notify handle 30 len 16[0m
frame 1543: 41871 us total, 12750 us display, type 3
[0;32mI (58794) NIMBLE_HIDH: notify handle 30 len 16[0m
frame 1544: 41270 us total, 11785 us display, type 3
[0;32mI (58824) NIMBLE_HIDH: notify handle 30 len 16[0m
[0;32mI (58854) NIMBLE_HIDH: notify handle 30 len 16[0m
frame 1545: 41187 us total, 12144 us display, type 3
[0;32mI (58884) NIMBLE_HIDH: notify handle 30 len 16[0m
frame 1546: 40696 us total, 11692 us display, type 3
[0;32mI (58914) NIMBLE_HIDH: notify handle 30 len 16[0m
frame 1547: 40875 us total, 11870 us display, type 3
[0;32mI (58944) NIMBLE_HIDH: notify handle 30 len 16[0m
[0;32mI (58974) NIMBLE_HIDH: notify handle 30 len 16[0m
frame 1548: 41577 us total, 12262 us display, type 3
[0;32mI (59004) NIMBLE_HIDH: notify handle 30 len 16[0m
frame 1549: 40604 us total, 11693 us display, type 3
[0;32mI (59034) NIMBLE_HIDH: notify handle 30 len 16[0m
frame 1550: 40861 us total, 11692 us display, type 3
[0;32mI (59064) NIMBLE_HIDH: notify handle 30 len 16[0m
[0;32mI (59079) NIMBLE_HIDH: notify handle 30 len 16[0m
frame 1551: 41971 us total, 11692 us display, type 3
[0;32mI (59109) NIMBLE_HIDH: notify handle 30 len 16[0m
[0;32mI (59139) NIMBLE_HIDH: notify handle 30 len 16[0m
frame 1552: 42163 us total, 12625 us display, type 3
[0;32mI (59169) NIMBLE_HIDH: notify handle 30 len 16[0m
frame 1553: 40571 us total, 11687 us display, type 3
[0;32mI (59199) NIMBLE_HIDH: notify handle 30 len 16[0m
frame 1554: 40767 us total, 11692 us display, type 3
[0;32mI (59229) NIMBLE_HIDH: notify handle 30 len 16[0m
[0;32mI (59259) NIMBLE_HIDH: notify handle 30 len 16[0m
frame 1555: 41464 us total, 12412 us display, type 3
[0;32mI (59289) NIMBLE_HIDH: notify handle 30 len 16[0m
frame 1556: 40842 us total, 11692 us display, type 3
[0;32mI (59319) NIMBLE_HIDH: notify handle 30 len 16[0m
[0;32mI (59349) NIMBLE_HIDH: notify handle 30 len 16[0m
frame 1557: 41707 us total, 12632 us display, type 3
[0;32mI (59379) NIMBLE_HIDH: notify handle 30 len 16[0m
frame 1558: 40958 us total, 11685 us display, type 3
[0;32mI (59409) NIMBLE_HIDH: notify handle 30 len 16[0m
frame 1559: 40864 us total, 11692 us display, type 3
[0;32mI (59439) NIMBLE_HIDH: notify handle 30 len 16[0m
[0;32mI (59469) NIMBLE_HIDH: notify handle 30 len 16[0m
frame 1560: 41904 us total, 12587 us display, type 3
[0;32mI (59499) NIMBLE_HIDH: notify handle 30 len 16[0m
frame 1561: 40758 us total, 11695 us display, type 3
[0;32mI (59529) NIMBLE_HIDH: notify handle 30 len 16[0m
frame 1562: 40640 us total, 11685 us display, type 3
[0;32mI (59559) NIMBLE_HIDH: notify handle 30 len 16[0m
[0;32mI (59589) NIMBLE_HIDH: notify handle 30 len 16[0m
frame 1563: 41727 us total, 12286 us display, type 3
[0;32mI (59619) NIMBLE_HIDH: notify handle 30 len 16[0m
frame 1564: 40987 us total, 11838 us display, type 3
[0;32mI (59649) NIMBLE_HIDH: notify handle 30 len 16[0m
[0;32mI (59679) NIMBLE_HIDH: notify handle 30 len 16[0m
frame 1565: 41875 us total, 12561 us display, type 3
[0;32mI (59709) NIMBLE_HIDH: notify handle 30 len 16[0m
frame 1566: 40803 us total, 11692 us display, type 3
[0;32mI (59739) NIMBLE_HIDH: notify handle 30 len 16[0m
[0;32mI (59754) NIMBLE_HIDH: notify handle 30 len 16[0m
frame 1567: 41278 us total, 12220 us display, type 3
[0;32mI (59784) NIMBLE_HIDH: notify handle 30 len 16[0m
frame 1568: 41050 us total, 11732 us display, type 3
[0;32mI (59814) NIMBLE_HIDH: notify handle 30 len 16[0m
[0;32mI (59844) NIMBLE_HIDH: notify handle 30 len 16[0m
frame 1569: 41547 us total, 12563 us display, type 3
[0;32mI (59874) NIMBLE_HIDH: notify handle 30 len 16[0m
frame 1570: 40795 us total, 11685 us display, type 3
[0;32mI (59904) NIMBLE_HIDH: notify handle 30 len 16[0m
frame 1571: 40835 us total, 11685 us display, type 3
[0;32mI (59934) NIMBLE_HIDH: notify handle 30 len 16[0m
[0;32mI (59964) NIMBLE_HIDH: notify handle 30 len 16[0m
frame 1572: 42052 us total, 12263 us display, type 3
[0;32mI (59994) NIMBLE_HIDH: notify handle 30 len 16[0m
frame 1573: 40706 us total, 11792 us display, type 3
[0;32mI (60024) NIMBLE_HIDH: notify handle 30 len 16[0m
frame 1574: 40676 us total, 11692 us display, type 3
[0;32mI (60054) NIMBLE_HIDH: notify handle 30 len 16[0m
[0;32mI (60069) NIMBLE_HIDH: notify handle 30 len 16[0m
frame 1575: 42093 us total, 11706 us display, type 3
[0;32mI (60099) NIMBLE_HIDH: notify handle 30 len 16[0m
[0;32mI (60129) NIMBLE_HIDH: notify handle 30 len 16[0m
frame 1576: 41553 us total, 12241 us display, type 3
[0;32mI (60159) NIMBLE_HIDH: notify handle 30 len 16[0m
frame 1577: 41008 us total, 11897 us display, type 3
[0;32mI (60189) NIMBLE_HIDH: notify handle 30 len 16[0m
frame 1578: 40736 us total, 11699 us display, type 3
[0;32mI (60219) NIMBLE_HIDH: notify handle 30 len 16[0m
[0;32mI (60249) NIMBLE_HIDH: notify handle 30 len 16[0m
frame 1579: 42075 us total, 12285 us display, type 3
[0;32mI (60279) NIMBLE_HIDH: notify handle 30 len 16[0m
frame 1580: 40924 us total, 11805 us display, type 3
[0;32mI (60309) NIMBLE_HIDH: notify handle 30 len 16[0m
[0;32mI (60339) NIMBLE_HIDH: notify handle 30 len 16[0m
frame 1581: 41595 us total, 12555 us display, type 3
[0;32mI (60369) NIMBLE_HIDH: notify handle 30 len 16[0m
frame 1582: 40605 us total, 11685 us display, type 3
[0;32mI (60399) NIMBLE_HIDH: notify handle 30 len 16[0m
frame 1583: 40837 us total, 11692 us display, type 3
[0;32mI (60429) NIMBLE_HIDH: notify handle 30 len 16[0m
[0;32mI (60459) NIMBLE_HIDH: notify handle 30 len 16[0m
frame 1584: 41909 us total, 12404 us display, type 3
[0;32mI (60489) NIMBLE_HIDH: notify handle 30 len 16[0m
frame 1585: 40686 us total, 11751 us display, type 3
[0;32mI (60519) NIMBLE_HIDH: notify handle 30 len 16[0m
frame 1586: 41203 us total, 11693 us display, type 3
[0;32mI (60549) NIMBLE_HIDH: notify handle 30 len 16[0m
[0;32mI (60579) NIMBLE_HIDH: notify handle 30 len 16[0m
frame 1587: 41835 us total, 12432 us display, type 3
[0;32mI (60609) NIMBLE_HIDH: notify handle 30 len 16[0m
frame 1588: 40902 us total, 11692 us display, type 3
[0;32mI (60639) NIMBLE_HIDH: notify handle 30 len 16[0m
[0;32mI (60669) NIMBLE_HIDH: notify handle 30 len 16[0m
frame 1589: 41087 us total, 12117 us display, type 3
[0;32mI (60699) NIMBLE_HIDH: notify handle 30 len 16[0m
frame 1590: 40120 us total, 12262 us display, type 3
[0;32mI (60729) NIMBLE_HIDH: notify handle 30 len 16[0m
frame 1591: 41081 us total, 11865 us display, type 3
[0;32mI (60759) NIMBLE_HIDH: notify handle 30 len 16[0m
[0;32mI (60789) NIMBLE_HIDH: notify handle 30 len 16[0m
frame 1592: 41193 us total, 12175 us display, type 3
[0;32mI (60804) NIMBLE_HIDH: notify handle 30 len 16[0m
frame 1593: 41180 us total, 11685 us display, type 3
[0;32mI (60834) NIMBLE_HIDH: notify handle 30 len 16[0m
[0;32mI (60864) NIMBLE_HIDH: notify handle 30 len 16[0m
frame 1594: 41301 us total, 12321 us display, type 3
[0;32mI (60894) NIMBLE_HIDH: notify handle 30 len 16[0m
frame 1595: 40982 us total, 11685 us display, type 3
[0;32mI (60924) NIMBLE_HIDH: notify handle 30 len 16[0m
[0;32mI (60954) NIMBLE_HIDH: notify handle 30 len 16[0m
frame 1596: 41535 us total, 12547 us display, type 3
[0;32mI (60984) NIMBLE_HIDH: notify handle 30 len 16[0m
frame 1597: 40687 us total, 11693 us display, type 3
[0;32mI (61014) NIMBLE_HIDH: notify handle 30 len 16[0m
frame 1598: 40892 us total, 11953 us display, type 3
[0;32mI (61044) NIMBLE_HIDH: notify handle 30 len 16[0m
[0;32mI (61074) NIMBLE_HIDH: notify handle 30 len 16[0m
frame 1599: 41542 us total, 12226 us display, type 3
[0;32mI (61104) NIMBLE_HIDH: notify handle 30 len 16[0m
frame 1600: 41200 us total, 11692 us display, type 3
[0;32mI (61134) NIMBLE_HIDH: notify handle 30 len 16[0m
frame 1601: 40596 us total, 11692 us display, type 3
[0;32mI (61164) NIMBLE_HIDH: notify handle 30 len 16[0m
[0;32mI (61194) NIMBLE_HIDH: notify handle 30 len 16[0m
frame 1602: 41636 us total, 12392 us display, type 3
[0;32mI (61224) NIMBLE_HIDH: notify handle 30 len 16[0m
frame 1603: 40772 us total, 11689 us display, type 3
[0;32mI (61254) NIMBLE_HIDH: notify handle 30 len 16[0m
[0;32mI (61284) NIMBLE_HIDH: notify handle 30 len 16[0m
frame 1604: 41827 us total, 12693 us display, type 3
[0;32mI (61314) NIMBLE_HIDH: notify handle 30 len 16[0m
frame 1605: 40542 us total, 11692 us display, type 3
[0;32mI (61329) NIMBLE_HIDH: notify handle 30 len 16[0m
[0;32mI (61359) NIMBLE_HIDH: notify handle 30 len 16[0m
frame 1606: 41857 us total, 12352 us display, type 3
[0;32mI (61389) NIMBLE_HIDH: notify handle 30 len 16[0m
frame 1607: 40788 us total, 11685 us display, type 3
[0;32mI (61419) NIMBLE_HIDH: notify handle 30 len 16[0m
[0;32mI (61449) NIMBLE_HIDH: notify handle 30 len 16[0m
frame 1608: 41542 us total, 12542 us display, type 3
[0;32mI (61479) NIMBLE_HIDH: notify handle 30 len 16[0m
frame 1609: 40722 us total, 11692 us display, type 3
[0;32mI (61509) NIMBLE_HIDH: notify handle 30 len 16[0m
frame 1610: 41060 us total, 11938 us display, type 3
[0;32mI (61539) NIMBLE_HIDH: notify handle 30 len 16[0m
[0;32mI (61569) NIMBLE_HIDH: notify handle 30 len 16[0m
frame 1611: 41723 us total, 12280 us display, type 3
[0;32mI (61599) NIMBLE_HIDH: notify handle 30 len 16[0m
frame 1612: 40831 us total, 11888 us display, type 3
[0;32mI (61629) NIMBLE_HIDH: notify handle 30 len 16[0m
frame 1613: 41102 us total, 11693 us display, type 3
[0;32mI (61659) NIMBLE_HIDH: notify handle 30 len 16[0m
[0;32mI (61689) NIMBLE_HIDH: notify handle 30 len 16[0m
frame 1614: 41669 us total, 12273 us display, type 3
[0;32mI (61719) NIMBLE_HIDH: notify handle 30 len 16[0m
frame 1615: 40962 us total, 11757 us display, type 3
[0;32mI (61749) NIMBLE_HIDH: notify handle 30 len 16[0m
[0;32mI (61779) NIMBLE_HIDH: notify handle 30 len 16[0m
frame 1616: 41584 us total, 12570 us display, type 3
frame 1617: 39706 us total, 11692 us display, type 3
[0;32mI (61824) NIMBLE_HIDH: notify handle 30 len 16[0m
[0;32mI (61839) NIMBLE_HIDH: notify handle 30 len 16[0m
frame 1618: 42491 us total, 12013 us display, type 3
[0;32mI (61869) NIMBLE_HIDH: notify handle 30 len 16[0m
[0;32mI (61899) NIMBLE_HIDH: notify handle 30 len 16[0m
frame 1619: 41496 us total, 12245 us display, type 3
[0;32mI (61929) NIMBLE_HIDH: notify handle 30 len 16[0m
frame 1620: 41195 us total, 11685 us display, type 3
[0;32mI (61959) NIMBLE_HIDH: notify handle 30 len 16[0m
frame 1621: 40625 us total, 11692 us display, type 3
[0;32mI (61989) NIMBLE_HIDH: notify handle 30 len 16[0m
[0;32mI (62019) NIMBLE_HIDH: notify handle 30 len 16[0m
frame 1622: 41782 us total, 12269 us display, type 3
[0;32mI (62049) NIMBLE_HIDH: notify handle 30 len 16[0m
frame 1623: 40719 us total, 11692 us display, type 3
[0;32mI (62079) NIMBLE_HIDH: notify handle 30 len 16[0m
[0;32mI (62094) NIMBLE_HIDH: notify handle 30 len 16[0m
frame 1624: 41654 us total, 11741 us display, type 3
[0;32mI (62124) NIMBLE_HIDH: notify handle 30 len 16[0m
frame 1625: 40640 us total, 11692 us display, type 3
[0;32mI (62154) NIMBLE_HIDH: notify handle 30 len 16[0m
[0;32mI (62184) NIMBLE_HIDH: notify handle 30 len 16[0m
frame 1626: 41779 us total, 12326 us display, type 3
[0;32mI (62214) NIMBLE_HIDH: notify handle 30 len 16[0m
frame 1627: 41327 us total, 11708 us display, type 3
[0;32mI (62244) NIMBLE_HIDH: notify handle 30 len 16[0m
[0;32mI (62274) NIMBLE_HIDH: notify handle 30 len 16[0m
frame 1628: 41566 us total, 12555 us display, type 3
[0;32mI (62304) NIMBLE_HIDH: notify handle 30 len 16[0m
frame 1629: 40739 us total, 11685 us display, type 3
[0;32mI (62334) NIMBLE_HIDH: notify handle 30 len 16[0m
frame 1630: 40873 us total, 11686 us display, type 3
[0;32mI (62364) NIMBLE_HIDH: notify handle 30 len 16[0m
[0;32mI (62394) NIMBLE_HIDH: notify handle 30 len 16[0m
frame 1631: 41785 us total, 12384 us display, type 3
[0;32mI (62424) NIMBLE_HIDH: notify handle 30 len 16[0m
frame 1632: 40721 us total, 11791 us display, type 3
[0;32mI (62454) NIMBLE_HIDH: notify handle 30 len 16[0m
frame 1633: 40594 us total, 11686 us display, type 3
[0;32mI (62484) NIMBLE_HIDH: notify handle 30 len 16[0m
[0;32mI (62514) NIMBLE_HIDH: notify handle 30 len 16[0m
frame 1634: 42393 us total, 12363 us display, type 3
[0;32mI (62529) NIMBLE_HIDH: notify handle 30 len 16[0m
[0;32mI (62559) NIMBLE_HIDH: notify handle 30 len 16[0m
frame 1635: 41513 us total, 12254 us display, type 3
[0;32mI (62589) NIMBLE_HIDH: notify handle 30 len 16[0m
frame 1636: 41082 us total, 11961 us display, type 3
[0;32mI (62619) NIMBLE_HIDH: notify handle 30 len 16[0m
frame 1637: 40624 us total, 11692 us display, type 3
[0;32mI (62649) NIMBLE_HIDH: notify handle 30 len 16[0m
[0;32mI (62679) NIMBLE_HIDH: notify handle 30 len 16[0m
frame 1638: 41924 us total, 12274 us display, type 3
[0;32mI (62709) NIMBLE_HIDH: notify handle 30 len 16[0m
frame 1639: 40760 us total, 11693 us display, type 3
[0;32mI (62739) NIMBLE_HIDH: notify handle 30 len 16[0m
[0;32mI (62769) NIMBLE_HIDH: notify handle 30 len 16[0m
frame 1640: 41665 us total, 12537 us display, type 3
[0;32mI (62799) NIMBLE_HIDH: notify handle 30 len 16[0m
frame 1641: 40928 us total, 11686 us display, type 3
[0;32mI (62829) NIMBLE_HIDH: notify handle 30 len 16[0m
frame 1642: 40870 us total, 11692 us display, type 3
[0;32mI (62859) NIMBLE_HIDH: notify handle 30 len 16[0m
[0;32mI (62889) NIMBLE_HIDH: notify handle 30 len 16[0m
frame 1643: 41920 us total, 12372 us display, type 3
[0;32mI (62919) NIMBLE_HIDH: notify handle 30 len 16[0m
frame 1644: 40716 us total, 11751 us display, type 3
[0;32mI (62949) NIMBLE_HIDH: notify handle 30 len 16[0m
frame 1645: 40805 us total, 11685 us display, type 3
[0;32mI (62979) NIMBLE_HIDH: notify handle 30 len 16[0m
[0;32mI (63009) NIMBLE_HIDH: notify handle 30 len 16[0m
frame 1646: 41694 us total, 12265 us display, type 3
[0;32mI (63039) NIMBLE_HIDH: notify handle 30 len 16[0m
frame 1647: 40960 us total, 11685 us display, type 3
[0;32mI (63069) NIMBLE_HIDH: notify handle 30 len 16[0m
[0;32mI (63099) NIMBLE_HIDH: notify handle 30 len 16[0m
frame 1648: 41505 us total, 12133 us display, type 3
[0;32mI (63129) NIMBLE_HIDH: notify handle 30 len 16[0m
frame 1649: 40225 us total, 12259 us display, type 3
[0;32mI (63159) NIMBLE_HIDH: notify handle 30 len 16[0m
frame 1650: 40993 us total, 11858 us display, type 3
[0;32mI (63189) NIMBLE_HIDH: notify handle 30 len 16[0m
[0;32mI (63219) NIMBLE_HIDH: notify handle 30 len 16[0m
frame 1651: 41195 us total, 12271 us display, type 3
[0;32mI (63249) NIMBLE_HIDH: notify handle 30 len 16[0m
frame 1652: 40836 us total, 11692 us display, type 3
[0;32mI (63279) NIMBLE_HIDH: notify handle 30 len 16[0m
frame 1653: 40756 us total, 11867 us display, type 3
[0;32mI (63309) NIMBLE_HIDH: notify handle 30 len 16[0m
[0;32mI (63339) NIMBLE_HIDH: notify handle 30 len 16[0m
frame 1654: 42170 us total, 12618 us display, type 3
[0;32mI (63369) NIMBLE_HIDH: notify handle 30 len 16[0m
frame 1655: 40930 us total, 11692 us display, type 3
[0;32mI (63399) NIMBLE_HIDH: notify handle 30 len 16[0m
frame 1656: 40773 us total, 11685 us display, type 3
[0;32mI (63429) NIMBLE_HIDH: notify handle 30 len 16[0m
[0;32mI (63459) NIMBLE_HIDH: notify handle 30 len 16[0m
frame 1657: 41238 us total, 12269 us display, type 3
[0;32mI (63489) NIMBLE_HIDH: notify handle 30 len 16[0m
frame 1658: 40817 us total, 11692 us display, type 3
[0;32mI (63519) NIMBLE_HIDH: notify handle 30 len 16[0m
[0;32mI (63534) NIMBLE_HIDH: notify handle 30 len 16[0m
frame 1659: 41599 us total, 11713 us display, type 3
[0;32mI (63564) NIMBLE_HIDH: notify handle 30 len 16[0m
frame 1660: 40661 us total, 11692 us display, type 3
[0;32mI (63594) NIMBLE_HIDH: notify handle 30 len 16[0m
[0;32mI (63624) NIMBLE_HIDH: notify handle 30 len 16[0m
frame 1661: 41774 us total, 12457 us display, type 3
[0;32mI (63654) NIMBLE_HIDH: notify handle 30 len 16[0m
frame 1662: 41304 us total, 11774 us display, type 3
[0;32mI (63684) NIMBLE_HIDH: notify handle 30 len 16[0m
[0;32mI (63714) NIMBLE_HIDH: notify handle 30 len 16[0m
frame 1663: 41579 us total, 12441 us display, type 3
[0;32mI (63744) NIMBLE_HIDH: notify handle 30 len 16[0m
frame 1664: 40595 us total, 11692 us display, type 3
[0;32mI (63774) NIMBLE_HIDH: notify handle 30 len 16[0m
frame 1665: 40756 us total, 11692 us display, type 3
[0;32mI (63804) NIMBLE_HIDH: notify handle 30 len 16[0m
[0;32mI (63834) NIMBLE_HIDH: notify handle 30 len 16[0m
frame 1666: 41616 us total, 12265 us display, type 3
[0;32mI (63864) NIMBLE_HIDH: notify handle 30 len 16[0m
frame 1667: 40784 us total, 11768 us display, type 3
[0;32mI (63894) NIMBLE_HIDH: notify handle 30 len 16[0m
frame 1668: 40874 us total, 11685 us display, type 3
[0;32mI (63924) NIMBLE_HIDH: notify handle 30 len 16[0m
[0;32mI (63954) NIMBLE_HIDH: notify handle 30 len 16[0m
frame 1669: 41983 us total, 12279 us display, type 3
[0;32mI (63984) NIMBLE_HIDH: notify handle 30 len 16[0m
frame 1670: 41052 us total, 11692 us display, type 3
[0;32mI (64029) NIMBLE_HIDH: notify handle 30 len 16[0m
[0;32mI (64044) NIMBLE_HIDH: notify handle 30 len 16[0m
frame 1671: 41430 us total, 12509 us display, type 3
[0;32mI (64074) NIMBLE_HIDH: notify handle 30 len 16[0m
frame 1672: 40693 us total, 11685 us display, type 3
[0;32mI (64089) NIMBLE_HIDH: notify handle 30 len 16[0m
[0;32mI (64119) NIMBLE_HIDH: notify handle 30 len 16[0m
frame 1673: 41617 us total, 12267 us display, type 3
[0;32mI (64149) NIMBLE_HIDH: notify handle 30 len 16[0m
frame 1674: 41110 us total, 11866 us display, type 3
[0;32mI (64179) NIMBLE_HIDH: notify handle 30 len 16[0m
[0;32mI (64209) NIMBLE_HIDH: notify handle 30 len 16[0m
frame 1675: 41541 us total, 12574 us display, type 3
[0;32mI (64239) NIMBLE_HIDH: notify handle 30 len 16[0m
frame 1676: 40941 us total, 11686 us display, type 3
[0;32mI (64269) NIMBLE_HIDH: notify handle 30 len 16[0m
frame 1677: 41245 us total, 11970 us display, type 3
[0;32mI (64299) NIMBLE_HIDH: notify handle 30 len 16[0m
[0;32mI (64329) NIMBLE_HIDH: notify handle 30 len 16[0m
frame 1678: 41524 us total, 12247 us display, type 3
[0;32mI (64359) NIMBLE_HIDH: notify handle 30 len 16[0m
frame 1679: 41022 us total, 11898 us display, type 3
[0;32mI (64389) NIMBLE_HIDH: notify handle 30 len 16[0m
frame 1680: 40703 us total, 11692 us display, type 3
[0;32mI (64419) NIMBLE_HIDH: notify handle 30 len 16[0m
[0;32mI (64449) NIMBLE_HIDH: notify handle 30 len 16[0m
frame 1681: 41705 us total, 12239 us display, type 3
[0;32mI (64479) NIMBLE_HIDH: notify handle 30 len 16[0m
frame 1682: 40795 us total, 11685 us display, type 3
[0;32mI (64509) NIMBLE_HIDH: notify handle 30 len 16[0m
[0;32mI (64539) NIMBLE_HIDH: notify handle 30 len 16[0m
frame 1683: 41977 us total, 12551 us display, type 3
[0;32mI (64569) NIMBLE_HIDH: notify handle 30 len 16[0m
frame 1684: 40632 us total, 12776 us display, type 3
[0;32mI (64599) NIMBLE_HIDH: notify handle 30 len 16[0m
frame 1685: 40812 us total, 11692 us display, type 3
[0;32mI (64629) NIMBLE_HIDH: notify handle 30 len 16[0m
[0;32mI (64659) NIMBLE_HIDH: notify handle 30 len 16[0m
frame 1686: 42057 us total, 12611 us display, type 3
[0;32mI (64689) NIMBLE_HIDH: notify handle 30 len 16[0m
frame 1687: 40698 us total, 11753 us display, type 3
[0;32mI (64719) NIMBLE_HIDH: notify handle 30 len 16[0m
frame 1688: 40860 us total, 11685 us display, type 3
[0;32mI (64749) NIMBLE_HIDH: notify handle 30 len 16[0m
[0;32mI (64764) NIMBLE_HIDH: notify handle 30 len 16[0m
frame 1689: 42198 us total, 11975 us display, type 3
[0;32mI (64794) NIMBLE_HIDH: notify handle 30 len 16[0m
[0;32mI (64824) NIMBLE_HIDH: notify handle 30 len 16[0m
frame 1690: 42182 us total, 12392 us display, type 3
[0;32mI (64854) NIMBLE_HIDH: notify handle 30 len 16[0m
frame 1691: 40698 us total, 11692 us display, type 3
[0;32mI (64884) NIMBLE_HIDH: notify handle 30 len 16[0m
frame 1692: 40777 us total, 11692 us display, type 3
[0;32mI (64914) NIMBLE_HIDH: notify handle 30 len 16[0m
[0;32mI (64944) NIMBLE_HIDH: notify handle 30 len 16[0m
frame 1693: 41639 us total, 12287 us display, type 3
[0;32mI (64974) NIMBLE_HIDH: notify handle 30 len 16[0m
frame 1694: 40963 us total, 11797 us display, type 3
[0;32mI (65004) NIMBLE_HIDH: notify handle 30 len 16[0m
[0;32mI (65034) NIMBLE_HIDH: notify handle 30 len 16[0m
frame 1695: 41725 us total, 12575 us display, type 3
[0;32mI (65064) NIMBLE_HIDH: notify handle 30 len 16[0m
frame 1696: 40612 us total, 11691 us display, type 3
[0;32mI (65094) NIMBLE_HIDH: notify handle 30 len 16[0m
frame 1697: 41411 us total, 11805 us display, type 3
[0;32mI (65124) NIMBLE_HIDH: notify handle 30 len 16[0m
[0;32mI (65154) NIMBLE_HIDH: notify handle 30 len 16[0m
frame 1698: 41519 us total, 12238 us display, type 3
[0;32mI (65184) NIMBLE_HIDH: notify handle 30 len 16[0m
frame 1699: 41039 us total, 11963 us display, type 3
[0;32mI (65214) NIMBLE_HIDH: notify handle 30 len 16[0m
frame 1700: 40663 us total, 11692 us display, type 3
[0;32mI (65244) NIMBLE_HIDH: notify handle 30 len 16[0m
[0;32mI (65274) NIMBLE_HIDH: notify handle 30 len 16[0m
frame 1701: 41740 us total, 12220 us display, type 3
[0;32mI (65304) NIMBLE_HIDH: notify handle 30 len 16[0m
frame 1702: 40795 us total, 11686 us display, type 3
[0;32mI (65334) NIMBLE_HIDH: notify handle 30 len 16[0m
[0;32mI (65364) NIMBLE_HIDH: notify handle 30 len 16[0m
frame 1703: 41098 us total, 12124 us display, type 3
[0;32mI (65394) NIMBLE_HIDH: notify handle 30 len 16[0m
frame 1704: 41179 us total, 12776 us display, type 3
[0;32mI (65424) NIMBLE_HIDH: notify handle 30 len 16[0m
frame 1705: 41043 us total, 11901 us display, type 3
[0;32mI (65454) NIMBLE_HIDH: notify handle 30 len 16[0m
[0;32mI (65484) NIMBLE_HIDH: notify handle 30 len 16[0m
frame 1706: 41681 us total, 12259 us display, type 3
[0;32mI (65514) NIMBLE_HIDH: notify handle 30 len 16[0m
frame 1707: 40545 us total, 11692 us display, type 3
[0;32mI (65544) NIMBLE_HIDH: notify handle 30 len 16[0m
frame 1708: 40864 us total, 11994 us display, type 3
[0;32mI (65574) NIMBLE_HIDH: notify handle 30 len 16[0m
[0;32mI (65604) NIMBLE_HIDH: notify handle 30 len 16[0m
frame 1709: 41863 us total, 12495 us display, type 3
[0;32mI (65634) NIMBLE_HIDH: notify handle 30 len 16[0m
frame 1710: 41297 us total, 11692 us display, type 3
[0;32mI (65664) NIMBLE_HIDH: notify handle 30 len 16[0m
[0;32mI (65694) NIMBLE_HIDH: notify handle 30 len 16[0m
frame 1711: 41265 us total, 12245 us display, type 3
[0;32mI (65724) NIMBLE_HIDH: notify handle 30 len 16[0m
frame 1712: 40224 us total, 12302 us display, type 3
[0;32mI (65754) NIMBLE_HIDH: notify handle 30 len 16[0m
frame 1713: 40975 us total, 11685 us display, type 3
[0;32mI (65784) NIMBLE_HIDH: notify handle 30 len 16[0m
[0;32mI (65814) NIMBLE_HIDH: notify handle 30 len 16[0m
frame 1714: 41545 us total, 12550 us display, type 3
[0;32mI (65829) NIMBLE_HIDH: notify handle 30 len 16[0m
frame 1715: 40788 us total, 11692 us display, type 3
[0;32mI (65859) NIMBLE_HIDH: notify handle 30 len 16[0m
[0;32mI (65889) NIMBLE_HIDH: notify handle 30 len 16[0m
frame 1716: 41182 us total, 12281 us display, type 3
[0;32mI (65919) NIMBLE_HIDH: notify handle 30 len 16[0m
frame 1717: 41291 us total, 11685 us display, type 3
[0;32mI (65949) NIMBLE_HIDH: notify handle 30 len 16[0m
[0;32mI (65979) NIMBLE_HIDH: notify handle 30 len 16[0m
frame 1718: 41420 us total, 12404 us display, type 3
[0;32mI (66009) NIMBLE_HIDH: notify handle 30 len 16[0m
frame 1719: 40563 us total, 11692 us display, type 3
[0;32mI (66039) NIMBLE_HIDH: notify handle 30 len 16[0m
[0;32mI (66054) NIMBLE_HIDH: notify handle 30 len 16[0m
frame 1720: 41420 us total, 12257 us display, type 3
[0;32mI (66084) NIMBLE_HIDH: notify handle 30 len 16[0m
frame 1721: 40778 us total, 11685 us display, type 3
[0;32mI (66114) NIMBLE_HIDH: notify handle 30 len 16[0m
[0;32mI (66144) NIMBLE_HIDH: notify handle 30 len 16[0m
frame 1722: 41654 us total, 12449 us display, type 3
[0;32mI (66174) NIMBLE_HIDH: notify handle 30 len 16[0m
frame 1723: 40535 us total, 11692 us display, type 3
[0;32mI (66204) NIMBLE_HIDH: notify handle 30 len 16[0m
frame 1724: 41156 us total, 11692 us display, type 3
[0;32mI (66234) NIMBLE_HIDH: notify handle 30 len 16[0m
[0;32mI (66264) NIMBLE_HIDH: notify handle 30 len 16[0m
frame 1725: 41518 us total, 12262 us display, type 3
[0;32mI (66294) NIMBLE_HIDH: notify handle 30 len 16[0m
frame 1726: 40911 us total, 11826 us display, type 3
[0;32mI (66324) NIMBLE_HIDH: notify handle 30 len 16[0m
frame 1727: 40629 us total, 11692 us display, type 3
[0;32mI (66354) NIMBLE_HIDH: notify handle 30 len 16[0m
[0;32mI (66384) NIMBLE_HIDH: notify handle 30 len 16[0m
frame 1728: 41770 us total, 12311 us display, type 3
[0;32mI (66414) NIMBLE_HIDH: notify handle 30 len 16[0m
frame 1729: 40986 us total, 11691 us display, type 3
[0;32mI (66444) NIMBLE_HIDH: notify handle 30 len 16[0m
[0;32mI (66474) NIMBLE_HIDH: notify handle 30 len 16[0m
frame 1730: 41595 us total, 12579 us display, type 3
frame 1731: 40205 us total, 11691 us display, type 3
[0;32mI (66520) NIMBLE_HIDH: notify handle 30 len 16[0m
[0;32mI (66520) NIMBLE_HIDH: notify handle 30 len 16[0m
[0;32mI (66549) NIMBLE_HIDH: notify handle 30 len 16[0m
frame 1732: 42227 us total, 12475 us display, type 3
[0;32mI (66579) NIMBLE_HIDH: notify handle 30 len 16[0m
frame 1733: 40891 us total, 11692 us display, type 3
[0;32mI (66609) NIMBLE_HIDH: notify handle 30 len 16[0m
[0;32mI (66639) NIMBLE_HIDH: notify handle 30 len 16[0m
frame 1734: 41130 us total, 12130 us display, type 3
[0;32mI (66669) NIMBLE_HIDH: notify handle 30 len 16[0m
frame 1735: 40059 us total, 12266 us display, type 3
[0;32mI (66699) NIMBLE_HIDH: notify handle 30 len 16[0m
frame 1736: 41110 us total, 11762 us display, type 3
[0;32mI (66729) NIMBLE_HIDH: notify handle 30 len 16[0m
[0;32mI (66759) NIMBLE_HIDH: notify handle 30 len 16[0m
frame 1737: 41175 us total, 12281 us display, type 3
[0;32mI (66789) NIMBLE_HIDH: notify handle 30 len 16[0m
frame 1738: 41392 us total, 11939 us display, type 3
[0;32mI (66819) NIMBLE_HIDH: notify handle 30 len 16[0m
frame 1739: 40344 us total, 11699 us display, type 3
[0;32mI (66849) NIMBLE_HIDH: notify handle 30 len 16[0m
[0;32mI (66879) NIMBLE_HIDH: notify handle 30 len 16[0m
frame 1740: 42029 us total, 12494 us display, type 3
[0;32mI (66909) NIMBLE_HIDH: notify handle 30 len 16[0m
frame 1741: 40569 us total, 11692 us display, type 3
[0;32mI (66939) NIMBLE_HIDH: notify handle 30 len 16[0m
frame 1742: 40780 us total, 11685 us display, type 3
[0;32mI (66969) NIMBLE_HIDH: notify handle 30 len 16[0m
[0;32mI (66999) NIMBLE_HIDH: notify handle 30 len 16[0m
frame 1743: 41440 us total, 12438 us display, type 3
[0;32mI (67029) NIMBLE_HIDH: notify handle 30 len 16[0m
frame 1744: 40838 us total, 11692 us display, type 3
[0;32mI (67059) NIMBLE_HIDH: notify handle 30 len 16[0m
[0;32mI (67089) NIMBLE_HIDH: notify handle 30 len 16[0m
frame 1745: 41904 us total, 12437 us display, type 3
[0;32mI (67119) NIMBLE_HIDH: notify handle 30 len 16[0m
frame 1746: 40638 us total, 11692 us display, type 3
[0;32mI (67149) NIMBLE_HIDH: notify handle 30 len 16[0m
frame 1747: 40836 us total, 11692 us display, type 3
[0;32mI (67179) NIMBLE_HIDH: notify handle 30 len 16[0m
[0;32mI (67209) NIMBLE_HIDH: notify handle 30 len 16[0m
frame 1748: 41523 us total, 12264 us display, type 3
[0;32mI (67239) NIMBLE_HIDH: notify handle 30 len 16[0m
frame 1749: 40941 us total, 11846 us display, type 3
[0;32mI (67269) NIMBLE_HIDH: notify handle 30 len 16[0m
frame 1750: 40673 us total, 11692 us display, type 3
[0;32mI (67299) NIMBLE_HIDH: notify handle 30 len 16[0m
[0;32mI (67329) NIMBLE_HIDH: notify handle 30 len 16[0m
frame 1751: 41728 us total, 12304 us display, type 3
[0;32mI (67359) NIMBLE_HIDH: notify handle 30 len 16[0m
frame 1752: 41401 us total, 11699 us display, type 3
[0;32mI (67389) NIMBLE_HIDH: notify handle 30 len 16[0m
[0;32mI (67419) NIMBLE_HIDH: notify handle 30 len 16[0m
frame 1753: 41528 us total, 12556 us display, type 3
[0;32mI (67449) NIMBLE_HIDH: notify handle 30 len 16[0m
frame 1754: 40786 us total, 11685 us display, type 3
[0;32mI (67479) NIMBLE_HIDH: notify handle 30 len 16[0m
frame 1755: 40811 us total, 11685 us display, type 3
[0;32mI (67509) NIMBLE_HIDH: notify handle 30 len 16[0m
[0;32mI (67539) NIMBLE_HIDH: notify handle 30 len 16[0m
frame 1756: 41752 us total, 12200 us display, type 3
[0;32mI (67569) NIMBLE_HIDH: notify handle 30 len 16[0m
frame 1757: 40679 us total, 11777 us display, type 3
[0;32mI (67599) NIMBLE_HIDH: notify handle 30 len 16[0m
frame 1758: 40817 us total, 11685 us display, type 3
[0;32mI (67629) NIMBLE_HIDH: notify handle 30 len 16[0m
[0;32mI (67659) NIMBLE_HIDH: notify handle 30 len 16[0m
frame 1759: 42220 us total, 12435 us display, type 3
[0;32mI (67689) NIMBLE_HIDH: notify handle 30 len 16[0m
frame 1760: 40830 us total, 11685 us display, type 3
[0;32mI (67719) NIMBLE_HIDH: notify handle 30 len 16[0m
[0;32mI (67749) NIMBLE_HIDH: notify handle 30 len 16[0m
frame 1761: 41723 us total, 12581 us display, type 3
[0;32mI (67779) NIMBLE_HIDH: notify handle 30 len 16[0m
frame 1762: 40600 us total, 12767 us display, type 3
[0;32mI (67809) NIMBLE_HIDH: notify handle 30 len 16[0m
[0;32mI (67824) NIMBLE_HIDH: notify handle 30 len 16[0m
frame 1763: 41823 us total, 12504 us display, type 3
[0;32mI (67869) NIMBLE_HIDH: notify handle 30 len 16[0m
frame 1764: 40656 us total, 12309 us display, type 3
[0;32mI (67884) NIMBLE_HIDH: notify handle 30 len 16[0m
[0;32mI (67914) NIMBLE_HIDH: notify handle 30 len 16[0m
frame 1765: 41242 us total, 12116 us display, type 3
[0;32mI (67944) NIMBLE_HIDH: notify handle 30 len 16[0m
frame 1766: 40483 us total, 12269 us display, type 3
[0;32mI (67974) NIMBLE_HIDH: notify handle 30 len 16[0m
frame 1767: 40981 us total, 11698 us display, type 3
[0;32mI (68004) NIMBLE_HIDH: notify handle 30 len 16[0m
[0;32mI (68034) NIMBLE_HIDH: notify handle 30 len 16[0m
frame 1768: 41157 us total, 12197 us display, type 3
[0;32mI (68064) NIMBLE_HIDH: notify handle 30 len 16[0m
frame 1769: 40548 us total, 11693 us display, type 3
[0;32mI (68094) NIMBLE_HIDH: notify handle 30 len 16[0m
frame 1770: 40931 us total, 11771 us display, type 3
[0;32mI (68124) NIMBLE_HIDH: notify handle 30 len 16[0m
[0;32mI (68154) NIMBLE_HIDH: notify handle 30 len 16[0m
frame 1771: 41546 us total, 12223 us display, type 3
[0;32mI (68184) NIMBLE_HIDH: notify handle 30 len 16[0m
frame 1772: 40997 us total, 11861 us display, type 3
[0;32mI (68214) NIMBLE_HIDH: notify handle 30 len 16[0m
frame 1773: 40956 us total, 11692 us display, type 3
[0;32mI (68244) NIMBLE_HIDH: notify handle 30 len 16[0m
[0;32mI (68274) NIMBLE_HIDH: notify handle 30 len 16[0m
frame 1774: 41465 us total, 12328 us display, type 3
[0;32mI (68304) NIMBLE_HIDH: notify handle 30 len 16[0m
frame 1775: 40768 us total, 11685 us display, type 3
[0;32mI (68334) NIMBLE_HIDH: notify handle 30 len 16[0m
[0;32mI (68349) NIMBLE_HIDH: notify handle 30 len 16[0m
frame 1776: 41493 us total, 11692 us display, type 3
[0;32mI (68379) NIMBLE_HIDH: notify handle 30 len 16[0m
frame 1777: 40794 us total, 11691 us display, type 3
[0;32mI (68409) NIMBLE_HIDH: notify handle 30 len 16[0m
[0;32mI (68439) NIMBLE_HIDH: notify handle 30 len 16[0m
frame 1778: 41941 us total, 12649 us display, type 3
[0;32mI (68469) NIMBLE_HIDH: notify handle 30 len 16[0m
frame 1779: 41331 us total, 12004 us display, type 3
[0;32mI (68499) NIMBLE_HIDH: notify handle 30 len 16[0m
[0;32mI (68529) NIMBLE_HIDH: notify handle 30 len 16[0m
frame 1780: 41714 us total, 12382 us display, type 3
[0;32mI (68559) NIMBLE_HIDH: notify handle 30 len 16[0m
frame 1781: 40685 us total, 11685 us display, type 3
[0;32mI (68574) NIMBLE_HIDH: notify handle 30 len 16[0m
[0;32mI (68604) NIMBLE_HIDH: notify handle 30 len 16[0m
frame 1782: 41262 us total, 12260 us display, type 3
[0;32mI (68634) NIMBLE_HIDH: notify handle 30 len 16[0m
frame 1783: 40957 us total, 11692 us display, type 3
[0;32mI (68664) NIMBLE_HIDH: notify handle 30 len 16[0m
[0;32mI (68694) NIMBLE_HIDH: notify handle 30 len 16[0m
frame 1784: 41581 us total, 12552 us display, type 3
[0;32mI (68724) NIMBLE_HIDH: notify handle 30 len 16[0m
frame 1785: 40550 us total, 11692 us display, type 3
[0;32mI (68754) NIMBLE_HIDH: notify handle 30 len 16[0m
frame 1786: 41032 us total, 11774 us display, type 3
[0;32mI (68784) NIMBLE_HIDH: notify handle 30 len 16[0m
[0;32mI (68814) NIMBLE_HIDH: notify handle 30 len 16[0m
frame 1787: 42127 us total, 12509 us display, type 3
[0;32mI (68844) NIMBLE_HIDH: notify handle 30 len 16[0m
frame 1788: 40828 us total, 11692 us display, type 3
[0;32mI (68874) NIMBLE_HIDH: notify handle 30 len 16[0m
frame 1789: 40631 us total, 11687 us display, type 3
[0;32mI (68904) NIMBLE_HIDH: notify handle 30 len 16[0m
[0;32mI (68934) NIMBLE_HIDH: notify handle 30 len 16[0m
frame 1790: 41721 us total, 12273 us display, type 3
[0;32mI (68964) NIMBLE_HIDH: notify handle 30 len 16[0m
frame 1791: 40976 us total, 11881 us display, type 3
[0;32mI (68994) NIMBLE_HIDH: notify handle 30 len 16[0m
[0;32mI (69024) NIMBLE_HIDH: notify handle 30 len 16[0m
frame 1792: 41653 us total, 12536 us display, type 3
mem @frame 1792: heap free 66484, largest 40960, min ever 65664, zone free 55016, stack free 14540, uptime 68 s, gamestate 0, demo 0, usergame 1, tic 2312
[0;32mI (69054) NIMBLE_HIDH: notify handle 30 len 16[0m
frame 1793: 41734 us total, 11686 us display, type 3
[0;32mI (69069) NIMBLE_HIDH: notify handle 30 len 16[0m
[0;32mI (69099) NIMBLE_HIDH: notify handle 30 len 16[0m
frame 1794: 41585 us total, 12267 us display, type 3
[0;32mI (69129) NIMBLE_HIDH: notify handle 30 len 16[0m
frame 1795: 41007 us total, 11692 us display, type 3
[0;32mI (69159) NIMBLE_HIDH: notify handle 30 len 16[0m
[0;32mI (69189) NIMBLE_HIDH: notify handle 30 len 16[0m
frame 1796: 41365 us total, 12392 us display, type 3
[0;32mI (69219) NIMBLE_HIDH: notify handle 30 len 16[0m
frame 1797: 40726 us total, 11698 us display, type 3
[0;32mI (69249) NIMBLE_HIDH: notify handle 30 len 16[0m
frame 1798: 40731 us total, 11693 us display, type 3
[0;32mI (69279) NIMBLE_HIDH: notify handle 30 len 16[0m
[0;32mI (69309) NIMBLE_HIDH: notify handle 30 len 16[0m
frame 1799: 41580 us total, 12243 us display, type 3
[0;32mI (69339) NIMBLE_HIDH: notify handle 30 len 16[0m
frame 1800: 40888 us total, 11918 us display, type 3
[0;32mI (69369) NIMBLE_HIDH: notify handle 30 len 16[0m
frame 1801: 41096 us total, 11692 us display, type 3
[0;32mI (69399) NIMBLE_HIDH: notify handle 30 len 16[0m
[0;32mI (69429) NIMBLE_HIDH: notify handle 30 len 16[0m
frame 1802: 41644 us total, 12269 us display, type 3
[0;32mI (69459) NIMBLE_HIDH: notify handle 30 len 16[0m
frame 1803: 40955 us total, 11858 us display, type 3
[0;32mI (69489) NIMBLE_HIDH: notify handle 30 len 16[0m
[0;32mI (69519) NIMBLE_HIDH: notify handle 30 len 16[0m
frame 1804: 41702 us total, 12542 us display, type 3
[0;32mI (69549) NIMBLE_HIDH: notify handle 30 len 16[0m
frame 1805: 40586 us total, 11685 us display, type 3
[0;32mI (69579) NIMBLE_HIDH: notify handle 30 len 16[0m
frame 1806: 41062 us total, 11686 us display, type 3
[0;32mI (69609) NIMBLE_HIDH: notify handle 30 len 16[0m
frame 1807: 40987 us total, 11692 us display, type 3
[0;32mI (69654) NIMBLE_HIDH: notify handle 30 len 16[0m
[0;32mI (69669) NIMBLE_HIDH: notify handle 30 len 16[0m
frame 1808: 41953 us total, 11688 us display, type 3
[0;32mI (69699) NIMBLE_HIDH: notify handle 30 len 16[0m
frame 1809: 40625 us total, 11693 us display, type 3
[0;32mI (69729) NIMBLE_HIDH: notify handle 30 len 16[0m
[0;32mI (69759) NIMBLE_HIDH: notify handle 30 len 16[0m
frame 1810: 41784 us total, 12294 us display, type 3
[0;32mI (69789) NIMBLE_HIDH: notify handle 30 len 16[0m
frame 1811: 40735 us total, 11685 us display, type 3
[0;32mI (69834) NIMBLE_HIDH: notify handle 30 len 16[0m
[0;32mI (69849) NIMBLE_HIDH: notify handle 30 len 16[0m
frame 1812: 41049 us total, 12079 us display, type 3
[0;32mI (69879) NIMBLE_HIDH: notify handle 30 len 16[0m
frame 1813: 40335 us total, 12262 us display, type 3
[0;32mI (69909) NIMBLE_HIDH: notify handle 30 len 16[0m
frame 1814: 41076 us total, 11908 us display, type 3
[0;32mI (69939) NIMBLE_HIDH: notify handle 30 len 16[0m
[0;32mI (69969) NIMBLE_HIDH: notify handle 30 len 16[0m
frame 1815: 41569 us total, 12198 us display, type 3
[0;32mI (69984) NIMBLE_HIDH: notify handle 30 len 16[0m
frame 1816: 40655 us total, 11694 us display, type 3
[0;32mI (70014) NIMBLE_HIDH: notify handle 30 len 16[0m
[0;32mI (70044) NIMBLE_HIDH: notify handle 30 len 16[0m
frame 1817: 41421 us total, 12455 us display, type 3
[0;32mI (70074) NIMBLE_HIDH: notify handle 30 len 16[0m
frame 1818: 40827 us total, 11685 us display, type 3
[0;32mI (70104) NIMBLE_HIDH: notify handle 30 len 16[0m
[0;32mI (70119) NIMBLE_HIDH: notify handle 30 len 16[0m
frame 1819: 41446 us total, 11699 us display, type 3
[0;32mI (70149) NIMBLE_HIDH: notify handle 30 len 16[0m
frame 1820: 40866 us total, 11693 us display, type 3
[0;32mI (70179) NIMBLE_HIDH: notify handle 30 len 16[0m
[0;32mI (70209) NIMBLE_HIDH: notify handle 30 len 16[0m
frame 1821: 41180 us total, 12249 us display, type 3
[0;32mI (70239) NIMBLE_HIDH: notify handle 30 len 16[0m
frame 1822: 41372 us total, 11685 us display, type 3
[0;32mI (70269) NIMBLE_HIDH: notify handle 30 len 16[0m
[0;32mI (70299) NIMBLE_HIDH: notify handle 30 len 16[0m
frame 1823: 41310 us total, 12388 us display, type 3
[0;32mI (70329) NIMBLE_HIDH: notify handle 30 len 16[0m
frame 1824: 40698 us total, 11686 us display, type 3
[0;32mI (70359) NIMBLE_HIDH: notify handle 30 len 16[0m
frame 1825: 40633 us total, 11692 us display, type 3
[0;32mI (70389) NIMBLE_HIDH: notify handle 30 len 16[0m
[0;32mI (70419) NIMBLE_HIDH: notify handle 30 len 16[0m
frame 1826: 42033 us total, 12633 us display, type 3
[0;32mI (70449) NIMBLE_HIDH: notify handle 30 len 16[0m
frame 1827: 40571 us total, 11692 us display, type 3
[0;32mI (70479) NIMBLE_HIDH: notify handle 30 len 16[0m
frame 1828: 40689 us total, 11685 us display, type 3
[0;32mI (70509) NIMBLE_HIDH: notify handle 30 len 16[0m
[0;32mI (70539) NIMBLE_HIDH: notify handle 30 len 16[0m
frame 1829: 42445 us total, 12597 us display, type 3
[0;32mI (70569) NIMBLE_HIDH: notify handle 30 len 16[0m
[0;32mI (70584) NIMBLE_HIDH: notify handle 30 len 16[0m
frame 1830: 41298 us total, 12154 us display, type 3
[0;32mI (70614) NIMBLE_HIDH: notify handle 30 len 16[0m
frame 1831: 40737 us total, 11692 us display, type 3
[0;32mI (70644) NIMBLE_HIDH: notify handle 30 len 16[0m
frame 1832: 40658 us total, 11686 us display, type 3
[0;32mI (70674) NIMBLE_HIDH: notify handle 30 len 16[0m
[0;32mI (70704) NIMBLE_HIDH: notify handle 30 len 16[0m
frame 1833: 41714 us total, 12239 us display, type 3
[0;32mI (70734) NIMBLE_HIDH: notify handle 30 len 16[0m
frame 1834: 41020 us total, 11920 us display, type 3
[0;32mI (70764) NIMBLE_HIDH: notify handle 30 len 16[0m
[0;32mI (70794) NIMBLE_HIDH: notify handle 30 len 16[0m
frame 1835: 41589 us total, 12531 us display, type 3
[0;32mI (70824) NIMBLE_HIDH: notify handle 30 len 16[0m
frame 1836: 40996 us total, 11692 us display, type 3
[0;32mI (70854) NIMBLE_HIDH: notify handle 30 len 16[0m
frame 1837: 41133 us total, 11931 us display, type 3
[0;32mI (70884) NIMBLE_HIDH: notify handle 30 len 16[0m
[0;32mI (70914) NIMBLE_HIDH: notify handle 30 len 16[0m
frame 1838: 42204 us total, 12707 us display, type 3
[0;32mI (70944) NIMBLE_HIDH: notify handle 30 len 16[0m
frame 1839: 40528 us total, 11688 us display, type 3
[0;32mI (70974) NIMBLE_HIDH: notify handle 30 len 16[0m
frame 1840: 40875 us total, 11685 us display, type 3
[0;32mI (71004) NIMBLE_HIDH: notify handle 30 len 16[0m
[0;32mI (71034) NIMBLE_HIDH: notify handle 30 len 16[0m
frame 1841: 41601 us total, 12241 us display, type 3
[0;32mI (71049) NIMBLE_HIDH: notify handle 30 len 16[0m
[0;32mI (71079) NIMBLE_HIDH: notify handle 30 len 16[0m
frame 1842: 42007 us total, 12207 us display, type 3
[0;32mI (71109) NIMBLE_HIDH: notify handle 30 len 16[0m
frame 1843: 40552 us total, 11685 us display, type 3
[0;32mI (71139) NIMBLE_HIDH: notify handle 30 len 16[0m
frame 1844: 40625 us total, 11685 us display, type 3
[0;32mI (71169) NIMBLE_HIDH: notify handle 30 len 16[0m
[0;32mI (71199) NIMBLE_HIDH: notify handle 30 len 16[0m
frame 1845: 41726 us total, 12236 us display, type 3
[0;32mI (71229) NIMBLE_HIDH: notify handle 30 len 16[0m
frame 1846: 40822 us total, 11692 us display, type 3
[0;32mI (71259) NIMBLE_HIDH: notify handle 30 len 16[0m
[0;32mI (71289) NIMBLE_HIDH: notify handle 30 len 16[0m
frame 1847: 41652 us total, 12489 us display, type 3
[0;32mI (71319) NIMBLE_HIDH: notify handle 30 len 16[0m
frame 1848: 40570 us total, 12741 us display, type 3
[0;32mI (71349) NIMBLE_HIDH: notify handle 30 len 16[0m
frame 1849: 41268 us total, 11692 us display, type 3
[0;32mI (71379) NIMBLE_HIDH: notify handle 30 len 16[0m
[0;32mI (71409) NIMBLE_HIDH: notify handle 30 len 16[0m
frame 1850: 41764 us total, 12449 us display, type 3
[0;32mI (71439) NIMBLE_HIDH: notify handle 30 len 16[0m
frame 1851: 40784 us total, 11779 us display, type 3
[0;32mI (71469) NIMBLE_HIDH: notify handle 30 len 16[0m
frame 1852: 40681 us total, 11692 us display, type 3
[0;32mI (71499) NIMBLE_HIDH: notify handle 30 len 16[0m
[0;32mI (71529) NIMBLE_HIDH: notify handle 30 len 16[0m
frame 1853: 41620 us total, 12225 us display, type 3
[0;32mI (71559) NIMBLE_HIDH: notify handle 30 len 16[0m
frame 1854: 41032 us total, 11702 us display, type 3
[0;32mI (71589) NIMBLE_HIDH: notify handle 30 len 16[0m
[0;32mI (71619) NIMBLE_HIDH: notify handle 30 len 16[0m
frame 1855: 41231 us total, 12238 us display, type 3
[0;32mI (71649) NIMBLE_HIDH: notify handle 30 len 16[0m
frame 1856: 40705 us total, 12221 us display, type 3
[0;32mI (71679) NIMBLE_HIDH: notify handle 30 len 16[0m
frame 1857: 40894 us total, 11813 us display, type 3
[0;32mI (71709) NIMBLE_HIDH: notify handle 30 len 16[0m
[0;32mI (71739) NIMBLE_HIDH: notify handle 30 len 16[0m
frame 1858: 41160 us total, 12101 us display, type 3
[0;32mI (71769) NIMBLE_HIDH: notify handle 30 len 16[0m
frame 1859: 40513 us total, 11685 us display, type 3
[0;32mI (71799) NIMBLE_HIDH: notify handle 30 len 16[0m
frame 1860: 40647 us total, 11686 us display, type 3
[0;32mI (71829) NIMBLE_HIDH: notify handle 30 len 16[0m
[0;32mI (71844) NIMBLE_HIDH: notify handle 30 len 16[0m
frame 1861: 41903 us total, 11696 us display, type 3
[0;32mI (71874) NIMBLE_HIDH: notify handle 30 len 16[0m
[0;32mI (71904) NIMBLE_HIDH: notify handle 30 len 16[0m
frame 1862: 41356 us total, 12394 us display, type 3
[0;32mI (71919) NIMBLE_HIDH: notify handle 30 len 16[0m
frame 1863: 41158 us total, 11692 us display, type 3
[0;32mI (71949) NIMBLE_HIDH: notify handle 30 len 16[0m
[0;32mI (71979) NIMBLE_HIDH: notify handle 30 len 16[0m
frame 1864: 41217 us total, 12222 us display, type 3
[0;32mI (72009) NIMBLE_HIDH: notify handle 30 len 16[0m
frame 1865: 41119 us total, 11864 us display, type 3
[0;32mI (72039) NIMBLE_HIDH: notify handle 30 len 16[0m
[0;32mI (72069) NIMBLE_HIDH: notify handle 30 len 16[0m
frame 1866: 41364 us total, 12407 us display, type 3
[0;32mI (72099) NIMBLE_HIDH: notify handle 30 len 16[0m
frame 1867: 40686 us total, 11692 us display, type 3
[0;32mI (72144) NIMBLE_HIDH: notify handle 30 len 16[0m
frame 1868: 40660 us total, 12502 us display, type 3
[0;32mI (72159) NIMBLE_HIDH: notify handle 30 len 16[0m
[0;32mI (72189) NIMBLE_HIDH: notify handle 30 len 16[0m
frame 1869: 41430 us total, 12205 us display, type 3
[0;32mI (72219) NIMBLE_HIDH: notify handle 30 len 16[0m
frame 1870: 41200 us total, 11732 us display, type 3
[0;32mI (72249) NIMBLE_HIDH: notify handle 30 len 16[0m
frame 1871: 40660 us total, 11699 us display, type 3
[0;32mI (72279) NIMBLE_HIDH: notify handle 30 len 16[0m
[0;32mI (72309) NIMBLE_HIDH: notify handle 30 len 16[0m
frame 1872: 41815 us total, 12223 us display, type 3
[0;32mI (72324) NIMBLE_HIDH: notify handle 30 len 16[0m
frame 1873: 40931 us total, 11692 us display, type 3
[0;32mI (72369) NIMBLE_HIDH: notify handle 30 len 16[0m
[0;32mI (72384) NIMBLE_HIDH: notify handle 30 len 16[0m
frame 1874: 41641 us total, 11685 us display, type 3
[0;32mI (72414) NIMBLE_HIDH: notify handle 30 len 16[0m
frame 1875: 40645 us total, 11692 us display, type 3
[0;32mI (72444) NIMBLE_HIDH: notify handle 30 len 16[0m
[0;32mI (72474) NIMBLE_HIDH: notify handle 30 len 16[0m
frame 1876: 41767 us total, 12223 us display, type 3
[0;32mI (72504) NIMBLE_HIDH: notify handle 30 len 16[0m
frame 1877: 41266 us total, 11837 us display, type 3
[0;32mI (72534) NIMBLE_HIDH: notify handle 30 len 16[0m
[0;32mI (72564) NIMBLE_HIDH: notify handle 30 len 16[0m
frame 1878: 41522 us total, 12518 us display, type 3
[0;32mI (72594) NIMBLE_HIDH: notify handle 30 len 16[0m
frame 1879: 40708 us total, 11693 us display, type 3
[0;32mI (72624) NIMBLE_HIDH: notify handle 30 len 16[0m
frame 1880: 40877 us total, 11685 us display, type 3
[0;32mI (72654) NIMBLE_HIDH: notify handle 30 len 16[0m
[0;32mI (72684) NIMBLE_HIDH: notify handle 30 len 16[0m
frame 1881: 41816 us total, 12311 us display, type 3
[0;32mI (72714) NIMBLE_HIDH: notify handle 30 len 16[0m
frame 1882: 40667 us total, 11778 us display, type 3
[0;32mI (72744) NIMBLE_HIDH: notify handle 30 len 16[0m
frame 1883: 40746 us total, 11685 us display, type 3
[0;32mI (72774) NIMBLE_HIDH: notify handle 30 len 16[0m
[0;32mI (72804) NIMBLE_HIDH: notify handle 30 len 16[0m
frame 1884: 42296 us total, 12478 us display, type 3
[0;32mI (72834) NIMBLE_HIDH: notify handle 30 len 16[0m
frame 1885: 40891 us total, 11685 us display, type 3
[0;32mI (72864) NIMBLE_HIDH: notify handle 30 len 16[0m
[0;32mI (72894) NIMBLE_HIDH: notify handle 30 len 16[0m
frame 1886: 41687 us total, 12553 us display, type 3
[0;32mI (72924) NIMBLE_HIDH: notify handle 30 len 16[0m
frame 1887: 40513 us total, 12742 us display, type 3
[0;32mI (72954) NIMBLE_HIDH: notify handle 30 len 16[0m
frame 1888: 41075 us total, 11711 us display, type 3
[0;32mI (72984) NIMBLE_HIDH: notify handle 30 len 16[0m
[0;32mI (72999) NIMBLE_HIDH: notify handle 30 len 16[0m
frame 1889: 41671 us total, 11686 us display, type 3
[0;32mI (73029) NIMBLE_HIDH: notify handle 30 len 16[0m
[0;32mI (73059) NIMBLE_HIDH: notify handle 30 len 16[0m
frame 1890: 41746 us total, 12527 us display, type 3
[0;32mI (73089) NIMBLE_HIDH: notify handle 30 len 16[0m
frame 1891: 40864 us total, 11699 us display, type 3
[0;32mI (73119) NIMBLE_HIDH: notify handle 30 len 16[0m
frame 1892: 41019 us total, 11692 us display, type 3
[0;32mI (73149) NIMBLE_HIDH: notify handle 30 len 16[0m
[0;32mI (73179) NIMBLE_HIDH: notify handle 30 len 16[0m
frame 1893: 41819 us total, 12588 us display, type 3
[0;32mI (73209) NIMBLE_HIDH: notify handle 30 len 16[0m
frame 1894: 40811 us total, 11787 us display, type 3
[0;32mI (73239) NIMBLE_HIDH: notify handle 30 len 16[0m
frame 1895: 40683 us total, 11685 us display, type 3
[0;32mI (73269) NIMBLE_HIDH: notify handle 30 len 16[0m
[0;32mI (73299) NIMBLE_HIDH: notify handle 30 len 16[0m
frame 1896: 41630 us total, 12220 us display, type 3
[0;32mI (73329) NIMBLE_HIDH: notify handle 30 len 16[0m
frame 1897: 41006 us total, 11814 us display, type 3
[0;32mI (73359) NIMBLE_HIDH: notify handle 30 len 16[0m
[0;32mI (73389) NIMBLE_HIDH: notify handle 30 len 16[0m
frame 1898: 41454 us total, 12093 us display, type 3
[0;32mI (73419) NIMBLE_HIDH: notify handle 30 len 16[0m
frame 1899: 40248 us total, 12225 us display, type 3
[0;32mI (73449) NIMBLE_HIDH: notify handle 30 len 16[0m
frame 1900: 41106 us total, 11983 us display, type 3
[0;32mI (73479) NIMBLE_HIDH: notify handle 30 len 16[0m
[0;32mI (73509) NIMBLE_HIDH: notify handle 30 len 16[0m
frame 1901: 41189 us total, 12180 us display, type 3
[0;32mI (73539) NIMBLE_HIDH: notify handle 30 len 16[0m
frame 1902: 40574 us total, 11692 us display, type 3
[0;32mI (73569) NIMBLE_HIDH: notify handle 30 len 16[0m
frame 1903: 40620 us total, 11686 us display, type 3
[0;32mI (73599) NIMBLE_HIDH: notify handle 30 len 16[0m
[0;32mI (73629) NIMBLE_HIDH: notify handle 30 len 16[0m
frame 1904: 41775 us total, 12226 us display, type 3
[0;32mI (73659) NIMBLE_HIDH: notify handle 30 len 16[0m
frame 1905: 40871 us total, 11692 us display, type 3
[0;32mI (73689) NIMBLE_HIDH: notify handle 30 len 16[0m
frame 1906: 40842 us total, 11692 us display, type 3
[0;32mI (73719) NIMBLE_HIDH: notify handle 30 len 16[0m
[0;32mI (73749) NIMBLE_HIDH: notify handle 30 len 16[0m
frame 1907: 41843 us total, 12628 us display, type 3
[0;32mI (73779) NIMBLE_HIDH: notify handle 30 len 16[0m
frame 1908: 40946 us total, 11686 us display, type 3
[0;32mI (73809) NIMBLE_HIDH: notify handle 30 len 16[0m
[0;32mI (73824) NIMBLE_HIDH: notify handle 30 len 16[0m
frame 1909: 41382 us total, 11692 us display, type 3
[0;32mI (73854) NIMBLE_HIDH: notify handle 30 len 16[0m
frame 1910: 40817 us total, 11699 us display, type 3
[0;32mI (73884) NIMBLE_HIDH: notify handle 30 len 16[0m
[0;32mI (73914) NIMBLE_HIDH: notify handle 30 len 16[0m
frame 1911: 41854 us total, 12630 us display, type 3
[0;32mI (73944) NIMBLE_HIDH: notify handle 30 len 16[0m
frame 1912: 41344 us total, 11840 us display, type 3
[0;32mI (73974) NIMBLE_HIDH: notify handle 30 len 16[0m
[0;32mI (74004) NIMBLE_HIDH: notify handle 30 len 16[0m
frame 1913: 41527 us total, 12413 us display, type 3
[0;32mI (74034) NIMBLE_HIDH: notify handle 30 len 16[0m
frame 1914: 40573 us total, 11699 us display, type 3
[0;32mI (74049) NIMBLE_HIDH: notify handle 30 len 16[0m
[0;32mI (74079) NIMBLE_HIDH: notify handle 30 len 16[0m
frame 1915: 41555 us total, 12428 us display, type 3
[0;32mI (74109) NIMBLE_HIDH: notify handle 30 len 16[0m
frame 1916: 40813 us total, 11687 us display, type 3
[0;32mI (74139) NIMBLE_HIDH: notify handle 30 len 16[0m
[0;32mI (74169) NIMBLE_HIDH: notify handle 30 len 16[0m
frame 1917: 41574 us total, 12522 us display, type 3
[0;32mI (74199) NIMBLE_HIDH: notify handle 30 len 16[0m
frame 1918: 40554 us total, 11686 us display, type 3
[0;32mI (74229) NIMBLE_HIDH: notify handle 30 len 16[0m
frame 1919: 41211 us total, 11905 us display, type 3
[0;32mI (74259) NIMBLE_HIDH: notify handle 30 len 16[0m
[0;32mI (74289) NIMBLE_HIDH: notify handle 30 len 16[0m
frame 1920: 41634 us total, 12239 us display, type 3
[0;32mI (74319) NIMBLE_HIDH: notify handle 30 len 16[0m
frame 1921: 40638 us total, 11755 us display, type 3
[0;32mI (74349) NIMBLE_HIDH: notify handle 30 len 16[0m
frame 1922: 40792 us total, 11699 us display, type 3
[0;32mI (74379) NIMBLE_HIDH: notify handle 30 len 16[0m
[0;32mI (74409) NIMBLE_HIDH: notify handle 30 len 16[0m
frame 1923: 41860 us total, 12467 us display, type 3
[0;32mI (74439) NIMBLE_HIDH: notify handle 30 len 16[0m
frame 1924: 40924 us total, 11692 us display, type 3
[0;32mI (74469) NIMBLE_HIDH: notify handle 30 len 16[0m
[0;32mI (74499) NIMBLE_HIDH: notify handle 30 len 16[0m
frame 1925: 41086 us total, 12112 us display, type 3
[0;32mI (74529) NIMBLE_HIDH: notify handle 30 len 16[0m
frame 1926: 41086 us total, 12747 us display, type 3
[0;32mI (74559) NIMBLE_HIDH: notify handle 30 len 16[0m
frame 1927: 41058 us total, 11977 us display, type 3
[0;32mI (74589) NIMBLE_HIDH: notify handle 30 len 16[0m
[0;32mI (74619) NIMBLE_HIDH: notify handle 30 len 16[0m
frame 1928: 41440 us total, 12216 us display, type 3
[0;32mI (74649) NIMBLE_HIDH: notify handle 30 len 16[0m
frame 1929: 40737 us total, 11692 us display, type 3
[0;32mI (74679) NIMBLE_HIDH: notify handle 30 len 16[0m
[0;32mI (74694) NIMBLE_HIDH: notify handle 30 len 16[0m
frame 1930: 40938 us total, 12234 us display, type 3
[0;32mI (74724) NIMBLE_HIDH: notify handle 30 len 16[0m
frame 1931: 40951 us total, 11715 us display, type 3
[0;32mI (74754) NIMBLE_HIDH: notify handle 30 len 16[0m
[0;32mI (74784) NIMBLE_HIDH: notify handle 30 len 16[0m
frame 1932: 41181 us total, 12209 us display, type 3
[0;32mI (74814) NIMBLE_HIDH: notify handle 30 len 16[0m
frame 1933: 40998 us total, 11692 us display, type 3
[0;32mI (74844) NIMBLE_HIDH: notify handle 30 len 16[0m
frame 1934: 40741 us total, 11783 us display, type 3
[0;32mI (74874) NIMBLE_HIDH: notify handle 30 len 16[0m
[0;32mI (74904) NIMBLE_HIDH: notify handle 30 len 16[0m
frame 1935: 41999 us total, 12614 us display, type 3
[0;32mI (74934) NIMBLE_HIDH: notify handle 30 len 16[0m
frame 1936: 40589 us total, 11692 us display, type 3
[0;32mI (74964) NIMBLE_HIDH: notify handle 30 len 16[0m
frame 1937: 40608 us total, 11692 us display, type 3
[0;32mI (74994) NIMBLE_HIDH: notify handle 30 len 16[0m
[0;32mI (75009) NIMBLE_HIDH: notify handle 30 len 16[0m
frame 1938: 41675 us total, 11720 us display, type 3
[0;32mI (75039) NIMBLE_HIDH: notify handle 30 len 16[0m
[0;32mI (75069) NIMBLE_HIDH: notify handle 30 len 16[0m
frame 1939: 41568 us total, 12234 us display, type 3
[0;32mI (75099) NIMBLE_HIDH: notify handle 30 len 16[0m
frame 1940: 41158 us total, 11686 us display, type 3
[0;32mI (75129) NIMBLE_HIDH: notify handle 30 len 16[0m
frame 1941: 40576 us total, 11692 us display, type 3
[0;32mI (75159) NIMBLE_HIDH: notify handle 30 len 16[0m
[0;32mI (75189) NIMBLE_HIDH: notify handle 30 len 16[0m
frame 1942: 41619 us total, 12430 us display, type 3
[0;32mI (75219) NIMBLE_HIDH: notify handle 30 len 16[0m
frame 1943: 40731 us total, 11692 us display, type 3
[0;32mI (75249) NIMBLE_HIDH: notify handle 30 len 16[0m
[0;32mI (75279) NIMBLE_HIDH: notify handle 30 len 16[0m
frame 1944: 41504 us total, 12521 us display, type 3
[0;32mI (75309) NIMBLE_HIDH: notify handle 30 len 16[0m
frame 1945: 40706 us total, 11685 us display, type 3
[0;32mI (75339) NIMBLE_HIDH: notify handle 30 len 16[0m
frame 1946: 40842 us total, 11685 us display, type 3
[0;32mI (75369) NIMBLE_HIDH: notify handle 30 len 16[0m
[0;32mI (75399) NIMBLE_HIDH: notify handle 30 len 16[0m
frame 1947: 42045 us total, 12249 us display, type 3
[0;32mI (75429) NIMBLE_HIDH: notify handle 30 len 16[0m
frame 1948: 40666 us total, 11787 us display, type 3
[0;32mI (75459) NIMBLE_HIDH: notify handle 30 len 16[0m
frame 1949: 40663 us total, 11692 us display, type 3
[0;32mI (75489) NIMBLE_HIDH: notify handle 30 len 16[0m
[0;32mI (75519) NIMBLE_HIDH: notify handle 30 len 16[0m
frame 1950: 41918 us total, 12495 us display, type 3
[0;32mI (75549) NIMBLE_HIDH: notify handle 30 len 16[0m
frame 1951: 40912 us total, 11692 us display, type 3
[0;32mI (75579) NIMBLE_HIDH: notify handle 30 len 16[0m
[0;32mI (75609) NIMBLE_HIDH: notify handle 30 len 16[0m
frame 1952: 41087 us total, 12112 us display, type 3
[0;32mI (75639) NIMBLE_HIDH: notify handle 30 len 16[0m
frame 1953: 40056 us total, 12245 us display, type 3
[0;32mI (75669) NIMBLE_HIDH: notify handle 30 len 16[0m
frame 1954: 41380 us total, 11699 us display, type 3
[0;32mI (75699) NIMBLE_HIDH: notify handle 30 len 16[0m
[0;32mI (75729) NIMBLE_HIDH: notify handle 30 len 16[0m
frame 1955: 41065 us total, 12195 us display, type 3
[0;32mI (75759) NIMBLE_HIDH: notify handle 30 len 16[0m
frame 1956: 40785 us total, 11699 us display, type 3
[0;32mI (75789) NIMBLE_HIDH: notify handle 30 len 16[0m
frame 1957: 40699 us total, 11810 us display, type 3
[0;32mI (75819) NIMBLE_HIDH: notify handle 30 len 16[0m
[0;32mI (75849) NIMBLE_HIDH: notify handle 30 len 16[0m
frame 1958: 41713 us total, 12256 us display, type 3
[0;32mI (75864) NIMBLE_HIDH: notify handle 30 len 16[0m
[0;32mI (75894) NIMBLE_HIDH: notify handle 30 len 16[0m
frame 1959: 41399 us total, 12412 us display, type 3
[0;32mI (75924) NIMBLE_HIDH: notify handle 30 len 16[0m
frame 1960: 40599 us total, 11685 us display, type 3
[0;32mI (75954) NIMBLE_HIDH: notify handle 30 len 16[0m
[0;32mI (75969) NIMBLE_HIDH: notify handle 30 len 16[0m
frame 1961: 41696 us total, 12230 us display, type 3
[0;32mI (75999) NIMBLE_HIDH: notify handle 30 len 16[0m
frame 1962: 40873 us total, 11789 us display, type 3
[0;32mI (76029) NIMBLE_HIDH: notify handle 30 len 16[0m
[0;32mI (76059) NIMBLE_HIDH: notify handle 30 len 16[0m
frame 1963: 41492 us total, 12428 us display, type 3
[0;32mI (76089) NIMBLE_HIDH: notify handle 30 len 16[0m
frame 1964: 40573 us total, 11692 us display, type 3
[0;32mI (76119) NIMBLE_HIDH: notify handle 30 len 16[0m
frame 1965: 40730 us total, 11712 us display, type 3
[0;32mI (76149) NIMBLE_HIDH: notify handle 30 len 16[0m
[0;32mI (76179) NIMBLE_HIDH: notify handle 30 len 16[0m
frame 1966: 41533 us total, 12249 us display, type 3
[0;32mI (76209) NIMBLE_HIDH: notify handle 30 len 16[0m
frame 1967: 41088 us total, 11685 us display, type 3
[0;32mI (76239) NIMBLE_HIDH: notify handle 30 len 16[0m
frame 1968: 40675 us total, 11699 us display, type 3
[0;32mI (76269) NIMBLE_HIDH: notify handle 30 len 16[0m
[0;32mI (76299) NIMBLE_HIDH: notify handle 30 len 16[0m
frame 1969: 41639 us total, 12320 us display, type 3
[0;32mI (76329) NIMBLE_HIDH: notify handle 30 len 16[0m
frame 1970: 40955 us total, 11693 us display, type 3
[0;32mI (76359) NIMBLE_HIDH: notify handle 30 len 16[0m
[0;32mI (76389) NIMBLE_HIDH: notify handle 30 len 16[0m
frame 1971: 41031 us total, 12109 us display, type 3
[0;32mI (76419) NIMBLE_HIDH: notify handle 30 len 16[0m
frame 1972: 40313 us total, 12250 us display, type 3
[0;32mI (76449) NIMBLE_HIDH: notify handle 30 len 16[0m
frame 1973: 40920 us total, 11867 us display, type 3
[0;32mI (76479) NIMBLE_HIDH: notify handle 30 len 16[0m
[0;32mI (76494) NIMBLE_HIDH: notify handle 30 len 16[0m
frame 1974: 41847 us total, 11699 us display, type 3
[0;32mI (76524) NIMBLE_HIDH: notify handle 30 len 16[0m
[0;32mI (76554) NIMBLE_HIDH: notify handle 30 len 16[0m
frame 1975: 41631 us total, 12692 us display, type 3
[0;32mI (76584) NIMBLE_HIDH: notify handle 30 len 16[0m
frame 1976: 40164 us total, 12370 us display, type 3
[0;32mI (76599) NIMBLE_HIDH: notify handle 30 len 16[0m
[0;32mI (76629) NIMBLE_HIDH: notify handle 30 len 16[0m
frame 1977: 41731 us total, 12253 us display, type 3
[0;32mI (76659) NIMBLE_HIDH: notify handle 30 len 16[0m
frame 1978: 40850 us total, 11782 us display, type 3
[0;32mI (76689) NIMBLE_HIDH: notify handle 30 len 16[0m
frame 1979: 40801 us total, 11692 us display, type 3
[0;32mI (76719) NIMBLE_HIDH: notify handle 30 len 16[0m
[0;32mI (76749) NIMBLE_HIDH: notify handle 30 len 16[0m
frame 1980: 41157 us total, 12247 us display, type 3
[0;32mI (76779) NIMBLE_HIDH: notify handle 30 len 16[0m
[0;32mI (76794) NIMBLE_HIDH: notify handle 30 len 16[0m
frame 1981: 41827 us total, 12209 us display, type 3
[0;32mI (76824) NIMBLE_HIDH: notify handle 30 len 16[0m
frame 1982: 40646 us total, 11686 us display, type 3
[0;32mI (76854) NIMBLE_HIDH: notify handle 30 len 16[0m
frame 1983: 40759 us total, 11685 us display, type 3
[0;32mI (76884) NIMBLE_HIDH: notify handle 30 len 16[0m
[0;32mI (76899) NIMBLE_HIDH: notify handle 30 len 16[0m
frame 1984: 41474 us total, 11692 us display, type 3
[0;32mI (76929) NIMBLE_HIDH: notify handle 30 len 16[0m
[0;32mI (76959) NIMBLE_HIDH: notify handle 30 len 16[0m
frame 1985: 41511 us total, 12241 us display, type 3
[0;32mI (76989) NIMBLE_HIDH: notify handle 30 len 16[0m
frame 1986: 40938 us total, 11791 us display, type 3
[0;32mI (77019) NIMBLE_HIDH: notify handle 30 len 16[0m
frame 1987: 40551 us total, 11692 us display, type 3
[0;32mI (77049) NIMBLE_HIDH: notify handle 30 len 16[0m
[0;32mI (77079) NIMBLE_HIDH: notify handle 30 len 16[0m
frame 1988: 41849 us total, 12302 us display, type 3
[0;32mI (77109) NIMBLE_HIDH: notify handle 30 len 16[0m
frame 1989: 40772 us total, 11692 us display, type 3
[0;32mI (77139) NIMBLE_HIDH: notify handle 30 len 16[0m
[0;32mI (77169) NIMBLE_HIDH: notify handle 30 len 16[0m
frame 1990: 41627 us total, 12543 us display, type 3
[0;32mI (77199) NIMBLE_HIDH: notify handle 30 len 16[0m
frame 1991: 40508 us total, 11686 us display, type 3
[0;32mI (77229) NIMBLE_HIDH: notify handle 30 len 16[0m
[0;32mI (77244) NIMBLE_HIDH: notify handle 30 len 16[0m
frame 1992: 41278 us total, 12207 us display, type 3
[0;32mI (77274) NIMBLE_HIDH: notify handle 30 len 16[0m
frame 1993: 40861 us total, 11692 us display, type 3
[0;32mI (77304) NIMBLE_HIDH: notify handle 30 len 16[0m
[0;32mI (77334) NIMBLE_HIDH: notify handle 30 len 16[0m
frame 1994: 41580 us total, 12610 us display, type 3
[0;32mI (77364) NIMBLE_HIDH: notify handle 30 len 16[0m
frame 1995: 41104 us total, 11686 us display, type 3
[0;32mI (77394) NIMBLE_HIDH: notify handle 30 len 16[0m
frame 1996: 40865 us total, 11685 us display, type 3
[0;32mI (77424) NIMBLE_HIDH: notify handle 30 len 16[0m
[0;32mI (77454) NIMBLE_HIDH: notify handle 30 len 16[0m
frame 1997: 41756 us total, 12326 us display, type 3
[0;32mI (77484) NIMBLE_HIDH: notify handle 30 len 16[0m
frame 1998: 40692 us total, 11785 us display, type 3
[0;32mI (77514) NIMBLE_HIDH: notify handle 30 len 16[0m
frame 1999: 40728 us total, 11692 us display, type 3
[0;32mI (77544) NIMBLE_HIDH: notify handle 30 len 16[0m
[0;32mI (77574) NIMBLE_HIDH: notify handle 30 len 16[0m
frame 2000: 41658 us total, 12249 us display, type 3
[0;32mI (77589) NIMBLE_HIDH: notify handle 30 len 16[0m
[0;32mI (77619) NIMBLE_HIDH: notify handle 30 len 16[0m
frame 2001: 41348 us total, 12242 us display, type 3
[0;32mI (77649) NIMBLE_HIDH: notify handle 30 len 16[0m
frame 2002: 41277 us total, 11780 us display, type 3
[0;32mI (77679) NIMBLE_HIDH: notify handle 30 len 16[0m
frame 2003: 40629 us total, 11686 us display, type 3
[0;32mI (77709) NIMBLE_HIDH: notify handle 30 len 16[0m
[0;32mI (77739) NIMBLE_HIDH: notify handle 30 len 16[0m
frame 2004: 41877 us total, 12275 us display, type 3
[0;32mI (77769) NIMBLE_HIDH: notify handle 30 len 16[0m
frame 2005: 40873 us total, 11850 us display, type 3
[0;32mI (77799) NIMBLE_HIDH: notify handle 30 len 16[0m
[0;32mI (77814) NIMBLE_HIDH: notify handle 30 len 16[0m
frame 2006: 41619 us total, 11777 us display, type 3
[0;32mI (77844) NIMBLE_HIDH: notify handle 30 len 16[0m
frame 2007: 40683 us total, 11686 us display, type 3
[0;32mI (77874) NIMBLE_HIDH: notify handle 30 len 16[0m
[0;32mI (77904) NIMBLE_HIDH: notify handle 30 len 16[0m
frame 2008: 41817 us total, 12268 us display, type 3
[0;32mI (77934) NIMBLE_HIDH: notify handle 30 len 16[0m
[0;32mI (77949) NIMBLE_HIDH: notify handle 30 len 16[0m
frame 2009: 41766 us total, 12375 us display, type 3
[0;32mI (77979) NIMBLE_HIDH: notify handle 30 len 16[0m
frame 2010: 40889 us total, 11782 us display, type 3
[0;32mI (78009) NIMBLE_HIDH: notify handle 30 len 16[0m
frame 2011: 40639 us total, 11692 us display, type 3
[0;32mI (78039) NIMBLE_HIDH: notify handle 30 len 16[0m
[0;32mI (78069) NIMBLE_HIDH: notify handle 30 len 16[0m
frame 2012: 41647 us total, 12239 us display, type 3
[0;32mI (78099) NIMBLE_HIDH: notify handle 30 len 16[0m
frame 2013: 40944 us total, 11711 us display, type 3
[0;32mI (78129) NIMBLE_HIDH: notify handle 30 len 16[0m
[0;32mI (78159) NIMBLE_HIDH: notify handle 30 len 16[0m
frame 2014: 41286 us total, 12353 us display, type 3
[0;32mI (78189) NIMBLE_HIDH: notify handle 30 len 16[0m
frame 2015: 40309 us total, 12258 us display, type 3
[0;32mI (78234) NIMBLE_HIDH: notify handle 30 len 16[0m
frame 2016: 41187 us total, 12533 us display, type 3
[0;32mI (78249) NIMBLE_HIDH: notify handle 30 len 16[0m
[0;32mI (78279) NIMBLE_HIDH: notify handle 30 len 16[0m
frame 2017: 41260 us total, 12214 us display, type 3
[0;32mI (78309) NIMBLE_HIDH: notify handle 30 len 16[0m
frame 2018: 40553 us total, 11699 us display, type 3
[0;32mI (78339) NIMBLE_HIDH: notify handle 30 len 16[0m
frame 2019: 40579 us total, 11685 us display, type 3
[0;32mI (78369) NIMBLE_HIDH: notify handle 30 len 16[0m
[0;32mI (78399) NIMBLE_HIDH: notify handle 30 len 16[0m
frame 2020: 41780 us total, 12249 us display, type 3
[0;32mI (78429) NIMBLE_HIDH: notify handle 30 len 16[0m
frame 2021: 40591 us total, 11692 us display, type 3
[0;32mI (78459) NIMBLE_HIDH: notify handle 30 len 16[0m
frame 2022: 40821 us total, 11685 us display, type 3
[0;32mI (78489) NIMBLE_HIDH: notify handle 30 len 16[0m
[0;32mI (78519) NIMBLE_HIDH: notify handle 30 len 16[0m
frame 2023: 42203 us total, 12641 us display, type 3
[0;32mI (78549) NIMBLE_HIDH: notify handle 30 len 16[0m
frame 2024: 40986 us total, 11692 us display, type 3
[0;32mI (78579) NIMBLE_HIDH: notify handle 30 len 16[0m
[0;32mI (78609) NIMBLE_HIDH: notify handle 30 len 16[0m
frame 2025: 41446 us total, 12538 us display, type 3
[0;32mI (78639) NIMBLE_HIDH: notify handle 30 len 16[0m
frame 2026: 40539 us total, 11692 us display, type 3
[0;32mI (78669) NIMBLE_HIDH: notify handle 30 len 16[0m
frame 2027: 41147 us total, 11900 us display, type 3
[0;32mI (78699) NIMBLE_HIDH: notify handle 30 len 16[0m
[0;32mI (78729) NIMBLE_HIDH: notify handle 30 len 16[0m
frame 2028: 41518 us total, 12243 us display, type 3
[0;32mI (78774) NIMBLE_HIDH: notify handle 30 len 16[0m
frame 2029: 40433 us total, 12161 us display, type 3
[0;32mI (78789) NIMBLE_HIDH: notify handle 30 len 16[0m
frame 2030: 40999 us total, 11692 us display, type 3
[0;32mI (78819) NIMBLE_HIDH: notify handle 30 len 16[0m
[0;32mI (78849) NIMBLE_HIDH: notify handle 30 len 16[0m
frame 2031: 41999 us total, 12509 us display, type 3
[0;32mI (78879) NIMBLE_HIDH: notify handle 30 len 16[0m
frame 2032: 40774 us total, 11692 us display, type 3
[0;32mI (78909) NIMBLE_HIDH: notify handle 30 len 16[0m
[0;32mI (78939) NIMBLE_HIDH: notify handle 30 len 16[0m
frame 2033: 41185 us total, 12127 us display, type 3
[0;32mI (78954) NIMBLE_HIDH: notify handle 30 len 16[0m
frame 2034: 40675 us total, 11691 us display, type 3
[0;32mI (78984) NIMBLE_HIDH: notify handle 30 len 16[0m
[0;32mI (79014) NIMBLE_HIDH: notify handle 30 len 16[0m
frame 2035: 41643 us total, 12260 us display, type 3
[0;32mI (79044) NIMBLE_HIDH: notify handle 30 len 16[0m
frame 2036: 41086 us total, 11801 us display, type 3
[0;32mI (79074) NIMBLE_HIDH: notify handle 30 len 16[0m
[0;32mI (79089) NIMBLE_HIDH: notify handle 30 len 16[0m
frame 2037: 41801 us total, 11744 us display, type 3
[0;32mI (79119) NIMBLE_HIDH: notify handle 30 len 16[0m
frame 2038: 40873 us total, 11699 us display, type 3
[0;32mI (79149) NIMBLE_HIDH: notify handle 30 len 16[0m
[0;32mI (79179) NIMBLE_HIDH: notify handle 30 len 16[0m
frame 2039: 41959 us total, 12577 us display, type 3
[0;32mI (79209) NIMBLE_HIDH: notify handle 30 len 16[0m
frame 2040: 40916 us total, 11692 us display, type 3
[0;32mI (79239) NIMBLE_HIDH: notify handle 30 len 16[0m
[0;32mI (79269) NIMBLE_HIDH: notify handle 30 len 16[0m
frame 2041: 41089 us total, 12111 us display, type 3
[0;32mI (79299) NIMBLE_HIDH: notify handle 30 len 16[0m
frame 2042: 40119 us total, 12260 us display, type 3
[0;32mI (79329) NIMBLE_HIDH: notify handle 30 len 16[0m
frame 2043: 41083 us total, 11831 us display, type 3
[0;32mI (79359) NIMBLE_HIDH: notify handle 30 len 16[0m
[0;32mI (79374) NIMBLE_HIDH: notify handle 30 len 16[0m
frame 2044: 41768 us total, 11699 us display, type 3
[0;32mI (79404) NIMBLE_HIDH: notify handle 30 len 16[0m
[0;32mI (79434) NIMBLE_HIDH: notify handle 30 len 16[0m
frame 2045: 41667 us total, 12509 us display, type 3
[0;32mI (79464) NIMBLE_HIDH: notify handle 30 len 16[0m
frame 2046: 40214 us total, 12277 us display, type 3
[0;32mI (79494) NIMBLE_HIDH: notify handle 30 len 16[0m
[0;32mI (79509) NIMBLE_HIDH: notify handle 30 len 16[0m
frame 2047: 41513 us total, 12231 us display, type 3
[0;32mI (79539) NIMBLE_HIDH: notify handle 30 len 16[0m
frame 2048: 40621 us total, 11692 us display, type 3
mem @frame 2048: heap free 66484, largest 40960, min ever 65664, zone free 55016, stack free 14540, uptime 79 s, gamestate 0, demo 0, usergame 1, tic 2680
[0;32mI (79569) NIMBLE_HIDH: notify handle 30 len 16[0m
[0;32mI (79599) NIMBLE_HIDH: notify handle 30 len 16[0m
frame 2049: 42651 us total, 12444 us display, type 3
[0;32mI (79629) NIMBLE_HIDH: notify handle 30 len 16[0m
frame 2050: 40216 us total, 12257 us display, type 3
[0;32mI (79659) NIMBLE_HIDH: notify handle 30 len 16[0m
frame 2051: 41337 us total, 11747 us display, type 3
[0;32mI (79689) NIMBLE_HIDH: notify handle 30 len 16[0m
[0;32mI (79719) NIMBLE_HIDH: notify handle 30 len 16[0m
frame 2052: 41205 us total, 12165 us display, type 3
[0;32mI (79749) NIMBLE_HIDH: notify handle 30 len 16[0m
frame 2053: 40520 us total, 11692 us display, type 3
[0;32mI (79779) NIMBLE_HIDH: notify handle 30 len 16[0m
[0;32mI (79794) NIMBLE_HIDH: notify handle 30 len 16[0m
frame 2054: 41385 us total, 12256 us display, type 3
[0;32mI (79824) NIMBLE_HIDH: notify handle 30 len 16[0m
frame 2055: 40971 us total, 11846 us display, type 3
[0;32mI (79854) NIMBLE_HIDH: notify handle 30 len 16[0m
[0;32mI (79884) NIMBLE_HIDH: notify handle 30 len 16[0m
frame 2056: 41581 us total, 12422 us display, type 3
[0;32mI (79914) NIMBLE_HIDH: notify handle 30 len 16[0m
frame 2057: 40561 us total, 11697 us display, type 3
[0;32mI (79944) NIMBLE_HIDH: notify handle 30 len 16[0m
frame 2058: 41099 us total, 11685 us display, type 3
[0;32mI (79974) NIMBLE_HIDH: notify handle 30 len 16[0m
[0;32mI (80004) NIMBLE_HIDH: notify handle 30 len 16[0m
frame 2059: 41704 us total, 12436 us display, type 3
[0;32mI (80034) NIMBLE_HIDH: notify handle 30 len 16[0m
frame 2060: 40635 us total, 11686 us display, type 3
[0;32mI (80064) NIMBLE_HIDH: notify handle 30 len 16[0m
frame 2061: 40778 us total, 11693 us display, type 3
[0;32mI (80094) NIMBLE_HIDH: notify handle 30 len 16[0m
[0;32mI (80124) NIMBLE_HIDH: notify handle 30 len 16[0m
frame 2062: 41658 us total, 12263 us display, type 3
[0;32mI (80154) NIMBLE_HIDH: notify handle 30 len 16[0m
frame 2063: 41030 us total, 11781 us display, type 3
[0;32mI (80184) NIMBLE_HIDH: notify handle 30 len 16[0m
[0;32mI (80214) NIMBLE_HIDH: notify handle 30 len 16[0m
frame 2064: 41554 us total, 12559 us display, type 3
[0;32mI (80229) NIMBLE_HIDH: notify handle 30 len 16[0m
frame 2065: 41087 us total, 11699 us display, type 3
[0;32mI (80259) NIMBLE_HIDH: notify handle 30 len 16[0m
[0;32mI (80289) NIMBLE_HIDH: notify handle 30 len 16[0m
frame 2066: 41981 us total, 12655 us display, type 3
[0;32mI (80319) NIMBLE_HIDH: notify handle 30 len 16[0m
frame 2067: 40902 us total, 11685 us display, type 3
[0;32mI (80349) NIMBLE_HIDH: notify handle 30 len 16[0m
[0;32mI (80379) NIMBLE_HIDH: notify handle 30 len 16[0m
frame 2068: 41504 us total, 12555 us display, type 3
[0;32mI (80409) NIMBLE_HIDH: notify handle 30 len 16[0m
frame 2069: 40584 us total, 11693 us display, type 3
[0;32mI (80439) NIMBLE_HIDH: notify handle 30 len 16[0m
frame 2070: 41122 us total, 11842 us display, type 3
[0;32mI (80469) NIMBLE_HIDH: notify handle 30 len 16[0m
[0;32mI (80499) NIMBLE_HIDH: notify handle 30 len 16[0m
frame 2071: 41503 us total, 12242 us display, type 3
[0;32mI (80529) NIMBLE_HIDH: notify handle 30 len 16[0m
frame 2072: 41209 us total, 11692 us display, type 3
[0;32mI (80559) NIMBLE_HIDH: notify handle 30 len 16[0m
frame 2073: 40572 us total, 11699 us display, type 3
[0;32mI (80589) NIMBLE_HIDH: notify handle 30 len 16[0m
frame 2074: 41177 us total, 11685 us display, type 3
[0;32mI (80634) NIMBLE_HIDH: notify handle 30 len 16[0m
[0;32mI (80649) NIMBLE_HIDH: notify handle 30 len 16[0m
frame 2075: 41764 us total, 11766 us display, type 3
[0;32mI (80695) NIMBLE_HIDH: notify handle 30 len 16[0m
[0;32mI (80695) NIMBLE_HIDH: notify handle 30 len 16[0m
frame 2076: 41304 us total, 11865 us display, type 3
[0;32mI (80724) NIMBLE_HIDH: notify handle 30 len 16[0m
frame 2077: 40627 us total, 11692 us display, type 3
[0;32mI (80754) NIMBLE_HIDH: notify handle 30 len 16[0m
[0;32mI (80784) NIMBLE_HIDH: notify handle 30 len 16[0m
frame 2078: 41793 us total, 12317 us display, type 3
[0;32mI (80814) NIMBLE_HIDH: notify handle 30 len 16[0m
frame 2079: 41340 us total, 11698 us display, type 3
[0;32mI (80844) NIMBLE_HIDH: notify handle 30 len 16[0m
[0;32mI (80874) NIMBLE_HIDH: notify handle 30 len 16[0m
frame 2080: 41619 us total, 12556 us display, type 3
[0;32mI (80904) NIMBLE_HIDH: notify handle 30 len 16[0m
frame 2081: 40715 us total, 11685 us display, type 3
[0;32mI (80934) NIMBLE_HIDH: notify handle 30 len 16[0m
frame 2082: 40859 us total, 11685 us display, type 3
[0;32mI (80964) NIMBLE_HIDH: notify handle 30 len 16[0m
[0;32mI (80994) NIMBLE_HIDH: notify handle 30 len 16[0m
frame 2083: 41742 us total, 12349 us display, type 3
[0;32mI (81024) NIMBLE_HIDH: notify handle 30 len 16[0m
frame 2084: 40720 us total, 11786 us display, type 3
[0;32mI (81054) NIMBLE_HIDH: notify handle 30 len 16[0m
frame 2085: 40639 us total, 11691 us display, type 3
[0;32mI (81084) NIMBLE_HIDH: notify handle 30 len 16[0m
[0;32mI (81114) NIMBLE_HIDH: notify handle 30 len 16[0m
frame 2086: 42364 us total, 12374 us display, type 3
[0;32mI (81144) NIMBLE_HIDH: notify handle 30 len 16[0m
frame 2087: 40757 us total, 11692 us display, type 3
[0;32mI (81174) NIMBLE_HIDH: notify handle 30 len 16[0m
[0;32mI (81204) NIMBLE_HIDH: notify handle 30 len 16[0m
frame 2088: 41815 us total, 12633 us display, type 3
[0;32mI (81219) NIMBLE_HIDH: notify handle 30 len 16[0m
frame 2089: 40597 us total, 11692 us display, type 3
[0;32mI (81249) NIMBLE_HIDH: notify handle 30 len 16[0m
[0;32mI (81279) NIMBLE_HIDH: notify handle 30 len 16[0m
frame 2090: 41839 us total, 12201 us display, type 3
[0;32mI (81309) NIMBLE_HIDH: notify handle 30 len 16[0m
frame 2091: 40745 us total, 11692 us display, type 3
[0;32mI (81339) NIMBLE_HIDH: notify handle 30 len 16[0m
[0;32mI (81369) NIMBLE_HIDH: notify handle 30 len 16[0m
frame 2092: 42018 us total, 12558 us display, type 3
[0;32mI (81399) NIMBLE_HIDH: notify handle 30 len 16[0m
frame 2093: 40588 us total, 12791 us display, type 3
[0;32mI (81429) NIMBLE_HIDH: notify handle 30 len 16[0m
frame 2094: 40808 us total, 11692 us display, type 3
[0;32mI (81459) NIMBLE_HIDH: notify handle 30 len 16[0m
[0;32mI (81489) NIMBLE_HIDH: notify handle 30 len 16[0m
frame 2095: 41659 us total, 12263 us display, type 3
[0;32mI (81519) NIMBLE_HIDH: notify handle 30 len 16[0m
frame 2096: 40827 us total, 11854 us display, type 3
[0;32mI (81549) NIMBLE_HIDH: notify handle 30 len 16[0m
frame 2097: 40826 us total, 11692 us display, type 3
[0;32mI (81594) NIMBLE_HIDH: notify handle 30 len 16[0m
[0;32mI (81609) NIMBLE_HIDH: notify handle 30 len 16[0m
frame 2098: 41559 us total, 12429 us display, type 3
[0;32mI (81639) NIMBLE_HIDH: notify handle 30 len 16[0m
frame 2099: 41339 us total, 11788 us display, type 3
[0;32mI (81669) NIMBLE_HIDH: notify handle 30 len 16[0m
[0;32mI (81699) NIMBLE_HIDH: notify handle 30 len 16[0m
frame 2100: 41274 us total, 12268 us display, type 3
[0;32mI (81729) NIMBLE_HIDH: notify handle 30 len 16[0m
frame 2101: 40232 us total, 12209 us display, type 3
[0;32mI (81759) NIMBLE_HIDH: notify handle 30 len 16[0m
frame 2102: 40827 us total, 11686 us display, type 3
[0;32mI (81789) NIMBLE_HIDH: notify handle 30 len 16[0m
[0;32mI (81819) NIMBLE_HIDH: notify handle 30 len 16[0m
frame 2103: 41295 us total, 12406 us display, type 3
[0;32mI (81849) NIMBLE_HIDH: notify handle 30 len 16[0m
frame 2104: 40827 us total, 11685 us display, type 3
[0;32mI (81864) NIMBLE_HIDH: notify handle 30 len 16[0m
[0;32mI (81894) NIMBLE_HIDH: notify handle 30 len 16[0m
frame 2105: 41250 us total, 12281 us display, type 3
[0;32mI (81924) NIMBLE_HIDH: notify handle 30 len 16[0m
frame 2106: 41397 us total, 11692 us display, type 3
[0;32mI (81954) NIMBLE_HIDH: notify handle 30 len 16[0m
[0;32mI (81984) NIMBLE_HIDH: notify handle 30 len 16[0m
frame 2107: 41338 us total, 12429 us display, type 3
[0;32mI (82014) NIMBLE_HIDH: notify handle 30 len 16[0m
frame 2108: 40717 us total, 11685 us display, type 3
[0;32mI (82044) NIMBLE_HIDH: notify handle 30 len 16[0m
frame 2109: 40622 us total, 11692 us display, type 3
[0;32mI (82074) NIMBLE_HIDH: notify handle 30 len 16[0m
[0;32mI (82104) NIMBLE_HIDH: notify handle 30 len 16[0m
frame 2110: 41553 us total, 12261 us display, type 3
[0;32mI (82134) NIMBLE_HIDH: notify handle 30 len 16[0m
frame 2111: 40896 us total, 11777 us display, type 3
[0;32mI (82164) NIMBLE_HIDH: notify handle 30 len 16[0m
frame 2112: 40659 us total, 11699 us display, type 3
[0;32mI (82194) NIMBLE_HIDH: notify handle 30 len 16[0m
[0;32mI (82209) NIMBLE_HIDH: notify handle 30 len 16[0m
frame 2113: 42362 us total, 11692 us display, type 3
[0;32mI (82239) NIMBLE_HIDH: notify handle 30 len 16[0m
[0;32mI (82269) NIMBLE_HIDH: notify handle 30 len 16[0m
frame 2114: 41562 us total, 12199 us display, type 3
[0;32mI (82299) NIMBLE_HIDH: notify handle 30 len 16[0m
frame 2115: 40774 us total, 11699 us display, type 3
[0;32mI (82329) NIMBLE_HIDH: notify handle 30 len 16[0m
frame 2116: 40640 us total, 11685 us display, type 3
[0;32mI (82359) NIMBLE_HIDH: notify handle 30 len 16[0m
[0;32mI (82374) NIMBLE_HIDH: notify handle 30 len 16[0m
frame 2117: 41960 us total, 11686 us display, type 3
[0;32mI (82404) NIMBLE_HIDH: notify handle 30 len 16[0m
[0;32mI (82434) NIMBLE_HIDH: notify handle 30 len 16[0m
frame 2118: 41659 us total, 12320 us display, type 3
[0;32mI (82464) NIMBLE_HIDH: notify handle 30 len 16[0m
frame 2119: 40573 us total, 11685 us display, type 3
[0;32mI (82494) NIMBLE_HIDH: notify handle 30 len 16[0m
frame 2120: 41203 us total, 11692 us display, type 3
[0;32mI (82524) NIMBLE_HIDH: notify handle 30 len 16[0m
[0;32mI (82554) NIMBLE_HIDH: notify handle 30 len 16[0m
frame 2121: 41934 us total, 12645 us display, type 3
[0;32mI (82584) NIMBLE_HIDH: notify handle 30 len 16[0m
frame 2122: 41330 us total, 11978 us display, type 3
[0;32mI (82614) NIMBLE_HIDH: notify handle 30 len 16[0m
[0;32mI (82644) NIMBLE_HIDH: notify handle 30 len 16[0m
frame 2123: 41310 us total, 12394 us display, type 3
[0;32mI (82674) NIMBLE_HIDH: notify handle 30 len 16[0m
frame 2124: 40785 us total, 11693 us display, type 3
[0;32mI (82704) NIMBLE_HIDH: notify handle 30 len 16[0m
frame 2125: 40681 us total, 11710 us display, type 3
[0;32mI (82734) NIMBLE_HIDH: notify handle 30 len 16[0m
[0;32mI (82764) NIMBLE_HIDH: notify handle 30 len 16[0m
frame 2126: 41716 us total, 12278 us display, type 3
[0;32mI (82794) NIMBLE_HIDH: notify handle 30 len 16[0m
frame 2127: 40953 us total, 11693 us display, type 3
[0;32mI (82824) NIMBLE_HIDH: notify handle 30 len 16[0m
frame 2128: 40661 us total, 11692 us display, type 3
[0;32mI (82854) NIMBLE_HIDH: notify handle 30 len 16[0m
[0;32mI (82884) NIMBLE_HIDH: notify handle 30 len 16[0m
frame 2129: 41942 us total, 12269 us display, type 3
[0;32mI (82914) NIMBLE_HIDH: notify handle 30 len 16[0m
frame 2130: 40987 us total, 11845 us display, type 3
[0;32mI (82944) NIMBLE_HIDH: notify handle 30 len 16[0m
[0;32mI (82974) NIMBLE_HIDH: notify handle 30 len 16[0m
frame 2131: 41724 us total, 12571 us display, type 3
[0;32mI (83004) NIMBLE_HIDH: notify handle 30 len 16[0m
frame 2132: 40586 us total, 11686 us display, type 3
[0;32mI (83034) NIMBLE_HIDH: notify handle 30 len 16[0m
frame 2133: 40969 us total, 11685 us display, type 3
[0;32mI (83064) NIMBLE_HIDH: notify handle 30 len 16[0m
[0;32mI (83094) NIMBLE_HIDH: notify handle 30 len 16[0m
frame 2134: 41959 us total, 12273 us display, type 3
[0;32mI (83124) NIMBLE_HIDH: notify handle 30 len 16[0m
frame 2135: 40824 us total, 11788 us display, type 3
[0;32mI (83154) NIMBLE_HIDH: notify handle 30 len 16[0m
frame 2136: 40668 us total, 11692 us display, type 3
[0;32mI (83184) NIMBLE_HIDH: notify handle 30 len 16[0m
[0;32mI (83214) NIMBLE_HIDH: notify handle 30 len 16[0m
frame 2137: 41975 us total, 12589 us display, type 3
[0;32mI (83244) NIMBLE_HIDH: notify handle 30 len 16[0m
frame 2138: 41317 us total, 11985 us display, type 3
[0;32mI (83274) NIMBLE_HIDH: notify handle 30 len 16[0m
[0;32mI (83304) NIMBLE_HIDH: notify handle 30 len 16[0m
frame 2139: 41524 us total, 12562 us display, type 3
[0;32mI (83334) NIMBLE_HIDH: notify handle 30 len 16[0m
frame 2140: 40794 us total, 11687 us display, type 3
[0;32mI (83364) NIMBLE_HIDH: notify handle 30 len 16[0m
frame 2141: 41412 us total, 11958 us display, type 3
[0;32mI (83394) NIMBLE_HIDH: notify handle 30 len 16[0m
[0;32mI (83424) NIMBLE_HIDH: notify handle 30 len 16[0m
frame 2142: 41721 us total, 12281 us display, type 3
[0;32mI (83454) NIMBLE_HIDH: notify handle 30 len 16[0m
frame 2143: 40830 us total, 11931 us display, type 3
[0;32mI (83484) NIMBLE_HIDH: notify handle 30 len 16[0m
frame 2144: 40748 us total, 11692 us display, type 3
[0;32mI (83514) NIMBLE_HIDH: notify handle 30 len 16[0m
[0;32mI (83529) NIMBLE_HIDH: notify handle 30 len 16[0m
frame 2145: 41937 us total, 11692 us display, type 3
[0;32mI (83559) NIMBLE_HIDH: notify handle 30 len 16[0m
[0;32mI (83589) NIMBLE_HIDH: notify handle 30 len 16[0m
frame 2146: 41918 us total, 12621 us display, type 3
[0;32mI (83619) NIMBLE_HIDH: notify handle 30 len 16[0m
frame 2147: 40797 us total, 11691 us display, type 3
[0;32mI (83649) NIMBLE_HIDH: notify handle 30 len 16[0m
frame 2148: 40990 us total, 11692 us display, type 3
[0;32mI (83679) NIMBLE_HIDH: notify handle 30 len 16[0m
[0;32mI (83709) NIMBLE_HIDH: notify handle 30 len 16[0m
frame 2149: 41952 us total, 12506 us display, type 3
[0;32mI (83739) NIMBLE_HIDH: notify handle 30 len 16[0m
frame 2150: 40841 us total, 11692 us display, type 3
[0;32mI (83769) NIMBLE_HIDH: notify handle 30 len 16[0m
[0;32mI (83799) NIMBLE_HIDH: notify handle 30 len 16[0m
frame 2151: 41694 us total, 12600 us display, type 3
[0;32mI (83829) NIMBLE_HIDH: notify handle 30 len 16[0m
frame 2152: 40611 us total, 11692 us display, type 3
[0;32mI (83859) NIMBLE_HIDH: notify handle 30 len 16[0m
frame 2153: 40964 us total, 11751 us display, type 3
[0;32mI (83889) NIMBLE_HIDH: notify handle 30 len 16[0m
[0;32mI (83919) NIMBLE_HIDH: notify handle 30 len 16[0m
frame 2154: 41612 us total, 12271 us display, type 3
[0;32mI (83934) NIMBLE_HIDH: notify handle 30 len 16[0m
[0;32mI (83964) NIMBLE_HIDH: notify handle 30 len 16[0m
frame 2155: 41799 us total, 12540 us display, type 3
[0;32mI (83994) NIMBLE_HIDH: notify handle 30 len 16[0m
frame 2156: 40797 us total, 11698 us display, type 3
[0;32mI (84024) NIMBLE_HIDH: notify handle 30 len 16[0m
frame 2157: 40775 us total, 11746 us display, type 3
[0;32mI (84054) NIMBLE_HIDH: notify handle 30 len 16[0m
[0;32mI (84084) NIMBLE_HIDH: notify handle 30 len 16[0m
frame 2158: 42250 us total, 12733 us display, type 3
[0;32mI (84114) NIMBLE_HIDH: notify handle 30 len 16[0m
frame 2159: 40647 us total, 11693 us display, type 3
[0;32mI (84144) NIMBLE_HIDH: notify handle 30 len 16[0m
frame 2160: 40742 us total, 11685 us display, type 3
[0;32mI (84174) NIMBLE_HIDH: notify handle 30 len 16[0m
[0;32mI (84189) NIMBLE_HIDH: notify handle 30 len 16[0m
frame 2161: 41865 us total, 11685 us display, type 3
[0;32mI (84219) NIMBLE_HIDH: notify handle 30 len 16[0m
[0;32mI (84249) NIMBLE_HIDH: notify handle 30 len 16[0m
frame 2162: 42066 us total, 12275 us display, type 3
[0;32mI (84279) NIMBLE_HIDH: notify handle 30 len 16[0m
frame 2163: 40580 us total, 11699 us display, type 3
[0;32mI (84309) NIMBLE_HIDH: notify handle 30 len 16[0m
frame 2164: 40647 us total, 11685 us display, type 3
[0;32mI (84339) NIMBLE_HIDH: notify handle 30 len 16[0m
[0;32mI (84369) NIMBLE_HIDH: notify handle 30 len 16[0m
frame 2165: 42111 us total, 12659 us display, type 3
[0;32mI (84399) NIMBLE_HIDH: notify handle 30 len 16[0m
frame 2166: 40855 us total, 11685 us display, type 3
[0;32mI (84429) NIMBLE_HIDH: notify handle 30 len 16[0m
[0;32mI (84459) NIMBLE_HIDH: notify handle 30 len 16[0m
frame 2167: 41686 us total, 12534 us display, type 3
[0;32mI (84489) NIMBLE_HIDH: notify handle 30 len 16[0m
frame 2168: 40627 us total, 11699 us display, type 3
[0;32mI (84519) NIMBLE_HIDH: notify handle 30 len 16[0m
frame 2169: 41101 us total, 11692 us display, type 3
[0;32mI (84549) NIMBLE_HIDH: notify handle 30 len 16[0m
[0;32mI (84564) NIMBLE_HIDH: notify handle 30 len 16[0m
frame 2170: 42062 us total, 11956 us display, type 3
[0;32mI (84594) NIMBLE_HIDH: notify handle 30 len 16[0m
[0;32mI (84624) NIMBLE_HIDH: notify handle 30 len 16[0m
frame 2171: 41461 us total, 12423 us display, type 3
[0;32mI (84654) NIMBLE_HIDH: notify handle 30 len 16[0m
frame 2172: 40603 us total, 11699 us display, type 3
[0;32mI (84684) NIMBLE_HIDH: notify handle 30 len 16[0m
frame 2173: 40689 us total, 11698 us display, type 3
[0;32mI (84714) NIMBLE_HIDH: notify handle 30 len 16[0m
[0;32mI (84744) NIMBLE_HIDH: notify handle 30 len 16[0m
frame 2174: 41755 us total, 12268 us display, type 3
[0;32mI (84774) NIMBLE_HIDH: notify handle 30 len 16[0m
frame 2175: 40791 us total, 11843 us display, type 3
[0;32mI (84804) NIMBLE_HIDH: notify handle 30 len 16[0m
frame 2176: 41211 us total, 11691 us display, type 3
[0;32mI (84834) NIMBLE_HIDH: notify handle 30 len 16[0m
[0;32mI (84864) NIMBLE_HIDH: notify handle 30 len 16[0m
frame 2177: 41733 us total, 12292 us display, type 3
[0;32mI (84894) NIMBLE_HIDH: notify handle 30 len 16[0m
frame 2178: 40938 us total, 11685 us display, type 3
[0;32mI (84924) NIMBLE_HIDH: notify handle 30 len 16[0m
[0;32mI (84954) NIMBLE_HIDH: notify handle 30 len 16[0m
frame 2179: 41490 us total, 12568 us display, type 3
[0;32mI (84984) NIMBLE_HIDH: notify handle 30 len 16[0m
frame 2180: 40727 us total, 11685 us display, type 3
[0;32mI (85014) NIMBLE_HIDH: notify handle 30 len 16[0m
frame 2181: 40805 us total, 11692 us display, type 3
[0;32mI (85044) NIMBLE_HIDH: notify handle 30 len 16[0m
[0;32mI (85074) NIMBLE_HIDH: notify handle 30 len 16[0m
frame 2182: 41803 us total, 12511 us display, type 3
[0;32mI (85104) NIMBLE_HIDH: notify handle 30 len 16[0m
frame 2183: 41330 us total, 11846 us display, type 3
[0;32mI (85134) NIMBLE_HIDH: notify handle 30 len 16[0m
frame 2184: 40660 us total, 11692 us display, type 3
[0;32mI (85164) NIMBLE_HIDH: notify handle 30 len 16[0m
[0;32mI (85194) NIMBLE_HIDH: notify handle 30 len 16[0m
frame 2185: 41854 us total, 12271 us display, type 3
[0;32mI (85224) NIMBLE_HIDH: notify handle 30 len 16[0m
[0;32mI (85239) NIMBLE_HIDH: notify handle 30 len 16[0m
frame 2186: 41307 us total, 12220 us display, type 3
[0;32mI (85269) NIMBLE_HIDH: notify handle 30 len 16[0m
frame 2187: 40855 us total, 11791 us display, type 3
[0;32mI (85299) NIMBLE_HIDH: notify handle 30 len 16[0m
frame 2188: 40683 us total, 11699 us display, type 3
[0;32mI (85329) NIMBLE_HIDH: notify handle 30 len 16[0m
[0;32mI (85359) NIMBLE_HIDH: notify handle 30 len 16[0m
frame 2189: 42036 us total, 12177 us display, type 3
[0;32mI (85389) NIMBLE_HIDH: notify handle 30 len 16[0m
frame 2190: 40815 us total, 11686 us display, type 3
[0;32mI (85419) NIMBLE_HIDH: notify handle 30 len 16[0m
[0;32mI (85449) NIMBLE_HIDH: notify handle 30 len 16[0m
frame 2191: 41074 us total, 12121 us display, type 3
[0;32mI (85479) NIMBLE_HIDH: notify handle 30 len 16[0m
frame 2192: 40307 us total, 12267 us display, type 3
[0;32mI (85509) NIMBLE_HIDH: notify handle 30 len 16[0m
[0;32mI (85524) NIMBLE_HIDH: notify handle 30 len 16[0m
frame 2193: 41356 us total, 12259 us display, type 3
[0;32mI (85554) NIMBLE_HIDH: notify handle 30 len 16[0m
frame 2194: 40933 us total, 11689 us display, type 3
[0;32mI (85584) NIMBLE_HIDH: notify handle 30 len 16[0m
frame 2195: 40619 us total, 11699 us display, type 3
[0;32mI (85614) NIMBLE_HIDH: notify handle 30 len 16[0m
[0;32mI (85644) NIMBLE_HIDH: notify handle 30 len 16[0m
frame 2196: 41765 us total, 12339 us display, type 3
[0;32mI (85674) NIMBLE_HIDH: notify handle 30 len 16[0m
frame 2197: 40814 us total, 11686 us display, type 3
[0;32mI (85704) NIMBLE_HIDH: notify handle 30 len 16[0m
[0;32mI (85734) NIMBLE_HIDH: notify handle 30 len 16[0m
frame 2198: 41348 us total, 12379 us display, type 3
[0;32mI (85764) NIMBLE_HIDH: notify handle 30 len 16[0m
frame 2199: 40704 us total, 11685 us display, type 3
[0;32mI (85794) NIMBLE_HIDH: notify handle 30 len 16[0m
frame 2200: 40694 us total, 11692 us display, type 3
[0;32mI (85824) NIMBLE_HIDH: notify handle 30 len 16[0m
[0;32mI (85854) NIMBLE_HIDH: notify handle 30 len 16[0m
frame 2201: 41777 us total, 12245 us display, type 3
[0;32mI (85884) NIMBLE_HIDH: notify handle 30 len 16[0m
frame 2202: 40654 us total, 11685 us display, type 3
[0;32mI (85914) NIMBLE_HIDH: notify handle 30 len 16[0m
frame 2203: 41075 us total, 11692 us display, type 3
[0;32mI (85944) NIMBLE_HIDH: notify handle 30 len 16[0m
[0;32mI (85974) NIMBLE_HIDH: notify handle 30 len 16[0m
frame 2204: 42082 us total, 12761 us display, type 3
[0;32mI (86004) NIMBLE_HIDH: notify handle 30 len 16[0m
frame 2205: 41238 us total, 12001 us display, type 3
[0;32mI (86034) NIMBLE_HIDH: notify handle 30 len 16[0m
[0;32mI (86064) NIMBLE_HIDH: notify handle 30 len 16[0m
frame 2206: 41406 us total, 12428 us display, type 3
[0;32mI (86094) NIMBLE_HIDH: notify handle 30 len 16[0m
frame 2207: 40567 us total, 11692 us display, type 3
[0;32mI (86124) NIMBLE_HIDH: notify handle 30 len 16[0m
frame 2208: 40908 us total, 11692 us display, type 3
[0;32mI (86154) NIMBLE_HIDH: notify handle 30 len 16[0m
[0;32mI (86184) NIMBLE_HIDH: notify handle 30 len 16[0m
frame 2209: 41517 us total, 12251 us display, type 3
[0;32mI (86214) NIMBLE_HIDH: notify handle 30 len 16[0m
frame 2210: 41199 us total, 11685 us display, type 3
[0;32mI (86244) NIMBLE_HIDH: notify handle 30 len 16[0m
frame 2211: 40628 us total, 11693 us display, type 3
[0;32mI (86274) NIMBLE_HIDH: notify handle 30 len 16[0m
[0;32mI (86304) NIMBLE_HIDH: notify handle 30 len 16[0m
frame 2212: 41734 us total, 12266 us display, type 3
[0;32mI (86334) NIMBLE_HIDH: notify handle 30 len 16[0m
frame 2213: 40743 us total, 11699 us display, type 3
[0;32mI (86364) NIMBLE_HIDH: notify handle 30 len 16[0m
[0;32mI (86394) NIMBLE_HIDH: notify handle 30 len 16[0m
frame 2214: 41603 us total, 12587 us display, type 3
[0;32mI (86424) NIMBLE_HIDH: notify handle 30 len 16[0m
frame 2215: 40764 us total, 12777 us display, type 3
[0;32mI (86454) NIMBLE_HIDH: notify handle 30 len 16[0m
frame 2216: 40863 us total, 11700 us display, type 3
[0;32mI (86484) NIMBLE_HIDH: notify handle 30 len 16[0m
[0;32mI (86514) NIMBLE_HIDH: notify handle 30 len 16[0m
frame 2217: 42098 us total, 12260 us display, type 3
[0;32mI (86544) NIMBLE_HIDH: notify handle 30 len 16[0m
frame 2218: 40753 us total, 11769 us display, type 3
[0;32mI (86574) NIMBLE_HIDH: notify handle 30 len 16[0m
frame 2219: 40817 us total, 11685 us display, type 3
[0;32mI (86604) NIMBLE_HIDH: notify handle 30 len 16[0m
[0;32mI (86634) NIMBLE_HIDH: notify handle 30 len 16[0m
frame 2220: 41719 us total, 12274 us display, type 3
[0;32mI (86664) NIMBLE_HIDH: notify handle 30 len 16[0m
frame 2221: 40887 us total, 11685 us display, type 3
[0;32mI (86694) NIMBLE_HIDH: notify handle 30 len 16[0m
[0;32mI (86724) NIMBLE_HIDH: notify handle 30 len 16[0m
frame 2222: 41181 us total, 12187 us display, type 3
[0;32mI (86754) NIMBLE_HIDH: notify handle 30 len 16[0m
frame 2223: 40205 us total, 12340 us display, type 3
[0;32mI (86784) NIMBLE_HIDH: notify handle 30 len 16[0m
frame 2224: 41391 us total, 11692 us display, type 3
[0;32mI (86814) NIMBLE_HIDH: notify handle 30 len 16[0m
[0;32mI (86844) NIMBLE_HIDH: notify handle 30 len 16[0m
frame 2225: 41139 us total, 12177 us display, type 3
[0;32mI (86874) NIMBLE_HIDH: notify handle 30 len 16[0m
frame 2226: 40887 us total, 11695 us display, type 3
[0;32mI (86904) NIMBLE_HIDH: notify handle 30 len 16[0m
frame 2227: 40711 us total, 11805 us display, type 3
[0;32mI (86934) NIMBLE_HIDH: notify handle 30 len 16[0m
[0;32mI (86964) NIMBLE_HIDH: notify handle 30 len 16[0m
frame 2228: 42237 us total, 12745 us display, type 3
[0;32mI (86994) NIMBLE_HIDH: notify handle 30 len 16[0m
frame 2229: 40585 us total, 11685 us display, type 3
[0;32mI (87024) NIMBLE_HIDH: notify handle 30 len 16[0m
frame 2230: 40653 us total, 11686 us display, type 3
[0;32mI (87054) NIMBLE_HIDH: notify handle 30 len 16[0m
[0;32mI (87084) NIMBLE_HIDH: notify handle 30 len 16[0m
frame 2231: 41715 us total, 12268 us display, type 3
[0;32mI (87129) NIMBLE_HIDH: notify handle 30 len 16[0m
frame 2232: 40623 us total, 12265 us display, type 3
[0;32mI (87144) NIMBLE_HIDH: notify handle 30 len 16[0m
[0;32mI (87174) NIMBLE_HIDH: notify handle 30 len 16[0m
frame 2233: 41694 us total, 12591 us display, type 3
[0;32mI (87204) NIMBLE_HIDH: notify handle 30 len 16[0m
frame 2234: 40572 us total, 11693 us display, type 3
[0;32mI (87234) NIMBLE_HIDH: notify handle 30 len 16[0m
frame 2235: 40993 us total, 11792 us display, type 3
[0;32mI (87264) NIMBLE_HIDH: notify handle 30 len 16[0m
[0;32mI (87294) NIMBLE_HIDH: notify handle 30 len 16[0m
frame 2236: 41583 us total, 12290 us display, type 3
[0;32mI (87324) NIMBLE_HIDH: notify handle 30 len 16[0m
frame 2237: 40969 us total, 11910 us display, type 3
[0;32mI (87354) NIMBLE_HIDH: notify handle 30 len 16[0m
frame 2238: 40977 us total, 11685 us display, type 3
[0;32mI (87384) NIMBLE_HIDH: notify handle 30 len 16[0m
[0;32mI (87399) NIMBLE_HIDH: notify handle 30 len 16[0m
frame 2239: 41871 us total, 11685 us display, type 3
[0;32mI (87429) NIMBLE_HIDH: notify handle 30 len 16[0m
[0;32mI (87459) NIMBLE_HIDH: notify handle 30 len 16[0m
frame 2240: 41769 us total, 12256 us display, type 3
[0;32mI (87489) NIMBLE_HIDH: notify handle 30 len 16[0m
frame 2241: 40607 us total, 11686 us display, type 3
[0;32mI (87519) NIMBLE_HIDH: notify handle 30 len 16[0m
frame 2242: 40882 us total, 11692 us display, type 3
[0;32mI (87549) NIMBLE_HIDH: notify handle 30 len 16[0m
[0;32mI (87579) NIMBLE_HIDH: notify handle 30 len 16[0m
frame 2243: 41588 us total, 12261 us display, type 3
[0;32mI (87609) NIMBLE_HIDH: notify handle 30 len 16[0m
frame 2244: 41050 us total, 11692 us display, type 3
[0;32mI (87639) NIMBLE_HIDH: notify handle 30 len 16[0m
[0;32mI (87669) NIMBLE_HIDH: notify handle 30 len 16[0m
frame 2245: 41867 us total, 12551 us display, type 3
[0;32mI (87699) NIMBLE_HIDH: notify handle 30 len 16[0m
frame 2246: 40772 us total, 11692 us display, type 3
[0;32mI (87729) NIMBLE_HIDH: notify handle 30 len 16[0m
frame 2247: 41057 us total, 11998 us display, type 3
[0;32mI (87759) NIMBLE_HIDH: notify handle 30 len 16[0m
[0;32mI (87789) NIMBLE_HIDH: notify handle 30 len 16[0m
frame 2248: 41548 us total, 12249 us display, type 3
[0;32mI (87819) NIMBLE_HIDH: notify handle 30 len 16[0m
frame 2249: 41015 us total, 11922 us display, type 3
[0;32mI (87849) NIMBLE_HIDH: notify handle 30 len 16[0m
frame 2250: 40740 us total, 11692 us display, type 3
[0;32mI (87879) NIMBLE_HIDH: notify handle 30 len 16[0m
[0;32mI (87909) NIMBLE_HIDH: notify handle 30 len 16[0m
frame 2251: 41868 us total, 12259 us display, type 3
[0;32mI (87939) NIMBLE_HIDH: notify handle 30 len 16[0m
[0;32mI (87954) NIMBLE_HIDH: notify handle 30 len 16[0m
frame 2252: 41943 us total, 12449 us display, type 3
[0;32mI (87984) NIMBLE_HIDH: notify handle 30 len 16[0m
frame 2253: 40817 us total, 11699 us display, type 3
[0;32mI (88014) NIMBLE_HIDH: notify handle 30 len 16[0m
frame 2254: 40663 us total, 11685 us display, type 3
[0;32mI (88044) NIMBLE_HIDH: notify handle 30 len 16[0m
[0;32mI (88074) NIMBLE_HIDH: notify handle 30 len 16[0m
frame 2255: 41667 us total, 12263 us display, type 3
[0;32mI (88104) NIMBLE_HIDH: notify handle 30 len 16[0m
frame 2256: 41026 us total, 11872 us display, type 3
[0;32mI (88134) NIMBLE_HIDH: notify handle 30 len 16[0m
[0;32mI (88164) NIMBLE_HIDH: notify handle 30 len 16[0m
frame 2257: 41484 us total, 12547 us display, type 3
[0;32mI (88194) NIMBLE_HIDH: notify handle 30 len 16[0m
frame 2258: 40799 us total, 11685 us display, type 3
[0;32mI (88224) NIMBLE_HIDH: notify handle 30 len 16[0m
frame 2259: 41428 us total, 11990 us display, type 3
[0;32mI (88254) NIMBLE_HIDH: notify handle 30 len 16[0m
[0;32mI (88284) NIMBLE_HIDH: notify handle 30 len 16[0m
frame 2260: 42179 us total, 12636 us display, type 3
[0;32mI (88314) NIMBLE_HIDH: notify handle 30 len 16[0m
frame 2261: 40579 us total, 11686 us display, type 3
[0;32mI (88344) NIMBLE_HIDH: notify handle 30 len 16[0m
frame 2262: 40727 us total, 11686 us display, type 3
[0;32mI (88374) NIMBLE_HIDH: notify handle 30 len 16[0m
[0;32mI (88404) NIMBLE_HIDH: notify handle 30 len 16[0m
frame 2263: 41645 us total, 12262 us display, type 3
[0;32mI (88434) NIMBLE_HIDH: notify handle 30 len 16[0m
frame 2264: 41158 us total, 11890 us display, type 3
[0;32mI (88464) NIMBLE_HIDH: notify handle 30 len 16[0m
[0;32mI (88494) NIMBLE_HIDH: notify handle 30 len 16[0m
frame 2265: 41547 us total, 12565 us display, type 3
[0;32mI (88524) NIMBLE_HIDH: notify handle 30 len 16[0m
frame 2266: 40938 us total, 11686 us display, type 3
[0;32mI (88554) NIMBLE_HIDH: notify handle 30 len 16[0m
frame 2267: 41234 us total, 11939 us display, type 3
[0;32mI (88584) NIMBLE_HIDH: notify handle 30 len 16[0m
[0;32mI (88614) NIMBLE_HIDH: notify handle 30 len 16[0m
frame 2268: 41560 us total, 12239 us display, type 3
[0;32mI (88644) NIMBLE_HIDH: notify handle 30 len 16[0m
frame 2269: 40995 us total, 11922 us display, type 3
[0;32mI (88674) NIMBLE_HIDH: notify handle 30 len 16[0m
frame 2270: 40665 us total, 11698 us display, type 3
[0;32mI (88704) NIMBLE_HIDH: notify handle 30 len 16[0m
[0;32mI (88734) NIMBLE_HIDH: notify handle 30 len 16[0m
frame 2271: 41734 us total, 12247 us display, type 3
[0;32mI (88764) NIMBLE_HIDH: notify handle 30 len 16[0m
axes L  -1591  -8202 R    181   -448 level 1
frame 2272: 41277 us total, 11949 us display, type 3
[0;32mI (88809) NIMBLE_HIDH: notify handle 30 len 16[0m
[0;32mI (88824) NIMBLE_HIDH: notify handle 30 len 16[0m
frame 2273: 41894 us total, 12479 us display, type 3
[0;32mI (88854) NIMBLE_HIDH: notify handle 30 len 16[0m
frame 2274: 40546 us total, 11685 us display, type 3
[0;32mI (88884) NIMBLE_HIDH: notify handle 30 len 16[0m
frame 2275: 40813 us total, 11685 us display, type 3
[0;32mI (88914) NIMBLE_HIDH: notify handle 30 len 16[0m
[0;32mI (88944) NIMBLE_HIDH: notify handle 30 len 16[0m
frame 2276: 41751 us total, 12261 us display, type 3
[0;32mI (88974) NIMBLE_HIDH: notify handle 30 len 16[0m
frame 2277: 40711 us total, 11765 us display, type 3
[0;32mI (89004) NIMBLE_HIDH: notify handle 30 len 16[0m
frame 2278: 40863 us total, 11686 us display, type 3
[0;32mI (89034) NIMBLE_HIDH: notify handle 30 len 16[0m
axes L  -1591  -8245 R    181   -448 level 1
[0;32mI (89064) NIMBLE_HIDH: notify handle 30 len 16[0m
frame 2279: 42114 us total, 12452 us display, type 3
[0;32mI (89094) NIMBLE_HIDH: notify handle 30 len 16[0m
frame 2280: 41363 us total, 11715 us display, type 3
[0;32mI (89124) NIMBLE_HIDH: notify handle 30 len 16[0m
[0;32mI (89154) NIMBLE_HIDH: notify handle 30 len 16[0m
frame 2281: 41514 us total, 12572 us display, type 3
[0;32mI (89184) NIMBLE_HIDH: notify handle 30 len 16[0m
frame 2282: 40726 us total, 11685 us display, type 3
[0;32mI (89214) NIMBLE_HIDH: notify handle 30 len 16[0m
frame 2283: 40790 us total, 11692 us display, type 3
[0;32mI (89244) NIMBLE_HIDH: notify handle 30 len 16[0m
[0;32mI (89274) NIMBLE_HIDH: notify handle 30 len 16[0m
frame 2284: 41910 us total, 12598 us display, type 3
[0;32mI (89304) NIMBLE_HIDH: notify handle 30 len 16[0m
frame 2285: 40881 us total, 11788 us display, type 3
axes L  -1591  -8245 R    181   -448 level 1
[0;32mI (89334) NIMBLE_HIDH: notify handle 30 len 16[0m
frame 2286: 40922 us total, 11692 us display, type 3
[0;32mI (89364) NIMBLE_HIDH: notify handle 30 len 16[0m
[0;32mI (89394) NIMBLE_HIDH: notify handle 30 len 16[0m
frame 2287: 42191 us total, 12264 us display, type 3
[0;32mI (89424) NIMBLE_HIDH: notify handle 30 len 16[0m
frame 2288: 41063 us total, 11955 us display, type 3
[0;32mI (89454) NIMBLE_HIDH: notify handle 30 len 16[0m
[0;32mI (89484) NIMBLE_HIDH: notify handle 30 len 16[0m
frame 2289: 41619 us total, 12569 us display, type 3
[0;32mI (89514) NIMBLE_HIDH: notify handle 30 len 16[0m
frame 2290: 40611 us total, 11692 us display, type 3
[0;32mI (89529) NIMBLE_HIDH: notify handle 30 len 16[0m
[0;32mI (89559) NIMBLE_HIDH: notify handle 30 len 16[0m
frame 2291: 41775 us total, 12270 us display, type 3
[0;32mI (89589) NIMBLE_HIDH: notify handle 30 len 16[0m
axes L  -1591  -8341 R    181   -448 level 1
frame 2292: 41007 us total, 11692 us display, type 3
[0;32mI (89619) NIMBLE_HIDH: notify handle 30 len 16[0m
[0;32mI (89649) NIMBLE_HIDH: notify handle 30 len 16[0m
frame 2293: 41521 us total, 12556 us display, type 3
[0;32mI (89679) NIMBLE_HIDH: notify handle 30 len 16[0m
frame 2294: 41151 us total, 11692 us display, type 3
[0;32mI (89709) NIMBLE_HIDH: notify handle 30 len 16[0m
frame 2295: 41039 us total, 11963 us display, type 3
[0;32mI (89739) NIMBLE_HIDH: notify handle 30 len 16[0m
[0;32mI (89769) NIMBLE_HIDH: notify handle 30 len 16[0m
frame 2296: 42165 us total, 12660 us display, type 3
[0;32mI (89799) NIMBLE_HIDH: notify handle 30 len 16[0m
frame 2297: 40564 us total, 11687 us display, type 3
[0;32mI (89829) NIMBLE_HIDH: notify handle 30 len 16[0m
frame 2298: 40747 us total, 11685 us display, type 3
[0;32mI (89859) NIMBLE_HIDH: notify handle 30 len 16[0m
axes L  -1591  -8398 R    181   -448 level 1
frame 2299: 41426 us total, 11756 us display, type 3
[0;32mI (89904) NIMBLE_HIDH: notify handle 30 len 16[0m
[0;32mI (89919) NIMBLE_HIDH: notify handle 30 len 16[0m
frame 2300: 42287 us total, 11751 us display, type 3
[0;32mI (89949) NIMBLE_HIDH: notify handle 30 len 16[0m
[0;32mI (89979) NIMBLE_HIDH: notify handle 30 len 16[0m
frame 2301: 41403 us total, 12436 us display, type 3
[0;32mI (90009) NIMBLE_HIDH: notify handle 30 len 16[0m
frame 2302: 40567 us total, 11692 us display, type 3
[0;32mI (90039) NIMBLE_HIDH: notify handle 30 len 16[0m
frame 2303: 40837 us total, 11700 us display, type 3
[0;32mI (90069) NIMBLE_HIDH: notify handle 30 len 16[0m
[0;32mI (90099) NIMBLE_HIDH: notify handle 30 len 16[0m
frame 2304: 41564 us total, 12243 us display, type 3
mem @frame 2304: heap free 66484, largest 40960, min ever 65664, zone free 55016, stack free 14540, uptime 89 s, gamestate 0, demo 0, usergame 1, tic 3049
[0;32mI (90129) NIMBLE_HIDH: notify handle 30 len 16[0m
frame 2305: 41917 us total, 11685 us display, type 3
[0;32mI (90159) NIMBLE_HIDH: notify handle 30 len 16[0m
axes L  -1591  -8438 R    181   -448 level 1
frame 2306: 40848 us total, 11692 us display, type 3
[0;32mI (90189) NIMBLE_HIDH: notify handle 30 len 16[0m
[0;32mI (90219) NIMBLE_HIDH: notify handle 30 len 16[0m
frame 2307: 41703 us total, 12264 us display, type 3
[0;32mI (90249) NIMBLE_HIDH: notify handle 30 len 16[0m
frame 2308: 41180 us total, 11974 us display, type 3
[0;32mI (90279) NIMBLE_HIDH: notify handle 30 len 16[0m
[0;32mI (90309) NIMBLE_HIDH: notify handle 30 len 16[0m
frame 2309: 41460 us total, 12446 us display, type 3
[0;32mI (90339) NIMBLE_HIDH: notify handle 30 len 16[0m
frame 2310: 40549 us total, 11693 us display, type 3
[0;32mI (90369) NIMBLE_HIDH: notify handle 30 len 16[0m
frame 2311: 40772 us total, 11781 us display, type 3
[0;32mI (90399) NIMBLE_HIDH: notify handle 30 len 16[0m
[0;32mI (90429) NIMBLE_HIDH: notify handle 30 len 16[0m
frame 2312: 42176 us total, 12651 us display, type 3
axes L  -1591  -8495 R    181   -448 level 1
[0;32mI (90459) NIMBLE_HIDH: notify handle 30 len 16[0m
frame 2313: 40840 us total, 11692 us display, type 3
[0;32mI (90489) NIMBLE_HIDH: notify handle 30 len 16[0m
frame 2314: 41209 us total, 11697 us display, type 3
[0;32mI (90519) NIMBLE_HIDH: notify handle 30 len 16[0m
[0;32mI (90534) NIMBLE_HIDH: notify handle 30 len 16[0m
frame 2315: 41705 us total, 11717 us display, type 3
[0;32mI (90564) NIMBLE_HIDH: notify handle 30 len 16[0m
[0;32mI (90594) NIMBLE_HIDH: notify handle 30 len 16[0m
frame 2316: 41744 us total, 12265 us display, type 3
[0;32mI (90624) NIMBLE_HIDH: notify handle 30 len 16[0m
frame 2317: 40813 us total, 11946 us display, type 3
[0;32mI (90654) NIMBLE_HIDH: notify handle 30 len 16[0m
frame 2318: 40801 us total, 11699 us display, type 3
[0;32mI (90684) NIMBLE_HIDH: notify handle 30 len 16[0m
axes L  -1591  -8541 R    181   -448 level 1
[0;32mI (90714) NIMBLE_HIDH: notify handle 30 len 16[0m
frame 2319: 41579 us total, 12235 us display, type 3
[0;32mI (90744) NIMBLE_HIDH: notify handle 30 len 16[0m
[0;32mI (90759) NIMBLE_HIDH: notify handle 30 len 16[0m
frame 2320: 41322 us total, 12171 us display, type 3
[0;32mI (90789) NIMBLE_HIDH: notify handle 30 len 16[0m
frame 2321: 41301 us total, 11855 us display, type 3
[0;32mI (90819) NIMBLE_HIDH: notify handle 30 len 16[0m
frame 2322: 40694 us total, 11692 us display, type 3
[0;32mI (90849) NIMBLE_HIDH: notify handle 30 len 16[0m
[0;32mI (90879) NIMBLE_HIDH: notify handle 30 len 16[0m
frame 2323: 41713 us total, 12354 us display, type 3
[0;32mI (90909) NIMBLE_HIDH: notify handle 30 len 16[0m
frame 2324: 40778 us total, 11685 us display, type 3
[0;32mI (90939) NIMBLE_HIDH: notify handle 30 len 16[0m
[0;32mI (90969) NIMBLE_HIDH: notify handle 30 len 16[0m
frame 2325: 41597 us total, 12541 us display, type 3
[0;32mI (90984) NIMBLE_HIDH: notify handle 30 len 16[0m
axes L  -1591  -8642 R    181   -448 level 1
frame 2326: 40874 us total, 11699 us display, type 3
[0;32mI (91014) NIMBLE_HIDH: notify handle 30 len 16[0m
[0;32mI (91044) NIMBLE_HIDH: notify handle 30 len 16[0m
frame 2327: 41749 us total, 12477 us display, type 3
[0;32mI (91074) NIMBLE_HIDH: notify handle 30 len 16[0m
frame 2328: 41336 us total, 11839 us display, type 3
[0;32mI (91104) NIMBLE_HIDH: notify handle 30 len 16[0m
[0;32mI (91134) NIMBLE_HIDH: notify handle 30 len 16[0m
frame 2329: 41385 us total, 12434 us display, type 3
[0;32mI (91164) NIMBLE_HIDH: notify handle 30 len 16[0m
frame 2330: 40756 us total, 11697 us display, type 3
[0;32mI (91194) NIMBLE_HIDH: notify handle 30 len 16[0m
frame 2331: 40662 us total, 11692 us display, type 3
[0;32mI (91224) NIMBLE_HIDH: notify handle 30 len 16[0m
[0;32mI (91239) NIMBLE_HIDH: notify handle 30 len 16[0m
frame 2332: 42191 us total, 11800 us display, type 3
[0;32mI (91269) NIMBLE_HIDH: notify handle 30 len 16[0m
axes L  -1591  -8689 R    181   -448 level 1
[0;32mI (91299) NIMBLE_HIDH: notify handle 30 len 16[0m
frame 2333: 41788 us total, 12424 us display, type 3
[0;32mI (91329) NIMBLE_HIDH: notify handle 30 len 16[0m
frame 2334: 40966 us total, 11692 us display, type 3
[0;32mI (91359) NIMBLE_HIDH: notify handle 30 len 16[0m
frame 2335: 41164 us total, 11700 us display, type 3
[0;32mI (91389) NIMBLE_HIDH: notify handle 30 len 16[0m
[0;32mI (91419) NIMBLE_HIDH: notify handle 30 len 16[0m
frame 2336: 41963 us total, 12235 us display, type 3
[0;32mI (91449) NIMBLE_HIDH: notify handle 30 len 16[0m
frame 2337: 40730 us total, 11686 us display, type 3
[0;32mI (91479) NIMBLE_HIDH: notify handle 30 len 16[0m
frame 2338: 40870 us total, 11691 us display, type 3
[0;32mI (91509) NIMBLE_HIDH: notify handle 30 len 16[0m
[0;32mI (91539) NIMBLE_HIDH: notify handle 30 len 16[0m
frame 2339: 42118 us total, 12551 us display, type 3
axes L  -1591  -8740 R    181   -448 level 1
[0;32mI (91569) NIMBLE_HIDH: notify handle 30 len 16[0m
frame 2340: 41295 us total, 11728 us display, type 3
[0;32mI (91599) NIMBLE_HIDH: notify handle 30 len 16[0m
[0;32mI (91629) NIMBLE_HIDH: notify handle 30 len 16[0m
frame 2341: 41597 us total, 12234 us display, type 3
[0;32mI (91644) NIMBLE_HIDH: notify handle 30 len 16[0m
[0;32mI (91674) NIMBLE_HIDH: notify handle 30 len 16[0m
frame 2342: 41886 us total, 12497 us display, type 3
[0;32mI (91704) NIMBLE_HIDH: notify handle 30 len 16[0m
frame 2343: 40228 us total, 12202 us display, type 3
[0;32mI (91734) NIMBLE_HIDH: notify handle 30 len 16[0m
frame 2344: 40839 us total, 11685 us display, type 3
[0;32mI (91764) NIMBLE_HIDH: notify handle 30 len 16[0m
[0;32mI (91794) NIMBLE_HIDH: notify handle 30 len 16[0m
frame 2345: 41673 us total, 12576 us display, type 3
[0;32mI (91824) NIMBLE_HIDH: notify handle 30 len 16[0m
axes L  -1591  -8785 R    181   -448 level 1
frame 2346: 40662 us total, 11698 us display, type 3
[0;32mI (91854) NIMBLE_HIDH: notify handle 30 len 16[0m
[0;32mI (91869) NIMBLE_HIDH: notify handle 30 len 16[0m
frame 2347: 41140 us total, 12247 us display, type 3
[0;32mI (91899) NIMBLE_HIDH: notify handle 30 len 16[0m
frame 2348: 41108 us total, 11693 us display, type 3
[0;32mI (91929) NIMBLE_HIDH: notify handle 30 len 16[0m
[0;32mI (91959) NIMBLE_HIDH: notify handle 30 len 16[0m
frame 2349: 41642 us total, 12413 us display, type 3
[0;32mI (91989) NIMBLE_HIDH: notify handle 30 len 16[0m
frame 2350: 40689 us total, 11692 us display, type 3
[0;32mI (92019) NIMBLE_HIDH: notify handle 30 len 16[0m
frame 2351: 40436 us total, 11693 us display, type 3
[0;32mI (92049) NIMBLE_HIDH: notify handle 30 len 16[0m
[0;32mI (92079) NIMBLE_HIDH: notify handle 30 len 16[0m
frame 2352: 41500 us total, 12288 us display, type 3
[0;32mI (92109) NIMBLE_HIDH: notify handle 30 len 16[0m
axes L  -1591  -8881 R    181   -448 level 1
frame 2353: 40708 us total, 11784 us display, type 3
[0;32mI (92139) NIMBLE_HIDH: notify handle 30 len 16[0m
frame 2354: 40400 us total, 11685 us display, type 3
[0;32mI (92169) NIMBLE_HIDH: notify handle 30 len 16[0m
[0;32mI (92199) NIMBLE_HIDH: notify handle 30 len 16[0m
frame 2355: 41640 us total, 12267 us display, type 3
[0;32mI (92229) NIMBLE_HIDH: notify handle 30 len 16[0m
frame 2356: 41041 us total, 11937 us display, type 3
[0;32mI (92259) NIMBLE_HIDH: notify handle 30 len 16[0m
[0;32mI (92289) NIMBLE_HIDH: notify handle 30 len 16[0m
frame 2357: 41300 us total, 12480 us display, type 3
[0;32mI (92304) NIMBLE_HIDH: notify handle 30 len 16[0m
frame 2358: 40260 us total, 11999 us display, type 3
[0;32mI (92334) NIMBLE_HIDH: notify handle 30 len 16[0m
[0;32mI (92364) NIMBLE_HIDH: notify handle 30 len 16[0m
frame 2359: 41240 us total, 12194 us display, type 3
[0;32mI (92394) NIMBLE_HIDH: notify handle 30 len 16[0m
axes L  -1591  -8936 R    181   -448 level 1
frame 2360: 40384 us total, 11739 us display, type 3
[0;32mI (92424) NIMBLE_HIDH: notify handle 30 len 16[0m
frame 2361: 39930 us total, 11685 us display, type 3
[0;32mI (92454) NIMBLE_HIDH: notify handle 30 len 16[0m
[0;32mI (92484) NIMBLE_HIDH: notify handle 30 len 16[0m
frame 2362: 41559 us total, 12477 us display, type 3
[0;32mI (92499) NIMBLE_HIDH: notify handle 30 len 16[0m
[0;32mI (92529) NIMBLE_HIDH: notify handle 30 len 16[0m
frame 2363: 41381 us total, 12231 us display, type 3
[0;32mI (92559) NIMBLE_HIDH: notify handle 30 len 16[0m
frame 2364: 40489 us total, 11795 us display, type 3
[0;32mI (92589) NIMBLE_HIDH: notify handle 30 len 16[0m
frame 2365: 40175 us total, 11989 us display, type 3
[0;32mI (92619) NIMBLE_HIDH: notify handle 30 len 16[0m
[0;32mI (92649) NIMBLE_HIDH: notify handle 30 len 16[0m
frame 2366: 41267 us total, 12274 us display, type 3
[0;32mI (92679) NIMBLE_HIDH: notify handle 30 len 16[0m
axes L  -1591  -8977 R    181   -448 level 1
frame 2367: 40197 us total, 11775 us display, type 3
[0;32mI (92709) NIMBLE_HIDH: notify handle 30 len 16[0m
[0;32mI (92724) NIMBLE_HIDH: notify handle 30 len 16[0m
frame 2368: 40649 us total, 11699 us display, type 3
[0;32mI (92754) NIMBLE_HIDH: notify handle 30 len 16[0m
frame 2369: 40224 us total, 11699 us display, type 3
[0;32mI (92784) NIMBLE_HIDH: notify handle 30 len 16[0m
[0;32mI (92814) NIMBLE_HIDH: notify handle 30 len 16[0m
frame 2370: 41183 us total, 12230 us display, type 3
[0;32mI (92844) NIMBLE_HIDH: notify handle 30 len 16[0m
frame 2371: 40193 us total, 11698 us display, type 3
[0;32mI (92874) NIMBLE_HIDH: notify handle 30 len 16[0m
frame 2372: 39707 us total, 11690 us display, type 3
[0;32mI (92904) NIMBLE_HIDH: notify handle 30 len 16[0m
[0;32mI (92934) NIMBLE_HIDH: notify handle 30 len 16[0m
frame 2373: 41146 us total, 12284 us display, type 3
[0;32mI (92964) NIMBLE_HIDH: notify handle 30 len 16[0m
axes L  -1591  -9079 R    181   -448 level 1
frame 2374: 40315 us total, 11787 us display, type 3
[0;32mI (92994) NIMBLE_HIDH: notify handle 30 len 16[0m
frame 2375: 40033 us total, 11978 us display, type 3
[0;32mI (93024) NIMBLE_HIDH: notify handle 30 len 16[0m
[0;32mI (93054) NIMBLE_HIDH: notify handle 30 len 16[0m
frame 2376: 41172 us total, 12200 us display, type 3
[0;32mI (93084) NIMBLE_HIDH: notify handle 30 len 16[0m
frame 2377: 40063 us total, 11692 us display, type 3
[0;32mI (93114) NIMBLE_HIDH: notify handle 30 len 16[0m
frame 2378: 39972 us total, 11699 us display, type 3
[0;32mI (93144) NIMBLE_HIDH: notify handle 30 len 16[0m
[0;32mI (93174) NIMBLE_HIDH: notify handle 30 len 16[0m
frame 2379: 40901 us total, 12428 us display, type 3
[0;32mI (93204) NIMBLE_HIDH: notify handle 30 len 16[0m
frame 2380: 39903 us total, 11692 us display, type 3
axes L  -1591  -9129 R    181   -448 level 1
[0;32mI (93249) NIMBLE_HIDH: notify handle 30 len 16[0m
frame 2381: 40207 us total, 11692 us display, type 3
[0;32mI (93264) NIMBLE_HIDH: notify handle 30 len 16[0m
[0;32mI (93294) NIMBLE_HIDH: notify handle 30 len 16[0m
frame 2382: 40801 us total, 12531 us display, type 3
[0;32mI (93309) NIMBLE_HIDH: notify handle 30 len 16[0m
[0;32mI (93339) NIMBLE_HIDH: notify handle 30 len 16[0m
frame 2383: 41280 us total, 12623 us display, type 3
[0;32mI (93369) NIMBLE_HIDH: notify handle 30 len 16[0m
frame 2384: 39994 us total, 11692 us display, type 3
[0;32mI (93399) NIMBLE_HIDH: notify handle 30 len 16[0m
frame 2385: 39705 us total, 11861 us display, type 3
[0;32mI (93429) NIMBLE_HIDH: notify handle 30 len 16[0m
[0;32mI (93459) NIMBLE_HIDH: notify handle 30 len 16[0m
frame 2386: 41235 us total, 12527 us display, type 3
[0;32mI (93489) NIMBLE_HIDH: notify handle 30 len 16[0m
[0;32mI (93504) NIMBLE_HIDH: notify handle 30 len 16[0m
frame 2387: 40411 us total, 12458 us display, type 3
axes L  -1591  -9226 R    181   -448 level 1
[0;32mI (93534) NIMBLE_HIDH: notify handle 30 len 16[0m
frame 2388: 39494 us total, 12298 us display, type 3
[0;32mI (93564) NIMBLE_HIDH: notify handle 30 len 16[0m
frame 2389: 39536 us total, 11686 us display, type 3
[0;32mI (93594) NIMBLE_HIDH: notify handle 30 len 16[0m
[0;32mI (93624) NIMBLE_HIDH: notify handle 30 len 16[0m
frame 2390: 40216 us total, 12144 us display, type 3
[0;32mI (93654) NIMBLE_HIDH: notify handle 30 len 16[0m
frame 2391: 39419 us total, 12276 us display, type 3
[0;32mI (93684) NIMBLE_HIDH: notify handle 30 len 16[0m
[0;32mI (93699) NIMBLE_HIDH: notify handle 30 len 16[0m
frame 2392: 40334 us total, 12195 us display, type 3
[0;32mI (93729) NIMBLE_HIDH: notify handle 30 len 16[0m
frame 2393: 39505 us total, 11692 us display, type 3
[0;32mI (93759) NIMBLE_HIDH: notify handle 30 len 16[0m
axes L  -1591  -9276 R    181   -448 level 1
frame 2394: 39137 us total, 11698 us display, type 3
[0;32mI (93789) NIMBLE_HIDH: notify handle 30 len 16[0m
[0;32mI (93819) NIMBLE_HIDH: notify handle 30 len 16[0m
frame 2395: 40053 us total, 12156 us display, type 3
[0;32mI (93849) NIMBLE_HIDH: notify handle 30 len 16[0m
frame 2396: 39471 us total, 11685 us display, type 3
[0;32mI (93879) NIMBLE_HIDH: notify handle 30 len 16[0m
[0;32mI (93894) NIMBLE_HIDH: notify handle 30 len 16[0m
frame 2397: 39562 us total, 12251 us display, type 3
[0;32mI (93924) NIMBLE_HIDH: notify handle 30 len 16[0m
frame 2398: 39478 us total, 11685 us display, type 3
[0;32mI (93954) NIMBLE_HIDH: notify handle 30 len 16[0m
frame 2399: 38747 us total, 11685 us display, type 3
[0;32mI (93984) NIMBLE_HIDH: notify handle 30 len 16[0m
[0;32mI (94014) NIMBLE_HIDH: notify handle 30 len 16[0m
frame 2400: 39610 us total, 12343 us display, type 3
[0;32mI (94044) NIMBLE_HIDH: notify handle 30 len 16[0m
axes L  -1591  -9322 R    181   -448 level 1
frame 2401: 39029 us total, 11692 us display, type 3
[0;32mI (94074) NIMBLE_HIDH: notify handle 30 len 16[0m
frame 2402: 38837 us total, 11929 us display, type 3
[0;32mI (94104) NIMBLE_HIDH: notify handle 30 len 16[0m
[0;32mI (94134) NIMBLE_HIDH: notify handle 30 len 16[0m
frame 2403: 39340 us total, 12150 us display, type 3
[0;32mI (94164) NIMBLE_HIDH: notify handle 30 len 16[0m
frame 2404: 37967 us total, 12290 us display, type 3
[0;32mI (94194) NIMBLE_HIDH: notify handle 30 len 16[0m
frame 2405: 38514 us total, 11686 us display, type 3
[0;32mI (94224) NIMBLE_HIDH: notify handle 30 len 16[0m
frame 2406: 39257 us total, 11692 us display, type 3
[0;32mI (94254) NIMBLE_HIDH: notify handle 30 len 16[0m
[0;32mI (94269) NIMBLE_HIDH: notify handle 30 len 16[0m
frame 2407: 39377 us total, 11686 us display, type 3
[0;32mI (94299) NIMBLE_HIDH: notify handle 30 len 16[0m
axes L  -1591  -9418 R    181   -448 level 1
[0;32mI (94329) NIMBLE_HIDH: notify handle 30 len 16[0m
frame 2408: 39635 us total, 12409 us display, type 3
[0;32mI (94359) NIMBLE_HIDH: notify handle 30 len 16[0m
frame 2409: 38051 us total, 12294 us display, type 3
[0;32mI (94389) NIMBLE_HIDH: notify handle 30 len 16[0m
frame 2410: 38701 us total, 11692 us display, type 3
[0;32mI (94419) NIMBLE_HIDH: notify handle 30 len 16[0m
frame 2411: 38536 us total, 11692 us display, type 3
[0;32mI (94449) NIMBLE_HIDH: notify handle 30 len 16[0m
[0;32mI (94464) NIMBLE_HIDH: notify handle 30 len 16[0m
frame 2412: 39704 us total, 11766 us display, type 3
[0;32mI (94494) NIMBLE_HIDH: notify handle 30 len 16[0m
[0;32mI (94524) NIMBLE_HIDH: notify handle 30 len 16[0m
frame 2413: 39353 us total, 12420 us display, type 3
[0;32mI (94554) NIMBLE_HIDH: notify handle 30 len 16[0m
frame 2414: 36993 us total, 12297 us display, type 3
axes L  -1591  -9473 R    181   -448 level 1
[0;32mI (94584) NIMBLE_HIDH: notify handle 30 len 16[0m
frame 2415: 38223 us total, 11692 us display, type 3
[0;32mI (94614) NIMBLE_HIDH: notify handle 30 len 16[0m
frame 2416: 37511 us total, 11692 us display, type 3
[0;32mI (94644) NIMBLE_HIDH: notify handle 30 len 16[0m
[0;32mI (94674) NIMBLE_HIDH: notify handle 30 len 16[0m
frame 2417: 38570 us total, 12246 us display, type 3
[0;32mI (94704) NIMBLE_HIDH: notify handle 30 len 16[0m
frame 2418: 36481 us total, 12294 us display, type 3
[0;32mI (94734) NIMBLE_HIDH: notify handle 30 len 16[0m
frame 2419: 37240 us total, 11841 us display, type 3
[0;32mI (94764) NIMBLE_HIDH: notify handle 30 len 16[0m
frame 2420: 37474 us total, 11975 us display, type 3
[0;32mI (94794) NIMBLE_HIDH: notify handle 30 len 16[0m
[0;32mI (94809) NIMBLE_HIDH: notify handle 30 len 16[0m
frame 2421: 36255 us total, 11791 us display, type 3
[0;32mI (94839) NIMBLE_HIDH: notify handle 30 len 16[0m
axes L  -1591  -9569 R    181   -448 level 1
frame 2422: 34214 us total, 11685 us display, type 3
[0;32mI (94869) NIMBLE_HIDH: notify handle 30 len 16[0m
frame 2423: 33811 us total, 11699 us display, type 3
[0;32mI (94899) NIMBLE_HIDH: notify handle 30 len 16[0m
frame 2424: 34546 us total, 11685 us display, type 3
[0;32mI (94929) NIMBLE_HIDH: notify handle 30 len 16[0m
[0;32mI (94959) NIMBLE_HIDH: notify handle 30 len 16[0m
frame 2425: 35511 us total, 12150 us display, type 3
[0;32mI (94989) NIMBLE_HIDH: notify handle 30 len 16[0m
frame 2426: 34190 us total, 12278 us display, type 3
[0;32mI (95019) NIMBLE_HIDH: notify handle 30 len 16[0m
frame 2427: 34226 us total, 11685 us display, type 3
[0;32mI (95049) NIMBLE_HIDH: notify handle 30 len 16[0m
frame 2428: 34448 us total, 11699 us display, type 3
[0;32mI (95079) NIMBLE_HIDH: notify handle 30 len 16[0m
frame 2429: 34950 us total, 11754 us display, type 3
axes L  -1591  -9616 R    181   -448 level 1
[0;32mI (95109) NIMBLE_HIDH: notify handle 30 len 16[0m
frame 2430: 35135 us total, 11693 us display, type 3
[0;32mI (95139) NIMBLE_HIDH: notify handle 30 len 16[0m
[0;32mI (95169) NIMBLE_HIDH: notify handle 30 len 16[0m
frame 2431: 35737 us total, 12414 us display, type 3
[0;32mI (95184) NIMBLE_HIDH: notify handle 30 len 16[0m
frame 2432: 34168 us total, 11761 us display, type 3
[0;32mI (95214) NIMBLE_HIDH: notify handle 30 len 16[0m
frame 2433: 34464 us total, 11686 us display, type 3
[0;32mI (95244) NIMBLE_HIDH: notify handle 30 len 16[0m
[0;32mI (95274) NIMBLE_HIDH: notify handle 30 len 16[0m
frame 2434: 36038 us total, 12425 us display, type 3
[0;32mI (95304) NIMBLE_HIDH: notify handle 30 len 16[0m
frame 2435: 34480 us total, 12329 us display, type 3
[0;32mI (95334) NIMBLE_HIDH: notify handle 30 len 16[0m
frame 2436: 34029 us total, 12296 us display, type 3
[0;32mI (95364) NIMBLE_HIDH: notify handle 30 len 16[0m
axes L  -1591  -9666 R    181   -448 level 1
[0;32mI (95379) NIMBLE_HIDH: notify handle 30 len 16[0m
frame 2437: 36091 us total, 12524 us display, type 3
[0;32mI (95409) NIMBLE_HIDH: notify handle 30 len 16[0m
frame 2438: 34844 us total, 12588 us display, type 3
[0;32mI (95439) NIMBLE_HIDH: notify handle 30 len 16[0m
frame 2439: 34967 us total, 12768 us display, type 3
[0;32mI (95469) NIMBLE_HIDH: notify handle 30 len 16[0m
frame 2440: 35035 us total, 11692 us display, type 3
[0;32mI (95499) NIMBLE_HIDH: notify handle 30 len 16[0m
frame 2441: 34445 us total, 11685 us display, type 3
[0;32mI (95529) NIMBLE_HIDH: notify handle 30 len 16[0m
frame 2442: 35294 us total, 11685 us display, type 3
[0;32mI (95559) NIMBLE_HIDH: notify handle 30 len 16[0m
[0;32mI (95574) NIMBLE_HIDH: notify handle 30 len 16[0m
frame 2443: 36551 us total, 11915 us display, type 3
[0;32mI (95604) NIMBLE_HIDH: notify handle 30 len 16[0m
frame 2444: 34877 us total, 11692 us display, type 3
[0;32mI (95634) NIMBLE_HIDH: notify handle 30 len 16[0m
axes L  -1591  -9763 R    181   -448 level 1
frame 2445: 35862 us total, 11693 us display, type 3
[0;32mI (95664) NIMBLE_HIDH: notify handle 30 len 16[0m
[0;32mI (95694) NIMBLE_HIDH: notify handle 30 len 16[0m
frame 2446: 36114 us total, 12303 us display, type 3
[0;32mI (95724) NIMBLE_HIDH: notify handle 30 len 16[0m
frame 2447: 34821 us total, 12295 us display, type 3
[0;32mI (95754) NIMBLE_HIDH: notify handle 30 len 16[0m
frame 2448: 35960 us total, 11793 us display, type 3
[0;32mI (95784) NIMBLE_HIDH: notify handle 30 len 16[0m
frame 2449: 35211 us total, 11740 us display, type 3
[0;32mI (95814) NIMBLE_HIDH: notify handle 30 len 16[0m
frame 2450: 35168 us total, 12001 us display, type 3
[0;32mI (95844) NIMBLE_HIDH: notify handle 30 len 16[0m
[0;32mI (95874) NIMBLE_HIDH: notify handle 30 len 16[0m
frame 2451: 35300 us total, 12532 us display, type 3
[0;32mI (95904) NIMBLE_HIDH: notify handle 30 len 16[0m
frame 2452: 33008 us total, 12245 us display, type 3
axes L  -1591  -9812 R    181   -448 level 1
[0;32mI (95934) NIMBLE_HIDH: notify handle 30 len 16[0m
frame 2453: 34303 us total, 12355 us display, type 3
[0;32mI (95949) NIMBLE_HIDH: notify handle 30 len 16[0m
frame 2454: 34062 us total, 11693 us display, type 3
[0;32mI (95979) NIMBLE_HIDH: notify handle 30 len 16[0m
[0;32mI (96009) NIMBLE_HIDH: notify handle 30 len 16[0m
frame 2455: 34910 us total, 12378 us display, type 3
[0;32mI (96039) NIMBLE_HIDH: notify handle 30 len 16[0m
frame 2456: 34096 us total, 12546 us display, type 3
[0;32mI (96069) NIMBLE_HIDH: notify handle 30 len 16[0m
frame 2457: 33776 us total, 12599 us display, type 3
[0;32mI (96099) NIMBLE_HIDH: notify handle 30 len 16[0m
frame 2458: 34474 us total, 11692 us display, type 3
[0;32mI (96129) NIMBLE_HIDH: notify handle 30 len 16[0m
frame 2459: 34165 us total, 11686 us display, type 3
[0;32mI (96159) NIMBLE_HIDH: notify handle 30 len 16[0m
axes L  -1591  -9910 R    181   -448 level 1
frame 2460: 34137 us total, 11685 us display, type 3
[0;32mI (96189) NIMBLE_HIDH: notify handle 30 len 16[0m
frame 2461: 34073 us total, 11685 us display, type 3
[0;32mI (96219) NIMBLE_HIDH: notify handle 30 len 16[0m
[0;32mI (96249) NIMBLE_HIDH: notify handle 30 len 16[0m
frame 2462: 35622 us total, 12311 us display, type 3
[0;32mI (96279) NIMBLE_HIDH: notify handle 30 len 16[0m
frame 2463: 33922 us total, 12286 us display, type 3
[0;32mI (96309) NIMBLE_HIDH: notify handle 30 len 16[0m
frame 2464: 33602 us total, 12449 us display, type 3
[0;32mI (96339) NIMBLE_HIDH: notify handle 30 len 16[0m
frame 2465: 33901 us total, 11942 us display, type 3
[0;32mI (96369) NIMBLE_HIDH: notify handle 30 len 16[0m
[0;32mI (96384) NIMBLE_HIDH: notify handle 30 len 16[0m
frame 2466: 33993 us total, 12109 us display, type 3
[0;32mI (96414) NIMBLE_HIDH: notify handle 30 len 16[0m
frame 2467: 33368 us total, 12462 us display, type 3
axes L  -1591  -9965 R    181   -448 level 1
[0;32mI (96444) NIMBLE_HIDH: notify handle 30 len 16[0m
frame 2468: 33978 us total, 12296 us display, type 3
[0;32mI (96474) NIMBLE_HIDH: notify handle 30 len 16[0m
frame 2469: 34571 us total, 11923 us display, type 3
[0;32mI (96504) NIMBLE_HIDH: notify handle 30 len 16[0m
frame 2470: 34025 us total, 11692 us display, type 3
[0;32mI (96534) NIMBLE_HIDH: notify handle 30 len 16[0m
frame 2471: 34024 us total, 11685 us display, type 3
[0;32mI (96564) NIMBLE_HIDH: notify handle 30 len 16[0m
[0;32mI (96579) NIMBLE_HIDH: notify handle 30 len 16[0m
frame 2472: 34962 us total, 11693 us display, type 3
[0;32mI (96609) NIMBLE_HIDH: notify handle 30 len 16[0m
frame 2473: 34724 us total, 11773 us display, type 3
[0;32mI (96639) NIMBLE_HIDH: notify handle 30 len 16[0m
frame 2474: 33772 us total, 11768 us display, type 3
[0;32mI (96669) NIMBLE_HIDH: notify handle 30 len 16[0m
axes L  -1591 -10006 R    181   -448 level 1
frame 2475: 34639 us total, 11686 us display, type 3
[0;32mI (96699) NIMBLE_HIDH: notify handle 30 len 16[0m
[0;32mI (96729) NIMBLE_HIDH: notify handle 30 len 16[0m
frame 2476: 35636 us total, 12559 us display, type 3
[0;32mI (96759) NIMBLE_HIDH: notify handle 30 len 16[0m
frame 2477: 33709 us total, 12175 us display, type 3
[0;32mI (96789) NIMBLE_HIDH: notify handle 30 len 16[0m
frame 2478: 34123 us total, 12292 us display, type 3
[0;32mI (96819) NIMBLE_HIDH: notify handle 30 len 16[0m
[0;32mI (96834) NIMBLE_HIDH: notify handle 30 len 16[0m
frame 2479: 35392 us total, 12712 us display, type 3
[0;32mI (96864) NIMBLE_HIDH: notify handle 30 len 16[0m
frame 2480: 33631 us total, 12339 us display, type 3
[0;32mI (96894) NIMBLE_HIDH: notify handle 30 len 16[0m
frame 2481: 33687 us total, 12417 us display, type 3
[0;32mI (96924) NIMBLE_HIDH: notify handle 30 len 16[0m
frame 2482: 33965 us total, 12706 us display, type 3
axes L  -1591 -10066 R    181   -448 level 1
[0;32mI (96954) NIMBLE_HIDH: notify handle 30 len 16[0m
[0;32mI (96969) NIMBLE_HIDH: notify handle 30 len 16[0m
frame 2483: 35430 us total, 12421 us display, type 3
[0;32mI (96999) NIMBLE_HIDH: notify handle 30 len 16[0m
frame 2484: 33193 us total, 12256 us display, type 3
[0;32mI (97029) NIMBLE_HIDH: notify handle 30 len 16[0m
frame 2485: 33514 us total, 12250 us display, type 3
[0;32mI (97059) NIMBLE_HIDH: notify handle 30 len 16[0m
frame 2486: 33831 us total, 11692 us display, type 3
[0;32mI (97089) NIMBLE_HIDH: notify handle 30 len 16[0m
frame 2487: 35179 us total, 11692 us display, type 3
[0;32mI (97119) NIMBLE_HIDH: notify handle 30 len 16[0m
frame 2488: 34039 us total, 11789 us display, type 3
[0;32mI (97149) NIMBLE_HIDH: notify handle 30 len 16[0m
frame 2489: 34118 us total, 11963 us display, type 3
[0;32mI (97179) NIMBLE_HIDH: notify handle 30 len 16[0m
axes L  -1591 -10104 R    181   -448 level 1
[0;32mI (97209) NIMBLE_HIDH: notify handle 30 len 16[0m
frame 2490: 35454 us total, 12515 us display, type 3
[0;32mI (97224) NIMBLE_HIDH: notify handle 30 len 16[0m
frame 2491: 33848 us total, 11685 us display, type 3
[0;32mI (97254) NIMBLE_HIDH: notify handle 30 len 16[0m
frame 2492: 33989 us total, 11685 us display, type 3
[0;32mI (97299) NIMBLE_HIDH: notify handle 30 len 16[0m
frame 2493: 34336 us total, 11692 us display, type 3
[0;32mI (97314) NIMBLE_HIDH: notify handle 30 len 16[0m
[0;32mI (97344) NIMBLE_HIDH: notify handle 30 len 16[0m
frame 2494: 34649 us total, 12192 us display, type 3
[0;32mI (97374) NIMBLE_HIDH: notify handle 30 len 16[0m
frame 2495: 34498 us total, 12523 us display, type 3
[0;32mI (97404) NIMBLE_HIDH: notify handle 30 len 16[0m
frame 2496: 33995 us total, 12720 us display, type 3
[0;32mI (97419) NIMBLE_HIDH: notify handle 30 len 16[0m
[0;32mI (97449) NIMBLE_HIDH: notify handle 30 len 16[0m
frame 2497: 35193 us total, 12533 us display, type 3
axes L  -1591 -10201 R    181   -448 level 1
[0;32mI (97479) NIMBLE_HIDH: notify handle 30 len 16[0m
frame 2498: 33943 us total, 12367 us display, type 3
frame 2499: 32864 us total, 11694 us display, type 3
[0;32mI (97524) NIMBLE_HIDH: notify handle 30 len 16[0m
[0;32mI (97539) NIMBLE_HIDH: notify handle 30 len 16[0m
frame 2500: 34677 us total, 11685 us display, type 3
[0;32mI (97569) NIMBLE_HIDH: notify handle 30 len 16[0m
frame 2501: 34116 us total, 11686 us display, type 3
[0;32mI (97599) NIMBLE_HIDH: notify handle 30 len 16[0m
frame 2502: 33352 us total, 11901 us display, type 3
[0;32mI (97629) NIMBLE_HIDH: notify handle 30 len 16[0m
frame 2503: 34025 us total, 11692 us display, type 3
[0;32mI (97659) NIMBLE_HIDH: notify handle 30 len 16[0m
frame 2504: 33566 us total, 11690 us display, type 3
[0;32mI (97689) NIMBLE_HIDH: notify handle 30 len 16[0m
axes L  -1591 -10201 R    181   -448 level 1
[0;32mI (97719) NIMBLE_HIDH: notify handle 30 len 16[0m
frame 2505: 34260 us total, 12366 us display, type 3
[0;32mI (97749) NIMBLE_HIDH: notify handle 30 len 16[0m
frame 2506: 33116 us total, 12444 us display, type 3
[0;32mI (97779) NIMBLE_HIDH: notify handle 30 len 16[0m
frame 2507: 32936 us total, 12216 us display, type 3
[0;32mI (97809) NIMBLE_HIDH: notify handle 30 len 16[0m
frame 2508: 33318 us total, 11699 us display, type 3
[0;32mI (97854) NIMBLE_HIDH: notify handle 30 len 16[0m
frame 2509: 33220 us total, 12122 us display, type 3
[0;32mI (97869) NIMBLE_HIDH: notify handle 30 len 16[0m
frame 2510: 33034 us total, 11689 us display, type 3
[0;32mI (97899) NIMBLE_HIDH: notify handle 30 len 16[0m
frame 2511: 33481 us total, 11813 us display, type 3
[0;32mI (97929) NIMBLE_HIDH: notify handle 30 len 16[0m
frame 2512: 33987 us total, 11933 us display, type 3
[0;32mI (97959) NIMBLE_HIDH: notify handle 30 len 16[0m
[0;32mI (97989) NIMBLE_HIDH: notify handle 30 len 16[0m
frame 2513: 34471 us total, 12365 us display, type 3
axes L  -1591 -10299 R    181   -448 level 1
[0;32mI (98019) NIMBLE_HIDH: notify handle 30 len 16[0m
frame 2514: 32853 us total, 12165 us display, type 3
[0;32mI (98049) NIMBLE_HIDH: notify handle 30 len 16[0m
frame 2515: 32893 us total, 12212 us display, type 3
[0;32mI (98079) NIMBLE_HIDH: notify handle 30 len 16[0m
frame 2516: 32859 us total, 12246 us display, type 3
[0;32mI (98109) NIMBLE_HIDH: notify handle 30 len 16[0m
frame 2517: 33303 us total, 11685 us display, type 3
[0;32mI (98139) NIMBLE_HIDH: notify handle 30 len 16[0m
frame 2518: 33416 us total, 11735 us display, type 3
[0;32mI (98169) NIMBLE_HIDH: notify handle 30 len 16[0m
frame 2519: 33375 us total, 11721 us display, type 3
[0;32mI (98199) NIMBLE_HIDH: notify handle 30 len 16[0m
frame 2520: 33748 us total, 11742 us display, type 3
[0;32mI (98229) NIMBLE_HIDH: notify handle 30 len 16[0m
axes L  -1591 -10360 R    181   -448 level 1
frame 2521: 33699 us total, 11692 us display, type 3
[0;32mI (98259) NIMBLE_HIDH: notify handle 30 len 16[0m
[0;32mI (98289) NIMBLE_HIDH: notify handle 30 len 16[0m
frame 2522: 33874 us total, 12087 us display, type 3
[0;32mI (98319) NIMBLE_HIDH: notify handle 30 len 16[0m
frame 2523: 32723 us total, 12276 us display, type 3
[0;32mI (98349) NIMBLE_HIDH: notify handle 30 len 16[0m
frame 2524: 32797 us total, 12440 us display, type 3
[0;32mI (98364) NIMBLE_HIDH: notify handle 30 len 16[0m
frame 2525: 33008 us total, 11692 us display, type 3
[0;32mI (98394) NIMBLE_HIDH: notify handle 30 len 16[0m
frame 2526: 33051 us total, 11692 us display, type 3
[0;32mI (98424) NIMBLE_HIDH: notify handle 30 len 16[0m
[0;32mI (98454) NIMBLE_HIDH: notify handle 30 len 16[0m
frame 2527: 34341 us total, 12529 us display, type 3
[0;32mI (98484) NIMBLE_HIDH: notify handle 30 len 16[0m
frame 2528: 32745 us total, 12365 us display, type 3
axes L  -1591 -10395 R    181   -448 level 1
frame 2529: 32773 us total, 11768 us display, type 3
[0;32mI (98529) NIMBLE_HIDH: notify handle 30 len 16[0m
[0;32mI (98544) NIMBLE_HIDH: notify handle 30 len 16[0m
frame 2530: 33237 us total, 12224 us display, type 3
[0;32mI (98574) NIMBLE_HIDH: notify handle 30 len 16[0m
frame 2531: 32797 us total, 11692 us display, type 3
[0;32mI (98604) NIMBLE_HIDH: notify handle 30 len 16[0m
frame 2532: 32964 us total, 11725 us display, type 3
[0;32mI (98634) NIMBLE_HIDH: notify handle 30 len 16[0m
frame 2533: 32436 us total, 11685 us display, type 3
[0;32mI (98664) NIMBLE_HIDH: notify handle 30 len 16[0m
frame 2534: 32720 us total, 11905 us display, type 3
[0;32mI (98694) NIMBLE_HIDH: notify handle 30 len 16[0m
frame 2535: 32422 us total, 11685 us display, type 3
[0;32mI (98724) NIMBLE_HIDH: notify handle 30 len 16[0m
frame 2536: 32624 us total, 11967 us display, type 3
[0;32mI (98754) NIMBLE_HIDH: notify handle 30 len 16[0m
frame 2537: 33080 us total, 11692 us display, type 3
axes L  -1591 -10456 R    181   -448 level 1
[0;32mI (98784) NIMBLE_HIDH: notify handle 30 len 16[0m
[0;32mI (98814) NIMBLE_HIDH: notify handle 30 len 16[0m
frame 2538: 33991 us total, 12351 us display, type 3
[0;32mI (98844) NIMBLE_HIDH: notify handle 30 len 16[0m
frame 2539: 31873 us total, 12219 us display, type 3
[0;32mI (98874) NIMBLE_HIDH: notify handle 30 len 16[0m
frame 2540: 31877 us total, 12182 us display, type 3
[0;32mI (98889) NIMBLE_HIDH: notify handle 30 len 16[0m
frame 2541: 32183 us total, 11696 us display, type 3
[0;32mI (98919) NIMBLE_HIDH: notify handle 30 len 16[0m
frame 2542: 32167 us total, 11685 us display, type 3
[0;32mI (98949) NIMBLE_HIDH: notify handle 30 len 16[0m
frame 2543: 32385 us total, 11686 us display, type 3
[0;32mI (98979) NIMBLE_HIDH: notify handle 30 len 16[0m
[0;32mI (99009) NIMBLE_HIDH: notify handle 30 len 16[0m
frame 2544: 32795 us total, 12469 us display, type 3
[0;32mI (99039) NIMBLE_HIDH: notify handle 30 len 16[0m
frame 2545: 31726 us total, 12506 us display, type 3
axes L  -1591 -10491 R    181   -448 level 1
[0;32mI (99069) NIMBLE_HIDH: notify handle 30 len 16[0m
frame 2546: 32297 us total, 12190 us display, type 3
[0;32mI (99099) NIMBLE_HIDH: notify handle 30 len 16[0m
frame 2547: 31442 us total, 12277 us display, type 3
[0;32mI (99129) NIMBLE_HIDH: notify handle 30 len 16[0m
frame 2548: 31260 us total, 12205 us display, type 3
[0;32mI (99159) NIMBLE_HIDH: notify handle 30 len 16[0m
frame 2549: 31576 us total, 12202 us display, type 3
[0;32mI (99189) NIMBLE_HIDH: notify handle 30 len 16[0m
frame 2550: 31292 us total, 12254 us display, type 3
[0;32mI (99204) NIMBLE_HIDH: notify handle 30 len 16[0m
frame 2551: 31951 us total, 11692 us display, type 3
[0;32mI (99234) NIMBLE_HIDH: notify handle 30 len 16[0m
[0;32mI (99264) NIMBLE_HIDH: notify handle 30 len 16[0m
frame 2552: 32476 us total, 12049 us display, type 3
[0;32mI (99294) NIMBLE_HIDH: notify handle 30 len 16[0m
frame 2553: 31609 us total, 12516 us display, type 3
axes L  -1591 -10553 R    181   -448 level 1
[0;32mI (99324) NIMBLE_HIDH: notify handle 30 len 16[0m
frame 2554: 31520 us total, 12177 us display, type 3
[0;32mI (99354) NIMBLE_HIDH: notify handle 30 len 16[0m
frame 2555: 32386 us total, 12557 us display, type 3
[0;32mI (99384) NIMBLE_HIDH: notify handle 30 len 16[0m
frame 2556: 31219 us total, 12206 us display, type 3
[0;32mI (99414) NIMBLE_HIDH: notify handle 30 len 16[0m
frame 2557: 31007 us total, 12193 us display, type 3
[0;32mI (99429) NIMBLE_HIDH: notify handle 30 len 16[0m
frame 2558: 31553 us total, 11727 us display, type 3
[0;32mI (99459) NIMBLE_HIDH: notify handle 30 len 16[0m
frame 2559: 31497 us total, 11692 us display, type 3
[0;32mI (99489) NIMBLE_HIDH: notify handle 30 len 16[0m
frame 2560: 31730 us total, 11693 us display, type 3
mem @frame 2560: heap free 66484, largest 40960, min ever 65664, zone free 55016, stack free 14540, uptime 99 s, gamestate 0, demo 0, usergame 1, tic 3379
[0;32mI (99519) NIMBLE_HIDH: notify handle 30 len 16[0m
[0;32mI (99549) NIMBLE_HIDH: notify handle 30 len 16[0m
frame 2561: 33401 us total, 12545 us display, type 3
axes L  -1591 -10587 R    181   -448 level 1
[0;32mI (99579) NIMBLE_HIDH: notify handle 30 len 16[0m
frame 2562: 30885 us total, 12381 us display, type 3
[0;32mI (99609) NIMBLE_HIDH: notify handle 30 len 16[0m
frame 2563: 30909 us total, 12548 us display, type 3
[0;32mI (99639) NIMBLE_HIDH: notify handle 30 len 16[0m
frame 2564: 31157 us total, 12181 us display, type 3
[0;32mI (99669) NIMBLE_HIDH: notify handle 30 len 16[0m
frame 2565: 30709 us total, 12466 us display, type 3
frame 2566: 29929 us total, 11816 us display, type 3
[0;32mI (99714) NIMBLE_HIDH: notify handle 30 len 16[0m
[0;32mI (99729) NIMBLE_HIDH: notify handle 30 len 16[0m
frame 2567: 31002 us total, 12087 us display, type 3
[0;32mI (99759) NIMBLE_HIDH: notify handle 30 len 16[0m
frame 2568: 30185 us total, 12181 us display, type 3
[0;32mI (99789) NIMBLE_HIDH: notify handle 30 len 16[0m
frame 2569: 30303 us total, 12220 us display, type 3
[0;32mI (99819) NIMBLE_HIDH: notify handle 30 len 16[0m
frame 2570: 30456 us total, 12535 us display, type 3
axes L  -1591 -10649 R    181   -448 level 1
[0;32mI (99849) NIMBLE_HIDH: notify handle 30 len 16[0m
frame 2571: 30245 us total, 12214 us display, type 3
[0;32mI (99879) NIMBLE_HIDH: notify handle 30 len 16[0m
frame 2572: 30005 us total, 12222 us display, type 3
[0;32mI (99909) NIMBLE_HIDH: notify handle 30 len 16[0m
frame 2573: 30088 us total, 12225 us display, type 3
[0;32mI (99939) NIMBLE_HIDH: notify handle 30 len 16[0m
frame 2574: 30585 us total, 12551 us display, type 3
[0;32mI (99969) NIMBLE_HIDH: notify handle 30 len 16[0m
frame 2575: 30015 us total, 12530 us display, type 3
[0;32mI (99984) NIMBLE_HIDH: notify handle 30 len 16[0m
frame 2576: 30056 us total, 11961 us display, type 3
[0;32mI (100014) NIMBLE_HIDH: notify handle 30 len 16[0m
frame 2577: 29696 us total, 11692 us display, type 3
[0;32mI (100044) NIMBLE_HIDH: notify handle 30 len 16[0m
frame 2578: 29356 us total, 11794 us display, type 3
[0;32mI (100074) NIMBLE_HIDH: notify handle 30 len 16[0m
frame 2579: 29191 us total, 11699 us display, type 3
axes L  -1591 -10683 R    181   -448 level 1
[0;32mI (100104) NIMBLE_HIDH: notify handle 30 len 16[0m
frame 2580: 29276 us total, 11685 us display, type 3
[0;32mI (100134) NIMBLE_HIDH: notify handle 30 len 16[0m
frame 2581: 28949 us total, 11692 us display, type 3
[0;32mI (100164) NIMBLE_HIDH: notify handle 30 len 16[0m
frame 2582: 28824 us total, 11721 us display, type 3
[0;32mI (100194) NIMBLE_HIDH: notify handle 30 len 16[0m
frame 2583: 29072 us total, 11820 us display, type 3
[0;32mI (100224) NIMBLE_HIDH: notify handle 30 len 16[0m
frame 2584: 29126 us total, 11685 us display, type 3
[0;32mI (100254) NIMBLE_HIDH: notify handle 30 len 16[0m
frame 2585: 28515 us total, 11693 us display, type 3
[0;32mI (100284) NIMBLE_HIDH: notify handle 30 len 16[0m
frame 2586: 28155 us total, 11690 us display, type 3
[0;32mI (100314) NIMBLE_HIDH: notify handle 30 len 16[0m
frame 2587: 28916 us total, 12784 us display, type 3
[0;32mI (100344) NIMBLE_HIDH: notify handle 30 len 16[0m
frame 2588: 27846 us total, 12663 us display, type 3
axes L  -1591 -10683 R    181   -448 level 1
[0;32mI (100359) NIMBLE_HIDH: notify handle 30 len 16[0m
frame 2589: 29275 us total, 11692 us display, type 3
[0;32mI (100389) NIMBLE_HIDH: notify handle 30 len 16[0m
frame 2590: 26361 us total, 11685 us display, type 3
[0;32mI (100419) NIMBLE_HIDH: notify handle 30 len 16[0m
frame 2591: 29791 us total, 11685 us display, type 3
[0;32mI (100449) NIMBLE_HIDH: notify handle 30 len 16[0m
frame 2592: 29174 us total, 11685 us display, type 3
[0;32mI (100479) NIMBLE_HIDH: notify handle 30 len 16[0m
frame 2593: 28329 us total, 11692 us display, type 3
[0;32mI (100509) NIMBLE_HIDH: notify handle 30 len 16[0m
frame 2594: 28574 us total, 11717 us display, type 3
[0;32mI (100539) NIMBLE_HIDH: notify handle 30 len 16[0m
frame 2595: 27865 us total, 11693 us display, type 3
[0;32mI (100569) NIMBLE_HIDH: notify handle 30 len 16[0m
frame 2596: 29002 us total, 11692 us display, type 3
[0;32mI (100584) NIMBLE_HIDH: notify handle 30 len 16[0m
frame 2597: 28069 us total, 12057 us display, type 3
axes L  -1591 -10783 R    181   -448 level 1
[0;32mI (100614) NIMBLE_HIDH: notify handle 30 len 16[0m
frame 2598: 29043 us total, 11684 us display, type 3
[0;32mI (100644) NIMBLE_HIDH: notify handle 30 len 16[0m
frame 2599: 28958 us total, 11684 us display, type 3
[0;32mI (100689) NIMBLE_HIDH: notify handle 30 len 16[0m
frame 2600: 27659 us total, 12143 us display, type 3
[0;32mI (100704) NIMBLE_HIDH: notify handle 30 len 16[0m
frame 2601: 28820 us total, 11691 us display, type 3
[0;32mI (100734) NIMBLE_HIDH: notify handle 30 len 16[0m
frame 2602: 28370 us total, 11837 us display, type 3
[0;32mI (100764) NIMBLE_HIDH: notify handle 30 len 16[0m
frame 2603: 29181 us total, 11692 us display, type 3
[0;32mI (100794) NIMBLE_HIDH: notify handle 30 len 16[0m
frame 2604: 27551 us total, 11707 us display, type 3
[0;32mI (100824) NIMBLE_HIDH: notify handle 30 len 16[0m
frame 2605: 28869 us total, 11694 us display, type 3
[0;32mI (100854) NIMBLE_HIDH: notify handle 30 len 16[0m
frame 2606: 29023 us total, 11692 us display, type 3
axes L  -1591 -10783 R    181   -448 level 1
[0;32mI (100884) NIMBLE_HIDH: notify handle 30 len 16[0m
frame 2607: 28125 us total, 12785 us display, type 3
[0;32mI (100914) NIMBLE_HIDH: notify handle 30 len 16[0m
frame 2608: 28292 us total, 12297 us display, type 3
[0;32mI (100944) NIMBLE_HIDH: notify handle 30 len 16[0m
frame 2609: 28734 us total, 12640 us display, type 3
[0;32mI (100959) NIMBLE_HIDH: notify handle 30 len 16[0m
frame 2610: 29049 us total, 11821 us display, type 3
[0;32mI (100989) NIMBLE_HIDH: notify handle 30 len 16[0m
frame 2611: 28354 us total, 11692 us display, type 3
[0;32mI (101019) NIMBLE_HIDH: notify handle 30 len 16[0m
frame 2612: 29124 us total, 11686 us display, type 3
[0;32mI (101049) NIMBLE_HIDH: notify handle 30 len 16[0m
frame 2613: 29331 us total, 11692 us display, type 3
[0;32mI (101079) NIMBLE_HIDH: notify handle 30 len 16[0m
frame 2614: 27000 us total, 11692 us display, type 3
[0;32mI (101109) NIMBLE_HIDH: notify handle 30 len 16[0m
frame 2615: 29580 us total, 11848 us display, type 3
axes L  -1591 -10841 R    181   -448 level 1
[0;32mI (101139) NIMBLE_HIDH: notify handle 30 len 16[0m
frame 2616: 28178 us total, 11804 us display, type 3
[0;32mI (101169) NIMBLE_HIDH: notify handle 30 len 16[0m
frame 2617: 28664 us total, 11768 us display, type 3
[0;32mI (101199) NIMBLE_HIDH: notify handle 30 len 16[0m
frame 2618: 27694 us total, 12562 us display, type 3
[0;32mI (101229) NIMBLE_HIDH: notify handle 30 len 16[0m
frame 2619: 29077 us total, 12289 us display, type 3
[0;32mI (101244) NIMBLE_HIDH: notify handle 30 len 16[0m
frame 2620: 29373 us total, 11686 us display, type 3
[0;32mI (101274) NIMBLE_HIDH: notify handle 30 len 16[0m
frame 2621: 27623 us total, 11906 us display, type 3
[0;32mI (101304) NIMBLE_HIDH: notify handle 30 len 16[0m
frame 2622: 29060 us total, 11737 us display, type 3
[0;32mI (101334) NIMBLE_HIDH: notify handle 30 len 16[0m
frame 2623: 28272 us total, 11685 us display, type 3
[0;32mI (101364) NIMBLE_HIDH: notify handle 30 len 16[0m
frame 2624: 28565 us total, 11692 us display, type 3
axes L  -1591 -10884 R    181   -448 level 1
[0;32mI (101394) NIMBLE_HIDH: notify handle 30 len 16[0m
frame 2625: 28111 us total, 11714 us display, type 3
[0;32mI (101424) NIMBLE_HIDH: notify handle 30 len 16[0m
frame 2626: 28771 us total, 11693 us display, type 3
[0;32mI (101454) NIMBLE_HIDH: notify handle 30 len 16[0m
frame 2627: 28992 us total, 11691 us display, type 3
[0;32mI (101484) NIMBLE_HIDH: notify handle 30 len 16[0m
frame 2628: 27538 us total, 12385 us display, type 3
[0;32mI (101514) NIMBLE_HIDH: notify handle 30 len 16[0m
frame 2629: 29015 us total, 12380 us display, type 3
[0;32mI (101544) NIMBLE_HIDH: notify handle 30 len 16[0m
frame 2630: 28637 us total, 12667 us display, type 3
[0;32mI (101574) NIMBLE_HIDH: notify handle 30 len 16[0m
frame 2631: 29201 us total, 12292 us display, type 3
[0;32mI (101604) NIMBLE_HIDH: notify handle 30 len 16[0m
frame 2632: 28051 us total, 12195 us display, type 3
[0;32mI (101634) NIMBLE_HIDH: notify handle 30 len 16[0m
frame 2633: 29306 us total, 12193 us display, type 3
axes L  -1591 -10884 R    181   -448 level 1
[0;32mI (101664) NIMBLE_HIDH: notify handle 30 len 16[0m
frame 2634: 28731 us total, 12173 us display, type 3
[0;32mI (101694) NIMBLE_HIDH: notify handle 30 len 16[0m
frame 2635: 28055 us total, 12544 us display, type 3
[0;32mI (101724) NIMBLE_HIDH: notify handle 30 len 16[0m
frame 2636: 28533 us total, 12061 us display, type 3
frame 2637: 27611 us total, 11685 us display, type 3
[0;32mI (101754) NIMBLE_HIDH: notify handle 30 len 16[0m
frame 2638: 29001 us total, 11685 us display, type 3
[0;32mI (101784) NIMBLE_HIDH: notify handle 30 len 16[0m
frame 2639: 28890 us total, 12057 us display, type 3
[0;32mI (101814) NIMBLE_HIDH: notify handle 30 len 16[0m
frame 2640: 28876 us total, 11699 us display, type 3
[0;32mI (101844) NIMBLE_HIDH: notify handle 30 len 16[0m
frame 2641: 28751 us total, 11821 us display, type 3
[0;32mI (101874) NIMBLE_HIDH: notify handle 30 len 16[0m
frame 2642: 28073 us total, 11692 us display, type 3
axes L  -1591 -10942 R    181   -448 level 1
[0;32mI (101904) NIMBLE_HIDH: notify handle 30 len 16[0m
frame 2643: 29511 us total, 11685 us display, type 3
[0;32mI (101934) NIMBLE_HIDH: notify handle 30 len 16[0m
frame 2644: 27325 us total, 11693 us display, type 3
[0;32mI (101964) NIMBLE_HIDH: notify handle 30 len 16[0m
frame 2645: 28917 us total, 11692 us display, type 3
[0;32mI (101994) NIMBLE_HIDH: notify handle 30 len 16[0m
frame 2646: 27979 us total, 11702 us display, type 3
[0;32mI (102024) NIMBLE_HIDH: notify handle 30 len 16[0m
frame 2647: 28974 us total, 11687 us display, type 3
[0;32mI (102054) NIMBLE_HIDH: notify handle 30 len 16[0m
frame 2648: 29004 us total, 11685 us display, type 3
[0;32mI (102084) NIMBLE_HIDH: notify handle 30 len 16[0m
frame 2649: 27552 us total, 12373 us display, type 3
[0;32mI (102114) NIMBLE_HIDH: notify handle 30 len 16[0m
frame 2650: 28993 us total, 12378 us display, type 3
[0;32mI (102144) NIMBLE_HIDH: notify handle 30 len 16[0m
frame 2651: 28799 us total, 12289 us display, type 3
axes L  -1591 -10983 R    181   -448 level 1
[0;32mI (102174) NIMBLE_HIDH: notify handle 30 len 16[0m
frame 2652: 29845 us total, 12703 us display, type 3
[0;32mI (102204) NIMBLE_HIDH: notify handle 30 len 16[0m
frame 2653: 27080 us total, 12113 us display, type 3
[0;32mI (102234) NIMBLE_HIDH: notify handle 30 len 16[0m
frame 2654: 29063 us total, 12232 us display, type 3
[0;32mI (102264) NIMBLE_HIDH: notify handle 30 len 16[0m
frame 2655: 29078 us total, 12423 us display, type 3
[0;32mI (102294) NIMBLE_HIDH: notify handle 30 len 16[0m
frame 2656: 28154 us total, 12571 us display, type 3
[0;32mI (102324) NIMBLE_HIDH: notify handle 30 len 16[0m
frame 2657: 28496 us total, 12068 us display, type 3
frame 2658: 27640 us total, 11685 us display, type 3
[0;32mI (102354) NIMBLE_HIDH: notify handle 30 len 16[0m
frame 2659: 29037 us total, 11685 us display, type 3
[0;32mI (102384) NIMBLE_HIDH: notify handle 30 len 16[0m
[0;32mI (102399) NIMBLE_HIDH: notify handle 30 len 16[0m
frame 2660: 29561 us total, 12787 us display, type 3
axes L  -1591 -11038 R    181   -448 level 1
[0;32mI (102429) NIMBLE_HIDH: notify handle 30 len 16[0m
frame 2661: 27878 us total, 12475 us display, type 3
[0;32mI (102459) NIMBLE_HIDH: notify handle 30 len 16[0m
frame 2662: 29023 us total, 12441 us display, type 3
[0;32mI (102489) NIMBLE_HIDH: notify handle 30 len 16[0m
frame 2663: 28161 us total, 12225 us display, type 3
[0;32mI (102519) NIMBLE_HIDH: notify handle 30 len 16[0m
frame 2664: 28479 us total, 12199 us display, type 3
[0;32mI (102549) NIMBLE_HIDH: notify handle 30 len 16[0m
frame 2665: 27873 us total, 12183 us display, type 3
[0;32mI (102579) NIMBLE_HIDH: notify handle 30 len 16[0m
frame 2666: 29190 us total, 12376 us display, type 3
[0;32mI (102609) NIMBLE_HIDH: notify handle 30 len 16[0m
frame 2667: 27825 us total, 12190 us display, type 3
frame 2668: 28500 us total, 11693 us display, type 3
[0;32mI (102639) NIMBLE_HIDH: notify handle 30 len 16[0m
[0;32mI (102654) NIMBLE_HIDH: notify handle 30 len 16[0m
frame 2669: 29840 us total, 11692 us display, type 3
axes L  -1591 -11082 R    181   -448 level 1
[0;32mI (102684) NIMBLE_HIDH: notify handle 30 len 16[0m
frame 2670: 28110 us total, 12792 us display, type 3
[0;32mI (102714) NIMBLE_HIDH: notify handle 30 len 16[0m
frame 2671: 28930 us total, 12400 us display, type 3
[0;32mI (102744) NIMBLE_HIDH: notify handle 30 len 16[0m
frame 2672: 28440 us total, 12289 us display, type 3
[0;32mI (102774) NIMBLE_HIDH: notify handle 30 len 16[0m
frame 2673: 29651 us total, 12586 us display, type 3
[0;32mI (102804) NIMBLE_HIDH: notify handle 30 len 16[0m
frame 2674: 27068 us total, 12554 us display, type 3
[0;32mI (102834) NIMBLE_HIDH: notify handle 30 len 16[0m
frame 2675: 29070 us total, 12335 us display, type 3
[0;32mI (102864) NIMBLE_HIDH: notify handle 30 len 16[0m
frame 2676: 29100 us total, 12443 us display, type 3
[0;32mI (102894) NIMBLE_HIDH: notify handle 30 len 16[0m
frame 2677: 28118 us total, 12562 us display, type 3
[0;32mI (102924) NIMBLE_HIDH: notify handle 30 len 16[0m
frame 2678: 28508 us total, 12070 us display, type 3
axes L  -1591 -11082 R    181   -448 level 1
frame 2679: 27877 us total, 11685 us display, type 3
[0;32mI (102954) NIMBLE_HIDH: notify handle 30 len 16[0m
frame 2680: 28753 us total, 11687 us display, type 3
[0;32mI (102984) NIMBLE_HIDH: notify handle 30 len 16[0m
frame 2681: 28399 us total, 12062 us display, type 3
[0;32mI (103014) NIMBLE_HIDH: notify handle 30 len 16[0m
frame 2682: 29079 us total, 11708 us display, type 3
[0;32mI (103044) NIMBLE_HIDH: notify handle 30 len 16[0m
frame 2683: 29406 us total, 11684 us display, type 3
[0;32mI (103074) NIMBLE_HIDH: notify handle 30 len 16[0m
frame 2684: 27673 us total, 11800 us display, type 3
[0;32mI (103104) NIMBLE_HIDH: notify handle 30 len 16[0m
frame 2685: 28788 us total, 11691 us display, type 3
[0;32mI (103134) NIMBLE_HIDH: notify handle 30 len 16[0m
[0;32mI (103149) NIMBLE_HIDH: notify handle 30 len 16[0m
frame 2686: 28350 us total, 12060 us display, type 3
[0;32mI (103179) NIMBLE_HIDH: notify handle 30 len 16[0m
frame 2687: 28521 us total, 12398 us display, type 3
axes L  -1591 -11137 R    181   -448 level 1
frame 2688: 27511 us total, 11693 us display, type 3
[0;32mI (103224) NIMBLE_HIDH: notify handle 30 len 16[0m
[0;32mI (103239) NIMBLE_HIDH: notify handle 30 len 16[0m
frame 2689: 30284 us total, 12330 us display, type 3
frame 2690: 27542 us total, 11699 us display, type 3
[0;32mI (103269) NIMBLE_HIDH: notify handle 30 len 16[0m
frame 2691: 28389 us total, 11685 us display, type 3
[0;32mI (103299) NIMBLE_HIDH: notify handle 30 len 16[0m
frame 2692: 30132 us total, 11687 us display, type 3
[0;32mI (103329) NIMBLE_HIDH: notify handle 30 len 16[0m
frame 2693: 28383 us total, 11738 us display, type 3
[0;32mI (103359) NIMBLE_HIDH: notify handle 30 len 16[0m
frame 2694: 28569 us total, 11683 us display, type 3
[0;32mI (103389) NIMBLE_HIDH: notify handle 30 len 16[0m
frame 2695: 27817 us total, 11697 us display, type 3
[0;32mI (103419) NIMBLE_HIDH: notify handle 30 len 16[0m
frame 2696: 29001 us total, 11698 us display, type 3
axes L  -1591 -11179 R    181   -448 level 1
[0;32mI (103449) NIMBLE_HIDH: notify handle 30 len 16[0m
frame 2697: 29196 us total, 11684 us display, type 3
[0;32mI (103479) NIMBLE_HIDH: notify handle 30 len 16[0m
frame 2698: 27826 us total, 11743 us display, type 3
[0;32mI (103509) NIMBLE_HIDH: notify handle 30 len 16[0m
frame 2699: 29082 us total, 11800 us display, type 3
[0;32mI (103539) NIMBLE_HIDH: notify handle 30 len 16[0m
frame 2700: 27868 us total, 11693 us display, type 3
[0;32mI (103569) NIMBLE_HIDH: notify handle 30 len 16[0m
frame 2701: 28455 us total, 11686 us display, type 3
[0;32mI (103599) NIMBLE_HIDH: notify handle 30 len 16[0m
frame 2702: 28143 us total, 12685 us display, type 3
[0;32mI (103629) NIMBLE_HIDH: notify handle 30 len 16[0m
frame 2703: 29226 us total, 12290 us display, type 3
[0;32mI (103659) NIMBLE_HIDH: notify handle 30 len 16[0m
frame 2704: 28871 us total, 12529 us display, type 3
[0;32mI (103689) NIMBLE_HIDH: notify handle 30 len 16[0m
frame 2705: 27563 us total, 12208 us display, type 3
axes L  -1591 -11179 R    181   -448 level 1
[0;32mI (103719) NIMBLE_HIDH: notify handle 30 len 16[0m
frame 2706: 29509 us total, 12507 us display, type 3
[0;32mI (103749) NIMBLE_HIDH: notify handle 30 len 16[0m
frame 2707: 27459 us total, 12191 us display, type 3
[0;32mI (103779) NIMBLE_HIDH: notify handle 30 len 16[0m
frame 2708: 29188 us total, 12377 us display, type 3
[0;32mI (103809) NIMBLE_HIDH: notify handle 30 len 16[0m
frame 2709: 27804 us total, 12174 us display, type 3
frame 2710: 28518 us total, 11699 us display, type 3
[0;32mI (103839) NIMBLE_HIDH: notify handle 30 len 16[0m
frame 2711: 29518 us total, 11693 us display, type 3
[0;32mI (103869) NIMBLE_HIDH: notify handle 30 len 16[0m
frame 2712: 28042 us total, 11685 us display, type 3
[0;32mI (103899) NIMBLE_HIDH: notify handle 30 len 16[0m
frame 2713: 30288 us total, 11699 us display, type 3
[0;32mI (103929) NIMBLE_HIDH: notify handle 30 len 16[0m
frame 2714: 27159 us total, 11696 us display, type 3
axes L  -1591 -11235 R    181   -448 level 1
[0;32mI (103959) NIMBLE_HIDH: notify handle 30 len 16[0m
frame 2715: 29589 us total, 11692 us display, type 3
[0;32mI (103989) NIMBLE_HIDH: notify handle 30 len 16[0m
frame 2716: 27700 us total, 11699 us display, type 3
[0;32mI (104019) NIMBLE_HIDH: notify handle 30 len 16[0m
frame 2717: 28962 us total, 11692 us display, type 3
[0;32mI (104049) NIMBLE_HIDH: notify handle 30 len 16[0m
frame 2718: 29022 us total, 11692 us display, type 3
[0;32mI (104079) NIMBLE_HIDH: notify handle 30 len 16[0m
frame 2719: 28034 us total, 11723 us display, type 3
[0;32mI (104109) NIMBLE_HIDH: notify handle 30 len 16[0m
frame 2720: 29082 us total, 11842 us display, type 3
[0;32mI (104139) NIMBLE_HIDH: notify handle 30 len 16[0m
frame 2721: 28158 us total, 11910 us display, type 3
[0;32mI (104169) NIMBLE_HIDH: notify handle 30 len 16[0m
frame 2722: 28453 us total, 11768 us display, type 3
[0;32mI (104199) NIMBLE_HIDH: notify handle 30 len 16[0m
frame 2723: 27860 us total, 12373 us display, type 3
axes L  -1591 -11235 R    181   -448 level 1
[0;32mI (104229) NIMBLE_HIDH: notify handle 30 len 16[0m
frame 2724: 29064 us total, 12393 us display, type 3
[0;32mI (104259) NIMBLE_HIDH: notify handle 30 len 16[0m
frame 2725: 29026 us total, 12642 us display, type 3
[0;32mI (104289) NIMBLE_HIDH: notify handle 30 len 16[0m
frame 2726: 27566 us total, 12200 us display, type 3
[0;32mI (104319) NIMBLE_HIDH: notify handle 30 len 16[0m
frame 2727: 29004 us total, 12199 us display, type 3
[0;32mI (104349) NIMBLE_HIDH: notify handle 30 len 16[0m
frame 2728: 27997 us total, 12192 us display, type 3
[0;32mI (104379) NIMBLE_HIDH: notify handle 30 len 16[0m
frame 2729: 29170 us total, 12369 us display, type 3
[0;32mI (104409) NIMBLE_HIDH: notify handle 30 len 16[0m
frame 2730: 27789 us total, 12196 us display, type 3
[0;32mI (104439) NIMBLE_HIDH: notify handle 30 len 16[0m
frame 2731: 30049 us total, 12674 us display, type 3
frame 2732: 28157 us total, 11685 us display, type 3
[0;32mI (104469) NIMBLE_HIDH: notify handle 30 len 16[0m
axes L  -1591 -11275 R    181   -448 level 1
frame 2733: 28465 us total, 11698 us display, type 3
[0;32mI (104499) NIMBLE_HIDH: notify handle 30 len 16[0m
frame 2734: 29291 us total, 11692 us display, type 3
[0;32mI (104529) NIMBLE_HIDH: notify handle 30 len 16[0m
frame 2735: 27892 us total, 11685 us display, type 3
[0;32mI (104559) NIMBLE_HIDH: notify handle 30 len 16[0m
frame 2736: 29041 us total, 11685 us display, type 3
[0;32mI (104589) NIMBLE_HIDH: notify handle 30 len 16[0m
frame 2737: 27915 us total, 11699 us display, type 3
[0;32mI (104619) NIMBLE_HIDH: notify handle 30 len 16[0m
frame 2738: 28973 us total, 11692 us display, type 3
[0;32mI (104649) NIMBLE_HIDH: notify handle 30 len 16[0m
frame 2739: 29025 us total, 11698 us display, type 3
[0;32mI (104679) NIMBLE_HIDH: notify handle 30 len 16[0m
frame 2740: 28025 us total, 11740 us display, type 3
[0;32mI (104709) NIMBLE_HIDH: notify handle 30 len 16[0m
[0;32mI (104724) NIMBLE_HIDH: notify handle 30 len 16[0m
frame 2741: 29701 us total, 12393 us display, type 3
axes L  -1591 -11331 R    181   -448 level 1
frame 2742: 26063 us total, 11698 us display, type 3
[0;32mI (104754) NIMBLE_HIDH: notify handle 30 len 16[0m
frame 2743: 29475 us total, 11686 us display, type 3
[0;32mI (104784) NIMBLE_HIDH: notify handle 30 len 16[0m
frame 2744: 28424 us total, 12058 us display, type 3
[0;32mI (104814) NIMBLE_HIDH: notify handle 30 len 16[0m
frame 2745: 28943 us total, 11855 us display, type 3
[0;32mI (104844) NIMBLE_HIDH: notify handle 30 len 16[0m
frame 2746: 29049 us total, 11827 us display, type 3
[0;32mI (104874) NIMBLE_HIDH: notify handle 30 len 16[0m
frame 2747: 28017 us total, 11881 us display, type 3
[0;32mI (104904) NIMBLE_HIDH: notify handle 30 len 16[0m
frame 2748: 28823 us total, 11692 us display, type 3
[0;32mI (104934) NIMBLE_HIDH: notify handle 30 len 16[0m
frame 2749: 28017 us total, 11692 us display, type 3
[0;32mI (104964) NIMBLE_HIDH: notify handle 30 len 16[0m
frame 2750: 28955 us total, 11692 us display, type 3
axes L  -1591 -11331 R    181   -448 level 1
[0;32mI (104994) NIMBLE_HIDH: notify handle 30 len 16[0m
[0;32mI (105009) NIMBLE_HIDH: notify handle 30 len 16[0m
frame 2751: 29424 us total, 12353 us display, type 3
[0;32mI (105039) NIMBLE_HIDH: notify handle 30 len 16[0m
frame 2752: 28267 us total, 12486 us display, type 3
frame 2753: 28558 us total, 11692 us display, type 3
[0;32mI (105069) NIMBLE_HIDH: notify handle 30 len 16[0m
frame 2754: 27408 us total, 11692 us display, type 3
[0;32mI (105099) NIMBLE_HIDH: notify handle 30 len 16[0m
frame 2755: 29821 us total, 12057 us display, type 3
[0;32mI (105129) NIMBLE_HIDH: notify handle 30 len 16[0m
frame 2756: 28061 us total, 11684 us display, type 3
[0;32mI (105159) NIMBLE_HIDH: notify handle 30 len 16[0m
frame 2757: 29068 us total, 11684 us display, type 3
[0;32mI (105189) NIMBLE_HIDH: notify handle 30 len 16[0m
frame 2758: 27905 us total, 11699 us display, type 3
[0;32mI (105219) NIMBLE_HIDH: notify handle 30 len 16[0m
frame 2759: 29006 us total, 11697 us display, type 3
axes L  -1591 -11371 R    181   -448 level 1
[0;32mI (105249) NIMBLE_HIDH: notify handle 30 len 16[0m
frame 2760: 29161 us total, 11685 us display, type 3
[0;32mI (105279) NIMBLE_HIDH: notify handle 30 len 16[0m
frame 2761: 27888 us total, 11685 us display, type 3
[0;32mI (105309) NIMBLE_HIDH: notify handle 30 len 16[0m
frame 2762: 28692 us total, 11703 us display, type 3
[0;32mI (105339) NIMBLE_HIDH: notify handle 30 len 16[0m
frame 2763: 28526 us total, 11902 us display, type 3
[0;32mI (105369) NIMBLE_HIDH: notify handle 30 len 16[0m
frame 2764: 28365 us total, 11777 us display, type 3
frame 2765: 26708 us total, 11694 us display, type 3
[0;32mI (105414) NIMBLE_HIDH: notify handle 30 len 16[0m
[0;32mI (105429) NIMBLE_HIDH: notify handle 30 len 16[0m
frame 2766: 30697 us total, 12288 us display, type 3
[0;32mI (105459) NIMBLE_HIDH: notify handle 30 len 16[0m
frame 2767: 28626 us total, 12637 us display, type 3
[0;32mI (105489) NIMBLE_HIDH: notify handle 30 len 16[0m
frame 2768: 27557 us total, 12212 us display, type 3
axes L  -1591 -11371 R    181   -448 level 1
[0;32mI (105519) NIMBLE_HIDH: notify handle 30 len 16[0m
frame 2769: 29505 us total, 12504 us display, type 3
[0;32mI (105549) NIMBLE_HIDH: notify handle 30 len 16[0m
frame 2770: 27425 us total, 12179 us display, type 3
[0;32mI (105564) NIMBLE_HIDH: notify handle 30 len 16[0m
frame 2771: 29886 us total, 11686 us display, type 3
[0;32mI (105594) NIMBLE_HIDH: notify handle 30 len 16[0m
frame 2772: 28159 us total, 11685 us display, type 3
[0;32mI (105624) NIMBLE_HIDH: notify handle 30 len 16[0m
frame 2773: 29324 us total, 11710 us display, type 3
[0;32mI (105654) NIMBLE_HIDH: notify handle 30 len 16[0m
frame 2774: 28755 us total, 11885 us display, type 3
[0;32mI (105684) NIMBLE_HIDH: notify handle 30 len 16[0m
frame 2775: 27607 us total, 12787 us display, type 3
[0;32mI (105714) NIMBLE_HIDH: notify handle 30 len 16[0m
frame 2776: 28689 us total, 12478 us display, type 3
[0;32mI (105744) NIMBLE_HIDH: notify handle 30 len 16[0m
frame 2777: 28188 us total, 12289 us display, type 3
axes L  -1591 -11427 R    181   -448 level 1
[0;32mI (105774) NIMBLE_HIDH: notify handle 30 len 16[0m
frame 2778: 29266 us total, 12289 us display, type 3
[0;32mI (105804) NIMBLE_HIDH: notify handle 30 len 16[0m
frame 2779: 27704 us total, 12226 us display, type 3
[0;32mI (105834) NIMBLE_HIDH: notify handle 30 len 16[0m
frame 2780: 29060 us total, 12335 us display, type 3
[0;32mI (105864) NIMBLE_HIDH: notify handle 30 len 16[0m
frame 2781: 29093 us total, 12347 us display, type 3
[0;32mI (105894) NIMBLE_HIDH: notify handle 30 len 16[0m
frame 2782: 27827 us total, 12498 us display, type 3
[0;32mI (105924) NIMBLE_HIDH: notify handle 30 len 16[0m
frame 2783: 29381 us total, 12558 us display, type 3
frame 2784: 26719 us total, 11692 us display, type 3
[0;32mI (105954) NIMBLE_HIDH: notify handle 30 len 16[0m
frame 2785: 28891 us total, 11699 us display, type 3
[0;32mI (105984) NIMBLE_HIDH: notify handle 30 len 16[0m
[0;32mI (105999) NIMBLE_HIDH: notify handle 30 len 16[0m
frame 2786: 29082 us total, 12291 us display, type 3
axes L  -1591 -11467 R    181   -448 level 1
[0;32mI (106029) NIMBLE_HIDH: notify handle 30 len 16[0m
frame 2787: 28860 us total, 12511 us display, type 3
[0;32mI (106059) NIMBLE_HIDH: notify handle 30 len 16[0m
frame 2788: 29022 us total, 12649 us display, type 3
[0;32mI (106089) NIMBLE_HIDH: notify handle 30 len 16[0m
frame 2789: 27566 us total, 12201 us display, type 3
[0;32mI (106119) NIMBLE_HIDH: notify handle 30 len 16[0m
frame 2790: 28955 us total, 12189 us display, type 3
[0;32mI (106149) NIMBLE_HIDH: notify handle 30 len 16[0m
frame 2791: 28672 us total, 12311 us display, type 3
[0;32mI (106179) NIMBLE_HIDH: notify handle 30 len 16[0m
frame 2792: 29081 us total, 12215 us display, type 3
[0;32mI (106209) NIMBLE_HIDH: notify handle 30 len 16[0m
frame 2793: 28590 us total, 12506 us display, type 3
[0;32mI (106239) NIMBLE_HIDH: notify handle 30 len 16[0m
frame 2794: 28727 us total, 12669 us display, type 3
frame 2795: 27912 us total, 11686 us display, type 3
[0;32mI (106269) NIMBLE_HIDH: notify handle 30 len 16[0m
axes L  -1591 -11467 R    181   -448 level 1
frame 2796: 28100 us total, 11685 us display, type 3
[0;32mI (106299) NIMBLE_HIDH: notify handle 30 len 16[0m
frame 2797: 29771 us total, 12057 us display, type 3
[0;32mI (106329) NIMBLE_HIDH: notify handle 30 len 16[0m
frame 2798: 28010 us total, 11685 us display, type 3
[0;32mI (106359) NIMBLE_HIDH: notify handle 30 len 16[0m
frame 2799: 29062 us total, 11685 us display, type 3
[0;32mI (106389) NIMBLE_HIDH: notify handle 30 len 16[0m
frame 2800: 27861 us total, 11692 us display, type 3
[0;32mI (106419) NIMBLE_HIDH: notify handle 30 len 16[0m
frame 2801: 29075 us total, 11686 us display, type 3
[0;32mI (106449) NIMBLE_HIDH: notify handle 30 len 16[0m
[0;32mI (106464) NIMBLE_HIDH: notify handle 30 len 16[0m
frame 2802: 29036 us total, 12058 us display, type 3
[0;32mI (106494) NIMBLE_HIDH: notify handle 30 len 16[0m
frame 2803: 27924 us total, 12474 us display, type 3
[0;32mI (106509) NIMBLE_HIDH: notify handle 30 len 16[0m
frame 2804: 28633 us total, 11716 us display, type 3
axes L  -1687 -11467 R    181   -448 level 1
[0;32mI (106539) NIMBLE_HIDH: notify handle 30 len 16[0m
frame 2805: 28068 us total, 11698 us display, type 3
[0;32mI (106569) NIMBLE_HIDH: notify handle 30 len 16[0m
frame 2806: 28718 us total, 11685 us display, type 3
[0;32mI (106599) NIMBLE_HIDH: notify handle 30 len 16[0m
frame 2807: 27576 us total, 12377 us display, type 3
[0;32mI (106629) NIMBLE_HIDH: notify handle 30 len 16[0m
frame 2808: 29640 us total, 12711 us display, type 3
[0;32mI (106659) NIMBLE_HIDH: notify handle 30 len 16[0m
frame 2809: 29017 us total, 12657 us display, type 3
[0;32mI (106689) NIMBLE_HIDH: notify handle 30 len 16[0m
frame 2810: 27528 us total, 12195 us display, type 3
[0;32mI (106719) NIMBLE_HIDH: notify handle 30 len 16[0m
frame 2811: 29550 us total, 12201 us display, type 3
[0;32mI (106749) NIMBLE_HIDH: notify handle 30 len 16[0m
frame 2812: 28135 us total, 12172 us display, type 3
[0;32mI (106779) NIMBLE_HIDH: notify handle 30 len 16[0m
frame 2813: 29344 us total, 12211 us display, type 3
axes L  -1687 -11524 R    181   -448 level 1
[0;32mI (106809) NIMBLE_HIDH: notify handle 30 len 16[0m
frame 2814: 28088 us total, 12498 us display, type 3
frame 2815: 27845 us total, 11686 us display, type 3
[0;32mI (106839) NIMBLE_HIDH: notify handle 30 len 16[0m
frame 2816: 29003 us total, 11685 us display, type 3
mem @frame 2816: heap free 66484, largest 40960, min ever 65664, zone free 55016, stack free 14540, uptime 106 s, gamestate 0, demo 0, usergame 1, tic 3637
[0;32mI (106869) NIMBLE_HIDH: notify handle 30 len 16[0m
frame 2817: 28338 us total, 11692 us display, type 3
[0;32mI (106899) NIMBLE_HIDH: notify handle 30 len 16[0m
frame 2818: 29521 us total, 12057 us display, type 3
[0;32mI (106929) NIMBLE_HIDH: notify handle 30 len 16[0m
frame 2819: 28018 us total, 11685 us display, type 3
[0;32mI (106959) NIMBLE_HIDH: notify handle 30 len 16[0m
frame 2820: 29024 us total, 11685 us display, type 3
[0;32mI (106989) NIMBLE_HIDH: notify handle 30 len 16[0m
frame 2821: 28017 us total, 11692 us display, type 3
[0;32mI (107019) NIMBLE_HIDH: notify handle 30 len 16[0m
frame 2822: 28742 us total, 11768 us display, type 3
axes L  -1687 -11563 R    181   -448 level 1
[0;32mI (107049) NIMBLE_HIDH: notify handle 30 len 16[0m
frame 2823: 29481 us total, 11693 us display, type 3
[0;32mI (107079) NIMBLE_HIDH: notify handle 30 len 16[0m
frame 2824: 27345 us total, 11692 us display, type 3
[0;32mI (107109) NIMBLE_HIDH: notify handle 30 len 16[0m
frame 2825: 28900 us total, 11708 us display, type 3
[0;32mI (107139) NIMBLE_HIDH: notify handle 30 len 16[0m
frame 2826: 27962 us total, 11692 us display, type 3
[0;32mI (107169) NIMBLE_HIDH: notify handle 30 len 16[0m
frame 2827: 29027 us total, 11692 us display, type 3
frame 2828: 27101 us total, 11979 us display, type 3
[0;32mI (107214) NIMBLE_HIDH: notify handle 30 len 16[0m
[0;32mI (107229) NIMBLE_HIDH: notify handle 30 len 16[0m
frame 2829: 30511 us total, 12377 us display, type 3
[0;32mI (107259) NIMBLE_HIDH: notify handle 30 len 16[0m
frame 2830: 28524 us total, 12675 us display, type 3
[0;32mI (107289) NIMBLE_HIDH: notify handle 30 len 16[0m
frame 2831: 28167 us total, 12241 us display, type 3
axes L  -1687 -11563 R    181   -448 level 1
[0;32mI (107319) NIMBLE_HIDH: notify handle 30 len 16[0m
frame 2832: 29311 us total, 12223 us display, type 3
[0;32mI (107349) NIMBLE_HIDH: notify handle 30 len 16[0m
frame 2833: 28073 us total, 12207 us display, type 3
[0;32mI (107379) NIMBLE_HIDH: notify handle 30 len 16[0m
frame 2834: 28716 us total, 12356 us display, type 3
[0;32mI (107409) NIMBLE_HIDH: notify handle 30 len 16[0m
frame 2835: 27594 us total, 12064 us display, type 3
frame 2836: 28635 us total, 11685 us display, type 3
[0;32mI (107439) NIMBLE_HIDH: notify handle 30 len 16[0m
frame 2837: 28990 us total, 11685 us display, type 3
[0;32mI (107469) NIMBLE_HIDH: notify handle 30 len 16[0m
frame 2838: 27876 us total, 12058 us display, type 3
[0;32mI (107499) NIMBLE_HIDH: notify handle 30 len 16[0m
frame 2839: 29914 us total, 12057 us display, type 3
[0;32mI (107529) NIMBLE_HIDH: notify handle 30 len 16[0m
frame 2840: 28072 us total, 11691 us display, type 3
axes L  -1687 -11563 R    181   -448 level 1
[0;32mI (107559) NIMBLE_HIDH: notify handle 30 len 16[0m
[0;32mI (107574) NIMBLE_HIDH: notify handle 30 len 16[0m
frame 2841: 29940 us total, 12291 us display, type 3
[0;32mI (107604) NIMBLE_HIDH: notify handle 30 len 16[0m
frame 2842: 26346 us total, 12198 us display, type 3
[0;32mI (107634) NIMBLE_HIDH: notify handle 30 len 16[0m
frame 2843: 29486 us total, 12259 us display, type 3
[0;32mI (107664) NIMBLE_HIDH: notify handle 30 len 16[0m
frame 2844: 28509 us total, 12191 us display, type 3
[0;32mI (107694) NIMBLE_HIDH: notify handle 30 len 16[0m
frame 2845: 28221 us total, 12507 us display, type 3
[0;32mI (107724) NIMBLE_HIDH: notify handle 30 len 16[0m
frame 2846: 28666 us total, 12178 us display, type 3
frame 2847: 27505 us total, 11692 us display, type 3
[0;32mI (107754) NIMBLE_HIDH: notify handle 30 len 16[0m
frame 2848: 29018 us total, 11699 us display, type 3
[0;32mI (107784) NIMBLE_HIDH: notify handle 30 len 16[0m
frame 2849: 28874 us total, 12056 us display, type 3
axes L  -1687 -11621 R    181   -448 level 1
[0;32mI (107814) NIMBLE_HIDH: notify handle 30 len 16[0m
frame 2850: 29051 us total, 11741 us display, type 3
[0;32mI (107844) NIMBLE_HIDH: notify handle 30 len 16[0m
frame 2851: 29444 us total, 11691 us display, type 3
[0;32mI (107874) NIMBLE_HIDH: notify handle 30 len 16[0m
frame 2852: 28155 us total, 11684 us display, type 3
[0;32mI (107904) NIMBLE_HIDH: notify handle 30 len 16[0m
[0;32mI (107919) NIMBLE_HIDH: notify handle 30 len 16[0m
frame 2853: 29841 us total, 12201 us display, type 3
[0;32mI (107949) NIMBLE_HIDH: notify handle 30 len 16[0m
frame 2854: 26795 us total, 12267 us display, type 3
[0;32mI (107979) NIMBLE_HIDH: notify handle 30 len 16[0m
frame 2855: 29067 us total, 12453 us display, type 3
[0;32mI (108009) NIMBLE_HIDH: notify handle 30 len 16[0m
frame 2856: 27612 us total, 12064 us display, type 3
frame 2857: 28641 us total, 11685 us display, type 3
[0;32mI (108039) NIMBLE_HIDH: notify handle 30 len 16[0m
frame 2858: 28983 us total, 11685 us display, type 3
[0;32mI (108069) NIMBLE_HIDH: notify handle 30 len 16[0m
axes L  -1687 -11664 R    181   -448 level 1
frame 2859: 28128 us total, 11692 us display, type 3
[0;32mI (108099) NIMBLE_HIDH: notify handle 30 len 16[0m
frame 2860: 29710 us total, 12057 us display, type 3
[0;32mI (108129) NIMBLE_HIDH: notify handle 30 len 16[0m
frame 2861: 28097 us total, 11684 us display, type 3
[0;32mI (108159) NIMBLE_HIDH: notify handle 30 len 16[0m
frame 2862: 28707 us total, 11690 us display, type 3
[0;32mI (108189) NIMBLE_HIDH: notify handle 30 len 16[0m
frame 2863: 28274 us total, 11684 us display, type 3
[0;32mI (108219) NIMBLE_HIDH: notify handle 30 len 16[0m
frame 2864: 28732 us total, 11885 us display, type 3
[0;32mI (108249) NIMBLE_HIDH: notify handle 30 len 16[0m
frame 2865: 28679 us total, 11691 us display, type 3
[0;32mI (108279) NIMBLE_HIDH: notify handle 30 len 16[0m
frame 2866: 28013 us total, 11693 us display, type 3
[0;32mI (108309) NIMBLE_HIDH: notify handle 30 len 16[0m
frame 2867: 29012 us total, 11708 us display, type 3
axes L  -1687 -11664 R    181   -448 level 1
[0;32mI (108339) NIMBLE_HIDH: notify handle 30 len 16[0m
frame 2868: 28191 us total, 11694 us display, type 3
[0;32mI (108369) NIMBLE_HIDH: notify handle 30 len 16[0m
frame 2869: 28739 us total, 11685 us display, type 3
[0;32mI (108399) NIMBLE_HIDH: notify handle 30 len 16[0m
frame 2870: 27552 us total, 12387 us display, type 3
[0;32mI (108429) NIMBLE_HIDH: notify handle 30 len 16[0m
frame 2871: 29851 us total, 12383 us display, type 3
[0;32mI (108459) NIMBLE_HIDH: notify handle 30 len 16[0m
frame 2872: 29149 us total, 12298 us display, type 3
[0;32mI (108489) NIMBLE_HIDH: notify handle 30 len 16[0m
frame 2873: 28683 us total, 12612 us display, type 3
[0;32mI (108519) NIMBLE_HIDH: notify handle 30 len 16[0m
frame 2874: 28054 us total, 12159 us display, type 3
[0;32mI (108549) NIMBLE_HIDH: notify handle 30 len 16[0m
frame 2875: 28123 us total, 12387 us display, type 3
[0;32mI (108579) NIMBLE_HIDH: notify handle 30 len 16[0m
frame 2876: 29071 us total, 12471 us display, type 3
axes L  -1687 -11717 R    181   -448 level 1
[0;32mI (108609) NIMBLE_HIDH: notify handle 30 len 16[0m
frame 2877: 28168 us total, 12422 us display, type 3
frame 2878: 28051 us total, 11688 us display, type 3
[0;32mI (108639) NIMBLE_HIDH: notify handle 30 len 16[0m
frame 2879: 29036 us total, 11685 us display, type 3
[0;32mI (108669) NIMBLE_HIDH: notify handle 30 len 16[0m
frame 2880: 27839 us total, 12057 us display, type 3
[0;32mI (108699) NIMBLE_HIDH: notify handle 30 len 16[0m
frame 2881: 29950 us total, 12057 us display, type 3
[0;32mI (108729) NIMBLE_HIDH: notify handle 30 len 16[0m
frame 2882: 27755 us total, 11692 us display, type 3
[0;32mI (108759) NIMBLE_HIDH: notify handle 30 len 16[0m
frame 2883: 29420 us total, 11689 us display, type 3
[0;32mI (108789) NIMBLE_HIDH: notify handle 30 len 16[0m
frame 2884: 27617 us total, 11815 us display, type 3
[0;32mI (108819) NIMBLE_HIDH: notify handle 30 len 16[0m
frame 2885: 28735 us total, 11692 us display, type 3
axes L  -1687 -11717 R    181   -448 level 1
[0;32mI (108849) NIMBLE_HIDH: notify handle 30 len 16[0m
frame 2886: 29406 us total, 11874 us display, type 3
[0;32mI (108879) NIMBLE_HIDH: notify handle 30 len 16[0m
frame 2887: 27610 us total, 11692 us display, type 3
[0;32mI (108909) NIMBLE_HIDH: notify handle 30 len 16[0m
frame 2888: 29039 us total, 11713 us display, type 3
[0;32mI (108939) NIMBLE_HIDH: notify handle 30 len 16[0m
frame 2889: 27992 us total, 11699 us display, type 3
[0;32mI (108969) NIMBLE_HIDH: notify handle 30 len 16[0m
frame 2890: 28857 us total, 11685 us display, type 3
[0;32mI (108999) NIMBLE_HIDH: notify handle 30 len 16[0m
frame 2891: 28229 us total, 12470 us display, type 3
[0;32mI (109029) NIMBLE_HIDH: notify handle 30 len 16[0m
frame 2892: 29385 us total, 12372 us display, type 3
[0;32mI (109059) NIMBLE_HIDH: notify handle 30 len 16[0m
frame 2893: 29590 us total, 12560 us display, type 3
[0;32mI (109089) NIMBLE_HIDH: notify handle 30 len 16[0m
frame 2894: 27078 us total, 12576 us display, type 3
axes L  -1687 -11760 R    181   -448 level 1
[0;32mI (109119) NIMBLE_HIDH: notify handle 30 len 16[0m
frame 2895: 29170 us total, 12179 us display, type 3
[0;32mI (109149) NIMBLE_HIDH: notify handle 30 len 16[0m
frame 2896: 28006 us total, 12420 us display, type 3
[0;32mI (109179) NIMBLE_HIDH: notify handle 30 len 16[0m
frame 2897: 29053 us total, 12448 us display, type 3
[0;32mI (109209) NIMBLE_HIDH: notify handle 30 len 16[0m
frame 2898: 27616 us total, 12071 us display, type 3
frame 2899: 28647 us total, 11686 us display, type 3
[0;32mI (109239) NIMBLE_HIDH: notify handle 30 len 16[0m
frame 2900: 28969 us total, 11692 us display, type 3
[0;32mI (109269) NIMBLE_HIDH: notify handle 30 len 16[0m
frame 2901: 27949 us total, 11685 us display, type 3
[0;32mI (109299) NIMBLE_HIDH: notify handle 30 len 16[0m
frame 2902: 29586 us total, 12057 us display, type 3
[0;32mI (109329) NIMBLE_HIDH: notify handle 30 len 16[0m
frame 2903: 28383 us total, 11692 us display, type 3
axes L  -1687 -11813 R    181   -448 level 1
[0;32mI (109359) NIMBLE_HIDH: notify handle 30 len 16[0m
frame 2904: 28857 us total, 11699 us display, type 3
[0;32mI (109389) NIMBLE_HIDH: notify handle 30 len 16[0m
frame 2905: 27590 us total, 11692 us display, type 3
[0;32mI (109419) NIMBLE_HIDH: notify handle 30 len 16[0m
frame 2906: 29011 us total, 11692 us display, type 3
[0;32mI (109449) NIMBLE_HIDH: notify handle 30 len 16[0m
frame 2907: 28989 us total, 11692 us display, type 3
[0;32mI (109479) NIMBLE_HIDH: notify handle 30 len 16[0m
frame 2908: 27989 us total, 11692 us display, type 3
[0;32mI (109509) NIMBLE_HIDH: notify handle 30 len 16[0m
frame 2909: 29041 us total, 11711 us display, type 3
[0;32mI (109539) NIMBLE_HIDH: notify handle 30 len 16[0m
frame 2910: 27944 us total, 11692 us display, type 3
[0;32mI (109569) NIMBLE_HIDH: notify handle 30 len 16[0m
frame 2911: 29544 us total, 11685 us display, type 3
frame 2912: 26980 us total, 11691 us display, type 3
axes L  -1687 -11813 R    181   -448 level 1
[0;32mI (109615) NIMBLE_HIDH: notify handle 30 len 16[0m
[0;32mI (109615) NIMBLE_HIDH: notify handle 30 len 16[0m
frame 2913: 31383 us total, 11685 us display, type 3
[0;32mI (109644) NIMBLE_HIDH: notify handle 30 len 16[0m
frame 2914: 27261 us total, 11783 us display, type 3
[0;32mI (109674) NIMBLE_HIDH: notify handle 30 len 16[0m
frame 2915: 28306 us total, 11692 us display, type 3
[0;32mI (109704) NIMBLE_HIDH: notify handle 30 len 16[0m
frame 2916: 28985 us total, 11692 us display, type 3
[0;32mI (109734) NIMBLE_HIDH: notify handle 30 len 16[0m
frame 2917: 28012 us total, 11692 us display, type 3
[0;32mI (109764) NIMBLE_HIDH: notify handle 30 len 16[0m
frame 2918: 29016 us total, 11692 us display, type 3
[0;32mI (109794) NIMBLE_HIDH: notify handle 30 len 16[0m
frame 2919: 28124 us total, 11796 us display, type 3
[0;32mI (109824) NIMBLE_HIDH: notify handle 30 len 16[0m
frame 2920: 28857 us total, 11692 us display, type 3
[0;32mI (109854) NIMBLE_HIDH: notify handle 30 len 16[0m
frame 2921: 29317 us total, 11917 us display, type 3
axes L  -1687 -11857 R    181   -448 level 1
[0;32mI (109884) NIMBLE_HIDH: notify handle 30 len 16[0m
frame 2922: 27582 us total, 12793 us display, type 3
[0;32mI (109914) NIMBLE_HIDH: notify handle 30 len 16[0m
frame 2923: 28708 us total, 12341 us display, type 3
[0;32mI (109944) NIMBLE_HIDH: notify handle 30 len 16[0m
frame 2924: 28103 us total, 12540 us display, type 3
[0;32mI (109974) NIMBLE_HIDH: notify handle 30 len 16[0m
frame 2925: 29021 us total, 12631 us display, type 3
[0;32mI (110004) NIMBLE_HIDH: notify handle 30 len 16[0m
frame 2926: 27534 us total, 12214 us display, type 3
[0;32mI (110034) NIMBLE_HIDH: notify handle 30 len 16[0m
frame 2927: 28973 us total, 12185 us display, type 3
[0;32mI (110064) NIMBLE_HIDH: notify handle 30 len 16[0m
frame 2928: 28979 us total, 12178 us display, type 3
[0;32mI (110094) NIMBLE_HIDH: notify handle 30 len 16[0m
frame 2929: 28351 us total, 12494 us display, type 3
[0;32mI (110124) NIMBLE_HIDH: notify handle 30 len 16[0m
frame 2930: 28659 us total, 12207 us display, type 3
axes L  -1687 -11909 R    181   -448 level 1
frame 2931: 28270 us total, 11685 us display, type 3
[0;32mI (110154) NIMBLE_HIDH: notify handle 30 len 16[0m
frame 2932: 28930 us total, 11685 us display, type 3
[0;32mI (110184) NIMBLE_HIDH: notify handle 30 len 16[0m
frame 2933: 29202 us total, 11691 us display, type 3
[0;32mI (110214) NIMBLE_HIDH: notify handle 30 len 16[0m
frame 2934: 28442 us total, 11683 us display, type 3
[0;32mI (110244) NIMBLE_HIDH: notify handle 30 len 16[0m
frame 2935: 28987 us total, 11691 us display, type 3
[0;32mI (110274) NIMBLE_HIDH: notify handle 30 len 16[0m
frame 2936: 27916 us total, 11691 us display, type 3
[0;32mI (110304) NIMBLE_HIDH: notify handle 30 len 16[0m
frame 2937: 29039 us total, 11690 us display, type 3
[0;32mI (110334) NIMBLE_HIDH: notify handle 30 len 16[0m
frame 2938: 27983 us total, 11692 us display, type 3
[0;32mI (110364) NIMBLE_HIDH: notify handle 30 len 16[0m
[0;32mI (110379) NIMBLE_HIDH: notify handle 30 len 16[0m
frame 2939: 29768 us total, 12424 us display, type 3
axes L  -1687 -11953 R    181   -448 level 1
[0;32mI (110409) NIMBLE_HIDH: notify handle 30 len 16[0m
frame 2940: 26609 us total, 12060 us display, type 3
frame 2941: 28889 us total, 11692 us display, type 3
[0;32mI (110439) NIMBLE_HIDH: notify handle 30 len 16[0m
frame 2942: 28689 us total, 11692 us display, type 3
[0;32mI (110469) NIMBLE_HIDH: notify handle 30 len 16[0m
frame 2943: 28216 us total, 11685 us display, type 3
[0;32mI (110499) NIMBLE_HIDH: notify handle 30 len 16[0m
frame 2944: 29468 us total, 12056 us display, type 3
[0;32mI (110529) NIMBLE_HIDH: notify handle 30 len 16[0m
frame 2945: 28084 us total, 11831 us display, type 3
[0;32mI (110559) NIMBLE_HIDH: notify handle 30 len 16[0m
frame 2946: 29035 us total, 11826 us display, type 3
[0;32mI (110589) NIMBLE_HIDH: notify handle 30 len 16[0m
frame 2947: 27806 us total, 11690 us display, type 3
[0;32mI (110619) NIMBLE_HIDH: notify handle 30 len 16[0m
frame 2948: 28999 us total, 11691 us display, type 3
axes L  -1687 -11953 R    181   -448 level 1
[0;32mI (110649) NIMBLE_HIDH: notify handle 30 len 16[0m
frame 2949: 29372 us total, 11821 us display, type 3
[0;32mI (110679) NIMBLE_HIDH: notify handle 30 len 16[0m
frame 2950: 27602 us total, 11693 us display, type 3
[0;32mI (110709) NIMBLE_HIDH: notify handle 30 len 16[0m
frame 2951: 29608 us total, 11754 us display, type 3
[0;32mI (110739) NIMBLE_HIDH: notify handle 30 len 16[0m
frame 2952: 28188 us total, 11772 us display, type 3
[0;32mI (110769) NIMBLE_HIDH: notify handle 30 len 16[0m
frame 2953: 29277 us total, 11697 us display, type 3
[0;32mI (110799) NIMBLE_HIDH: notify handle 30 len 16[0m
frame 2954: 27007 us total, 12574 us display, type 3
[0;32mI (110814) NIMBLE_HIDH: notify handle 30 len 16[0m
frame 2955: 29329 us total, 11692 us display, type 3
[0;32mI (110844) NIMBLE_HIDH: notify handle 30 len 16[0m
frame 2956: 29092 us total, 11699 us display, type 3
[0;32mI (110874) NIMBLE_HIDH: notify handle 30 len 16[0m
frame 2957: 27984 us total, 11692 us display, type 3
axes L  -1687 -12011 R    181   -448 level 1
[0;32mI (110919) NIMBLE_HIDH: notify handle 30 len 16[0m
frame 2958: 28899 us total, 12188 us display, type 3
[0;32mI (110934) NIMBLE_HIDH: notify handle 30 len 16[0m
frame 2959: 28125 us total, 11699 us display, type 3
[0;32mI (110964) NIMBLE_HIDH: notify handle 30 len 16[0m
frame 2960: 28959 us total, 11692 us display, type 3
[0;32mI (110994) NIMBLE_HIDH: notify handle 30 len 16[0m
frame 2961: 28142 us total, 11749 us display, type 3
[0;32mI (111024) NIMBLE_HIDH: notify handle 30 len 16[0m
frame 2962: 28620 us total, 11692 us display, type 3
[0;32mI (111054) NIMBLE_HIDH: notify handle 30 len 16[0m
frame 2963: 29334 us total, 11685 us display, type 3
frame 2964: 26740 us total, 12057 us display, type 3
[0;32mI (111099) NIMBLE_HIDH: notify handle 30 len 16[0m
[0;32mI (111114) NIMBLE_HIDH: notify handle 30 len 16[0m
frame 2965: 29989 us total, 12377 us display, type 3
[0;32mI (111144) NIMBLE_HIDH: notify handle 30 len 16[0m
frame 2966: 27881 us total, 12651 us display, type 3
axes L  -1687 -12050 R    181   -448 level 1
[0;32mI (111174) NIMBLE_HIDH: notify handle 30 len 16[0m
frame 2967: 29019 us total, 12443 us display, type 3
[0;32mI (111204) NIMBLE_HIDH: notify handle 30 len 16[0m
frame 2968: 27506 us total, 12180 us display, type 3
[0;32mI (111234) NIMBLE_HIDH: notify handle 30 len 16[0m
frame 2969: 28998 us total, 12161 us display, type 3
[0;32mI (111264) NIMBLE_HIDH: notify handle 30 len 16[0m
frame 2970: 28934 us total, 12150 us display, type 3
[0;32mI (111294) NIMBLE_HIDH: notify handle 30 len 16[0m
frame 2971: 28361 us total, 12487 us display, type 3
[0;32mI (111324) NIMBLE_HIDH: notify handle 30 len 16[0m
frame 2972: 29604 us total, 12396 us display, type 3
frame 2973: 27632 us total, 11692 us display, type 3
[0;32mI (111354) NIMBLE_HIDH: notify handle 30 len 16[0m
frame 2974: 28568 us total, 11693 us display, type 3
[0;32mI (111384) NIMBLE_HIDH: notify handle 30 len 16[0m
frame 2975: 28694 us total, 12057 us display, type 3
axes L  -1687 -12050 R    181   -448 level 1
[0;32mI (111414) NIMBLE_HIDH: notify handle 30 len 16[0m
frame 2976: 29049 us total, 11686 us display, type 3
[0;32mI (111444) NIMBLE_HIDH: notify handle 30 len 16[0m
frame 2977: 28971 us total, 11699 us display, type 3
[0;32mI (111474) NIMBLE_HIDH: notify handle 30 len 16[0m
frame 2978: 27973 us total, 11692 us display, type 3
[0;32mI (111504) NIMBLE_HIDH: notify handle 30 len 16[0m
frame 2979: 29048 us total, 11692 us display, type 3
[0;32mI (111534) NIMBLE_HIDH: notify handle 30 len 16[0m
frame 2980: 27937 us total, 11692 us display, type 3
[0;32mI (111564) NIMBLE_HIDH: notify handle 30 len 16[0m
frame 2981: 29070 us total, 11685 us display, type 3
[0;32mI (111594) NIMBLE_HIDH: notify handle 30 len 16[0m
frame 2982: 27699 us total, 11706 us display, type 3
[0;32mI (111624) NIMBLE_HIDH: notify handle 30 len 16[0m
frame 2983: 29474 us total, 11813 us display, type 3
[0;32mI (111654) NIMBLE_HIDH: notify handle 30 len 16[0m
frame 2984: 28447 us total, 11693 us display, type 3
[0;32mI (111669) NIMBLE_HIDH: notify handle 30 len 16[0m
axes L  -1687 -12111 R    181   -448 level 1
frame 2985: 27086 us total, 12057 us display, type 3
[0;32mI (111699) NIMBLE_HIDH: notify handle 30 len 16[0m
frame 2986: 29376 us total, 11685 us display, type 3
[0;32mI (111729) NIMBLE_HIDH: notify handle 30 len 16[0m
frame 2987: 28561 us total, 11802 us display, type 3
[0;32mI (111774) NIMBLE_HIDH: notify handle 30 len 16[0m
frame 2988: 29007 us total, 12656 us display, type 3
[0;32mI (111789) NIMBLE_HIDH: notify handle 30 len 16[0m
frame 2989: 28069 us total, 11869 us display, type 3
[0;32mI (111819) NIMBLE_HIDH: notify handle 30 len 16[0m
frame 2990: 28718 us total, 11685 us display, type 3
[0;32mI (111849) NIMBLE_HIDH: notify handle 30 len 16[0m
frame 2991: 29028 us total, 11693 us display, type 3
[0;32mI (111879) NIMBLE_HIDH: notify handle 30 len 16[0m
frame 2992: 28703 us total, 11685 us display, type 3
[0;32mI (111924) NIMBLE_HIDH: notify handle 30 len 16[0m
frame 2993: 29307 us total, 12481 us display, type 3
axes L  -1687 -12148 R    181   -448 level 1
[0;32mI (111939) NIMBLE_HIDH: notify handle 30 len 16[0m
frame 2994: 27169 us total, 11692 us display, type 3
[0;32mI (111969) NIMBLE_HIDH: notify handle 30 len 16[0m
frame 2995: 29288 us total, 11692 us display, type 3
[0;32mI (111999) NIMBLE_HIDH: notify handle 30 len 16[0m
frame 2996: 27601 us total, 12460 us display, type 3
[0;32mI (112029) NIMBLE_HIDH: notify handle 30 len 16[0m
frame 2997: 29201 us total, 12373 us display, type 3
[0;32mI (112059) NIMBLE_HIDH: notify handle 30 len 16[0m
frame 2998: 28917 us total, 12270 us display, type 3
[0;32mI (112089) NIMBLE_HIDH: notify handle 30 len 16[0m
frame 2999: 28028 us total, 12190 us display, type 3
[0;32mI (112119) NIMBLE_HIDH: notify handle 30 len 16[0m
frame 3000: 29001 us total, 12254 us display, type 3
[0;32mI (112149) NIMBLE_HIDH: notify handle 30 len 16[0m
frame 3001: 28130 us total, 12335 us display, type 3
[0;32mI (112179) NIMBLE_HIDH: notify handle 30 len 16[0m
frame 3002: 28675 us total, 12326 us display, type 3
axes L  -1687 -12208 R    181   -448 level 1
frame 3003: 27926 us total, 11685 us display, type 3
[0;32mI (112224) NIMBLE_HIDH: notify handle 30 len 16[0m
[0;32mI (112239) NIMBLE_HIDH: notify handle 30 len 16[0m
frame 3004: 29687 us total, 12223 us display, type 3
frame 3005: 27575 us total, 11699 us display, type 3
[0;32mI (112269) NIMBLE_HIDH: notify handle 30 len 16[0m
frame 3006: 27449 us total, 11691 us display, type 3
[0;32mI (112299) NIMBLE_HIDH: notify handle 30 len 16[0m
frame 3007: 29928 us total, 11685 us display, type 3
[0;32mI (112329) NIMBLE_HIDH: notify handle 30 len 16[0m
frame 3008: 28598 us total, 11831 us display, type 3
[0;32mI (112359) NIMBLE_HIDH: notify handle 30 len 16[0m
frame 3009: 29039 us total, 11801 us display, type 3
[0;32mI (112389) NIMBLE_HIDH: notify handle 30 len 16[0m
frame 3010: 27778 us total, 11692 us display, type 3
[0;32mI (112419) NIMBLE_HIDH: notify handle 30 len 16[0m
frame 3011: 28988 us total, 11692 us display, type 3
axes L  -1687 -12245 R    181   -448 level 1
[0;32mI (112449) NIMBLE_HIDH: notify handle 30 len 16[0m
frame 3012: 29897 us total, 11685 us display, type 3
[0;32mI (112479) NIMBLE_HIDH: notify handle 30 len 16[0m
frame 3013: 27638 us total, 11830 us display, type 3
[0;32mI (112509) NIMBLE_HIDH: notify handle 30 len 16[0m
frame 3014: 29084 us total, 11735 us display, type 3
[0;32mI (112539) NIMBLE_HIDH: notify handle 30 len 16[0m
frame 3015: 27845 us total, 11692 us display, type 3
frame 3016: 28207 us total, 11687 us display, type 3
[0;32mI (112584) NIMBLE_HIDH: notify handle 30 len 16[0m
[0;32mI (112599) NIMBLE_HIDH: notify handle 30 len 16[0m
frame 3017: 29580 us total, 12786 us display, type 3
[0;32mI (112629) NIMBLE_HIDH: notify handle 30 len 16[0m
frame 3018: 28074 us total, 12372 us display, type 3
[0;32mI (112659) NIMBLE_HIDH: notify handle 30 len 16[0m
frame 3019: 29003 us total, 12289 us display, type 3
[0;32mI (112689) NIMBLE_HIDH: notify handle 30 len 16[0m
frame 3020: 27889 us total, 12199 us display, type 3
axes L  -1687 -12305 R    181   -448 level 1
[0;32mI (112719) NIMBLE_HIDH: notify handle 30 len 16[0m
frame 3021: 29230 us total, 12178 us display, type 3
[0;32mI (112749) NIMBLE_HIDH: notify handle 30 len 16[0m
frame 3022: 27424 us total, 12143 us display, type 3
[0;32mI (112779) NIMBLE_HIDH: notify handle 30 len 16[0m
frame 3023: 29537 us total, 12318 us display, type 3
[0;32mI (112794) NIMBLE_HIDH: notify handle 30 len 16[0m
frame 3024: 27748 us total, 11711 us display, type 3
[0;32mI (112824) NIMBLE_HIDH: notify handle 30 len 16[0m
frame 3025: 28870 us total, 11693 us display, type 3
[0;32mI (112854) NIMBLE_HIDH: notify handle 30 len 16[0m
frame 3026: 28991 us total, 11692 us display, type 3
[0;32mI (112884) NIMBLE_HIDH: notify handle 30 len 16[0m
frame 3027: 27538 us total, 12386 us display, type 3
[0;32mI (112914) NIMBLE_HIDH: notify handle 30 len 16[0m
frame 3028: 28971 us total, 12377 us display, type 3
[0;32mI (112944) NIMBLE_HIDH: notify handle 30 len 16[0m
frame 3029: 28657 us total, 12649 us display, type 3
axes L  -1687 -12341 R    181   -448 level 1
[0;32mI (112974) NIMBLE_HIDH: notify handle 30 len 16[0m
frame 3030: 29033 us total, 12509 us display, type 3
[0;32mI (113004) NIMBLE_HIDH: notify handle 30 len 16[0m
frame 3031: 27446 us total, 12167 us display, type 3
[0;32mI (113034) NIMBLE_HIDH: notify handle 30 len 16[0m
frame 3032: 29632 us total, 12096 us display, type 3
[0;32mI (113064) NIMBLE_HIDH: notify handle 30 len 16[0m
frame 3033: 29385 us total, 12144 us display, type 3
[0;32mI (113094) NIMBLE_HIDH: notify handle 30 len 16[0m
frame 3034: 27823 us total, 12471 us display, type 3
[0;32mI (113124) NIMBLE_HIDH: notify handle 30 len 16[0m
frame 3035: 28483 us total, 12020 us display, type 3
frame 3036: 27654 us total, 11686 us display, type 3
[0;32mI (113154) NIMBLE_HIDH: notify handle 30 len 16[0m
frame 3037: 29008 us total, 11685 us display, type 3
[0;32mI (113184) NIMBLE_HIDH: notify handle 30 len 16[0m
frame 3038: 28823 us total, 12057 us display, type 3
axes L  -1687 -12402 R    181   -448 level 1
[0;32mI (113214) NIMBLE_HIDH: notify handle 30 len 16[0m
frame 3039: 29140 us total, 11685 us display, type 3
[0;32mI (113244) NIMBLE_HIDH: notify handle 30 len 16[0m
frame 3040: 28911 us total, 11699 us display, type 3
[0;32mI (113274) NIMBLE_HIDH: notify handle 30 len 16[0m
frame 3041: 28039 us total, 11685 us display, type 3
[0;32mI (113304) NIMBLE_HIDH: notify handle 30 len 16[0m
frame 3042: 28728 us total, 11745 us display, type 3
[0;32mI (113334) NIMBLE_HIDH: notify handle 30 len 16[0m
[0;32mI (113349) NIMBLE_HIDH: notify handle 30 len 16[0m
frame 3043: 28905 us total, 12292 us display, type 3
[0;32mI (113379) NIMBLE_HIDH: notify handle 30 len 16[0m
frame 3044: 27763 us total, 12316 us display, type 3
[0;32mI (113409) NIMBLE_HIDH: notify handle 30 len 16[0m
frame 3045: 27720 us total, 12145 us display, type 3
frame 3046: 28549 us total, 11699 us display, type 3
[0;32mI (113439) NIMBLE_HIDH: notify handle 30 len 16[0m
frame 3047: 28999 us total, 11700 us display, type 3
[0;32mI (113469) NIMBLE_HIDH: notify handle 30 len 16[0m
axes L  -1687 -12437 R    181   -448 level 1
frame 3048: 28049 us total, 12057 us display, type 3
[0;32mI (113499) NIMBLE_HIDH: notify handle 30 len 16[0m
frame 3049: 29400 us total, 11685 us display, type 3
[0;32mI (113529) NIMBLE_HIDH: notify handle 30 len 16[0m
frame 3050: 28519 us total, 11820 us display, type 3
[0;32mI (113559) NIMBLE_HIDH: notify handle 30 len 16[0m
frame 3051: 29029 us total, 11807 us display, type 3
[0;32mI (113589) NIMBLE_HIDH: notify handle 30 len 16[0m
frame 3052: 28523 us total, 11692 us display, type 3
[0;32mI (113619) NIMBLE_HIDH: notify handle 30 len 16[0m
frame 3053: 29544 us total, 11899 us display, type 3
[0;32mI (113649) NIMBLE_HIDH: notify handle 30 len 16[0m
frame 3054: 28267 us total, 11685 us display, type 3
[0;32mI (113679) NIMBLE_HIDH: notify handle 30 len 16[0m
frame 3055: 27982 us total, 11754 us display, type 3
[0;32mI (113709) NIMBLE_HIDH: notify handle 30 len 16[0m
frame 3056: 29082 us total, 11845 us display, type 3
axes L  -1687 -12498 R    181   -448 level 1
frame 3057: 27263 us total, 11692 us display, type 3
[0;32mI (113754) NIMBLE_HIDH: notify handle 30 len 16[0m
[0;32mI (113769) NIMBLE_HIDH: notify handle 30 len 16[0m
frame 3058: 29594 us total, 11771 us display, type 3
[0;32mI (113799) NIMBLE_HIDH: notify handle 30 len 16[0m
frame 3059: 27604 us total, 12445 us display, type 3
[0;32mI (113814) NIMBLE_HIDH: notify handle 30 len 16[0m
frame 3060: 29311 us total, 11692 us display, type 3
[0;32mI (113844) NIMBLE_HIDH: notify handle 30 len 16[0m
frame 3061: 29143 us total, 11692 us display, type 3
[0;32mI (113874) NIMBLE_HIDH: notify handle 30 len 16[0m
frame 3062: 27692 us total, 11699 us display, type 3
[0;32mI (113904) NIMBLE_HIDH: notify handle 30 len 16[0m
frame 3063: 29361 us total, 11692 us display, type 3
[0;32mI (113934) NIMBLE_HIDH: notify handle 30 len 16[0m
frame 3064: 27545 us total, 11692 us display, type 3
[0;32mI (113964) NIMBLE_HIDH: notify handle 30 len 16[0m
frame 3065: 28902 us total, 11692 us display, type 3
axes L  -1687 -12533 R    181   -448 level 1
[0;32mI (113994) NIMBLE_HIDH: notify handle 30 len 16[0m
frame 3066: 28212 us total, 11705 us display, type 3
[0;32mI (114024) NIMBLE_HIDH: notify handle 30 len 16[0m
frame 3067: 28770 us total, 11693 us display, type 3
[0;32mI (114054) NIMBLE_HIDH: notify handle 30 len 16[0m
frame 3068: 28996 us total, 11692 us display, type 3
[0;32mI (114084) NIMBLE_HIDH: notify handle 30 len 16[0m
frame 3069: 27545 us total, 12386 us display, type 3
[0;32mI (114114) NIMBLE_HIDH: notify handle 30 len 16[0m
frame 3070: 28938 us total, 12382 us display, type 3
[0;32mI (114144) NIMBLE_HIDH: notify handle 30 len 16[0m
frame 3071: 28692 us total, 12708 us display, type 3
[0;32mI (114174) NIMBLE_HIDH: notify handle 30 len 16[0m
frame 3072: 29359 us total, 12290 us display, type 3
mem @frame 3072: heap free 66484, largest 40960, min ever 65664, zone free 55016, stack free 14540, uptime 113 s, gamestate 0, demo 0, usergame 1, tic 3893
[0;32mI (114204) NIMBLE_HIDH: notify handle 30 len 16[0m
frame 3073: 28630 us total, 12473 us display, type 3
[0;32mI (114234) NIMBLE_HIDH: notify handle 30 len 16[0m
frame 3074: 28102 us total, 12200 us display, type 3
axes L  -1687 -12594 R    181   -448 level 1
[0;32mI (114264) NIMBLE_HIDH: notify handle 30 len 16[0m
frame 3075: 29069 us total, 12150 us display, type 3
[0;32mI (114294) NIMBLE_HIDH: notify handle 30 len 16[0m
frame 3076: 28150 us total, 12517 us display, type 3
[0;32mI (114324) NIMBLE_HIDH: notify handle 30 len 16[0m
frame 3077: 28509 us total, 12027 us display, type 3
frame 3078: 27664 us total, 11693 us display, type 3
[0;32mI (114354) NIMBLE_HIDH: notify handle 30 len 16[0m
frame 3079: 29050 us total, 11686 us display, type 3
[0;32mI (114384) NIMBLE_HIDH: notify handle 30 len 16[0m
frame 3080: 28814 us total, 12057 us display, type 3
[0;32mI (114414) NIMBLE_HIDH: notify handle 30 len 16[0m
frame 3081: 28885 us total, 11693 us display, type 3
[0;32mI (114444) NIMBLE_HIDH: notify handle 30 len 16[0m
frame 3082: 28833 us total, 11692 us display, type 3
[0;32mI (114474) NIMBLE_HIDH: notify handle 30 len 16[0m
frame 3083: 28389 us total, 11685 us display, type 3
axes L  -1687 -12635 R    181   -448 level 1
[0;32mI (114504) NIMBLE_HIDH: notify handle 30 len 16[0m
frame 3084: 28755 us total, 11692 us display, type 3
[0;32mI (114534) NIMBLE_HIDH: notify handle 30 len 16[0m
frame 3085: 27631 us total, 11692 us display, type 3
[0;32mI (114564) NIMBLE_HIDH: notify handle 30 len 16[0m
[0;32mI (114579) NIMBLE_HIDH: notify handle 30 len 16[0m
frame 3086: 29307 us total, 11982 us display, type 3
[0;32mI (114609) NIMBLE_HIDH: notify handle 30 len 16[0m
frame 3087: 27329 us total, 12133 us display, type 3
frame 3088: 28574 us total, 11692 us display, type 3
[0;32mI (114639) NIMBLE_HIDH: notify handle 30 len 16[0m
frame 3089: 29018 us total, 11693 us display, type 3
[0;32mI (114669) NIMBLE_HIDH: notify handle 30 len 16[0m
frame 3090: 27417 us total, 11684 us display, type 3
[0;32mI (114699) NIMBLE_HIDH: notify handle 30 len 16[0m
frame 3091: 29897 us total, 11684 us display, type 3
[0;32mI (114729) NIMBLE_HIDH: notify handle 30 len 16[0m
frame 3092: 29153 us total, 11684 us display, type 3
axes L  -1687 -12690 R    181   -448 level 1
[0;32mI (114759) NIMBLE_HIDH: notify handle 30 len 16[0m
frame 3093: 29614 us total, 11691 us display, type 3
[0;32mI (114789) NIMBLE_HIDH: notify handle 30 len 16[0m
frame 3094: 27010 us total, 11693 us display, type 3
[0;32mI (114819) NIMBLE_HIDH: notify handle 30 len 16[0m
frame 3095: 29104 us total, 11697 us display, type 3
[0;32mI (114849) NIMBLE_HIDH: notify handle 30 len 16[0m
frame 3096: 28746 us total, 11693 us display, type 3
[0;32mI (114879) NIMBLE_HIDH: notify handle 30 len 16[0m
frame 3097: 28341 us total, 11767 us display, type 3
[0;32mI (114909) NIMBLE_HIDH: notify handle 30 len 16[0m
frame 3098: 29081 us total, 11852 us display, type 3
[0;32mI (114939) NIMBLE_HIDH: notify handle 30 len 16[0m
frame 3099: 27839 us total, 11692 us display, type 3
[0;32mI (114969) NIMBLE_HIDH: notify handle 30 len 16[0m
frame 3100: 29024 us total, 11768 us display, type 3
[0;32mI (114999) NIMBLE_HIDH: notify handle 30 len 16[0m
frame 3101: 27604 us total, 12493 us display, type 3
axes L  -1687 -12733 R    181   -448 level 1
[0;32mI (115029) NIMBLE_HIDH: notify handle 30 len 16[0m
frame 3102: 29144 us total, 12394 us display, type 3
[0;32mI (115044) NIMBLE_HIDH: notify handle 30 len 16[0m
frame 3103: 29368 us total, 11687 us display, type 3
[0;32mI (115074) NIMBLE_HIDH: notify handle 30 len 16[0m
frame 3104: 27632 us total, 11782 us display, type 3
[0;32mI (115104) NIMBLE_HIDH: notify handle 30 len 16[0m
frame 3105: 28815 us total, 11690 us display, type 3
[0;32mI (115134) NIMBLE_HIDH: notify handle 30 len 16[0m
frame 3106: 27986 us total, 11692 us display, type 3
[0;32mI (115164) NIMBLE_HIDH: notify handle 30 len 16[0m
frame 3107: 29011 us total, 11692 us display, type 3
[0;32mI (115194) NIMBLE_HIDH: notify handle 30 len 16[0m
[0;32mI (115209) NIMBLE_HIDH: notify handle 30 len 16[0m
frame 3108: 28676 us total, 12382 us display, type 3
frame 3109: 27538 us total, 11692 us display, type 3
[0;32mI (115239) NIMBLE_HIDH: notify handle 30 len 16[0m
frame 3110: 28969 us total, 11699 us display, type 3
[0;32mI (115269) NIMBLE_HIDH: notify handle 30 len 16[0m
axes L  -1687 -12832 R    181   -448 level 1
frame 3111: 28029 us total, 12057 us display, type 3
[0;32mI (115299) NIMBLE_HIDH: notify handle 30 len 16[0m
frame 3112: 30438 us total, 11685 us display, type 3
[0;32mI (115329) NIMBLE_HIDH: notify handle 30 len 16[0m
frame 3113: 28434 us total, 11702 us display, type 3
[0;32mI (115359) NIMBLE_HIDH: notify handle 30 len 16[0m
frame 3114: 28576 us total, 11685 us display, type 3
[0;32mI (115389) NIMBLE_HIDH: notify handle 30 len 16[0m
frame 3115: 27819 us total, 11699 us display, type 3
[0;32mI (115434) NIMBLE_HIDH: notify handle 30 len 16[0m
frame 3116: 28346 us total, 12155 us display, type 3
[0;32mI (115449) NIMBLE_HIDH: notify handle 30 len 16[0m
frame 3117: 29528 us total, 11887 us display, type 3
[0;32mI (115479) NIMBLE_HIDH: notify handle 30 len 16[0m
[0;32mI (115494) NIMBLE_HIDH: notify handle 30 len 16[0m
frame 3118: 28661 us total, 12245 us display, type 3
[0;32mI (115524) NIMBLE_HIDH: notify handle 30 len 16[0m
frame 3119: 27974 us total, 12027 us display, type 3
axes L  -1687 -12890 R    181   -448 level 1
frame 3120: 27861 us total, 11692 us display, type 3
[0;32mI (115554) NIMBLE_HIDH: notify handle 30 len 16[0m
frame 3121: 28781 us total, 11689 us display, type 3
[0;32mI (115584) NIMBLE_HIDH: notify handle 30 len 16[0m
frame 3122: 28581 us total, 12058 us display, type 3
[0;32mI (115614) NIMBLE_HIDH: notify handle 30 len 16[0m
frame 3123: 29249 us total, 11692 us display, type 3
[0;32mI (115644) NIMBLE_HIDH: notify handle 30 len 16[0m
[0;32mI (115659) NIMBLE_HIDH: notify handle 30 len 16[0m
frame 3124: 29615 us total, 12655 us display, type 3
[0;32mI (115689) NIMBLE_HIDH: notify handle 30 len 16[0m
frame 3125: 26103 us total, 12168 us display, type 3
[0;32mI (115719) NIMBLE_HIDH: notify handle 30 len 16[0m
frame 3126: 29463 us total, 12161 us display, type 3
[0;32mI (115749) NIMBLE_HIDH: notify handle 30 len 16[0m
frame 3127: 28005 us total, 12158 us display, type 3
[0;32mI (115779) NIMBLE_HIDH: notify handle 30 len 16[0m
frame 3128: 29191 us total, 12360 us display, type 3
axes L  -1687 -12930 R    181   -448 level 1
[0;32mI (115809) NIMBLE_HIDH: notify handle 30 len 16[0m
frame 3129: 27890 us total, 12027 us display, type 3
frame 3130: 28420 us total, 11692 us display, type 3
[0;32mI (115839) NIMBLE_HIDH: notify handle 30 len 16[0m
frame 3131: 28988 us total, 11693 us display, type 3
[0;32mI (115869) NIMBLE_HIDH: notify handle 30 len 16[0m
[0;32mI (115884) NIMBLE_HIDH: notify handle 30 len 16[0m
frame 3132: 29278 us total, 12786 us display, type 3
[0;32mI (115914) NIMBLE_HIDH: notify handle 30 len 16[0m
frame 3133: 29094 us total, 12382 us display, type 3
[0;32mI (115944) NIMBLE_HIDH: notify handle 30 len 16[0m
frame 3134: 27820 us total, 12297 us display, type 3
[0;32mI (115974) NIMBLE_HIDH: notify handle 30 len 16[0m
frame 3135: 28939 us total, 12289 us display, type 3
[0;32mI (116004) NIMBLE_HIDH: notify handle 30 len 16[0m
frame 3136: 27899 us total, 12528 us display, type 3
[0;32mI (116034) NIMBLE_HIDH: notify handle 30 len 16[0m
frame 3137: 28626 us total, 12153 us display, type 3
axes L  -1687 -13026 R    181   -448 level 1
[0;32mI (116064) NIMBLE_HIDH: notify handle 30 len 16[0m
frame 3138: 29519 us total, 12180 us display, type 3
[0;32mI (116094) NIMBLE_HIDH: notify handle 30 len 16[0m
frame 3139: 28159 us total, 12480 us display, type 3
[0;32mI (116124) NIMBLE_HIDH: notify handle 30 len 16[0m
frame 3140: 28511 us total, 12029 us display, type 3
frame 3141: 27650 us total, 11691 us display, type 3
[0;32mI (116154) NIMBLE_HIDH: notify handle 30 len 16[0m
frame 3142: 28767 us total, 11699 us display, type 3
[0;32mI (116184) NIMBLE_HIDH: notify handle 30 len 16[0m
frame 3143: 29161 us total, 12056 us display, type 3
[0;32mI (116214) NIMBLE_HIDH: notify handle 30 len 16[0m
frame 3144: 28548 us total, 11754 us display, type 3
[0;32mI (116244) NIMBLE_HIDH: notify handle 30 len 16[0m
[0;32mI (116259) NIMBLE_HIDH: notify handle 30 len 16[0m
frame 3145: 29973 us total, 12735 us display, type 3
[0;32mI (116289) NIMBLE_HIDH: notify handle 30 len 16[0m
frame 3146: 26103 us total, 12133 us display, type 3
axes L  -1687 -13082 R    181   -448 level 1
[0;32mI (116319) NIMBLE_HIDH: notify handle 30 len 16[0m
frame 3147: 29997 us total, 12472 us display, type 3
[0;32mI (116349) NIMBLE_HIDH: notify handle 30 len 16[0m
frame 3148: 27479 us total, 12156 us display, type 3
[0;32mI (116379) NIMBLE_HIDH: notify handle 30 len 16[0m
frame 3149: 29201 us total, 12339 us display, type 3
[0;32mI (116409) NIMBLE_HIDH: notify handle 30 len 16[0m
frame 3150: 27773 us total, 12162 us display, type 3
frame 3151: 28507 us total, 11692 us display, type 3
[0;32mI (116439) NIMBLE_HIDH: notify handle 30 len 16[0m
[0;32mI (116454) NIMBLE_HIDH: notify handle 30 len 16[0m
frame 3152: 30619 us total, 11747 us display, type 3
[0;32mI (116484) NIMBLE_HIDH: notify handle 30 len 16[0m
frame 3153: 28166 us total, 11685 us display, type 3
[0;32mI (116514) NIMBLE_HIDH: notify handle 30 len 16[0m
frame 3154: 28133 us total, 12406 us display, type 3
[0;32mI (116544) NIMBLE_HIDH: notify handle 30 len 16[0m
frame 3155: 28081 us total, 12488 us display, type 3
axes L  -1687 -13122 R    181   -448 level 1
[0;32mI (116574) NIMBLE_HIDH: notify handle 30 len 16[0m
frame 3156: 29041 us total, 12283 us display, type 3
[0;32mI (116604) NIMBLE_HIDH: notify handle 30 len 16[0m
frame 3157: 27998 us total, 12508 us display, type 3
[0;32mI (116634) NIMBLE_HIDH: notify handle 30 len 16[0m
frame 3158: 28627 us total, 12163 us display, type 3
[0;32mI (116649) NIMBLE_HIDH: notify handle 30 len 16[0m
frame 3159: 29646 us total, 11692 us display, type 3
[0;32mI (116679) NIMBLE_HIDH: notify handle 30 len 16[0m
frame 3160: 28048 us total, 11754 us display, type 3
[0;32mI (116709) NIMBLE_HIDH: notify handle 30 len 16[0m
frame 3161: 29085 us total, 11865 us display, type 3
[0;32mI (116739) NIMBLE_HIDH: notify handle 30 len 16[0m
frame 3162: 27577 us total, 11692 us display, type 3
frame 3163: 28543 us total, 11690 us display, type 3
[0;32mI (116784) NIMBLE_HIDH: notify handle 30 len 16[0m
[0;32mI (116799) NIMBLE_HIDH: notify handle 30 len 16[0m
frame 3164: 28744 us total, 12378 us display, type 3
axes L  -1687 -13178 R    181   -448 level 1
[0;32mI (116829) NIMBLE_HIDH: notify handle 30 len 16[0m
frame 3165: 28670 us total, 12528 us display, type 3
[0;32mI (116859) NIMBLE_HIDH: notify handle 30 len 16[0m
frame 3166: 29034 us total, 12655 us display, type 3
[0;32mI (116889) NIMBLE_HIDH: notify handle 30 len 16[0m
frame 3167: 27513 us total, 12178 us display, type 3
[0;32mI (116919) NIMBLE_HIDH: notify handle 30 len 16[0m
frame 3168: 28994 us total, 12174 us display, type 3
[0;32mI (116949) NIMBLE_HIDH: notify handle 30 len 16[0m
frame 3169: 28014 us total, 12152 us display, type 3
[0;32mI (116979) NIMBLE_HIDH: notify handle 30 len 16[0m
frame 3170: 29162 us total, 12357 us display, type 3
[0;32mI (117009) NIMBLE_HIDH: notify handle 30 len 16[0m
frame 3171: 27797 us total, 12196 us display, type 3
[0;32mI (117039) NIMBLE_HIDH: notify handle 30 len 16[0m
frame 3172: 30000 us total, 12460 us display, type 3
frame 3173: 28532 us total, 11692 us display, type 3
[0;32mI (117069) NIMBLE_HIDH: notify handle 30 len 16[0m
axes L  -1687 -13276 R    181   -448 level 1
frame 3174: 27679 us total, 11692 us display, type 3
[0;32mI (117099) NIMBLE_HIDH: notify handle 30 len 16[0m
frame 3175: 29372 us total, 12057 us display, type 3
[0;32mI (117129) NIMBLE_HIDH: notify handle 30 len 16[0m
frame 3176: 28040 us total, 11698 us display, type 3
[0;32mI (117159) NIMBLE_HIDH: notify handle 30 len 16[0m
frame 3177: 29013 us total, 11691 us display, type 3
[0;32mI (117189) NIMBLE_HIDH: notify handle 30 len 16[0m
[0;32mI (117204) NIMBLE_HIDH: notify handle 30 len 16[0m
frame 3178: 28850 us total, 12581 us display, type 3
[0;32mI (117234) NIMBLE_HIDH: notify handle 30 len 16[0m
frame 3179: 28127 us total, 12261 us display, type 3
[0;32mI (117264) NIMBLE_HIDH: notify handle 30 len 16[0m
frame 3180: 29070 us total, 12369 us display, type 3
[0;32mI (117294) NIMBLE_HIDH: notify handle 30 len 16[0m
frame 3181: 28153 us total, 12522 us display, type 3
[0;32mI (117324) NIMBLE_HIDH: notify handle 30 len 16[0m
frame 3182: 28259 us total, 12029 us display, type 3
axes L  -1687 -13320 R    181   -448 level 1
frame 3183: 28231 us total, 11691 us display, type 3
[0;32mI (117354) NIMBLE_HIDH: notify handle 30 len 16[0m
frame 3184: 28333 us total, 11692 us display, type 3
[0;32mI (117384) NIMBLE_HIDH: notify handle 30 len 16[0m
frame 3185: 28746 us total, 12063 us display, type 3
[0;32mI (117414) NIMBLE_HIDH: notify handle 30 len 16[0m
frame 3186: 29066 us total, 11903 us display, type 3
[0;32mI (117444) NIMBLE_HIDH: notify handle 30 len 16[0m
frame 3187: 29055 us total, 11816 us display, type 3
[0;32mI (117474) NIMBLE_HIDH: notify handle 30 len 16[0m
frame 3188: 28030 us total, 11899 us display, type 3
[0;32mI (117504) NIMBLE_HIDH: notify handle 30 len 16[0m
frame 3189: 29060 us total, 11900 us display, type 3
[0;32mI (117534) NIMBLE_HIDH: notify handle 30 len 16[0m
frame 3190: 27698 us total, 11686 us display, type 3
[0;32mI (117564) NIMBLE_HIDH: notify handle 30 len 16[0m
frame 3191: 28984 us total, 11686 us display, type 3
axes L  -1687 -13419 R    181   -448 level 1
[0;32mI (117594) NIMBLE_HIDH: notify handle 30 len 16[0m
frame 3192: 28937 us total, 11685 us display, type 3
[0;32mI (117624) NIMBLE_HIDH: notify handle 30 len 16[0m
frame 3193: 29088 us total, 11704 us display, type 3
[0;32mI (117654) NIMBLE_HIDH: notify handle 30 len 16[0m
frame 3194: 28747 us total, 11881 us display, type 3
[0;32mI (117684) NIMBLE_HIDH: notify handle 30 len 16[0m
frame 3195: 27352 us total, 12784 us display, type 3
[0;32mI (117714) NIMBLE_HIDH: notify handle 30 len 16[0m
frame 3196: 29061 us total, 12830 us display, type 3
[0;32mI (117729) NIMBLE_HIDH: notify handle 30 len 16[0m
frame 3197: 28115 us total, 11692 us display, type 3
[0;32mI (117759) NIMBLE_HIDH: notify handle 30 len 16[0m
frame 3198: 28994 us total, 11692 us display, type 3
[0;32mI (117789) NIMBLE_HIDH: notify handle 30 len 16[0m
frame 3199: 28248 us total, 11699 us display, type 3
[0;32mI (117834) NIMBLE_HIDH: notify handle 30 len 16[0m
frame 3200: 28788 us total, 12350 us display, type 3
axes L  -1687 -13475 R    181   -448 level 1
[0;32mI (117849) NIMBLE_HIDH: notify handle 30 len 16[0m
frame 3201: 29378 us total, 11685 us display, type 3
[0;32mI (117879) NIMBLE_HIDH: notify handle 30 len 16[0m
[0;32mI (117894) NIMBLE_HIDH: notify handle 30 len 16[0m
frame 3202: 28107 us total, 12248 us display, type 3
[0;32mI (117924) NIMBLE_HIDH: notify handle 30 len 16[0m
frame 3203: 28819 us total, 12526 us display, type 3
frame 3204: 26716 us total, 11692 us display, type 3
[0;32mI (117954) NIMBLE_HIDH: notify handle 30 len 16[0m
frame 3205: 28930 us total, 11692 us display, type 3
[0;32mI (117984) NIMBLE_HIDH: notify handle 30 len 16[0m
frame 3206: 28834 us total, 12056 us display, type 3
[0;32mI (118014) NIMBLE_HIDH: notify handle 30 len 16[0m
frame 3207: 29059 us total, 11899 us display, type 3
[0;32mI (118044) NIMBLE_HIDH: notify handle 30 len 16[0m
frame 3208: 29056 us total, 11832 us display, type 3
[0;32mI (118074) NIMBLE_HIDH: notify handle 30 len 16[0m
frame 3209: 28026 us total, 11821 us display, type 3
axes L  -1687 -13574 R    181   -448 level 1
[0;32mI (118104) NIMBLE_HIDH: notify handle 30 len 16[0m
frame 3210: 29064 us total, 11707 us display, type 3
[0;32mI (118134) NIMBLE_HIDH: notify handle 30 len 16[0m
frame 3211: 27734 us total, 11692 us display, type 3
[0;32mI (118164) NIMBLE_HIDH: notify handle 30 len 16[0m
frame 3212: 29689 us total, 11685 us display, type 3
[0;32mI (118194) NIMBLE_HIDH: notify handle 30 len 16[0m
frame 3213: 28326 us total, 11692 us display, type 3
[0;32mI (118224) NIMBLE_HIDH: notify handle 30 len 16[0m
[0;32mI (118239) NIMBLE_HIDH: notify handle 30 len 16[0m
frame 3214: 28907 us total, 12053 us display, type 3
frame 3215: 27457 us total, 11692 us display, type 3
[0;32mI (118269) NIMBLE_HIDH: notify handle 30 len 16[0m
frame 3216: 27840 us total, 12057 us display, type 3
[0;32mI (118299) NIMBLE_HIDH: notify handle 30 len 16[0m
frame 3217: 29987 us total, 12060 us display, type 3
[0;32mI (118329) NIMBLE_HIDH: notify handle 30 len 16[0m
frame 3218: 28045 us total, 11692 us display, type 3
axes L  -1687 -13616 R    181   -448 level 1
[0;32mI (118359) NIMBLE_HIDH: notify handle 30 len 16[0m
frame 3219: 29541 us total, 11693 us display, type 3
[0;32mI (118389) NIMBLE_HIDH: notify handle 30 len 16[0m
frame 3220: 27635 us total, 11694 us display, type 3
[0;32mI (118419) NIMBLE_HIDH: notify handle 30 len 16[0m
frame 3221: 28994 us total, 11699 us display, type 3
[0;32mI (118449) NIMBLE_HIDH: notify handle 30 len 16[0m
frame 3222: 28962 us total, 11887 us display, type 3
[0;32mI (118479) NIMBLE_HIDH: notify handle 30 len 16[0m
frame 3223: 28166 us total, 11685 us display, type 3
[0;32mI (118509) NIMBLE_HIDH: notify handle 30 len 16[0m
frame 3224: 28555 us total, 11708 us display, type 3
[0;32mI (118539) NIMBLE_HIDH: notify handle 30 len 16[0m
frame 3225: 27904 us total, 11693 us display, type 3
[0;32mI (118569) NIMBLE_HIDH: notify handle 30 len 16[0m
frame 3226: 28925 us total, 11685 us display, type 3
[0;32mI (118599) NIMBLE_HIDH: notify handle 30 len 16[0m
frame 3227: 27597 us total, 12371 us display, type 3
axes L  -1687 -13714 R    181   -448 level 1
[0;32mI (118629) NIMBLE_HIDH: notify handle 30 len 16[0m
frame 3228: 29601 us total, 12490 us display, type 3
[0;32mI (118659) NIMBLE_HIDH: notify handle 30 len 16[0m
frame 3229: 29004 us total, 12619 us display, type 3
[0;32mI (118689) NIMBLE_HIDH: notify handle 30 len 16[0m
frame 3230: 27530 us total, 12176 us display, type 3
[0;32mI (118719) NIMBLE_HIDH: notify handle 30 len 16[0m
frame 3231: 28976 us total, 12180 us display, type 3
[0;32mI (118749) NIMBLE_HIDH: notify handle 30 len 16[0m
frame 3232: 28711 us total, 12197 us display, type 3
[0;32mI (118779) NIMBLE_HIDH: notify handle 30 len 16[0m
frame 3233: 29273 us total, 12159 us display, type 3
[0;32mI (118809) NIMBLE_HIDH: notify handle 30 len 16[0m
frame 3234: 27218 us total, 12062 us display, type 3
frame 3235: 28532 us total, 11692 us display, type 3
[0;32mI (118839) NIMBLE_HIDH: notify handle 30 len 16[0m
frame 3236: 28977 us total, 11699 us display, type 3
[0;32mI (118869) NIMBLE_HIDH: notify handle 30 len 16[0m
axes L  -1687 -13768 R    181   -448 level 1
frame 3237: 28093 us total, 12057 us display, type 3
[0;32mI (118899) NIMBLE_HIDH: notify handle 30 len 16[0m
frame 3238: 29749 us total, 12064 us display, type 3
[0;32mI (118929) NIMBLE_HIDH: notify handle 30 len 16[0m
frame 3239: 28103 us total, 11692 us display, type 3
[0;32mI (118959) NIMBLE_HIDH: notify handle 30 len 16[0m
frame 3240: 29243 us total, 11685 us display, type 3
[0;32mI (118989) NIMBLE_HIDH: notify handle 30 len 16[0m
frame 3241: 27947 us total, 11699 us display, type 3
[0;32mI (119034) NIMBLE_HIDH: notify handle 30 len 16[0m
frame 3242: 28868 us total, 12643 us display, type 3
[0;32mI (119049) NIMBLE_HIDH: notify handle 30 len 16[0m
frame 3243: 29239 us total, 11686 us display, type 3
[0;32mI (119079) NIMBLE_HIDH: notify handle 30 len 16[0m
frame 3244: 27566 us total, 11693 us display, type 3
frame 3245: 28083 us total, 11692 us display, type 3
[0;32mI (119125) NIMBLE_HIDH: notify handle 30 len 16[0m
[0;32mI (119125) NIMBLE_HIDH: notify handle 30 len 16[0m
axes L  -1687 -13867 R    181   -448 level 1
frame 3246: 28199 us total, 11693 us display, type 3
[0;32mI (119154) NIMBLE_HIDH: notify handle 30 len 16[0m
frame 3247: 28794 us total, 11692 us display, type 3
[0;32mI (119184) NIMBLE_HIDH: notify handle 30 len 16[0m
frame 3248: 28866 us total, 12057 us display, type 3
[0;32mI (119214) NIMBLE_HIDH: notify handle 30 len 16[0m
frame 3249: 29019 us total, 11881 us display, type 3
[0;32mI (119244) NIMBLE_HIDH: notify handle 30 len 16[0m
frame 3250: 29049 us total, 11863 us display, type 3
[0;32mI (119274) NIMBLE_HIDH: notify handle 30 len 16[0m
frame 3251: 27768 us total, 11686 us display, type 3
[0;32mI (119304) NIMBLE_HIDH: notify handle 30 len 16[0m
frame 3252: 29735 us total, 11685 us display, type 3
[0;32mI (119334) NIMBLE_HIDH: notify handle 30 len 16[0m
frame 3253: 28319 us total, 11692 us display, type 3
[0;32mI (119364) NIMBLE_HIDH: notify handle 30 len 16[0m
frame 3254: 28457 us total, 11868 us display, type 3
axes L  -1687 -13914 R    181   -448 level 1
[0;32mI (119394) NIMBLE_HIDH: notify handle 30 len 16[0m
frame 3255: 27941 us total, 11694 us display, type 3
[0;32mI (119424) NIMBLE_HIDH: notify handle 30 len 16[0m
frame 3256: 28806 us total, 11699 us display, type 3
[0;32mI (119454) NIMBLE_HIDH: notify handle 30 len 16[0m
frame 3257: 28975 us total, 11692 us display, type 3
[0;32mI (119484) NIMBLE_HIDH: notify handle 30 len 16[0m
frame 3258: 27914 us total, 12780 us display, type 3
frame 3259: 27995 us total, 11759 us display, type 3
[0;32mI (119529) NIMBLE_HIDH: notify handle 30 len 16[0m
[0;32mI (119544) NIMBLE_HIDH: notify handle 30 len 16[0m
frame 3260: 30015 us total, 12362 us display, type 3
[0;32mI (119574) NIMBLE_HIDH: notify handle 30 len 16[0m
frame 3261: 28073 us total, 12193 us display, type 3
[0;32mI (119604) NIMBLE_HIDH: notify handle 30 len 16[0m
frame 3262: 28051 us total, 12535 us display, type 3
[0;32mI (119634) NIMBLE_HIDH: notify handle 30 len 16[0m
frame 3263: 29062 us total, 12240 us display, type 3
axes L  -1687 -13964 R    181   -448 level 1
[0;32mI (119664) NIMBLE_HIDH: notify handle 30 len 16[0m
frame 3264: 29074 us total, 12543 us display, type 3
[0;32mI (119694) NIMBLE_HIDH: notify handle 30 len 16[0m
frame 3265: 27661 us total, 12494 us display, type 3
[0;32mI (119724) NIMBLE_HIDH: notify handle 30 len 16[0m
frame 3266: 28648 us total, 12115 us display, type 3
frame 3267: 27565 us total, 11693 us display, type 3
[0;32mI (119754) NIMBLE_HIDH: notify handle 30 len 16[0m
frame 3268: 29001 us total, 11692 us display, type 3
[0;32mI (119784) NIMBLE_HIDH: notify handle 30 len 16[0m
frame 3269: 28851 us total, 12056 us display, type 3
[0;32mI (119814) NIMBLE_HIDH: notify handle 30 len 16[0m
frame 3270: 29040 us total, 11895 us display, type 3
[0;32mI (119844) NIMBLE_HIDH: notify handle 30 len 16[0m
frame 3271: 29057 us total, 11896 us display, type 3
[0;32mI (119874) NIMBLE_HIDH: notify handle 30 len 16[0m
frame 3272: 28537 us total, 11691 us display, type 3
axes L  -1687 -14013 R    181   -448 level 1
[0;32mI (119904) NIMBLE_HIDH: notify handle 30 len 16[0m
frame 3273: 29543 us total, 11691 us display, type 3
[0;32mI (119934) NIMBLE_HIDH: notify handle 30 len 16[0m
frame 3274: 26778 us total, 11692 us display, type 3
[0;32mI (119964) NIMBLE_HIDH: notify handle 30 len 16[0m
frame 3275: 29178 us total, 11692 us display, type 3
[0;32mI (119994) NIMBLE_HIDH: notify handle 30 len 16[0m
frame 3276: 27994 us total, 11709 us display, type 3
[0;32mI (120024) NIMBLE_HIDH: notify handle 30 len 16[0m
frame 3277: 28998 us total, 11699 us display, type 3
[0;32mI (120054) NIMBLE_HIDH: notify handle 30 len 16[0m
frame 3278: 29025 us total, 11693 us display, type 3
[0;32mI (120084) NIMBLE_HIDH: notify handle 30 len 16[0m
frame 3279: 27898 us total, 12793 us display, type 3
[0;32mI (120114) NIMBLE_HIDH: notify handle 30 len 16[0m
frame 3280: 29004 us total, 12566 us display, type 3
[0;32mI (120144) NIMBLE_HIDH: notify handle 30 len 16[0m
frame 3281: 28105 us total, 12292 us display, type 3
axes L  -1687 -14110 R    181   -448 level 1
[0;32mI (120174) NIMBLE_HIDH: notify handle 30 len 16[0m
frame 3282: 28929 us total, 12227 us display, type 3
[0;32mI (120204) NIMBLE_HIDH: notify handle 30 len 16[0m
frame 3283: 28058 us total, 12162 us display, type 3
[0;32mI (120234) NIMBLE_HIDH: notify handle 30 len 16[0m
frame 3284: 28528 us total, 12166 us display, type 3
[0;32mI (120264) NIMBLE_HIDH: notify handle 30 len 16[0m
frame 3285: 28944 us total, 12180 us display, type 3
[0;32mI (120294) NIMBLE_HIDH: notify handle 30 len 16[0m
frame 3286: 28307 us total, 12487 us display, type 3
[0;32mI (120324) NIMBLE_HIDH: notify handle 30 len 16[0m
frame 3287: 28670 us total, 12182 us display, type 3
frame 3288: 27525 us total, 11699 us display, type 3
[0;32mI (120354) NIMBLE_HIDH: notify handle 30 len 16[0m
[0;32mI (120369) NIMBLE_HIDH: notify handle 30 len 16[0m
frame 3289: 29748 us total, 11685 us display, type 3
[0;32mI (120399) NIMBLE_HIDH: notify handle 30 len 16[0m
frame 3290: 27436 us total, 12290 us display, type 3
axes L  -1687 -14163 R    181   -448 level 1
[0;32mI (120429) NIMBLE_HIDH: notify handle 30 len 16[0m
frame 3291: 29717 us total, 12527 us display, type 3
[0;32mI (120459) NIMBLE_HIDH: notify handle 30 len 16[0m
frame 3292: 29341 us total, 12291 us display, type 3
[0;32mI (120489) NIMBLE_HIDH: notify handle 30 len 16[0m
frame 3293: 28708 us total, 12650 us display, type 3
[0;32mI (120519) NIMBLE_HIDH: notify handle 30 len 16[0m
frame 3294: 28064 us total, 12473 us display, type 3
[0;32mI (120549) NIMBLE_HIDH: notify handle 30 len 16[0m
frame 3295: 27599 us total, 12184 us display, type 3
[0;32mI (120564) NIMBLE_HIDH: notify handle 30 len 16[0m
frame 3296: 29335 us total, 11692 us display, type 3
[0;32mI (120594) NIMBLE_HIDH: notify handle 30 len 16[0m
frame 3297: 28006 us total, 11719 us display, type 3
[0;32mI (120624) NIMBLE_HIDH: notify handle 30 len 16[0m
frame 3298: 28949 us total, 11694 us display, type 3
[0;32mI (120654) NIMBLE_HIDH: notify handle 30 len 16[0m
frame 3299: 29070 us total, 11692 us display, type 3
axes L  -1687 -14206 R    181   -448 level 1
[0;32mI (120684) NIMBLE_HIDH: notify handle 30 len 16[0m
frame 3300: 28406 us total, 11685 us display, type 3
[0;32mI (120714) NIMBLE_HIDH: notify handle 30 len 16[0m
frame 3301: 28453 us total, 12448 us display, type 3
[0;32mI (120744) NIMBLE_HIDH: notify handle 30 len 16[0m
frame 3302: 28089 us total, 12404 us display, type 3
[0;32mI (120774) NIMBLE_HIDH: notify handle 30 len 16[0m
frame 3303: 29250 us total, 12263 us display, type 3
[0;32mI (120804) NIMBLE_HIDH: notify handle 30 len 16[0m
frame 3304: 27855 us total, 12557 us display, type 3
[0;32mI (120834) NIMBLE_HIDH: notify handle 30 len 16[0m
frame 3305: 28547 us total, 12179 us display, type 3
[0;32mI (120864) NIMBLE_HIDH: notify handle 30 len 16[0m
frame 3306: 28992 us total, 12197 us display, type 3
[0;32mI (120894) NIMBLE_HIDH: notify handle 30 len 16[0m
frame 3307: 28311 us total, 12501 us display, type 3
[0;32mI (120924) NIMBLE_HIDH: notify handle 30 len 16[0m
frame 3308: 28598 us total, 12115 us display, type 3
axes L  -1687 -14262 R    181   -448 level 1
frame 3309: 27827 us total, 11696 us display, type 3
[0;32mI (120954) NIMBLE_HIDH: notify handle 30 len 16[0m
[0;32mI (120969) NIMBLE_HIDH: notify handle 30 len 16[0m
frame 3310: 29421 us total, 11686 us display, type 3
[0;32mI (120999) NIMBLE_HIDH: notify handle 30 len 16[0m
frame 3311: 27481 us total, 12290 us display, type 3
[0;32mI (121029) NIMBLE_HIDH: notify handle 30 len 16[0m
frame 3312: 30014 us total, 12296 us display, type 3
[0;32mI (121059) NIMBLE_HIDH: notify handle 30 len 16[0m
frame 3313: 29645 us total, 12557 us display, type 3
[0;32mI (121089) NIMBLE_HIDH: notify handle 30 len 16[0m
frame 3314: 26409 us total, 12195 us display, type 3
[0;32mI (121119) NIMBLE_HIDH: notify handle 30 len 16[0m
frame 3315: 29810 us total, 12650 us display, type 3
[0;32mI (121149) NIMBLE_HIDH: notify handle 30 len 16[0m
frame 3316: 27560 us total, 12189 us display, type 3
[0;32mI (121179) NIMBLE_HIDH: notify handle 30 len 16[0m
frame 3317: 29165 us total, 12359 us display, type 3
axes L  -1687 -14302 R    181   -448 level 1
[0;32mI (121209) NIMBLE_HIDH: notify handle 30 len 16[0m
frame 3318: 27876 us total, 12066 us display, type 3
frame 3319: 28493 us total, 11692 us display, type 3
[0;32mI (121239) NIMBLE_HIDH: notify handle 30 len 16[0m
frame 3320: 29220 us total, 11686 us display, type 3
[0;32mI (121269) NIMBLE_HIDH: notify handle 30 len 16[0m
frame 3321: 27892 us total, 12064 us display, type 3
[0;32mI (121299) NIMBLE_HIDH: notify handle 30 len 16[0m
frame 3322: 29676 us total, 12058 us display, type 3
[0;32mI (121329) NIMBLE_HIDH: notify handle 30 len 16[0m
frame 3323: 28326 us total, 11699 us display, type 3
[0;32mI (121359) NIMBLE_HIDH: notify handle 30 len 16[0m
frame 3324: 28726 us total, 11753 us display, type 3
[0;32mI (121389) NIMBLE_HIDH: notify handle 30 len 16[0m
frame 3325: 27763 us total, 11692 us display, type 3
[0;32mI (121419) NIMBLE_HIDH: notify handle 30 len 16[0m
frame 3326: 28969 us total, 11686 us display, type 3
axes L  -1687 -14361 R    181   -448 level 1
[0;32mI (121449) NIMBLE_HIDH: notify handle 30 len 16[0m
frame 3327: 29196 us total, 11693 us display, type 3
[0;32mI (121479) NIMBLE_HIDH: notify handle 30 len 16[0m
frame 3328: 27812 us total, 11686 us display, type 3
mem @frame 3328: heap free 66484, largest 40960, min ever 65664, zone free 55016, stack free 14540, uptime 121 s, gamestate 0, demo 0, usergame 1, tic 4149
[0;32mI (121509) NIMBLE_HIDH: notify handle 30 len 16[0m
frame 3329: 29054 us total, 11712 us display, type 3
[0;32mI (121539) NIMBLE_HIDH: notify handle 30 len 16[0m
frame 3330: 27904 us total, 11685 us display, type 3
[0;32mI (121569) NIMBLE_HIDH: notify handle 30 len 16[0m
frame 3331: 28958 us total, 11685 us display, type 3
[0;32mI (121599) NIMBLE_HIDH: notify handle 30 len 16[0m
frame 3332: 28199 us total, 12295 us display, type 3
[0;32mI (121629) NIMBLE_HIDH: notify handle 30 len 16[0m
frame 3333: 29949 us total, 12596 us display, type 3
[0;32mI (121659) NIMBLE_HIDH: notify handle 30 len 16[0m
frame 3334: 28115 us total, 12358 us display, type 3
[0;32mI (121689) NIMBLE_HIDH: notify handle 30 len 16[0m
frame 3335: 28036 us total, 12521 us display, type 3
axes L  -1687 -14399 R    181   -448 level 1
[0;32mI (121719) NIMBLE_HIDH: notify handle 30 len 16[0m
frame 3336: 29066 us total, 12364 us display, type 3
[0;32mI (121749) NIMBLE_HIDH: notify handle 30 len 16[0m
frame 3337: 27628 us total, 12200 us display, type 3
[0;32mI (121764) NIMBLE_HIDH: notify handle 30 len 16[0m
frame 3338: 29294 us total, 11692 us display, type 3
[0;32mI (121794) NIMBLE_HIDH: notify handle 30 len 16[0m
frame 3339: 28080 us total, 11704 us display, type 3
[0;32mI (121824) NIMBLE_HIDH: notify handle 30 len 16[0m
frame 3340: 29162 us total, 11692 us display, type 3
[0;32mI (121854) NIMBLE_HIDH: notify handle 30 len 16[0m
frame 3341: 29016 us total, 11699 us display, type 3
[0;32mI (121884) NIMBLE_HIDH: notify handle 30 len 16[0m
frame 3342: 27665 us total, 12783 us display, type 3
[0;32mI (121914) NIMBLE_HIDH: notify handle 30 len 16[0m
frame 3343: 28937 us total, 12353 us display, type 3
[0;32mI (121944) NIMBLE_HIDH: notify handle 30 len 16[0m
frame 3344: 28108 us total, 12520 us display, type 3
axes L  -1687 -14496 R    181   -448 level 1
[0;32mI (121974) NIMBLE_HIDH: notify handle 30 len 16[0m
frame 3345: 29039 us total, 12414 us display, type 3
[0;32mI (122004) NIMBLE_HIDH: notify handle 30 len 16[0m
frame 3346: 27543 us total, 12207 us display, type 3
[0;32mI (122034) NIMBLE_HIDH: notify handle 30 len 16[0m
frame 3347: 28957 us total, 12178 us display, type 3
[0;32mI (122064) NIMBLE_HIDH: notify handle 30 len 16[0m
frame 3348: 29020 us total, 12186 us display, type 3
[0;32mI (122094) NIMBLE_HIDH: notify handle 30 len 16[0m
frame 3349: 28339 us total, 12519 us display, type 3
[0;32mI (122124) NIMBLE_HIDH: notify handle 30 len 16[0m
frame 3350: 28660 us total, 12244 us display, type 3
frame 3351: 27435 us total, 11699 us display, type 3
[0;32mI (122154) NIMBLE_HIDH: notify handle 30 len 16[0m
frame 3352: 29694 us total, 11685 us display, type 3
[0;32mI (122184) NIMBLE_HIDH: notify handle 30 len 16[0m
frame 3353: 29198 us total, 11692 us display, type 3
axes L  -1687 -14496 R    181   -448 level 1
[0;32mI (122214) NIMBLE_HIDH: notify handle 30 len 16[0m
frame 3354: 28351 us total, 11691 us display, type 3
[0;32mI (122244) NIMBLE_HIDH: notify handle 30 len 16[0m
frame 3355: 28799 us total, 11733 us display, type 3
[0;32mI (122274) NIMBLE_HIDH: notify handle 30 len 16[0m
frame 3356: 28036 us total, 11788 us display, type 3
[0;32mI (122304) NIMBLE_HIDH: notify handle 30 len 16[0m
frame 3357: 29052 us total, 11865 us display, type 3
[0;32mI (122334) NIMBLE_HIDH: notify handle 30 len 16[0m
frame 3358: 27820 us total, 11692 us display, type 3
[0;32mI (122364) NIMBLE_HIDH: notify handle 30 len 16[0m
frame 3359: 29063 us total, 11699 us display, type 3
[0;32mI (122394) NIMBLE_HIDH: notify handle 30 len 16[0m
frame 3360: 28220 us total, 11698 us display, type 3
[0;32mI (122424) NIMBLE_HIDH: notify handle 30 len 16[0m
frame 3361: 29027 us total, 11692 us display, type 3
[0;32mI (122454) NIMBLE_HIDH: notify handle 30 len 16[0m
frame 3362: 28742 us total, 11699 us display, type 3
axes L  -1687 -14592 R    181   -448 level 1
[0;32mI (122484) NIMBLE_HIDH: notify handle 30 len 16[0m
frame 3363: 28557 us total, 11685 us display, type 3
[0;32mI (122514) NIMBLE_HIDH: notify handle 30 len 16[0m
frame 3364: 27859 us total, 12290 us display, type 3
[0;32mI (122544) NIMBLE_HIDH: notify handle 30 len 16[0m
frame 3365: 28589 us total, 12599 us display, type 3
[0;32mI (122574) NIMBLE_HIDH: notify handle 30 len 16[0m
frame 3366: 29036 us total, 12622 us display, type 3
[0;32mI (122604) NIMBLE_HIDH: notify handle 30 len 16[0m
frame 3367: 27573 us total, 12197 us display, type 3
[0;32mI (122634) NIMBLE_HIDH: notify handle 30 len 16[0m
frame 3368: 28982 us total, 12187 us display, type 3
[0;32mI (122664) NIMBLE_HIDH: notify handle 30 len 16[0m
frame 3369: 29068 us total, 12208 us display, type 3
[0;32mI (122694) NIMBLE_HIDH: notify handle 30 len 16[0m
frame 3370: 28238 us total, 12517 us display, type 3
[0;32mI (122724) NIMBLE_HIDH: notify handle 30 len 16[0m
frame 3371: 28660 us total, 12200 us display, type 3
axes L  -1687 -14592 R    181   -448 level 1
frame 3372: 28382 us total, 11692 us display, type 3
[0;32mI (122754) NIMBLE_HIDH: notify handle 30 len 16[0m
[0;32mI (122769) NIMBLE_HIDH: notify handle 30 len 16[0m
frame 3373: 29920 us total, 11693 us display, type 3
[0;32mI (122799) NIMBLE_HIDH: notify handle 30 len 16[0m
frame 3374: 26433 us total, 12297 us display, type 3
[0;32mI (122829) NIMBLE_HIDH: notify handle 30 len 16[0m
frame 3375: 29669 us total, 12514 us display, type 3
[0;32mI (122859) NIMBLE_HIDH: notify handle 30 len 16[0m
frame 3376: 29043 us total, 12489 us display, type 3
[0;32mI (122889) NIMBLE_HIDH: notify handle 30 len 16[0m
frame 3377: 28042 us total, 12521 us display, type 3
[0;32mI (122919) NIMBLE_HIDH: notify handle 30 len 16[0m
frame 3378: 28639 us total, 12185 us display, type 3
[0;32mI (122949) NIMBLE_HIDH: notify handle 30 len 16[0m
frame 3379: 27983 us total, 12183 us display, type 3
[0;32mI (122964) NIMBLE_HIDH: notify handle 30 len 16[0m
frame 3380: 29289 us total, 11692 us display, type 3
axes L  -1687 -14688 R    181   -448 level 1
[0;32mI (122994) NIMBLE_HIDH: notify handle 30 len 16[0m
frame 3381: 28517 us total, 11715 us display, type 3
[0;32mI (123024) NIMBLE_HIDH: notify handle 30 len 16[0m
frame 3382: 28483 us total, 11693 us display, type 3
[0;32mI (123054) NIMBLE_HIDH: notify handle 30 len 16[0m
frame 3383: 29371 us total, 11693 us display, type 3
[0;32mI (123084) NIMBLE_HIDH: notify handle 30 len 16[0m
frame 3384: 27011 us total, 12279 us display, type 3
[0;32mI (123114) NIMBLE_HIDH: notify handle 30 len 16[0m
frame 3385: 28896 us total, 12290 us display, type 3
[0;32mI (123144) NIMBLE_HIDH: notify handle 30 len 16[0m
frame 3386: 28772 us total, 12692 us display, type 3
[0;32mI (123174) NIMBLE_HIDH: notify handle 30 len 16[0m
frame 3387: 29032 us total, 12651 us display, type 3
[0;32mI (123204) NIMBLE_HIDH: notify handle 30 len 16[0m
frame 3388: 27496 us total, 12183 us display, type 3
frame 3389: 28615 us total, 11742 us display, type 3
axes L  -1687 -14688 R    181   -448 level 1
[0;32mI (123249) NIMBLE_HIDH: notify handle 30 len 16[0m
[0;32mI (123264) NIMBLE_HIDH: notify handle 30 len 16[0m
frame 3390: 30298 us total, 12116 us display, type 3
[0;32mI (123294) NIMBLE_HIDH: notify handle 30 len 16[0m
frame 3391: 27429 us total, 12538 us display, type 3
[0;32mI (123309) NIMBLE_HIDH: notify handle 30 len 16[0m
frame 3392: 29620 us total, 11718 us display, type 3
[0;32mI (123339) NIMBLE_HIDH: notify handle 30 len 16[0m
frame 3393: 28298 us total, 11687 us display, type 3
[0;32mI (123369) NIMBLE_HIDH: notify handle 30 len 16[0m
frame 3394: 28324 us total, 11734 us display, type 3
[0;32mI (123399) NIMBLE_HIDH: notify handle 30 len 16[0m
frame 3395: 27768 us total, 12721 us display, type 3
[0;32mI (123429) NIMBLE_HIDH: notify handle 30 len 16[0m
frame 3396: 29075 us total, 12493 us display, type 3
[0;32mI (123459) NIMBLE_HIDH: notify handle 30 len 16[0m
frame 3397: 29037 us total, 12421 us display, type 3
[0;32mI (123489) NIMBLE_HIDH: notify handle 30 len 16[0m
frame 3398: 28054 us total, 12505 us display, type 3
axes L  -1687 -14748 R    181   -448 level 1
[0;32mI (123519) NIMBLE_HIDH: notify handle 30 len 16[0m
frame 3399: 29039 us total, 12281 us display, type 3
[0;32mI (123549) NIMBLE_HIDH: notify handle 30 len 16[0m
frame 3400: 27656 us total, 12175 us display, type 3
[0;32mI (123579) NIMBLE_HIDH: notify handle 30 len 16[0m
frame 3401: 29562 us total, 12446 us display, type 3
[0;32mI (123609) NIMBLE_HIDH: notify handle 30 len 16[0m
frame 3402: 27411 us total, 12119 us display, type 3
[0;32mI (123639) NIMBLE_HIDH: notify handle 30 len 16[0m
frame 3403: 29870 us total, 12625 us display, type 3
frame 3404: 27657 us total, 11693 us display, type 3
[0;32mI (123669) NIMBLE_HIDH: notify handle 30 len 16[0m
frame 3405: 27792 us total, 12057 us display, type 3
[0;32mI (123699) NIMBLE_HIDH: notify handle 30 len 16[0m
frame 3406: 29484 us total, 11686 us display, type 3
[0;32mI (123729) NIMBLE_HIDH: notify handle 30 len 16[0m
frame 3407: 28520 us total, 11811 us display, type 3
axes L  -1687 -14788 R    181   -448 level 1
[0;32mI (123759) NIMBLE_HIDH: notify handle 30 len 16[0m
frame 3408: 29126 us total, 11692 us display, type 3
[0;32mI (123789) NIMBLE_HIDH: notify handle 30 len 16[0m
frame 3409: 27952 us total, 11885 us display, type 3
[0;32mI (123819) NIMBLE_HIDH: notify handle 30 len 16[0m
frame 3410: 28708 us total, 11685 us display, type 3
[0;32mI (123849) NIMBLE_HIDH: notify handle 30 len 16[0m
frame 3411: 28977 us total, 11685 us display, type 3
[0;32mI (123879) NIMBLE_HIDH: notify handle 30 len 16[0m
[0;32mI (123894) NIMBLE_HIDH: notify handle 30 len 16[0m
frame 3412: 29414 us total, 12422 us display, type 3
[0;32mI (123924) NIMBLE_HIDH: notify handle 30 len 16[0m
frame 3413: 28670 us total, 12535 us display, type 3
frame 3414: 25877 us total, 11686 us display, type 3
[0;32mI (123954) NIMBLE_HIDH: notify handle 30 len 16[0m
frame 3415: 29428 us total, 11692 us display, type 3
[0;32mI (123984) NIMBLE_HIDH: notify handle 30 len 16[0m
frame 3416: 28885 us total, 12063 us display, type 3
axes L  -1687 -14850 R    181   -448 level 1
[0;32mI (124014) NIMBLE_HIDH: notify handle 30 len 16[0m
frame 3417: 29028 us total, 11693 us display, type 3
[0;32mI (124044) NIMBLE_HIDH: notify handle 30 len 16[0m
frame 3418: 28925 us total, 11708 us display, type 3
[0;32mI (124074) NIMBLE_HIDH: notify handle 30 len 16[0m
frame 3419: 28035 us total, 11797 us display, type 3
[0;32mI (124104) NIMBLE_HIDH: notify handle 30 len 16[0m
frame 3420: 29054 us total, 11832 us display, type 3
[0;32mI (124134) NIMBLE_HIDH: notify handle 30 len 16[0m
frame 3421: 28167 us total, 11699 us display, type 3
[0;32mI (124164) NIMBLE_HIDH: notify handle 30 len 16[0m
frame 3422: 28720 us total, 11692 us display, type 3
[0;32mI (124194) NIMBLE_HIDH: notify handle 30 len 16[0m
frame 3423: 28487 us total, 11825 us display, type 3
[0;32mI (124224) NIMBLE_HIDH: notify handle 30 len 16[0m
frame 3424: 28469 us total, 11693 us display, type 3
[0;32mI (124254) NIMBLE_HIDH: notify handle 30 len 16[0m
frame 3425: 28862 us total, 11685 us display, type 3
axes L  -1687 -14884 R    181   -448 level 1
[0;32mI (124284) NIMBLE_HIDH: notify handle 30 len 16[0m
frame 3426: 28225 us total, 12786 us display, type 3
[0;32mI (124314) NIMBLE_HIDH: notify handle 30 len 16[0m
frame 3427: 28266 us total, 12290 us display, type 3
[0;32mI (124344) NIMBLE_HIDH: notify handle 30 len 16[0m
frame 3428: 28689 us total, 12601 us display, type 3
[0;32mI (124374) NIMBLE_HIDH: notify handle 30 len 16[0m
frame 3429: 29040 us total, 12565 us display, type 3
frame 3430: 27043 us total, 11711 us display, type 3
[0;32mI (124419) NIMBLE_HIDH: notify handle 30 len 16[0m
[0;32mI (124434) NIMBLE_HIDH: notify handle 30 len 16[0m
frame 3431: 30175 us total, 12098 us display, type 3
[0;32mI (124464) NIMBLE_HIDH: notify handle 30 len 16[0m
frame 3432: 28979 us total, 12174 us display, type 3
[0;32mI (124494) NIMBLE_HIDH: notify handle 30 len 16[0m
frame 3433: 28555 us total, 12383 us display, type 3
[0;32mI (124524) NIMBLE_HIDH: notify handle 30 len 16[0m
frame 3434: 28060 us total, 12114 us display, type 3
axes L  -1687 -14948 R    181   -448 level 1
frame 3435: 27623 us total, 11685 us display, type 3
[0;32mI (124554) NIMBLE_HIDH: notify handle 30 len 16[0m
frame 3436: 28797 us total, 11692 us display, type 3
[0;32mI (124584) NIMBLE_HIDH: notify handle 30 len 16[0m
frame 3437: 28871 us total, 12064 us display, type 3
[0;32mI (124614) NIMBLE_HIDH: notify handle 30 len 16[0m
frame 3438: 28848 us total, 11701 us display, type 3
[0;32mI (124659) NIMBLE_HIDH: notify handle 30 len 16[0m
frame 3439: 29024 us total, 12513 us display, type 3
[0;32mI (124674) NIMBLE_HIDH: notify handle 30 len 16[0m
frame 3440: 28047 us total, 11743 us display, type 3
[0;32mI (124704) NIMBLE_HIDH: notify handle 30 len 16[0m
frame 3441: 29245 us total, 11692 us display, type 3
[0;32mI (124734) NIMBLE_HIDH: notify handle 30 len 16[0m
frame 3442: 27714 us total, 11692 us display, type 3
[0;32mI (124764) NIMBLE_HIDH: notify handle 30 len 16[0m
frame 3443: 29360 us total, 11692 us display, type 3
axes L  -1687 -14982 R    181   -448 level 1
[0;32mI (124794) NIMBLE_HIDH: notify handle 30 len 16[0m
frame 3444: 27808 us total, 11726 us display, type 3
[0;32mI (124824) NIMBLE_HIDH: notify handle 30 len 16[0m
frame 3445: 28640 us total, 11686 us display, type 3
frame 3446: 28204 us total, 11693 us display, type 3
[0;32mI (124869) NIMBLE_HIDH: notify handle 30 len 16[0m
[0;32mI (124884) NIMBLE_HIDH: notify handle 30 len 16[0m
frame 3447: 28175 us total, 12297 us display, type 3
[0;32mI (124914) NIMBLE_HIDH: notify handle 30 len 16[0m
frame 3448: 29078 us total, 12297 us display, type 3
[0;32mI (124944) NIMBLE_HIDH: notify handle 30 len 16[0m
frame 3449: 28719 us total, 12632 us display, type 3
[0;32mI (124974) NIMBLE_HIDH: notify handle 30 len 16[0m
frame 3450: 28623 us total, 12293 us display, type 3
[0;32mI (125004) NIMBLE_HIDH: notify handle 30 len 16[0m
frame 3451: 27896 us total, 12211 us display, type 3
[0;32mI (125034) NIMBLE_HIDH: notify handle 30 len 16[0m
frame 3452: 29631 us total, 12162 us display, type 3
axes L  -1687 -14982 R    181   -448 level 1
[0;32mI (125064) NIMBLE_HIDH: notify handle 30 len 16[0m
frame 3453: 29580 us total, 12182 us display, type 3
[0;32mI (125094) NIMBLE_HIDH: notify handle 30 len 16[0m
frame 3454: 26762 us total, 12576 us display, type 3
[0;32mI (125124) NIMBLE_HIDH: notify handle 30 len 16[0m
frame 3455: 29110 us total, 12120 us display, type 3
frame 3456: 27613 us total, 11699 us display, type 3
[0;32mI (125154) NIMBLE_HIDH: notify handle 30 len 16[0m
frame 3457: 28998 us total, 11700 us display, type 3
[0;32mI (125184) NIMBLE_HIDH: notify handle 30 len 16[0m
frame 3458: 28871 us total, 12057 us display, type 3
[0;32mI (125214) NIMBLE_HIDH: notify handle 30 len 16[0m
frame 3459: 28901 us total, 11725 us display, type 3
[0;32mI (125244) NIMBLE_HIDH: notify handle 30 len 16[0m
frame 3460: 29101 us total, 11693 us display, type 3
[0;32mI (125274) NIMBLE_HIDH: notify handle 30 len 16[0m
frame 3461: 28166 us total, 11692 us display, type 3
axes L  -1687 -15045 R    181   -448 level 1
[0;32mI (125304) NIMBLE_HIDH: notify handle 30 len 16[0m
frame 3462: 29030 us total, 11699 us display, type 3
[0;32mI (125334) NIMBLE_HIDH: notify handle 30 len 16[0m
frame 3463: 28143 us total, 11692 us display, type 3
[0;32mI (125364) NIMBLE_HIDH: notify handle 30 len 16[0m
frame 3464: 28583 us total, 11692 us display, type 3
[0;32mI (125394) NIMBLE_HIDH: notify handle 30 len 16[0m
frame 3465: 27949 us total, 11726 us display, type 3
[0;32mI (125424) NIMBLE_HIDH: notify handle 30 len 16[0m
frame 3466: 28965 us total, 11696 us display, type 3
[0;32mI (125454) NIMBLE_HIDH: notify handle 30 len 16[0m
frame 3467: 29016 us total, 11692 us display, type 3
[0;32mI (125484) NIMBLE_HIDH: notify handle 30 len 16[0m
frame 3468: 27387 us total, 12276 us display, type 3
frame 3469: 28616 us total, 11852 us display, type 3
[0;32mI (125529) NIMBLE_HIDH: notify handle 30 len 16[0m
[0;32mI (125544) NIMBLE_HIDH: notify handle 30 len 16[0m
frame 3470: 30046 us total, 12788 us display, type 3
axes L  -1687 -15080 R    181   -448 level 1
[0;32mI (125574) NIMBLE_HIDH: notify handle 30 len 16[0m
frame 3471: 28056 us total, 12443 us display, type 3
[0;32mI (125604) NIMBLE_HIDH: notify handle 30 len 16[0m
frame 3472: 28171 us total, 12189 us display, type 3
[0;32mI (125634) NIMBLE_HIDH: notify handle 30 len 16[0m
frame 3473: 29335 us total, 12207 us display, type 3
[0;32mI (125664) NIMBLE_HIDH: notify handle 30 len 16[0m
frame 3474: 28254 us total, 12184 us display, type 3
[0;32mI (125694) NIMBLE_HIDH: notify handle 30 len 16[0m
frame 3475: 28216 us total, 12528 us display, type 3
[0;32mI (125724) NIMBLE_HIDH: notify handle 30 len 16[0m
frame 3476: 28547 us total, 12063 us display, type 3
frame 3477: 27625 us total, 11692 us display, type 3
[0;32mI (125754) NIMBLE_HIDH: notify handle 30 len 16[0m
frame 3478: 28998 us total, 11692 us display, type 3
[0;32mI (125784) NIMBLE_HIDH: notify handle 30 len 16[0m
[0;32mI (125799) NIMBLE_HIDH: notify handle 30 len 16[0m
frame 3479: 29109 us total, 12291 us display, type 3
axes L  -1687 -15142 R    181   -448 level 1
[0;32mI (125829) NIMBLE_HIDH: notify handle 30 len 16[0m
frame 3480: 28660 us total, 12360 us display, type 3
[0;32mI (125859) NIMBLE_HIDH: notify handle 30 len 16[0m
frame 3481: 29057 us total, 12289 us display, type 3
[0;32mI (125889) NIMBLE_HIDH: notify handle 30 len 16[0m
frame 3482: 28018 us total, 12519 us display, type 3
[0;32mI (125919) NIMBLE_HIDH: notify handle 30 len 16[0m
frame 3483: 29065 us total, 12208 us display, type 3
[0;32mI (125949) NIMBLE_HIDH: notify handle 30 len 16[0m
frame 3484: 27559 us total, 12204 us display, type 3
[0;32mI (125979) NIMBLE_HIDH: notify handle 30 len 16[0m
frame 3485: 29081 us total, 12403 us display, type 3
[0;32mI (126009) NIMBLE_HIDH: notify handle 30 len 16[0m
frame 3486: 27831 us total, 12209 us display, type 3
frame 3487: 28494 us total, 11699 us display, type 3
[0;32mI (126039) NIMBLE_HIDH: notify handle 30 len 16[0m
frame 3488: 29024 us total, 11692 us display, type 3
[0;32mI (126069) NIMBLE_HIDH: notify handle 30 len 16[0m
axes L  -1687 -15177 R    181   -448 level 1
frame 3489: 28103 us total, 12057 us display, type 3
[0;32mI (126099) NIMBLE_HIDH: notify handle 30 len 16[0m
frame 3490: 29295 us total, 11685 us display, type 3
[0;32mI (126129) NIMBLE_HIDH: notify handle 30 len 16[0m
frame 3491: 28548 us total, 11847 us display, type 3
[0;32mI (126159) NIMBLE_HIDH: notify handle 30 len 16[0m
frame 3492: 29579 us total, 11685 us display, type 3
[0;32mI (126189) NIMBLE_HIDH: notify handle 30 len 16[0m
frame 3493: 28447 us total, 11906 us display, type 3
[0;32mI (126219) NIMBLE_HIDH: notify handle 30 len 16[0m
frame 3494: 28117 us total, 11760 us display, type 3
[0;32mI (126249) NIMBLE_HIDH: notify handle 30 len 16[0m
frame 3495: 29073 us total, 11892 us display, type 3
[0;32mI (126279) NIMBLE_HIDH: notify handle 30 len 16[0m
frame 3496: 27818 us total, 11699 us display, type 3
[0;32mI (126309) NIMBLE_HIDH: notify handle 30 len 16[0m
frame 3497: 28997 us total, 11727 us display, type 3
axes L  -1687 -15177 R    181   -448 level 1
[0;32mI (126339) NIMBLE_HIDH: notify handle 30 len 16[0m
frame 3498: 28217 us total, 11699 us display, type 3
[0;32mI (126369) NIMBLE_HIDH: notify handle 30 len 16[0m
frame 3499: 28795 us total, 11746 us display, type 3
[0;32mI (126399) NIMBLE_HIDH: notify handle 30 len 16[0m
frame 3500: 27814 us total, 12673 us display, type 3
[0;32mI (126429) NIMBLE_HIDH: notify handle 30 len 16[0m
frame 3501: 29151 us total, 12290 us display, type 3
[0;32mI (126459) NIMBLE_HIDH: notify handle 30 len 16[0m
frame 3502: 28969 us total, 12446 us display, type 3
[0;32mI (126489) NIMBLE_HIDH: notify handle 30 len 16[0m
frame 3503: 28154 us total, 12224 us display, type 3
[0;32mI (126519) NIMBLE_HIDH: notify handle 30 len 16[0m
frame 3504: 29011 us total, 12675 us display, type 3
[0;32mI (126549) NIMBLE_HIDH: notify handle 30 len 16[0m
frame 3505: 27399 us total, 12191 us display, type 3
[0;32mI (126579) NIMBLE_HIDH: notify handle 30 len 16[0m
frame 3506: 29203 us total, 12385 us display, type 3
axes L  -1687 -15238 R    181   -448 level 1
[0;32mI (126609) NIMBLE_HIDH: notify handle 30 len 16[0m
frame 3507: 27919 us total, 12102 us display, type 3
frame 3508: 28372 us total, 11699 us display, type 3
[0;32mI (126639) NIMBLE_HIDH: notify handle 30 len 16[0m
frame 3509: 29014 us total, 11693 us display, type 3
[0;32mI (126669) NIMBLE_HIDH: notify handle 30 len 16[0m
frame 3510: 27852 us total, 12057 us display, type 3
[0;32mI (126699) NIMBLE_HIDH: notify handle 30 len 16[0m
frame 3511: 29470 us total, 11685 us display, type 3
[0;32mI (126729) NIMBLE_HIDH: notify handle 30 len 16[0m
frame 3512: 29179 us total, 11687 us display, type 3
[0;32mI (126759) NIMBLE_HIDH: notify handle 30 len 16[0m
[0;32mI (126774) NIMBLE_HIDH: notify handle 30 len 16[0m
frame 3513: 29890 us total, 12286 us display, type 3
[0;32mI (126804) NIMBLE_HIDH: notify handle 30 len 16[0m
frame 3514: 26608 us total, 12498 us display, type 3
[0;32mI (126834) NIMBLE_HIDH: notify handle 30 len 16[0m
frame 3515: 28569 us total, 12192 us display, type 3
axes L  -1687 -15273 R    181   -448 level 1
[0;32mI (126864) NIMBLE_HIDH: notify handle 30 len 16[0m
frame 3516: 29677 us total, 12679 us display, type 3
[0;32mI (126894) NIMBLE_HIDH: notify handle 30 len 16[0m
frame 3517: 27676 us total, 12528 us display, type 3
[0;32mI (126924) NIMBLE_HIDH: notify handle 30 len 16[0m
frame 3518: 28590 us total, 12110 us display, type 3
frame 3519: 27594 us total, 11692 us display, type 3
[0;32mI (126954) NIMBLE_HIDH: notify handle 30 len 16[0m
frame 3520: 29016 us total, 11699 us display, type 3
[0;32mI (126984) NIMBLE_HIDH: notify handle 30 len 16[0m
frame 3521: 29148 us total, 12064 us display, type 3
[0;32mI (127014) NIMBLE_HIDH: notify handle 30 len 16[0m
frame 3522: 28636 us total, 11725 us display, type 3
[0;32mI (127044) NIMBLE_HIDH: notify handle 30 len 16[0m
frame 3523: 29414 us total, 11686 us display, type 3
[0;32mI (127074) NIMBLE_HIDH: notify handle 30 len 16[0m
frame 3524: 27668 us total, 11781 us display, type 3
axes L  -1687 -15273 R    181   -448 level 1
[0;32mI (127104) NIMBLE_HIDH: notify handle 30 len 16[0m
frame 3525: 29066 us total, 11731 us display, type 3
[0;32mI (127134) NIMBLE_HIDH: notify handle 30 len 16[0m
frame 3526: 27810 us total, 11692 us display, type 3
[0;32mI (127164) NIMBLE_HIDH: notify handle 30 len 16[0m
frame 3527: 28976 us total, 11694 us display, type 3
[0;32mI (127194) NIMBLE_HIDH: notify handle 30 len 16[0m
frame 3528: 28050 us total, 11733 us display, type 3
[0;32mI (127224) NIMBLE_HIDH: notify handle 30 len 16[0m
frame 3529: 28972 us total, 11694 us display, type 3
[0;32mI (127254) NIMBLE_HIDH: notify handle 30 len 16[0m
frame 3530: 28987 us total, 11693 us display, type 3
[0;32mI (127284) NIMBLE_HIDH: notify handle 30 len 16[0m
frame 3531: 27359 us total, 12296 us display, type 3
[0;32mI (127314) NIMBLE_HIDH: notify handle 30 len 16[0m
frame 3532: 29757 us total, 12289 us display, type 3
[0;32mI (127344) NIMBLE_HIDH: notify handle 30 len 16[0m
frame 3533: 28903 us total, 12587 us display, type 3
axes L  -1687 -15335 R    181   -448 level 1
[0;32mI (127374) NIMBLE_HIDH: notify handle 30 len 16[0m
frame 3534: 28227 us total, 12289 us display, type 3
[0;32mI (127404) NIMBLE_HIDH: notify handle 30 len 16[0m
frame 3535: 27909 us total, 12578 us display, type 3
[0;32mI (127434) NIMBLE_HIDH: notify handle 30 len 16[0m
frame 3536: 28586 us total, 12180 us display, type 3
[0;32mI (127464) NIMBLE_HIDH: notify handle 30 len 16[0m
frame 3537: 29027 us total, 12194 us display, type 3
[0;32mI (127494) NIMBLE_HIDH: notify handle 30 len 16[0m
frame 3538: 28342 us total, 12521 us display, type 3
[0;32mI (127524) NIMBLE_HIDH: notify handle 30 len 16[0m
frame 3539: 28557 us total, 12086 us display, type 3
[0;32mI (127539) NIMBLE_HIDH: notify handle 30 len 16[0m
frame 3540: 28388 us total, 11699 us display, type 3
[0;32mI (127569) NIMBLE_HIDH: notify handle 30 len 16[0m
frame 3541: 29245 us total, 11756 us display, type 3
[0;32mI (127599) NIMBLE_HIDH: notify handle 30 len 16[0m
frame 3542: 27764 us total, 12851 us display, type 3
axes L  -1687 -15369 R    181   -448 level 1
[0;32mI (127629) NIMBLE_HIDH: notify handle 30 len 16[0m
frame 3543: 29316 us total, 12289 us display, type 3
[0;32mI (127659) NIMBLE_HIDH: notify handle 30 len 16[0m
frame 3544: 28702 us total, 12554 us display, type 3
[0;32mI (127689) NIMBLE_HIDH: notify handle 30 len 16[0m
frame 3545: 27536 us total, 12205 us display, type 3
[0;32mI (127719) NIMBLE_HIDH: notify handle 30 len 16[0m
frame 3546: 29022 us total, 12201 us display, type 3
[0;32mI (127749) NIMBLE_HIDH: notify handle 30 len 16[0m
frame 3547: 27977 us total, 12192 us display, type 3
[0;32mI (127779) NIMBLE_HIDH: notify handle 30 len 16[0m
frame 3548: 29220 us total, 12386 us display, type 3
[0;32mI (127809) NIMBLE_HIDH: notify handle 30 len 16[0m
frame 3549: 27797 us total, 12194 us display, type 3
frame 3550: 28473 us total, 11692 us display, type 3
[0;32mI (127839) NIMBLE_HIDH: notify handle 30 len 16[0m
frame 3551: 28933 us total, 11692 us display, type 3
axes L  -1687 -15369 R    181   -448 level 1
[0;32mI (127884) NIMBLE_HIDH: notify handle 30 len 16[0m
frame 3552: 29173 us total, 12784 us display, type 3
[0;32mI (127899) NIMBLE_HIDH: notify handle 30 len 16[0m
frame 3553: 29658 us total, 11685 us display, type 3
[0;32mI (127929) NIMBLE_HIDH: notify handle 30 len 16[0m
frame 3554: 26782 us total, 11685 us display, type 3
[0;32mI (127959) NIMBLE_HIDH: notify handle 30 len 16[0m
frame 3555: 29523 us total, 11693 us display, type 3
[0;32mI (127989) NIMBLE_HIDH: notify handle 30 len 16[0m
frame 3556: 28006 us total, 11763 us display, type 3
[0;32mI (128019) NIMBLE_HIDH: notify handle 30 len 16[0m
frame 3557: 29065 us total, 11865 us display, type 3
[0;32mI (128049) NIMBLE_HIDH: notify handle 30 len 16[0m
[0;32mI (128064) NIMBLE_HIDH: notify handle 30 len 16[0m
frame 3558: 29265 us total, 12099 us display, type 3
frame 3559: 26932 us total, 11817 us display, type 3
[0;32mI (128109) NIMBLE_HIDH: notify handle 30 len 16[0m
[0;32mI (128124) NIMBLE_HIDH: notify handle 30 len 16[0m
frame 3560: 30439 us total, 12455 us display, type 3
axes L  -1687 -15431 R    181   -448 level 1
frame 3561: 26293 us total, 11692 us display, type 3
[0;32mI (128154) NIMBLE_HIDH: notify handle 30 len 16[0m
frame 3562: 29188 us total, 11692 us display, type 3
[0;32mI (128184) NIMBLE_HIDH: notify handle 30 len 16[0m
frame 3563: 29207 us total, 11692 us display, type 3
[0;32mI (128214) NIMBLE_HIDH: notify handle 30 len 16[0m
frame 3564: 28491 us total, 11699 us display, type 3
[0;32mI (128244) NIMBLE_HIDH: notify handle 30 len 16[0m
frame 3565: 29042 us total, 11779 us display, type 3
[0;32mI (128274) NIMBLE_HIDH: notify handle 30 len 16[0m
frame 3566: 28012 us total, 11822 us display, type 3
[0;32mI (128304) NIMBLE_HIDH: notify handle 30 len 16[0m
frame 3567: 29060 us total, 11898 us display, type 3
[0;32mI (128334) NIMBLE_HIDH: notify handle 30 len 16[0m
frame 3568: 27812 us total, 11699 us display, type 3
[0;32mI (128364) NIMBLE_HIDH: notify handle 30 len 16[0m
frame 3569: 29011 us total, 11692 us display, type 3
axes L  -1687 -15431 R    181   -448 level 1
[0;32mI (128394) NIMBLE_HIDH: notify handle 30 len 16[0m
frame 3570: 28171 us total, 11728 us display, type 3
[0;32mI (128424) NIMBLE_HIDH: notify handle 30 len 16[0m
[0;32mI (128439) NIMBLE_HIDH: notify handle 30 len 16[0m
frame 3571: 29417 us total, 12401 us display, type 3
frame 3572: 27676 us total, 11692 us display, type 3
[0;32mI (128469) NIMBLE_HIDH: notify handle 30 len 16[0m
frame 3573: 28726 us total, 11699 us display, type 3
[0;32mI (128499) NIMBLE_HIDH: notify handle 30 len 16[0m
frame 3574: 29195 us total, 12057 us display, type 3
[0;32mI (128529) NIMBLE_HIDH: notify handle 30 len 16[0m
frame 3575: 27923 us total, 11692 us display, type 3
[0;32mI (128559) NIMBLE_HIDH: notify handle 30 len 16[0m
frame 3576: 29037 us total, 11712 us display, type 3
[0;32mI (128589) NIMBLE_HIDH: notify handle 30 len 16[0m
frame 3577: 28036 us total, 11822 us display, type 3
[0;32mI (128619) NIMBLE_HIDH: notify handle 30 len 16[0m
frame 3578: 28834 us total, 11692 us display, type 3
axes L  -1687 -15471 R    181   -448 level 1
[0;32mI (128649) NIMBLE_HIDH: notify handle 30 len 16[0m
frame 3579: 29305 us total, 11727 us display, type 3
[0;32mI (128679) NIMBLE_HIDH: notify handle 30 len 16[0m
frame 3580: 27707 us total, 11692 us display, type 3
[0;32mI (128709) NIMBLE_HIDH: notify handle 30 len 16[0m
frame 3581: 29286 us total, 11718 us display, type 3
[0;32mI (128739) NIMBLE_HIDH: notify handle 30 len 16[0m
frame 3582: 27748 us total, 11699 us display, type 3
[0;32mI (128769) NIMBLE_HIDH: notify handle 30 len 16[0m
frame 3583: 29372 us total, 11769 us display, type 3
[0;32mI (128799) NIMBLE_HIDH: notify handle 30 len 16[0m
frame 3584: 27012 us total, 12290 us display, type 3
mem @frame 3584: heap free 66484, largest 40960, min ever 65664, zone free 55016, stack free 14540, uptime 128 s, gamestate 0, demo 0, usergame 1, tic 4405
[0;32mI (128829) NIMBLE_HIDH: notify handle 30 len 16[0m
frame 3585: 29598 us total, 12669 us display, type 3
[0;32mI (128859) NIMBLE_HIDH: notify handle 30 len 16[0m
frame 3586: 29061 us total, 12646 us display, type 3
[0;32mI (128889) NIMBLE_HIDH: notify handle 30 len 16[0m
frame 3587: 27583 us total, 12204 us display, type 3
axes L  -1687 -15471 R    181   -448 level 1
[0;32mI (128919) NIMBLE_HIDH: notify handle 30 len 16[0m
frame 3588: 29476 us total, 12464 us display, type 3
[0;32mI (128949) NIMBLE_HIDH: notify handle 30 len 16[0m
frame 3589: 27512 us total, 12188 us display, type 3
[0;32mI (128979) NIMBLE_HIDH: notify handle 30 len 16[0m
frame 3590: 29179 us total, 12380 us display, type 3
frame 3591: 27286 us total, 11692 us display, type 3
[0;32mI (129024) NIMBLE_HIDH: notify handle 30 len 16[0m
[0;32mI (129039) NIMBLE_HIDH: notify handle 30 len 16[0m
frame 3592: 30447 us total, 12134 us display, type 3
frame 3593: 28555 us total, 11692 us display, type 3
[0;32mI (129069) NIMBLE_HIDH: notify handle 30 len 16[0m
frame 3594: 27224 us total, 12056 us display, type 3
[0;32mI (129099) NIMBLE_HIDH: notify handle 30 len 16[0m
frame 3595: 29763 us total, 12064 us display, type 3
[0;32mI (129129) NIMBLE_HIDH: notify handle 30 len 16[0m
frame 3596: 28096 us total, 11692 us display, type 3
axes L  -1687 -15533 R    181   -448 level 1
[0;32mI (129159) NIMBLE_HIDH: notify handle 30 len 16[0m
frame 3597: 29168 us total, 11693 us display, type 3
[0;32mI (129189) NIMBLE_HIDH: notify handle 30 len 16[0m
frame 3598: 27790 us total, 11748 us display, type 3
[0;32mI (129219) NIMBLE_HIDH: notify handle 30 len 16[0m
frame 3599: 29066 us total, 11799 us display, type 3
[0;32mI (129249) NIMBLE_HIDH: notify handle 30 len 16[0m
frame 3600: 28857 us total, 11692 us display, type 3
[0;32mI (129279) NIMBLE_HIDH: notify handle 30 len 16[0m
frame 3601: 28318 us total, 11763 us display, type 3
[0;32mI (129324) NIMBLE_HIDH: notify handle 30 len 16[0m
frame 3602: 29141 us total, 12422 us display, type 3
[0;32mI (129339) NIMBLE_HIDH: notify handle 30 len 16[0m
frame 3603: 28125 us total, 11914 us display, type 3
[0;32mI (129369) NIMBLE_HIDH: notify handle 30 len 16[0m
frame 3604: 28341 us total, 11767 us display, type 3
[0;32mI (129384) NIMBLE_HIDH: notify handle 30 len 16[0m
frame 3605: 27548 us total, 11692 us display, type 3
axes L  -1687 -15569 R    181   -448 level 1
[0;32mI (129414) NIMBLE_HIDH: notify handle 30 len 16[0m
frame 3606: 29479 us total, 11709 us display, type 3
[0;32mI (129444) NIMBLE_HIDH: notify handle 30 len 16[0m
frame 3607: 29048 us total, 11820 us display, type 3
[0;32mI (129474) NIMBLE_HIDH: notify handle 30 len 16[0m
frame 3608: 28039 us total, 11913 us display, type 3
[0;32mI (129504) NIMBLE_HIDH: notify handle 30 len 16[0m
frame 3609: 28788 us total, 11692 us display, type 3
[0;32mI (129534) NIMBLE_HIDH: notify handle 30 len 16[0m
frame 3610: 27946 us total, 11685 us display, type 3
[0;32mI (129564) NIMBLE_HIDH: notify handle 30 len 16[0m
frame 3611: 28986 us total, 11685 us display, type 3
[0;32mI (129594) NIMBLE_HIDH: notify handle 30 len 16[0m
frame 3612: 28239 us total, 11742 us display, type 3
[0;32mI (129624) NIMBLE_HIDH: notify handle 30 len 16[0m
frame 3613: 29805 us total, 11731 us display, type 3
[0;32mI (129654) NIMBLE_HIDH: notify handle 30 len 16[0m
frame 3614: 28230 us total, 11697 us display, type 3
axes L  -1687 -15569 R    181   -448 level 1
[0;32mI (129684) NIMBLE_HIDH: notify handle 30 len 16[0m
frame 3615: 28060 us total, 12793 us display, type 3
[0;32mI (129714) NIMBLE_HIDH: notify handle 30 len 16[0m
frame 3616: 28371 us total, 12385 us display, type 3
[0;32mI (129744) NIMBLE_HIDH: notify handle 30 len 16[0m
frame 3617: 28529 us total, 12530 us display, type 3
[0;32mI (129774) NIMBLE_HIDH: notify handle 30 len 16[0m
frame 3618: 29028 us total, 12546 us display, type 3
[0;32mI (129804) NIMBLE_HIDH: notify handle 30 len 16[0m
frame 3619: 28025 us total, 12546 us display, type 3
[0;32mI (129834) NIMBLE_HIDH: notify handle 30 len 16[0m
frame 3620: 28628 us total, 12194 us display, type 3
frame 3621: 28762 us total, 11685 us display, type 3
[0;32mI (129879) NIMBLE_HIDH: notify handle 30 len 16[0m
[0;32mI (129894) NIMBLE_HIDH: notify handle 30 len 16[0m
frame 3622: 29749 us total, 12373 us display, type 3
[0;32mI (129924) NIMBLE_HIDH: notify handle 30 len 16[0m
frame 3623: 28275 us total, 12570 us display, type 3
axes L  -1687 -15569 R    181   -448 level 1
frame 3624: 26943 us total, 11685 us display, type 3
[0;32mI (129954) NIMBLE_HIDH: notify handle 30 len 16[0m
frame 3625: 28714 us total, 11692 us display, type 3
[0;32mI (129984) NIMBLE_HIDH: notify handle 30 len 16[0m
[0;32mI (129999) NIMBLE_HIDH: notify handle 30 len 16[0m
frame 3626: 29210 us total, 12374 us display, type 3
[0;32mI (130029) NIMBLE_HIDH: notify handle 30 len 16[0m
frame 3627: 28706 us total, 12686 us display, type 3
[0;32mI (130059) NIMBLE_HIDH: notify handle 30 len 16[0m
frame 3628: 28954 us total, 12558 us display, type 3
[0;32mI (130089) NIMBLE_HIDH: notify handle 30 len 16[0m
frame 3629: 28004 us total, 12555 us display, type 3
[0;32mI (130119) NIMBLE_HIDH: notify handle 30 len 16[0m
frame 3630: 28590 us total, 12201 us display, type 3
[0;32mI (130149) NIMBLE_HIDH: notify handle 30 len 16[0m
frame 3631: 27918 us total, 12189 us display, type 3
[0;32mI (130179) NIMBLE_HIDH: notify handle 30 len 16[0m
frame 3632: 29382 us total, 12370 us display, type 3
axes L  -1687 -15633 R    181   -448 level 1
[0;32mI (130209) NIMBLE_HIDH: notify handle 30 len 16[0m
frame 3633: 29139 us total, 12515 us display, type 3
frame 3634: 27234 us total, 11698 us display, type 3
[0;32mI (130239) NIMBLE_HIDH: notify handle 30 len 16[0m
frame 3635: 28887 us total, 11692 us display, type 3
[0;32mI (130269) NIMBLE_HIDH: notify handle 30 len 16[0m
frame 3636: 27850 us total, 12058 us display, type 3
[0;32mI (130299) NIMBLE_HIDH: notify handle 30 len 16[0m
frame 3637: 29961 us total, 12064 us display, type 3
[0;32mI (130329) NIMBLE_HIDH: notify handle 30 len 16[0m
[0;32mI (130344) NIMBLE_HIDH: notify handle 30 len 16[0m
frame 3638: 28947 us total, 12574 us display, type 3
[0;32mI (130374) NIMBLE_HIDH: notify handle 30 len 16[0m
frame 3639: 28121 us total, 12515 us display, type 3
[0;32mI (130404) NIMBLE_HIDH: notify handle 30 len 16[0m
frame 3640: 27569 us total, 12175 us display, type 3
[0;32mI (130434) NIMBLE_HIDH: notify handle 30 len 16[0m
frame 3641: 29521 us total, 12423 us display, type 3
axes L  -1687 -15666 R    181   -448 level 1
[0;32mI (130464) NIMBLE_HIDH: notify handle 30 len 16[0m
frame 3642: 29200 us total, 12170 us display, type 3
[0;32mI (130494) NIMBLE_HIDH: notify handle 30 len 16[0m
frame 3643: 28053 us total, 12550 us display, type 3
[0;32mI (130524) NIMBLE_HIDH: notify handle 30 len 16[0m
frame 3644: 28171 us total, 12145 us display, type 3
frame 3645: 27472 us total, 11692 us display, type 3
[0;32mI (130554) NIMBLE_HIDH: notify handle 30 len 16[0m
frame 3646: 28989 us total, 11692 us display, type 3
[0;32mI (130584) NIMBLE_HIDH: notify handle 30 len 16[0m
frame 3647: 28915 us total, 12061 us display, type 3
[0;32mI (130614) NIMBLE_HIDH: notify handle 30 len 16[0m
frame 3648: 29037 us total, 11850 us display, type 3
[0;32mI (130644) NIMBLE_HIDH: notify handle 30 len 16[0m
frame 3649: 29053 us total, 11785 us display, type 3
[0;32mI (130674) NIMBLE_HIDH: notify handle 30 len 16[0m
frame 3650: 28013 us total, 11871 us display, type 3
axes L  -1687 -15666 R    181   -448 level 1
[0;32mI (130704) NIMBLE_HIDH: notify handle 30 len 16[0m
frame 3651: 29066 us total, 11750 us display, type 3
[0;32mI (130734) NIMBLE_HIDH: notify handle 30 len 16[0m
frame 3652: 28135 us total, 11878 us display, type 3
[0;32mI (130764) NIMBLE_HIDH: notify handle 30 len 16[0m
frame 3653: 29596 us total, 11692 us display, type 3
[0;32mI (130794) NIMBLE_HIDH: notify handle 30 len 16[0m
frame 3654: 26735 us total, 11717 us display, type 3
[0;32mI (130824) NIMBLE_HIDH: notify handle 30 len 16[0m
frame 3655: 29460 us total, 11693 us display, type 3
[0;32mI (130854) NIMBLE_HIDH: notify handle 30 len 16[0m
frame 3656: 29002 us total, 11692 us display, type 3
[0;32mI (130884) NIMBLE_HIDH: notify handle 30 len 16[0m
frame 3657: 28026 us total, 12875 us display, type 3
[0;32mI (130914) NIMBLE_HIDH: notify handle 30 len 16[0m
frame 3658: 28851 us total, 12718 us display, type 3
[0;32mI (130944) NIMBLE_HIDH: notify handle 30 len 16[0m
frame 3659: 28111 us total, 12408 us display, type 3
axes L  -1687 -15666 R    181   -448 level 1
[0;32mI (130974) NIMBLE_HIDH: notify handle 30 len 16[0m
frame 3660: 29034 us total, 12266 us display, type 3
[0;32mI (130989) NIMBLE_HIDH: notify handle 30 len 16[0m
frame 3661: 28047 us total, 11736 us display, type 3
[0;32mI (131019) NIMBLE_HIDH: notify handle 30 len 16[0m
frame 3662: 29442 us total, 11685 us display, type 3
[0;32mI (131049) NIMBLE_HIDH: notify handle 30 len 16[0m
frame 3663: 28859 us total, 11685 us display, type 3
[0;32mI (131079) NIMBLE_HIDH: notify handle 30 len 16[0m
frame 3664: 27586 us total, 11693 us display, type 3
[0;32mI (131109) NIMBLE_HIDH: notify handle 30 len 16[0m
frame 3665: 28933 us total, 11727 us display, type 3
[0;32mI (131139) NIMBLE_HIDH: notify handle 30 len 16[0m
frame 3666: 27937 us total, 11692 us display, type 3
[0;32mI (131169) NIMBLE_HIDH: notify handle 30 len 16[0m
frame 3667: 29012 us total, 11692 us display, type 3
[0;32mI (131199) NIMBLE_HIDH: notify handle 30 len 16[0m
frame 3668: 27498 us total, 12380 us display, type 3
axes L  -1687 -15729 R    181   -448 level 1
[0;32mI (131229) NIMBLE_HIDH: notify handle 30 len 16[0m
frame 3669: 29618 us total, 12490 us display, type 3
[0;32mI (131259) NIMBLE_HIDH: notify handle 30 len 16[0m
frame 3670: 29030 us total, 12716 us display, type 3
[0;32mI (131289) NIMBLE_HIDH: notify handle 30 len 16[0m
frame 3671: 27473 us total, 12217 us display, type 3
[0;32mI (131319) NIMBLE_HIDH: notify handle 30 len 16[0m
frame 3672: 29656 us total, 12666 us display, type 3
[0;32mI (131349) NIMBLE_HIDH: notify handle 30 len 16[0m
frame 3673: 28318 us total, 12176 us display, type 3
[0;32mI (131379) NIMBLE_HIDH: notify handle 30 len 16[0m
frame 3674: 28443 us total, 12382 us display, type 3
[0;32mI (131409) NIMBLE_HIDH: notify handle 30 len 16[0m
frame 3675: 27658 us total, 12119 us display, type 3
frame 3676: 28563 us total, 11699 us display, type 3
[0;32mI (131439) NIMBLE_HIDH: notify handle 30 len 16[0m
frame 3677: 29030 us total, 11693 us display, type 3
[0;32mI (131469) NIMBLE_HIDH: notify handle 30 len 16[0m
axes L  -1687 -15762 R    181   -448 level 1
frame 3678: 28072 us total, 12058 us display, type 3
[0;32mI (131499) NIMBLE_HIDH: notify handle 30 len 16[0m
frame 3679: 29774 us total, 12057 us display, type 3
[0;32mI (131529) NIMBLE_HIDH: notify handle 30 len 16[0m
frame 3680: 28047 us total, 11699 us display, type 3
[0;32mI (131559) NIMBLE_HIDH: notify handle 30 len 16[0m
frame 3681: 29019 us total, 11692 us display, type 3
[0;32mI (131589) NIMBLE_HIDH: notify handle 30 len 16[0m
frame 3682: 28430 us total, 11687 us display, type 3
[0;32mI (131619) NIMBLE_HIDH: notify handle 30 len 16[0m
frame 3683: 28873 us total, 11685 us display, type 3
[0;32mI (131649) NIMBLE_HIDH: notify handle 30 len 16[0m
frame 3684: 28612 us total, 11694 us display, type 3
[0;32mI (131679) NIMBLE_HIDH: notify handle 30 len 16[0m
frame 3685: 27927 us total, 11698 us display, type 3
[0;32mI (131709) NIMBLE_HIDH: notify handle 30 len 16[0m
frame 3686: 29051 us total, 11734 us display, type 3
axes L  -1687 -15762 R    181   -448 level 1
[0;32mI (131739) NIMBLE_HIDH: notify handle 30 len 16[0m
frame 3687: 28169 us total, 11695 us display, type 3
[0;32mI (131769) NIMBLE_HIDH: notify handle 30 len 16[0m
frame 3688: 28806 us total, 11767 us display, type 3
[0;32mI (131799) NIMBLE_HIDH: notify handle 30 len 16[0m
frame 3689: 27551 us total, 12386 us display, type 3
[0;32mI (131829) NIMBLE_HIDH: notify handle 30 len 16[0m
frame 3690: 29570 us total, 12698 us display, type 3
[0;32mI (131859) NIMBLE_HIDH: notify handle 30 len 16[0m
frame 3691: 28961 us total, 12632 us display, type 3
[0;32mI (131889) NIMBLE_HIDH: notify handle 30 len 16[0m
frame 3692: 28001 us total, 12436 us display, type 3
[0;32mI (131919) NIMBLE_HIDH: notify handle 30 len 16[0m
frame 3693: 29567 us total, 12215 us display, type 3
[0;32mI (131949) NIMBLE_HIDH: notify handle 30 len 16[0m
frame 3694: 27208 us total, 12185 us display, type 3
[0;32mI (131979) NIMBLE_HIDH: notify handle 30 len 16[0m
frame 3695: 29110 us total, 12382 us display, type 3
axes L  -1687 -15826 R    181   -448 level 1
[0;32mI (132009) NIMBLE_HIDH: notify handle 30 len 16[0m
frame 3696: 27925 us total, 12113 us display, type 3
frame 3697: 28351 us total, 11692 us display, type 3
[0;32mI (132039) NIMBLE_HIDH: notify handle 30 len 16[0m
frame 3698: 29013 us total, 11699 us display, type 3
[0;32mI (132069) NIMBLE_HIDH: notify handle 30 len 16[0m
frame 3699: 27884 us total, 12057 us display, type 3
[0;32mI (132099) NIMBLE_HIDH: notify handle 30 len 16[0m
frame 3700: 29896 us total, 12064 us display, type 3
[0;32mI (132129) NIMBLE_HIDH: notify handle 30 len 16[0m
frame 3701: 28037 us total, 11696 us display, type 3
[0;32mI (132159) NIMBLE_HIDH: notify handle 30 len 16[0m
frame 3702: 29540 us total, 11685 us display, type 3
[0;32mI (132189) NIMBLE_HIDH: notify handle 30 len 16[0m
frame 3703: 27803 us total, 11692 us display, type 3
[0;32mI (132219) NIMBLE_HIDH: notify handle 30 len 16[0m
frame 3704: 28581 us total, 11691 us display, type 3
axes L  -1687 -15859 R    181   -448 level 1
[0;32mI (132249) NIMBLE_HIDH: notify handle 30 len 16[0m
frame 3705: 29308 us total, 11877 us display, type 3
[0;32mI (132279) NIMBLE_HIDH: notify handle 30 len 16[0m
frame 3706: 27560 us total, 11686 us display, type 3
[0;32mI (132309) NIMBLE_HIDH: notify handle 30 len 16[0m
frame 3707: 29054 us total, 11723 us display, type 3
[0;32mI (132339) NIMBLE_HIDH: notify handle 30 len 16[0m
frame 3708: 27979 us total, 11692 us display, type 3
[0;32mI (132369) NIMBLE_HIDH: notify handle 30 len 16[0m
frame 3709: 29032 us total, 11692 us display, type 3
[0;32mI (132399) NIMBLE_HIDH: notify handle 30 len 16[0m
frame 3710: 27435 us total, 12373 us display, type 3
[0;32mI (132429) NIMBLE_HIDH: notify handle 30 len 16[0m
frame 3711: 29689 us total, 12787 us display, type 3
[0;32mI (132459) NIMBLE_HIDH: notify handle 30 len 16[0m
frame 3712: 29022 us total, 12506 us display, type 3
[0;32mI (132489) NIMBLE_HIDH: notify handle 30 len 16[0m
frame 3713: 29090 us total, 12762 us display, type 3
axes L  -1687 -15859 R    181   -448 level 1
[0;32mI (132519) NIMBLE_HIDH: notify handle 30 len 16[0m
frame 3714: 27976 us total, 12296 us display, type 3
[0;32mI (132549) NIMBLE_HIDH: notify handle 30 len 16[0m
frame 3715: 27595 us total, 12182 us display, type 3
[0;32mI (132579) NIMBLE_HIDH: notify handle 30 len 16[0m
frame 3716: 29212 us total, 12380 us display, type 3
[0;32mI (132609) NIMBLE_HIDH: notify handle 30 len 16[0m
frame 3717: 27677 us total, 12057 us display, type 3
frame 3718: 28652 us total, 11692 us display, type 3
[0;32mI (132639) NIMBLE_HIDH: notify handle 30 len 16[0m
frame 3719: 29015 us total, 11693 us display, type 3
[0;32mI (132669) NIMBLE_HIDH: notify handle 30 len 16[0m
frame 3720: 27895 us total, 12064 us display, type 3
[0;32mI (132699) NIMBLE_HIDH: notify handle 30 len 16[0m
frame 3721: 29934 us total, 12057 us display, type 3
[0;32mI (132729) NIMBLE_HIDH: notify handle 30 len 16[0m
frame 3722: 28515 us total, 11685 us display, type 3
axes L  -1687 -15859 R    181   -448 level 1
[0;32mI (132759) NIMBLE_HIDH: notify handle 30 len 16[0m
frame 3723: 29431 us total, 11984 us display, type 3
[0;32mI (132789) NIMBLE_HIDH: notify handle 30 len 16[0m
frame 3724: 26636 us total, 11693 us display, type 3
[0;32mI (132819) NIMBLE_HIDH: notify handle 30 len 16[0m
frame 3725: 29296 us total, 11692 us display, type 3
[0;32mI (132849) NIMBLE_HIDH: notify handle 30 len 16[0m
frame 3726: 28977 us total, 11692 us display, type 3
[0;32mI (132879) NIMBLE_HIDH: notify handle 30 len 16[0m
frame 3727: 27996 us total, 11693 us display, type 3
[0;32mI (132909) NIMBLE_HIDH: notify handle 30 len 16[0m
frame 3728: 29023 us total, 11729 us display, type 3
[0;32mI (132939) NIMBLE_HIDH: notify handle 30 len 16[0m
frame 3729: 27971 us total, 11699 us display, type 3
[0;32mI (132969) NIMBLE_HIDH: notify handle 30 len 16[0m
frame 3730: 28869 us total, 11685 us display, type 3
[0;32mI (132999) NIMBLE_HIDH: notify handle 30 len 16[0m
frame 3731: 27535 us total, 12382 us display, type 3
axes L  -1687 -15923 R    181   -448 level 1
[0;32mI (133029) NIMBLE_HIDH: notify handle 30 len 16[0m
frame 3732: 29749 us total, 12440 us display, type 3
[0;32mI (133044) NIMBLE_HIDH: notify handle 30 len 16[0m
frame 3733: 29896 us total, 11825 us display, type 3
[0;32mI (133074) NIMBLE_HIDH: notify handle 30 len 16[0m
frame 3734: 26690 us total, 11692 us display, type 3
[0;32mI (133104) NIMBLE_HIDH: notify handle 30 len 16[0m
frame 3735: 29455 us total, 11818 us display, type 3
[0;32mI (133134) NIMBLE_HIDH: notify handle 30 len 16[0m
frame 3736: 27825 us total, 11692 us display, type 3
[0;32mI (133164) NIMBLE_HIDH: notify handle 30 len 16[0m
frame 3737: 29028 us total, 11692 us display, type 3
[0;32mI (133194) NIMBLE_HIDH: notify handle 30 len 16[0m
frame 3738: 28038 us total, 11723 us display, type 3
[0;32mI (133224) NIMBLE_HIDH: notify handle 30 len 16[0m
frame 3739: 29008 us total, 11693 us display, type 3
[0;32mI (133254) NIMBLE_HIDH: notify handle 30 len 16[0m
frame 3740: 28926 us total, 11692 us display, type 3
axes L  -1687 -15955 R    181   -448 level 1
[0;32mI (133284) NIMBLE_HIDH: notify handle 30 len 16[0m
frame 3741: 28242 us total, 12872 us display, type 3
[0;32mI (133314) NIMBLE_HIDH: notify handle 30 len 16[0m
frame 3742: 28742 us total, 12331 us display, type 3
[0;32mI (133344) NIMBLE_HIDH: notify handle 30 len 16[0m
frame 3743: 28214 us total, 12297 us display, type 3
[0;32mI (133374) NIMBLE_HIDH: notify handle 30 len 16[0m
frame 3744: 28916 us total, 12569 us display, type 3
[0;32mI (133404) NIMBLE_HIDH: notify handle 30 len 16[0m
frame 3745: 27524 us total, 12205 us display, type 3
[0;32mI (133434) NIMBLE_HIDH: notify handle 30 len 16[0m
frame 3746: 29000 us total, 12201 us display, type 3
[0;32mI (133464) NIMBLE_HIDH: notify handle 30 len 16[0m
frame 3747: 29013 us total, 12184 us display, type 3
[0;32mI (133494) NIMBLE_HIDH: notify handle 30 len 16[0m
frame 3748: 28340 us total, 12522 us display, type 3
[0;32mI (133524) NIMBLE_HIDH: notify handle 30 len 16[0m
frame 3749: 28654 us total, 12149 us display, type 3
axes L  -1687 -15955 R    181   -448 level 1
[0;32mI (133539) NIMBLE_HIDH: notify handle 30 len 16[0m
frame 3750: 28541 us total, 11692 us display, type 3
[0;32mI (133569) NIMBLE_HIDH: notify handle 30 len 16[0m
frame 3751: 28670 us total, 11685 us display, type 3
[0;32mI (133599) NIMBLE_HIDH: notify handle 30 len 16[0m
frame 3752: 28139 us total, 12714 us display, type 3
[0;32mI (133629) NIMBLE_HIDH: notify handle 30 len 16[0m
frame 3753: 29992 us total, 12604 us display, type 3
[0;32mI (133659) NIMBLE_HIDH: notify handle 30 len 16[0m
frame 3754: 28124 us total, 12337 us display, type 3
[0;32mI (133689) NIMBLE_HIDH: notify handle 30 len 16[0m
frame 3755: 27986 us total, 12444 us display, type 3
[0;32mI (133719) NIMBLE_HIDH: notify handle 30 len 16[0m
frame 3756: 29047 us total, 12544 us display, type 3
[0;32mI (133749) NIMBLE_HIDH: notify handle 30 len 16[0m
frame 3757: 27648 us total, 12188 us display, type 3
[0;32mI (133779) NIMBLE_HIDH: notify handle 30 len 16[0m
frame 3758: 29186 us total, 12375 us display, type 3
axes L  -1687 -16019 R    181   -448 level 1
[0;32mI (133809) NIMBLE_HIDH: notify handle 30 len 16[0m
frame 3759: 27986 us total, 12113 us display, type 3
frame 3760: 28317 us total, 11694 us display, type 3
[0;32mI (133839) NIMBLE_HIDH: notify handle 30 len 16[0m
frame 3761: 28987 us total, 11699 us display, type 3
[0;32mI (133869) NIMBLE_HIDH: notify handle 30 len 16[0m
frame 3762: 28378 us total, 11693 us display, type 3
[0;32mI (133899) NIMBLE_HIDH: notify handle 30 len 16[0m
frame 3763: 29808 us total, 12057 us display, type 3
[0;32mI (133929) NIMBLE_HIDH: notify handle 30 len 16[0m
frame 3764: 27650 us total, 11741 us display, type 3
[0;32mI (133959) NIMBLE_HIDH: notify handle 30 len 16[0m
frame 3765: 29036 us total, 11839 us display, type 3
[0;32mI (133989) NIMBLE_HIDH: notify handle 30 len 16[0m
frame 3766: 27771 us total, 11692 us display, type 3
[0;32mI (134019) NIMBLE_HIDH: notify handle 30 len 16[0m
frame 3767: 29004 us total, 11692 us display, type 3
axes L  -1687 -16051 R    181   -448 level 1
[0;32mI (134049) NIMBLE_HIDH: notify handle 30 len 16[0m
frame 3768: 29401 us total, 11892 us display, type 3
[0;32mI (134079) NIMBLE_HIDH: notify handle 30 len 16[0m
frame 3769: 27628 us total, 11692 us display, type 3
[0;32mI (134109) NIMBLE_HIDH: notify handle 30 len 16[0m
frame 3770: 28970 us total, 11732 us display, type 3
[0;32mI (134139) NIMBLE_HIDH: notify handle 30 len 16[0m
frame 3771: 27920 us total, 11685 us display, type 3
[0;32mI (134169) NIMBLE_HIDH: notify handle 30 len 16[0m
frame 3772: 29225 us total, 11775 us display, type 3
[0;32mI (134199) NIMBLE_HIDH: notify handle 30 len 16[0m
frame 3773: 28312 us total, 12371 us display, type 3
[0;32mI (134229) NIMBLE_HIDH: notify handle 30 len 16[0m
frame 3774: 28697 us total, 12488 us display, type 3
[0;32mI (134259) NIMBLE_HIDH: notify handle 30 len 16[0m
frame 3775: 29023 us total, 12548 us display, type 3
[0;32mI (134289) NIMBLE_HIDH: notify handle 30 len 16[0m
frame 3776: 28011 us total, 12568 us display, type 3
axes L  -1687 -16051 R    181   -448 level 1
[0;32mI (134319) NIMBLE_HIDH: notify handle 30 len 16[0m
frame 3777: 29051 us total, 12380 us display, type 3
[0;32mI (134349) NIMBLE_HIDH: notify handle 30 len 16[0m
frame 3778: 27579 us total, 12175 us display, type 3
[0;32mI (134379) NIMBLE_HIDH: notify handle 30 len 16[0m
frame 3779: 29232 us total, 12395 us display, type 3
[0;32mI (134409) NIMBLE_HIDH: notify handle 30 len 16[0m
frame 3780: 27694 us total, 12090 us display, type 3
frame 3781: 28639 us total, 11692 us display, type 3
[0;32mI (134439) NIMBLE_HIDH: notify handle 30 len 16[0m
frame 3782: 29499 us total, 11686 us display, type 3
[0;32mI (134469) NIMBLE_HIDH: notify handle 30 len 16[0m
[0;32mI (134484) NIMBLE_HIDH: notify handle 30 len 16[0m
frame 3783: 28578 us total, 12871 us display, type 3
[0;32mI (134514) NIMBLE_HIDH: notify handle 30 len 16[0m
frame 3784: 28611 us total, 12755 us display, type 3
[0;32mI (134544) NIMBLE_HIDH: notify handle 30 len 16[0m
frame 3785: 28117 us total, 12573 us display, type 3
axes L  -1687 -16121 R    181   -448 level 1
[0;32mI (134574) NIMBLE_HIDH: notify handle 30 len 16[0m
frame 3786: 29017 us total, 12326 us display, type 3
[0;32mI (134604) NIMBLE_HIDH: notify handle 30 len 16[0m
frame 3787: 27602 us total, 12199 us display, type 3
[0;32mI (134634) NIMBLE_HIDH: notify handle 30 len 16[0m
frame 3788: 28976 us total, 12183 us display, type 3
[0;32mI (134664) NIMBLE_HIDH: notify handle 30 len 16[0m
frame 3789: 29016 us total, 12196 us display, type 3
[0;32mI (134694) NIMBLE_HIDH: notify handle 30 len 16[0m
frame 3790: 28251 us total, 12518 us display, type 3
[0;32mI (134724) NIMBLE_HIDH: notify handle 30 len 16[0m
frame 3791: 28669 us total, 12181 us display, type 3
frame 3792: 27671 us total, 11692 us display, type 3
[0;32mI (134754) NIMBLE_HIDH: notify handle 30 len 16[0m
frame 3793: 29778 us total, 11692 us display, type 3
[0;32mI (134784) NIMBLE_HIDH: notify handle 30 len 16[0m
frame 3794: 28139 us total, 12058 us display, type 3
axes L  -1687 -16152 R    181   -448 level 1
[0;32mI (134814) NIMBLE_HIDH: notify handle 30 len 16[0m
frame 3795: 28927 us total, 11692 us display, type 3
[0;32mI (134844) NIMBLE_HIDH: notify handle 30 len 16[0m
frame 3796: 28947 us total, 11709 us display, type 3
[0;32mI (134874) NIMBLE_HIDH: notify handle 30 len 16[0m
frame 3797: 28028 us total, 11769 us display, type 3
[0;32mI (134904) NIMBLE_HIDH: notify handle 30 len 16[0m
frame 3798: 29055 us total, 11818 us display, type 3
[0;32mI (134934) NIMBLE_HIDH: notify handle 30 len 16[0m
frame 3799: 27873 us total, 11699 us display, type 3
[0;32mI (134964) NIMBLE_HIDH: notify handle 30 len 16[0m
frame 3800: 28970 us total, 11693 us display, type 3
[0;32mI (134994) NIMBLE_HIDH: notify handle 30 len 16[0m
frame 3801: 28036 us total, 11726 us display, type 3
[0;32mI (135024) NIMBLE_HIDH: notify handle 30 len 16[0m
frame 3802: 29583 us total, 11809 us display, type 3
[0;32mI (135054) NIMBLE_HIDH: notify handle 30 len 16[0m
frame 3803: 28760 us total, 11691 us display, type 3
axes L  -1687 -16152 R    181   -448 level 1
[0;32mI (135084) NIMBLE_HIDH: notify handle 30 len 16[0m
frame 3804: 27703 us total, 12787 us display, type 3
[0;32mI (135114) NIMBLE_HIDH: notify handle 30 len 16[0m
frame 3805: 28295 us total, 12373 us display, type 3
[0;32mI (135144) NIMBLE_HIDH: notify handle 30 len 16[0m
frame 3806: 28686 us total, 12668 us display, type 3
[0;32mI (135174) NIMBLE_HIDH: notify handle 30 len 16[0m
frame 3807: 29007 us total, 12625 us display, type 3
[0;32mI (135204) NIMBLE_HIDH: notify handle 30 len 16[0m
frame 3808: 27560 us total, 12192 us display, type 3
[0;32mI (135234) NIMBLE_HIDH: notify handle 30 len 16[0m
frame 3809: 29006 us total, 12191 us display, type 3
[0;32mI (135249) NIMBLE_HIDH: notify handle 30 len 16[0m
frame 3810: 29286 us total, 11692 us display, type 3
[0;32mI (135279) NIMBLE_HIDH: notify handle 30 len 16[0m
frame 3811: 27985 us total, 11693 us display, type 3
[0;32mI (135309) NIMBLE_HIDH: notify handle 30 len 16[0m
frame 3812: 29224 us total, 11731 us display, type 3
axes L  -1687 -16219 R    181   -448 level 1
[0;32mI (135339) NIMBLE_HIDH: notify handle 30 len 16[0m
frame 3813: 28969 us total, 11700 us display, type 3
[0;32mI (135369) NIMBLE_HIDH: notify handle 30 len 16[0m
frame 3814: 28055 us total, 11772 us display, type 3
[0;32mI (135399) NIMBLE_HIDH: notify handle 30 len 16[0m
frame 3815: 27809 us total, 12722 us display, type 3
[0;32mI (135429) NIMBLE_HIDH: notify handle 30 len 16[0m
frame 3816: 29149 us total, 12557 us display, type 3
[0;32mI (135459) NIMBLE_HIDH: notify handle 30 len 16[0m
frame 3817: 28949 us total, 12424 us display, type 3
[0;32mI (135474) NIMBLE_HIDH: notify handle 30 len 16[0m
frame 3818: 28083 us total, 11692 us display, type 3
[0;32mI (135504) NIMBLE_HIDH: notify handle 30 len 16[0m
frame 3819: 29013 us total, 11699 us display, type 3
[0;32mI (135534) NIMBLE_HIDH: notify handle 30 len 16[0m
frame 3820: 28136 us total, 11850 us display, type 3
[0;32mI (135564) NIMBLE_HIDH: notify handle 30 len 16[0m
frame 3821: 28819 us total, 11692 us display, type 3
axes L  -1687 -16250 R    181   -448 level 1
[0;32mI (135594) NIMBLE_HIDH: notify handle 30 len 16[0m
frame 3822: 28684 us total, 11686 us display, type 3
[0;32mI (135624) NIMBLE_HIDH: notify handle 30 len 16[0m
frame 3823: 28827 us total, 11862 us display, type 3
[0;32mI (135654) NIMBLE_HIDH: notify handle 30 len 16[0m
frame 3824: 28402 us total, 11699 us display, type 3
[0;32mI (135684) NIMBLE_HIDH: notify handle 30 len 16[0m
frame 3825: 27402 us total, 12373 us display, type 3
[0;32mI (135714) NIMBLE_HIDH: notify handle 30 len 16[0m
frame 3826: 28986 us total, 12375 us display, type 3
[0;32mI (135744) NIMBLE_HIDH: notify handle 30 len 16[0m
frame 3827: 28649 us total, 12641 us display, type 3
[0;32mI (135774) NIMBLE_HIDH: notify handle 30 len 16[0m
frame 3828: 29016 us total, 12643 us display, type 3
[0;32mI (135804) NIMBLE_HIDH: notify handle 30 len 16[0m
frame 3829: 27546 us total, 12207 us display, type 3
[0;32mI (135834) NIMBLE_HIDH: notify handle 30 len 16[0m
frame 3830: 28929 us total, 12181 us display, type 3
axes L  -1687 -16250 R    181   -448 level 1
[0;32mI (135864) NIMBLE_HIDH: notify handle 30 len 16[0m
frame 3831: 29211 us total, 12218 us display, type 3
[0;32mI (135894) NIMBLE_HIDH: notify handle 30 len 16[0m
frame 3832: 28303 us total, 12527 us display, type 3
[0;32mI (135924) NIMBLE_HIDH: notify handle 30 len 16[0m
frame 3833: 29753 us total, 12527 us display, type 3
frame 3834: 25767 us total, 11686 us display, type 3
[0;32mI (135954) NIMBLE_HIDH: notify handle 30 len 16[0m
frame 3835: 29610 us total, 11692 us display, type 3
[0;32mI (135984) NIMBLE_HIDH: notify handle 30 len 16[0m
frame 3836: 28841 us total, 12063 us display, type 3
[0;32mI (136014) NIMBLE_HIDH: notify handle 30 len 16[0m
frame 3837: 28991 us total, 11780 us display, type 3
[0;32mI (136044) NIMBLE_HIDH: notify handle 30 len 16[0m
frame 3838: 29036 us total, 11692 us display, type 3
[0;32mI (136074) NIMBLE_HIDH: notify handle 30 len 16[0m
frame 3839: 28036 us total, 11767 us display, type 3
axes L  -1687 -16316 R    181   -448 level 1
[0;32mI (136104) NIMBLE_HIDH: notify handle 30 len 16[0m
frame 3840: 29126 us total, 11693 us display, type 3
mem @frame 3840: heap free 66484, largest 40960, min ever 65664, zone free 55016, stack free 14540, uptime 135 s, gamestate 0, demo 0, usergame 1, tic 4661
[0;32mI (136134) NIMBLE_HIDH: notify handle 30 len 16[0m
frame 3841: 27750 us total, 11691 us display, type 3
[0;32mI (136164) NIMBLE_HIDH: notify handle 30 len 16[0m
frame 3842: 29579 us total, 11685 us display, type 3
[0;32mI (136194) NIMBLE_HIDH: notify handle 30 len 16[0m
frame 3843: 27969 us total, 11812 us display, type 3
[0;32mI (136224) NIMBLE_HIDH: notify handle 30 len 16[0m
frame 3844: 28502 us total, 11701 us display, type 3
[0;32mI (136254) NIMBLE_HIDH: notify handle 30 len 16[0m
frame 3845: 28936 us total, 11698 us display, type 3
[0;32mI (136284) NIMBLE_HIDH: notify handle 30 len 16[0m
frame 3846: 27507 us total, 12389 us display, type 3
[0;32mI (136314) NIMBLE_HIDH: notify handle 30 len 16[0m
frame 3847: 29051 us total, 12387 us display, type 3
[0;32mI (136344) NIMBLE_HIDH: notify handle 30 len 16[0m
frame 3848: 28542 us total, 12539 us display, type 3
axes L  -1687 -16346 R    181   -448 level 1
[0;32mI (136374) NIMBLE_HIDH: notify handle 30 len 16[0m
frame 3849: 29039 us total, 12320 us display, type 3
[0;32mI (136404) NIMBLE_HIDH: notify handle 30 len 16[0m
frame 3850: 27607 us total, 12187 us display, type 3
[0;32mI (136434) NIMBLE_HIDH: notify handle 30 len 16[0m
frame 3851: 28951 us total, 12190 us display, type 3
[0;32mI (136464) NIMBLE_HIDH: notify handle 30 len 16[0m
frame 3852: 29165 us total, 12180 us display, type 3
[0;32mI (136494) NIMBLE_HIDH: notify handle 30 len 16[0m
frame 3853: 28969 us total, 12378 us display, type 3
frame 3854: 27536 us total, 11699 us display, type 3
[0;32mI (136539) NIMBLE_HIDH: notify handle 30 len 16[0m
frame 3855: 28773 us total, 11699 us display, type 3
[0;32mI (136554) NIMBLE_HIDH: notify handle 30 len 16[0m
frame 3856: 28143 us total, 11700 us display, type 3
[0;32mI (136584) NIMBLE_HIDH: notify handle 30 len 16[0m
frame 3857: 28862 us total, 12064 us display, type 3
axes L  -1687 -16346 R    181   -448 level 1
[0;32mI (136614) NIMBLE_HIDH: notify handle 30 len 16[0m
frame 3858: 29004 us total, 11698 us display, type 3
[0;32mI (136644) NIMBLE_HIDH: notify handle 30 len 16[0m
frame 3859: 29000 us total, 11695 us display, type 3
[0;32mI (136674) NIMBLE_HIDH: notify handle 30 len 16[0m
frame 3860: 27990 us total, 11806 us display, type 3
[0;32mI (136704) NIMBLE_HIDH: notify handle 30 len 16[0m
frame 3861: 29054 us total, 11832 us display, type 3
[0;32mI (136734) NIMBLE_HIDH: notify handle 30 len 16[0m
frame 3862: 28314 us total, 11692 us display, type 3
[0;32mI (136764) NIMBLE_HIDH: notify handle 30 len 16[0m
frame 3863: 28896 us total, 11715 us display, type 3
[0;32mI (136794) NIMBLE_HIDH: notify handle 30 len 16[0m
frame 3864: 27592 us total, 11723 us display, type 3
[0;32mI (136824) NIMBLE_HIDH: notify handle 30 len 16[0m
frame 3865: 28866 us total, 11686 us display, type 3
[0;32mI (136854) NIMBLE_HIDH: notify handle 30 len 16[0m
frame 3866: 29023 us total, 11686 us display, type 3
[0;32mI (136869) NIMBLE_HIDH: notify handle 30 len 16[0m
axes L  -1687 -16414 R    181   -448 level 1
frame 3867: 27288 us total, 12058 us display, type 3
[0;32mI (136899) NIMBLE_HIDH: notify handle 30 len 16[0m
frame 3868: 29364 us total, 11685 us display, type 3
[0;32mI (136929) NIMBLE_HIDH: notify handle 30 len 16[0m
frame 3869: 28584 us total, 11867 us display, type 3
[0;32mI (136959) NIMBLE_HIDH: notify handle 30 len 16[0m
frame 3870: 29032 us total, 11896 us display, type 3
[0;32mI (136989) NIMBLE_HIDH: notify handle 30 len 16[0m
frame 3871: 27729 us total, 11686 us display, type 3
[0;32mI (137019) NIMBLE_HIDH: notify handle 30 len 16[0m
frame 3872: 29376 us total, 11875 us display, type 3
[0;32mI (137049) NIMBLE_HIDH: notify handle 30 len 16[0m
frame 3873: 29632 us total, 11685 us display, type 3
[0;32mI (137079) NIMBLE_HIDH: notify handle 30 len 16[0m
frame 3874: 26679 us total, 11745 us display, type 3
[0;32mI (137109) NIMBLE_HIDH: notify handle 30 len 16[0m
frame 3875: 29492 us total, 11726 us display, type 3
axes L  -1687 -16442 R    181   -448 level 1
[0;32mI (137139) NIMBLE_HIDH: notify handle 30 len 16[0m
frame 3876: 28214 us total, 11692 us display, type 3
[0;32mI (137169) NIMBLE_HIDH: notify handle 30 len 16[0m
frame 3877: 28837 us total, 11772 us display, type 3
[0;32mI (137199) NIMBLE_HIDH: notify handle 30 len 16[0m
frame 3878: 27888 us total, 12770 us display, type 3
[0;32mI (137229) NIMBLE_HIDH: notify handle 30 len 16[0m
frame 3879: 29075 us total, 12517 us display, type 3
[0;32mI (137259) NIMBLE_HIDH: notify handle 30 len 16[0m
frame 3880: 29030 us total, 12456 us display, type 3
[0;32mI (137289) NIMBLE_HIDH: notify handle 30 len 16[0m
frame 3881: 28018 us total, 12458 us display, type 3
[0;32mI (137319) NIMBLE_HIDH: notify handle 30 len 16[0m
frame 3882: 29220 us total, 12197 us display, type 3
[0;32mI (137334) NIMBLE_HIDH: notify handle 30 len 16[0m
frame 3883: 28142 us total, 11685 us display, type 3
[0;32mI (137364) NIMBLE_HIDH: notify handle 30 len 16[0m
frame 3884: 28608 us total, 11692 us display, type 3
axes L  -1687 -16510 R    181   -448 level 1
[0;32mI (137394) NIMBLE_HIDH: notify handle 30 len 16[0m
frame 3885: 28142 us total, 11726 us display, type 3
[0;32mI (137424) NIMBLE_HIDH: notify handle 30 len 16[0m
frame 3886: 28747 us total, 11694 us display, type 3
[0;32mI (137454) NIMBLE_HIDH: notify handle 30 len 16[0m
frame 3887: 28989 us total, 11692 us display, type 3
[0;32mI (137484) NIMBLE_HIDH: notify handle 30 len 16[0m
frame 3888: 27508 us total, 12382 us display, type 3
[0;32mI (137514) NIMBLE_HIDH: notify handle 30 len 16[0m
frame 3889: 28987 us total, 12380 us display, type 3
[0;32mI (137544) NIMBLE_HIDH: notify handle 30 len 16[0m
frame 3890: 28628 us total, 12657 us display, type 3
[0;32mI (137574) NIMBLE_HIDH: notify handle 30 len 16[0m
frame 3891: 29091 us total, 12757 us display, type 3
[0;32mI (137604) NIMBLE_HIDH: notify handle 30 len 16[0m
frame 3892: 28056 us total, 12667 us display, type 3
[0;32mI (137634) NIMBLE_HIDH: notify handle 30 len 16[0m
frame 3893: 29305 us total, 12197 us display, type 3
axes L  -1687 -16539 R    181   -448 level 1
[0;32mI (137664) NIMBLE_HIDH: notify handle 30 len 16[0m
frame 3894: 28760 us total, 12461 us display, type 3
[0;32mI (137694) NIMBLE_HIDH: notify handle 30 len 16[0m
frame 3895: 27732 us total, 12542 us display, type 3
[0;32mI (137724) NIMBLE_HIDH: notify handle 30 len 16[0m
frame 3896: 28646 us total, 12191 us display, type 3
frame 3897: 27518 us total, 11692 us display, type 3
[0;32mI (137754) NIMBLE_HIDH: notify handle 30 len 16[0m
frame 3898: 29019 us total, 11700 us display, type 3
[0;32mI (137784) NIMBLE_HIDH: notify handle 30 len 16[0m
frame 3899: 28863 us total, 12057 us display, type 3
[0;32mI (137814) NIMBLE_HIDH: notify handle 30 len 16[0m
frame 3900: 28982 us total, 11824 us display, type 3
[0;32mI (137844) NIMBLE_HIDH: notify handle 30 len 16[0m
frame 3901: 29045 us total, 11710 us display, type 3
[0;32mI (137874) NIMBLE_HIDH: notify handle 30 len 16[0m
frame 3902: 28440 us total, 11685 us display, type 3
axes L  -1687 -16539 R    181   -448 level 1
[0;32mI (137904) NIMBLE_HIDH: notify handle 30 len 16[0m
frame 3903: 29054 us total, 11685 us display, type 3
[0;32mI (137934) NIMBLE_HIDH: notify handle 30 len 16[0m
frame 3904: 27388 us total, 11699 us display, type 3
[0;32mI (137964) NIMBLE_HIDH: notify handle 30 len 16[0m
frame 3905: 28922 us total, 11692 us display, type 3
[0;32mI (137994) NIMBLE_HIDH: notify handle 30 len 16[0m
frame 3906: 28024 us total, 11717 us display, type 3
[0;32mI (138024) NIMBLE_HIDH: notify handle 30 len 16[0m
frame 3907: 29034 us total, 11694 us display, type 3
[0;32mI (138054) NIMBLE_HIDH: notify handle 30 len 16[0m
frame 3908: 29032 us total, 11692 us display, type 3
[0;32mI (138084) NIMBLE_HIDH: notify handle 30 len 16[0m
frame 3909: 27942 us total, 12787 us display, type 3
[0;32mI (138114) NIMBLE_HIDH: notify handle 30 len 16[0m
frame 3910: 28563 us total, 12380 us display, type 3
[0;32mI (138144) NIMBLE_HIDH: notify handle 30 len 16[0m
frame 3911: 28583 us total, 12608 us display, type 3
axes L  -1687 -16606 R    181   -448 level 1
frame 3912: 28516 us total, 11686 us display, type 3
[0;32mI (138190) NIMBLE_HIDH: notify handle 30 len 16[0m
[0;32mI (138190) NIMBLE_HIDH: notify handle 30 len 16[0m
frame 3913: 29750 us total, 11699 us display, type 3
[0;32mI (138219) NIMBLE_HIDH: notify handle 30 len 16[0m
frame 3914: 27900 us total, 11695 us display, type 3
[0;32mI (138249) NIMBLE_HIDH: notify handle 30 len 16[0m
frame 3915: 29072 us total, 11889 us display, type 3
[0;32mI (138279) NIMBLE_HIDH: notify handle 30 len 16[0m
frame 3916: 27844 us total, 11692 us display, type 3
[0;32mI (138309) NIMBLE_HIDH: notify handle 30 len 16[0m
frame 3917: 28986 us total, 11736 us display, type 3
[0;32mI (138339) NIMBLE_HIDH: notify handle 30 len 16[0m
frame 3918: 27927 us total, 11692 us display, type 3
[0;32mI (138369) NIMBLE_HIDH: notify handle 30 len 16[0m
frame 3919: 29053 us total, 11699 us display, type 3
[0;32mI (138399) NIMBLE_HIDH: notify handle 30 len 16[0m
frame 3920: 27856 us total, 12776 us display, type 3
axes L  -1687 -16636 R    181   -448 level 1
[0;32mI (138429) NIMBLE_HIDH: notify handle 30 len 16[0m
frame 3921: 29077 us total, 12421 us display, type 3
[0;32mI (138459) NIMBLE_HIDH: notify handle 30 len 16[0m
frame 3922: 29229 us total, 12289 us display, type 3
[0;32mI (138489) NIMBLE_HIDH: notify handle 30 len 16[0m
frame 3923: 27839 us total, 12196 us display, type 3
[0;32mI (138519) NIMBLE_HIDH: notify handle 30 len 16[0m
frame 3924: 28544 us total, 12196 us display, type 3
[0;32mI (138549) NIMBLE_HIDH: notify handle 30 len 16[0m
frame 3925: 27915 us total, 12183 us display, type 3
[0;32mI (138579) NIMBLE_HIDH: notify handle 30 len 16[0m
frame 3926: 29235 us total, 12391 us display, type 3
[0;32mI (138609) NIMBLE_HIDH: notify handle 30 len 16[0m
frame 3927: 27833 us total, 12259 us display, type 3
frame 3928: 28439 us total, 11692 us display, type 3
[0;32mI (138639) NIMBLE_HIDH: notify handle 30 len 16[0m
frame 3929: 29044 us total, 11692 us display, type 3
[0;32mI (138669) NIMBLE_HIDH: notify handle 30 len 16[0m
axes L  -1687 -16636 R    181   -448 level 1
[0;32mI (138684) NIMBLE_HIDH: notify handle 30 len 16[0m
frame 3930: 28364 us total, 12393 us display, type 3
[0;32mI (138714) NIMBLE_HIDH: notify handle 30 len 16[0m
frame 3931: 28848 us total, 12380 us display, type 3
frame 3932: 27905 us total, 11692 us display, type 3
[0;32mI (138759) NIMBLE_HIDH: notify handle 30 len 16[0m
[0;32mI (138774) NIMBLE_HIDH: notify handle 30 len 16[0m
frame 3933: 31801 us total, 12783 us display, type 3
[0;32mI (138804) NIMBLE_HIDH: notify handle 30 len 16[0m
frame 3934: 26306 us total, 12196 us display, type 3
[0;32mI (138834) NIMBLE_HIDH: notify handle 30 len 16[0m
frame 3935: 28293 us total, 12172 us display, type 3
[0;32mI (138864) NIMBLE_HIDH: notify handle 30 len 16[0m
frame 3936: 29073 us total, 12209 us display, type 3
[0;32mI (138894) NIMBLE_HIDH: notify handle 30 len 16[0m
frame 3937: 28342 us total, 12539 us display, type 3
[0;32mI (138924) NIMBLE_HIDH: notify handle 30 len 16[0m
frame 3938: 28594 us total, 12152 us display, type 3
axes L  -1687 -16732 R    181   -448 level 1
frame 3939: 27811 us total, 11685 us display, type 3
[0;32mI (138954) NIMBLE_HIDH: notify handle 30 len 16[0m
frame 3940: 28776 us total, 11692 us display, type 3
[0;32mI (138984) NIMBLE_HIDH: notify handle 30 len 16[0m
frame 3941: 28879 us total, 12064 us display, type 3
[0;32mI (139014) NIMBLE_HIDH: notify handle 30 len 16[0m
frame 3942: 29374 us total, 11685 us display, type 3
[0;32mI (139044) NIMBLE_HIDH: notify handle 30 len 16[0m
frame 3943: 28988 us total, 11692 us display, type 3
[0;32mI (139074) NIMBLE_HIDH: notify handle 30 len 16[0m
frame 3944: 27646 us total, 11741 us display, type 3
[0;32mI (139104) NIMBLE_HIDH: notify handle 30 len 16[0m
frame 3945: 29061 us total, 11865 us display, type 3
[0;32mI (139134) NIMBLE_HIDH: notify handle 30 len 16[0m
frame 3946: 27859 us total, 11699 us display, type 3
[0;32mI (139164) NIMBLE_HIDH: notify handle 30 len 16[0m
frame 3947: 29006 us total, 11692 us display, type 3
axes L  -1687 -16732 R    181   -448 level 1
[0;32mI (139194) NIMBLE_HIDH: notify handle 30 len 16[0m
frame 3948: 28189 us total, 11723 us display, type 3
[0;32mI (139224) NIMBLE_HIDH: notify handle 30 len 16[0m
frame 3949: 28810 us total, 11700 us display, type 3
[0;32mI (139254) NIMBLE_HIDH: notify handle 30 len 16[0m
frame 3950: 28917 us total, 11699 us display, type 3
[0;32mI (139284) NIMBLE_HIDH: notify handle 30 len 16[0m
frame 3951: 27480 us total, 12381 us display, type 3
[0;32mI (139314) NIMBLE_HIDH: notify handle 30 len 16[0m
frame 3952: 29603 us total, 12796 us display, type 3
[0;32mI (139344) NIMBLE_HIDH: notify handle 30 len 16[0m
frame 3953: 29073 us total, 12739 us display, type 3
[0;32mI (139374) NIMBLE_HIDH: notify handle 30 len 16[0m
frame 3954: 27986 us total, 12489 us display, type 3
[0;32mI (139404) NIMBLE_HIDH: notify handle 30 len 16[0m
frame 3955: 27595 us total, 12199 us display, type 3
[0;32mI (139434) NIMBLE_HIDH: notify handle 30 len 16[0m
frame 3956: 28981 us total, 12175 us display, type 3
axes L  -1687 -16801 R    181   -448 level 1
[0;32mI (139464) NIMBLE_HIDH: notify handle 30 len 16[0m
frame 3957: 29171 us total, 12189 us display, type 3
[0;32mI (139494) NIMBLE_HIDH: notify handle 30 len 16[0m
frame 3958: 28167 us total, 12541 us display, type 3
[0;32mI (139524) NIMBLE_HIDH: notify handle 30 len 16[0m
frame 3959: 28606 us total, 12094 us display, type 3
frame 3960: 27516 us total, 11692 us display, type 3
[0;32mI (139554) NIMBLE_HIDH: notify handle 30 len 16[0m
frame 3961: 29020 us total, 11692 us display, type 3
[0;32mI (139584) NIMBLE_HIDH: notify handle 30 len 16[0m
frame 3962: 29373 us total, 11685 us display, type 3
[0;32mI (139614) NIMBLE_HIDH: notify handle 30 len 16[0m
frame 3963: 28804 us total, 11699 us display, type 3
[0;32mI (139644) NIMBLE_HIDH: notify handle 30 len 16[0m
frame 3964: 28753 us total, 11800 us display, type 3
[0;32mI (139674) NIMBLE_HIDH: notify handle 30 len 16[0m
frame 3965: 27755 us total, 11685 us display, type 3
axes L  -1687 -16829 R    181   -448 level 1
[0;32mI (139704) NIMBLE_HIDH: notify handle 30 len 16[0m
frame 3966: 29334 us total, 11767 us display, type 3
[0;32mI (139734) NIMBLE_HIDH: notify handle 30 len 16[0m
frame 3967: 27733 us total, 11693 us display, type 3
[0;32mI (139764) NIMBLE_HIDH: notify handle 30 len 16[0m
frame 3968: 29019 us total, 11692 us display, type 3
[0;32mI (139794) NIMBLE_HIDH: notify handle 30 len 16[0m
frame 3969: 28049 us total, 11724 us display, type 3
[0;32mI (139824) NIMBLE_HIDH: notify handle 30 len 16[0m
frame 3970: 28907 us total, 11693 us display, type 3
[0;32mI (139854) NIMBLE_HIDH: notify handle 30 len 16[0m
frame 3971: 28984 us total, 11686 us display, type 3
[0;32mI (139884) NIMBLE_HIDH: notify handle 30 len 16[0m
frame 3972: 28167 us total, 12794 us display, type 3
[0;32mI (139914) NIMBLE_HIDH: notify handle 30 len 16[0m
frame 3973: 29380 us total, 12382 us display, type 3
[0;32mI (139944) NIMBLE_HIDH: notify handle 30 len 16[0m
frame 3974: 27687 us total, 12449 us display, type 3
axes L  -1687 -16898 R    181   -448 level 1
[0;32mI (139974) NIMBLE_HIDH: notify handle 30 len 16[0m
frame 3975: 29008 us total, 12324 us display, type 3
[0;32mI (140004) NIMBLE_HIDH: notify handle 30 len 16[0m
frame 3976: 28032 us total, 12537 us display, type 3
[0;32mI (140034) NIMBLE_HIDH: notify handle 30 len 16[0m
frame 3977: 28642 us total, 12181 us display, type 3
[0;32mI (140064) NIMBLE_HIDH: notify handle 30 len 16[0m
frame 3978: 29012 us total, 12185 us display, type 3
[0;32mI (140094) NIMBLE_HIDH: notify handle 30 len 16[0m
frame 3979: 28330 us total, 12519 us display, type 3
[0;32mI (140124) NIMBLE_HIDH: notify handle 30 len 16[0m
frame 3980: 28499 us total, 12056 us display, type 3
frame 3981: 27659 us total, 11692 us display, type 3
[0;32mI (140154) NIMBLE_HIDH: notify handle 30 len 16[0m
frame 3982: 29484 us total, 11692 us display, type 3
[0;32mI (140184) NIMBLE_HIDH: notify handle 30 len 16[0m
frame 3983: 28726 us total, 11685 us display, type 3
axes L  -1687 -16925 R    181   -448 level 1
[0;32mI (140214) NIMBLE_HIDH: notify handle 30 len 16[0m
frame 3984: 28638 us total, 11693 us display, type 3
[0;32mI (140244) NIMBLE_HIDH: notify handle 30 len 16[0m
frame 3985: 28949 us total, 11809 us display, type 3
[0;32mI (140274) NIMBLE_HIDH: notify handle 30 len 16[0m
frame 3986: 28015 us total, 11850 us display, type 3
[0;32mI (140304) NIMBLE_HIDH: notify handle 30 len 16[0m
frame 3987: 28830 us total, 11692 us display, type 3
[0;32mI (140334) NIMBLE_HIDH: notify handle 30 len 16[0m
frame 3988: 27989 us total, 11692 us display, type 3
[0;32mI (140364) NIMBLE_HIDH: notify handle 30 len 16[0m
frame 3989: 29014 us total, 11692 us display, type 3
[0;32mI (140409) NIMBLE_HIDH: notify handle 30 len 16[0m
frame 3990: 27717 us total, 12280 us display, type 3
[0;32mI (140424) NIMBLE_HIDH: notify handle 30 len 16[0m
frame 3991: 29173 us total, 11686 us display, type 3
[0;32mI (140454) NIMBLE_HIDH: notify handle 30 len 16[0m
frame 3992: 29220 us total, 11699 us display, type 3
axes L  -1687 -16925 R    181   -448 level 1
[0;32mI (140484) NIMBLE_HIDH: notify handle 30 len 16[0m
frame 3993: 28959 us total, 11767 us display, type 3
[0;32mI (140514) NIMBLE_HIDH: notify handle 30 len 16[0m
frame 3994: 27983 us total, 12792 us display, type 3
[0;32mI (140544) NIMBLE_HIDH: notify handle 30 len 16[0m
frame 3995: 28082 us total, 12594 us display, type 3
[0;32mI (140574) NIMBLE_HIDH: notify handle 30 len 16[0m
frame 3996: 29043 us total, 12594 us display, type 3
[0;32mI (140604) NIMBLE_HIDH: notify handle 30 len 16[0m
frame 3997: 27535 us total, 12182 us display, type 3
[0;32mI (140634) NIMBLE_HIDH: notify handle 30 len 16[0m
frame 3998: 29052 us total, 12203 us display, type 3
[0;32mI (140664) NIMBLE_HIDH: notify handle 30 len 16[0m
frame 3999: 29032 us total, 12174 us display, type 3
[0;32mI (140694) NIMBLE_HIDH: notify handle 30 len 16[0m
frame 4000: 28297 us total, 12529 us display, type 3
[0;32mI (140724) NIMBLE_HIDH: notify handle 30 len 16[0m
frame 4001: 28621 us total, 12147 us display, type 3
axes L  -1687 -17021 R    181   -448 level 1
frame 4002: 28244 us total, 11692 us display, type 3
[0;32mI (140754) NIMBLE_HIDH: notify handle 30 len 16[0m
frame 4003: 28738 us total, 11692 us display, type 3
[0;32mI (140784) NIMBLE_HIDH: notify handle 30 len 16[0m
frame 4004: 28483 us total, 12064 us display, type 3
[0;32mI (140814) NIMBLE_HIDH: notify handle 30 len 16[0m
frame 4005: 28922 us total, 11851 us display, type 3
[0;32mI (140844) NIMBLE_HIDH: notify handle 30 len 16[0m
frame 4006: 29056 us total, 11755 us display, type 3
[0;32mI (140874) NIMBLE_HIDH: notify handle 30 len 16[0m
frame 4007: 28009 us total, 11773 us display, type 3
[0;32mI (140904) NIMBLE_HIDH: notify handle 30 len 16[0m
frame 4008: 29058 us total, 11823 us display, type 3
[0;32mI (140934) NIMBLE_HIDH: notify handle 30 len 16[0m
frame 4009: 27906 us total, 11692 us display, type 3
[0;32mI (140964) NIMBLE_HIDH: notify handle 30 len 16[0m
frame 4010: 28982 us total, 11698 us display, type 3
axes L  -1687 -17021 R    181   -448 level 1
[0;32mI (140994) NIMBLE_HIDH: notify handle 30 len 16[0m
frame 4011: 28154 us total, 11722 us display, type 3
[0;32mI (141024) NIMBLE_HIDH: notify handle 30 len 16[0m
frame 4012: 28962 us total, 11692 us display, type 3
[0;32mI (141054) NIMBLE_HIDH: notify handle 30 len 16[0m
[0;32mI (141069) NIMBLE_HIDH: notify handle 30 len 16[0m
frame 4013: 30408 us total, 12329 us display, type 3
frame 4014: 25990 us total, 11692 us display, type 3
[0;32mI (141099) NIMBLE_HIDH: notify handle 30 len 16[0m
frame 4015: 29514 us total, 12057 us display, type 3
[0;32mI (141129) NIMBLE_HIDH: notify handle 30 len 16[0m
frame 4016: 28046 us total, 11696 us display, type 3
[0;32mI (141159) NIMBLE_HIDH: notify handle 30 len 16[0m
frame 4017: 29008 us total, 11704 us display, type 3
[0;32mI (141189) NIMBLE_HIDH: notify handle 30 len 16[0m
frame 4018: 28037 us total, 11844 us display, type 3
[0;32mI (141219) NIMBLE_HIDH: notify handle 30 len 16[0m
frame 4019: 28845 us total, 11692 us display, type 3
axes L  -1687 -17092 R    181   -448 level 1
[0;32mI (141249) NIMBLE_HIDH: notify handle 30 len 16[0m
frame 4020: 29291 us total, 11815 us display, type 3
[0;32mI (141279) NIMBLE_HIDH: notify handle 30 len 16[0m
frame 4021: 27678 us total, 11692 us display, type 3
[0;32mI (141309) NIMBLE_HIDH: notify handle 30 len 16[0m
frame 4022: 29556 us total, 11750 us display, type 3
[0;32mI (141339) NIMBLE_HIDH: notify handle 30 len 16[0m
frame 4023: 27820 us total, 11692 us display, type 3
[0;32mI (141369) NIMBLE_HIDH: notify handle 30 len 16[0m
frame 4024: 28505 us total, 11685 us display, type 3
[0;32mI (141399) NIMBLE_HIDH: notify handle 30 len 16[0m
frame 4025: 27506 us total, 12382 us display, type 3
[0;32mI (141429) NIMBLE_HIDH: notify handle 30 len 16[0m
frame 4026: 29678 us total, 12749 us display, type 3
[0;32mI (141459) NIMBLE_HIDH: notify handle 30 len 16[0m
frame 4027: 29023 us total, 12682 us display, type 3
[0;32mI (141489) NIMBLE_HIDH: notify handle 30 len 16[0m
frame 4028: 27530 us total, 12192 us display, type 3
axes L  -1687 -17119 R    181   -448 level 1
[0;32mI (141519) NIMBLE_HIDH: notify handle 30 len 16[0m
frame 4029: 29549 us total, 12511 us display, type 3
[0;32mI (141549) NIMBLE_HIDH: notify handle 30 len 16[0m
frame 4030: 27393 us total, 12172 us display, type 3
[0;32mI (141579) NIMBLE_HIDH: notify handle 30 len 16[0m
frame 4031: 29182 us total, 12398 us display, type 3
[0;32mI (141609) NIMBLE_HIDH: notify handle 30 len 16[0m
frame 4032: 27927 us total, 12081 us display, type 3
[0;32mI (141639) NIMBLE_HIDH: notify handle 30 len 16[0m
frame 4033: 29978 us total, 12287 us display, type 3
frame 4034: 27656 us total, 11692 us display, type 3
[0;32mI (141669) NIMBLE_HIDH: notify handle 30 len 16[0m
frame 4035: 27810 us total, 12056 us display, type 3
[0;32mI (141699) NIMBLE_HIDH: notify handle 30 len 16[0m
frame 4036: 29946 us total, 12064 us display, type 3
[0;32mI (141729) NIMBLE_HIDH: notify handle 30 len 16[0m
frame 4037: 28114 us total, 11692 us display, type 3
axes L  -1687 -17189 R    181   -448 level 1
[0;32mI (141759) NIMBLE_HIDH: notify handle 30 len 16[0m
frame 4038: 29210 us total, 11692 us display, type 3
[0;32mI (141789) NIMBLE_HIDH: notify handle 30 len 16[0m
frame 4039: 27809 us total, 11755 us display, type 3
[0;32mI (141819) NIMBLE_HIDH: notify handle 30 len 16[0m
frame 4040: 29059 us total, 11800 us display, type 3
[0;32mI (141849) NIMBLE_HIDH: notify handle 30 len 16[0m
frame 4041: 29092 us total, 11876 us display, type 3
[0;32mI (141879) NIMBLE_HIDH: notify handle 30 len 16[0m
frame 4042: 28317 us total, 11685 us display, type 3
[0;32mI (141909) NIMBLE_HIDH: notify handle 30 len 16[0m
frame 4043: 28896 us total, 11745 us display, type 3
[0;32mI (141939) NIMBLE_HIDH: notify handle 30 len 16[0m
frame 4044: 27539 us total, 11692 us display, type 3
[0;32mI (141969) NIMBLE_HIDH: notify handle 30 len 16[0m
frame 4045: 28804 us total, 11686 us display, type 3
[0;32mI (141999) NIMBLE_HIDH: notify handle 30 len 16[0m
frame 4046: 27627 us total, 12385 us display, type 3
axes L  -1687 -17215 R    181   -448 level 1
[0;32mI (142029) NIMBLE_HIDH: notify handle 30 len 16[0m
frame 4047: 29615 us total, 12508 us display, type 3
frame 4048: 28049 us total, 11692 us display, type 3
[0;32mI (142074) NIMBLE_HIDH: notify handle 30 len 16[0m
[0;32mI (142089) NIMBLE_HIDH: notify handle 30 len 16[0m
frame 4049: 29279 us total, 12180 us display, type 3
[0;32mI (142119) NIMBLE_HIDH: notify handle 30 len 16[0m
frame 4050: 28175 us total, 12195 us display, type 3
[0;32mI (142149) NIMBLE_HIDH: notify handle 30 len 16[0m
frame 4051: 27904 us total, 12175 us display, type 3
[0;32mI (142179) NIMBLE_HIDH: notify handle 30 len 16[0m
frame 4052: 29402 us total, 12377 us display, type 3
[0;32mI (142209) NIMBLE_HIDH: notify handle 30 len 16[0m
frame 4053: 28926 us total, 12533 us display, type 3
frame 4054: 27387 us total, 11693 us display, type 3
[0;32mI (142239) NIMBLE_HIDH: notify handle 30 len 16[0m
frame 4055: 28918 us total, 11692 us display, type 3
[0;32mI (142269) NIMBLE_HIDH: notify handle 30 len 16[0m
axes L  -1687 -17285 R    181   -448 level 1
frame 4056: 28084 us total, 12057 us display, type 3
[0;32mI (142299) NIMBLE_HIDH: notify handle 30 len 16[0m
frame 4057: 29718 us total, 12064 us display, type 3
[0;32mI (142329) NIMBLE_HIDH: notify handle 30 len 16[0m
frame 4058: 28109 us total, 11711 us display, type 3
[0;32mI (142359) NIMBLE_HIDH: notify handle 30 len 16[0m
[0;32mI (142374) NIMBLE_HIDH: notify handle 30 len 16[0m
frame 4059: 29951 us total, 12630 us display, type 3
[0;32mI (142404) NIMBLE_HIDH: notify handle 30 len 16[0m
frame 4060: 26187 us total, 12189 us display, type 3
[0;32mI (142434) NIMBLE_HIDH: notify handle 30 len 16[0m
frame 4061: 29439 us total, 12186 us display, type 3
[0;32mI (142464) NIMBLE_HIDH: notify handle 30 len 16[0m
frame 4062: 29619 us total, 12294 us display, type 3
[0;32mI (142494) NIMBLE_HIDH: notify handle 30 len 16[0m
frame 4063: 28184 us total, 12589 us display, type 3
[0;32mI (142524) NIMBLE_HIDH: notify handle 30 len 16[0m
frame 4064: 28195 us total, 12178 us display, type 3
axes L  -1687 -17311 R    181   -448 level 1
frame 4065: 27617 us total, 11699 us display, type 3
[0;32mI (142554) NIMBLE_HIDH: notify handle 30 len 16[0m
frame 4066: 28848 us total, 11699 us display, type 3
[0;32mI (142584) NIMBLE_HIDH: notify handle 30 len 16[0m
frame 4067: 28896 us total, 12057 us display, type 3
[0;32mI (142614) NIMBLE_HIDH: notify handle 30 len 16[0m
frame 4068: 29027 us total, 11804 us display, type 3
[0;32mI (142644) NIMBLE_HIDH: notify handle 30 len 16[0m
frame 4069: 29053 us total, 11743 us display, type 3
[0;32mI (142674) NIMBLE_HIDH: notify handle 30 len 16[0m
frame 4070: 27921 us total, 11692 us display, type 3
[0;32mI (142719) NIMBLE_HIDH: notify handle 30 len 16[0m
frame 4071: 28650 us total, 12192 us display, type 3
[0;32mI (142734) NIMBLE_HIDH: notify handle 30 len 16[0m
frame 4072: 28643 us total, 11826 us display, type 3
[0;32mI (142764) NIMBLE_HIDH: notify handle 30 len 16[0m
frame 4073: 29672 us total, 11698 us display, type 3
axes L  -1687 -17381 R    181   -448 level 1
[0;32mI (142794) NIMBLE_HIDH: notify handle 30 len 16[0m
frame 4074: 27008 us total, 11728 us display, type 3
[0;32mI (142824) NIMBLE_HIDH: notify handle 30 len 16[0m
frame 4075: 29107 us total, 11693 us display, type 3
[0;32mI (142854) NIMBLE_HIDH: notify handle 30 len 16[0m
frame 4076: 29025 us total, 11699 us display, type 3
[0;32mI (142884) NIMBLE_HIDH: notify handle 30 len 16[0m
frame 4077: 27970 us total, 12869 us display, type 3
[0;32mI (142914) NIMBLE_HIDH: notify handle 30 len 16[0m
frame 4078: 28887 us total, 12737 us display, type 3
[0;32mI (142929) NIMBLE_HIDH: notify handle 30 len 16[0m
frame 4079: 28202 us total, 11693 us display, type 3
[0;32mI (142959) NIMBLE_HIDH: notify handle 30 len 16[0m
frame 4080: 28976 us total, 11692 us display, type 3
[0;32mI (142989) NIMBLE_HIDH: notify handle 30 len 16[0m
frame 4081: 28015 us total, 11810 us display, type 3
[0;32mI (143019) NIMBLE_HIDH: notify handle 30 len 16[0m
frame 4082: 29355 us total, 11685 us display, type 3
axes L  -1783 -17408 R    181   -448 level 1
[0;32mI (143049) NIMBLE_HIDH: notify handle 30 len 16[0m
frame 4083: 29021 us total, 11685 us display, type 3
[0;32mI (143079) NIMBLE_HIDH: notify handle 30 len 16[0m
frame 4084: 27434 us total, 11695 us display, type 3
[0;32mI (143109) NIMBLE_HIDH: notify handle 30 len 16[0m
frame 4085: 28915 us total, 11717 us display, type 3
[0;32mI (143139) NIMBLE_HIDH: notify handle 30 len 16[0m
frame 4086: 27979 us total, 11685 us display, type 3
[0;32mI (143169) NIMBLE_HIDH: notify handle 30 len 16[0m
frame 4087: 28947 us total, 11685 us display, type 3
[0;32mI (143199) NIMBLE_HIDH: notify handle 30 len 16[0m
frame 4088: 27599 us total, 12383 us display, type 3
[0;32mI (143229) NIMBLE_HIDH: notify handle 30 len 16[0m
frame 4089: 29636 us total, 12708 us display, type 3
[0;32mI (143259) NIMBLE_HIDH: notify handle 30 len 16[0m
frame 4090: 29035 us total, 12699 us display, type 3
[0;32mI (143274) NIMBLE_HIDH: notify handle 30 len 16[0m
frame 4091: 27754 us total, 11686 us display, type 3
axes L  -1783 -17480 R    181   -448 level 1
[0;32mI (143304) NIMBLE_HIDH: notify handle 30 len 16[0m
frame 4092: 29401 us total, 11692 us display, type 3
[0;32mI (143334) NIMBLE_HIDH: notify handle 30 len 16[0m
frame 4093: 28568 us total, 11685 us display, type 3
[0;32mI (143364) NIMBLE_HIDH: notify handle 30 len 16[0m
frame 4094: 28272 us total, 11692 us display, type 3
[0;32mI (143394) NIMBLE_HIDH: notify handle 30 len 16[0m
frame 4095: 27906 us total, 11728 us display, type 3
[0;32mI (143424) NIMBLE_HIDH: notify handle 30 len 16[0m
[0;32mI (143439) NIMBLE_HIDH: notify handle 30 len 16[0m
frame 4096: 29580 us total, 12270 us display, type 3
mem @frame 4096: heap free 66484, largest 40960, min ever 65664, zone free 55016, stack free 14540, uptime 143 s, gamestate 0, demo 0, usergame 1, tic 4917
frame 4097: 26946 us total, 11685 us display, type 3
[0;32mI (143469) NIMBLE_HIDH: notify handle 30 len 16[0m
frame 4098: 28609 us total, 12063 us display, type 3
[0;32mI (143499) NIMBLE_HIDH: notify handle 30 len 16[0m
frame 4099: 29925 us total, 12064 us display, type 3
[0;32mI (143529) NIMBLE_HIDH: notify handle 30 len 16[0m
frame 4100: 28075 us total, 11695 us display, type 3
axes L  -1783 -17506 R    181   -448 level 1
[0;32mI (143559) NIMBLE_HIDH: notify handle 30 len 16[0m
frame 4101: 29208 us total, 11699 us display, type 3
[0;32mI (143589) NIMBLE_HIDH: notify handle 30 len 16[0m
frame 4102: 28013 us total, 11693 us display, type 3
[0;32mI (143619) NIMBLE_HIDH: notify handle 30 len 16[0m
frame 4103: 29083 us total, 11692 us display, type 3
[0;32mI (143649) NIMBLE_HIDH: notify handle 30 len 16[0m
frame 4104: 28657 us total, 11693 us display, type 3
[0;32mI (143679) NIMBLE_HIDH: notify handle 30 len 16[0m
frame 4105: 27916 us total, 11692 us display, type 3
[0;32mI (143709) NIMBLE_HIDH: notify handle 30 len 16[0m
frame 4106: 29068 us total, 11729 us display, type 3
[0;32mI (143739) NIMBLE_HIDH: notify handle 30 len 16[0m
frame 4107: 28008 us total, 11692 us display, type 3
[0;32mI (143769) NIMBLE_HIDH: notify handle 30 len 16[0m
frame 4108: 28964 us total, 11768 us display, type 3
[0;32mI (143784) NIMBLE_HIDH: notify handle 30 len 16[0m
frame 4109: 28003 us total, 12064 us display, type 3
axes L  -1783 -17578 R    181   -448 level 1
[0;32mI (143814) NIMBLE_HIDH: notify handle 30 len 16[0m
frame 4110: 29070 us total, 11699 us display, type 3
[0;32mI (143844) NIMBLE_HIDH: notify handle 30 len 16[0m
frame 4111: 28983 us total, 11789 us display, type 3
[0;32mI (143874) NIMBLE_HIDH: notify handle 30 len 16[0m
frame 4112: 28029 us total, 11701 us display, type 3
[0;32mI (143904) NIMBLE_HIDH: notify handle 30 len 16[0m
frame 4113: 29717 us total, 11685 us display, type 3
[0;32mI (143934) NIMBLE_HIDH: notify handle 30 len 16[0m
[0;32mI (143949) NIMBLE_HIDH: notify handle 30 len 16[0m
frame 4114: 27375 us total, 12464 us display, type 3
[0;32mI (143979) NIMBLE_HIDH: notify handle 30 len 16[0m
frame 4115: 28665 us total, 12379 us display, type 3
[0;32mI (144009) NIMBLE_HIDH: notify handle 30 len 16[0m
frame 4116: 27738 us total, 12168 us display, type 3
frame 4117: 28575 us total, 11699 us display, type 3
[0;32mI (144039) NIMBLE_HIDH: notify handle 30 len 16[0m
frame 4118: 28957 us total, 11693 us display, type 3
[0;32mI (144069) NIMBLE_HIDH: notify handle 30 len 16[0m
axes L  -1783 -17604 R    181   -448 level 1
frame 4119: 28144 us total, 12057 us display, type 3
[0;32mI (144099) NIMBLE_HIDH: notify handle 30 len 16[0m
frame 4120: 29673 us total, 12064 us display, type 3
[0;32mI (144129) NIMBLE_HIDH: notify handle 30 len 16[0m
frame 4121: 28108 us total, 11736 us display, type 3
[0;32mI (144159) NIMBLE_HIDH: notify handle 30 len 16[0m
frame 4122: 29185 us total, 11699 us display, type 3
[0;32mI (144189) NIMBLE_HIDH: notify handle 30 len 16[0m
frame 4123: 28059 us total, 11693 us display, type 3
[0;32mI (144219) NIMBLE_HIDH: notify handle 30 len 16[0m
frame 4124: 28580 us total, 11692 us display, type 3
[0;32mI (144249) NIMBLE_HIDH: notify handle 30 len 16[0m
frame 4125: 28973 us total, 11685 us display, type 3
[0;32mI (144279) NIMBLE_HIDH: notify handle 30 len 16[0m
[0;32mI (144294) NIMBLE_HIDH: notify handle 30 len 16[0m
frame 4126: 28574 us total, 12275 us display, type 3
[0;32mI (144324) NIMBLE_HIDH: notify handle 30 len 16[0m
frame 4127: 28198 us total, 12254 us display, type 3
axes L  -1783 -17674 R    181   -448 level 1
frame 4128: 27663 us total, 11693 us display, type 3
[0;32mI (144354) NIMBLE_HIDH: notify handle 30 len 16[0m
frame 4129: 28844 us total, 11692 us display, type 3
[0;32mI (144384) NIMBLE_HIDH: notify handle 30 len 16[0m
frame 4130: 28823 us total, 12061 us display, type 3
[0;32mI (144414) NIMBLE_HIDH: notify handle 30 len 16[0m
frame 4131: 29061 us total, 11905 us display, type 3
[0;32mI (144444) NIMBLE_HIDH: notify handle 30 len 16[0m
frame 4132: 29075 us total, 11699 us display, type 3
[0;32mI (144474) NIMBLE_HIDH: notify handle 30 len 16[0m
frame 4133: 29002 us total, 11835 us display, type 3
[0;32mI (144504) NIMBLE_HIDH: notify handle 30 len 16[0m
frame 4134: 28054 us total, 11704 us display, type 3
[0;32mI (144534) NIMBLE_HIDH: notify handle 30 len 16[0m
frame 4135: 27913 us total, 11692 us display, type 3
[0;32mI (144564) NIMBLE_HIDH: notify handle 30 len 16[0m
frame 4136: 29042 us total, 11699 us display, type 3
axes L  -1783 -17703 R    181   -448 level 1
[0;32mI (144594) NIMBLE_HIDH: notify handle 30 len 16[0m
frame 4137: 28410 us total, 11905 us display, type 3
[0;32mI (144624) NIMBLE_HIDH: notify handle 30 len 16[0m
frame 4138: 28596 us total, 11692 us display, type 3
[0;32mI (144654) NIMBLE_HIDH: notify handle 30 len 16[0m
frame 4139: 28991 us total, 11699 us display, type 3
[0;32mI (144684) NIMBLE_HIDH: notify handle 30 len 16[0m
frame 4140: 27881 us total, 12782 us display, type 3
[0;32mI (144714) NIMBLE_HIDH: notify handle 30 len 16[0m
frame 4141: 29048 us total, 12838 us display, type 3
[0;32mI (144744) NIMBLE_HIDH: notify handle 30 len 16[0m
frame 4142: 28035 us total, 12286 us display, type 3
[0;32mI (144774) NIMBLE_HIDH: notify handle 30 len 16[0m
frame 4143: 29125 us total, 12295 us display, type 3
[0;32mI (144804) NIMBLE_HIDH: notify handle 30 len 16[0m
frame 4144: 27482 us total, 12201 us display, type 3
[0;32mI (144819) NIMBLE_HIDH: notify handle 30 len 16[0m
frame 4145: 29211 us total, 11692 us display, type 3
axes L  -1783 -17770 R    181   -448 level 1
[0;32mI (144849) NIMBLE_HIDH: notify handle 30 len 16[0m
frame 4146: 29423 us total, 11878 us display, type 3
[0;32mI (144879) NIMBLE_HIDH: notify handle 30 len 16[0m
frame 4147: 27606 us total, 11692 us display, type 3
[0;32mI (144909) NIMBLE_HIDH: notify handle 30 len 16[0m
frame 4148: 29045 us total, 11737 us display, type 3
[0;32mI (144939) NIMBLE_HIDH: notify handle 30 len 16[0m
frame 4149: 27951 us total, 11693 us display, type 3
[0;32mI (144969) NIMBLE_HIDH: notify handle 30 len 16[0m
frame 4150: 28858 us total, 11688 us display, type 3
[0;32mI (144984) NIMBLE_HIDH: notify handle 30 len 16[0m
frame 4151: 27707 us total, 11686 us display, type 3
[0;32mI (145014) NIMBLE_HIDH: notify handle 30 len 16[0m
frame 4152: 29554 us total, 11804 us display, type 3
[0;32mI (145044) NIMBLE_HIDH: notify handle 30 len 16[0m
frame 4153: 29972 us total, 11928 us display, type 3
[0;32mI (145074) NIMBLE_HIDH: notify handle 30 len 16[0m
frame 4154: 26597 us total, 11686 us display, type 3
axes L  -1783 -17801 R    181   -448 level 1
[0;32mI (145104) NIMBLE_HIDH: notify handle 30 len 16[0m
frame 4155: 29558 us total, 11714 us display, type 3
[0;32mI (145134) NIMBLE_HIDH: notify handle 30 len 16[0m
frame 4156: 27768 us total, 11692 us display, type 3
[0;32mI (145164) NIMBLE_HIDH: notify handle 30 len 16[0m
frame 4157: 29021 us total, 11699 us display, type 3
[0;32mI (145194) NIMBLE_HIDH: notify handle 30 len 16[0m
frame 4158: 28025 us total, 11737 us display, type 3
[0;32mI (145224) NIMBLE_HIDH: notify handle 30 len 16[0m
frame 4159: 28995 us total, 11693 us display, type 3
[0;32mI (145254) NIMBLE_HIDH: notify handle 30 len 16[0m
frame 4160: 28994 us total, 11699 us display, type 3
[0;32mI (145284) NIMBLE_HIDH: notify handle 30 len 16[0m
frame 4161: 27511 us total, 12394 us display, type 3
[0;32mI (145314) NIMBLE_HIDH: notify handle 30 len 16[0m
frame 4162: 29487 us total, 12620 us display, type 3
[0;32mI (145344) NIMBLE_HIDH: notify handle 30 len 16[0m
frame 4163: 28182 us total, 12290 us display, type 3
axes L  -1783 -17801 R    181   -448 level 1
[0;32mI (145374) NIMBLE_HIDH: notify handle 30 len 16[0m
frame 4164: 28939 us total, 12368 us display, type 3
[0;32mI (145404) NIMBLE_HIDH: notify handle 30 len 16[0m
frame 4165: 27543 us total, 12207 us display, type 3
[0;32mI (145434) NIMBLE_HIDH: notify handle 30 len 16[0m
frame 4166: 29016 us total, 12180 us display, type 3
[0;32mI (145464) NIMBLE_HIDH: notify handle 30 len 16[0m
frame 4167: 29056 us total, 12191 us display, type 3
[0;32mI (145494) NIMBLE_HIDH: notify handle 30 len 16[0m
frame 4168: 28395 us total, 12544 us display, type 3
[0;32mI (145524) NIMBLE_HIDH: notify handle 30 len 16[0m
frame 4169: 28542 us total, 12062 us display, type 3
[0;32mI (145539) NIMBLE_HIDH: notify handle 30 len 16[0m
frame 4170: 28401 us total, 11699 us display, type 3
[0;32mI (145569) NIMBLE_HIDH: notify handle 30 len 16[0m
frame 4171: 28939 us total, 11761 us display, type 3
[0;32mI (145599) NIMBLE_HIDH: notify handle 30 len 16[0m
frame 4172: 28062 us total, 12703 us display, type 3
axes L  -1783 -17898 R    181   -448 level 1
[0;32mI (145629) NIMBLE_HIDH: notify handle 30 len 16[0m
frame 4173: 30001 us total, 12523 us display, type 3
[0;32mI (145659) NIMBLE_HIDH: notify handle 30 len 16[0m
frame 4174: 28035 us total, 12446 us display, type 3
[0;32mI (145689) NIMBLE_HIDH: notify handle 30 len 16[0m
frame 4175: 28005 us total, 12551 us display, type 3
[0;32mI (145719) NIMBLE_HIDH: notify handle 30 len 16[0m
frame 4176: 28627 us total, 12189 us display, type 3
[0;32mI (145749) NIMBLE_HIDH: notify handle 30 len 16[0m
frame 4177: 27991 us total, 12201 us display, type 3
[0;32mI (145779) NIMBLE_HIDH: notify handle 30 len 16[0m
frame 4178: 29189 us total, 12407 us display, type 3
[0;32mI (145809) NIMBLE_HIDH: notify handle 30 len 16[0m
frame 4179: 27724 us total, 12139 us display, type 3
frame 4180: 28551 us total, 11692 us display, type 3
[0;32mI (145839) NIMBLE_HIDH: notify handle 30 len 16[0m
frame 4181: 28966 us total, 11692 us display, type 3
[0;32mI (145869) NIMBLE_HIDH: notify handle 30 len 16[0m
axes L  -1783 -17898 R    181   -448 level 1
frame 4182: 28361 us total, 11685 us display, type 3
[0;32mI (145899) NIMBLE_HIDH: notify handle 30 len 16[0m
frame 4183: 29805 us total, 12057 us display, type 3
[0;32mI (145929) NIMBLE_HIDH: notify handle 30 len 16[0m
frame 4184: 27791 us total, 11845 us display, type 3
[0;32mI (145959) NIMBLE_HIDH: notify handle 30 len 16[0m
frame 4185: 28987 us total, 11863 us display, type 3
[0;32mI (146004) NIMBLE_HIDH: notify handle 30 len 16[0m
frame 4186: 27475 us total, 12200 us display, type 3
[0;32mI (146019) NIMBLE_HIDH: notify handle 30 len 16[0m
frame 4187: 29334 us total, 11692 us display, type 3
[0;32mI (146049) NIMBLE_HIDH: notify handle 30 len 16[0m
frame 4188: 29011 us total, 11692 us display, type 3
[0;32mI (146079) NIMBLE_HIDH: notify handle 30 len 16[0m
frame 4189: 28029 us total, 11692 us display, type 3
[0;32mI (146109) NIMBLE_HIDH: notify handle 30 len 16[0m
frame 4190: 28971 us total, 11717 us display, type 3
axes L  -1783 -17963 R    181   -448 level 1
[0;32mI (146139) NIMBLE_HIDH: notify handle 30 len 16[0m
frame 4191: 28147 us total, 11697 us display, type 3
[0;32mI (146169) NIMBLE_HIDH: notify handle 30 len 16[0m
frame 4192: 29016 us total, 11766 us display, type 3
[0;32mI (146184) NIMBLE_HIDH: notify handle 30 len 16[0m
frame 4193: 28762 us total, 11685 us display, type 3
[0;32mI (146214) NIMBLE_HIDH: notify handle 30 len 16[0m
frame 4194: 28216 us total, 11700 us display, type 3
[0;32mI (146244) NIMBLE_HIDH: notify handle 30 len 16[0m
frame 4195: 29034 us total, 11698 us display, type 3
[0;32mI (146274) NIMBLE_HIDH: notify handle 30 len 16[0m
frame 4196: 28037 us total, 11794 us display, type 3
[0;32mI (146304) NIMBLE_HIDH: notify handle 30 len 16[0m
frame 4197: 29058 us total, 11864 us display, type 3
[0;32mI (146334) NIMBLE_HIDH: notify handle 30 len 16[0m
frame 4198: 27903 us total, 11693 us display, type 3
[0;32mI (146364) NIMBLE_HIDH: notify handle 30 len 16[0m
frame 4199: 29015 us total, 11692 us display, type 3
axes L  -1783 -17994 R    181   -448 level 1
[0;32mI (146394) NIMBLE_HIDH: notify handle 30 len 16[0m
frame 4200: 28225 us total, 11718 us display, type 3
[0;32mI (146424) NIMBLE_HIDH: notify handle 30 len 16[0m
frame 4201: 28785 us total, 11693 us display, type 3
[0;32mI (146454) NIMBLE_HIDH: notify handle 30 len 16[0m
frame 4202: 29295 us total, 11693 us display, type 3
[0;32mI (146484) NIMBLE_HIDH: notify handle 30 len 16[0m
frame 4203: 28071 us total, 12871 us display, type 3
[0;32mI (146514) NIMBLE_HIDH: notify handle 30 len 16[0m
frame 4204: 28509 us total, 12774 us display, type 3
[0;32mI (146544) NIMBLE_HIDH: notify handle 30 len 16[0m
frame 4205: 28104 us total, 12611 us display, type 3
[0;32mI (146574) NIMBLE_HIDH: notify handle 30 len 16[0m
frame 4206: 29025 us total, 12597 us display, type 3
[0;32mI (146604) NIMBLE_HIDH: notify handle 30 len 16[0m
frame 4207: 27599 us total, 12210 us display, type 3
[0;32mI (146634) NIMBLE_HIDH: notify handle 30 len 16[0m
frame 4208: 28943 us total, 12185 us display, type 3
axes L  -1783 -17994 R    181   -448 level 1
frame 4209: 28738 us total, 11693 us display, type 3
[0;32mI (146679) NIMBLE_HIDH: notify handle 30 len 16[0m
[0;32mI (146694) NIMBLE_HIDH: notify handle 30 len 16[0m
frame 4210: 29157 us total, 12327 us display, type 3
[0;32mI (146724) NIMBLE_HIDH: notify handle 30 len 16[0m
frame 4211: 28079 us total, 12257 us display, type 3
frame 4212: 27650 us total, 11696 us display, type 3
[0;32mI (146754) NIMBLE_HIDH: notify handle 30 len 16[0m
frame 4213: 29726 us total, 11692 us display, type 3
[0;32mI (146784) NIMBLE_HIDH: notify handle 30 len 16[0m
frame 4214: 28117 us total, 12064 us display, type 3
[0;32mI (146814) NIMBLE_HIDH: notify handle 30 len 16[0m
frame 4215: 28926 us total, 11845 us display, type 3
[0;32mI (146844) NIMBLE_HIDH: notify handle 30 len 16[0m
[0;32mI (146859) NIMBLE_HIDH: notify handle 30 len 16[0m
frame 4216: 29955 us total, 12667 us display, type 3
[0;32mI (146889) NIMBLE_HIDH: notify handle 30 len 16[0m
frame 4217: 26166 us total, 12217 us display, type 3
axes L  -1783 -18090 R    181   -448 level 1
[0;32mI (146919) NIMBLE_HIDH: notify handle 30 len 16[0m
frame 4218: 30000 us total, 12516 us display, type 3
[0;32mI (146949) NIMBLE_HIDH: notify handle 30 len 16[0m
frame 4219: 27490 us total, 12189 us display, type 3
[0;32mI (146979) NIMBLE_HIDH: notify handle 30 len 16[0m
frame 4220: 29186 us total, 12390 us display, type 3
[0;32mI (147009) NIMBLE_HIDH: notify handle 30 len 16[0m
frame 4221: 27789 us total, 12182 us display, type 3
frame 4222: 28719 us total, 11698 us display, type 3
[0;32mI (147039) NIMBLE_HIDH: notify handle 30 len 16[0m
frame 4223: 29164 us total, 11685 us display, type 3
[0;32mI (147069) NIMBLE_HIDH: notify handle 30 len 16[0m
frame 4224: 27512 us total, 12057 us display, type 3
[0;32mI (147099) NIMBLE_HIDH: notify handle 30 len 16[0m
frame 4225: 29480 us total, 11686 us display, type 3
[0;32mI (147129) NIMBLE_HIDH: notify handle 30 len 16[0m
frame 4226: 28586 us total, 11825 us display, type 3
axes L  -1783 -18090 R    181   -448 level 1
[0;32mI (147159) NIMBLE_HIDH: notify handle 30 len 16[0m
frame 4227: 29172 us total, 11700 us display, type 3
[0;32mI (147189) NIMBLE_HIDH: notify handle 30 len 16[0m
frame 4228: 27926 us total, 11866 us display, type 3
[0;32mI (147234) NIMBLE_HIDH: notify handle 30 len 16[0m
frame 4229: 28516 us total, 12202 us display, type 3
[0;32mI (147249) NIMBLE_HIDH: notify handle 30 len 16[0m
frame 4230: 29276 us total, 11694 us display, type 3
[0;32mI (147279) NIMBLE_HIDH: notify handle 30 len 16[0m
frame 4231: 27963 us total, 11693 us display, type 3
[0;32mI (147309) NIMBLE_HIDH: notify handle 30 len 16[0m
[0;32mI (147324) NIMBLE_HIDH: notify handle 30 len 16[0m
frame 4232: 29953 us total, 12436 us display, type 3
frame 4233: 26699 us total, 11685 us display, type 3
[0;32mI (147354) NIMBLE_HIDH: notify handle 30 len 16[0m
frame 4234: 28826 us total, 11698 us display, type 3
[0;32mI (147384) NIMBLE_HIDH: notify handle 30 len 16[0m
frame 4235: 28750 us total, 12057 us display, type 3
axes L  -1783 -18158 R    181   -448 level 1
[0;32mI (147414) NIMBLE_HIDH: notify handle 30 len 16[0m
frame 4236: 29064 us total, 11692 us display, type 3
[0;32mI (147444) NIMBLE_HIDH: notify handle 30 len 16[0m
frame 4237: 28954 us total, 11699 us display, type 3
[0;32mI (147474) NIMBLE_HIDH: notify handle 30 len 16[0m
frame 4238: 27929 us total, 11714 us display, type 3
[0;32mI (147504) NIMBLE_HIDH: notify handle 30 len 16[0m
frame 4239: 29061 us total, 11785 us display, type 3
[0;32mI (147534) NIMBLE_HIDH: notify handle 30 len 16[0m
[0;32mI (147549) NIMBLE_HIDH: notify handle 30 len 16[0m
frame 4240: 28303 us total, 12104 us display, type 3
[0;32mI (147579) NIMBLE_HIDH: notify handle 30 len 16[0m
frame 4241: 28415 us total, 12383 us display, type 3
[0;32mI (147609) NIMBLE_HIDH: notify handle 30 len 16[0m
frame 4242: 27901 us total, 12113 us display, type 3
[0;32mI (147639) NIMBLE_HIDH: notify handle 30 len 16[0m
frame 4243: 29826 us total, 12251 us display, type 3
frame 4244: 27503 us total, 11697 us display, type 3
[0;32mI (147669) NIMBLE_HIDH: notify handle 30 len 16[0m
axes L  -1783 -18189 R    181   -448 level 1
frame 4245: 28005 us total, 12057 us display, type 3
[0;32mI (147699) NIMBLE_HIDH: notify handle 30 len 16[0m
frame 4246: 29370 us total, 11685 us display, type 3
[0;32mI (147729) NIMBLE_HIDH: notify handle 30 len 16[0m
frame 4247: 28587 us total, 11876 us display, type 3
[0;32mI (147759) NIMBLE_HIDH: notify handle 30 len 16[0m
frame 4248: 29040 us total, 11854 us display, type 3
[0;32mI (147789) NIMBLE_HIDH: notify handle 30 len 16[0m
frame 4249: 27789 us total, 11692 us display, type 3
[0;32mI (147819) NIMBLE_HIDH: notify handle 30 len 16[0m
frame 4250: 28965 us total, 11686 us display, type 3
[0;32mI (147849) NIMBLE_HIDH: notify handle 30 len 16[0m
frame 4251: 28932 us total, 11686 us display, type 3
[0;32mI (147879) NIMBLE_HIDH: notify handle 30 len 16[0m
frame 4252: 28199 us total, 11693 us display, type 3
[0;32mI (147909) NIMBLE_HIDH: notify handle 30 len 16[0m
frame 4253: 29812 us total, 11685 us display, type 3
axes L  -1783 -18189 R    181   -448 level 1
[0;32mI (147939) NIMBLE_HIDH: notify handle 30 len 16[0m
frame 4254: 26780 us total, 11685 us display, type 3
[0;32mI (147969) NIMBLE_HIDH: notify handle 30 len 16[0m
frame 4255: 29253 us total, 11685 us display, type 3
[0;32mI (147999) NIMBLE_HIDH: notify handle 30 len 16[0m
frame 4256: 27559 us total, 12296 us display, type 3
[0;32mI (148014) NIMBLE_HIDH: notify handle 30 len 16[0m
frame 4257: 29626 us total, 11833 us display, type 3
[0;32mI (148044) NIMBLE_HIDH: notify handle 30 len 16[0m
frame 4258: 29069 us total, 11699 us display, type 3
[0;32mI (148074) NIMBLE_HIDH: notify handle 30 len 16[0m
frame 4259: 28004 us total, 11764 us display, type 3
[0;32mI (148104) NIMBLE_HIDH: notify handle 30 len 16[0m
frame 4260: 29058 us total, 11854 us display, type 3
[0;32mI (148134) NIMBLE_HIDH: notify handle 30 len 16[0m
frame 4261: 27887 us total, 11692 us display, type 3
[0;32mI (148179) NIMBLE_HIDH: notify handle 30 len 16[0m
frame 4262: 29073 us total, 12368 us display, type 3
axes L  -1783 -18256 R    181   -448 level 1
[0;32mI (148194) NIMBLE_HIDH: notify handle 30 len 16[0m
frame 4263: 29065 us total, 11699 us display, type 3
[0;32mI (148224) NIMBLE_HIDH: notify handle 30 len 16[0m
frame 4264: 27875 us total, 11694 us display, type 3
[0;32mI (148254) NIMBLE_HIDH: notify handle 30 len 16[0m
frame 4265: 28926 us total, 11692 us display, type 3
[0;32mI (148269) NIMBLE_HIDH: notify handle 30 len 16[0m
frame 4266: 27100 us total, 12057 us display, type 3
[0;32mI (148299) NIMBLE_HIDH: notify handle 30 len 16[0m
frame 4267: 29963 us total, 12056 us display, type 3
[0;32mI (148329) NIMBLE_HIDH: notify handle 30 len 16[0m
frame 4268: 28064 us total, 11692 us display, type 3
[0;32mI (148359) NIMBLE_HIDH: notify handle 30 len 16[0m
frame 4269: 29017 us total, 11693 us display, type 3
[0;32mI (148389) NIMBLE_HIDH: notify handle 30 len 16[0m
frame 4270: 28018 us total, 11845 us display, type 3
[0;32mI (148419) NIMBLE_HIDH: notify handle 30 len 16[0m
frame 4271: 28760 us total, 11692 us display, type 3
axes L  -1783 -18287 R    181   -448 level 1
[0;32mI (148464) NIMBLE_HIDH: notify handle 30 len 16[0m
frame 4272: 29375 us total, 12481 us display, type 3
[0;32mI (148479) NIMBLE_HIDH: notify handle 30 len 16[0m
frame 4273: 28147 us total, 11769 us display, type 3
[0;32mI (148509) NIMBLE_HIDH: notify handle 30 len 16[0m
frame 4274: 28709 us total, 11726 us display, type 3
[0;32mI (148539) NIMBLE_HIDH: notify handle 30 len 16[0m
frame 4275: 27814 us total, 11699 us display, type 3
[0;32mI (148569) NIMBLE_HIDH: notify handle 30 len 16[0m
frame 4276: 29009 us total, 11773 us display, type 3
[0;32mI (148599) NIMBLE_HIDH: notify handle 30 len 16[0m
frame 4277: 27474 us total, 12380 us display, type 3
[0;32mI (148629) NIMBLE_HIDH: notify handle 30 len 16[0m
frame 4278: 29676 us total, 12748 us display, type 3
[0;32mI (148659) NIMBLE_HIDH: notify handle 30 len 16[0m
frame 4279: 28957 us total, 12626 us display, type 3
[0;32mI (148689) NIMBLE_HIDH: notify handle 30 len 16[0m
frame 4280: 27577 us total, 12214 us display, type 3
axes L  -1783 -18287 R    181   -448 level 1
frame 4281: 28648 us total, 11692 us display, type 3
[0;32mI (148734) NIMBLE_HIDH: notify handle 30 len 16[0m
[0;32mI (148749) NIMBLE_HIDH: notify handle 30 len 16[0m
frame 4282: 29209 us total, 12114 us display, type 3
[0;32mI (148779) NIMBLE_HIDH: notify handle 30 len 16[0m
frame 4283: 28833 us total, 12129 us display, type 3
frame 4284: 26703 us total, 11700 us display, type 3
[0;32mI (148825) NIMBLE_HIDH: notify handle 30 len 16[0m
[0;32mI (148825) NIMBLE_HIDH: notify handle 30 len 16[0m
frame 4285: 30095 us total, 11692 us display, type 3
[0;32mI (148854) NIMBLE_HIDH: notify handle 30 len 16[0m
frame 4286: 28697 us total, 11686 us display, type 3
[0;32mI (148884) NIMBLE_HIDH: notify handle 30 len 16[0m
frame 4287: 27517 us total, 12371 us display, type 3
[0;32mI (148914) NIMBLE_HIDH: notify handle 30 len 16[0m
frame 4288: 29065 us total, 12380 us display, type 3
[0;32mI (148944) NIMBLE_HIDH: notify handle 30 len 16[0m
frame 4289: 28648 us total, 12647 us display, type 3
axes L  -1783 -18352 R    181   -448 level 1
[0;32mI (148974) NIMBLE_HIDH: notify handle 30 len 16[0m
frame 4290: 29049 us total, 12495 us display, type 3
[0;32mI (149004) NIMBLE_HIDH: notify handle 30 len 16[0m
frame 4291: 27476 us total, 12198 us display, type 3
[0;32mI (149034) NIMBLE_HIDH: notify handle 30 len 16[0m
frame 4292: 29167 us total, 12199 us display, type 3
[0;32mI (149064) NIMBLE_HIDH: notify handle 30 len 16[0m
frame 4293: 29520 us total, 12424 us display, type 3
[0;32mI (149094) NIMBLE_HIDH: notify handle 30 len 16[0m
frame 4294: 27897 us total, 12519 us display, type 3
[0;32mI (149109) NIMBLE_HIDH: notify handle 30 len 16[0m
frame 4295: 28912 us total, 11742 us display, type 3
[0;32mI (149139) NIMBLE_HIDH: notify handle 30 len 16[0m
frame 4296: 28003 us total, 11692 us display, type 3
[0;32mI (149169) NIMBLE_HIDH: notify handle 30 len 16[0m
frame 4297: 29027 us total, 11770 us display, type 3
[0;32mI (149199) NIMBLE_HIDH: notify handle 30 len 16[0m
frame 4298: 27854 us total, 12703 us display, type 3
axes L  -1783 -18386 R    181   -448 level 1
[0;32mI (149229) NIMBLE_HIDH: notify handle 30 len 16[0m
frame 4299: 29160 us total, 12370 us display, type 3
[0;32mI (149259) NIMBLE_HIDH: notify handle 30 len 16[0m
frame 4300: 28939 us total, 12463 us display, type 3
[0;32mI (149289) NIMBLE_HIDH: notify handle 30 len 16[0m
frame 4301: 28020 us total, 12517 us display, type 3
[0;32mI (149319) NIMBLE_HIDH: notify handle 30 len 16[0m
frame 4302: 29053 us total, 12379 us display, type 3
[0;32mI (149349) NIMBLE_HIDH: notify handle 30 len 16[0m
frame 4303: 28362 us total, 12184 us display, type 3
[0;32mI (149379) NIMBLE_HIDH: notify handle 30 len 16[0m
frame 4304: 28324 us total, 12378 us display, type 3
[0;32mI (149409) NIMBLE_HIDH: notify handle 30 len 16[0m
frame 4305: 27795 us total, 12273 us display, type 3
frame 4306: 28447 us total, 11692 us display, type 3
[0;32mI (149439) NIMBLE_HIDH: notify handle 30 len 16[0m
frame 4307: 29005 us total, 11692 us display, type 3
[0;32mI (149469) NIMBLE_HIDH: notify handle 30 len 16[0m
axes L  -1783 -18386 R    181   -448 level 1
frame 4308: 28131 us total, 12057 us display, type 3
[0;32mI (149499) NIMBLE_HIDH: notify handle 30 len 16[0m
frame 4309: 29298 us total, 11685 us display, type 3
[0;32mI (149529) NIMBLE_HIDH: notify handle 30 len 16[0m
frame 4310: 28576 us total, 11880 us display, type 3
[0;32mI (149559) NIMBLE_HIDH: notify handle 30 len 16[0m
frame 4311: 29039 us total, 11915 us display, type 3
[0;32mI (149589) NIMBLE_HIDH: notify handle 30 len 16[0m
frame 4312: 28055 us total, 11878 us display, type 3
[0;32mI (149619) NIMBLE_HIDH: notify handle 30 len 16[0m
frame 4313: 29089 us total, 11697 us display, type 3
[0;32mI (149649) NIMBLE_HIDH: notify handle 30 len 16[0m
frame 4314: 28742 us total, 11692 us display, type 3
[0;32mI (149679) NIMBLE_HIDH: notify handle 30 len 16[0m
frame 4315: 27890 us total, 11692 us display, type 3
[0;32mI (149709) NIMBLE_HIDH: notify handle 30 len 16[0m
frame 4316: 29025 us total, 11727 us display, type 3
axes L  -1783 -18450 R    181   -448 level 1
[0;32mI (149739) NIMBLE_HIDH: notify handle 30 len 16[0m
frame 4317: 28194 us total, 11699 us display, type 3
[0;32mI (149769) NIMBLE_HIDH: notify handle 30 len 16[0m
frame 4318: 28829 us total, 11692 us display, type 3
[0;32mI (149799) NIMBLE_HIDH: notify handle 30 len 16[0m
frame 4319: 27558 us total, 12382 us display, type 3
[0;32mI (149829) NIMBLE_HIDH: notify handle 30 len 16[0m
frame 4320: 29539 us total, 12636 us display, type 3
[0;32mI (149859) NIMBLE_HIDH: notify handle 30 len 16[0m
frame 4321: 29037 us total, 12585 us display, type 3
[0;32mI (149889) NIMBLE_HIDH: notify handle 30 len 16[0m
frame 4322: 28041 us total, 12396 us display, type 3
[0;32mI (149919) NIMBLE_HIDH: notify handle 30 len 16[0m
frame 4323: 29466 us total, 12238 us display, type 3
[0;32mI (149949) NIMBLE_HIDH: notify handle 30 len 16[0m
frame 4324: 27081 us total, 12193 us display, type 3
[0;32mI (149979) NIMBLE_HIDH: notify handle 30 len 16[0m
frame 4325: 29157 us total, 12401 us display, type 3
axes L  -1783 -18482 R    181   -448 level 1
[0;32mI (150009) NIMBLE_HIDH: notify handle 30 len 16[0m
frame 4326: 28002 us total, 12121 us display, type 3
frame 4327: 28381 us total, 11692 us display, type 3
[0;32mI (150039) NIMBLE_HIDH: notify handle 30 len 16[0m
frame 4328: 29066 us total, 11692 us display, type 3
[0;32mI (150069) NIMBLE_HIDH: notify handle 30 len 16[0m
frame 4329: 27911 us total, 12064 us display, type 3
[0;32mI (150099) NIMBLE_HIDH: notify handle 30 len 16[0m
frame 4330: 29872 us total, 12057 us display, type 3
[0;32mI (150129) NIMBLE_HIDH: notify handle 30 len 16[0m
frame 4331: 28027 us total, 11697 us display, type 3
[0;32mI (150159) NIMBLE_HIDH: notify handle 30 len 16[0m
frame 4332: 29194 us total, 11692 us display, type 3
[0;32mI (150189) NIMBLE_HIDH: notify handle 30 len 16[0m
frame 4333: 28171 us total, 11685 us display, type 3
[0;32mI (150219) NIMBLE_HIDH: notify handle 30 len 16[0m
frame 4334: 28779 us total, 11727 us display, type 3
axes L  -1783 -18482 R    181   -448 level 1
[0;32mI (150249) NIMBLE_HIDH: notify handle 30 len 16[0m
frame 4335: 29071 us total, 11743 us display, type 3
[0;32mI (150279) NIMBLE_HIDH: notify handle 30 len 16[0m
frame 4336: 27724 us total, 11692 us display, type 3
[0;32mI (150309) NIMBLE_HIDH: notify handle 30 len 16[0m
frame 4337: 29034 us total, 11729 us display, type 3
[0;32mI (150339) NIMBLE_HIDH: notify handle 30 len 16[0m
frame 4338: 27940 us total, 11691 us display, type 3
[0;32mI (150369) NIMBLE_HIDH: notify handle 30 len 16[0m
frame 4339: 29008 us total, 11772 us display, type 3
[0;32mI (150399) NIMBLE_HIDH: notify handle 30 len 16[0m
frame 4340: 27453 us total, 12390 us display, type 3
[0;32mI (150429) NIMBLE_HIDH: notify handle 30 len 16[0m
frame 4341: 29590 us total, 12650 us display, type 3
[0;32mI (150459) NIMBLE_HIDH: notify handle 30 len 16[0m
frame 4342: 29031 us total, 12413 us display, type 3
[0;32mI (150489) NIMBLE_HIDH: notify handle 30 len 16[0m
frame 4343: 28502 us total, 12297 us display, type 3
axes L  -1783 -18482 R    181   -448 level 1
[0;32mI (150519) NIMBLE_HIDH: notify handle 30 len 16[0m
frame 4344: 28549 us total, 12535 us display, type 3
[0;32mI (150549) NIMBLE_HIDH: notify handle 30 len 16[0m
frame 4345: 27333 us total, 12163 us display, type 3
[0;32mI (150579) NIMBLE_HIDH: notify handle 30 len 16[0m
frame 4346: 29305 us total, 12404 us display, type 3
[0;32mI (150609) NIMBLE_HIDH: notify handle 30 len 16[0m
frame 4347: 27852 us total, 12240 us display, type 3
frame 4348: 28451 us total, 11693 us display, type 3
[0;32mI (150639) NIMBLE_HIDH: notify handle 30 len 16[0m
frame 4349: 29046 us total, 11699 us display, type 3
[0;32mI (150669) NIMBLE_HIDH: notify handle 30 len 16[0m
frame 4350: 27829 us total, 12057 us display, type 3
[0;32mI (150699) NIMBLE_HIDH: notify handle 30 len 16[0m
frame 4351: 29508 us total, 11685 us display, type 3
[0;32mI (150729) NIMBLE_HIDH: notify handle 30 len 16[0m
frame 4352: 28635 us total, 11719 us display, type 3
mem @frame 4352: heap free 66484, largest 40960, min ever 65664, zone free 55016, stack free 14540, uptime 150 s, gamestate 0, demo 0, usergame 1, tic 5173
axes L  -1783 -18546 R    181   -448 level 1
[0;32mI (150759) NIMBLE_HIDH: notify handle 30 len 16[0m
frame 4353: 29513 us total, 11685 us display, type 3
[0;32mI (150789) NIMBLE_HIDH: notify handle 30 len 16[0m
frame 4354: 27560 us total, 11727 us display, type 3
[0;32mI (150819) NIMBLE_HIDH: notify handle 30 len 16[0m
frame 4355: 28807 us total, 11699 us display, type 3
[0;32mI (150849) NIMBLE_HIDH: notify handle 30 len 16[0m
frame 4356: 29050 us total, 11693 us display, type 3
[0;32mI (150879) NIMBLE_HIDH: notify handle 30 len 16[0m
frame 4357: 28031 us total, 11692 us display, type 3
[0;32mI (150909) NIMBLE_HIDH: notify handle 30 len 16[0m
frame 4358: 29028 us total, 11728 us display, type 3
[0;32mI (150939) NIMBLE_HIDH: notify handle 30 len 16[0m
frame 4359: 28028 us total, 11700 us display, type 3
[0;32mI (150969) NIMBLE_HIDH: notify handle 30 len 16[0m
frame 4360: 28987 us total, 11772 us display, type 3
[0;32mI (150999) NIMBLE_HIDH: notify handle 30 len 16[0m
frame 4361: 27952 us total, 12809 us display, type 3
axes L  -1783 -18578 R    181   -448 level 1
[0;32mI (151029) NIMBLE_HIDH: notify handle 30 len 16[0m
frame 4362: 29347 us total, 12373 us display, type 3
[0;32mI (151059) NIMBLE_HIDH: notify handle 30 len 16[0m
frame 4363: 29629 us total, 12564 us display, type 3
frame 4364: 25760 us total, 11691 us display, type 3
[0;32mI (151104) NIMBLE_HIDH: notify handle 30 len 16[0m
[0;32mI (151119) NIMBLE_HIDH: notify handle 30 len 16[0m
frame 4365: 30644 us total, 12142 us display, type 3
[0;32mI (151149) NIMBLE_HIDH: notify handle 30 len 16[0m
frame 4366: 27252 us total, 12202 us display, type 3
[0;32mI (151179) NIMBLE_HIDH: notify handle 30 len 16[0m
frame 4367: 29216 us total, 12397 us display, type 3
[0;32mI (151209) NIMBLE_HIDH: notify handle 30 len 16[0m
frame 4368: 27738 us total, 12171 us display, type 3
frame 4369: 28529 us total, 11692 us display, type 3
[0;32mI (151254) NIMBLE_HIDH: notify handle 30 len 16[0m
frame 4370: 29758 us total, 11692 us display, type 3
[0;32mI (151269) NIMBLE_HIDH: notify handle 30 len 16[0m
axes L  -1783 -18578 R    181   -448 level 1
frame 4371: 27204 us total, 12057 us display, type 3
[0;32mI (151299) NIMBLE_HIDH: notify handle 30 len 16[0m
frame 4372: 29916 us total, 12064 us display, type 3
[0;32mI (151329) NIMBLE_HIDH: notify handle 30 len 16[0m
frame 4373: 28290 us total, 11699 us display, type 3
[0;32mI (151359) NIMBLE_HIDH: notify handle 30 len 16[0m
frame 4374: 28807 us total, 11717 us display, type 3
[0;32mI (151389) NIMBLE_HIDH: notify handle 30 len 16[0m
frame 4375: 27783 us total, 11692 us display, type 3
[0;32mI (151419) NIMBLE_HIDH: notify handle 30 len 16[0m
frame 4376: 28969 us total, 11692 us display, type 3
[0;32mI (151449) NIMBLE_HIDH: notify handle 30 len 16[0m
frame 4377: 29031 us total, 11692 us display, type 3
[0;32mI (151479) NIMBLE_HIDH: notify handle 30 len 16[0m
frame 4378: 27975 us total, 11692 us display, type 3
[0;32mI (151509) NIMBLE_HIDH: notify handle 30 len 16[0m
frame 4379: 29056 us total, 11729 us display, type 3
axes L  -1783 -18642 R    181   -448 level 1
[0;32mI (151539) NIMBLE_HIDH: notify handle 30 len 16[0m
frame 4380: 28170 us total, 11693 us display, type 3
[0;32mI (151569) NIMBLE_HIDH: notify handle 30 len 16[0m
frame 4381: 28673 us total, 11686 us display, type 3
[0;32mI (151599) NIMBLE_HIDH: notify handle 30 len 16[0m
frame 4382: 28178 us total, 12683 us display, type 3
[0;32mI (151629) NIMBLE_HIDH: notify handle 30 len 16[0m
frame 4383: 30001 us total, 12767 us display, type 3
[0;32mI (151659) NIMBLE_HIDH: notify handle 30 len 16[0m
frame 4384: 28100 us total, 12665 us display, type 3
[0;32mI (151689) NIMBLE_HIDH: notify handle 30 len 16[0m
frame 4385: 27495 us total, 12200 us display, type 3
[0;32mI (151719) NIMBLE_HIDH: notify handle 30 len 16[0m
frame 4386: 29041 us total, 12206 us display, type 3
[0;32mI (151749) NIMBLE_HIDH: notify handle 30 len 16[0m
frame 4387: 28027 us total, 12186 us display, type 3
[0;32mI (151779) NIMBLE_HIDH: notify handle 30 len 16[0m
frame 4388: 29207 us total, 12381 us display, type 3
axes L  -1783 -18642 R    181   -448 level 1
[0;32mI (151794) NIMBLE_HIDH: notify handle 30 len 16[0m
frame 4389: 28426 us total, 11723 us display, type 3
[0;32mI (151824) NIMBLE_HIDH: notify handle 30 len 16[0m
frame 4390: 28715 us total, 11692 us display, type 3
[0;32mI (151854) NIMBLE_HIDH: notify handle 30 len 16[0m
frame 4391: 28982 us total, 11699 us display, type 3
[0;32mI (151884) NIMBLE_HIDH: notify handle 30 len 16[0m
frame 4392: 28232 us total, 12871 us display, type 3
[0;32mI (151914) NIMBLE_HIDH: notify handle 30 len 16[0m
frame 4393: 28778 us total, 12348 us display, type 3
[0;32mI (151944) NIMBLE_HIDH: notify handle 30 len 16[0m
frame 4394: 28111 us total, 12323 us display, type 3
[0;32mI (151974) NIMBLE_HIDH: notify handle 30 len 16[0m
frame 4395: 29016 us total, 12463 us display, type 3
[0;32mI (152004) NIMBLE_HIDH: notify handle 30 len 16[0m
frame 4396: 28044 us total, 12572 us display, type 3
[0;32mI (152034) NIMBLE_HIDH: notify handle 30 len 16[0m
frame 4397: 28636 us total, 12181 us display, type 3
axes L  -1783 -18674 R    181   -448 level 1
[0;32mI (152064) NIMBLE_HIDH: notify handle 30 len 16[0m
frame 4398: 29499 us total, 12526 us display, type 3
[0;32mI (152094) NIMBLE_HIDH: notify handle 30 len 16[0m
frame 4399: 27798 us total, 12536 us display, type 3
[0;32mI (152124) NIMBLE_HIDH: notify handle 30 len 16[0m
frame 4400: 28551 us total, 12124 us display, type 3
frame 4401: 27525 us total, 11692 us display, type 3
[0;32mI (152154) NIMBLE_HIDH: notify handle 30 len 16[0m
frame 4402: 29258 us total, 11699 us display, type 3
[0;32mI (152184) NIMBLE_HIDH: notify handle 30 len 16[0m
frame 4403: 29436 us total, 11685 us display, type 3
[0;32mI (152214) NIMBLE_HIDH: notify handle 30 len 16[0m
frame 4404: 28187 us total, 11867 us display, type 3
[0;32mI (152244) NIMBLE_HIDH: notify handle 30 len 16[0m
frame 4405: 29047 us total, 11929 us display, type 3
[0;32mI (152274) NIMBLE_HIDH: notify handle 30 len 16[0m
frame 4406: 27777 us total, 11686 us display, type 3
axes L  -1783 -18674 R    181   -448 level 1
[0;32mI (152304) NIMBLE_HIDH: notify handle 30 len 16[0m
frame 4407: 29297 us total, 11765 us display, type 3
[0;32mI (152334) NIMBLE_HIDH: notify handle 30 len 16[0m
frame 4408: 27684 us total, 11685 us display, type 3
[0;32mI (152364) NIMBLE_HIDH: notify handle 30 len 16[0m
frame 4409: 29056 us total, 11692 us display, type 3
[0;32mI (152394) NIMBLE_HIDH: notify handle 30 len 16[0m
frame 4410: 27959 us total, 11717 us display, type 3
[0;32mI (152424) NIMBLE_HIDH: notify handle 30 len 16[0m
frame 4411: 28947 us total, 11686 us display, type 3
[0;32mI (152454) NIMBLE_HIDH: notify handle 30 len 16[0m
frame 4412: 29214 us total, 11692 us display, type 3
[0;32mI (152484) NIMBLE_HIDH: notify handle 30 len 16[0m
frame 4413: 28180 us total, 12785 us display, type 3
[0;32mI (152514) NIMBLE_HIDH: notify handle 30 len 16[0m
frame 4414: 28364 us total, 12389 us display, type 3
[0;32mI (152544) NIMBLE_HIDH: notify handle 30 len 16[0m
frame 4415: 28516 us total, 12639 us display, type 3
axes L  -1783 -18674 R    181   -448 level 1
[0;32mI (152574) NIMBLE_HIDH: notify handle 30 len 16[0m
frame 4416: 29031 us total, 12421 us display, type 3
[0;32mI (152604) NIMBLE_HIDH: notify handle 30 len 16[0m
frame 4417: 27591 us total, 12211 us display, type 3
[0;32mI (152634) NIMBLE_HIDH: notify handle 30 len 16[0m
frame 4418: 28947 us total, 12186 us display, type 3
[0;32mI (152664) NIMBLE_HIDH: notify handle 30 len 16[0m
frame 4419: 29050 us total, 12178 us display, type 3
[0;32mI (152694) NIMBLE_HIDH: notify handle 30 len 16[0m
frame 4420: 28337 us total, 12526 us display, type 3
[0;32mI (152724) NIMBLE_HIDH: notify handle 30 len 16[0m
frame 4421: 28579 us total, 12118 us display, type 3
frame 4422: 27844 us total, 11685 us display, type 3
[0;32mI (152754) NIMBLE_HIDH: notify handle 30 len 16[0m
frame 4423: 29652 us total, 11699 us display, type 3
[0;32mI (152784) NIMBLE_HIDH: notify handle 30 len 16[0m
frame 4424: 28033 us total, 12061 us display, type 3
axes L  -1783 -18743 R    181   -448 level 1
[0;32mI (152814) NIMBLE_HIDH: notify handle 30 len 16[0m
frame 4425: 28967 us total, 11699 us display, type 3
[0;32mI (152844) NIMBLE_HIDH: notify handle 30 len 16[0m
frame 4426: 29009 us total, 11699 us display, type 3
[0;32mI (152874) NIMBLE_HIDH: notify handle 30 len 16[0m
frame 4427: 27980 us total, 11699 us display, type 3
[0;32mI (152904) NIMBLE_HIDH: notify handle 30 len 16[0m
frame 4428: 29061 us total, 11748 us display, type 3
[0;32mI (152934) NIMBLE_HIDH: notify handle 30 len 16[0m
frame 4429: 27929 us total, 11692 us display, type 3
[0;32mI (152964) NIMBLE_HIDH: notify handle 30 len 16[0m
frame 4430: 28898 us total, 11691 us display, type 3
[0;32mI (152994) NIMBLE_HIDH: notify handle 30 len 16[0m
frame 4431: 27967 us total, 11728 us display, type 3
[0;32mI (153024) NIMBLE_HIDH: notify handle 30 len 16[0m
frame 4432: 29166 us total, 11699 us display, type 3
[0;32mI (153054) NIMBLE_HIDH: notify handle 30 len 16[0m
frame 4433: 29252 us total, 11692 us display, type 3
axes L  -1783 -18773 R    181   -448 level 1
[0;32mI (153084) NIMBLE_HIDH: notify handle 30 len 16[0m
frame 4434: 27823 us total, 12791 us display, type 3
[0;32mI (153114) NIMBLE_HIDH: notify handle 30 len 16[0m
frame 4435: 28272 us total, 12382 us display, type 3
[0;32mI (153144) NIMBLE_HIDH: notify handle 30 len 16[0m
frame 4436: 28616 us total, 12585 us display, type 3
[0;32mI (153174) NIMBLE_HIDH: notify handle 30 len 16[0m
frame 4437: 29026 us total, 12630 us display, type 3
[0;32mI (153204) NIMBLE_HIDH: notify handle 30 len 16[0m
frame 4438: 27502 us total, 12191 us display, type 3
[0;32mI (153234) NIMBLE_HIDH: notify handle 30 len 16[0m
frame 4439: 28999 us total, 12186 us display, type 3
[0;32mI (153264) NIMBLE_HIDH: notify handle 30 len 16[0m
frame 4440: 28981 us total, 12189 us display, type 3
[0;32mI (153294) NIMBLE_HIDH: notify handle 30 len 16[0m
frame 4441: 28331 us total, 12535 us display, type 3
[0;32mI (153324) NIMBLE_HIDH: notify handle 30 len 16[0m
frame 4442: 28791 us total, 12083 us display, type 3
axes L  -1783 -18773 R    181   -448 level 1
frame 4443: 28436 us total, 11692 us display, type 3
[0;32mI (153354) NIMBLE_HIDH: notify handle 30 len 16[0m
frame 4444: 27903 us total, 11692 us display, type 3
[0;32mI (153384) NIMBLE_HIDH: notify handle 30 len 16[0m
frame 4445: 28413 us total, 11685 us display, type 3
[0;32mI (153414) NIMBLE_HIDH: notify handle 30 len 16[0m
frame 4446: 29571 us total, 11930 us display, type 3
[0;32mI (153444) NIMBLE_HIDH: notify handle 30 len 16[0m
frame 4447: 29054 us total, 11872 us display, type 3
[0;32mI (153474) NIMBLE_HIDH: notify handle 30 len 16[0m
frame 4448: 28036 us total, 11918 us display, type 3
[0;32mI (153504) NIMBLE_HIDH: notify handle 30 len 16[0m
frame 4449: 29058 us total, 11896 us display, type 3
[0;32mI (153534) NIMBLE_HIDH: notify handle 30 len 16[0m
frame 4450: 27741 us total, 11693 us display, type 3
[0;32mI (153564) NIMBLE_HIDH: notify handle 30 len 16[0m
frame 4451: 28972 us total, 11692 us display, type 3
axes L  -1783 -18773 R    181   -448 level 1
[0;32mI (153594) NIMBLE_HIDH: notify handle 30 len 16[0m
frame 4452: 28637 us total, 11906 us display, type 3
[0;32mI (153624) NIMBLE_HIDH: notify handle 30 len 16[0m
frame 4453: 29075 us total, 11914 us display, type 3
[0;32mI (153654) NIMBLE_HIDH: notify handle 30 len 16[0m
frame 4454: 28547 us total, 11692 us display, type 3
[0;32mI (153684) NIMBLE_HIDH: notify handle 30 len 16[0m
frame 4455: 27819 us total, 12790 us display, type 3
[0;32mI (153714) NIMBLE_HIDH: notify handle 30 len 16[0m
frame 4456: 29008 us total, 12731 us display, type 3
[0;32mI (153744) NIMBLE_HIDH: notify handle 30 len 16[0m
frame 4457: 28094 us total, 12410 us display, type 3
[0;32mI (153774) NIMBLE_HIDH: notify handle 30 len 16[0m
frame 4458: 29033 us total, 12425 us display, type 3
[0;32mI (153804) NIMBLE_HIDH: notify handle 30 len 16[0m
frame 4459: 28039 us total, 12494 us display, type 3
[0;32mI (153834) NIMBLE_HIDH: notify handle 30 len 16[0m
frame 4460: 28640 us total, 12178 us display, type 3
axes L  -1783 -18843 R    181   -448 level 1
[0;32mI (153864) NIMBLE_HIDH: notify handle 30 len 16[0m
frame 4461: 29517 us total, 12513 us display, type 3
[0;32mI (153894) NIMBLE_HIDH: notify handle 30 len 16[0m
frame 4462: 27998 us total, 12507 us display, type 3
[0;32mI (153924) NIMBLE_HIDH: notify handle 30 len 16[0m
frame 4463: 29573 us total, 12536 us display, type 3
frame 4464: 25637 us total, 11685 us display, type 3
[0;32mI (153954) NIMBLE_HIDH: notify handle 30 len 16[0m
frame 4465: 29546 us total, 11692 us display, type 3
[0;32mI (153984) NIMBLE_HIDH: notify handle 30 len 16[0m
frame 4466: 28892 us total, 12057 us display, type 3
[0;32mI (154014) NIMBLE_HIDH: notify handle 30 len 16[0m
frame 4467: 29084 us total, 11853 us display, type 3
[0;32mI (154044) NIMBLE_HIDH: notify handle 30 len 16[0m
frame 4468: 29054 us total, 11847 us display, type 3
[0;32mI (154074) NIMBLE_HIDH: notify handle 30 len 16[0m
frame 4469: 28037 us total, 11892 us display, type 3
axes L  -1783 -18843 R    181   -448 level 1
[0;32mI (154104) NIMBLE_HIDH: notify handle 30 len 16[0m
frame 4470: 29059 us total, 11800 us display, type 3
[0;32mI (154134) NIMBLE_HIDH: notify handle 30 len 16[0m
frame 4471: 27609 us total, 11685 us display, type 3
[0;32mI (154164) NIMBLE_HIDH: notify handle 30 len 16[0m
frame 4472: 29229 us total, 11692 us display, type 3
[0;32mI (154194) NIMBLE_HIDH: notify handle 30 len 16[0m
frame 4473: 28290 us total, 11722 us display, type 3
[0;32mI (154224) NIMBLE_HIDH: notify handle 30 len 16[0m
[0;32mI (154239) NIMBLE_HIDH: notify handle 30 len 16[0m
frame 4474: 29268 us total, 12278 us display, type 3
frame 4475: 27509 us total, 11692 us display, type 3
[0;32mI (154269) NIMBLE_HIDH: notify handle 30 len 16[0m
frame 4476: 27896 us total, 12057 us display, type 3
[0;32mI (154299) NIMBLE_HIDH: notify handle 30 len 16[0m
frame 4477: 29517 us total, 11686 us display, type 3
[0;32mI (154329) NIMBLE_HIDH: notify handle 30 len 16[0m
frame 4478: 28570 us total, 11760 us display, type 3
axes L  -1783 -18871 R    181   -448 level 1
[0;32mI (154359) NIMBLE_HIDH: notify handle 30 len 16[0m
frame 4479: 29195 us total, 11694 us display, type 3
[0;32mI (154389) NIMBLE_HIDH: notify handle 30 len 16[0m
frame 4480: 27899 us total, 11911 us display, type 3
[0;32mI (154419) NIMBLE_HIDH: notify handle 30 len 16[0m
frame 4481: 28801 us total, 11699 us display, type 3
[0;32mI (154449) NIMBLE_HIDH: notify handle 30 len 16[0m
frame 4482: 29339 us total, 11800 us display, type 3
[0;32mI (154479) NIMBLE_HIDH: notify handle 30 len 16[0m
frame 4483: 28476 us total, 11691 us display, type 3
[0;32mI (154509) NIMBLE_HIDH: notify handle 30 len 16[0m
frame 4484: 28190 us total, 11737 us display, type 3
[0;32mI (154539) NIMBLE_HIDH: notify handle 30 len 16[0m
frame 4485: 27930 us total, 11693 us display, type 3
[0;32mI (154569) NIMBLE_HIDH: notify handle 30 len 16[0m
frame 4486: 29063 us total, 11765 us display, type 3
[0;32mI (154599) NIMBLE_HIDH: notify handle 30 len 16[0m
frame 4487: 27572 us total, 12376 us display, type 3
axes L  -1783 -18871 R    181   -448 level 1
[0;32mI (154629) NIMBLE_HIDH: notify handle 30 len 16[0m
frame 4488: 29508 us total, 12341 us display, type 3
[0;32mI (154659) NIMBLE_HIDH: notify handle 30 len 16[0m
frame 4489: 29030 us total, 12430 us display, type 3
[0;32mI (154689) NIMBLE_HIDH: notify handle 30 len 16[0m
frame 4490: 27999 us total, 12490 us display, type 3
[0;32mI (154719) NIMBLE_HIDH: notify handle 30 len 16[0m
frame 4491: 28650 us total, 12184 us display, type 3
[0;32mI (154749) NIMBLE_HIDH: notify handle 30 len 16[0m
frame 4492: 28560 us total, 12559 us display, type 3
[0;32mI (154779) NIMBLE_HIDH: notify handle 30 len 16[0m
frame 4493: 29069 us total, 12394 us display, type 3
[0;32mI (154809) NIMBLE_HIDH: notify handle 30 len 16[0m
frame 4494: 27381 us total, 12101 us display, type 3
frame 4495: 28467 us total, 11692 us display, type 3
[0;32mI (154839) NIMBLE_HIDH: notify handle 30 len 16[0m
frame 4496: 29008 us total, 11692 us display, type 3
[0;32mI (154869) NIMBLE_HIDH: notify handle 30 len 16[0m
axes L  -1783 -18871 R    181   -448 level 1
frame 4497: 28138 us total, 12057 us display, type 3
[0;32mI (154899) NIMBLE_HIDH: notify handle 30 len 16[0m
frame 4498: 29207 us total, 11692 us display, type 3
[0;32mI (154929) NIMBLE_HIDH: notify handle 30 len 16[0m
frame 4499: 28519 us total, 11706 us display, type 3
[0;32mI (154959) NIMBLE_HIDH: notify handle 30 len 16[0m
frame 4500: 29054 us total, 11785 us display, type 3
[0;32mI (154989) NIMBLE_HIDH: notify handle 30 len 16[0m
frame 4501: 27810 us total, 11692 us display, type 3
[0;32mI (155019) NIMBLE_HIDH: notify handle 30 len 16[0m
frame 4502: 29290 us total, 11757 us display, type 3
[0;32mI (155049) NIMBLE_HIDH: notify handle 30 len 16[0m
frame 4503: 29483 us total, 11685 us display, type 3
[0;32mI (155079) NIMBLE_HIDH: notify handle 30 len 16[0m
frame 4504: 27114 us total, 11685 us display, type 3
[0;32mI (155109) NIMBLE_HIDH: notify handle 30 len 16[0m
frame 4505: 28999 us total, 11723 us display, type 3
axes L  -1783 -18871 R    181   -448 level 1
[0;32mI (155139) NIMBLE_HIDH: notify handle 30 len 16[0m
frame 4506: 28240 us total, 11692 us display, type 3
[0;32mI (155169) NIMBLE_HIDH: notify handle 30 len 16[0m
frame 4507: 28718 us total, 11692 us display, type 3
[0;32mI (155199) NIMBLE_HIDH: notify handle 30 len 16[0m
frame 4508: 27585 us total, 12382 us display, type 3
[0;32mI (155229) NIMBLE_HIDH: notify handle 30 len 16[0m
frame 4509: 29754 us total, 12781 us display, type 3
[0;32mI (155259) NIMBLE_HIDH: notify handle 30 len 16[0m
frame 4510: 28965 us total, 12727 us display, type 3
[0;32mI (155289) NIMBLE_HIDH: notify handle 30 len 16[0m
frame 4511: 27481 us total, 12219 us display, type 3
[0;32mI (155319) NIMBLE_HIDH: notify handle 30 len 16[0m
frame 4512: 29593 us total, 12581 us display, type 3
[0;32mI (155349) NIMBLE_HIDH: notify handle 30 len 16[0m
frame 4513: 28121 us total, 12424 us display, type 3
[0;32mI (155379) NIMBLE_HIDH: notify handle 30 len 16[0m
frame 4514: 28672 us total, 12368 us display, type 3
axes L  -1783 -18939 R    181   -448 level 1
[0;32mI (155409) NIMBLE_HIDH: notify handle 30 len 16[0m
frame 4515: 27835 us total, 12111 us display, type 3
frame 4516: 28416 us total, 11692 us display, type 3
[0;32mI (155439) NIMBLE_HIDH: notify handle 30 len 16[0m
frame 4517: 29030 us total, 11692 us display, type 3
[0;32mI (155469) NIMBLE_HIDH: notify handle 30 len 16[0m
frame 4518: 27896 us total, 12057 us display, type 3
[0;32mI (155499) NIMBLE_HIDH: notify handle 30 len 16[0m
frame 4519: 29928 us total, 12057 us display, type 3
[0;32mI (155529) NIMBLE_HIDH: notify handle 30 len 16[0m
frame 4520: 28114 us total, 11692 us display, type 3
[0;32mI (155559) NIMBLE_HIDH: notify handle 30 len 16[0m
frame 4521: 29033 us total, 11692 us display, type 3
[0;32mI (155589) NIMBLE_HIDH: notify handle 30 len 16[0m
frame 4522: 28182 us total, 11692 us display, type 3
[0;32mI (155619) NIMBLE_HIDH: notify handle 30 len 16[0m
[0;32mI (155634) NIMBLE_HIDH: notify handle 30 len 16[0m
frame 4523: 29983 us total, 12085 us display, type 3
axes L  -1783 -18969 R    181   -448 level 1
[0;32mI (155664) NIMBLE_HIDH: notify handle 30 len 16[0m
frame 4524: 27924 us total, 12544 us display, type 3
[0;32mI (155694) NIMBLE_HIDH: notify handle 30 len 16[0m
frame 4525: 27686 us total, 12539 us display, type 3
[0;32mI (155724) NIMBLE_HIDH: notify handle 30 len 16[0m
frame 4526: 28633 us total, 12140 us display, type 3
frame 4527: 27569 us total, 11699 us display, type 3
[0;32mI (155754) NIMBLE_HIDH: notify handle 30 len 16[0m
frame 4528: 28991 us total, 11692 us display, type 3
[0;32mI (155784) NIMBLE_HIDH: notify handle 30 len 16[0m
frame 4529: 28894 us total, 12057 us display, type 3
[0;32mI (155814) NIMBLE_HIDH: notify handle 30 len 16[0m
frame 4530: 28969 us total, 11870 us display, type 3
[0;32mI (155844) NIMBLE_HIDH: notify handle 30 len 16[0m
frame 4531: 29057 us total, 11863 us display, type 3
[0;32mI (155874) NIMBLE_HIDH: notify handle 30 len 16[0m
frame 4532: 28028 us total, 11731 us display, type 3
axes L  -1783 -18969 R    181   -448 level 1
[0;32mI (155904) NIMBLE_HIDH: notify handle 30 len 16[0m
frame 4533: 29413 us total, 11685 us display, type 3
[0;32mI (155934) NIMBLE_HIDH: notify handle 30 len 16[0m
frame 4534: 27467 us total, 11692 us display, type 3
[0;32mI (155964) NIMBLE_HIDH: notify handle 30 len 16[0m
frame 4535: 28865 us total, 11686 us display, type 3
[0;32mI (155994) NIMBLE_HIDH: notify handle 30 len 16[0m
frame 4536: 28083 us total, 11738 us display, type 3
[0;32mI (156024) NIMBLE_HIDH: notify handle 30 len 16[0m
frame 4537: 28961 us total, 11694 us display, type 3
[0;32mI (156054) NIMBLE_HIDH: notify handle 30 len 16[0m
frame 4538: 28988 us total, 11692 us display, type 3
[0;32mI (156084) NIMBLE_HIDH: notify handle 30 len 16[0m
frame 4539: 27536 us total, 12376 us display, type 3
[0;32mI (156114) NIMBLE_HIDH: notify handle 30 len 16[0m
frame 4540: 28995 us total, 12376 us display, type 3
[0;32mI (156144) NIMBLE_HIDH: notify handle 30 len 16[0m
frame 4541: 28637 us total, 12645 us display, type 3
axes L  -1783 -18969 R    181   -448 level 1
[0;32mI (156174) NIMBLE_HIDH: notify handle 30 len 16[0m
frame 4542: 29061 us total, 12254 us display, type 3
[0;32mI (156204) NIMBLE_HIDH: notify handle 30 len 16[0m
frame 4543: 28372 us total, 12234 us display, type 3
[0;32mI (156234) NIMBLE_HIDH: notify handle 30 len 16[0m
frame 4544: 28054 us total, 12173 us display, type 3
[0;32mI (156264) NIMBLE_HIDH: notify handle 30 len 16[0m
frame 4545: 28956 us total, 12155 us display, type 3
[0;32mI (156294) NIMBLE_HIDH: notify handle 30 len 16[0m
frame 4546: 28418 us total, 12526 us display, type 3
[0;32mI (156324) NIMBLE_HIDH: notify handle 30 len 16[0m
frame 4547: 28718 us total, 12201 us display, type 3
frame 4548: 27503 us total, 11692 us display, type 3
[0;32mI (156354) NIMBLE_HIDH: notify handle 30 len 16[0m
frame 4549: 29078 us total, 11692 us display, type 3
[0;32mI (156384) NIMBLE_HIDH: notify handle 30 len 16[0m
frame 4550: 28858 us total, 12057 us display, type 3
axes L  -1783 -18969 R    181   -448 level 1
[0;32mI (156414) NIMBLE_HIDH: notify handle 30 len 16[0m
frame 4551: 28994 us total, 11692 us display, type 3
[0;32mI (156444) NIMBLE_HIDH: notify handle 30 len 16[0m
frame 4552: 29178 us total, 11699 us display, type 3
[0;32mI (156474) NIMBLE_HIDH: notify handle 30 len 16[0m
frame 4553: 28306 us total, 11688 us display, type 3
[0;32mI (156504) NIMBLE_HIDH: notify handle 30 len 16[0m
frame 4554: 28971 us total, 11685 us display, type 3
[0;32mI (156534) NIMBLE_HIDH: notify handle 30 len 16[0m
frame 4555: 27554 us total, 11692 us display, type 3
[0;32mI (156564) NIMBLE_HIDH: notify handle 30 len 16[0m
frame 4556: 29034 us total, 11695 us display, type 3
[0;32mI (156594) NIMBLE_HIDH: notify handle 30 len 16[0m
frame 4557: 28010 us total, 11736 us display, type 3
[0;32mI (156624) NIMBLE_HIDH: notify handle 30 len 16[0m
frame 4558: 28918 us total, 11697 us display, type 3
[0;32mI (156654) NIMBLE_HIDH: notify handle 30 len 16[0m
frame 4559: 28997 us total, 11699 us display, type 3
axes L  -1783 -18969 R    181   -448 level 1
[0;32mI (156684) NIMBLE_HIDH: notify handle 30 len 16[0m
frame 4560: 28195 us total, 12880 us display, type 3
[0;32mI (156699) NIMBLE_HIDH: notify handle 30 len 16[0m
frame 4561: 28315 us total, 11692 us display, type 3
[0;32mI (156729) NIMBLE_HIDH: notify handle 30 len 16[0m
frame 4562: 28666 us total, 11692 us display, type 3
[0;32mI (156759) NIMBLE_HIDH: notify handle 30 len 16[0m
frame 4563: 29849 us total, 11879 us display, type 3
[0;32mI (156789) NIMBLE_HIDH: notify handle 30 len 16[0m
frame 4564: 26413 us total, 11692 us display, type 3
[0;32mI (156819) NIMBLE_HIDH: notify handle 30 len 16[0m
frame 4565: 29305 us total, 11685 us display, type 3
[0;32mI (156849) NIMBLE_HIDH: notify handle 30 len 16[0m
frame 4566: 29033 us total, 11685 us display, type 3
[0;32mI (156879) NIMBLE_HIDH: notify handle 30 len 16[0m
frame 4567: 28038 us total, 11685 us display, type 3
[0;32mI (156924) NIMBLE_HIDH: notify handle 30 len 16[0m
frame 4568: 28782 us total, 12322 us display, type 3
axes L  -1783 -19035 R    181   -448 level 1
[0;32mI (156939) NIMBLE_HIDH: notify handle 30 len 16[0m
frame 4569: 28429 us total, 11692 us display, type 3
[0;32mI (156969) NIMBLE_HIDH: notify handle 30 len 16[0m
frame 4570: 28661 us total, 11685 us display, type 3
[0;32mI (156999) NIMBLE_HIDH: notify handle 30 len 16[0m
frame 4571: 27580 us total, 12376 us display, type 3
[0;32mI (157029) NIMBLE_HIDH: notify handle 30 len 16[0m
frame 4572: 29809 us total, 12715 us display, type 3
[0;32mI (157059) NIMBLE_HIDH: notify handle 30 len 16[0m
frame 4573: 28958 us total, 12347 us display, type 3
[0;32mI (157089) NIMBLE_HIDH: notify handle 30 len 16[0m
frame 4574: 28045 us total, 12289 us display, type 3
[0;32mI (157119) NIMBLE_HIDH: notify handle 30 len 16[0m
frame 4575: 28446 us total, 12164 us display, type 3
[0;32mI (157149) NIMBLE_HIDH: notify handle 30 len 16[0m
frame 4576: 28029 us total, 12157 us display, type 3
[0;32mI (157179) NIMBLE_HIDH: notify handle 30 len 16[0m
frame 4577: 29205 us total, 12354 us display, type 3
axes L  -1783 -19035 R    181   -448 level 1
[0;32mI (157194) NIMBLE_HIDH: notify handle 30 len 16[0m
frame 4578: 28426 us total, 11727 us display, type 3
[0;32mI (157224) NIMBLE_HIDH: notify handle 30 len 16[0m
frame 4579: 28819 us total, 11694 us display, type 3
[0;32mI (157254) NIMBLE_HIDH: notify handle 30 len 16[0m
frame 4580: 28960 us total, 11692 us display, type 3
[0;32mI (157284) NIMBLE_HIDH: notify handle 30 len 16[0m
frame 4581: 27903 us total, 12786 us display, type 3
[0;32mI (157314) NIMBLE_HIDH: notify handle 30 len 16[0m
frame 4582: 29070 us total, 12584 us display, type 3
[0;32mI (157344) NIMBLE_HIDH: notify handle 30 len 16[0m
frame 4583: 29025 us total, 12624 us display, type 3
[0;32mI (157374) NIMBLE_HIDH: notify handle 30 len 16[0m
frame 4584: 28089 us total, 12545 us display, type 3
[0;32mI (157404) NIMBLE_HIDH: notify handle 30 len 16[0m
frame 4585: 27585 us total, 12171 us display, type 3
[0;32mI (157434) NIMBLE_HIDH: notify handle 30 len 16[0m
frame 4586: 29051 us total, 12159 us display, type 3
axes L  -1783 -19065 R    181   -448 level 1
[0;32mI (157464) NIMBLE_HIDH: notify handle 30 len 16[0m
frame 4587: 29525 us total, 12435 us display, type 3
[0;32mI (157494) NIMBLE_HIDH: notify handle 30 len 16[0m
frame 4588: 27848 us total, 12511 us display, type 3
frame 4589: 28198 us total, 11692 us display, type 3
[0;32mI (157539) NIMBLE_HIDH: notify handle 30 len 16[0m
frame 4590: 28717 us total, 11692 us display, type 3
[0;32mI (157554) NIMBLE_HIDH: notify handle 30 len 16[0m
frame 4591: 28125 us total, 11693 us display, type 3
[0;32mI (157584) NIMBLE_HIDH: notify handle 30 len 16[0m
frame 4592: 29019 us total, 12058 us display, type 3
[0;32mI (157614) NIMBLE_HIDH: notify handle 30 len 16[0m
frame 4593: 29174 us total, 11699 us display, type 3
[0;32mI (157644) NIMBLE_HIDH: notify handle 30 len 16[0m
frame 4594: 29028 us total, 11692 us display, type 3
[0;32mI (157674) NIMBLE_HIDH: notify handle 30 len 16[0m
frame 4595: 27744 us total, 11861 us display, type 3
axes L  -1783 -19065 R    181   -448 level 1
[0;32mI (157704) NIMBLE_HIDH: notify handle 30 len 16[0m
frame 4596: 29062 us total, 11753 us display, type 3
[0;32mI (157734) NIMBLE_HIDH: notify handle 30 len 16[0m
frame 4597: 27755 us total, 11692 us display, type 3
[0;32mI (157764) NIMBLE_HIDH: notify handle 30 len 16[0m
frame 4598: 29017 us total, 11691 us display, type 3
[0;32mI (157794) NIMBLE_HIDH: notify handle 30 len 16[0m
frame 4599: 28026 us total, 11724 us display, type 3
[0;32mI (157824) NIMBLE_HIDH: notify handle 30 len 16[0m
frame 4600: 28895 us total, 11686 us display, type 3
[0;32mI (157854) NIMBLE_HIDH: notify handle 30 len 16[0m
frame 4601: 29003 us total, 11686 us display, type 3
[0;32mI (157884) NIMBLE_HIDH: notify handle 30 len 16[0m
frame 4602: 28131 us total, 12784 us display, type 3
[0;32mI (157914) NIMBLE_HIDH: notify handle 30 len 16[0m
frame 4603: 29048 us total, 12498 us display, type 3
[0;32mI (157944) NIMBLE_HIDH: notify handle 30 len 16[0m
frame 4604: 27536 us total, 12296 us display, type 3
axes L  -1783 -19065 R    181   -448 level 1
[0;32mI (157974) NIMBLE_HIDH: notify handle 30 len 16[0m
frame 4605: 29523 us total, 12621 us display, type 3
[0;32mI (158004) NIMBLE_HIDH: notify handle 30 len 16[0m
frame 4606: 27417 us total, 12167 us display, type 3
[0;32mI (158034) NIMBLE_HIDH: notify handle 30 len 16[0m
frame 4607: 28989 us total, 12148 us display, type 3
[0;32mI (158064) NIMBLE_HIDH: notify handle 30 len 16[0m
frame 4608: 29042 us total, 12147 us display, type 3
mem @frame 4608: heap free 66484, largest 40960, min ever 65664, zone free 55016, stack free 14540, uptime 157 s, gamestate 0, demo 0, usergame 1, tic 5429
[0;32mI (158094) NIMBLE_HIDH: notify handle 30 len 16[0m
frame 4609: 28423 us total, 12509 us display, type 3
[0;32mI (158124) NIMBLE_HIDH: notify handle 30 len 16[0m
frame 4610: 28642 us total, 12164 us display, type 3
frame 4611: 27477 us total, 11693 us display, type 3
[0;32mI (158154) NIMBLE_HIDH: notify handle 30 len 16[0m
frame 4612: 29220 us total, 11692 us display, type 3
[0;32mI (158184) NIMBLE_HIDH: notify handle 30 len 16[0m
frame 4613: 29111 us total, 12058 us display, type 3
axes L  -1783 -19065 R    181   -448 level 1
[0;32mI (158214) NIMBLE_HIDH: notify handle 30 len 16[0m
frame 4614: 29127 us total, 11692 us display, type 3
[0;32mI (158244) NIMBLE_HIDH: notify handle 30 len 16[0m
frame 4615: 28567 us total, 11700 us display, type 3
[0;32mI (158274) NIMBLE_HIDH: notify handle 30 len 16[0m
frame 4616: 27993 us total, 11742 us display, type 3
[0;32mI (158304) NIMBLE_HIDH: notify handle 30 len 16[0m
frame 4617: 29058 us total, 11740 us display, type 3
[0;32mI (158334) NIMBLE_HIDH: notify handle 30 len 16[0m
[0;32mI (158349) NIMBLE_HIDH: notify handle 30 len 16[0m
frame 4618: 28399 us total, 12079 us display, type 3
[0;32mI (158379) NIMBLE_HIDH: notify handle 30 len 16[0m
frame 4619: 28457 us total, 12340 us display, type 3
[0;32mI (158409) NIMBLE_HIDH: notify handle 30 len 16[0m
frame 4620: 27594 us total, 12048 us display, type 3
frame 4621: 28619 us total, 11692 us display, type 3
[0;32mI (158439) NIMBLE_HIDH: notify handle 30 len 16[0m
frame 4622: 29220 us total, 11685 us display, type 3
[0;32mI (158469) NIMBLE_HIDH: notify handle 30 len 16[0m
axes L  -1783 -19131 R    181   -448 level 1
frame 4623: 28396 us total, 11685 us display, type 3
[0;32mI (158499) NIMBLE_HIDH: notify handle 30 len 16[0m
frame 4624: 29111 us total, 12063 us display, type 3
[0;32mI (158529) NIMBLE_HIDH: notify handle 30 len 16[0m
frame 4625: 28120 us total, 11899 us display, type 3
[0;32mI (158559) NIMBLE_HIDH: notify handle 30 len 16[0m
frame 4626: 29044 us total, 11864 us display, type 3
[0;32mI (158589) NIMBLE_HIDH: notify handle 30 len 16[0m
frame 4627: 27803 us total, 11691 us display, type 3
[0;32mI (158619) NIMBLE_HIDH: notify handle 30 len 16[0m
frame 4628: 28997 us total, 11691 us display, type 3
[0;32mI (158649) NIMBLE_HIDH: notify handle 30 len 16[0m
frame 4629: 28995 us total, 11691 us display, type 3
[0;32mI (158679) NIMBLE_HIDH: notify handle 30 len 16[0m
frame 4630: 27929 us total, 11685 us display, type 3
[0;32mI (158709) NIMBLE_HIDH: notify handle 30 len 16[0m
frame 4631: 28976 us total, 11733 us display, type 3
axes L  -1783 -19131 R    181   -448 level 1
[0;32mI (158739) NIMBLE_HIDH: notify handle 30 len 16[0m
frame 4632: 28373 us total, 11692 us display, type 3
frame 4633: 28216 us total, 11692 us display, type 3
[0;32mI (158784) NIMBLE_HIDH: notify handle 30 len 16[0m
[0;32mI (158799) NIMBLE_HIDH: notify handle 30 len 16[0m
frame 4634: 29637 us total, 12870 us display, type 3
[0;32mI (158829) NIMBLE_HIDH: notify handle 30 len 16[0m
frame 4635: 27984 us total, 12787 us display, type 3
[0;32mI (158859) NIMBLE_HIDH: notify handle 30 len 16[0m
frame 4636: 29035 us total, 12693 us display, type 3
[0;32mI (158889) NIMBLE_HIDH: notify handle 30 len 16[0m
frame 4637: 27463 us total, 12191 us display, type 3
[0;32mI (158919) NIMBLE_HIDH: notify handle 30 len 16[0m
frame 4638: 28997 us total, 12149 us display, type 3
[0;32mI (158934) NIMBLE_HIDH: notify handle 30 len 16[0m
frame 4639: 28378 us total, 11692 us display, type 3
[0;32mI (158964) NIMBLE_HIDH: notify handle 30 len 16[0m
frame 4640: 29004 us total, 11692 us display, type 3
axes L  -1783 -19161 R    181   -448 level 1
[0;32mI (158994) NIMBLE_HIDH: notify handle 30 len 16[0m
frame 4641: 28253 us total, 11732 us display, type 3
[0;32mI (159024) NIMBLE_HIDH: notify handle 30 len 16[0m
frame 4642: 28966 us total, 11692 us display, type 3
[0;32mI (159054) NIMBLE_HIDH: notify handle 30 len 16[0m
frame 4643: 29565 us total, 11912 us display, type 3
[0;32mI (159084) NIMBLE_HIDH: notify handle 30 len 16[0m
frame 4644: 26712 us total, 12380 us display, type 3
[0;32mI (159114) NIMBLE_HIDH: notify handle 30 len 16[0m
frame 4645: 28970 us total, 12378 us display, type 3
[0;32mI (159144) NIMBLE_HIDH: notify handle 30 len 16[0m
frame 4646: 28691 us total, 12625 us display, type 3
[0;32mI (159174) NIMBLE_HIDH: notify handle 30 len 16[0m
frame 4647: 29011 us total, 12546 us display, type 3
[0;32mI (159204) NIMBLE_HIDH: notify handle 30 len 16[0m
frame 4648: 28030 us total, 12535 us display, type 3
[0;32mI (159234) NIMBLE_HIDH: notify handle 30 len 16[0m
frame 4649: 29054 us total, 12523 us display, type 3
axes L  -1783 -19161 R    181   -448 level 1
[0;32mI (159264) NIMBLE_HIDH: notify handle 30 len 16[0m
frame 4650: 29074 us total, 12456 us display, type 3
[0;32mI (159294) NIMBLE_HIDH: notify handle 30 len 16[0m
frame 4651: 27783 us total, 12496 us display, type 3
[0;32mI (159324) NIMBLE_HIDH: notify handle 30 len 16[0m
frame 4652: 28737 us total, 12085 us display, type 3
frame 4653: 27845 us total, 11685 us display, type 3
[0;32mI (159354) NIMBLE_HIDH: notify handle 30 len 16[0m
frame 4654: 28974 us total, 11685 us display, type 3
[0;32mI (159384) NIMBLE_HIDH: notify handle 30 len 16[0m
frame 4655: 28409 us total, 12057 us display, type 3
[0;32mI (159414) NIMBLE_HIDH: notify handle 30 len 16[0m
frame 4656: 29046 us total, 11814 us display, type 3
[0;32mI (159444) NIMBLE_HIDH: notify handle 30 len 16[0m
frame 4657: 29040 us total, 11754 us display, type 3
[0;32mI (159474) NIMBLE_HIDH: notify handle 30 len 16[0m
frame 4658: 28033 us total, 11869 us display, type 3
axes L  -1783 -19161 R    181   -448 level 1
[0;32mI (159504) NIMBLE_HIDH: notify handle 30 len 16[0m
frame 4659: 29061 us total, 11711 us display, type 3
[0;32mI (159534) NIMBLE_HIDH: notify handle 30 len 16[0m
frame 4660: 27740 us total, 11692 us display, type 3
[0;32mI (159564) NIMBLE_HIDH: notify handle 30 len 16[0m
frame 4661: 28960 us total, 11685 us display, type 3
[0;32mI (159594) NIMBLE_HIDH: notify handle 30 len 16[0m
frame 4662: 28273 us total, 11732 us display, type 3
[0;32mI (159624) NIMBLE_HIDH: notify handle 30 len 16[0m
frame 4663: 29468 us total, 11913 us display, type 3
[0;32mI (159654) NIMBLE_HIDH: notify handle 30 len 16[0m
frame 4664: 28156 us total, 11692 us display, type 3
[0;32mI (159684) NIMBLE_HIDH: notify handle 30 len 16[0m
frame 4665: 27366 us total, 12290 us display, type 3
[0;32mI (159714) NIMBLE_HIDH: notify handle 30 len 16[0m
frame 4666: 29141 us total, 12381 us display, type 3
[0;32mI (159744) NIMBLE_HIDH: notify handle 30 len 16[0m
frame 4667: 28322 us total, 12297 us display, type 3
axes L  -1783 -19161 R    181   -448 level 1
[0;32mI (159774) NIMBLE_HIDH: notify handle 30 len 16[0m
frame 4668: 29486 us total, 12535 us display, type 3
[0;32mI (159804) NIMBLE_HIDH: notify handle 30 len 16[0m
frame 4669: 27415 us total, 12151 us display, type 3
[0;32mI (159834) NIMBLE_HIDH: notify handle 30 len 16[0m
frame 4670: 28961 us total, 12136 us display, type 3
[0;32mI (159864) NIMBLE_HIDH: notify handle 30 len 16[0m
frame 4671: 29013 us total, 12151 us display, type 3
[0;32mI (159894) NIMBLE_HIDH: notify handle 30 len 16[0m
frame 4672: 28540 us total, 12497 us display, type 3
[0;32mI (159924) NIMBLE_HIDH: notify handle 30 len 16[0m
frame 4673: 28871 us total, 12083 us display, type 3
frame 4674: 27594 us total, 11692 us display, type 3
[0;32mI (159954) NIMBLE_HIDH: notify handle 30 len 16[0m
frame 4675: 28642 us total, 11699 us display, type 3
[0;32mI (159984) NIMBLE_HIDH: notify handle 30 len 16[0m
frame 4676: 28891 us total, 12057 us display, type 3
axes L  -1783 -19161 R    181   -448 level 1
[0;32mI (160014) NIMBLE_HIDH: notify handle 30 len 16[0m
frame 4677: 29040 us total, 11692 us display, type 3
[0;32mI (160044) NIMBLE_HIDH: notify handle 30 len 16[0m
frame 4678: 29047 us total, 11692 us display, type 3
[0;32mI (160074) NIMBLE_HIDH: notify handle 30 len 16[0m
frame 4679: 28011 us total, 11721 us display, type 3
[0;32mI (160104) NIMBLE_HIDH: notify handle 30 len 16[0m
frame 4680: 29062 us total, 11785 us display, type 3
[0;32mI (160134) NIMBLE_HIDH: notify handle 30 len 16[0m
frame 4681: 28129 us total, 11877 us display, type 3
[0;32mI (160164) NIMBLE_HIDH: notify handle 30 len 16[0m
frame 4682: 29075 us total, 11695 us display, type 3
[0;32mI (160194) NIMBLE_HIDH: notify handle 30 len 16[0m
frame 4683: 28289 us total, 11686 us display, type 3
[0;32mI (160224) NIMBLE_HIDH: notify handle 30 len 16[0m
[0;32mI (160239) NIMBLE_HIDH: notify handle 30 len 16[0m
frame 4684: 28866 us total, 12195 us display, type 3
frame 4685: 27593 us total, 11692 us display, type 3
[0;32mI (160269) NIMBLE_HIDH: notify handle 30 len 16[0m
axes L  -1783 -19227 R    181   -448 level 1
frame 4686: 28108 us total, 12057 us display, type 3
[0;32mI (160299) NIMBLE_HIDH: notify handle 30 len 16[0m
frame 4687: 29746 us total, 12057 us display, type 3
[0;32mI (160329) NIMBLE_HIDH: notify handle 30 len 16[0m
frame 4688: 28111 us total, 11745 us display, type 3
[0;32mI (160359) NIMBLE_HIDH: notify handle 30 len 16[0m
frame 4689: 29046 us total, 11748 us display, type 3
[0;32mI (160389) NIMBLE_HIDH: notify handle 30 len 16[0m
frame 4690: 27790 us total, 11692 us display, type 3
[0;32mI (160419) NIMBLE_HIDH: notify handle 30 len 16[0m
frame 4691: 28971 us total, 11692 us display, type 3
[0;32mI (160449) NIMBLE_HIDH: notify handle 30 len 16[0m
frame 4692: 29153 us total, 11693 us display, type 3
[0;32mI (160479) NIMBLE_HIDH: notify handle 30 len 16[0m
frame 4693: 28392 us total, 11848 us display, type 3
[0;32mI (160509) NIMBLE_HIDH: notify handle 30 len 16[0m
frame 4694: 28841 us total, 11726 us display, type 3
axes L  -1783 -19227 R    181   -448 level 1
[0;32mI (160539) NIMBLE_HIDH: notify handle 30 len 16[0m
frame 4695: 27765 us total, 11695 us display, type 3
[0;32mI (160569) NIMBLE_HIDH: notify handle 30 len 16[0m
frame 4696: 28747 us total, 11685 us display, type 3
[0;32mI (160599) NIMBLE_HIDH: notify handle 30 len 16[0m
frame 4697: 27563 us total, 12373 us display, type 3
[0;32mI (160629) NIMBLE_HIDH: notify handle 30 len 16[0m
frame 4698: 29688 us total, 12739 us display, type 3
[0;32mI (160659) NIMBLE_HIDH: notify handle 30 len 16[0m
frame 4699: 29039 us total, 12676 us display, type 3
[0;32mI (160689) NIMBLE_HIDH: notify handle 30 len 16[0m
frame 4700: 27465 us total, 12173 us display, type 3
[0;32mI (160719) NIMBLE_HIDH: notify handle 30 len 16[0m
frame 4701: 28965 us total, 12150 us display, type 3
[0;32mI (160749) NIMBLE_HIDH: notify handle 30 len 16[0m
frame 4702: 28275 us total, 12151 us display, type 3
[0;32mI (160779) NIMBLE_HIDH: notify handle 30 len 16[0m
frame 4703: 29532 us total, 12373 us display, type 3
axes L  -1783 -19227 R    181   -448 level 1
[0;32mI (160809) NIMBLE_HIDH: notify handle 30 len 16[0m
frame 4704: 27269 us total, 12017 us display, type 3
frame 4705: 28421 us total, 11692 us display, type 3
[0;32mI (160839) NIMBLE_HIDH: notify handle 30 len 16[0m
frame 4706: 29075 us total, 11693 us display, type 3
[0;32mI (160869) NIMBLE_HIDH: notify handle 30 len 16[0m
frame 4707: 27894 us total, 12057 us display, type 3
[0;32mI (160899) NIMBLE_HIDH: notify handle 30 len 16[0m
frame 4708: 29994 us total, 12058 us display, type 3
[0;32mI (160929) NIMBLE_HIDH: notify handle 30 len 16[0m
frame 4709: 28116 us total, 11710 us display, type 3
[0;32mI (160959) NIMBLE_HIDH: notify handle 30 len 16[0m
frame 4710: 29044 us total, 11732 us display, type 3
[0;32mI (160989) NIMBLE_HIDH: notify handle 30 len 16[0m
frame 4711: 28049 us total, 11854 us display, type 3
[0;32mI (161019) NIMBLE_HIDH: notify handle 30 len 16[0m
frame 4712: 29052 us total, 11692 us display, type 3
axes L  -1783 -19257 R    181   -448 level 1
[0;32mI (161049) NIMBLE_HIDH: notify handle 30 len 16[0m
frame 4713: 29534 us total, 11692 us display, type 3
[0;32mI (161079) NIMBLE_HIDH: notify handle 30 len 16[0m
frame 4714: 27035 us total, 11685 us display, type 3
[0;32mI (161109) NIMBLE_HIDH: notify handle 30 len 16[0m
frame 4715: 29318 us total, 11728 us display, type 3
[0;32mI (161139) NIMBLE_HIDH: notify handle 30 len 16[0m
frame 4716: 27977 us total, 11692 us display, type 3
[0;32mI (161169) NIMBLE_HIDH: notify handle 30 len 16[0m
frame 4717: 28957 us total, 11692 us display, type 3
[0;32mI (161199) NIMBLE_HIDH: notify handle 30 len 16[0m
frame 4718: 27916 us total, 12765 us display, type 3
[0;32mI (161229) NIMBLE_HIDH: notify handle 30 len 16[0m
frame 4719: 29149 us total, 12651 us display, type 3
[0;32mI (161259) NIMBLE_HIDH: notify handle 30 len 16[0m
frame 4720: 28959 us total, 12562 us display, type 3
[0;32mI (161289) NIMBLE_HIDH: notify handle 30 len 16[0m
frame 4721: 28044 us total, 12652 us display, type 3
axes L  -1783 -19257 R    181   -448 level 1
[0;32mI (161319) NIMBLE_HIDH: notify handle 30 len 16[0m
frame 4722: 28995 us total, 12184 us display, type 3
[0;32mI (161349) NIMBLE_HIDH: notify handle 30 len 16[0m
frame 4723: 28130 us total, 12248 us display, type 3
[0;32mI (161379) NIMBLE_HIDH: notify handle 30 len 16[0m
frame 4724: 28473 us total, 12361 us display, type 3
[0;32mI (161409) NIMBLE_HIDH: notify handle 30 len 16[0m
frame 4725: 27850 us total, 12300 us display, type 3
frame 4726: 28462 us total, 11699 us display, type 3
[0;32mI (161439) NIMBLE_HIDH: notify handle 30 len 16[0m
frame 4727: 28986 us total, 11692 us display, type 3
[0;32mI (161469) NIMBLE_HIDH: notify handle 30 len 16[0m
frame 4728: 27488 us total, 11685 us display, type 3
[0;32mI (161499) NIMBLE_HIDH: notify handle 30 len 16[0m
frame 4729: 29981 us total, 11692 us display, type 3
[0;32mI (161529) NIMBLE_HIDH: notify handle 30 len 16[0m
frame 4730: 28591 us total, 11928 us display, type 3
axes L  -1783 -19257 R    181   -448 level 1
[0;32mI (161559) NIMBLE_HIDH: notify handle 30 len 16[0m
frame 4731: 29043 us total, 11709 us display, type 3
[0;32mI (161589) NIMBLE_HIDH: notify handle 30 len 16[0m
frame 4732: 28058 us total, 11834 us display, type 3
[0;32mI (161619) NIMBLE_HIDH: notify handle 30 len 16[0m
frame 4733: 29109 us total, 11692 us display, type 3
[0;32mI (161649) NIMBLE_HIDH: notify handle 30 len 16[0m
frame 4734: 29013 us total, 11703 us display, type 3
[0;32mI (161679) NIMBLE_HIDH: notify handle 30 len 16[0m
frame 4735: 27567 us total, 11686 us display, type 3
[0;32mI (161709) NIMBLE_HIDH: notify handle 30 len 16[0m
frame 4736: 29091 us total, 11738 us display, type 3
[0;32mI (161739) NIMBLE_HIDH: notify handle 30 len 16[0m
frame 4737: 27966 us total, 11692 us display, type 3
[0;32mI (161769) NIMBLE_HIDH: notify handle 30 len 16[0m
frame 4738: 29039 us total, 11699 us display, type 3
[0;32mI (161799) NIMBLE_HIDH: notify handle 30 len 16[0m
frame 4739: 27530 us total, 12382 us display, type 3
axes L  -1783 -19257 R    181   -448 level 1
[0;32mI (161829) NIMBLE_HIDH: notify handle 30 len 16[0m
frame 4740: 29550 us total, 12420 us display, type 3
[0;32mI (161859) NIMBLE_HIDH: notify handle 30 len 16[0m
frame 4741: 29040 us total, 12561 us display, type 3
[0;32mI (161889) NIMBLE_HIDH: notify handle 30 len 16[0m
frame 4742: 27990 us total, 12259 us display, type 3
[0;32mI (161919) NIMBLE_HIDH: notify handle 30 len 16[0m
frame 4743: 29224 us total, 12157 us display, type 3
[0;32mI (161949) NIMBLE_HIDH: notify handle 30 len 16[0m
frame 4744: 27350 us total, 12149 us display, type 3
[0;32mI (161979) NIMBLE_HIDH: notify handle 30 len 16[0m
frame 4745: 29210 us total, 12345 us display, type 3
[0;32mI (162009) NIMBLE_HIDH: notify handle 30 len 16[0m
frame 4746: 27743 us total, 12039 us display, type 3
frame 4747: 28671 us total, 11692 us display, type 3
[0;32mI (162039) NIMBLE_HIDH: notify handle 30 len 16[0m
frame 4748: 29009 us total, 11692 us display, type 3
[0;32mI (162069) NIMBLE_HIDH: notify handle 30 len 16[0m
axes L  -1783 -19257 R    181   -448 level 1
frame 4749: 28101 us total, 12057 us display, type 3
[0;32mI (162099) NIMBLE_HIDH: notify handle 30 len 16[0m
frame 4750: 29617 us total, 12057 us display, type 3
[0;32mI (162129) NIMBLE_HIDH: notify handle 30 len 16[0m
frame 4751: 28082 us total, 11788 us display, type 3
[0;32mI (162159) NIMBLE_HIDH: notify handle 30 len 16[0m
frame 4752: 29146 us total, 11692 us display, type 3
[0;32mI (162189) NIMBLE_HIDH: notify handle 30 len 16[0m
frame 4753: 28178 us total, 11699 us display, type 3
[0;32mI (162219) NIMBLE_HIDH: notify handle 30 len 16[0m
frame 4754: 28949 us total, 11692 us display, type 3
[0;32mI (162249) NIMBLE_HIDH: notify handle 30 len 16[0m
frame 4755: 28618 us total, 11697 us display, type 3
[0;32mI (162279) NIMBLE_HIDH: notify handle 30 len 16[0m
frame 4756: 27977 us total, 11692 us display, type 3
[0;32mI (162309) NIMBLE_HIDH: notify handle 30 len 16[0m
frame 4757: 28976 us total, 11727 us display, type 3
axes L  -1783 -19257 R    181   -448 level 1
[0;32mI (162339) NIMBLE_HIDH: notify handle 30 len 16[0m
frame 4758: 28204 us total, 11692 us display, type 3
[0;32mI (162369) NIMBLE_HIDH: notify handle 30 len 16[0m
frame 4759: 28672 us total, 11686 us display, type 3
[0;32mI (162399) NIMBLE_HIDH: notify handle 30 len 16[0m
frame 4760: 27570 us total, 12373 us display, type 3
frame 4761: 28722 us total, 11807 us display, type 3
frame 4762: 29469 us total, 11986 us display, type 3
frame 4763: 28084 us total, 11685 us display, type 3
frame 4764: 28330 us total, 11692 us display, type 3
frame 4765: 27955 us total, 11692 us display, type 3
frame 4766: 29107 us total, 11699 us display, type 3
axes L  -1783 -19257 R    181   -448 level 1
frame 4767: 28222 us total, 11699 us display, type 3
frame 4768: 28831 us total, 11692 us display, type 3
frame 4769: 29056 us total, 11692 us display, type 3
frame 4770: 27933 us total, 12057 us display, type 3
frame 4771: 28959 us total, 11986 us display, type 3
frame 4772: 28251 us total, 11692 us display, type 3
frame 4773: 29344 us total, 11689 us display, type 3
frame 4774: 27977 us total, 11685 us display, type 3
frame 4775: 28641 us total, 11699 us display, type 3
axes L  -1783 -19257 R    181   -448 level 1
frame 4776: 29211 us total, 11685 us display, type 3
frame 4777: 27827 us total, 11692 us display, type 3
frame 4778: 29051 us total, 11692 us display, type 3
[0;32mI (162939) NIMBLE_HIDH: notify handle 30 len 16[0m
frame 4779: 28813 us total, 11692 us display, type 3
[0;32mI (162969) NIMBLE_HIDH: notify handle 30 len 16[0m
frame 4780: 28957 us total, 11699 us display, type 3
[0;32mI (162999) NIMBLE_HIDH: notify handle 30 len 16[0m
frame 4781: 27867 us total, 12772 us display, type 3
[0;32mI (163029) NIMBLE_HIDH: notify handle 30 len 16[0m
frame 4782: 29065 us total, 12325 us display, type 3
[0;32mI (163059) NIMBLE_HIDH: notify handle 30 len 16[0m
frame 4783: 29370 us total, 12296 us display, type 3
[0;32mI (163089) NIMBLE_HIDH: notify handle 30 len 16[0m
frame 4784: 27212 us total, 12179 us display, type 3
axes L  -1783 -19326 R    181   -448 level 1
[0;32mI (163119) NIMBLE_HIDH: notify handle 30 len 16[0m
frame 4785: 29490 us total, 12538 us display, type 3
frame 4786: 26936 us total, 11692 us display, type 3
[0;32mI (163164) NIMBLE_HIDH: notify handle 30 len 16[0m
[0;32mI (163179) NIMBLE_HIDH: notify handle 30 len 16[0m
frame 4787: 30213 us total, 12047 us display, type 3
[0;32mI (163209) NIMBLE_HIDH: notify handle 30 len 16[0m
frame 4788: 27337 us total, 12190 us display, type 3
frame 4789: 28507 us total, 11699 us display, type 3
[0;32mI (163239) NIMBLE_HIDH: notify handle 30 len 16[0m
frame 4790: 28937 us total, 11694 us display, type 3
[0;32mI (163269) NIMBLE_HIDH: notify handle 30 len 16[0m
frame 4791: 27460 us total, 11686 us display, type 3
[0;32mI (163299) NIMBLE_HIDH: notify handle 30 len 16[0m
frame 4792: 30484 us total, 12057 us display, type 3
[0;32mI (163329) NIMBLE_HIDH: notify handle 30 len 16[0m
frame 4793: 28304 us total, 11692 us display, type 3
axes L  -1783 -19326 R    181   -448 level 1
[0;32mI (163359) NIMBLE_HIDH: notify handle 30 len 16[0m
frame 4794: 29266 us total, 11693 us display, type 3
[0;32mI (163389) NIMBLE_HIDH: notify handle 30 len 16[0m
frame 4795: 27312 us total, 11685 us display, type 3
[0;32mI (163419) NIMBLE_HIDH: notify handle 30 len 16[0m
frame 4796: 29006 us total, 11685 us display, type 3
[0;32mI (163449) NIMBLE_HIDH: notify handle 30 len 16[0m
frame 4797: 28973 us total, 11685 us display, type 3
[0;32mI (163479) NIMBLE_HIDH: notify handle 30 len 16[0m
frame 4798: 28065 us total, 11692 us display, type 3
[0;32mI (163509) NIMBLE_HIDH: notify handle 30 len 16[0m
frame 4799: 29048 us total, 11739 us display, type 3
[0;32mI (163539) NIMBLE_HIDH: notify handle 30 len 16[0m
frame 4800: 27964 us total, 11693 us display, type 3
[0;32mI (163569) NIMBLE_HIDH: notify handle 30 len 16[0m
frame 4801: 29044 us total, 11699 us display, type 3
[0;32mI (163599) NIMBLE_HIDH: notify handle 30 len 16[0m
frame 4802: 27999 us total, 12657 us display, type 3
axes L  -1783 -19326 R    181   -448 level 1
[0;32mI (163629) NIMBLE_HIDH: notify handle 30 len 16[0m
frame 4803: 29532 us total, 12383 us display, type 3
[0;32mI (163659) NIMBLE_HIDH: notify handle 30 len 16[0m
frame 4804: 28572 us total, 12651 us display, type 3
[0;32mI (163689) NIMBLE_HIDH: notify handle 30 len 16[0m
frame 4805: 27498 us total, 12176 us display, type 3
[0;32mI (163719) NIMBLE_HIDH: notify handle 30 len 16[0m
frame 4806: 29069 us total, 12178 us display, type 3
[0;32mI (163749) NIMBLE_HIDH: notify handle 30 len 16[0m
frame 4807: 28053 us total, 12169 us display, type 3
[0;32mI (163779) NIMBLE_HIDH: notify handle 30 len 16[0m
frame 4808: 29242 us total, 12354 us display, type 3
[0;32mI (163809) NIMBLE_HIDH: notify handle 30 len 16[0m
frame 4809: 27791 us total, 12074 us display, type 3
frame 4810: 28579 us total, 11692 us display, type 3
[0;32mI (163839) NIMBLE_HIDH: notify handle 30 len 16[0m
frame 4811: 28936 us total, 11692 us display, type 3
[0;32mI (163869) NIMBLE_HIDH: notify handle 30 len 16[0m
axes L  -1783 -19356 R    181   -448 level 1
frame 4812: 28272 us total, 11686 us display, type 3
[0;32mI (163899) NIMBLE_HIDH: notify handle 30 len 16[0m
frame 4813: 29973 us total, 12063 us display, type 3
[0;32mI (163929) NIMBLE_HIDH: notify handle 30 len 16[0m
frame 4814: 27948 us total, 11686 us display, type 3
[0;32mI (163959) NIMBLE_HIDH: notify handle 30 len 16[0m
frame 4815: 28689 us total, 11720 us display, type 3
[0;32mI (163989) NIMBLE_HIDH: notify handle 30 len 16[0m
frame 4816: 28042 us total, 11862 us display, type 3
[0;32mI (164019) NIMBLE_HIDH: notify handle 30 len 16[0m
frame 4817: 28826 us total, 11692 us display, type 3
[0;32mI (164049) NIMBLE_HIDH: notify handle 30 len 16[0m
frame 4818: 28993 us total, 11692 us display, type 3
[0;32mI (164079) NIMBLE_HIDH: notify handle 30 len 16[0m
frame 4819: 27981 us total, 11698 us display, type 3
[0;32mI (164109) NIMBLE_HIDH: notify handle 30 len 16[0m
frame 4820: 29005 us total, 11730 us display, type 3
axes L  -1783 -19356 R    181   -448 level 1
[0;32mI (164139) NIMBLE_HIDH: notify handle 30 len 16[0m
frame 4821: 28157 us total, 11692 us display, type 3
[0;32mI (164169) NIMBLE_HIDH: notify handle 30 len 16[0m
frame 4822: 28999 us total, 11768 us display, type 3
[0;32mI (164199) NIMBLE_HIDH: notify handle 30 len 16[0m
frame 4823: 27843 us total, 12459 us display, type 3
[0;32mI (164229) NIMBLE_HIDH: notify handle 30 len 16[0m
frame 4824: 28613 us total, 12384 us display, type 3
[0;32mI (164259) NIMBLE_HIDH: notify handle 30 len 16[0m
frame 4825: 28966 us total, 12303 us display, type 3
[0;32mI (164289) NIMBLE_HIDH: notify handle 30 len 16[0m
frame 4826: 27927 us total, 12190 us display, type 3
[0;32mI (164319) NIMBLE_HIDH: notify handle 30 len 16[0m
frame 4827: 29030 us total, 12175 us display, type 3
[0;32mI (164349) NIMBLE_HIDH: notify handle 30 len 16[0m
frame 4828: 28002 us total, 12170 us display, type 3
[0;32mI (164379) NIMBLE_HIDH: notify handle 30 len 16[0m
frame 4829: 29247 us total, 12386 us display, type 3
axes L  -1783 -19356 R    181   -448 level 1
[0;32mI (164409) NIMBLE_HIDH: notify handle 30 len 16[0m
frame 4830: 27847 us total, 12049 us display, type 3
frame 4831: 28419 us total, 11692 us display, type 3
[0;32mI (164439) NIMBLE_HIDH: notify handle 30 len 16[0m
frame 4832: 29246 us total, 11692 us display, type 3
[0;32mI (164469) NIMBLE_HIDH: notify handle 30 len 16[0m
frame 4833: 28162 us total, 12057 us display, type 3
[0;32mI (164499) NIMBLE_HIDH: notify handle 30 len 16[0m
frame 4834: 29864 us total, 12057 us display, type 3
[0;32mI (164529) NIMBLE_HIDH: notify handle 30 len 16[0m
frame 4835: 27782 us total, 11727 us display, type 3
[0;32mI (164559) NIMBLE_HIDH: notify handle 30 len 16[0m
frame 4836: 29050 us total, 11752 us display, type 3
[0;32mI (164589) NIMBLE_HIDH: notify handle 30 len 16[0m
frame 4837: 28046 us total, 11823 us display, type 3
[0;32mI (164619) NIMBLE_HIDH: notify handle 30 len 16[0m
frame 4838: 29061 us total, 11865 us display, type 3
axes L  -1783 -19356 R    181   -448 level 1
[0;32mI (164649) NIMBLE_HIDH: notify handle 30 len 16[0m
frame 4839: 29077 us total, 11692 us display, type 3
[0;32mI (164679) NIMBLE_HIDH: notify handle 30 len 16[0m
frame 4840: 27813 us total, 11692 us display, type 3
[0;32mI (164709) NIMBLE_HIDH: notify handle 30 len 16[0m
frame 4841: 29039 us total, 11733 us display, type 3
[0;32mI (164739) NIMBLE_HIDH: notify handle 30 len 16[0m
frame 4842: 28189 us total, 11692 us display, type 3
[0;32mI (164769) NIMBLE_HIDH: notify handle 30 len 16[0m
frame 4843: 29289 us total, 11685 us display, type 3
[0;32mI (164799) NIMBLE_HIDH: notify handle 30 len 16[0m
frame 4844: 26845 us total, 12379 us display, type 3
[0;32mI (164829) NIMBLE_HIDH: notify handle 30 len 16[0m
frame 4845: 29635 us total, 12752 us display, type 3
[0;32mI (164859) NIMBLE_HIDH: notify handle 30 len 16[0m
frame 4846: 28955 us total, 12624 us display, type 3
[0;32mI (164889) NIMBLE_HIDH: notify handle 30 len 16[0m
frame 4847: 28059 us total, 12663 us display, type 3
axes L  -1783 -19356 R    181   -448 level 1
[0;32mI (164919) NIMBLE_HIDH: notify handle 30 len 16[0m
frame 4848: 29001 us total, 12436 us display, type 3
[0;32mI (164949) NIMBLE_HIDH: notify handle 30 len 16[0m
frame 4849: 27537 us total, 12175 us display, type 3
[0;32mI (164979) NIMBLE_HIDH: notify handle 30 len 16[0m
frame 4850: 29111 us total, 12385 us display, type 3
[0;32mI (165009) NIMBLE_HIDH: notify handle 30 len 16[0m
frame 4851: 27827 us total, 12231 us display, type 3
frame 4852: 28650 us total, 11699 us display, type 3
[0;32mI (165039) NIMBLE_HIDH: notify handle 30 len 16[0m
frame 4853: 29249 us total, 11685 us display, type 3
[0;32mI (165069) NIMBLE_HIDH: notify handle 30 len 16[0m
frame 4854: 27826 us total, 12064 us display, type 3
[0;32mI (165099) NIMBLE_HIDH: notify handle 30 len 16[0m
frame 4855: 29162 us total, 11686 us display, type 3
[0;32mI (165129) NIMBLE_HIDH: notify handle 30 len 16[0m
frame 4856: 28577 us total, 11862 us display, type 3
axes L  -1783 -19356 R    181   -448 level 1
[0;32mI (165159) NIMBLE_HIDH: notify handle 30 len 16[0m
frame 4857: 29108 us total, 11700 us display, type 3
[0;32mI (165189) NIMBLE_HIDH: notify handle 30 len 16[0m
frame 4858: 27703 us total, 11692 us display, type 3
[0;32mI (165219) NIMBLE_HIDH: notify handle 30 len 16[0m
frame 4859: 28987 us total, 11685 us display, type 3
frame 4860: 28189 us total, 11692 us display, type 3
frame 4861: 28007 us total, 11692 us display, type 3
frame 4862: 29230 us total, 11692 us display, type 3
frame 4863: 28335 us total, 11693 us display, type 3
frame 4864: 28379 us total, 11692 us display, type 3
mem @frame 4864: heap free 66484, largest 40960, min ever 65664, zone free 55016, stack free 14540, uptime 165 s, gamestate 0, demo 0, usergame 1, tic 5685
frame 4865: 27593 us total, 11685 us display, type 3
axes L  -1783 -19356 R    181   -448 level 1
frame 4866: 29513 us total, 11699 us display, type 3
frame 4867: 29013 us total, 11730 us display, type 3
frame 4868: 28059 us total, 11699 us display, type 3
frame 4869: 29054 us total, 11692 us display, type 3
frame 4870: 28047 us total, 11793 us display, type 3
frame 4871: 28902 us total, 11696 us display, type 3
frame 4872: 28361 us total, 11842 us display, type 3
frame 4873: 29168 us total, 11686 us display, type 3
frame 4874: 28979 us total, 11693 us display, type 3
axes L  -1783 -19356 R    181   -448 level 1
frame 4875: 27815 us total, 11686 us display, type 3
frame 4876: 28525 us total, 11833 us display, type 3
frame 4877: 28199 us total, 11691 us display, type 3
frame 4878: 29026 us total, 11697 us display, type 3
frame 4879: 27962 us total, 11691 us display, type 3
frame 4880: 28995 us total, 11716 us display, type 3
frame 4881: 28928 us total, 11691 us display, type 3
frame 4882: 28301 us total, 11798 us display, type 3
frame 4883: 29227 us total, 11685 us display, type 3
axes L  -1783 -19356 R    181   -448 level 1
[0;32mI (165939) NIMBLE_HIDH: notify handle 30 len 16[0m
frame 4884: 28342 us total, 11692 us display, type 3
[0;32mI (165969) NIMBLE_HIDH: notify handle 30 len 16[0m
frame 4885: 28640 us total, 11685 us display, type 3
[0;32mI (165999) NIMBLE_HIDH: notify handle 30 len 16[0m
frame 4886: 27580 us total, 12290 us display, type 3
[0;32mI (166029) NIMBLE_HIDH: notify handle 30 len 16[0m
frame 4887: 29800 us total, 12786 us display, type 3
[0;32mI (166059) NIMBLE_HIDH: notify handle 30 len 16[0m
frame 4888: 28999 us total, 12679 us display, type 3
[0;32mI (166089) NIMBLE_HIDH: notify handle 30 len 16[0m
frame 4889: 27539 us total, 12198 us display, type 3
[0;32mI (166119) NIMBLE_HIDH: notify handle 30 len 16[0m
frame 4890: 28909 us total, 12177 us display, type 3
[0;32mI (166149) NIMBLE_HIDH: notify handle 30 len 16[0m
frame 4891: 27963 us total, 12163 us display, type 3
[0;32mI (166179) NIMBLE_HIDH: notify handle 30 len 16[0m
frame 4892: 29428 us total, 12369 us display, type 3
axes L  -1783 -19424 R    181   -448 level 1
[0;32mI (166209) NIMBLE_HIDH: notify handle 30 len 16[0m
frame 4893: 28649 us total, 12551 us display, type 3
frame 4894: 27932 us total, 11685 us display, type 3
[0;32mI (166239) NIMBLE_HIDH: notify handle 30 len 16[0m
frame 4895: 28606 us total, 11692 us display, type 3
[0;32mI (166269) NIMBLE_HIDH: notify handle 30 len 16[0m
frame 4896: 27917 us total, 12057 us display, type 3
[0;32mI (166299) NIMBLE_HIDH: notify handle 30 len 16[0m
frame 4897: 29578 us total, 11689 us display, type 3
[0;32mI (166329) NIMBLE_HIDH: notify handle 30 len 16[0m
frame 4898: 28513 us total, 11757 us display, type 3
[0;32mI (166359) NIMBLE_HIDH: notify handle 30 len 16[0m
frame 4899: 29056 us total, 11774 us display, type 3
[0;32mI (166389) NIMBLE_HIDH: notify handle 30 len 16[0m
frame 4900: 28047 us total, 11869 us display, type 3
[0;32mI (166419) NIMBLE_HIDH: notify handle 30 len 16[0m
frame 4901: 28836 us total, 11692 us display, type 3
axes L  -1783 -19424 R    181   -448 level 1
[0;32mI (166449) NIMBLE_HIDH: notify handle 30 len 16[0m
frame 4902: 29435 us total, 11686 us display, type 3
[0;32mI (166494) NIMBLE_HIDH: notify handle 30 len 16[0m
frame 4903: 27994 us total, 12351 us display, type 3
[0;32mI (166509) NIMBLE_HIDH: notify handle 30 len 16[0m
frame 4904: 28550 us total, 11729 us display, type 3
[0;32mI (166539) NIMBLE_HIDH: notify handle 30 len 16[0m
frame 4905: 27981 us total, 11694 us display, type 3
[0;32mI (166569) NIMBLE_HIDH: notify handle 30 len 16[0m
frame 4906: 29047 us total, 11745 us display, type 3
[0;32mI (166599) NIMBLE_HIDH: notify handle 30 len 16[0m
frame 4907: 27925 us total, 12730 us display, type 3
[0;32mI (166629) NIMBLE_HIDH: notify handle 30 len 16[0m
frame 4908: 29064 us total, 12486 us display, type 3
[0;32mI (166659) NIMBLE_HIDH: notify handle 30 len 16[0m
frame 4909: 29024 us total, 12433 us display, type 3
[0;32mI (166689) NIMBLE_HIDH: notify handle 30 len 16[0m
frame 4910: 28033 us total, 12530 us display, type 3
axes L  -1783 -19424 R    181   -448 level 1
[0;32mI (166719) NIMBLE_HIDH: notify handle 30 len 16[0m
frame 4911: 29074 us total, 12432 us display, type 3
[0;32mI (166749) NIMBLE_HIDH: notify handle 30 len 16[0m
frame 4912: 27678 us total, 12186 us display, type 3
[0;32mI (166779) NIMBLE_HIDH: notify handle 30 len 16[0m
frame 4913: 29531 us total, 12477 us display, type 3
[0;32mI (166809) NIMBLE_HIDH: notify handle 30 len 16[0m
frame 4914: 27641 us total, 12098 us display, type 3
frame 4915: 28129 us total, 11699 us display, type 3
[0;32mI (166839) NIMBLE_HIDH: notify handle 30 len 16[0m
frame 4916: 28974 us total, 11692 us display, type 3
[0;32mI (166869) NIMBLE_HIDH: notify handle 30 len 16[0m
frame 4917: 27893 us total, 12057 us display, type 3
[0;32mI (166899) NIMBLE_HIDH: notify handle 30 len 16[0m
frame 4918: 29562 us total, 11692 us display, type 3
[0;32mI (166929) NIMBLE_HIDH: notify handle 30 len 16[0m
frame 4919: 28525 us total, 11853 us display, type 3
axes L  -1783 -19424 R    181   -448 level 1
[0;32mI (166959) NIMBLE_HIDH: notify handle 30 len 16[0m
frame 4920: 29063 us total, 11692 us display, type 3
[0;32mI (166989) NIMBLE_HIDH: notify handle 30 len 16[0m
frame 4921: 27693 us total, 11685 us display, type 3
[0;32mI (167019) NIMBLE_HIDH: notify handle 30 len 16[0m
frame 4922: 29400 us total, 11856 us display, type 3
[0;32mI (167049) NIMBLE_HIDH: notify handle 30 len 16[0m
frame 4923: 29148 us total, 11692 us display, type 3
[0;32mI (167079) NIMBLE_HIDH: notify handle 30 len 16[0m
frame 4924: 27354 us total, 11685 us display, type 3
[0;32mI (167109) NIMBLE_HIDH: notify handle 30 len 16[0m
frame 4925: 28968 us total, 11714 us display, type 3
[0;32mI (167139) NIMBLE_HIDH: notify handle 30 len 16[0m
frame 4926: 28070 us total, 11692 us display, type 3
[0;32mI (167169) NIMBLE_HIDH: notify handle 30 len 16[0m
frame 4927: 29014 us total, 11685 us display, type 3
[0;32mI (167199) NIMBLE_HIDH: notify handle 30 len 16[0m
frame 4928: 27519 us total, 12289 us display, type 3
axes L  -1783 -19453 R    181   -448 level 1
[0;32mI (167229) NIMBLE_HIDH: notify handle 30 len 16[0m
frame 4929: 29706 us total, 12414 us display, type 3
[0;32mI (167259) NIMBLE_HIDH: notify handle 30 len 16[0m
frame 4930: 29020 us total, 12601 us display, type 3
[0;32mI (167289) NIMBLE_HIDH: notify handle 30 len 16[0m
frame 4931: 27611 us total, 12195 us display, type 3
[0;32mI (167319) NIMBLE_HIDH: notify handle 30 len 16[0m
frame 4932: 29511 us total, 12500 us display, type 3
[0;32mI (167349) NIMBLE_HIDH: notify handle 30 len 16[0m
frame 4933: 28130 us total, 12347 us display, type 3
frame 4934: 28372 us total, 11686 us display, type 3
[0;32mI (167394) NIMBLE_HIDH: notify handle 30 len 16[0m
[0;32mI (167409) NIMBLE_HIDH: notify handle 30 len 16[0m
frame 4935: 29123 us total, 12450 us display, type 3
frame 4936: 27491 us total, 11699 us display, type 3
[0;32mI (167439) NIMBLE_HIDH: notify handle 30 len 16[0m
frame 4937: 29070 us total, 11699 us display, type 3
[0;32mI (167469) NIMBLE_HIDH: notify handle 30 len 16[0m
axes L  -1783 -19453 R    181   -448 level 1
frame 4938: 28114 us total, 12056 us display, type 3
[0;32mI (167499) NIMBLE_HIDH: notify handle 30 len 16[0m
frame 4939: 29717 us total, 12057 us display, type 3
[0;32mI (167529) NIMBLE_HIDH: notify handle 30 len 16[0m
frame 4940: 27971 us total, 11692 us display, type 3
[0;32mI (167559) NIMBLE_HIDH: notify handle 30 len 16[0m
frame 4941: 28992 us total, 11714 us display, type 3
[0;32mI (167604) NIMBLE_HIDH: notify handle 30 len 16[0m
frame 4942: 28010 us total, 12386 us display, type 3
[0;32mI (167619) NIMBLE_HIDH: notify handle 30 len 16[0m
frame 4943: 29383 us total, 11685 us display, type 3
[0;32mI (167664) NIMBLE_HIDH: notify handle 30 len 16[0m
frame 4944: 28767 us total, 12332 us display, type 3
[0;32mI (167679) NIMBLE_HIDH: notify handle 30 len 16[0m
frame 4945: 27488 us total, 11692 us display, type 3
[0;32mI (167709) NIMBLE_HIDH: notify handle 30 len 16[0m
frame 4946: 29059 us total, 11718 us display, type 3
axes L  -1783 -19453 R    181   -448 level 1
[0;32mI (167739) NIMBLE_HIDH: notify handle 30 len 16[0m
frame 4947: 28252 us total, 11692 us display, type 3
[0;32mI (167769) NIMBLE_HIDH: notify handle 30 len 16[0m
frame 4948: 28741 us total, 11685 us display, type 3
[0;32mI (167799) NIMBLE_HIDH: notify handle 30 len 16[0m
frame 4949: 27519 us total, 12290 us display, type 3
[0;32mI (167829) NIMBLE_HIDH: notify handle 30 len 16[0m
frame 4950: 29651 us total, 12682 us display, type 3
[0;32mI (167859) NIMBLE_HIDH: notify handle 30 len 16[0m
frame 4951: 29114 us total, 12790 us display, type 3
[0;32mI (167889) NIMBLE_HIDH: notify handle 30 len 16[0m
frame 4952: 27972 us total, 12567 us display, type 3
[0;32mI (167919) NIMBLE_HIDH: notify handle 30 len 16[0m
frame 4953: 29058 us total, 12340 us display, type 3
[0;32mI (167949) NIMBLE_HIDH: notify handle 30 len 16[0m
frame 4954: 27307 us total, 12169 us display, type 3
[0;32mI (167979) NIMBLE_HIDH: notify handle 30 len 16[0m
frame 4955: 29300 us total, 12414 us display, type 3
axes L  -1783 -19453 R    181   -448 level 1
[0;32mI (168009) NIMBLE_HIDH: notify handle 30 len 16[0m
frame 4956: 27879 us total, 12076 us display, type 3
frame 4957: 28442 us total, 11692 us display, type 3
[0;32mI (168039) NIMBLE_HIDH: notify handle 30 len 16[0m
frame 4958: 29046 us total, 11699 us display, type 3
[0;32mI (168069) NIMBLE_HIDH: notify handle 30 len 16[0m
frame 4959: 27889 us total, 12057 us display, type 3
[0;32mI (168099) NIMBLE_HIDH: notify handle 30 len 16[0m
frame 4960: 29554 us total, 11685 us display, type 3
[0;32mI (168129) NIMBLE_HIDH: notify handle 30 len 16[0m
frame 4961: 28513 us total, 11758 us display, type 3
[0;32mI (168159) NIMBLE_HIDH: notify handle 30 len 16[0m
frame 4962: 29138 us total, 11692 us display, type 3
[0;32mI (168189) NIMBLE_HIDH: notify handle 30 len 16[0m
frame 4963: 28263 us total, 11692 us display, type 3
[0;32mI (168219) NIMBLE_HIDH: notify handle 30 len 16[0m
frame 4964: 28859 us total, 11699 us display, type 3
axes L  -1783 -19453 R    181   -448 level 1
[0;32mI (168249) NIMBLE_HIDH: notify handle 30 len 16[0m
frame 4965: 28717 us total, 11692 us display, type 3
[0;32mI (168279) NIMBLE_HIDH: notify handle 30 len 16[0m
frame 4966: 27861 us total, 11692 us display, type 3
[0;32mI (168309) NIMBLE_HIDH: notify handle 30 len 16[0m
frame 4967: 29109 us total, 11735 us display, type 3
[0;32mI (168339) NIMBLE_HIDH: notify handle 30 len 16[0m
frame 4968: 28025 us total, 11692 us display, type 3
[0;32mI (168369) NIMBLE_HIDH: notify handle 30 len 16[0m
frame 4969: 29078 us total, 11728 us display, type 3
[0;32mI (168399) NIMBLE_HIDH: notify handle 30 len 16[0m
frame 4970: 27803 us total, 12646 us display, type 3
[0;32mI (168429) NIMBLE_HIDH: notify handle 30 len 16[0m
frame 4971: 29068 us total, 12451 us display, type 3
[0;32mI (168459) NIMBLE_HIDH: notify handle 30 len 16[0m
frame 4972: 29047 us total, 12306 us display, type 3
[0;32mI (168489) NIMBLE_HIDH: notify handle 30 len 16[0m
frame 4973: 28172 us total, 12230 us display, type 3
axes L  -1783 -19453 R    181   -448 level 1
[0;32mI (168519) NIMBLE_HIDH: notify handle 30 len 16[0m
frame 4974: 28925 us total, 12522 us display, type 3
[0;32mI (168549) NIMBLE_HIDH: notify handle 30 len 16[0m
frame 4975: 27525 us total, 12184 us display, type 3
[0;32mI (168579) NIMBLE_HIDH: notify handle 30 len 16[0m
frame 4976: 29169 us total, 12380 us display, type 3
frame 4977: 27304 us total, 11693 us display, type 3
frame 4978: 28983 us total, 11697 us display, type 3
frame 4979: 29013 us total, 11692 us display, type 3
frame 4980: 27955 us total, 12057 us display, type 3
frame 4981: 28953 us total, 12021 us display, type 3
frame 4982: 28226 us total, 11695 us display, type 3
axes L  -1783 -19453 R    181   -448 level 1
frame 4983: 29826 us total, 11962 us display, type 3
frame 4984: 27321 us total, 11698 us display, type 3
frame 4985: 28437 us total, 11685 us display, type 3
frame 4986: 29057 us total, 11692 us display, type 3
frame 4987: 28041 us total, 11693 us display, type 3
frame 4988: 29032 us total, 11694 us display, type 3
frame 4989: 28053 us total, 11699 us display, type 3
frame 4990: 29000 us total, 11700 us display, type 3
frame 4991: 27601 us total, 11690 us display, type 3
axes L  -1783 -19453 R    181   -448 level 1
frame 4992: 29665 us total, 11692 us display, type 3
frame 4993: 29195 us total, 11685 us display, type 3
frame 4994: 27607 us total, 11778 us display, type 3
frame 4995: 29053 us total, 11745 us display, type 3
frame 4996: 28005 us total, 11692 us display, type 3
frame 4997: 29029 us total, 11699 us display, type 3
frame 4998: 28024 us total, 11692 us display, type 3
frame 4999: 29029 us total, 11692 us display, type 3
frame 5000: 29033 us total, 11692 us display, type 3
axes L  -1783 -19453 R    181   -448 level 1
frame 5001: 28239 us total, 11685 us display, type 3
frame 5002: 28646 us total, 11692 us display, type 3
frame 5003: 28910 us total, 11940 us display, type 3
frame 5004: 28564 us total, 11692 us display, type 3
frame 5005: 27526 us total, 11757 us display, type 3
frame 5006: 29050 us total, 11809 us display, type 3
frame 5007: 28904 us total, 11700 us display, type 3
frame 5008: 28006 us total, 11697 us display, type 3
frame 5009: 29028 us total, 11692 us display, type 3
axes L  -1783 -19453 R    181   -448 level 1
frame 5010: 28143 us total, 11692 us display, type 3
frame 5011: 28771 us total, 11692 us display, type 3
frame 5012: 27978 us total, 11879 us display, type 3
frame 5013: 29321 us total, 11692 us display, type 3
frame 5014: 28767 us total, 11879 us display, type 3
frame 5015: 27993 us total, 11824 us display, type 3
frame 5016: 28873 us total, 11692 us display, type 3
frame 5017: 28040 us total, 11699 us display, type 3
frame 5018: 29013 us total, 11692 us display, type 3
axes L  -1783 -19453 R    181   -448 level 1
frame 5019: 28218 us total, 11699 us display, type 3
frame 5020: 28781 us total, 11697 us display, type 3
frame 5021: 29004 us total, 11692 us display, type 3
[0;32mI (169884) NIMBLE_HIDH: notify handle 30 len 16[0m
frame 5022: 28991 us total, 12793 us display, type 3
[0;32mI (169914) NIMBLE_HIDH: notify handle 30 len 16[0m
frame 5023: 28890 us total, 12345 us display, type 3
[0;32mI (169944) NIMBLE_HIDH: notify handle 30 len 16[0m
frame 5024: 28188 us total, 12286 us display, type 3
[0;32mI (169974) NIMBLE_HIDH: notify handle 30 len 16[0m
frame 5025: 28461 us total, 12281 us display, type 3
[0;32mI (170004) NIMBLE_HIDH: notify handle 30 len 16[0m
frame 5026: 27982 us total, 12209 us display, type 3
[0;32mI (170034) NIMBLE_HIDH: notify handle 30 len 16[0m
frame 5027: 29059 us total, 12182 us display, type 3
axes L  -1783 -19521 R    181   -448 level 1
[0;32mI (170064) NIMBLE_HIDH: notify handle 30 len 16[0m
frame 5028: 29229 us total, 12175 us display, type 3
[0;32mI (170094) NIMBLE_HIDH: notify handle 30 len 16[0m
frame 5029: 28183 us total, 12526 us display, type 3
[0;32mI (170124) NIMBLE_HIDH: notify handle 30 len 16[0m
frame 5030: 28615 us total, 12115 us display, type 3
frame 5031: 27594 us total, 11692 us display, type 3
[0;32mI (170154) NIMBLE_HIDH: notify handle 30 len 16[0m
frame 5032: 29207 us total, 11685 us display, type 3
[0;32mI (170184) NIMBLE_HIDH: notify handle 30 len 16[0m
frame 5033: 29181 us total, 11692 us display, type 3
[0;32mI (170214) NIMBLE_HIDH: notify handle 30 len 16[0m
frame 5034: 28405 us total, 11734 us display, type 3
[0;32mI (170244) NIMBLE_HIDH: notify handle 30 len 16[0m
frame 5035: 29127 us total, 11692 us display, type 3
[0;32mI (170274) NIMBLE_HIDH: notify handle 30 len 16[0m
frame 5036: 27953 us total, 11763 us display, type 3
axes L  -1783 -19521 R    181   -448 level 1
[0;32mI (170304) NIMBLE_HIDH: notify handle 30 len 16[0m
frame 5037: 29161 us total, 11692 us display, type 3
[0;32mI (170334) NIMBLE_HIDH: notify handle 30 len 16[0m
frame 5038: 27701 us total, 11693 us display, type 3
[0;32mI (170364) NIMBLE_HIDH: notify handle 30 len 16[0m
frame 5039: 29069 us total, 11698 us display, type 3
[0;32mI (170394) NIMBLE_HIDH: notify handle 30 len 16[0m
frame 5040: 27954 us total, 11738 us display, type 3
[0;32mI (170424) NIMBLE_HIDH: notify handle 30 len 16[0m
frame 5041: 28937 us total, 11693 us display, type 3
[0;32mI (170454) NIMBLE_HIDH: notify handle 30 len 16[0m
frame 5042: 29230 us total, 11692 us display, type 3
[0;32mI (170484) NIMBLE_HIDH: notify handle 30 len 16[0m
frame 5043: 28249 us total, 12788 us display, type 3
[0;32mI (170514) NIMBLE_HIDH: notify handle 30 len 16[0m
frame 5044: 28516 us total, 12495 us display, type 3
[0;32mI (170544) NIMBLE_HIDH: notify handle 30 len 16[0m
frame 5045: 27576 us total, 12296 us display, type 3
axes L  -1783 -19521 R    181   -448 level 1
[0;32mI (170574) NIMBLE_HIDH: notify handle 30 len 16[0m
frame 5046: 29588 us total, 12574 us display, type 3
[0;32mI (170604) NIMBLE_HIDH: notify handle 30 len 16[0m
frame 5047: 27418 us total, 12209 us display, type 3
[0;32mI (170634) NIMBLE_HIDH: notify handle 30 len 16[0m
frame 5048: 28995 us total, 12185 us display, type 3
[0;32mI (170664) NIMBLE_HIDH: notify handle 30 len 16[0m
frame 5049: 29006 us total, 12182 us display, type 3
[0;32mI (170694) NIMBLE_HIDH: notify handle 30 len 16[0m
frame 5050: 28327 us total, 12544 us display, type 3
[0;32mI (170724) NIMBLE_HIDH: notify handle 30 len 16[0m
frame 5051: 28788 us total, 12364 us display, type 3
frame 5052: 27578 us total, 11692 us display, type 3
[0;32mI (170754) NIMBLE_HIDH: notify handle 30 len 16[0m
frame 5053: 29292 us total, 11685 us display, type 3
[0;32mI (170784) NIMBLE_HIDH: notify handle 30 len 16[0m
frame 5054: 27980 us total, 11692 us display, type 3
axes L  -1783 -19521 R    181   -448 level 1
[0;32mI (170814) NIMBLE_HIDH: notify handle 30 len 16[0m
[0;32mI (170829) NIMBLE_HIDH: notify handle 30 len 16[0m
frame 5055: 30455 us total, 12681 us display, type 3
[0;32mI (170859) NIMBLE_HIDH: notify handle 30 len 16[0m
frame 5056: 28124 us total, 12645 us display, type 3
[0;32mI (170889) NIMBLE_HIDH: notify handle 30 len 16[0m
frame 5057: 28117 us total, 12701 us display, type 3
[0;32mI (170919) NIMBLE_HIDH: notify handle 30 len 16[0m
frame 5058: 28459 us total, 12200 us display, type 3
[0;32mI (170949) NIMBLE_HIDH: notify handle 30 len 16[0m
frame 5059: 28067 us total, 12200 us display, type 3
[0;32mI (170979) NIMBLE_HIDH: notify handle 30 len 16[0m
frame 5060: 29189 us total, 12398 us display, type 3
[0;32mI (171009) NIMBLE_HIDH: notify handle 30 len 16[0m
frame 5061: 27724 us total, 12099 us display, type 3
frame 5062: 28821 us total, 11685 us display, type 3
[0;32mI (171039) NIMBLE_HIDH: notify handle 30 len 16[0m
frame 5063: 29348 us total, 11686 us display, type 3
[0;32mI (171069) NIMBLE_HIDH: notify handle 30 len 16[0m
axes L  -1783 -19552 R    181   -448 level 1
frame 5064: 27991 us total, 11692 us display, type 3
[0;32mI (171099) NIMBLE_HIDH: notify handle 30 len 16[0m
frame 5065: 29268 us total, 12068 us display, type 3
[0;32mI (171129) NIMBLE_HIDH: notify handle 30 len 16[0m
frame 5066: 28042 us total, 11699 us display, type 3
[0;32mI (171159) NIMBLE_HIDH: notify handle 30 len 16[0m
frame 5067: 29056 us total, 11693 us display, type 3
[0;32mI (171189) NIMBLE_HIDH: notify handle 30 len 16[0m
frame 5068: 28041 us total, 11790 us display, type 3
[0;32mI (171219) NIMBLE_HIDH: notify handle 30 len 16[0m
frame 5069: 29049 us total, 11835 us display, type 3
[0;32mI (171249) NIMBLE_HIDH: notify handle 30 len 16[0m
frame 5070: 28759 us total, 11693 us display, type 3
[0;32mI (171279) NIMBLE_HIDH: notify handle 30 len 16[0m
frame 5071: 27952 us total, 11692 us display, type 3
[0;32mI (171309) NIMBLE_HIDH: notify handle 30 len 16[0m
frame 5072: 29220 us total, 11726 us display, type 3
axes L  -1783 -19552 R    181   -448 level 1
[0;32mI (171339) NIMBLE_HIDH: notify handle 30 len 16[0m
frame 5073: 28545 us total, 11790 us display, type 3
[0;32mI (171369) NIMBLE_HIDH: notify handle 30 len 16[0m
frame 5074: 28079 us total, 11685 us display, type 3
frame 5075: 27207 us total, 11972 us display, type 3
[0;32mI (171414) NIMBLE_HIDH: notify handle 30 len 16[0m
[0;32mI (171429) NIMBLE_HIDH: notify handle 30 len 16[0m
frame 5076: 30421 us total, 12289 us display, type 3
[0;32mI (171459) NIMBLE_HIDH: notify handle 30 len 16[0m
frame 5077: 28646 us total, 12646 us display, type 3
[0;32mI (171489) NIMBLE_HIDH: notify handle 30 len 16[0m
frame 5078: 27517 us total, 12212 us display, type 3
[0;32mI (171519) NIMBLE_HIDH: notify handle 30 len 16[0m
frame 5079: 28984 us total, 12182 us display, type 3
[0;32mI (171549) NIMBLE_HIDH: notify handle 30 len 16[0m
frame 5080: 27972 us total, 12177 us display, type 3
[0;32mI (171579) NIMBLE_HIDH: notify handle 30 len 16[0m
frame 5081: 29191 us total, 12398 us display, type 3
axes L  -1783 -19552 R    181   -448 level 1
[0;32mI (171609) NIMBLE_HIDH: notify handle 30 len 16[0m
frame 5082: 28148 us total, 12134 us display, type 3
frame 5083: 28690 us total, 11685 us display, type 3
[0;32mI (171639) NIMBLE_HIDH: notify handle 30 len 16[0m
frame 5084: 28866 us total, 11691 us display, type 3
[0;32mI (171669) NIMBLE_HIDH: notify handle 30 len 16[0m
frame 5085: 26993 us total, 11692 us display, type 3
[0;32mI (171699) NIMBLE_HIDH: notify handle 30 len 16[0m
frame 5086: 29920 us total, 11697 us display, type 3
[0;32mI (171729) NIMBLE_HIDH: notify handle 30 len 16[0m
frame 5087: 28737 us total, 11935 us display, type 3
[0;32mI (171774) NIMBLE_HIDH: notify handle 30 len 16[0m
frame 5088: 28587 us total, 12288 us display, type 3
[0;32mI (171789) NIMBLE_HIDH: notify handle 30 len 16[0m
frame 5089: 28245 us total, 11692 us display, type 3
[0;32mI (171819) NIMBLE_HIDH: notify handle 30 len 16[0m
frame 5090: 28997 us total, 11692 us display, type 3
axes L  -1783 -19552 R    181   -448 level 1
[0;32mI (171849) NIMBLE_HIDH: notify handle 30 len 16[0m
frame 5091: 29415 us total, 11903 us display, type 3
[0;32mI (171879) NIMBLE_HIDH: notify handle 30 len 16[0m
frame 5092: 27812 us total, 11692 us display, type 3
[0;32mI (171909) NIMBLE_HIDH: notify handle 30 len 16[0m
frame 5093: 29401 us total, 11831 us display, type 3
[0;32mI (171939) NIMBLE_HIDH: notify handle 30 len 16[0m
frame 5094: 27380 us total, 11692 us display, type 3
frame 5095: 28282 us total, 11692 us display, type 3
[0;32mI (171984) NIMBLE_HIDH: notify handle 30 len 16[0m
[0;32mI (171999) NIMBLE_HIDH: notify handle 30 len 16[0m
frame 5096: 29178 us total, 12290 us display, type 3
[0;32mI (172029) NIMBLE_HIDH: notify handle 30 len 16[0m
frame 5097: 28640 us total, 12432 us display, type 3
[0;32mI (172059) NIMBLE_HIDH: notify handle 30 len 16[0m
frame 5098: 29048 us total, 12411 us display, type 3
[0;32mI (172089) NIMBLE_HIDH: notify handle 30 len 16[0m
frame 5099: 28030 us total, 12426 us display, type 3
axes L  -1783 -19552 R    181   -448 level 1
[0;32mI (172119) NIMBLE_HIDH: notify handle 30 len 16[0m
frame 5100: 29067 us total, 12325 us display, type 3
[0;32mI (172149) NIMBLE_HIDH: notify handle 30 len 16[0m
frame 5101: 27601 us total, 12183 us display, type 3
[0;32mI (172179) NIMBLE_HIDH: notify handle 30 len 16[0m
frame 5102: 29349 us total, 12361 us display, type 3
[0;32mI (172209) NIMBLE_HIDH: notify handle 30 len 16[0m
frame 5103: 28438 us total, 12512 us display, type 3
frame 5104: 28021 us total, 11685 us display, type 3
[0;32mI (172239) NIMBLE_HIDH: notify handle 30 len 16[0m
frame 5105: 28443 us total, 11692 us display, type 3
[0;32mI (172269) NIMBLE_HIDH: notify handle 30 len 16[0m
frame 5106: 27543 us total, 11692 us display, type 3
[0;32mI (172299) NIMBLE_HIDH: notify handle 30 len 16[0m
frame 5107: 29939 us total, 11685 us display, type 3
frame 5108: 27635 us total, 11782 us display, type 3
axes L  -1783 -19552 R    181   -448 level 1
frame 5109: 29156 us total, 11692 us display, type 3
frame 5110: 27706 us total, 11692 us display, type 3
frame 5111: 28976 us total, 11699 us display, type 3
frame 5112: 29325 us total, 11790 us display, type 3
frame 5113: 28159 us total, 11691 us display, type 3
frame 5114: 28495 us total, 11693 us display, type 3
frame 5115: 28027 us total, 11695 us display, type 3
frame 5116: 29036 us total, 11692 us display, type 3
frame 5117: 28031 us total, 12024 us display, type 3
axes L  -1783 -19552 R    181   -448 level 1
frame 5118: 29055 us total, 11714 us display, type 3
frame 5119: 29028 us total, 11731 us display, type 3
frame 5120: 28000 us total, 11702 us display, type 3
mem @frame 5120: heap free 66484, largest 40960, min ever 65664, zone free 55016, stack free 14540, uptime 172 s, gamestate 0, demo 0, usergame 1, tic 5941
frame 5121: 29042 us total, 11733 us display, type 3
frame 5122: 28202 us total, 11692 us display, type 3
frame 5123: 29310 us total, 11685 us display, type 3
frame 5124: 27870 us total, 11725 us display, type 3
frame 5125: 28494 us total, 11699 us display, type 3
frame 5126: 29056 us total, 11692 us display, type 3
[0;32mI (172869) NIMBLE_HIDH: notify handle 30 len 16[0m
axes L  -1783 -19552 R    181   -448 level 1
frame 5127: 28256 us total, 12057 us display, type 3
[0;32mI (172899) NIMBLE_HIDH: notify handle 30 len 16[0m
frame 5128: 29727 us total, 12057 us display, type 3
[0;32mI (172929) NIMBLE_HIDH: notify handle 30 len 16[0m
frame 5129: 28111 us total, 11699 us display, type 3
[0;32mI (172959) NIMBLE_HIDH: notify handle 30 len 16[0m
frame 5130: 29006 us total, 11692 us display, type 3
[0;32mI (172989) NIMBLE_HIDH: notify handle 30 len 16[0m
frame 5131: 27988 us total, 11770 us display, type 3
[0;32mI (173019) NIMBLE_HIDH: notify handle 30 len 16[0m
frame 5132: 29074 us total, 11699 us display, type 3
[0;32mI (173049) NIMBLE_HIDH: notify handle 30 len 16[0m
frame 5133: 29229 us total, 11687 us display, type 3
[0;32mI (173079) NIMBLE_HIDH: notify handle 30 len 16[0m
frame 5134: 27436 us total, 11692 us display, type 3
[0;32mI (173109) NIMBLE_HIDH: notify handle 30 len 16[0m
frame 5135: 29115 us total, 11726 us display, type 3
axes L  -1783 -19617 R    181   -448 level 1
frame 5136: 27305 us total, 11692 us display, type 3
[0;32mI (173154) NIMBLE_HIDH: notify handle 30 len 16[0m
[0;32mI (173169) NIMBLE_HIDH: notify handle 30 len 16[0m
frame 5137: 29622 us total, 11761 us display, type 3
[0;32mI (173199) NIMBLE_HIDH: notify handle 30 len 16[0m
frame 5138: 27395 us total, 12289 us display, type 3
[0;32mI (173229) NIMBLE_HIDH: notify handle 30 len 16[0m
frame 5139: 29664 us total, 12612 us display, type 3
[0;32mI (173259) NIMBLE_HIDH: notify handle 30 len 16[0m
frame 5140: 29044 us total, 12638 us display, type 3
[0;32mI (173289) NIMBLE_HIDH: notify handle 30 len 16[0m
frame 5141: 27543 us total, 12212 us display, type 3
[0;32mI (173319) NIMBLE_HIDH: notify handle 30 len 16[0m
frame 5142: 29529 us total, 12573 us display, type 3
[0;32mI (173349) NIMBLE_HIDH: notify handle 30 len 16[0m
frame 5143: 28139 us total, 12363 us display, type 3
[0;32mI (173379) NIMBLE_HIDH: notify handle 30 len 16[0m
frame 5144: 28814 us total, 12376 us display, type 3
axes L  -1783 -19617 R    181   -448 level 1
[0;32mI (173409) NIMBLE_HIDH: notify handle 30 len 16[0m
frame 5145: 27537 us total, 12244 us display, type 3
frame 5146: 28281 us total, 11692 us display, type 3
[0;32mI (173439) NIMBLE_HIDH: notify handle 30 len 16[0m
frame 5147: 29060 us total, 11698 us display, type 3
[0;32mI (173469) NIMBLE_HIDH: notify handle 30 len 16[0m
frame 5148: 27567 us total, 11685 us display, type 3
[0;32mI (173499) NIMBLE_HIDH: notify handle 30 len 16[0m
frame 5149: 29891 us total, 11692 us display, type 3
[0;32mI (173529) NIMBLE_HIDH: notify handle 30 len 16[0m
frame 5150: 28650 us total, 11937 us display, type 3
[0;32mI (173559) NIMBLE_HIDH: notify handle 30 len 16[0m
frame 5151: 29034 us total, 11928 us display, type 3
[0;32mI (173589) NIMBLE_HIDH: notify handle 30 len 16[0m
frame 5152: 28067 us total, 11794 us display, type 3
[0;32mI (173619) NIMBLE_HIDH: notify handle 30 len 16[0m
frame 5153: 29185 us total, 11692 us display, type 3
axes L  -1783 -19617 R    181   -448 level 1
[0;32mI (173649) NIMBLE_HIDH: notify handle 30 len 16[0m
frame 5154: 28709 us total, 11692 us display, type 3
[0;32mI (173679) NIMBLE_HIDH: notify handle 30 len 16[0m
frame 5155: 27897 us total, 11699 us display, type 3
[0;32mI (173709) NIMBLE_HIDH: notify handle 30 len 16[0m
frame 5156: 29012 us total, 11736 us display, type 3
[0;32mI (173739) NIMBLE_HIDH: notify handle 30 len 16[0m
frame 5157: 28006 us total, 11692 us display, type 3
[0;32mI (173754) NIMBLE_HIDH: notify handle 30 len 16[0m
frame 5158: 28212 us total, 11692 us display, type 3
[0;32mI (173784) NIMBLE_HIDH: notify handle 30 len 16[0m
frame 5159: 28943 us total, 12057 us display, type 3
[0;32mI (173814) NIMBLE_HIDH: notify handle 30 len 16[0m
frame 5160: 28893 us total, 11699 us display, type 3
[0;32mI (173844) NIMBLE_HIDH: notify handle 30 len 16[0m
frame 5161: 29183 us total, 11692 us display, type 3
[0;32mI (173874) NIMBLE_HIDH: notify handle 30 len 16[0m
frame 5162: 28144 us total, 11693 us display, type 3
axes L  -1783 -19649 R    181   -448 level 1
[0;32mI (173904) NIMBLE_HIDH: notify handle 30 len 16[0m
frame 5163: 29736 us total, 11911 us display, type 3
[0;32mI (173934) NIMBLE_HIDH: notify handle 30 len 16[0m
frame 5164: 27195 us total, 11890 us display, type 3
[0;32mI (173964) NIMBLE_HIDH: notify handle 30 len 16[0m
frame 5165: 28626 us total, 11692 us display, type 3
[0;32mI (173994) NIMBLE_HIDH: notify handle 30 len 16[0m
frame 5166: 28019 us total, 11724 us display, type 3
[0;32mI (174024) NIMBLE_HIDH: notify handle 30 len 16[0m
frame 5167: 29027 us total, 11700 us display, type 3
[0;32mI (174054) NIMBLE_HIDH: notify handle 30 len 16[0m
frame 5168: 29005 us total, 11693 us display, type 3
[0;32mI (174084) NIMBLE_HIDH: notify handle 30 len 16[0m
frame 5169: 27925 us total, 12785 us display, type 3
[0;32mI (174114) NIMBLE_HIDH: notify handle 30 len 16[0m
frame 5170: 28461 us total, 12291 us display, type 3
[0;32mI (174144) NIMBLE_HIDH: notify handle 30 len 16[0m
frame 5171: 28715 us total, 12667 us display, type 3
axes L  -1783 -19649 R    181   -448 level 1
[0;32mI (174174) NIMBLE_HIDH: notify handle 30 len 16[0m
frame 5172: 29039 us total, 12290 us display, type 3
[0;32mI (174204) NIMBLE_HIDH: notify handle 30 len 16[0m
frame 5173: 28027 us total, 12318 us display, type 3
[0;32mI (174234) NIMBLE_HIDH: notify handle 30 len 16[0m
frame 5174: 28335 us total, 12188 us display, type 3
[0;32mI (174264) NIMBLE_HIDH: notify handle 30 len 16[0m
frame 5175: 29039 us total, 12175 us display, type 3
[0;32mI (174294) NIMBLE_HIDH: notify handle 30 len 16[0m
frame 5176: 28387 us total, 12544 us display, type 3
[0;32mI (174324) NIMBLE_HIDH: notify handle 30 len 16[0m
frame 5177: 28725 us total, 12293 us display, type 3
frame 5178: 27394 us total, 11692 us display, type 3
[0;32mI (174354) NIMBLE_HIDH: notify handle 30 len 16[0m
frame 5179: 29041 us total, 11692 us display, type 3
[0;32mI (174384) NIMBLE_HIDH: notify handle 30 len 16[0m
frame 5180: 28489 us total, 11692 us display, type 3
axes L  -1783 -19649 R    181   -448 level 1
[0;32mI (174414) NIMBLE_HIDH: notify handle 30 len 16[0m
frame 5181: 29489 us total, 11750 us display, type 3
[0;32mI (174444) NIMBLE_HIDH: notify handle 30 len 16[0m
frame 5182: 29081 us total, 11698 us display, type 3
[0;32mI (174474) NIMBLE_HIDH: notify handle 30 len 16[0m
frame 5183: 28384 us total, 11685 us display, type 3
[0;32mI (174504) NIMBLE_HIDH: notify handle 30 len 16[0m
frame 5184: 28785 us total, 11692 us display, type 3
[0;32mI (174534) NIMBLE_HIDH: notify handle 30 len 16[0m
frame 5185: 27491 us total, 11692 us display, type 3
[0;32mI (174564) NIMBLE_HIDH: notify handle 30 len 16[0m
frame 5186: 29060 us total, 11685 us display, type 3
[0;32mI (174594) NIMBLE_HIDH: notify handle 30 len 16[0m
frame 5187: 28131 us total, 11726 us display, type 3
[0;32mI (174624) NIMBLE_HIDH: notify handle 30 len 16[0m
frame 5188: 29008 us total, 11693 us display, type 3
[0;32mI (174654) NIMBLE_HIDH: notify handle 30 len 16[0m
frame 5189: 29037 us total, 11692 us display, type 3
axes L  -1783 -19649 R    181   -448 level 1
[0;32mI (174684) NIMBLE_HIDH: notify handle 30 len 16[0m
frame 5190: 28138 us total, 12784 us display, type 3
[0;32mI (174714) NIMBLE_HIDH: notify handle 30 len 16[0m
frame 5191: 28816 us total, 12769 us display, type 3
[0;32mI (174744) NIMBLE_HIDH: notify handle 30 len 16[0m
frame 5192: 28110 us total, 12278 us display, type 3
[0;32mI (174774) NIMBLE_HIDH: notify handle 30 len 16[0m
frame 5193: 29306 us total, 12291 us display, type 3
[0;32mI (174804) NIMBLE_HIDH: notify handle 30 len 16[0m
frame 5194: 27748 us total, 12569 us display, type 3
[0;32mI (174834) NIMBLE_HIDH: notify handle 30 len 16[0m
frame 5195: 28649 us total, 12180 us display, type 3
[0;32mI (174864) NIMBLE_HIDH: notify handle 30 len 16[0m
frame 5196: 29009 us total, 12196 us display, type 3
[0;32mI (174894) NIMBLE_HIDH: notify handle 30 len 16[0m
frame 5197: 28296 us total, 12520 us display, type 3
[0;32mI (174924) NIMBLE_HIDH: notify handle 30 len 16[0m
frame 5198: 28534 us total, 12111 us display, type 3
axes L  -1783 -19649 R    181   -448 level 1
frame 5199: 27812 us total, 11685 us display, type 3
[0;32mI (174954) NIMBLE_HIDH: notify handle 30 len 16[0m
frame 5200: 28767 us total, 11691 us display, type 3
[0;32mI (174984) NIMBLE_HIDH: notify handle 30 len 16[0m
frame 5201: 28836 us total, 12066 us display, type 3
[0;32mI (175014) NIMBLE_HIDH: notify handle 30 len 16[0m
frame 5202: 29050 us total, 11691 us display, type 3
[0;32mI (175044) NIMBLE_HIDH: notify handle 30 len 16[0m
frame 5203: 29398 us total, 11692 us display, type 3
[0;32mI (175074) NIMBLE_HIDH: notify handle 30 len 16[0m
frame 5204: 27812 us total, 11693 us display, type 3
[0;32mI (175104) NIMBLE_HIDH: notify handle 30 len 16[0m
frame 5205: 28375 us total, 11686 us display, type 3
[0;32mI (175134) NIMBLE_HIDH: notify handle 30 len 16[0m
frame 5206: 28058 us total, 11685 us display, type 3
[0;32mI (175164) NIMBLE_HIDH: notify handle 30 len 16[0m
frame 5207: 29035 us total, 11692 us display, type 3
axes L  -1783 -19649 R    181   -448 level 1
[0;32mI (175194) NIMBLE_HIDH: notify handle 30 len 16[0m
frame 5208: 28299 us total, 11728 us display, type 3
[0;32mI (175224) NIMBLE_HIDH: notify handle 30 len 16[0m
frame 5209: 28761 us total, 11686 us display, type 3
frame 5210: 28154 us total, 11693 us display, type 3
frame 5211: 28001 us total, 12057 us display, type 3
frame 5212: 29060 us total, 11891 us display, type 3
frame 5213: 28435 us total, 11692 us display, type 3
frame 5214: 28653 us total, 11837 us display, type 3
frame 5215: 28026 us total, 11809 us display, type 3
frame 5216: 28936 us total, 11692 us display, type 3
axes L  -1783 -19649 R    181   -448 level 1
frame 5217: 29252 us total, 11692 us display, type 3
[0;32mI (175479) NIMBLE_HIDH: notify handle 30 len 16[0m
frame 5218: 28641 us total, 11692 us display, type 3
[0;32mI (175509) NIMBLE_HIDH: notify handle 30 len 16[0m
frame 5219: 29050 us total, 11729 us display, type 3
[0;32mI (175539) NIMBLE_HIDH: notify handle 30 len 16[0m
frame 5220: 27951 us total, 11692 us display, type 3
[0;32mI (175569) NIMBLE_HIDH: notify handle 30 len 16[0m
frame 5221: 29054 us total, 11774 us display, type 3
[0;32mI (175599) NIMBLE_HIDH: notify handle 30 len 16[0m
frame 5222: 27942 us total, 12604 us display, type 3
[0;32mI (175629) NIMBLE_HIDH: notify handle 30 len 16[0m
frame 5223: 29367 us total, 12289 us display, type 3
[0;32mI (175659) NIMBLE_HIDH: notify handle 30 len 16[0m
frame 5224: 28913 us total, 12298 us display, type 3
[0;32mI (175689) NIMBLE_HIDH: notify handle 30 len 16[0m
frame 5225: 27404 us total, 12209 us display, type 3
axes L  -1783 -19713 R    181   -448 level 1
[0;32mI (175719) NIMBLE_HIDH: notify handle 30 len 16[0m
frame 5226: 29476 us total, 12338 us display, type 3
[0;32mI (175749) NIMBLE_HIDH: notify handle 30 len 16[0m
frame 5227: 27610 us total, 12190 us display, type 3
[0;32mI (175779) NIMBLE_HIDH: notify handle 30 len 16[0m
frame 5228: 29212 us total, 12367 us display, type 3
[0;32mI (175809) NIMBLE_HIDH: notify handle 30 len 16[0m
frame 5229: 27678 us total, 12051 us display, type 3
frame 5230: 28553 us total, 11693 us display, type 3
[0;32mI (175839) NIMBLE_HIDH: notify handle 30 len 16[0m
frame 5231: 29004 us total, 11692 us display, type 3
[0;32mI (175869) NIMBLE_HIDH: notify handle 30 len 16[0m
frame 5232: 28071 us total, 12058 us display, type 3
[0;32mI (175899) NIMBLE_HIDH: notify handle 30 len 16[0m
frame 5233: 30140 us total, 12064 us display, type 3
[0;32mI (175929) NIMBLE_HIDH: notify handle 30 len 16[0m
frame 5234: 27680 us total, 11871 us display, type 3
axes L  -1783 -19713 R    181   -448 level 1
[0;32mI (175959) NIMBLE_HIDH: notify handle 30 len 16[0m
frame 5235: 29134 us total, 11692 us display, type 3
[0;32mI (175989) NIMBLE_HIDH: notify handle 30 len 16[0m
frame 5236: 27699 us total, 11692 us display, type 3
[0;32mI (176019) NIMBLE_HIDH: notify handle 30 len 16[0m
frame 5237: 28945 us total, 11685 us display, type 3
[0;32mI (176049) NIMBLE_HIDH: notify handle 30 len 16[0m
frame 5238: 28993 us total, 11685 us display, type 3
[0;32mI (176079) NIMBLE_HIDH: notify handle 30 len 16[0m
frame 5239: 28034 us total, 11692 us display, type 3
[0;32mI (176109) NIMBLE_HIDH: notify handle 30 len 16[0m
frame 5240: 29001 us total, 11733 us display, type 3
[0;32mI (176139) NIMBLE_HIDH: notify handle 30 len 16[0m
frame 5241: 27934 us total, 11685 us display, type 3
[0;32mI (176169) NIMBLE_HIDH: notify handle 30 len 16[0m
frame 5242: 29239 us total, 11772 us display, type 3
[0;32mI (176199) NIMBLE_HIDH: notify handle 30 len 16[0m
frame 5243: 27909 us total, 12451 us display, type 3
axes L  -1783 -19745 R    181   -448 level 1
[0;32mI (176229) NIMBLE_HIDH: notify handle 30 len 16[0m
frame 5244: 29183 us total, 12291 us display, type 3
[0;32mI (176259) NIMBLE_HIDH: notify handle 30 len 16[0m
frame 5245: 28292 us total, 12289 us display, type 3
[0;32mI (176289) NIMBLE_HIDH: notify handle 30 len 16[0m
frame 5246: 28035 us total, 12219 us display, type 3
[0;32mI (176319) NIMBLE_HIDH: notify handle 30 len 16[0m
frame 5247: 29012 us total, 12199 us display, type 3
[0;32mI (176349) NIMBLE_HIDH: notify handle 30 len 16[0m
frame 5248: 28087 us total, 12187 us display, type 3
[0;32mI (176379) NIMBLE_HIDH: notify handle 30 len 16[0m
frame 5249: 29231 us total, 12385 us display, type 3
[0;32mI (176409) NIMBLE_HIDH: notify handle 30 len 16[0m
frame 5250: 27806 us total, 12201 us display, type 3
frame 5251: 28525 us total, 11693 us display, type 3
[0;32mI (176439) NIMBLE_HIDH: notify handle 30 len 16[0m
frame 5252: 29238 us total, 11693 us display, type 3
axes L  -1783 -19745 R    181   -448 level 1
[0;32mI (176484) NIMBLE_HIDH: notify handle 30 len 16[0m
frame 5253: 29214 us total, 11685 us display, type 3
[0;32mI (176499) NIMBLE_HIDH: notify handle 30 len 16[0m
frame 5254: 28351 us total, 12056 us display, type 3
[0;32mI (176529) NIMBLE_HIDH: notify handle 30 len 16[0m
frame 5255: 28171 us total, 11692 us display, type 3
[0;32mI (176559) NIMBLE_HIDH: notify handle 30 len 16[0m
frame 5256: 29075 us total, 11693 us display, type 3
[0;32mI (176589) NIMBLE_HIDH: notify handle 30 len 16[0m
frame 5257: 27973 us total, 11717 us display, type 3
[0;32mI (176619) NIMBLE_HIDH: notify handle 30 len 16[0m
frame 5258: 29061 us total, 11758 us display, type 3
[0;32mI (176649) NIMBLE_HIDH: notify handle 30 len 16[0m
frame 5259: 29074 us total, 11827 us display, type 3
[0;32mI (176679) NIMBLE_HIDH: notify handle 30 len 16[0m
frame 5260: 27814 us total, 11699 us display, type 3
[0;32mI (176709) NIMBLE_HIDH: notify handle 30 len 16[0m
frame 5261: 29011 us total, 11727 us display, type 3
axes L  -1783 -19745 R    181   -448 level 1
[0;32mI (176739) NIMBLE_HIDH: notify handle 30 len 16[0m
frame 5262: 28568 us total, 11913 us display, type 3
[0;32mI (176769) NIMBLE_HIDH: notify handle 30 len 16[0m
frame 5263: 28869 us total, 11685 us display, type 3
[0;32mI (176799) NIMBLE_HIDH: notify handle 30 len 16[0m
frame 5264: 27414 us total, 12762 us display, type 3
[0;32mI (176829) NIMBLE_HIDH: notify handle 30 len 16[0m
frame 5265: 28644 us total, 12388 us display, type 3
[0;32mI (176859) NIMBLE_HIDH: notify handle 30 len 16[0m
frame 5266: 29467 us total, 12730 us display, type 3
[0;32mI (176889) NIMBLE_HIDH: notify handle 30 len 16[0m
frame 5267: 27489 us total, 12203 us display, type 3
[0;32mI (176919) NIMBLE_HIDH: notify handle 30 len 16[0m
frame 5268: 29004 us total, 12204 us display, type 3
[0;32mI (176949) NIMBLE_HIDH: notify handle 30 len 16[0m
frame 5269: 27951 us total, 12170 us display, type 3
[0;32mI (176979) NIMBLE_HIDH: notify handle 30 len 16[0m
frame 5270: 29197 us total, 12407 us display, type 3
axes L  -1783 -19745 R    181   -448 level 1
[0;32mI (177009) NIMBLE_HIDH: notify handle 30 len 16[0m
frame 5271: 27895 us total, 12098 us display, type 3
frame 5272: 28586 us total, 11692 us display, type 3
[0;32mI (177039) NIMBLE_HIDH: notify handle 30 len 16[0m
frame 5273: 29278 us total, 11685 us display, type 3
[0;32mI (177069) NIMBLE_HIDH: notify handle 30 len 16[0m
frame 5274: 26994 us total, 11692 us display, type 3
[0;32mI (177099) NIMBLE_HIDH: notify handle 30 len 16[0m
frame 5275: 29936 us total, 11692 us display, type 3
[0;32mI (177129) NIMBLE_HIDH: notify handle 30 len 16[0m
frame 5276: 28653 us total, 11831 us display, type 3
[0;32mI (177159) NIMBLE_HIDH: notify handle 30 len 16[0m
frame 5277: 29055 us total, 11877 us display, type 3
[0;32mI (177189) NIMBLE_HIDH: notify handle 30 len 16[0m
frame 5278: 27765 us total, 11692 us display, type 3
[0;32mI (177219) NIMBLE_HIDH: notify handle 30 len 16[0m
frame 5279: 29011 us total, 11692 us display, type 3
axes L  -1783 -19745 R    181   -448 level 1
[0;32mI (177249) NIMBLE_HIDH: notify handle 30 len 16[0m
frame 5280: 29394 us total, 11878 us display, type 3
[0;32mI (177279) NIMBLE_HIDH: notify handle 30 len 16[0m
frame 5281: 27643 us total, 11692 us display, type 3
[0;32mI (177309) NIMBLE_HIDH: notify handle 30 len 16[0m
frame 5282: 29287 us total, 11723 us display, type 3
[0;32mI (177339) NIMBLE_HIDH: notify handle 30 len 16[0m
frame 5283: 28469 us total, 11849 us display, type 3
[0;32mI (177369) NIMBLE_HIDH: notify handle 30 len 16[0m
frame 5284: 28400 us total, 11692 us display, type 3
[0;32mI (177399) NIMBLE_HIDH: notify handle 30 len 16[0m
frame 5285: 27244 us total, 12378 us display, type 3
[0;32mI (177429) NIMBLE_HIDH: notify handle 30 len 16[0m
frame 5286: 29708 us total, 12717 us display, type 3
[0;32mI (177459) NIMBLE_HIDH: notify handle 30 len 16[0m
frame 5287: 29024 us total, 12553 us display, type 3
[0;32mI (177489) NIMBLE_HIDH: notify handle 30 len 16[0m
frame 5288: 28000 us total, 12477 us display, type 3
axes L  -1783 -19745 R    181   -448 level 1
[0;32mI (177519) NIMBLE_HIDH: notify handle 30 len 16[0m
frame 5289: 29075 us total, 12274 us display, type 3
[0;32mI (177549) NIMBLE_HIDH: notify handle 30 len 16[0m
frame 5290: 27671 us total, 12186 us display, type 3
[0;32mI (177579) NIMBLE_HIDH: notify handle 30 len 16[0m
frame 5291: 29186 us total, 12370 us display, type 3
[0;32mI (177609) NIMBLE_HIDH: notify handle 30 len 16[0m
frame 5292: 27858 us total, 12105 us display, type 3
[0;32mI (177624) NIMBLE_HIDH: notify handle 30 len 16[0m
frame 5293: 29758 us total, 11759 us display, type 3
[0;32mI (177654) NIMBLE_HIDH: notify handle 30 len 16[0m
frame 5294: 28344 us total, 11699 us display, type 3
[0;32mI (177684) NIMBLE_HIDH: notify handle 30 len 16[0m
frame 5295: 28305 us total, 12871 us display, type 3
[0;32mI (177714) NIMBLE_HIDH: notify handle 30 len 16[0m
frame 5296: 28223 us total, 12385 us display, type 3
[0;32mI (177744) NIMBLE_HIDH: notify handle 30 len 16[0m
frame 5297: 28585 us total, 12607 us display, type 3
axes L  -1783 -19809 R    181   -448 level 1
[0;32mI (177774) NIMBLE_HIDH: notify handle 30 len 16[0m
frame 5298: 29041 us total, 12424 us display, type 3
[0;32mI (177804) NIMBLE_HIDH: notify handle 30 len 16[0m
frame 5299: 27523 us total, 12185 us display, type 3
[0;32mI (177834) NIMBLE_HIDH: notify handle 30 len 16[0m
frame 5300: 28980 us total, 12206 us display, type 3
[0;32mI (177864) NIMBLE_HIDH: notify handle 30 len 16[0m
frame 5301: 28951 us total, 12194 us display, type 3
[0;32mI (177894) NIMBLE_HIDH: notify handle 30 len 16[0m
frame 5302: 28515 us total, 12508 us display, type 3
[0;32mI (177924) NIMBLE_HIDH: notify handle 30 len 16[0m
frame 5303: 28931 us total, 12112 us display, type 3
frame 5304: 27131 us total, 11693 us display, type 3
[0;32mI (177954) NIMBLE_HIDH: notify handle 30 len 16[0m
frame 5305: 28676 us total, 11685 us display, type 3
[0;32mI (177984) NIMBLE_HIDH: notify handle 30 len 16[0m
frame 5306: 28564 us total, 11692 us display, type 3
axes L  -1783 -19809 R    181   -448 level 1
[0;32mI (178014) NIMBLE_HIDH: notify handle 30 len 16[0m
frame 5307: 29647 us total, 11870 us display, type 3
[0;32mI (178044) NIMBLE_HIDH: notify handle 30 len 16[0m
frame 5308: 29050 us total, 11917 us display, type 3
[0;32mI (178074) NIMBLE_HIDH: notify handle 30 len 16[0m
frame 5309: 27754 us total, 11685 us display, type 3
[0;32mI (178104) NIMBLE_HIDH: notify handle 30 len 16[0m
frame 5310: 28967 us total, 11685 us display, type 3
[0;32mI (178149) NIMBLE_HIDH: notify handle 30 len 16[0m
frame 5311: 27670 us total, 12180 us display, type 3
[0;32mI (178164) NIMBLE_HIDH: notify handle 30 len 16[0m
frame 5312: 29576 us total, 11692 us display, type 3
[0;32mI (178194) NIMBLE_HIDH: notify handle 30 len 16[0m
frame 5313: 28479 us total, 11852 us display, type 3
[0;32mI (178224) NIMBLE_HIDH: notify handle 30 len 16[0m
frame 5314: 28297 us total, 11686 us display, type 3
[0;32mI (178254) NIMBLE_HIDH: notify handle 30 len 16[0m
frame 5315: 29360 us total, 11699 us display, type 3
axes L  -1783 -19841 R    181   -448 level 1
[0;32mI (178284) NIMBLE_HIDH: notify handle 30 len 16[0m
frame 5316: 27962 us total, 12872 us display, type 3
[0;32mI (178314) NIMBLE_HIDH: notify handle 30 len 16[0m
frame 5317: 28331 us total, 12384 us display, type 3
[0;32mI (178344) NIMBLE_HIDH: notify handle 30 len 16[0m
frame 5318: 28590 us total, 12546 us display, type 3
[0;32mI (178374) NIMBLE_HIDH: notify handle 30 len 16[0m
frame 5319: 29024 us total, 12494 us display, type 3
[0;32mI (178404) NIMBLE_HIDH: notify handle 30 len 16[0m
frame 5320: 28043 us total, 12575 us display, type 3
[0;32mI (178434) NIMBLE_HIDH: notify handle 30 len 16[0m
frame 5321: 29159 us total, 12676 us display, type 3
[0;32mI (178464) NIMBLE_HIDH: notify handle 30 len 16[0m
frame 5322: 28976 us total, 12419 us display, type 3
[0;32mI (178494) NIMBLE_HIDH: notify handle 30 len 16[0m
frame 5323: 28181 us total, 12296 us display, type 3
[0;32mI (178524) NIMBLE_HIDH: notify handle 30 len 16[0m
frame 5324: 28307 us total, 12109 us display, type 3
axes L  -1783 -19841 R    181   -448 level 1
frame 5325: 27490 us total, 11699 us display, type 3
[0;32mI (178569) NIMBLE_HIDH: notify handle 30 len 16[0m
frame 5326: 29528 us total, 11691 us display, type 3
[0;32mI (178584) NIMBLE_HIDH: notify handle 30 len 16[0m
frame 5327: 27776 us total, 11693 us display, type 3
[0;32mI (178614) NIMBLE_HIDH: notify handle 30 len 16[0m
frame 5328: 29476 us total, 11855 us display, type 3
[0;32mI (178644) NIMBLE_HIDH: notify handle 30 len 16[0m
frame 5329: 29053 us total, 11798 us display, type 3
[0;32mI (178674) NIMBLE_HIDH: notify handle 30 len 16[0m
frame 5330: 28011 us total, 11901 us display, type 3
[0;32mI (178704) NIMBLE_HIDH: notify handle 30 len 16[0m
frame 5331: 28798 us total, 11692 us display, type 3
[0;32mI (178734) NIMBLE_HIDH: notify handle 30 len 16[0m
frame 5332: 28150 us total, 11699 us display, type 3
[0;32mI (178764) NIMBLE_HIDH: notify handle 30 len 16[0m
frame 5333: 29328 us total, 11765 us display, type 3
axes L  -1783 -19841 R    181   -448 level 1
[0;32mI (178794) NIMBLE_HIDH: notify handle 30 len 16[0m
frame 5334: 27612 us total, 11736 us display, type 3
[0;32mI (178824) NIMBLE_HIDH: notify handle 30 len 16[0m
frame 5335: 29110 us total, 11693 us display, type 3
[0;32mI (178854) NIMBLE_HIDH: notify handle 30 len 16[0m
frame 5336: 28700 us total, 11685 us display, type 3
[0;32mI (178884) NIMBLE_HIDH: notify handle 30 len 16[0m
frame 5337: 27505 us total, 12377 us display, type 3
[0;32mI (178914) NIMBLE_HIDH: notify handle 30 len 16[0m
frame 5338: 29014 us total, 12377 us display, type 3
[0;32mI (178944) NIMBLE_HIDH: notify handle 30 len 16[0m
frame 5339: 28764 us total, 12719 us display, type 3
[0;32mI (178974) NIMBLE_HIDH: notify handle 30 len 16[0m
frame 5340: 28573 us total, 12303 us display, type 3
[0;32mI (179004) NIMBLE_HIDH: notify handle 30 len 16[0m
frame 5341: 27844 us total, 12190 us display, type 3
[0;32mI (179034) NIMBLE_HIDH: notify handle 30 len 16[0m
frame 5342: 29253 us total, 12189 us display, type 3
axes L  -1783 -19841 R    181   -448 level 1
[0;32mI (179064) NIMBLE_HIDH: notify handle 30 len 16[0m
frame 5343: 29527 us total, 12142 us display, type 3
[0;32mI (179094) NIMBLE_HIDH: notify handle 30 len 16[0m
frame 5344: 27727 us total, 12532 us display, type 3
[0;32mI (179124) NIMBLE_HIDH: notify handle 30 len 16[0m
frame 5345: 28633 us total, 12410 us display, type 3
frame 5346: 27347 us total, 11692 us display, type 3
[0;32mI (179154) NIMBLE_HIDH: notify handle 30 len 16[0m
frame 5347: 29095 us total, 11692 us display, type 3
[0;32mI (179184) NIMBLE_HIDH: notify handle 30 len 16[0m
frame 5348: 28940 us total, 12057 us display, type 3
[0;32mI (179214) NIMBLE_HIDH: notify handle 30 len 16[0m
frame 5349: 29016 us total, 11811 us display, type 3
[0;32mI (179259) NIMBLE_HIDH: notify handle 30 len 16[0m
frame 5350: 29001 us total, 12569 us display, type 3
[0;32mI (179274) NIMBLE_HIDH: notify handle 30 len 16[0m
frame 5351: 28064 us total, 11757 us display, type 3
axes L  -1783 -19841 R    181   -448 level 1
[0;32mI (179304) NIMBLE_HIDH: notify handle 30 len 16[0m
frame 5352: 29391 us total, 11685 us display, type 3
[0;32mI (179334) NIMBLE_HIDH: notify handle 30 len 16[0m
frame 5353: 28068 us total, 11692 us display, type 3
[0;32mI (179364) NIMBLE_HIDH: notify handle 30 len 16[0m
frame 5354: 28516 us total, 11692 us display, type 3
[0;32mI (179394) NIMBLE_HIDH: notify handle 30 len 16[0m
frame 5355: 28462 us total, 11887 us display, type 3
[0;32mI (179424) NIMBLE_HIDH: notify handle 30 len 16[0m
frame 5356: 28527 us total, 11694 us display, type 3
[0;32mI (179454) NIMBLE_HIDH: notify handle 30 len 16[0m
frame 5357: 28974 us total, 11699 us display, type 3
[0;32mI (179484) NIMBLE_HIDH: notify handle 30 len 16[0m
frame 5358: 27968 us total, 12870 us display, type 3
[0;32mI (179514) NIMBLE_HIDH: notify handle 30 len 16[0m
frame 5359: 28525 us total, 12391 us display, type 3
[0;32mI (179529) NIMBLE_HIDH: notify handle 30 len 16[0m
frame 5360: 28548 us total, 11692 us display, type 3
axes L  -1783 -19908 R    181   -448 level 1
[0;32mI (179559) NIMBLE_HIDH: notify handle 30 len 16[0m
frame 5361: 29157 us total, 11692 us display, type 3
[0;32mI (179589) NIMBLE_HIDH: notify handle 30 len 16[0m
frame 5362: 27936 us total, 11703 us display, type 3
[0;32mI (179619) NIMBLE_HIDH: notify handle 30 len 16[0m
frame 5363: 29293 us total, 11685 us display, type 3
[0;32mI (179664) NIMBLE_HIDH: notify handle 30 len 16[0m
frame 5364: 28180 us total, 12198 us display, type 3
[0;32mI (179679) NIMBLE_HIDH: notify handle 30 len 16[0m
frame 5365: 28022 us total, 11685 us display, type 3
[0;32mI (179709) NIMBLE_HIDH: notify handle 30 len 16[0m
frame 5366: 29049 us total, 11714 us display, type 3
[0;32mI (179739) NIMBLE_HIDH: notify handle 30 len 16[0m
frame 5367: 28038 us total, 11692 us display, type 3
[0;32mI (179769) NIMBLE_HIDH: notify handle 30 len 16[0m
frame 5368: 28952 us total, 11692 us display, type 3
frame 5369: 27048 us total, 11837 us display, type 3
axes L  -1783 -19908 R    181   -448 level 1
[0;32mI (179814) NIMBLE_HIDH: notify handle 30 len 16[0m
[0;32mI (179829) NIMBLE_HIDH: notify handle 30 len 16[0m
frame 5370: 30797 us total, 12382 us display, type 3
[0;32mI (179859) NIMBLE_HIDH: notify handle 30 len 16[0m
frame 5371: 28020 us total, 12304 us display, type 3
[0;32mI (179889) NIMBLE_HIDH: notify handle 30 len 16[0m
frame 5372: 28509 us total, 12570 us display, type 3
[0;32mI (179919) NIMBLE_HIDH: notify handle 30 len 16[0m
frame 5373: 29064 us total, 12355 us display, type 3
[0;32mI (179949) NIMBLE_HIDH: notify handle 30 len 16[0m
frame 5374: 27334 us total, 12164 us display, type 3
[0;32mI (179979) NIMBLE_HIDH: notify handle 30 len 16[0m
frame 5375: 29530 us total, 12383 us display, type 3
[0;32mI (180009) NIMBLE_HIDH: notify handle 30 len 16[0m
frame 5376: 27613 us total, 12234 us display, type 3
mem @frame 5376: heap free 66484, largest 40960, min ever 65664, zone free 55016, stack free 14540, uptime 179 s, gamestate 0, demo 0, usergame 1, tic 6197
frame 5377: 28476 us total, 11692 us display, type 3
[0;32mI (180039) NIMBLE_HIDH: notify handle 30 len 16[0m
frame 5378: 29067 us total, 11692 us display, type 3
[0;32mI (180069) NIMBLE_HIDH: notify handle 30 len 16[0m
axes L  -1783 -19908 R    181   -448 level 1
frame 5379: 28134 us total, 12056 us display, type 3
[0;32mI (180099) NIMBLE_HIDH: notify handle 30 len 16[0m
frame 5380: 29691 us total, 12057 us display, type 3
[0;32mI (180129) NIMBLE_HIDH: notify handle 30 len 16[0m
[0;32mI (180144) NIMBLE_HIDH: notify handle 30 len 16[0m
frame 5381: 29012 us total, 12633 us display, type 3
[0;32mI (180174) NIMBLE_HIDH: notify handle 30 len 16[0m
frame 5382: 28119 us total, 12309 us display, type 3
[0;32mI (180204) NIMBLE_HIDH: notify handle 30 len 16[0m
frame 5383: 28182 us total, 12205 us display, type 3
[0;32mI (180234) NIMBLE_HIDH: notify handle 30 len 16[0m
frame 5384: 28897 us total, 12498 us display, type 3
[0;32mI (180264) NIMBLE_HIDH: notify handle 30 len 16[0m
frame 5385: 28414 us total, 12187 us display, type 3
[0;32mI (180294) NIMBLE_HIDH: notify handle 30 len 16[0m
frame 5386: 28424 us total, 12524 us display, type 3
[0;32mI (180324) NIMBLE_HIDH: notify handle 30 len 16[0m
frame 5387: 28591 us total, 12067 us display, type 3
axes L  -1783 -19939 R    181   -448 level 1
frame 5388: 27819 us total, 11685 us display, type 3
[0;32mI (180354) NIMBLE_HIDH: notify handle 30 len 16[0m
frame 5389: 28831 us total, 11692 us display, type 3
[0;32mI (180384) NIMBLE_HIDH: notify handle 30 len 16[0m
frame 5390: 28771 us total, 12057 us display, type 3
[0;32mI (180414) NIMBLE_HIDH: notify handle 30 len 16[0m
frame 5391: 28986 us total, 11796 us display, type 3
[0;32mI (180444) NIMBLE_HIDH: notify handle 30 len 16[0m
frame 5392: 29177 us total, 11692 us display, type 3
[0;32mI (180474) NIMBLE_HIDH: notify handle 30 len 16[0m
frame 5393: 28294 us total, 11686 us display, type 3
[0;32mI (180504) NIMBLE_HIDH: notify handle 30 len 16[0m
frame 5394: 28400 us total, 11692 us display, type 3
[0;32mI (180534) NIMBLE_HIDH: notify handle 30 len 16[0m
frame 5395: 28401 us total, 11805 us display, type 3
[0;32mI (180564) NIMBLE_HIDH: notify handle 30 len 16[0m
frame 5396: 28568 us total, 11685 us display, type 3
axes L  -1783 -19939 R    181   -448 level 1
[0;32mI (180594) NIMBLE_HIDH: notify handle 30 len 16[0m
frame 5397: 28229 us total, 11725 us display, type 3
[0;32mI (180624) NIMBLE_HIDH: notify handle 30 len 16[0m
frame 5398: 28753 us total, 11687 us display, type 3
[0;32mI (180654) NIMBLE_HIDH: notify handle 30 len 16[0m
frame 5399: 29040 us total, 11693 us display, type 3
[0;32mI (180684) NIMBLE_HIDH: notify handle 30 len 16[0m
frame 5400: 27469 us total, 12386 us display, type 3
[0;32mI (180714) NIMBLE_HIDH: notify handle 30 len 16[0m
frame 5401: 28963 us total, 12380 us display, type 3
[0;32mI (180744) NIMBLE_HIDH: notify handle 30 len 16[0m
frame 5402: 28769 us total, 12512 us display, type 3
[0;32mI (180774) NIMBLE_HIDH: notify handle 30 len 16[0m
frame 5403: 29094 us total, 12289 us display, type 3
[0;32mI (180804) NIMBLE_HIDH: notify handle 30 len 16[0m
frame 5404: 27465 us total, 12179 us display, type 3
[0;32mI (180834) NIMBLE_HIDH: notify handle 30 len 16[0m
frame 5405: 28624 us total, 12116 us display, type 3
axes L  -1783 -19939 R    181   -448 level 1
[0;32mI (180864) NIMBLE_HIDH: notify handle 30 len 16[0m
frame 5406: 29360 us total, 12220 us display, type 3
[0;32mI (180894) NIMBLE_HIDH: notify handle 30 len 16[0m
frame 5407: 28185 us total, 12523 us display, type 3
[0;32mI (180924) NIMBLE_HIDH: notify handle 30 len 16[0m
frame 5408: 28791 us total, 12265 us display, type 3
frame 5409: 27513 us total, 11692 us display, type 3
[0;32mI (180954) NIMBLE_HIDH: notify handle 30 len 16[0m
frame 5410: 28991 us total, 11695 us display, type 3
[0;32mI (180984) NIMBLE_HIDH: notify handle 30 len 16[0m
frame 5411: 28879 us total, 12057 us display, type 3
[0;32mI (181014) NIMBLE_HIDH: notify handle 30 len 16[0m
frame 5412: 29115 us total, 11700 us display, type 3
[0;32mI (181044) NIMBLE_HIDH: notify handle 30 len 16[0m
frame 5413: 29362 us total, 11692 us display, type 3
[0;32mI (181074) NIMBLE_HIDH: notify handle 30 len 16[0m
frame 5414: 27621 us total, 11797 us display, type 3
axes L  -1783 -19939 R    181   -448 level 1
[0;32mI (181104) NIMBLE_HIDH: notify handle 30 len 16[0m
frame 5415: 29468 us total, 11685 us display, type 3
[0;32mI (181134) NIMBLE_HIDH: notify handle 30 len 16[0m
frame 5416: 27512 us total, 11692 us display, type 3
[0;32mI (181164) NIMBLE_HIDH: notify handle 30 len 16[0m
frame 5417: 29054 us total, 11692 us display, type 3
[0;32mI (181194) NIMBLE_HIDH: notify handle 30 len 16[0m
frame 5418: 28057 us total, 11725 us display, type 3
[0;32mI (181224) NIMBLE_HIDH: notify handle 30 len 16[0m
frame 5419: 28995 us total, 11699 us display, type 3
[0;32mI (181254) NIMBLE_HIDH: notify handle 30 len 16[0m
frame 5420: 28938 us total, 11692 us display, type 3
[0;32mI (181284) NIMBLE_HIDH: notify handle 30 len 16[0m
frame 5421: 27974 us total, 12865 us display, type 3
[0;32mI (181314) NIMBLE_HIDH: notify handle 30 len 16[0m
frame 5422: 28881 us total, 12614 us display, type 3
[0;32mI (181344) NIMBLE_HIDH: notify handle 30 len 16[0m
frame 5423: 28365 us total, 12295 us display, type 3
axes L  -1783 -20005 R    181   -448 level 1
[0;32mI (181374) NIMBLE_HIDH: notify handle 30 len 16[0m
frame 5424: 28771 us total, 12328 us display, type 3
[0;32mI (181404) NIMBLE_HIDH: notify handle 30 len 16[0m
frame 5425: 27364 us total, 12194 us display, type 3
[0;32mI (181434) NIMBLE_HIDH: notify handle 30 len 16[0m
frame 5426: 29022 us total, 12180 us display, type 3
frame 5427: 28546 us total, 11699 us display, type 3
[0;32mI (181479) NIMBLE_HIDH: notify handle 30 len 16[0m
[0;32mI (181494) NIMBLE_HIDH: notify handle 30 len 16[0m
frame 5428: 29333 us total, 12226 us display, type 3
[0;32mI (181524) NIMBLE_HIDH: notify handle 30 len 16[0m
frame 5429: 28249 us total, 12263 us display, type 3
frame 5430: 27379 us total, 11692 us display, type 3
[0;32mI (181554) NIMBLE_HIDH: notify handle 30 len 16[0m
frame 5431: 28974 us total, 11692 us display, type 3
[0;32mI (181584) NIMBLE_HIDH: notify handle 30 len 16[0m
[0;32mI (181599) NIMBLE_HIDH: notify handle 30 len 16[0m
frame 5432: 29425 us total, 12384 us display, type 3
axes L  -1783 -20039 R    181   -448 level 1
[0;32mI (181629) NIMBLE_HIDH: notify handle 30 len 16[0m
frame 5433: 28806 us total, 12289 us display, type 3
[0;32mI (181659) NIMBLE_HIDH: notify handle 30 len 16[0m
frame 5434: 28344 us total, 12303 us display, type 3
[0;32mI (181689) NIMBLE_HIDH: notify handle 30 len 16[0m
frame 5435: 28547 us total, 12488 us display, type 3
[0;32mI (181719) NIMBLE_HIDH: notify handle 30 len 16[0m
frame 5436: 28387 us total, 12195 us display, type 3
[0;32mI (181749) NIMBLE_HIDH: notify handle 30 len 16[0m
frame 5437: 28016 us total, 12172 us display, type 3
[0;32mI (181779) NIMBLE_HIDH: notify handle 30 len 16[0m
frame 5438: 29218 us total, 12390 us display, type 3
[0;32mI (181809) NIMBLE_HIDH: notify handle 30 len 16[0m
frame 5439: 27899 us total, 12269 us display, type 3
frame 5440: 28438 us total, 11692 us display, type 3
[0;32mI (181839) NIMBLE_HIDH: notify handle 30 len 16[0m
frame 5441: 29050 us total, 11699 us display, type 3
[0;32mI (181869) NIMBLE_HIDH: notify handle 30 len 16[0m
axes L  -1783 -20039 R    181   -448 level 1
frame 5442: 28352 us total, 12056 us display, type 3
[0;32mI (181899) NIMBLE_HIDH: notify handle 30 len 16[0m
frame 5443: 30059 us total, 11685 us display, type 3
[0;32mI (181929) NIMBLE_HIDH: notify handle 30 len 16[0m
frame 5444: 27600 us total, 11696 us display, type 3
[0;32mI (181959) NIMBLE_HIDH: notify handle 30 len 16[0m
frame 5445: 28996 us total, 11935 us display, type 3
[0;32mI (181989) NIMBLE_HIDH: notify handle 30 len 16[0m
frame 5446: 27778 us total, 11692 us display, type 3
frame 5447: 28336 us total, 11760 us display, type 3
[0;32mI (182050) NIMBLE_HIDH: notify handle 30 len 16[0m
[0;32mI (182050) NIMBLE_HIDH: notify handle 30 len 16[0m
frame 5448: 30224 us total, 11685 us display, type 3
[0;32mI (182079) NIMBLE_HIDH: notify handle 30 len 16[0m
frame 5449: 27700 us total, 11693 us display, type 3
[0;32mI (182109) NIMBLE_HIDH: notify handle 30 len 16[0m
frame 5450: 29043 us total, 11724 us display, type 3
axes L  -1783 -20039 R    181   -448 level 1
[0;32mI (182139) NIMBLE_HIDH: notify handle 30 len 16[0m
frame 5451: 28146 us total, 11692 us display, type 3
[0;32mI (182169) NIMBLE_HIDH: notify handle 30 len 16[0m
frame 5452: 28967 us total, 11771 us display, type 3
[0;32mI (182199) NIMBLE_HIDH: notify handle 30 len 16[0m
frame 5453: 27670 us total, 12330 us display, type 3
[0;32mI (182229) NIMBLE_HIDH: notify handle 30 len 16[0m
frame 5454: 29141 us total, 12708 us display, type 3
[0;32mI (182259) NIMBLE_HIDH: notify handle 30 len 16[0m
frame 5455: 28976 us total, 12334 us display, type 3
[0;32mI (182289) NIMBLE_HIDH: notify handle 30 len 16[0m
frame 5456: 27996 us total, 12609 us display, type 3
[0;32mI (182319) NIMBLE_HIDH: notify handle 30 len 16[0m
frame 5457: 28542 us total, 12200 us display, type 3
[0;32mI (182349) NIMBLE_HIDH: notify handle 30 len 16[0m
frame 5458: 27971 us total, 12195 us display, type 3
[0;32mI (182379) NIMBLE_HIDH: notify handle 30 len 16[0m
frame 5459: 29217 us total, 12393 us display, type 3
axes L  -1783 -20039 R    181   -448 level 1
[0;32mI (182409) NIMBLE_HIDH: notify handle 30 len 16[0m
frame 5460: 27794 us total, 12026 us display, type 3
frame 5461: 28444 us total, 11692 us display, type 3
[0;32mI (182439) NIMBLE_HIDH: notify handle 30 len 16[0m
frame 5462: 29205 us total, 11699 us display, type 3
[0;32mI (182469) NIMBLE_HIDH: notify handle 30 len 16[0m
frame 5463: 28219 us total, 12064 us display, type 3
[0;32mI (182499) NIMBLE_HIDH: notify handle 30 len 16[0m
frame 5464: 29066 us total, 11691 us display, type 3
[0;32mI (182529) NIMBLE_HIDH: notify handle 30 len 16[0m
frame 5465: 28092 us total, 11684 us display, type 3
[0;32mI (182559) NIMBLE_HIDH: notify handle 30 len 16[0m
frame 5466: 29106 us total, 11691 us display, type 3
[0;32mI (182589) NIMBLE_HIDH: notify handle 30 len 16[0m
frame 5467: 28008 us total, 11690 us display, type 3
[0;32mI (182619) NIMBLE_HIDH: notify handle 30 len 16[0m
frame 5468: 29025 us total, 11687 us display, type 3
axes L  -1783 -20104 R    181   -448 level 1
[0;32mI (182649) NIMBLE_HIDH: notify handle 30 len 16[0m
frame 5469: 29283 us total, 11691 us display, type 3
[0;32mI (182679) NIMBLE_HIDH: notify handle 30 len 16[0m
frame 5470: 27733 us total, 11685 us display, type 3
[0;32mI (182709) NIMBLE_HIDH: notify handle 30 len 16[0m
frame 5471: 29061 us total, 11717 us display, type 3
[0;32mI (182739) NIMBLE_HIDH: notify handle 30 len 16[0m
frame 5472: 28192 us total, 11692 us display, type 3
[0;32mI (182769) NIMBLE_HIDH: notify handle 30 len 16[0m
frame 5473: 29329 us total, 11767 us display, type 3
[0;32mI (182799) NIMBLE_HIDH: notify handle 30 len 16[0m
frame 5474: 27032 us total, 12383 us display, type 3
[0;32mI (182829) NIMBLE_HIDH: notify handle 30 len 16[0m
frame 5475: 29634 us total, 12389 us display, type 3
[0;32mI (182859) NIMBLE_HIDH: notify handle 30 len 16[0m
frame 5476: 29035 us total, 12625 us display, type 3
[0;32mI (182889) NIMBLE_HIDH: notify handle 30 len 16[0m
frame 5477: 28017 us total, 12593 us display, type 3
axes L  -1783 -20104 R    181   -448 level 1
[0;32mI (182919) NIMBLE_HIDH: notify handle 30 len 16[0m
frame 5478: 29059 us total, 12425 us display, type 3
[0;32mI (182949) NIMBLE_HIDH: notify handle 30 len 16[0m
frame 5479: 27578 us total, 12178 us display, type 3
[0;32mI (182979) NIMBLE_HIDH: notify handle 30 len 16[0m
frame 5480: 29235 us total, 12378 us display, type 3
[0;32mI (183009) NIMBLE_HIDH: notify handle 30 len 16[0m
frame 5481: 27785 us total, 12118 us display, type 3
frame 5482: 28819 us total, 11686 us display, type 3
[0;32mI (183039) NIMBLE_HIDH: notify handle 30 len 16[0m
frame 5483: 29271 us total, 11685 us display, type 3
[0;32mI (183069) NIMBLE_HIDH: notify handle 30 len 16[0m
frame 5484: 27399 us total, 12057 us display, type 3
[0;32mI (183099) NIMBLE_HIDH: notify handle 30 len 16[0m
frame 5485: 29250 us total, 11685 us display, type 3
[0;32mI (183144) NIMBLE_HIDH: notify handle 30 len 16[0m
frame 5486: 28537 us total, 12636 us display, type 3
axes L  -1783 -20135 R    181   -448 level 1
[0;32mI (183159) NIMBLE_HIDH: notify handle 30 len 16[0m
frame 5487: 29234 us total, 11699 us display, type 3
[0;32mI (183189) NIMBLE_HIDH: notify handle 30 len 16[0m
frame 5488: 27916 us total, 11892 us display, type 3
[0;32mI (183219) NIMBLE_HIDH: notify handle 30 len 16[0m
frame 5489: 28810 us total, 11692 us display, type 3
[0;32mI (183249) NIMBLE_HIDH: notify handle 30 len 16[0m
frame 5490: 28922 us total, 11692 us display, type 3
[0;32mI (183279) NIMBLE_HIDH: notify handle 30 len 16[0m
frame 5491: 28004 us total, 11692 us display, type 3
[0;32mI (183309) NIMBLE_HIDH: notify handle 30 len 16[0m
frame 5492: 29163 us total, 11733 us display, type 3
[0;32mI (183339) NIMBLE_HIDH: notify handle 30 len 16[0m
frame 5493: 28258 us total, 11699 us display, type 3
[0;32mI (183369) NIMBLE_HIDH: notify handle 30 len 16[0m
frame 5494: 28444 us total, 11687 us display, type 3
[0;32mI (183399) NIMBLE_HIDH: notify handle 30 len 16[0m
frame 5495: 28198 us total, 12733 us display, type 3
axes L  -1783 -20135 R    181   -448 level 1
[0;32mI (183429) NIMBLE_HIDH: notify handle 30 len 16[0m
frame 5496: 29065 us total, 12635 us display, type 3
[0;32mI (183459) NIMBLE_HIDH: notify handle 30 len 16[0m
frame 5497: 29064 us total, 12787 us display, type 3
[0;32mI (183489) NIMBLE_HIDH: notify handle 30 len 16[0m
frame 5498: 27442 us total, 12232 us display, type 3
[0;32mI (183519) NIMBLE_HIDH: notify handle 30 len 16[0m
frame 5499: 29010 us total, 12218 us display, type 3
[0;32mI (183549) NIMBLE_HIDH: notify handle 30 len 16[0m
frame 5500: 27927 us total, 12173 us display, type 3
[0;32mI (183579) NIMBLE_HIDH: notify handle 30 len 16[0m
frame 5501: 29276 us total, 12406 us display, type 3
[0;32mI (183609) NIMBLE_HIDH: notify handle 30 len 16[0m
frame 5502: 27862 us total, 12064 us display, type 3
frame 5503: 28982 us total, 11686 us display, type 3
[0;32mI (183639) NIMBLE_HIDH: notify handle 30 len 16[0m
frame 5504: 28543 us total, 11692 us display, type 3
[0;32mI (183669) NIMBLE_HIDH: notify handle 30 len 16[0m
axes L  -1783 -20135 R    181   -448 level 1
frame 5505: 27873 us total, 12057 us display, type 3
[0;32mI (183699) NIMBLE_HIDH: notify handle 30 len 16[0m
frame 5506: 29403 us total, 11692 us display, type 3
[0;32mI (183729) NIMBLE_HIDH: notify handle 30 len 16[0m
frame 5507: 28656 us total, 11847 us display, type 3
[0;32mI (183759) NIMBLE_HIDH: notify handle 30 len 16[0m
frame 5508: 29040 us total, 11771 us display, type 3
[0;32mI (183789) NIMBLE_HIDH: notify handle 30 len 16[0m
frame 5509: 28033 us total, 11797 us display, type 3
[0;32mI (183819) NIMBLE_HIDH: notify handle 30 len 16[0m
frame 5510: 29065 us total, 11891 us display, type 3
[0;32mI (183849) NIMBLE_HIDH: notify handle 30 len 16[0m
frame 5511: 28845 us total, 11692 us display, type 3
[0;32mI (183879) NIMBLE_HIDH: notify handle 30 len 16[0m
frame 5512: 28373 us total, 11824 us display, type 3
[0;32mI (183909) NIMBLE_HIDH: notify handle 30 len 16[0m
frame 5513: 29196 us total, 11691 us display, type 3
axes L  -1783 -20201 R    181   -448 level 1
[0;32mI (183939) NIMBLE_HIDH: notify handle 30 len 16[0m
frame 5514: 27651 us total, 11693 us display, type 3
[0;32mI (183969) NIMBLE_HIDH: notify handle 30 len 16[0m
frame 5515: 29087 us total, 11692 us display, type 3
[0;32mI (183999) NIMBLE_HIDH: notify handle 30 len 16[0m
frame 5516: 27603 us total, 12780 us display, type 3
[0;32mI (184029) NIMBLE_HIDH: notify handle 30 len 16[0m
frame 5517: 29069 us total, 12564 us display, type 3
[0;32mI (184059) NIMBLE_HIDH: notify handle 30 len 16[0m
frame 5518: 29023 us total, 12534 us display, type 3
[0;32mI (184089) NIMBLE_HIDH: notify handle 30 len 16[0m
frame 5519: 28033 us total, 12591 us display, type 3
[0;32mI (184119) NIMBLE_HIDH: notify handle 30 len 16[0m
frame 5520: 28548 us total, 12182 us display, type 3
[0;32mI (184149) NIMBLE_HIDH: notify handle 30 len 16[0m
frame 5521: 28037 us total, 12201 us display, type 3
[0;32mI (184164) NIMBLE_HIDH: notify handle 30 len 16[0m
frame 5522: 29681 us total, 11887 us display, type 3
axes L  -1783 -20232 R    181   -448 level 1
[0;32mI (184194) NIMBLE_HIDH: notify handle 30 len 16[0m
frame 5523: 28281 us total, 11685 us display, type 3
[0;32mI (184224) NIMBLE_HIDH: notify handle 30 len 16[0m
frame 5524: 28312 us total, 11699 us display, type 3
frame 5525: 27864 us total, 11685 us display, type 3
[0;32mI (184269) NIMBLE_HIDH: notify handle 30 len 16[0m
[0;32mI (184284) NIMBLE_HIDH: notify handle 30 len 16[0m
frame 5526: 28296 us total, 12390 us display, type 3
[0;32mI (184314) NIMBLE_HIDH: notify handle 30 len 16[0m
frame 5527: 29167 us total, 12383 us display, type 3
[0;32mI (184344) NIMBLE_HIDH: notify handle 30 len 16[0m
frame 5528: 28300 us total, 12295 us display, type 3
[0;32mI (184374) NIMBLE_HIDH: notify handle 30 len 16[0m
frame 5529: 29072 us total, 12297 us display, type 3
[0;32mI (184404) NIMBLE_HIDH: notify handle 30 len 16[0m
frame 5530: 27842 us total, 12195 us display, type 3
[0;32mI (184434) NIMBLE_HIDH: notify handle 30 len 16[0m
frame 5531: 28993 us total, 12196 us display, type 3
axes L  -1783 -20232 R    181   -448 level 1
[0;32mI (184464) NIMBLE_HIDH: notify handle 30 len 16[0m
frame 5532: 29846 us total, 12653 us display, type 3
[0;32mI (184494) NIMBLE_HIDH: notify handle 30 len 16[0m
frame 5533: 27993 us total, 12497 us display, type 3
[0;32mI (184524) NIMBLE_HIDH: notify handle 30 len 16[0m
frame 5534: 28289 us total, 12319 us display, type 3
frame 5535: 27678 us total, 11692 us display, type 3
[0;32mI (184554) NIMBLE_HIDH: notify handle 30 len 16[0m
frame 5536: 28746 us total, 11700 us display, type 3
[0;32mI (184584) NIMBLE_HIDH: notify handle 30 len 16[0m
frame 5537: 28520 us total, 11685 us display, type 3
[0;32mI (184614) NIMBLE_HIDH: notify handle 30 len 16[0m
frame 5538: 29471 us total, 11890 us display, type 3
[0;32mI (184644) NIMBLE_HIDH: notify handle 30 len 16[0m
frame 5539: 29040 us total, 11744 us display, type 3
[0;32mI (184674) NIMBLE_HIDH: notify handle 30 len 16[0m
frame 5540: 28037 us total, 11822 us display, type 3
axes L  -1783 -20232 R    181   -448 level 1
[0;32mI (184704) NIMBLE_HIDH: notify handle 30 len 16[0m
frame 5541: 29089 us total, 11692 us display, type 3
[0;32mI (184734) NIMBLE_HIDH: notify handle 30 len 16[0m
frame 5542: 28095 us total, 11718 us display, type 3
[0;32mI (184764) NIMBLE_HIDH: notify handle 30 len 16[0m
frame 5543: 29341 us total, 11686 us display, type 3
[0;32mI (184809) NIMBLE_HIDH: notify handle 30 len 16[0m
frame 5544: 27123 us total, 12101 us display, type 3
[0;32mI (184824) NIMBLE_HIDH: notify handle 30 len 16[0m
frame 5545: 29113 us total, 11687 us display, type 3
[0;32mI (184854) NIMBLE_HIDH: notify handle 30 len 16[0m
frame 5546: 29142 us total, 11692 us display, type 3
[0;32mI (184884) NIMBLE_HIDH: notify handle 30 len 16[0m
frame 5547: 27956 us total, 12790 us display, type 3
[0;32mI (184914) NIMBLE_HIDH: notify handle 30 len 16[0m
frame 5548: 29007 us total, 12753 us display, type 3
[0;32mI (184944) NIMBLE_HIDH: notify handle 30 len 16[0m
frame 5549: 28098 us total, 12477 us display, type 3
axes L  -1783 -20297 R    181   -448 level 1
[0;32mI (184974) NIMBLE_HIDH: notify handle 30 len 16[0m
frame 5550: 29030 us total, 12371 us display, type 3
[0;32mI (185004) NIMBLE_HIDH: notify handle 30 len 16[0m
frame 5551: 27597 us total, 12199 us display, type 3
[0;32mI (185034) NIMBLE_HIDH: notify handle 30 len 16[0m
frame 5552: 29505 us total, 12536 us display, type 3
[0;32mI (185064) NIMBLE_HIDH: notify handle 30 len 16[0m
frame 5553: 29068 us total, 12324 us display, type 3
[0;32mI (185094) NIMBLE_HIDH: notify handle 30 len 16[0m
frame 5554: 27640 us total, 12534 us display, type 3
[0;32mI (185124) NIMBLE_HIDH: notify handle 30 len 16[0m
frame 5555: 28837 us total, 12095 us display, type 3
frame 5556: 27285 us total, 11699 us display, type 3
[0;32mI (185154) NIMBLE_HIDH: notify handle 30 len 16[0m
frame 5557: 28996 us total, 11699 us display, type 3
[0;32mI (185184) NIMBLE_HIDH: notify handle 30 len 16[0m
frame 5558: 28491 us total, 11685 us display, type 3
axes L  -1783 -20297 R    181   -448 level 1
[0;32mI (185214) NIMBLE_HIDH: notify handle 30 len 16[0m
frame 5559: 29512 us total, 11810 us display, type 3
[0;32mI (185244) NIMBLE_HIDH: notify handle 30 len 16[0m
frame 5560: 29036 us total, 11859 us display, type 3
[0;32mI (185289) NIMBLE_HIDH: notify handle 30 len 16[0m
frame 5561: 27476 us total, 12227 us display, type 3
[0;32mI (185304) NIMBLE_HIDH: notify handle 30 len 16[0m
[0;32mI (185319) NIMBLE_HIDH: notify handle 30 len 16[0m
frame 5562: 29970 us total, 12140 us display, type 3
frame 5563: 27056 us total, 11685 us display, type 3
[0;32mI (185364) NIMBLE_HIDH: notify handle 30 len 16[0m
[0;32mI (185379) NIMBLE_HIDH: notify handle 30 len 16[0m
frame 5564: 29701 us total, 12020 us display, type 3
[0;32mI (185409) NIMBLE_HIDH: notify handle 30 len 16[0m
frame 5565: 27348 us total, 12499 us display, type 3
frame 5566: 28282 us total, 11692 us display, type 3
[0;32mI (185439) NIMBLE_HIDH: notify handle 30 len 16[0m
frame 5567: 29066 us total, 11692 us display, type 3
[0;32mI (185469) NIMBLE_HIDH: notify handle 30 len 16[0m
axes L  -1783 -20328 R    181   -448 level 1
frame 5568: 28153 us total, 12057 us display, type 3
[0;32mI (185499) NIMBLE_HIDH: notify handle 30 len 16[0m
frame 5569: 29434 us total, 11689 us display, type 3
[0;32mI (185529) NIMBLE_HIDH: notify handle 30 len 16[0m
frame 5570: 28526 us total, 11825 us display, type 3
[0;32mI (185559) NIMBLE_HIDH: notify handle 30 len 16[0m
frame 5571: 29036 us total, 11785 us display, type 3
[0;32mI (185589) NIMBLE_HIDH: notify handle 30 len 16[0m
frame 5572: 28065 us total, 11700 us display, type 3
[0;32mI (185619) NIMBLE_HIDH: notify handle 30 len 16[0m
frame 5573: 29310 us total, 11686 us display, type 3
[0;32mI (185649) NIMBLE_HIDH: notify handle 30 len 16[0m
frame 5574: 28489 us total, 11692 us display, type 3
[0;32mI (185679) NIMBLE_HIDH: notify handle 30 len 16[0m
frame 5575: 28453 us total, 11821 us display, type 3
[0;32mI (185709) NIMBLE_HIDH: notify handle 30 len 16[0m
frame 5576: 28641 us total, 11734 us display, type 3
axes L  -1783 -20328 R    181   -448 level 1
[0;32mI (185739) NIMBLE_HIDH: notify handle 30 len 16[0m
frame 5577: 28211 us total, 11693 us display, type 3
[0;32mI (185769) NIMBLE_HIDH: notify handle 30 len 16[0m
frame 5578: 28864 us total, 11769 us display, type 3
[0;32mI (185799) NIMBLE_HIDH: notify handle 30 len 16[0m
frame 5579: 27819 us total, 12689 us display, type 3
[0;32mI (185829) NIMBLE_HIDH: notify handle 30 len 16[0m
frame 5580: 29145 us total, 12600 us display, type 3
[0;32mI (185859) NIMBLE_HIDH: notify handle 30 len 16[0m
frame 5581: 28965 us total, 12474 us display, type 3
[0;32mI (185889) NIMBLE_HIDH: notify handle 30 len 16[0m
frame 5582: 28025 us total, 12305 us display, type 3
[0;32mI (185919) NIMBLE_HIDH: notify handle 30 len 16[0m
frame 5583: 29167 us total, 12197 us display, type 3
[0;32mI (185949) NIMBLE_HIDH: notify handle 30 len 16[0m
frame 5584: 27484 us total, 12182 us display, type 3
[0;32mI (185979) NIMBLE_HIDH: notify handle 30 len 16[0m
frame 5585: 28909 us total, 12416 us display, type 3
axes L  -1783 -20328 R    181   -448 level 1
[0;32mI (186009) NIMBLE_HIDH: notify handle 30 len 16[0m
frame 5586: 27950 us total, 12127 us display, type 3
frame 5587: 28426 us total, 11694 us display, type 3
[0;32mI (186039) NIMBLE_HIDH: notify handle 30 len 16[0m
frame 5588: 29000 us total, 11698 us display, type 3
[0;32mI (186069) NIMBLE_HIDH: notify handle 30 len 16[0m
frame 5589: 27925 us total, 12064 us display, type 3
[0;32mI (186099) NIMBLE_HIDH: notify handle 30 len 16[0m
frame 5590: 29443 us total, 11692 us display, type 3
[0;32mI (186129) NIMBLE_HIDH: notify handle 30 len 16[0m
frame 5591: 28667 us total, 11922 us display, type 3
[0;32mI (186159) NIMBLE_HIDH: notify handle 30 len 16[0m
frame 5592: 29016 us total, 11692 us display, type 3
[0;32mI (186189) NIMBLE_HIDH: notify handle 30 len 16[0m
[0;32mI (186204) NIMBLE_HIDH: notify handle 30 len 16[0m
frame 5593: 28899 us total, 12364 us display, type 3
[0;32mI (186234) NIMBLE_HIDH: notify handle 30 len 16[0m
frame 5594: 27497 us total, 12187 us display, type 3
axes L  -1783 -20398 R    181   -448 level 1
[0;32mI (186264) NIMBLE_HIDH: notify handle 30 len 16[0m
frame 5595: 29799 us total, 12443 us display, type 3
[0;32mI (186294) NIMBLE_HIDH: notify handle 30 len 16[0m
frame 5596: 27548 us total, 12529 us display, type 3
[0;32mI (186324) NIMBLE_HIDH: notify handle 30 len 16[0m
frame 5597: 28777 us total, 12317 us display, type 3
frame 5598: 27422 us total, 11699 us display, type 3
[0;32mI (186354) NIMBLE_HIDH: notify handle 30 len 16[0m
frame 5599: 29052 us total, 11692 us display, type 3
[0;32mI (186399) NIMBLE_HIDH: notify handle 30 len 16[0m
frame 5600: 28292 us total, 12382 us display, type 3
[0;32mI (186414) NIMBLE_HIDH: notify handle 30 len 16[0m
frame 5601: 29654 us total, 11874 us display, type 3
[0;32mI (186444) NIMBLE_HIDH: notify handle 30 len 16[0m
[0;32mI (186459) NIMBLE_HIDH: notify handle 30 len 16[0m
frame 5602: 29979 us total, 12498 us display, type 3
[0;32mI (186489) NIMBLE_HIDH: notify handle 30 len 16[0m
frame 5603: 27079 us total, 12560 us display, type 3
axes L  -1783 -20428 R    181   -448 level 1
[0;32mI (186519) NIMBLE_HIDH: notify handle 30 len 16[0m
frame 5604: 29046 us total, 12385 us display, type 3
[0;32mI (186549) NIMBLE_HIDH: notify handle 30 len 16[0m
frame 5605: 28142 us total, 12459 us display, type 3
[0;32mI (186579) NIMBLE_HIDH: notify handle 30 len 16[0m
frame 5606: 28507 us total, 12395 us display, type 3
[0;32mI (186609) NIMBLE_HIDH: notify handle 30 len 16[0m
frame 5607: 27850 us total, 12172 us display, type 3
frame 5608: 28648 us total, 11692 us display, type 3
[0;32mI (186639) NIMBLE_HIDH: notify handle 30 len 16[0m
frame 5609: 29066 us total, 11692 us display, type 3
[0;32mI (186669) NIMBLE_HIDH: notify handle 30 len 16[0m
frame 5610: 27910 us total, 12065 us display, type 3
[0;32mI (186699) NIMBLE_HIDH: notify handle 30 len 16[0m
frame 5611: 29854 us total, 12064 us display, type 3
[0;32mI (186729) NIMBLE_HIDH: notify handle 30 len 16[0m
frame 5612: 28227 us total, 11692 us display, type 3
axes L  -1783 -20428 R    181   -448 level 1
[0;32mI (186759) NIMBLE_HIDH: notify handle 30 len 16[0m
frame 5613: 29731 us total, 11940 us display, type 3
[0;32mI (186789) NIMBLE_HIDH: notify handle 30 len 16[0m
frame 5614: 26557 us total, 11692 us display, type 3
[0;32mI (186819) NIMBLE_HIDH: notify handle 30 len 16[0m
frame 5615: 29704 us total, 11699 us display, type 3
[0;32mI (186849) NIMBLE_HIDH: notify handle 30 len 16[0m
frame 5616: 28650 us total, 11692 us display, type 3
[0;32mI (186879) NIMBLE_HIDH: notify handle 30 len 16[0m
frame 5617: 27949 us total, 11692 us display, type 3
[0;32mI (186909) NIMBLE_HIDH: notify handle 30 len 16[0m
frame 5618: 29040 us total, 11725 us display, type 3
[0;32mI (186939) NIMBLE_HIDH: notify handle 30 len 16[0m
frame 5619: 27991 us total, 11698 us display, type 3
[0;32mI (186969) NIMBLE_HIDH: notify handle 30 len 16[0m
frame 5620: 28905 us total, 11685 us display, type 3
[0;32mI (186999) NIMBLE_HIDH: notify handle 30 len 16[0m
frame 5621: 27432 us total, 12289 us display, type 3
axes L  -1783 -20428 R    181   -448 level 1
[0;32mI (187029) NIMBLE_HIDH: notify handle 30 len 16[0m
frame 5622: 29816 us total, 12429 us display, type 3
[0;32mI (187059) NIMBLE_HIDH: notify handle 30 len 16[0m
frame 5623: 29045 us total, 12289 us display, type 3
[0;32mI (187089) NIMBLE_HIDH: notify handle 30 len 16[0m
frame 5624: 27473 us total, 12204 us display, type 3
[0;32mI (187119) NIMBLE_HIDH: notify handle 30 len 16[0m
frame 5625: 29508 us total, 12468 us display, type 3
[0;32mI (187134) NIMBLE_HIDH: notify handle 30 len 16[0m
frame 5626: 27556 us total, 11693 us display, type 3
[0;32mI (187164) NIMBLE_HIDH: notify handle 30 len 16[0m
frame 5627: 29035 us total, 11685 us display, type 3
[0;32mI (187194) NIMBLE_HIDH: notify handle 30 len 16[0m
frame 5628: 28066 us total, 11722 us display, type 3
[0;32mI (187224) NIMBLE_HIDH: notify handle 30 len 16[0m
frame 5629: 29048 us total, 11687 us display, type 3
[0;32mI (187254) NIMBLE_HIDH: notify handle 30 len 16[0m
frame 5630: 28962 us total, 11685 us display, type 3
axes L  -1783 -20496 R    181   -448 level 1
[0;32mI (187284) NIMBLE_HIDH: notify handle 30 len 16[0m
frame 5631: 28208 us total, 12870 us display, type 3
[0;32mI (187314) NIMBLE_HIDH: notify handle 30 len 16[0m
frame 5632: 28959 us total, 12769 us display, type 3
mem @frame 5632: heap free 66484, largest 40960, min ever 65664, zone free 55016, stack free 14540, uptime 187 s, gamestate 0, demo 0, usergame 1, tic 6453
[0;32mI (187344) NIMBLE_HIDH: notify handle 30 len 16[0m
frame 5633: 28102 us total, 12508 us display, type 3
[0;32mI (187374) NIMBLE_HIDH: notify handle 30 len 16[0m
frame 5634: 29029 us total, 12647 us display, type 3
[0;32mI (187389) NIMBLE_HIDH: notify handle 30 len 16[0m
frame 5635: 27604 us total, 11685 us display, type 3
[0;32mI (187419) NIMBLE_HIDH: notify handle 30 len 16[0m
frame 5636: 29229 us total, 11692 us display, type 3
[0;32mI (187449) NIMBLE_HIDH: notify handle 30 len 16[0m
frame 5637: 29050 us total, 11692 us display, type 3
[0;32mI (187479) NIMBLE_HIDH: notify handle 30 len 16[0m
frame 5638: 28047 us total, 11700 us display, type 3
[0;32mI (187509) NIMBLE_HIDH: notify handle 30 len 16[0m
frame 5639: 29062 us total, 11730 us display, type 3
axes L  -1783 -20525 R    181   -448 level 1
[0;32mI (187539) NIMBLE_HIDH: notify handle 30 len 16[0m
frame 5640: 28158 us total, 11699 us display, type 3
frame 5641: 27994 us total, 11699 us display, type 3
[0;32mI (187584) NIMBLE_HIDH: notify handle 30 len 16[0m
[0;32mI (187599) NIMBLE_HIDH: notify handle 30 len 16[0m
frame 5642: 29898 us total, 12788 us display, type 3
[0;32mI (187629) NIMBLE_HIDH: notify handle 30 len 16[0m
frame 5643: 28227 us total, 12290 us display, type 3
[0;32mI (187659) NIMBLE_HIDH: notify handle 30 len 16[0m
frame 5644: 28714 us total, 12402 us display, type 3
[0;32mI (187689) NIMBLE_HIDH: notify handle 30 len 16[0m
frame 5645: 28021 us total, 12304 us display, type 3
[0;32mI (187719) NIMBLE_HIDH: notify handle 30 len 16[0m
frame 5646: 28437 us total, 12206 us display, type 3
[0;32mI (187749) NIMBLE_HIDH: notify handle 30 len 16[0m
frame 5647: 28027 us total, 12183 us display, type 3
[0;32mI (187779) NIMBLE_HIDH: notify handle 30 len 16[0m
frame 5648: 29236 us total, 12384 us display, type 3
axes L  -1783 -20525 R    181   -448 level 1
[0;32mI (187809) NIMBLE_HIDH: notify handle 30 len 16[0m
frame 5649: 27920 us total, 12095 us display, type 3
frame 5650: 28339 us total, 11692 us display, type 3
[0;32mI (187839) NIMBLE_HIDH: notify handle 30 len 16[0m
frame 5651: 29005 us total, 11692 us display, type 3
[0;32mI (187869) NIMBLE_HIDH: notify handle 30 len 16[0m
frame 5652: 28061 us total, 12057 us display, type 3
[0;32mI (187899) NIMBLE_HIDH: notify handle 30 len 16[0m
frame 5653: 30161 us total, 12057 us display, type 3
[0;32mI (187929) NIMBLE_HIDH: notify handle 30 len 16[0m
frame 5654: 27788 us total, 11977 us display, type 3
[0;32mI (187959) NIMBLE_HIDH: notify handle 30 len 16[0m
frame 5655: 28571 us total, 11685 us display, type 3
[0;32mI (187989) NIMBLE_HIDH: notify handle 30 len 16[0m
frame 5656: 28133 us total, 11685 us display, type 3
[0;32mI (188019) NIMBLE_HIDH: notify handle 30 len 16[0m
frame 5657: 29013 us total, 11685 us display, type 3
axes L  -1783 -20594 R    181   -448 level 1
[0;32mI (188049) NIMBLE_HIDH: notify handle 30 len 16[0m
frame 5658: 29191 us total, 11692 us display, type 3
[0;32mI (188079) NIMBLE_HIDH: notify handle 30 len 16[0m
frame 5659: 27853 us total, 11685 us display, type 3
[0;32mI (188109) NIMBLE_HIDH: notify handle 30 len 16[0m
frame 5660: 28984 us total, 11724 us display, type 3
[0;32mI (188139) NIMBLE_HIDH: notify handle 30 len 16[0m
frame 5661: 27948 us total, 11687 us display, type 3
[0;32mI (188169) NIMBLE_HIDH: notify handle 30 len 16[0m
frame 5662: 29272 us total, 11768 us display, type 3
[0;32mI (188199) NIMBLE_HIDH: notify handle 30 len 16[0m
frame 5663: 27921 us total, 12427 us display, type 3
[0;32mI (188229) NIMBLE_HIDH: notify handle 30 len 16[0m
frame 5664: 29146 us total, 12643 us display, type 3
[0;32mI (188259) NIMBLE_HIDH: notify handle 30 len 16[0m
frame 5665: 28975 us total, 12387 us display, type 3
[0;32mI (188289) NIMBLE_HIDH: notify handle 30 len 16[0m
frame 5666: 27432 us total, 12211 us display, type 3
axes L  -1783 -20594 R    181   -448 level 1
[0;32mI (188319) NIMBLE_HIDH: notify handle 30 len 16[0m
frame 5667: 29621 us total, 12538 us display, type 3
[0;32mI (188349) NIMBLE_HIDH: notify handle 30 len 16[0m
frame 5668: 27549 us total, 12204 us display, type 3
[0;32mI (188379) NIMBLE_HIDH: notify handle 30 len 16[0m
frame 5669: 29261 us total, 12394 us display, type 3
[0;32mI (188394) NIMBLE_HIDH: notify handle 30 len 16[0m
frame 5670: 28131 us total, 11736 us display, type 3
[0;32mI (188424) NIMBLE_HIDH: notify handle 30 len 16[0m
frame 5671: 28971 us total, 11694 us display, type 3
[0;32mI (188454) NIMBLE_HIDH: notify handle 30 len 16[0m
frame 5672: 29266 us total, 11699 us display, type 3
[0;32mI (188484) NIMBLE_HIDH: notify handle 30 len 16[0m
frame 5673: 28221 us total, 11693 us display, type 3
[0;32mI (188514) NIMBLE_HIDH: notify handle 30 len 16[0m
frame 5674: 28427 us total, 12718 us display, type 3
[0;32mI (188544) NIMBLE_HIDH: notify handle 30 len 16[0m
frame 5675: 28100 us total, 12695 us display, type 3
axes L  -1783 -20624 R    181   -448 level 1
[0;32mI (188574) NIMBLE_HIDH: notify handle 30 len 16[0m
frame 5676: 29041 us total, 12304 us display, type 3
[0;32mI (188604) NIMBLE_HIDH: notify handle 30 len 16[0m
frame 5677: 28012 us total, 12549 us display, type 3
[0;32mI (188634) NIMBLE_HIDH: notify handle 30 len 16[0m
frame 5678: 28588 us total, 12179 us display, type 3
[0;32mI (188664) NIMBLE_HIDH: notify handle 30 len 16[0m
frame 5679: 29003 us total, 12180 us display, type 3
[0;32mI (188694) NIMBLE_HIDH: notify handle 30 len 16[0m
frame 5680: 28283 us total, 12526 us display, type 3
[0;32mI (188724) NIMBLE_HIDH: notify handle 30 len 16[0m
frame 5681: 28643 us total, 12154 us display, type 3
frame 5682: 27739 us total, 11692 us display, type 3
[0;32mI (188754) NIMBLE_HIDH: notify handle 30 len 16[0m
frame 5683: 29263 us total, 11685 us display, type 3
[0;32mI (188784) NIMBLE_HIDH: notify handle 30 len 16[0m
frame 5684: 28375 us total, 12058 us display, type 3
axes L  -1783 -20624 R    181   -448 level 1
[0;32mI (188814) NIMBLE_HIDH: notify handle 30 len 16[0m
frame 5685: 29212 us total, 11692 us display, type 3
[0;32mI (188844) NIMBLE_HIDH: notify handle 30 len 16[0m
frame 5686: 28852 us total, 12065 us display, type 3
[0;32mI (188874) NIMBLE_HIDH: notify handle 30 len 16[0m
frame 5687: 27671 us total, 11693 us display, type 3
[0;32mI (188904) NIMBLE_HIDH: notify handle 30 len 16[0m
frame 5688: 28998 us total, 11693 us display, type 3
[0;32mI (188934) NIMBLE_HIDH: notify handle 30 len 16[0m
frame 5689: 28067 us total, 11685 us display, type 3
[0;32mI (188964) NIMBLE_HIDH: notify handle 30 len 16[0m
frame 5690: 28959 us total, 11692 us display, type 3
[0;32mI (188994) NIMBLE_HIDH: notify handle 30 len 16[0m
frame 5691: 28054 us total, 11722 us display, type 3
[0;32mI (189024) NIMBLE_HIDH: notify handle 30 len 16[0m
frame 5692: 29176 us total, 11694 us display, type 3
[0;32mI (189054) NIMBLE_HIDH: notify handle 30 len 16[0m
frame 5693: 29330 us total, 11698 us display, type 3
axes L  -1783 -20690 R    181   -448 level 1
[0;32mI (189084) NIMBLE_HIDH: notify handle 30 len 16[0m
frame 5694: 27588 us total, 12786 us display, type 3
[0;32mI (189114) NIMBLE_HIDH: notify handle 30 len 16[0m
frame 5695: 28227 us total, 12373 us display, type 3
[0;32mI (189144) NIMBLE_HIDH: notify handle 30 len 16[0m
frame 5696: 28919 us total, 12686 us display, type 3
[0;32mI (189174) NIMBLE_HIDH: notify handle 30 len 16[0m
frame 5697: 29036 us total, 12661 us display, type 3
[0;32mI (189204) NIMBLE_HIDH: notify handle 30 len 16[0m
frame 5698: 27519 us total, 12191 us display, type 3
[0;32mI (189234) NIMBLE_HIDH: notify handle 30 len 16[0m
frame 5699: 29055 us total, 12176 us display, type 3
[0;32mI (189249) NIMBLE_HIDH: notify handle 30 len 16[0m
frame 5700: 29295 us total, 11692 us display, type 3
[0;32mI (189279) NIMBLE_HIDH: notify handle 30 len 16[0m
frame 5701: 27993 us total, 11697 us display, type 3
[0;32mI (189309) NIMBLE_HIDH: notify handle 30 len 16[0m
frame 5702: 29342 us total, 11717 us display, type 3
axes L  -1783 -20721 R    181   -448 level 1
[0;32mI (189339) NIMBLE_HIDH: notify handle 30 len 16[0m
frame 5703: 28483 us total, 11686 us display, type 3
[0;32mI (189369) NIMBLE_HIDH: notify handle 30 len 16[0m
frame 5704: 28368 us total, 11768 us display, type 3
[0;32mI (189399) NIMBLE_HIDH: notify handle 30 len 16[0m
frame 5705: 27819 us total, 12474 us display, type 3
[0;32mI (189429) NIMBLE_HIDH: notify handle 30 len 16[0m
frame 5706: 29060 us total, 12627 us display, type 3
[0;32mI (189459) NIMBLE_HIDH: notify handle 30 len 16[0m
frame 5707: 29031 us total, 12539 us display, type 3
[0;32mI (189489) NIMBLE_HIDH: notify handle 30 len 16[0m
frame 5708: 27996 us total, 12489 us display, type 3
[0;32mI (189519) NIMBLE_HIDH: notify handle 30 len 16[0m
frame 5709: 29067 us total, 12536 us display, type 3
[0;32mI (189549) NIMBLE_HIDH: notify handle 30 len 16[0m
frame 5710: 27570 us total, 12189 us display, type 3
[0;32mI (189579) NIMBLE_HIDH: notify handle 30 len 16[0m
frame 5711: 29161 us total, 12380 us display, type 3
axes L  -1783 -20721 R    181   -448 level 1
[0;32mI (189609) NIMBLE_HIDH: notify handle 30 len 16[0m
frame 5712: 28136 us total, 12104 us display, type 3
[0;32mI (189639) NIMBLE_HIDH: notify handle 30 len 16[0m
frame 5713: 28645 us total, 11685 us display, type 3
frame 5714: 28469 us total, 11699 us display, type 3
[0;32mI (189669) NIMBLE_HIDH: notify handle 30 len 16[0m
frame 5715: 27298 us total, 11692 us display, type 3
[0;32mI (189699) NIMBLE_HIDH: notify handle 30 len 16[0m
frame 5716: 30067 us total, 11692 us display, type 3
[0;32mI (189729) NIMBLE_HIDH: notify handle 30 len 16[0m
frame 5717: 28589 us total, 11852 us display, type 3
[0;32mI (189759) NIMBLE_HIDH: notify handle 30 len 16[0m
frame 5718: 29051 us total, 11915 us display, type 3
[0;32mI (189789) NIMBLE_HIDH: notify handle 30 len 16[0m
frame 5719: 27774 us total, 11692 us display, type 3
[0;32mI (189819) NIMBLE_HIDH: notify handle 30 len 16[0m
frame 5720: 28939 us total, 11685 us display, type 3
axes L  -1783 -20721 R    181   -448 level 1
[0;32mI (189849) NIMBLE_HIDH: notify handle 30 len 16[0m
[0;32mI (189864) NIMBLE_HIDH: notify handle 30 len 16[0m
frame 5721: 29646 us total, 12143 us display, type 3
[0;32mI (189894) NIMBLE_HIDH: notify handle 30 len 16[0m
frame 5722: 27585 us total, 12534 us display, type 3
[0;32mI (189924) NIMBLE_HIDH: notify handle 30 len 16[0m
frame 5723: 28892 us total, 12102 us display, type 3
frame 5724: 27121 us total, 11692 us display, type 3
[0;32mI (189954) NIMBLE_HIDH: notify handle 30 len 16[0m
frame 5725: 29250 us total, 11700 us display, type 3
[0;32mI (189984) NIMBLE_HIDH: notify handle 30 len 16[0m
frame 5726: 28048 us total, 11692 us display, type 3
[0;32mI (190014) NIMBLE_HIDH: notify handle 30 len 16[0m
frame 5727: 29655 us total, 12001 us display, type 3
[0;32mI (190044) NIMBLE_HIDH: notify handle 30 len 16[0m
frame 5728: 29053 us total, 11930 us display, type 3
[0;32mI (190074) NIMBLE_HIDH: notify handle 30 len 16[0m
frame 5729: 28035 us total, 11881 us display, type 3
axes L  -1783 -20786 R    181   -448 level 1
[0;32mI (190104) NIMBLE_HIDH: notify handle 30 len 16[0m
[0;32mI (190119) NIMBLE_HIDH: notify handle 30 len 16[0m
frame 5730: 29479 us total, 12153 us display, type 3
[0;32mI (190149) NIMBLE_HIDH: notify handle 30 len 16[0m
frame 5731: 27045 us total, 12191 us display, type 3
[0;32mI (190179) NIMBLE_HIDH: notify handle 30 len 16[0m
frame 5732: 29429 us total, 12376 us display, type 3
[0;32mI (190209) NIMBLE_HIDH: notify handle 30 len 16[0m
frame 5733: 28465 us total, 12527 us display, type 3
frame 5734: 27666 us total, 11693 us display, type 3
[0;32mI (190239) NIMBLE_HIDH: notify handle 30 len 16[0m
frame 5735: 28847 us total, 11693 us display, type 3
[0;32mI (190269) NIMBLE_HIDH: notify handle 30 len 16[0m
frame 5736: 28098 us total, 12057 us display, type 3
[0;32mI (190299) NIMBLE_HIDH: notify handle 30 len 16[0m
frame 5737: 29965 us total, 12064 us display, type 3
[0;32mI (190329) NIMBLE_HIDH: notify handle 30 len 16[0m
frame 5738: 28111 us total, 11693 us display, type 3
axes L  -1783 -20817 R    181   -448 level 1
[0;32mI (190359) NIMBLE_HIDH: notify handle 30 len 16[0m
frame 5739: 29223 us total, 11685 us display, type 3
[0;32mI (190389) NIMBLE_HIDH: notify handle 30 len 16[0m
frame 5740: 27722 us total, 11766 us display, type 3
[0;32mI (190419) NIMBLE_HIDH: notify handle 30 len 16[0m
frame 5741: 29056 us total, 11857 us display, type 3
[0;32mI (190449) NIMBLE_HIDH: notify handle 30 len 16[0m
frame 5742: 29067 us total, 11710 us display, type 3
[0;32mI (190479) NIMBLE_HIDH: notify handle 30 len 16[0m
frame 5743: 28253 us total, 11692 us display, type 3
[0;32mI (190509) NIMBLE_HIDH: notify handle 30 len 16[0m
frame 5744: 28540 us total, 11723 us display, type 3
[0;32mI (190539) NIMBLE_HIDH: notify handle 30 len 16[0m
frame 5745: 28134 us total, 11692 us display, type 3
[0;32mI (190569) NIMBLE_HIDH: notify handle 30 len 16[0m
frame 5746: 28554 us total, 11692 us display, type 3
[0;32mI (190599) NIMBLE_HIDH: notify handle 30 len 16[0m
frame 5747: 27564 us total, 12378 us display, type 3
axes L  -1783 -20817 R    181   -448 level 1
[0;32mI (190629) NIMBLE_HIDH: notify handle 30 len 16[0m
frame 5748: 29705 us total, 12607 us display, type 3
[0;32mI (190659) NIMBLE_HIDH: notify handle 30 len 16[0m
frame 5749: 29033 us total, 12702 us display, type 3
[0;32mI (190689) NIMBLE_HIDH: notify handle 30 len 16[0m
frame 5750: 27439 us total, 12196 us display, type 3
[0;32mI (190719) NIMBLE_HIDH: notify handle 30 len 16[0m
frame 5751: 29003 us total, 12195 us display, type 3
[0;32mI (190749) NIMBLE_HIDH: notify handle 30 len 16[0m
frame 5752: 28188 us total, 12185 us display, type 3
[0;32mI (190779) NIMBLE_HIDH: notify handle 30 len 16[0m
frame 5753: 29652 us total, 12534 us display, type 3
[0;32mI (190809) NIMBLE_HIDH: notify handle 30 len 16[0m
frame 5754: 27266 us total, 12339 us display, type 3
frame 5755: 28164 us total, 11685 us display, type 3
[0;32mI (190854) NIMBLE_HIDH: notify handle 30 len 16[0m
frame 5756: 29992 us total, 11685 us display, type 3
[0;32mI (190869) NIMBLE_HIDH: notify handle 30 len 16[0m
axes L  -1783 -20887 R    181   -448 level 1
frame 5757: 27338 us total, 12057 us display, type 3
[0;32mI (190899) NIMBLE_HIDH: notify handle 30 len 16[0m
frame 5758: 29323 us total, 11685 us display, type 3
[0;32mI (190929) NIMBLE_HIDH: notify handle 30 len 16[0m
frame 5759: 28630 us total, 11774 us display, type 3
[0;32mI (190959) NIMBLE_HIDH: notify handle 30 len 16[0m
[0;32mI (190974) NIMBLE_HIDH: notify handle 30 len 16[0m
frame 5760: 29459 us total, 12282 us display, type 3
[0;32mI (191004) NIMBLE_HIDH: notify handle 30 len 16[0m
frame 5761: 27061 us total, 12189 us display, type 3
[0;32mI (191034) NIMBLE_HIDH: notify handle 30 len 16[0m
frame 5762: 29612 us total, 12555 us display, type 3
[0;32mI (191064) NIMBLE_HIDH: notify handle 30 len 16[0m
frame 5763: 29073 us total, 12283 us display, type 3
[0;32mI (191094) NIMBLE_HIDH: notify handle 30 len 16[0m
frame 5764: 27832 us total, 12534 us display, type 3
[0;32mI (191124) NIMBLE_HIDH: notify handle 30 len 16[0m
frame 5765: 28770 us total, 12122 us display, type 3
axes L  -1783 -20918 R    181   -448 level 1
frame 5766: 27386 us total, 11694 us display, type 3
[0;32mI (191154) NIMBLE_HIDH: notify handle 30 len 16[0m
frame 5767: 28883 us total, 11692 us display, type 3
[0;32mI (191184) NIMBLE_HIDH: notify handle 30 len 16[0m
frame 5768: 28980 us total, 12057 us display, type 3
[0;32mI (191214) NIMBLE_HIDH: notify handle 30 len 16[0m
frame 5769: 28996 us total, 11692 us display, type 3
[0;32mI (191244) NIMBLE_HIDH: notify handle 30 len 16[0m
frame 5770: 29076 us total, 11692 us display, type 3
[0;32mI (191274) NIMBLE_HIDH: notify handle 30 len 16[0m
frame 5771: 27911 us total, 11699 us display, type 3
[0;32mI (191304) NIMBLE_HIDH: notify handle 30 len 16[0m
frame 5772: 29238 us total, 11693 us display, type 3
[0;32mI (191334) NIMBLE_HIDH: notify handle 30 len 16[0m
frame 5773: 28212 us total, 11685 us display, type 3
[0;32mI (191364) NIMBLE_HIDH: notify handle 30 len 16[0m
frame 5774: 28453 us total, 11693 us display, type 3
axes L  -1783 -20918 R    181   -448 level 1
[0;32mI (191394) NIMBLE_HIDH: notify handle 30 len 16[0m
frame 5775: 28019 us total, 11734 us display, type 3
[0;32mI (191424) NIMBLE_HIDH: notify handle 30 len 16[0m
frame 5776: 28918 us total, 11694 us display, type 3
[0;32mI (191454) NIMBLE_HIDH: notify handle 30 len 16[0m
frame 5777: 29017 us total, 11699 us display, type 3
[0;32mI (191469) NIMBLE_HIDH: notify handle 30 len 16[0m
frame 5778: 27003 us total, 12057 us display, type 3
[0;32mI (191499) NIMBLE_HIDH: notify handle 30 len 16[0m
frame 5779: 29591 us total, 11685 us display, type 3
[0;32mI (191529) NIMBLE_HIDH: notify handle 30 len 16[0m
frame 5780: 28511 us total, 11821 us display, type 3
[0;32mI (191559) NIMBLE_HIDH: notify handle 30 len 16[0m
frame 5781: 29052 us total, 11867 us display, type 3
[0;32mI (191589) NIMBLE_HIDH: notify handle 30 len 16[0m
frame 5782: 28047 us total, 11814 us display, type 3
[0;32mI (191619) NIMBLE_HIDH: notify handle 30 len 16[0m
frame 5783: 29227 us total, 11699 us display, type 3
axes L  -1783 -20984 R    181   -448 level 1
[0;32mI (191649) NIMBLE_HIDH: notify handle 30 len 16[0m
frame 5784: 28899 us total, 11859 us display, type 3
[0;32mI (191679) NIMBLE_HIDH: notify handle 30 len 16[0m
[0;32mI (191694) NIMBLE_HIDH: notify handle 30 len 16[0m
frame 5785: 28416 us total, 12336 us display, type 3
[0;32mI (191724) NIMBLE_HIDH: notify handle 30 len 16[0m
frame 5786: 27920 us total, 12486 us display, type 3
frame 5787: 27289 us total, 11692 us display, type 3
[0;32mI (191754) NIMBLE_HIDH: notify handle 30 len 16[0m
frame 5788: 29035 us total, 11699 us display, type 3
[0;32mI (191784) NIMBLE_HIDH: notify handle 30 len 16[0m
frame 5789: 28576 us total, 11685 us display, type 3
[0;32mI (191814) NIMBLE_HIDH: notify handle 30 len 16[0m
frame 5790: 29498 us total, 11969 us display, type 3
[0;32mI (191844) NIMBLE_HIDH: notify handle 30 len 16[0m
frame 5791: 29056 us total, 11915 us display, type 3
[0;32mI (191874) NIMBLE_HIDH: notify handle 30 len 16[0m
frame 5792: 28031 us total, 11714 us display, type 3
axes L  -1783 -21015 R    181   -448 level 1
[0;32mI (191904) NIMBLE_HIDH: notify handle 30 len 16[0m
frame 5793: 29514 us total, 11693 us display, type 3
[0;32mI (191934) NIMBLE_HIDH: notify handle 30 len 16[0m
frame 5794: 27286 us total, 11692 us display, type 3
[0;32mI (191964) NIMBLE_HIDH: notify handle 30 len 16[0m
frame 5795: 28861 us total, 11685 us display, type 3
[0;32mI (191994) NIMBLE_HIDH: notify handle 30 len 16[0m
frame 5796: 28179 us total, 11728 us display, type 3
[0;32mI (192024) NIMBLE_HIDH: notify handle 30 len 16[0m
frame 5797: 29025 us total, 11693 us display, type 3
[0;32mI (192054) NIMBLE_HIDH: notify handle 30 len 16[0m
frame 5798: 29058 us total, 11699 us display, type 3
[0;32mI (192084) NIMBLE_HIDH: notify handle 30 len 16[0m
frame 5799: 27952 us total, 12785 us display, type 3
[0;32mI (192114) NIMBLE_HIDH: notify handle 30 len 16[0m
frame 5800: 28975 us total, 12748 us display, type 3
[0;32mI (192144) NIMBLE_HIDH: notify handle 30 len 16[0m
frame 5801: 28125 us total, 12468 us display, type 3
axes L  -1783 -21015 R    181   -448 level 1
[0;32mI (192174) NIMBLE_HIDH: notify handle 30 len 16[0m
frame 5802: 29318 us total, 12293 us display, type 3
[0;32mI (192189) NIMBLE_HIDH: notify handle 30 len 16[0m
frame 5803: 28287 us total, 11692 us display, type 3
[0;32mI (192219) NIMBLE_HIDH: notify handle 30 len 16[0m
frame 5804: 28526 us total, 11710 us display, type 3
[0;32mI (192249) NIMBLE_HIDH: notify handle 30 len 16[0m
frame 5805: 29073 us total, 11698 us display, type 3
[0;32mI (192279) NIMBLE_HIDH: notify handle 30 len 16[0m
frame 5806: 27568 us total, 11686 us display, type 3
[0;32mI (192309) NIMBLE_HIDH: notify handle 30 len 16[0m
frame 5807: 29065 us total, 11728 us display, type 3
[0;32mI (192339) NIMBLE_HIDH: notify handle 30 len 16[0m
frame 5808: 28026 us total, 11699 us display, type 3
[0;32mI (192369) NIMBLE_HIDH: notify handle 30 len 16[0m
frame 5809: 28911 us total, 11685 us display, type 3
[0;32mI (192399) NIMBLE_HIDH: notify handle 30 len 16[0m
frame 5810: 27555 us total, 12377 us display, type 3
axes L  -1783 -21083 R    181   -448 level 1
[0;32mI (192429) NIMBLE_HIDH: notify handle 30 len 16[0m
frame 5811: 29696 us total, 12604 us display, type 3
[0;32mI (192459) NIMBLE_HIDH: notify handle 30 len 16[0m
frame 5812: 28951 us total, 12478 us display, type 3
[0;32mI (192474) NIMBLE_HIDH: notify handle 30 len 16[0m
frame 5813: 28314 us total, 11692 us display, type 3
[0;32mI (192504) NIMBLE_HIDH: notify handle 30 len 16[0m
frame 5814: 28439 us total, 11685 us display, type 3
[0;32mI (192534) NIMBLE_HIDH: notify handle 30 len 16[0m
frame 5815: 27823 us total, 11686 us display, type 3
[0;32mI (192564) NIMBLE_HIDH: notify handle 30 len 16[0m
frame 5816: 29140 us total, 11685 us display, type 3
[0;32mI (192594) NIMBLE_HIDH: notify handle 30 len 16[0m
frame 5817: 28032 us total, 11724 us display, type 3
[0;32mI (192624) NIMBLE_HIDH: notify handle 30 len 16[0m
frame 5818: 28976 us total, 11687 us display, type 3
[0;32mI (192654) NIMBLE_HIDH: notify handle 30 len 16[0m
frame 5819: 29040 us total, 11686 us display, type 3
axes L  -1783 -21113 R    181   -448 level 1
[0;32mI (192684) NIMBLE_HIDH: notify handle 30 len 16[0m
frame 5820: 28215 us total, 12879 us display, type 3
[0;32mI (192714) NIMBLE_HIDH: notify handle 30 len 16[0m
frame 5821: 28291 us total, 12373 us display, type 3
[0;32mI (192744) NIMBLE_HIDH: notify handle 30 len 16[0m
frame 5822: 28748 us total, 12533 us display, type 3
[0;32mI (192774) NIMBLE_HIDH: notify handle 30 len 16[0m
frame 5823: 29165 us total, 12304 us display, type 3
[0;32mI (192804) NIMBLE_HIDH: notify handle 30 len 16[0m
frame 5824: 27395 us total, 12183 us display, type 3
[0;32mI (192834) NIMBLE_HIDH: notify handle 30 len 16[0m
frame 5825: 29541 us total, 12502 us display, type 3
[0;32mI (192864) NIMBLE_HIDH: notify handle 30 len 16[0m
frame 5826: 28278 us total, 12197 us display, type 3
[0;32mI (192894) NIMBLE_HIDH: notify handle 30 len 16[0m
frame 5827: 28421 us total, 12529 us display, type 3
[0;32mI (192924) NIMBLE_HIDH: notify handle 30 len 16[0m
frame 5828: 28740 us total, 12190 us display, type 3
axes L  -1783 -21113 R    181   -448 level 1
frame 5829: 27810 us total, 11685 us display, type 3
[0;32mI (192954) NIMBLE_HIDH: notify handle 30 len 16[0m
frame 5830: 28769 us total, 11692 us display, type 3
[0;32mI (192984) NIMBLE_HIDH: notify handle 30 len 16[0m
frame 5831: 28901 us total, 12065 us display, type 3
[0;32mI (193014) NIMBLE_HIDH: notify handle 30 len 16[0m
frame 5832: 29131 us total, 11692 us display, type 3
[0;32mI (193044) NIMBLE_HIDH: notify handle 30 len 16[0m
frame 5833: 29388 us total, 11693 us display, type 3
[0;32mI (193074) NIMBLE_HIDH: notify handle 30 len 16[0m
frame 5834: 27511 us total, 11692 us display, type 3
[0;32mI (193104) NIMBLE_HIDH: notify handle 30 len 16[0m
frame 5835: 28788 us total, 11693 us display, type 3
[0;32mI (193134) NIMBLE_HIDH: notify handle 30 len 16[0m
frame 5836: 28373 us total, 11891 us display, type 3
[0;32mI (193164) NIMBLE_HIDH: notify handle 30 len 16[0m
frame 5837: 28752 us total, 11692 us display, type 3
axes L  -1783 -21209 R    181   -448 level 1
[0;32mI (193194) NIMBLE_HIDH: notify handle 30 len 16[0m
frame 5838: 28208 us total, 11721 us display, type 3
[0;32mI (193224) NIMBLE_HIDH: notify handle 30 len 16[0m
frame 5839: 28764 us total, 11694 us display, type 3
[0;32mI (193254) NIMBLE_HIDH: notify handle 30 len 16[0m
frame 5840: 28948 us total, 11694 us display, type 3
[0;32mI (193284) NIMBLE_HIDH: notify handle 30 len 16[0m
frame 5841: 27505 us total, 12390 us display, type 3
[0;32mI (193314) NIMBLE_HIDH: notify handle 30 len 16[0m
frame 5842: 29501 us total, 12689 us display, type 3
[0;32mI (193344) NIMBLE_HIDH: notify handle 30 len 16[0m
frame 5843: 28288 us total, 12290 us display, type 3
[0;32mI (193374) NIMBLE_HIDH: notify handle 30 len 16[0m
frame 5844: 28831 us total, 12605 us display, type 3
[0;32mI (193404) NIMBLE_HIDH: notify handle 30 len 16[0m
frame 5845: 28048 us total, 12521 us display, type 3
[0;32mI (193434) NIMBLE_HIDH: notify handle 30 len 16[0m
frame 5846: 28127 us total, 12095 us display, type 3
axes L  -1783 -21209 R    181   -448 level 1
[0;32mI (193464) NIMBLE_HIDH: notify handle 30 len 16[0m
frame 5847: 29376 us total, 12187 us display, type 3
[0;32mI (193494) NIMBLE_HIDH: notify handle 30 len 16[0m
frame 5848: 28143 us total, 12531 us display, type 3
[0;32mI (193524) NIMBLE_HIDH: notify handle 30 len 16[0m
frame 5849: 28840 us total, 12337 us display, type 3
frame 5850: 27341 us total, 11695 us display, type 3
[0;32mI (193554) NIMBLE_HIDH: notify handle 30 len 16[0m
frame 5851: 29012 us total, 11691 us display, type 3
[0;32mI (193584) NIMBLE_HIDH: notify handle 30 len 16[0m
frame 5852: 29086 us total, 12056 us display, type 3
[0;32mI (193614) NIMBLE_HIDH: notify handle 30 len 16[0m
frame 5853: 29221 us total, 11692 us display, type 3
[0;32mI (193644) NIMBLE_HIDH: notify handle 30 len 16[0m
frame 5854: 28797 us total, 11943 us display, type 3
[0;32mI (193689) NIMBLE_HIDH: notify handle 30 len 16[0m
frame 5855: 27262 us total, 12185 us display, type 3
axes L  -1783 -21281 R    181   -448 level 1
[0;32mI (193704) NIMBLE_HIDH: notify handle 30 len 16[0m
frame 5856: 29810 us total, 11754 us display, type 3
[0;32mI (193734) NIMBLE_HIDH: notify handle 30 len 16[0m
frame 5857: 27708 us total, 11685 us display, type 3
[0;32mI (193764) NIMBLE_HIDH: notify handle 30 len 16[0m
frame 5858: 29051 us total, 11692 us display, type 3
[0;32mI (193794) NIMBLE_HIDH: notify handle 30 len 16[0m
frame 5859: 28112 us total, 11735 us display, type 3
[0;32mI (193824) NIMBLE_HIDH: notify handle 30 len 16[0m
[0;32mI (193839) NIMBLE_HIDH: notify handle 30 len 16[0m
frame 5860: 29560 us total, 12307 us display, type 3
frame 5861: 27591 us total, 11699 us display, type 3
[0;32mI (193869) NIMBLE_HIDH: notify handle 30 len 16[0m
frame 5862: 28160 us total, 12056 us display, type 3
[0;32mI (193899) NIMBLE_HIDH: notify handle 30 len 16[0m
frame 5863: 30266 us total, 11685 us display, type 3
[0;32mI (193929) NIMBLE_HIDH: notify handle 30 len 16[0m
frame 5864: 27659 us total, 11691 us display, type 3
axes L  -1783 -21305 R    181   -448 level 1
[0;32mI (193959) NIMBLE_HIDH: notify handle 30 len 16[0m
frame 5865: 29409 us total, 11685 us display, type 3
[0;32mI (193989) NIMBLE_HIDH: notify handle 30 len 16[0m
frame 5866: 27479 us total, 11854 us display, type 3
[0;32mI (194019) NIMBLE_HIDH: notify handle 30 len 16[0m
frame 5867: 28856 us total, 11692 us display, type 3
[0;32mI (194049) NIMBLE_HIDH: notify handle 30 len 16[0m
frame 5868: 29053 us total, 11693 us display, type 3
[0;32mI (194079) NIMBLE_HIDH: notify handle 30 len 16[0m
frame 5869: 27995 us total, 11692 us display, type 3
[0;32mI (194109) NIMBLE_HIDH: notify handle 30 len 16[0m
frame 5870: 29002 us total, 11734 us display, type 3
[0;32mI (194139) NIMBLE_HIDH: notify handle 30 len 16[0m
frame 5871: 27911 us total, 11694 us display, type 3
[0;32mI (194169) NIMBLE_HIDH: notify handle 30 len 16[0m
frame 5872: 29222 us total, 11691 us display, type 3
[0;32mI (194199) NIMBLE_HIDH: notify handle 30 len 16[0m
frame 5873: 27788 us total, 12371 us display, type 3
axes L  -1783 -21305 R    181   -448 level 1
frame 5874: 28284 us total, 11698 us display, type 3
[0;32mI (194244) NIMBLE_HIDH: notify handle 30 len 16[0m
[0;32mI (194259) NIMBLE_HIDH: notify handle 30 len 16[0m
frame 5875: 30094 us total, 12290 us display, type 3
[0;32mI (194289) NIMBLE_HIDH: notify handle 30 len 16[0m
frame 5876: 27241 us total, 12210 us display, type 3
[0;32mI (194319) NIMBLE_HIDH: notify handle 30 len 16[0m
frame 5877: 28954 us total, 12217 us display, type 3
[0;32mI (194349) NIMBLE_HIDH: notify handle 30 len 16[0m
frame 5878: 27932 us total, 12178 us display, type 3
[0;32mI (194364) NIMBLE_HIDH: notify handle 30 len 16[0m
frame 5879: 29385 us total, 11685 us display, type 3
[0;32mI (194394) NIMBLE_HIDH: notify handle 30 len 16[0m
frame 5880: 27965 us total, 11722 us display, type 3
[0;32mI (194424) NIMBLE_HIDH: notify handle 30 len 16[0m
frame 5881: 28989 us total, 11687 us display, type 3
[0;32mI (194454) NIMBLE_HIDH: notify handle 30 len 16[0m
frame 5882: 29236 us total, 11692 us display, type 3
axes L  -1783 -21379 R    181   -448 level 1
[0;32mI (194484) NIMBLE_HIDH: notify handle 30 len 16[0m
frame 5883: 28563 us total, 11693 us display, type 3
[0;32mI (194514) NIMBLE_HIDH: notify handle 30 len 16[0m
frame 5884: 27814 us total, 12380 us display, type 3
[0;32mI (194544) NIMBLE_HIDH: notify handle 30 len 16[0m
frame 5885: 28753 us total, 12565 us display, type 3
[0;32mI (194559) NIMBLE_HIDH: notify handle 30 len 16[0m
frame 5886: 28567 us total, 11690 us display, type 3
[0;32mI (194589) NIMBLE_HIDH: notify handle 30 len 16[0m
frame 5887: 27992 us total, 11691 us display, type 3
[0;32mI (194619) NIMBLE_HIDH: notify handle 30 len 16[0m
frame 5888: 29067 us total, 11684 us display, type 3
mem @frame 5888: heap free 66484, largest 40960, min ever 65664, zone free 55016, stack free 14540, uptime 194 s, gamestate 0, demo 0, usergame 1, tic 6709
[0;32mI (194649) NIMBLE_HIDH: notify handle 30 len 16[0m
frame 5889: 29092 us total, 11690 us display, type 3
[0;32mI (194679) NIMBLE_HIDH: notify handle 30 len 16[0m
frame 5890: 28022 us total, 11692 us display, type 3
[0;32mI (194709) NIMBLE_HIDH: notify handle 30 len 16[0m
frame 5891: 29044 us total, 11736 us display, type 3
axes L  -1783 -21406 R    181   -448 level 1
[0;32mI (194739) NIMBLE_HIDH: notify handle 30 len 16[0m
frame 5892: 28414 us total, 11692 us display, type 3
[0;32mI (194769) NIMBLE_HIDH: notify handle 30 len 16[0m
frame 5893: 29121 us total, 11772 us display, type 3
[0;32mI (194799) NIMBLE_HIDH: notify handle 30 len 16[0m
frame 5894: 27045 us total, 12389 us display, type 3
[0;32mI (194829) NIMBLE_HIDH: notify handle 30 len 16[0m
frame 5895: 29489 us total, 12753 us display, type 3
[0;32mI (194859) NIMBLE_HIDH: notify handle 30 len 16[0m
frame 5896: 29042 us total, 12493 us display, type 3
[0;32mI (194889) NIMBLE_HIDH: notify handle 30 len 16[0m
frame 5897: 28000 us total, 12491 us display, type 3
[0;32mI (194919) NIMBLE_HIDH: notify handle 30 len 16[0m
frame 5898: 29054 us total, 12505 us display, type 3
[0;32mI (194949) NIMBLE_HIDH: notify handle 30 len 16[0m
frame 5899: 27684 us total, 12187 us display, type 3
[0;32mI (194979) NIMBLE_HIDH: notify handle 30 len 16[0m
frame 5900: 29139 us total, 12375 us display, type 3
axes L  -1783 -21475 R    181   -448 level 1
[0;32mI (195009) NIMBLE_HIDH: notify handle 30 len 16[0m
frame 5901: 27920 us total, 12119 us display, type 3
frame 5902: 28565 us total, 11686 us display, type 3
[0;32mI (195039) NIMBLE_HIDH: notify handle 30 len 16[0m
frame 5903: 29320 us total, 11693 us display, type 3
[0;32mI (195069) NIMBLE_HIDH: notify handle 30 len 16[0m
frame 5904: 27397 us total, 12058 us display, type 3
[0;32mI (195099) NIMBLE_HIDH: notify handle 30 len 16[0m
frame 5905: 29362 us total, 11685 us display, type 3
[0;32mI (195129) NIMBLE_HIDH: notify handle 30 len 16[0m
frame 5906: 28553 us total, 11945 us display, type 3
[0;32mI (195159) NIMBLE_HIDH: notify handle 30 len 16[0m
frame 5907: 29038 us total, 11923 us display, type 3
[0;32mI (195189) NIMBLE_HIDH: notify handle 30 len 16[0m
[0;32mI (195204) NIMBLE_HIDH: notify handle 30 len 16[0m
frame 5908: 28125 us total, 12112 us display, type 3
[0;32mI (195234) NIMBLE_HIDH: notify handle 30 len 16[0m
frame 5909: 28257 us total, 12173 us display, type 3
axes L  -1783 -21505 R    181   -448 level 1
[0;32mI (195264) NIMBLE_HIDH: notify handle 30 len 16[0m
frame 5910: 29178 us total, 12181 us display, type 3
[0;32mI (195294) NIMBLE_HIDH: notify handle 30 len 16[0m
frame 5911: 28142 us total, 12526 us display, type 3
[0;32mI (195324) NIMBLE_HIDH: notify handle 30 len 16[0m
frame 5912: 28809 us total, 12123 us display, type 3
frame 5913: 27871 us total, 11686 us display, type 3
[0;32mI (195354) NIMBLE_HIDH: notify handle 30 len 16[0m
frame 5914: 28519 us total, 11692 us display, type 3
[0;32mI (195384) NIMBLE_HIDH: notify handle 30 len 16[0m
frame 5915: 28263 us total, 11692 us display, type 3
[0;32mI (195414) NIMBLE_HIDH: notify handle 30 len 16[0m
frame 5916: 29752 us total, 11990 us display, type 3
[0;32mI (195444) NIMBLE_HIDH: notify handle 30 len 16[0m
frame 5917: 29038 us total, 11889 us display, type 3
[0;32mI (195474) NIMBLE_HIDH: notify handle 30 len 16[0m
frame 5918: 27719 us total, 11685 us display, type 3
axes L  -1783 -21505 R    181   -448 level 1
[0;32mI (195504) NIMBLE_HIDH: notify handle 30 len 16[0m
frame 5919: 29380 us total, 11775 us display, type 3
[0;32mI (195534) NIMBLE_HIDH: notify handle 30 len 16[0m
frame 5920: 27733 us total, 11693 us display, type 3
[0;32mI (195564) NIMBLE_HIDH: notify handle 30 len 16[0m
frame 5921: 29007 us total, 11692 us display, type 3
[0;32mI (195594) NIMBLE_HIDH: notify handle 30 len 16[0m
frame 5922: 28265 us total, 11721 us display, type 3
[0;32mI (195624) NIMBLE_HIDH: notify handle 30 len 16[0m
frame 5923: 29442 us total, 11786 us display, type 3
[0;32mI (195654) NIMBLE_HIDH: notify handle 30 len 16[0m
frame 5924: 28488 us total, 11699 us display, type 3
[0;32mI (195684) NIMBLE_HIDH: notify handle 30 len 16[0m
frame 5925: 27870 us total, 12870 us display, type 3
[0;32mI (195699) NIMBLE_HIDH: notify handle 30 len 16[0m
frame 5926: 28454 us total, 11692 us display, type 3
[0;32mI (195729) NIMBLE_HIDH: notify handle 30 len 16[0m
frame 5927: 28650 us total, 11809 us display, type 3
axes L  -1783 -21573 R    181   -448 level 1
[0;32mI (195759) NIMBLE_HIDH: notify handle 30 len 16[0m
frame 5928: 29261 us total, 11692 us display, type 3
[0;32mI (195789) NIMBLE_HIDH: notify handle 30 len 16[0m
frame 5929: 27815 us total, 11737 us display, type 3
[0;32mI (195819) NIMBLE_HIDH: notify handle 30 len 16[0m
frame 5930: 29068 us total, 11799 us display, type 3
[0;32mI (195849) NIMBLE_HIDH: notify handle 30 len 16[0m
frame 5931: 28860 us total, 11692 us display, type 3
[0;32mI (195879) NIMBLE_HIDH: notify handle 30 len 16[0m
[0;32mI (195894) NIMBLE_HIDH: notify handle 30 len 16[0m
frame 5932: 28777 us total, 12268 us display, type 3
[0;32mI (195924) NIMBLE_HIDH: notify handle 30 len 16[0m
frame 5933: 28672 us total, 12477 us display, type 3
frame 5934: 26654 us total, 11699 us display, type 3
[0;32mI (195954) NIMBLE_HIDH: notify handle 30 len 16[0m
frame 5935: 28784 us total, 11694 us display, type 3
[0;32mI (195984) NIMBLE_HIDH: notify handle 30 len 16[0m
frame 5936: 29009 us total, 12058 us display, type 3
axes L  -1783 -21601 R    181   -448 level 1
[0;32mI (196014) NIMBLE_HIDH: notify handle 30 len 16[0m
frame 5937: 29057 us total, 11739 us display, type 3
[0;32mI (196044) NIMBLE_HIDH: notify handle 30 len 16[0m
frame 5938: 29036 us total, 11824 us display, type 3
[0;32mI (196074) NIMBLE_HIDH: notify handle 30 len 16[0m
frame 5939: 28043 us total, 11905 us display, type 3
[0;32mI (196104) NIMBLE_HIDH: notify handle 30 len 16[0m
frame 5940: 28715 us total, 11686 us display, type 3
[0;32mI (196134) NIMBLE_HIDH: notify handle 30 len 16[0m
frame 5941: 27981 us total, 11685 us display, type 3
[0;32mI (196164) NIMBLE_HIDH: notify handle 30 len 16[0m
frame 5942: 29253 us total, 11692 us display, type 3
[0;32mI (196194) NIMBLE_HIDH: notify handle 30 len 16[0m
frame 5943: 28469 us total, 11884 us display, type 3
[0;32mI (196224) NIMBLE_HIDH: notify handle 30 len 16[0m
frame 5944: 28363 us total, 11693 us display, type 3
[0;32mI (196254) NIMBLE_HIDH: notify handle 30 len 16[0m
frame 5945: 28864 us total, 11692 us display, type 3
axes L  -1783 -21601 R    181   -448 level 1
[0;32mI (196284) NIMBLE_HIDH: notify handle 30 len 16[0m
frame 5946: 27567 us total, 12379 us display, type 3
[0;32mI (196314) NIMBLE_HIDH: notify handle 30 len 16[0m
frame 5947: 28870 us total, 12373 us display, type 3
[0;32mI (196344) NIMBLE_HIDH: notify handle 30 len 16[0m
frame 5948: 28331 us total, 12297 us display, type 3
[0;32mI (196374) NIMBLE_HIDH: notify handle 30 len 16[0m
frame 5949: 29092 us total, 12302 us display, type 3
[0;32mI (196389) NIMBLE_HIDH: notify handle 30 len 16[0m
frame 5950: 28159 us total, 11689 us display, type 3
[0;32mI (196419) NIMBLE_HIDH: notify handle 30 len 16[0m
frame 5951: 29008 us total, 11685 us display, type 3
[0;32mI (196449) NIMBLE_HIDH: notify handle 30 len 16[0m
frame 5952: 29253 us total, 11699 us display, type 3
[0;32mI (196479) NIMBLE_HIDH: notify handle 30 len 16[0m
frame 5953: 28397 us total, 11732 us display, type 3
[0;32mI (196509) NIMBLE_HIDH: notify handle 30 len 16[0m
frame 5954: 28512 us total, 11738 us display, type 3
axes L  -1783 -21669 R    181   -448 level 1
[0;32mI (196539) NIMBLE_HIDH: notify handle 30 len 16[0m
frame 5955: 27980 us total, 11692 us display, type 3
[0;32mI (196569) NIMBLE_HIDH: notify handle 30 len 16[0m
frame 5956: 29005 us total, 11693 us display, type 3
[0;32mI (196599) NIMBLE_HIDH: notify handle 30 len 16[0m
frame 5957: 27497 us total, 12379 us display, type 3
[0;32mI (196614) NIMBLE_HIDH: notify handle 30 len 16[0m
frame 5958: 29602 us total, 11840 us display, type 3
[0;32mI (196644) NIMBLE_HIDH: notify handle 30 len 16[0m
frame 5959: 29099 us total, 11692 us display, type 3
[0;32mI (196674) NIMBLE_HIDH: notify handle 30 len 16[0m
frame 5960: 27977 us total, 11727 us display, type 3
[0;32mI (196704) NIMBLE_HIDH: notify handle 30 len 16[0m
frame 5961: 29059 us total, 11772 us display, type 3
[0;32mI (196734) NIMBLE_HIDH: notify handle 30 len 16[0m
frame 5962: 28180 us total, 11692 us display, type 3
[0;32mI (196764) NIMBLE_HIDH: notify handle 30 len 16[0m
frame 5963: 29286 us total, 11685 us display, type 3
axes L  -1783 -21697 R    181   -448 level 1
[0;32mI (196794) NIMBLE_HIDH: notify handle 30 len 16[0m
frame 5964: 27901 us total, 11885 us display, type 3
[0;32mI (196824) NIMBLE_HIDH: notify handle 30 len 16[0m
frame 5965: 28467 us total, 11693 us display, type 3
[0;32mI (196854) NIMBLE_HIDH: notify handle 30 len 16[0m
frame 5966: 28793 us total, 11685 us display, type 3
[0;32mI (196884) NIMBLE_HIDH: notify handle 30 len 16[0m
frame 5967: 27566 us total, 12376 us display, type 3
[0;32mI (196914) NIMBLE_HIDH: notify handle 30 len 16[0m
frame 5968: 29067 us total, 12378 us display, type 3
[0;32mI (196944) NIMBLE_HIDH: notify handle 30 len 16[0m
frame 5969: 28647 us total, 12649 us display, type 3
[0;32mI (196974) NIMBLE_HIDH: notify handle 30 len 16[0m
frame 5970: 29111 us total, 12784 us display, type 3
[0;32mI (197004) NIMBLE_HIDH: notify handle 30 len 16[0m
frame 5971: 27372 us total, 12201 us display, type 3
[0;32mI (197034) NIMBLE_HIDH: notify handle 30 len 16[0m
frame 5972: 29155 us total, 12182 us display, type 3
axes L  -1783 -21697 R    181   -448 level 1
[0;32mI (197064) NIMBLE_HIDH: notify handle 30 len 16[0m
frame 5973: 29565 us total, 12231 us display, type 3
[0;32mI (197094) NIMBLE_HIDH: notify handle 30 len 16[0m
frame 5974: 27549 us total, 12516 us display, type 3
[0;32mI (197124) NIMBLE_HIDH: notify handle 30 len 16[0m
frame 5975: 28780 us total, 12500 us display, type 3
frame 5976: 27365 us total, 11693 us display, type 3
[0;32mI (197154) NIMBLE_HIDH: notify handle 30 len 16[0m
frame 5977: 29008 us total, 11691 us display, type 3
[0;32mI (197184) NIMBLE_HIDH: notify handle 30 len 16[0m
frame 5978: 28498 us total, 11692 us display, type 3
[0;32mI (197214) NIMBLE_HIDH: notify handle 30 len 16[0m
frame 5979: 29556 us total, 11973 us display, type 3
[0;32mI (197244) NIMBLE_HIDH: notify handle 30 len 16[0m
frame 5980: 29039 us total, 11856 us display, type 3
[0;32mI (197274) NIMBLE_HIDH: notify handle 30 len 16[0m
frame 5981: 27753 us total, 11685 us display, type 3
axes L  -1783 -21765 R    181   -448 level 1
[0;32mI (197304) NIMBLE_HIDH: notify handle 30 len 16[0m
frame 5982: 29450 us total, 11693 us display, type 3
[0;32mI (197334) NIMBLE_HIDH: notify handle 30 len 16[0m
frame 5983: 28104 us total, 11692 us display, type 3
[0;32mI (197364) NIMBLE_HIDH: notify handle 30 len 16[0m
frame 5984: 28590 us total, 11695 us display, type 3
[0;32mI (197394) NIMBLE_HIDH: notify handle 30 len 16[0m
frame 5985: 27976 us total, 11723 us display, type 3
[0;32mI (197424) NIMBLE_HIDH: notify handle 30 len 16[0m
frame 5986: 28784 us total, 11687 us display, type 3
[0;32mI (197454) NIMBLE_HIDH: notify handle 30 len 16[0m
frame 5987: 29097 us total, 11685 us display, type 3
[0;32mI (197484) NIMBLE_HIDH: notify handle 30 len 16[0m
frame 5988: 27617 us total, 12386 us display, type 3
[0;32mI (197514) NIMBLE_HIDH: notify handle 30 len 16[0m
frame 5989: 29064 us total, 12381 us display, type 3
[0;32mI (197544) NIMBLE_HIDH: notify handle 30 len 16[0m
frame 5990: 28571 us total, 12552 us display, type 3
axes L  -1783 -21793 R    181   -448 level 1
[0;32mI (197574) NIMBLE_HIDH: notify handle 30 len 16[0m
frame 5991: 29015 us total, 12306 us display, type 3
[0;32mI (197604) NIMBLE_HIDH: notify handle 30 len 16[0m
frame 5992: 28035 us total, 12301 us display, type 3
[0;32mI (197634) NIMBLE_HIDH: notify handle 30 len 16[0m
frame 5993: 29184 us total, 12172 us display, type 3
[0;32mI (197664) NIMBLE_HIDH: notify handle 30 len 16[0m
frame 5994: 28511 us total, 12172 us display, type 3
[0;32mI (197694) NIMBLE_HIDH: notify handle 30 len 16[0m
frame 5995: 28157 us total, 12530 us display, type 3
[0;32mI (197724) NIMBLE_HIDH: notify handle 30 len 16[0m
frame 5996: 28649 us total, 12061 us display, type 3
frame 5997: 27604 us total, 11692 us display, type 3
[0;32mI (197754) NIMBLE_HIDH: notify handle 30 len 16[0m
frame 5998: 29008 us total, 11692 us display, type 3
[0;32mI (197784) NIMBLE_HIDH: notify handle 30 len 16[0m
frame 5999: 28825 us total, 12057 us display, type 3
axes L  -1783 -21793 R    181   -448 level 1
[0;32mI (197814) NIMBLE_HIDH: notify handle 30 len 16[0m
frame 6000: 28990 us total, 11692 us display, type 3
[0;32mI (197844) NIMBLE_HIDH: notify handle 30 len 16[0m
frame 6001: 29027 us total, 11747 us display, type 3
[0;32mI (197874) NIMBLE_HIDH: notify handle 30 len 16[0m
frame 6002: 28107 us total, 11693 us display, type 3
[0;32mI (197904) NIMBLE_HIDH: notify handle 30 len 16[0m
frame 6003: 29250 us total, 11686 us display, type 3
[0;32mI (197934) NIMBLE_HIDH: notify handle 30 len 16[0m
frame 6004: 27528 us total, 11699 us display, type 3
[0;32mI (197964) NIMBLE_HIDH: notify handle 30 len 16[0m
frame 6005: 28860 us total, 11685 us display, type 3
[0;32mI (197994) NIMBLE_HIDH: notify handle 30 len 16[0m
frame 6006: 27823 us total, 11708 us display, type 3
[0;32mI (198024) NIMBLE_HIDH: notify handle 30 len 16[0m
frame 6007: 29097 us total, 11693 us display, type 3
[0;32mI (198054) NIMBLE_HIDH: notify handle 30 len 16[0m
frame 6008: 28999 us total, 11692 us display, type 3
axes L  -1783 -21793 R    181   -448 level 1
[0;32mI (198084) NIMBLE_HIDH: notify handle 30 len 16[0m
frame 6009: 28187 us total, 12787 us display, type 3
[0;32mI (198114) NIMBLE_HIDH: notify handle 30 len 16[0m
frame 6010: 28356 us total, 12387 us display, type 3
[0;32mI (198144) NIMBLE_HIDH: notify handle 30 len 16[0m
frame 6011: 28281 us total, 12303 us display, type 3
[0;32mI (198174) NIMBLE_HIDH: notify handle 30 len 16[0m
frame 6012: 29523 us total, 12558 us display, type 3
[0;32mI (198204) NIMBLE_HIDH: notify handle 30 len 16[0m
frame 6013: 28044 us total, 12292 us display, type 3
[0;32mI (198234) NIMBLE_HIDH: notify handle 30 len 16[0m
frame 6014: 28396 us total, 12196 us display, type 3
[0;32mI (198264) NIMBLE_HIDH: notify handle 30 len 16[0m
frame 6015: 28812 us total, 12158 us display, type 3
[0;32mI (198294) NIMBLE_HIDH: notify handle 30 len 16[0m
frame 6016: 28820 us total, 12519 us display, type 3
[0;32mI (198324) NIMBLE_HIDH: notify handle 30 len 16[0m
frame 6017: 28447 us total, 12208 us display, type 3
axes L  -1783 -21863 R    181   -448 level 1
frame 6018: 27702 us total, 11693 us display, type 3
[0;32mI (198354) NIMBLE_HIDH: notify handle 30 len 16[0m
frame 6019: 28871 us total, 11699 us display, type 3
[0;32mI (198384) NIMBLE_HIDH: notify handle 30 len 16[0m
frame 6020: 28856 us total, 12060 us display, type 3
[0;32mI (198414) NIMBLE_HIDH: notify handle 30 len 16[0m
frame 6021: 28990 us total, 11816 us display, type 3
[0;32mI (198444) NIMBLE_HIDH: notify handle 30 len 16[0m
frame 6022: 29246 us total, 11692 us display, type 3
[0;32mI (198474) NIMBLE_HIDH: notify handle 30 len 16[0m
frame 6023: 28386 us total, 11686 us display, type 3
[0;32mI (198504) NIMBLE_HIDH: notify handle 30 len 16[0m
frame 6024: 28504 us total, 11692 us display, type 3
[0;32mI (198534) NIMBLE_HIDH: notify handle 30 len 16[0m
frame 6025: 28128 us total, 11861 us display, type 3
[0;32mI (198564) NIMBLE_HIDH: notify handle 30 len 16[0m
frame 6026: 28647 us total, 11693 us display, type 3
axes L  -1783 -21894 R    181   -448 level 1
[0;32mI (198594) NIMBLE_HIDH: notify handle 30 len 16[0m
frame 6027: 28297 us total, 11717 us display, type 3
[0;32mI (198624) NIMBLE_HIDH: notify handle 30 len 16[0m
frame 6028: 28803 us total, 11697 us display, type 3
[0;32mI (198654) NIMBLE_HIDH: notify handle 30 len 16[0m
frame 6029: 29026 us total, 11692 us display, type 3
[0;32mI (198684) NIMBLE_HIDH: notify handle 30 len 16[0m
frame 6030: 27856 us total, 12787 us display, type 3
[0;32mI (198714) NIMBLE_HIDH: notify handle 30 len 16[0m
frame 6031: 28566 us total, 12382 us display, type 3
[0;32mI (198744) NIMBLE_HIDH: notify handle 30 len 16[0m
frame 6032: 28580 us total, 12390 us display, type 3
[0;32mI (198774) NIMBLE_HIDH: notify handle 30 len 16[0m
frame 6033: 29232 us total, 12289 us display, type 3
[0;32mI (198804) NIMBLE_HIDH: notify handle 30 len 16[0m
frame 6034: 27318 us total, 12187 us display, type 3
[0;32mI (198834) NIMBLE_HIDH: notify handle 30 len 16[0m
frame 6035: 28772 us total, 12154 us display, type 3
axes L  -1783 -21894 R    181   -448 level 1
[0;32mI (198864) NIMBLE_HIDH: notify handle 30 len 16[0m
frame 6036: 29888 us total, 12436 us display, type 3
[0;32mI (198894) NIMBLE_HIDH: notify handle 30 len 16[0m
frame 6037: 27601 us total, 12516 us display, type 3
[0;32mI (198924) NIMBLE_HIDH: notify handle 30 len 16[0m
frame 6038: 28729 us total, 12286 us display, type 3
frame 6039: 27426 us total, 11699 us display, type 3
[0;32mI (198954) NIMBLE_HIDH: notify handle 30 len 16[0m
frame 6040: 28966 us total, 11692 us display, type 3
[0;32mI (198984) NIMBLE_HIDH: notify handle 30 len 16[0m
frame 6041: 28487 us total, 11685 us display, type 3
[0;32mI (199014) NIMBLE_HIDH: notify handle 30 len 16[0m
frame 6042: 29545 us total, 11762 us display, type 3
[0;32mI (199044) NIMBLE_HIDH: notify handle 30 len 16[0m
frame 6043: 29323 us total, 11692 us display, type 3
[0;32mI (199074) NIMBLE_HIDH: notify handle 30 len 16[0m
frame 6044: 27753 us total, 11910 us display, type 3
axes L  -1783 -21894 R    181   -448 level 1
[0;32mI (199104) NIMBLE_HIDH: notify handle 30 len 16[0m
frame 6045: 29050 us total, 11791 us display, type 3
[0;32mI (199134) NIMBLE_HIDH: notify handle 30 len 16[0m
frame 6046: 27483 us total, 11685 us display, type 3
[0;32mI (199164) NIMBLE_HIDH: notify handle 30 len 16[0m
frame 6047: 29076 us total, 11685 us display, type 3
[0;32mI (199194) NIMBLE_HIDH: notify handle 30 len 16[0m
frame 6048: 28135 us total, 11734 us display, type 3
[0;32mI (199224) NIMBLE_HIDH: notify handle 30 len 16[0m
frame 6049: 29047 us total, 11693 us display, type 3
[0;32mI (199254) NIMBLE_HIDH: notify handle 30 len 16[0m
frame 6050: 28995 us total, 11692 us display, type 3
[0;32mI (199284) NIMBLE_HIDH: notify handle 30 len 16[0m
frame 6051: 27555 us total, 12377 us display, type 3
[0;32mI (199314) NIMBLE_HIDH: notify handle 30 len 16[0m
frame 6052: 29520 us total, 12666 us display, type 3
[0;32mI (199344) NIMBLE_HIDH: notify handle 30 len 16[0m
frame 6053: 28336 us total, 12290 us display, type 3
axes L  -1783 -21963 R    181   -448 level 1
[0;32mI (199374) NIMBLE_HIDH: notify handle 30 len 16[0m
frame 6054: 28801 us total, 12343 us display, type 3
[0;32mI (199404) NIMBLE_HIDH: notify handle 30 len 16[0m
frame 6055: 27492 us total, 12187 us display, type 3
[0;32mI (199434) NIMBLE_HIDH: notify handle 30 len 16[0m
frame 6056: 29590 us total, 12351 us display, type 3
[0;32mI (199464) NIMBLE_HIDH: notify handle 30 len 16[0m
frame 6057: 28569 us total, 12176 us display, type 3
[0;32mI (199479) NIMBLE_HIDH: notify handle 30 len 16[0m
frame 6058: 28392 us total, 11692 us display, type 3
[0;32mI (199509) NIMBLE_HIDH: notify handle 30 len 16[0m
frame 6059: 29005 us total, 11733 us display, type 3
[0;32mI (199539) NIMBLE_HIDH: notify handle 30 len 16[0m
frame 6060: 27922 us total, 11692 us display, type 3
[0;32mI (199569) NIMBLE_HIDH: notify handle 30 len 16[0m
frame 6061: 28968 us total, 11692 us display, type 3
[0;32mI (199599) NIMBLE_HIDH: notify handle 30 len 16[0m
frame 6062: 27996 us total, 12658 us display, type 3
axes L  -1783 -21990 R    181   -448 level 1
[0;32mI (199629) NIMBLE_HIDH: notify handle 30 len 16[0m
frame 6063: 29513 us total, 12381 us display, type 3
[0;32mI (199659) NIMBLE_HIDH: notify handle 30 len 16[0m
frame 6064: 28534 us total, 12536 us display, type 3
[0;32mI (199689) NIMBLE_HIDH: notify handle 30 len 16[0m
frame 6065: 27556 us total, 12226 us display, type 3
[0;32mI (199719) NIMBLE_HIDH: notify handle 30 len 16[0m
frame 6066: 28792 us total, 12191 us display, type 3
[0;32mI (199749) NIMBLE_HIDH: notify handle 30 len 16[0m
frame 6067: 28003 us total, 12161 us display, type 3
[0;32mI (199779) NIMBLE_HIDH: notify handle 30 len 16[0m
frame 6068: 29241 us total, 12382 us display, type 3
[0;32mI (199809) NIMBLE_HIDH: notify handle 30 len 16[0m
frame 6069: 27945 us total, 12303 us display, type 3
frame 6070: 28352 us total, 11692 us display, type 3
[0;32mI (199839) NIMBLE_HIDH: notify handle 30 len 16[0m
frame 6071: 29008 us total, 11692 us display, type 3
[0;32mI (199869) NIMBLE_HIDH: notify handle 30 len 16[0m
axes L  -1783 -21990 R    181   -448 level 1
frame 6072: 28349 us total, 12063 us display, type 3
[0;32mI (199899) NIMBLE_HIDH: notify handle 30 len 16[0m
frame 6073: 29943 us total, 12057 us display, type 3
[0;32mI (199929) NIMBLE_HIDH: notify handle 30 len 16[0m
frame 6074: 27806 us total, 11917 us display, type 3
[0;32mI (199959) NIMBLE_HIDH: notify handle 30 len 16[0m
frame 6075: 28641 us total, 11685 us display, type 3
[0;32mI (199989) NIMBLE_HIDH: notify handle 30 len 16[0m
frame 6076: 28452 us total, 11749 us display, type 3
[0;32mI (200019) NIMBLE_HIDH: notify handle 30 len 16[0m
frame 6077: 28639 us total, 11685 us display, type 3
[0;32mI (200049) NIMBLE_HIDH: notify handle 30 len 16[0m
frame 6078: 29012 us total, 11685 us display, type 3
[0;32mI (200079) NIMBLE_HIDH: notify handle 30 len 16[0m
frame 6079: 28032 us total, 11685 us display, type 3
[0;32mI (200109) NIMBLE_HIDH: notify handle 30 len 16[0m
frame 6080: 29061 us total, 11734 us display, type 3
axes L  -1783 -21990 R    181   -448 level 1
[0;32mI (200139) NIMBLE_HIDH: notify handle 30 len 16[0m
frame 6081: 28194 us total, 11699 us display, type 3
[0;32mI (200169) NIMBLE_HIDH: notify handle 30 len 16[0m
frame 6082: 29039 us total, 11772 us display, type 3
[0;32mI (200199) NIMBLE_HIDH: notify handle 30 len 16[0m
frame 6083: 27887 us total, 12421 us display, type 3
[0;32mI (200214) NIMBLE_HIDH: notify handle 30 len 16[0m
frame 6084: 28993 us total, 11751 us display, type 3
[0;32mI (200244) NIMBLE_HIDH: notify handle 30 len 16[0m
frame 6085: 29036 us total, 11734 us display, type 3
[0;32mI (200274) NIMBLE_HIDH: notify handle 30 len 16[0m
frame 6086: 27745 us total, 11685 us display, type 3
[0;32mI (200304) NIMBLE_HIDH: notify handle 30 len 16[0m
frame 6087: 29105 us total, 11692 us display, type 3
[0;32mI (200334) NIMBLE_HIDH: notify handle 30 len 16[0m
frame 6088: 28085 us total, 11692 us display, type 3
[0;32mI (200364) NIMBLE_HIDH: notify handle 30 len 16[0m
frame 6089: 29126 us total, 11692 us display, type 3
axes L  -1783 -22061 R    181   -448 level 1
[0;32mI (200394) NIMBLE_HIDH: notify handle 30 len 16[0m
frame 6090: 28399 us total, 11865 us display, type 3
[0;32mI (200424) NIMBLE_HIDH: notify handle 30 len 16[0m
frame 6091: 28574 us total, 11699 us display, type 3
[0;32mI (200454) NIMBLE_HIDH: notify handle 30 len 16[0m
frame 6092: 29197 us total, 11692 us display, type 3
[0;32mI (200484) NIMBLE_HIDH: notify handle 30 len 16[0m
frame 6093: 28186 us total, 11685 us display, type 3
[0;32mI (200514) NIMBLE_HIDH: notify handle 30 len 16[0m
frame 6094: 28066 us total, 12389 us display, type 3
[0;32mI (200544) NIMBLE_HIDH: notify handle 30 len 16[0m
frame 6095: 28556 us total, 12787 us display, type 3
[0;32mI (200574) NIMBLE_HIDH: notify handle 30 len 16[0m
frame 6096: 29002 us total, 12367 us display, type 3
[0;32mI (200604) NIMBLE_HIDH: notify handle 30 len 16[0m
frame 6097: 27493 us total, 12176 us display, type 3
[0;32mI (200634) NIMBLE_HIDH: notify handle 30 len 16[0m
frame 6098: 28992 us total, 12170 us display, type 3
axes L  -1783 -22087 R    181   -448 level 1
[0;32mI (200664) NIMBLE_HIDH: notify handle 30 len 16[0m
frame 6099: 29192 us total, 12173 us display, type 3
[0;32mI (200694) NIMBLE_HIDH: notify handle 30 len 16[0m
frame 6100: 28088 us total, 12513 us display, type 3
[0;32mI (200724) NIMBLE_HIDH: notify handle 30 len 16[0m
frame 6101: 28745 us total, 12284 us display, type 3
frame 6102: 27643 us total, 11692 us display, type 3
[0;32mI (200754) NIMBLE_HIDH: notify handle 30 len 16[0m
frame 6103: 29306 us total, 11685 us display, type 3
[0;32mI (200784) NIMBLE_HIDH: notify handle 30 len 16[0m
frame 6104: 28402 us total, 12057 us display, type 3
[0;32mI (200814) NIMBLE_HIDH: notify handle 30 len 16[0m
frame 6105: 29061 us total, 12016 us display, type 3
[0;32mI (200844) NIMBLE_HIDH: notify handle 30 len 16[0m
frame 6106: 29050 us total, 12118 us display, type 3
[0;32mI (200874) NIMBLE_HIDH: notify handle 30 len 16[0m
frame 6107: 27594 us total, 11685 us display, type 3
axes L  -1783 -22087 R    181   -448 level 1
[0;32mI (200904) NIMBLE_HIDH: notify handle 30 len 16[0m
frame 6108: 29475 us total, 11891 us display, type 3
[0;32mI (200934) NIMBLE_HIDH: notify handle 30 len 16[0m
frame 6109: 27677 us total, 11685 us display, type 3
[0;32mI (200964) NIMBLE_HIDH: notify handle 30 len 16[0m
frame 6110: 28974 us total, 11685 us display, type 3
[0;32mI (200994) NIMBLE_HIDH: notify handle 30 len 16[0m
frame 6111: 28043 us total, 11722 us display, type 3
[0;32mI (201024) NIMBLE_HIDH: notify handle 30 len 16[0m
frame 6112: 29211 us total, 11694 us display, type 3
[0;32mI (201054) NIMBLE_HIDH: notify handle 30 len 16[0m
frame 6113: 29352 us total, 11697 us display, type 3
[0;32mI (201084) NIMBLE_HIDH: notify handle 30 len 16[0m
frame 6114: 27051 us total, 12395 us display, type 3
[0;32mI (201114) NIMBLE_HIDH: notify handle 30 len 16[0m
frame 6115: 28837 us total, 12385 us display, type 3
[0;32mI (201144) NIMBLE_HIDH: notify handle 30 len 16[0m
frame 6116: 28892 us total, 12477 us display, type 3
axes L  -1783 -22087 R    181   -448 level 1
[0;32mI (201174) NIMBLE_HIDH: notify handle 30 len 16[0m
frame 6117: 28927 us total, 12404 us display, type 3
[0;32mI (201204) NIMBLE_HIDH: notify handle 30 len 16[0m
frame 6118: 27592 us total, 12194 us display, type 3
[0;32mI (201234) NIMBLE_HIDH: notify handle 30 len 16[0m
frame 6119: 29052 us total, 12194 us display, type 3
[0;32mI (201264) NIMBLE_HIDH: notify handle 30 len 16[0m
frame 6120: 28994 us total, 12176 us display, type 3
[0;32mI (201294) NIMBLE_HIDH: notify handle 30 len 16[0m
frame 6121: 28363 us total, 12519 us display, type 3
[0;32mI (201324) NIMBLE_HIDH: notify handle 30 len 16[0m
frame 6122: 28875 us total, 12112 us display, type 3
frame 6123: 27848 us total, 11685 us display, type 3
[0;32mI (201354) NIMBLE_HIDH: notify handle 30 len 16[0m
frame 6124: 28561 us total, 11699 us display, type 3
[0;32mI (201384) NIMBLE_HIDH: notify handle 30 len 16[0m
frame 6125: 28663 us total, 12057 us display, type 3
axes L  -1783 -22087 R    181   -448 level 1
[0;32mI (201414) NIMBLE_HIDH: notify handle 30 len 16[0m
frame 6126: 28970 us total, 11789 us display, type 3
[0;32mI (201444) NIMBLE_HIDH: notify handle 30 len 16[0m
frame 6127: 29052 us total, 11886 us display, type 3
[0;32mI (201474) NIMBLE_HIDH: notify handle 30 len 16[0m
frame 6128: 28032 us total, 11905 us display, type 3
[0;32mI (201504) NIMBLE_HIDH: notify handle 30 len 16[0m
[0;32mI (201519) NIMBLE_HIDH: notify handle 30 len 16[0m
frame 6129: 29322 us total, 12153 us display, type 3
[0;32mI (201549) NIMBLE_HIDH: notify handle 30 len 16[0m
frame 6130: 27122 us total, 12164 us display, type 3
[0;32mI (201579) NIMBLE_HIDH: notify handle 30 len 16[0m
frame 6131: 29207 us total, 12397 us display, type 3
[0;32mI (201609) NIMBLE_HIDH: notify handle 30 len 16[0m
frame 6132: 27872 us total, 12063 us display, type 3
frame 6133: 28908 us total, 11693 us display, type 3
[0;32mI (201639) NIMBLE_HIDH: notify handle 30 len 16[0m
frame 6134: 28497 us total, 11693 us display, type 3
[0;32mI (201669) NIMBLE_HIDH: notify handle 30 len 16[0m
axes L  -1783 -22157 R    181   -448 level 1
frame 6135: 27923 us total, 12057 us display, type 3
[0;32mI (201699) NIMBLE_HIDH: notify handle 30 len 16[0m
frame 6136: 30072 us total, 12062 us display, type 3
[0;32mI (201729) NIMBLE_HIDH: notify handle 30 len 16[0m
frame 6137: 28028 us total, 11884 us display, type 3
[0;32mI (201759) NIMBLE_HIDH: notify handle 30 len 16[0m
frame 6138: 29046 us total, 11934 us display, type 3
[0;32mI (201789) NIMBLE_HIDH: notify handle 30 len 16[0m
frame 6139: 27693 us total, 11685 us display, type 3
[0;32mI (201819) NIMBLE_HIDH: notify handle 30 len 16[0m
frame 6140: 28998 us total, 11685 us display, type 3
[0;32mI (201849) NIMBLE_HIDH: notify handle 30 len 16[0m
frame 6141: 29043 us total, 11685 us display, type 3
[0;32mI (201879) NIMBLE_HIDH: notify handle 30 len 16[0m
[0;32mI (201894) NIMBLE_HIDH: notify handle 30 len 16[0m
frame 6142: 28857 us total, 12308 us display, type 3
[0;32mI (201924) NIMBLE_HIDH: notify handle 30 len 16[0m
frame 6143: 28307 us total, 12120 us display, type 3
axes L  -1783 -22183 R    181   -448 level 1
frame 6144: 27362 us total, 11692 us display, type 3
mem @frame 6144: heap free 66484, largest 40960, min ever 65664, zone free 55016, stack free 14540, uptime 201 s, gamestate 0, demo 0, usergame 1, tic 6965
[0;32mI (201954) NIMBLE_HIDH: notify handle 30 len 16[0m
frame 6145: 28694 us total, 11692 us display, type 3
[0;32mI (201984) NIMBLE_HIDH: notify handle 30 len 16[0m
frame 6146: 28347 us total, 11692 us display, type 3
[0;32mI (202014) NIMBLE_HIDH: notify handle 30 len 16[0m
frame 6147: 29613 us total, 11982 us display, type 3
[0;32mI (202044) NIMBLE_HIDH: notify handle 30 len 16[0m
frame 6148: 29058 us total, 11829 us display, type 3
[0;32mI (202074) NIMBLE_HIDH: notify handle 30 len 16[0m
frame 6149: 28030 us total, 11821 us display, type 3
[0;32mI (202104) NIMBLE_HIDH: notify handle 30 len 16[0m
frame 6150: 29058 us total, 11847 us display, type 3
[0;32mI (202134) NIMBLE_HIDH: notify handle 30 len 16[0m
frame 6151: 27863 us total, 11699 us display, type 3
[0;32mI (202164) NIMBLE_HIDH: notify handle 30 len 16[0m
frame 6152: 29330 us total, 11743 us display, type 3
axes L  -1783 -22183 R    181   -448 level 1
[0;32mI (202194) NIMBLE_HIDH: notify handle 30 len 16[0m
frame 6153: 28464 us total, 11685 us display, type 3
[0;32mI (202224) NIMBLE_HIDH: notify handle 30 len 16[0m
frame 6154: 28309 us total, 11692 us display, type 3
[0;32mI (202254) NIMBLE_HIDH: notify handle 30 len 16[0m
frame 6155: 28796 us total, 11692 us display, type 3
[0;32mI (202284) NIMBLE_HIDH: notify handle 30 len 16[0m
frame 6156: 28340 us total, 12787 us display, type 3
[0;32mI (202314) NIMBLE_HIDH: notify handle 30 len 16[0m
frame 6157: 28255 us total, 12373 us display, type 3
[0;32mI (202344) NIMBLE_HIDH: notify handle 30 len 16[0m
frame 6158: 28553 us total, 12562 us display, type 3
[0;32mI (202374) NIMBLE_HIDH: notify handle 30 len 16[0m
frame 6159: 29013 us total, 12558 us display, type 3
[0;32mI (202404) NIMBLE_HIDH: notify handle 30 len 16[0m
frame 6160: 27552 us total, 12179 us display, type 3
[0;32mI (202434) NIMBLE_HIDH: notify handle 30 len 16[0m
frame 6161: 28953 us total, 12152 us display, type 3
axes L  -1783 -22183 R    181   -448 level 1
[0;32mI (202464) NIMBLE_HIDH: notify handle 30 len 16[0m
frame 6162: 29646 us total, 12354 us display, type 3
[0;32mI (202494) NIMBLE_HIDH: notify handle 30 len 16[0m
frame 6163: 28185 us total, 12465 us display, type 3
[0;32mI (202524) NIMBLE_HIDH: notify handle 30 len 16[0m
frame 6164: 28193 us total, 12162 us display, type 3
frame 6165: 27390 us total, 11692 us display, type 3
[0;32mI (202554) NIMBLE_HIDH: notify handle 30 len 16[0m
frame 6166: 28810 us total, 11685 us display, type 3
[0;32mI (202584) NIMBLE_HIDH: notify handle 30 len 16[0m
frame 6167: 28521 us total, 11692 us display, type 3
[0;32mI (202614) NIMBLE_HIDH: notify handle 30 len 16[0m
frame 6168: 29681 us total, 12033 us display, type 3
[0;32mI (202644) NIMBLE_HIDH: notify handle 30 len 16[0m
frame 6169: 29050 us total, 11925 us display, type 3
[0;32mI (202674) NIMBLE_HIDH: notify handle 30 len 16[0m
frame 6170: 27698 us total, 11689 us display, type 3
axes L  -1783 -22183 R    181   -448 level 1
[0;32mI (202704) NIMBLE_HIDH: notify handle 30 len 16[0m
frame 6171: 29376 us total, 11829 us display, type 3
[0;32mI (202734) NIMBLE_HIDH: notify handle 30 len 16[0m
frame 6172: 27894 us total, 11692 us display, type 3
[0;32mI (202764) NIMBLE_HIDH: notify handle 30 len 16[0m
frame 6173: 29323 us total, 11736 us display, type 3
[0;32mI (202794) NIMBLE_HIDH: notify handle 30 len 16[0m
frame 6174: 27523 us total, 11732 us display, type 3
[0;32mI (202824) NIMBLE_HIDH: notify handle 30 len 16[0m
frame 6175: 28810 us total, 11714 us display, type 3
frame 6176: 28631 us total, 11699 us display, type 3
[0;32mI (202869) NIMBLE_HIDH: notify handle 30 len 16[0m
[0;32mI (202884) NIMBLE_HIDH: notify handle 30 len 16[0m
frame 6177: 27962 us total, 12380 us display, type 3
[0;32mI (202899) NIMBLE_HIDH: notify handle 30 len 16[0m
frame 6178: 29161 us total, 11685 us display, type 3
[0;32mI (202929) NIMBLE_HIDH: notify handle 30 len 16[0m
frame 6179: 28616 us total, 11733 us display, type 3
axes L  -1783 -22253 R    181   -448 level 1
[0;32mI (202959) NIMBLE_HIDH: notify handle 30 len 16[0m
frame 6180: 29194 us total, 11693 us display, type 3
[0;32mI (202989) NIMBLE_HIDH: notify handle 30 len 16[0m
frame 6181: 27901 us total, 11872 us display, type 3
[0;32mI (203019) NIMBLE_HIDH: notify handle 30 len 16[0m
frame 6182: 29124 us total, 11692 us display, type 3
[0;32mI (203049) NIMBLE_HIDH: notify handle 30 len 16[0m
frame 6183: 29308 us total, 11685 us display, type 3
[0;32mI (203079) NIMBLE_HIDH: notify handle 30 len 16[0m
frame 6184: 27603 us total, 11692 us display, type 3
[0;32mI (203109) NIMBLE_HIDH: notify handle 30 len 16[0m
frame 6185: 28922 us total, 11724 us display, type 3
[0;32mI (203139) NIMBLE_HIDH: notify handle 30 len 16[0m
frame 6186: 27817 us total, 11692 us display, type 3
[0;32mI (203169) NIMBLE_HIDH: notify handle 30 len 16[0m
frame 6187: 29034 us total, 11692 us display, type 3
[0;32mI (203199) NIMBLE_HIDH: notify handle 30 len 16[0m
frame 6188: 27574 us total, 12385 us display, type 3
axes L  -1783 -22253 R    181   -448 level 1
[0;32mI (203229) NIMBLE_HIDH: notify handle 30 len 16[0m
frame 6189: 29488 us total, 12333 us display, type 3
[0;32mI (203259) NIMBLE_HIDH: notify handle 30 len 16[0m
frame 6190: 29047 us total, 12558 us display, type 3
[0;32mI (203289) NIMBLE_HIDH: notify handle 30 len 16[0m
frame 6191: 27992 us total, 12598 us display, type 3
[0;32mI (203319) NIMBLE_HIDH: notify handle 30 len 16[0m
frame 6192: 29037 us total, 12400 us display, type 3
[0;32mI (203349) NIMBLE_HIDH: notify handle 30 len 16[0m
frame 6193: 28130 us total, 12282 us display, type 3
[0;32mI (203364) NIMBLE_HIDH: notify handle 30 len 16[0m
frame 6194: 28754 us total, 11692 us display, type 3
[0;32mI (203394) NIMBLE_HIDH: notify handle 30 len 16[0m
frame 6195: 27779 us total, 11718 us display, type 3
[0;32mI (203424) NIMBLE_HIDH: notify handle 30 len 16[0m
frame 6196: 29347 us total, 11692 us display, type 3
[0;32mI (203454) NIMBLE_HIDH: notify handle 30 len 16[0m
frame 6197: 28684 us total, 11686 us display, type 3
axes L  -1783 -22279 R    181   -448 level 1
[0;32mI (203484) NIMBLE_HIDH: notify handle 30 len 16[0m
frame 6198: 28241 us total, 12873 us display, type 3
[0;32mI (203514) NIMBLE_HIDH: notify handle 30 len 16[0m
frame 6199: 28312 us total, 12386 us display, type 3
[0;32mI (203544) NIMBLE_HIDH: notify handle 30 len 16[0m
frame 6200: 28232 us total, 12284 us display, type 3
[0;32mI (203574) NIMBLE_HIDH: notify handle 30 len 16[0m
frame 6201: 29047 us total, 12302 us display, type 3
[0;32mI (203604) NIMBLE_HIDH: notify handle 30 len 16[0m
frame 6202: 28508 us total, 12556 us display, type 3
[0;32mI (203634) NIMBLE_HIDH: notify handle 30 len 16[0m
frame 6203: 29031 us total, 12296 us display, type 3
[0;32mI (203664) NIMBLE_HIDH: notify handle 30 len 16[0m
frame 6204: 28384 us total, 12141 us display, type 3
[0;32mI (203694) NIMBLE_HIDH: notify handle 30 len 16[0m
frame 6205: 28287 us total, 12529 us display, type 3
[0;32mI (203724) NIMBLE_HIDH: notify handle 30 len 16[0m
frame 6206: 28769 us total, 12484 us display, type 3
axes L  -1783 -22279 R    181   -448 level 1
frame 6207: 27496 us total, 11693 us display, type 3
[0;32mI (203754) NIMBLE_HIDH: notify handle 30 len 16[0m
frame 6208: 28890 us total, 11693 us display, type 3
[0;32mI (203784) NIMBLE_HIDH: notify handle 30 len 16[0m
frame 6209: 28551 us total, 11686 us display, type 3
[0;32mI (203814) NIMBLE_HIDH: notify handle 30 len 16[0m
frame 6210: 29474 us total, 11871 us display, type 3
[0;32mI (203844) NIMBLE_HIDH: notify handle 30 len 16[0m
frame 6211: 29071 us total, 11808 us display, type 3
[0;32mI (203874) NIMBLE_HIDH: notify handle 30 len 16[0m
frame 6212: 28112 us total, 11692 us display, type 3
[0;32mI (203904) NIMBLE_HIDH: notify handle 30 len 16[0m
frame 6213: 29311 us total, 11685 us display, type 3
[0;32mI (203934) NIMBLE_HIDH: notify handle 30 len 16[0m
frame 6214: 27528 us total, 11692 us display, type 3
[0;32mI (203964) NIMBLE_HIDH: notify handle 30 len 16[0m
frame 6215: 28845 us total, 11692 us display, type 3
axes L  -1783 -22279 R    181   -448 level 1
[0;32mI (203994) NIMBLE_HIDH: notify handle 30 len 16[0m
frame 6216: 28664 us total, 11686 us display, type 3
[0;32mI (204024) NIMBLE_HIDH: notify handle 30 len 16[0m
frame 6217: 28519 us total, 11693 us display, type 3
[0;32mI (204054) NIMBLE_HIDH: notify handle 30 len 16[0m
frame 6218: 29035 us total, 11692 us display, type 3
[0;32mI (204084) NIMBLE_HIDH: notify handle 30 len 16[0m
frame 6219: 27987 us total, 12793 us display, type 3
[0;32mI (204114) NIMBLE_HIDH: notify handle 30 len 16[0m
frame 6220: 28940 us total, 12842 us display, type 3
[0;32mI (204144) NIMBLE_HIDH: notify handle 30 len 16[0m
frame 6221: 28029 us total, 12510 us display, type 3
[0;32mI (204174) NIMBLE_HIDH: notify handle 30 len 16[0m
frame 6222: 29038 us total, 12301 us display, type 3
[0;32mI (204204) NIMBLE_HIDH: notify handle 30 len 16[0m
frame 6223: 28151 us total, 12171 us display, type 3
[0;32mI (204234) NIMBLE_HIDH: notify handle 30 len 16[0m
frame 6224: 28452 us total, 12133 us display, type 3
axes L  -1783 -22279 R    181   -448 level 1
[0;32mI (204264) NIMBLE_HIDH: notify handle 30 len 16[0m
frame 6225: 29076 us total, 12131 us display, type 3
[0;32mI (204294) NIMBLE_HIDH: notify handle 30 len 16[0m
frame 6226: 27907 us total, 12499 us display, type 3
[0;32mI (204324) NIMBLE_HIDH: notify handle 30 len 16[0m
frame 6227: 28929 us total, 12372 us display, type 3
frame 6228: 27357 us total, 11692 us display, type 3
[0;32mI (204354) NIMBLE_HIDH: notify handle 30 len 16[0m
frame 6229: 29107 us total, 11693 us display, type 3
[0;32mI (204384) NIMBLE_HIDH: notify handle 30 len 16[0m
frame 6230: 28407 us total, 11685 us display, type 3
[0;32mI (204414) NIMBLE_HIDH: notify handle 30 len 16[0m
frame 6231: 29534 us total, 11958 us display, type 3
[0;32mI (204444) NIMBLE_HIDH: notify handle 30 len 16[0m
frame 6232: 29062 us total, 11693 us display, type 3
[0;32mI (204474) NIMBLE_HIDH: notify handle 30 len 16[0m
frame 6233: 28342 us total, 11685 us display, type 3
axes L  -1783 -22279 R    181   -448 level 1
[0;32mI (204504) NIMBLE_HIDH: notify handle 30 len 16[0m
frame 6234: 28743 us total, 11761 us display, type 3
[0;32mI (204534) NIMBLE_HIDH: notify handle 30 len 16[0m
frame 6235: 27472 us total, 11685 us display, type 3
[0;32mI (204564) NIMBLE_HIDH: notify handle 30 len 16[0m
frame 6236: 29431 us total, 11692 us display, type 3
[0;32mI (204594) NIMBLE_HIDH: notify handle 30 len 16[0m
frame 6237: 27795 us total, 11719 us display, type 3
[0;32mI (204624) NIMBLE_HIDH: notify handle 30 len 16[0m
frame 6238: 28915 us total, 11686 us display, type 3
[0;32mI (204654) NIMBLE_HIDH: notify handle 30 len 16[0m
frame 6239: 29080 us total, 11685 us display, type 3
[0;32mI (204684) NIMBLE_HIDH: notify handle 30 len 16[0m
frame 6240: 27527 us total, 12389 us display, type 3
[0;32mI (204714) NIMBLE_HIDH: notify handle 30 len 16[0m
frame 6241: 28936 us total, 12296 us display, type 3
[0;32mI (204744) NIMBLE_HIDH: notify handle 30 len 16[0m
frame 6242: 28752 us total, 12409 us display, type 3
axes L  -1783 -22351 R    181   -448 level 1
[0;32mI (204774) NIMBLE_HIDH: notify handle 30 len 16[0m
frame 6243: 29475 us total, 12304 us display, type 3
[0;32mI (204804) NIMBLE_HIDH: notify handle 30 len 16[0m
frame 6244: 27540 us total, 12518 us display, type 3
[0;32mI (204834) NIMBLE_HIDH: notify handle 30 len 16[0m
frame 6245: 28531 us total, 12143 us display, type 3
frame 6246: 28361 us total, 11691 us display, type 3
[0;32mI (204879) NIMBLE_HIDH: notify handle 30 len 16[0m
[0;32mI (204894) NIMBLE_HIDH: notify handle 30 len 16[0m
frame 6247: 29506 us total, 12275 us display, type 3
[0;32mI (204924) NIMBLE_HIDH: notify handle 30 len 16[0m
frame 6248: 28095 us total, 12080 us display, type 3
frame 6249: 27735 us total, 11699 us display, type 3
[0;32mI (204954) NIMBLE_HIDH: notify handle 30 len 16[0m
frame 6250: 29036 us total, 11692 us display, type 3
[0;32mI (204984) NIMBLE_HIDH: notify handle 30 len 16[0m
frame 6251: 28755 us total, 12057 us display, type 3
axes L  -1783 -22351 R    181   -448 level 1
[0;32mI (205014) NIMBLE_HIDH: notify handle 30 len 16[0m
[0;32mI (205029) NIMBLE_HIDH: notify handle 30 len 16[0m
frame 6252: 30047 us total, 12381 us display, type 3
[0;32mI (205059) NIMBLE_HIDH: notify handle 30 len 16[0m
frame 6253: 28232 us total, 12296 us display, type 3
[0;32mI (205089) NIMBLE_HIDH: notify handle 30 len 16[0m
frame 6254: 27640 us total, 12477 us display, type 3
[0;32mI (205119) NIMBLE_HIDH: notify handle 30 len 16[0m
frame 6255: 28477 us total, 12141 us display, type 3
[0;32mI (205149) NIMBLE_HIDH: notify handle 30 len 16[0m
frame 6256: 28714 us total, 12501 us display, type 3
[0;32mI (205179) NIMBLE_HIDH: notify handle 30 len 16[0m
frame 6257: 28557 us total, 12330 us display, type 3
[0;32mI (205209) NIMBLE_HIDH: notify handle 30 len 16[0m
frame 6258: 27811 us total, 12179 us display, type 3
frame 6259: 28528 us total, 11692 us display, type 3
[0;32mI (205239) NIMBLE_HIDH: notify handle 30 len 16[0m
frame 6260: 28953 us total, 11692 us display, type 3
[0;32mI (205269) NIMBLE_HIDH: notify handle 30 len 16[0m
axes L  -1783 -22375 R    181   -448 level 1
frame 6261: 28005 us total, 12058 us display, type 3
[0;32mI (205299) NIMBLE_HIDH: notify handle 30 len 16[0m
frame 6262: 29996 us total, 12057 us display, type 3
[0;32mI (205329) NIMBLE_HIDH: notify handle 30 len 16[0m
frame 6263: 28331 us total, 11696 us display, type 3
[0;32mI (205359) NIMBLE_HIDH: notify handle 30 len 16[0m
frame 6264: 28713 us total, 11803 us display, type 3
[0;32mI (205389) NIMBLE_HIDH: notify handle 30 len 16[0m
frame 6265: 27678 us total, 11686 us display, type 3
[0;32mI (205419) NIMBLE_HIDH: notify handle 30 len 16[0m
frame 6266: 28801 us total, 11685 us display, type 3
[0;32mI (205449) NIMBLE_HIDH: notify handle 30 len 16[0m
frame 6267: 29103 us total, 11690 us display, type 3
[0;32mI (205479) NIMBLE_HIDH: notify handle 30 len 16[0m
frame 6268: 28030 us total, 11685 us display, type 3
[0;32mI (205509) NIMBLE_HIDH: notify handle 30 len 16[0m
frame 6269: 29130 us total, 11726 us display, type 3
axes L  -1783 -22375 R    181   -448 level 1
[0;32mI (205539) NIMBLE_HIDH: notify handle 30 len 16[0m
frame 6270: 28171 us total, 11699 us display, type 3
[0;32mI (205569) NIMBLE_HIDH: notify handle 30 len 16[0m
frame 6271: 28698 us total, 11685 us display, type 3
[0;32mI (205599) NIMBLE_HIDH: notify handle 30 len 16[0m
frame 6272: 28308 us total, 12805 us display, type 3
[0;32mI (205629) NIMBLE_HIDH: notify handle 30 len 16[0m
frame 6273: 29221 us total, 12376 us display, type 3
[0;32mI (205659) NIMBLE_HIDH: notify handle 30 len 16[0m
frame 6274: 28812 us total, 12608 us display, type 3
[0;32mI (205689) NIMBLE_HIDH: notify handle 30 len 16[0m
frame 6275: 27409 us total, 12169 us display, type 3
[0;32mI (205719) NIMBLE_HIDH: notify handle 30 len 16[0m
frame 6276: 29618 us total, 12291 us display, type 3
[0;32mI (205749) NIMBLE_HIDH: notify handle 30 len 16[0m
frame 6277: 27507 us total, 12138 us display, type 3
[0;32mI (205779) NIMBLE_HIDH: notify handle 30 len 16[0m
frame 6278: 29223 us total, 12352 us display, type 3
axes L  -1783 -22375 R    181   -448 level 1
[0;32mI (205809) NIMBLE_HIDH: notify handle 30 len 16[0m
frame 6279: 28044 us total, 12073 us display, type 3
frame 6280: 28451 us total, 11699 us display, type 3
[0;32mI (205839) NIMBLE_HIDH: notify handle 30 len 16[0m
frame 6281: 28967 us total, 11692 us display, type 3
[0;32mI (205869) NIMBLE_HIDH: notify handle 30 len 16[0m
frame 6282: 28181 us total, 12063 us display, type 3
[0;32mI (205899) NIMBLE_HIDH: notify handle 30 len 16[0m
frame 6283: 30171 us total, 11685 us display, type 3
[0;32mI (205929) NIMBLE_HIDH: notify handle 30 len 16[0m
frame 6284: 27595 us total, 11691 us display, type 3
[0;32mI (205959) NIMBLE_HIDH: notify handle 30 len 16[0m
frame 6285: 28882 us total, 11699 us display, type 3
[0;32mI (205989) NIMBLE_HIDH: notify handle 30 len 16[0m
frame 6286: 27676 us total, 11686 us display, type 3
[0;32mI (206019) NIMBLE_HIDH: notify handle 30 len 16[0m
frame 6287: 29036 us total, 11685 us display, type 3
axes L  -1783 -22375 R    181   -448 level 1
[0;32mI (206049) NIMBLE_HIDH: notify handle 30 len 16[0m
frame 6288: 29463 us total, 11878 us display, type 3
[0;32mI (206079) NIMBLE_HIDH: notify handle 30 len 16[0m
frame 6289: 27667 us total, 11699 us display, type 3
[0;32mI (206109) NIMBLE_HIDH: notify handle 30 len 16[0m
frame 6290: 28985 us total, 11738 us display, type 3
[0;32mI (206139) NIMBLE_HIDH: notify handle 30 len 16[0m
frame 6291: 27914 us total, 11685 us display, type 3
[0;32mI (206169) NIMBLE_HIDH: notify handle 30 len 16[0m
frame 6292: 29228 us total, 11772 us display, type 3
[0;32mI (206199) NIMBLE_HIDH: notify handle 30 len 16[0m
frame 6293: 27884 us total, 12473 us display, type 3
[0;32mI (206229) NIMBLE_HIDH: notify handle 30 len 16[0m
frame 6294: 29064 us total, 12729 us display, type 3
[0;32mI (206259) NIMBLE_HIDH: notify handle 30 len 16[0m
frame 6295: 28462 us total, 12296 us display, type 3
[0;32mI (206289) NIMBLE_HIDH: notify handle 30 len 16[0m
frame 6296: 28592 us total, 12420 us display, type 3
axes L  -1783 -22375 R    181   -448 level 1
[0;32mI (206319) NIMBLE_HIDH: notify handle 30 len 16[0m
frame 6297: 29075 us total, 12629 us display, type 3
[0;32mI (206349) NIMBLE_HIDH: notify handle 30 len 16[0m
frame 6298: 27236 us total, 12141 us display, type 3
[0;32mI (206379) NIMBLE_HIDH: notify handle 30 len 16[0m
frame 6299: 29300 us total, 12362 us display, type 3
[0;32mI (206409) NIMBLE_HIDH: notify handle 30 len 16[0m
frame 6300: 27904 us total, 12289 us display, type 3
frame 6301: 28401 us total, 11692 us display, type 3
[0;32mI (206439) NIMBLE_HIDH: notify handle 30 len 16[0m
frame 6302: 29279 us total, 11692 us display, type 3
[0;32mI (206469) NIMBLE_HIDH: notify handle 30 len 16[0m
frame 6303: 28182 us total, 12064 us display, type 3
[0;32mI (206499) NIMBLE_HIDH: notify handle 30 len 16[0m
frame 6304: 29074 us total, 11691 us display, type 3
frame 6305: 27573 us total, 11733 us display, type 3
axes L  -1783 -22375 R    181   -448 level 1
frame 6306: 29586 us total, 11690 us display, type 3
frame 6307: 27441 us total, 11821 us display, type 3
frame 6308: 28936 us total, 11691 us display, type 3
frame 6309: 29207 us total, 11796 us display, type 3
frame 6310: 27923 us total, 11692 us display, type 3
[0;32mI (206724) NIMBLE_HIDH: notify handle 30 len 16[0m
frame 6311: 29392 us total, 12062 us display, type 3
frame 6312: 27927 us total, 11685 us display, type 3
[0;32mI (206754) NIMBLE_HIDH: notify handle 30 len 16[0m
frame 6313: 29327 us total, 11685 us display, type 3
[0;32mI (206784) NIMBLE_HIDH: notify handle 30 len 16[0m
frame 6314: 28374 us total, 12057 us display, type 3
axes L  -1783 -22450 R    181   -448 level 1
[0;32mI (206814) NIMBLE_HIDH: notify handle 30 len 16[0m
frame 6315: 28832 us total, 11692 us display, type 3
[0;32mI (206844) NIMBLE_HIDH: notify handle 30 len 16[0m
frame 6316: 29024 us total, 11878 us display, type 3
[0;32mI (206874) NIMBLE_HIDH: notify handle 30 len 16[0m
frame 6317: 28020 us total, 11750 us display, type 3
[0;32mI (206904) NIMBLE_HIDH: notify handle 30 len 16[0m
frame 6318: 29058 us total, 11894 us display, type 3
[0;32mI (206934) NIMBLE_HIDH: notify handle 30 len 16[0m
frame 6319: 27877 us total, 11693 us display, type 3
[0;32mI (206964) NIMBLE_HIDH: notify handle 30 len 16[0m
frame 6320: 28954 us total, 11692 us display, type 3
[0;32mI (206994) NIMBLE_HIDH: notify handle 30 len 16[0m
frame 6321: 27984 us total, 11728 us display, type 3
[0;32mI (207024) NIMBLE_HIDH: notify handle 30 len 16[0m
frame 6322: 29151 us total, 11692 us display, type 3
[0;32mI (207054) NIMBLE_HIDH: notify handle 30 len 16[0m
frame 6323: 29562 us total, 11903 us display, type 3
axes L  -1783 -22450 R    181   -448 level 1
[0;32mI (207084) NIMBLE_HIDH: notify handle 30 len 16[0m
frame 6324: 27452 us total, 12871 us display, type 3
[0;32mI (207114) NIMBLE_HIDH: notify handle 30 len 16[0m
frame 6325: 28203 us total, 12377 us display, type 3
[0;32mI (207144) NIMBLE_HIDH: notify handle 30 len 16[0m
frame 6326: 28733 us total, 12480 us display, type 3
[0;32mI (207174) NIMBLE_HIDH: notify handle 30 len 16[0m
frame 6327: 28371 us total, 12253 us display, type 3
frame 6328: 27503 us total, 11699 us display, type 3
[0;32mI (207219) NIMBLE_HIDH: notify handle 30 len 16[0m
[0;32mI (207234) NIMBLE_HIDH: notify handle 30 len 16[0m
frame 6329: 30164 us total, 12007 us display, type 3
[0;32mI (207264) NIMBLE_HIDH: notify handle 30 len 16[0m
frame 6330: 28297 us total, 12142 us display, type 3
[0;32mI (207294) NIMBLE_HIDH: notify handle 30 len 16[0m
frame 6331: 28360 us total, 12492 us display, type 3
[0;32mI (207324) NIMBLE_HIDH: notify handle 30 len 16[0m
frame 6332: 28824 us total, 12076 us display, type 3
axes L  -1783 -22473 R    181   -448 level 1
frame 6333: 28173 us total, 11692 us display, type 3
[0;32mI (207354) NIMBLE_HIDH: notify handle 30 len 16[0m
frame 6334: 28281 us total, 11692 us display, type 3
[0;32mI (207384) NIMBLE_HIDH: notify handle 30 len 16[0m
frame 6335: 28317 us total, 11692 us display, type 3
[0;32mI (207414) NIMBLE_HIDH: notify handle 30 len 16[0m
frame 6336: 29182 us total, 11693 us display, type 3
[0;32mI (207444) NIMBLE_HIDH: notify handle 30 len 16[0m
frame 6337: 29517 us total, 11787 us display, type 3
[0;32mI (207474) NIMBLE_HIDH: notify handle 30 len 16[0m
frame 6338: 28039 us total, 11870 us display, type 3
[0;32mI (207504) NIMBLE_HIDH: notify handle 30 len 16[0m
frame 6339: 29061 us total, 11883 us display, type 3
[0;32mI (207534) NIMBLE_HIDH: notify handle 30 len 16[0m
frame 6340: 27826 us total, 11692 us display, type 3
[0;32mI (207564) NIMBLE_HIDH: notify handle 30 len 16[0m
frame 6341: 29004 us total, 11692 us display, type 3
axes L  -1783 -22473 R    181   -448 level 1
[0;32mI (207594) NIMBLE_HIDH: notify handle 30 len 16[0m
frame 6342: 28531 us total, 11781 us display, type 3
[0;32mI (207624) NIMBLE_HIDH: notify handle 30 len 16[0m
frame 6343: 29117 us total, 11725 us display, type 3
[0;32mI (207654) NIMBLE_HIDH: notify handle 30 len 16[0m
frame 6344: 28534 us total, 11699 us display, type 3
[0;32mI (207684) NIMBLE_HIDH: notify handle 30 len 16[0m
frame 6345: 27827 us total, 12785 us display, type 3
[0;32mI (207714) NIMBLE_HIDH: notify handle 30 len 16[0m
frame 6346: 28963 us total, 12443 us display, type 3
[0;32mI (207744) NIMBLE_HIDH: notify handle 30 len 16[0m
frame 6347: 28098 us total, 12637 us display, type 3
[0;32mI (207774) NIMBLE_HIDH: notify handle 30 len 16[0m
frame 6348: 28984 us total, 12535 us display, type 3
[0;32mI (207804) NIMBLE_HIDH: notify handle 30 len 16[0m
frame 6349: 27620 us total, 12154 us display, type 3
frame 6350: 28541 us total, 11692 us display, type 3
axes L  -1783 -22473 R    181   -448 level 1
[0;32mI (207849) NIMBLE_HIDH: notify handle 30 len 16[0m
[0;32mI (207864) NIMBLE_HIDH: notify handle 30 len 16[0m
frame 6351: 30406 us total, 12132 us display, type 3
[0;32mI (207894) NIMBLE_HIDH: notify handle 30 len 16[0m
frame 6352: 27563 us total, 12491 us display, type 3
[0;32mI (207924) NIMBLE_HIDH: notify handle 30 len 16[0m
frame 6353: 29312 us total, 12514 us display, type 3
frame 6354: 26666 us total, 11693 us display, type 3
[0;32mI (207954) NIMBLE_HIDH: notify handle 30 len 16[0m
frame 6355: 28794 us total, 11699 us display, type 3
[0;32mI (207984) NIMBLE_HIDH: notify handle 30 len 16[0m
frame 6356: 28351 us total, 11692 us display, type 3
[0;32mI (208014) NIMBLE_HIDH: notify handle 30 len 16[0m
frame 6357: 29726 us total, 11984 us display, type 3
[0;32mI (208044) NIMBLE_HIDH: notify handle 30 len 16[0m
frame 6358: 29036 us total, 11825 us display, type 3
[0;32mI (208074) NIMBLE_HIDH: notify handle 30 len 16[0m
frame 6359: 28041 us total, 11919 us display, type 3
axes L  -1783 -22473 R    181   -448 level 1
[0;32mI (208104) NIMBLE_HIDH: notify handle 30 len 16[0m
frame 6360: 29059 us total, 11834 us display, type 3
[0;32mI (208134) NIMBLE_HIDH: notify handle 30 len 16[0m
frame 6361: 27645 us total, 11685 us display, type 3
[0;32mI (208164) NIMBLE_HIDH: notify handle 30 len 16[0m
frame 6362: 29242 us total, 11692 us display, type 3
[0;32mI (208194) NIMBLE_HIDH: notify handle 30 len 16[0m
frame 6363: 28478 us total, 11823 us display, type 3
[0;32mI (208224) NIMBLE_HIDH: notify handle 30 len 16[0m
frame 6364: 28374 us total, 11693 us display, type 3
[0;32mI (208254) NIMBLE_HIDH: notify handle 30 len 16[0m
frame 6365: 28895 us total, 11686 us display, type 3
[0;32mI (208284) NIMBLE_HIDH: notify handle 30 len 16[0m
frame 6366: 28202 us total, 12783 us display, type 3
[0;32mI (208314) NIMBLE_HIDH: notify handle 30 len 16[0m
frame 6367: 28211 us total, 12382 us display, type 3
frame 6368: 27907 us total, 11840 us display, type 3
axes L  -1783 -22473 R    181   -448 level 1
[0;32mI (208359) NIMBLE_HIDH: notify handle 30 len 16[0m
[0;32mI (208374) NIMBLE_HIDH: notify handle 30 len 16[0m
frame 6369: 30903 us total, 12561 us display, type 3
[0;32mI (208404) NIMBLE_HIDH: notify handle 30 len 16[0m
frame 6370: 26156 us total, 12200 us display, type 3
[0;32mI (208434) NIMBLE_HIDH: notify handle 30 len 16[0m
frame 6371: 29398 us total, 12158 us display, type 3
[0;32mI (208464) NIMBLE_HIDH: notify handle 30 len 16[0m
frame 6372: 29667 us total, 12538 us display, type 3
[0;32mI (208494) NIMBLE_HIDH: notify handle 30 len 16[0m
frame 6373: 28172 us total, 12387 us display, type 3
[0;32mI (208524) NIMBLE_HIDH: notify handle 30 len 16[0m
frame 6374: 28159 us total, 12016 us display, type 3
frame 6375: 27515 us total, 11692 us display, type 3
[0;32mI (208554) NIMBLE_HIDH: notify handle 30 len 16[0m
frame 6376: 28972 us total, 11692 us display, type 3
[0;32mI (208584) NIMBLE_HIDH: notify handle 30 len 16[0m
frame 6377: 29075 us total, 12057 us display, type 3
axes L  -1783 -22473 R    181   -448 level 1
[0;32mI (208614) NIMBLE_HIDH: notify handle 30 len 16[0m
frame 6378: 29062 us total, 11692 us display, type 3
[0;32mI (208644) NIMBLE_HIDH: notify handle 30 len 16[0m
frame 6379: 29039 us total, 11692 us display, type 3
[0;32mI (208674) NIMBLE_HIDH: notify handle 30 len 16[0m
frame 6380: 27875 us total, 11699 us display, type 3
[0;32mI (208704) NIMBLE_HIDH: notify handle 30 len 16[0m
frame 6381: 29054 us total, 11804 us display, type 3
[0;32mI (208734) NIMBLE_HIDH: notify handle 30 len 16[0m
frame 6382: 28124 us total, 11744 us display, type 3
[0;32mI (208764) NIMBLE_HIDH: notify handle 30 len 16[0m
frame 6383: 29276 us total, 11685 us display, type 3
frame 6384: 26693 us total, 11697 us display, type 3
frame 6385: 28815 us total, 11692 us display, type 3
frame 6386: 29309 us total, 11692 us display, type 3
axes L  -1783 -22473 R    181   -448 level 1
frame 6387: 27749 us total, 12057 us display, type 3
frame 6388: 28469 us total, 11685 us display, type 3
frame 6389: 28520 us total, 11837 us display, type 3
frame 6390: 29002 us total, 11809 us display, type 3
frame 6391: 27858 us total, 11692 us display, type 3
frame 6392: 29232 us total, 11699 us display, type 3
frame 6393: 29312 us total, 11685 us display, type 3
frame 6394: 27507 us total, 11699 us display, type 3
frame 6395: 28811 us total, 11686 us display, type 3
axes L  -1783 -22473 R    181   -448 level 1
[0;32mI (209139) NIMBLE_HIDH: notify handle 30 len 16[0m
frame 6396: 28974 us total, 11685 us display, type 3
[0;32mI (209169) NIMBLE_HIDH: notify handle 30 len 16[0m
frame 6397: 28923 us total, 11692 us display, type 3
[0;32mI (209199) NIMBLE_HIDH: notify handle 30 len 16[0m
frame 6398: 27506 us total, 12296 us display, type 3
[0;32mI (209229) NIMBLE_HIDH: notify handle 30 len 16[0m
frame 6399: 29794 us total, 12741 us display, type 3
[0;32mI (209259) NIMBLE_HIDH: notify handle 30 len 16[0m
frame 6400: 29027 us total, 12662 us display, type 3
mem @frame 6400: heap free 66484, largest 40960, min ever 65664, zone free 55016, stack free 14540, uptime 209 s, gamestate 0, demo 0, usergame 1, tic 7221
[0;32mI (209289) NIMBLE_HIDH: notify handle 30 len 16[0m
frame 6401: 27281 us total, 12177 us display, type 3
[0;32mI (209319) NIMBLE_HIDH: notify handle 30 len 16[0m
frame 6402: 29771 us total, 12474 us display, type 3
[0;32mI (209349) NIMBLE_HIDH: notify handle 30 len 16[0m
frame 6403: 28131 us total, 12257 us display, type 3
[0;32mI (209379) NIMBLE_HIDH: notify handle 30 len 16[0m
frame 6404: 28661 us total, 12357 us display, type 3
axes L  -1783 -22546 R    181   -448 level 1
[0;32mI (209409) NIMBLE_HIDH: notify handle 30 len 16[0m
frame 6405: 27830 us total, 12085 us display, type 3
frame 6406: 28745 us total, 11685 us display, type 3
[0;32mI (209439) NIMBLE_HIDH: notify handle 30 len 16[0m
frame 6407: 28569 us total, 11692 us display, type 3
[0;32mI (209469) NIMBLE_HIDH: notify handle 30 len 16[0m
frame 6408: 27999 us total, 12057 us display, type 3
[0;32mI (209499) NIMBLE_HIDH: notify handle 30 len 16[0m
frame 6409: 30006 us total, 12057 us display, type 3
[0;32mI (209529) NIMBLE_HIDH: notify handle 30 len 16[0m
frame 6410: 28126 us total, 11698 us display, type 3
[0;32mI (209559) NIMBLE_HIDH: notify handle 30 len 16[0m
frame 6411: 28995 us total, 11699 us display, type 3
[0;32mI (209589) NIMBLE_HIDH: notify handle 30 len 16[0m
frame 6412: 28162 us total, 11692 us display, type 3
[0;32mI (209619) NIMBLE_HIDH: notify handle 30 len 16[0m
frame 6413: 29247 us total, 11685 us display, type 3
axes L  -1783 -22546 R    181   -448 level 1
[0;32mI (209649) NIMBLE_HIDH: notify handle 30 len 16[0m
frame 6414: 28704 us total, 11733 us display, type 3
[0;32mI (209679) NIMBLE_HIDH: notify handle 30 len 16[0m
frame 6415: 27542 us total, 11685 us display, type 3
[0;32mI (209709) NIMBLE_HIDH: notify handle 30 len 16[0m
frame 6416: 28972 us total, 11718 us display, type 3
[0;32mI (209739) NIMBLE_HIDH: notify handle 30 len 16[0m
frame 6417: 28111 us total, 11693 us display, type 3
[0;32mI (209769) NIMBLE_HIDH: notify handle 30 len 16[0m
frame 6418: 28898 us total, 11685 us display, type 3
[0;32mI (209799) NIMBLE_HIDH: notify handle 30 len 16[0m
frame 6419: 27524 us total, 12288 us display, type 3
[0;32mI (209829) NIMBLE_HIDH: notify handle 30 len 16[0m
frame 6420: 29771 us total, 12807 us display, type 3
[0;32mI (209859) NIMBLE_HIDH: notify handle 30 len 16[0m
frame 6421: 28957 us total, 12713 us display, type 3
[0;32mI (209889) NIMBLE_HIDH: notify handle 30 len 16[0m
frame 6422: 27992 us total, 12498 us display, type 3
axes L  -1783 -22546 R    181   -448 level 1
[0;32mI (209919) NIMBLE_HIDH: notify handle 30 len 16[0m
frame 6423: 29220 us total, 12170 us display, type 3
[0;32mI (209949) NIMBLE_HIDH: notify handle 30 len 16[0m
frame 6424: 27277 us total, 12161 us display, type 3
[0;32mI (209979) NIMBLE_HIDH: notify handle 30 len 16[0m
frame 6425: 29083 us total, 12370 us display, type 3
[0;32mI (210009) NIMBLE_HIDH: notify handle 30 len 16[0m
frame 6426: 27936 us total, 12002 us display, type 3
frame 6427: 28251 us total, 11685 us display, type 3
[0;32mI (210039) NIMBLE_HIDH: notify handle 30 len 16[0m
frame 6428: 29097 us total, 11692 us display, type 3
[0;32mI (210069) NIMBLE_HIDH: notify handle 30 len 16[0m
frame 6429: 27557 us total, 11685 us display, type 3
[0;32mI (210099) NIMBLE_HIDH: notify handle 30 len 16[0m
frame 6430: 29945 us total, 11685 us display, type 3
[0;32mI (210129) NIMBLE_HIDH: notify handle 30 len 16[0m
frame 6431: 28646 us total, 11936 us display, type 3
axes L  -1783 -22569 R    181   -448 level 1
[0;32mI (210159) NIMBLE_HIDH: notify handle 30 len 16[0m
frame 6432: 29301 us total, 11692 us display, type 3
[0;32mI (210189) NIMBLE_HIDH: notify handle 30 len 16[0m
frame 6433: 28099 us total, 11693 us display, type 3
[0;32mI (210219) NIMBLE_HIDH: notify handle 30 len 16[0m
frame 6434: 28515 us total, 11692 us display, type 3
[0;32mI (210249) NIMBLE_HIDH: notify handle 30 len 16[0m
frame 6435: 28842 us total, 11685 us display, type 3
[0;32mI (210279) NIMBLE_HIDH: notify handle 30 len 16[0m
frame 6436: 27944 us total, 11688 us display, type 3
[0;32mI (210309) NIMBLE_HIDH: notify handle 30 len 16[0m
frame 6437: 29234 us total, 11734 us display, type 3
[0;32mI (210339) NIMBLE_HIDH: notify handle 30 len 16[0m
frame 6438: 27988 us total, 11692 us display, type 3
[0;32mI (210369) NIMBLE_HIDH: notify handle 30 len 16[0m
frame 6439: 29057 us total, 11764 us display, type 3
[0;32mI (210399) NIMBLE_HIDH: notify handle 30 len 16[0m
frame 6440: 27914 us total, 12730 us display, type 3
axes L  -1783 -22569 R    181   -448 level 1
[0;32mI (210429) NIMBLE_HIDH: notify handle 30 len 16[0m
frame 6441: 29074 us total, 12297 us display, type 3
[0;32mI (210459) NIMBLE_HIDH: notify handle 30 len 16[0m
frame 6442: 29132 us total, 12297 us display, type 3
frame 6443: 27885 us total, 11878 us display, type 3
[0;32mI (210504) NIMBLE_HIDH: notify handle 30 len 16[0m
[0;32mI (210519) NIMBLE_HIDH: notify handle 30 len 16[0m
frame 6444: 29958 us total, 12535 us display, type 3
[0;32mI (210549) NIMBLE_HIDH: notify handle 30 len 16[0m
frame 6445: 26306 us total, 12231 us display, type 3
[0;32mI (210579) NIMBLE_HIDH: notify handle 30 len 16[0m
frame 6446: 30003 us total, 12549 us display, type 3
[0;32mI (210609) NIMBLE_HIDH: notify handle 30 len 16[0m
frame 6447: 27272 us total, 12281 us display, type 3
frame 6448: 28473 us total, 11692 us display, type 3
[0;32mI (210639) NIMBLE_HIDH: notify handle 30 len 16[0m
frame 6449: 29059 us total, 11692 us display, type 3
[0;32mI (210669) NIMBLE_HIDH: notify handle 30 len 16[0m
axes L  -1783 -22569 R    181   -448 level 1
frame 6450: 28096 us total, 12057 us display, type 3
[0;32mI (210699) NIMBLE_HIDH: notify handle 30 len 16[0m
frame 6451: 29270 us total, 11685 us display, type 3
[0;32mI (210729) NIMBLE_HIDH: notify handle 30 len 16[0m
frame 6452: 28587 us total, 11693 us display, type 3
[0;32mI (210759) NIMBLE_HIDH: notify handle 30 len 16[0m
frame 6453: 29363 us total, 11686 us display, type 3
[0;32mI (210789) NIMBLE_HIDH: notify handle 30 len 16[0m
frame 6454: 27449 us total, 11693 us display, type 3
[0;32mI (210819) NIMBLE_HIDH: notify handle 30 len 16[0m
frame 6455: 28807 us total, 11689 us display, type 3
[0;32mI (210849) NIMBLE_HIDH: notify handle 30 len 16[0m
frame 6456: 28898 us total, 11685 us display, type 3
[0;32mI (210879) NIMBLE_HIDH: notify handle 30 len 16[0m
frame 6457: 28175 us total, 11692 us display, type 3
[0;32mI (210909) NIMBLE_HIDH: notify handle 30 len 16[0m
frame 6458: 29069 us total, 11734 us display, type 3
axes L  -1783 -22569 R    181   -448 level 1
[0;32mI (210939) NIMBLE_HIDH: notify handle 30 len 16[0m
frame 6459: 28198 us total, 11692 us display, type 3
[0;32mI (210969) NIMBLE_HIDH: notify handle 30 len 16[0m
frame 6460: 28706 us total, 11692 us display, type 3
[0;32mI (210999) NIMBLE_HIDH: notify handle 30 len 16[0m
frame 6461: 27586 us total, 12378 us display, type 3
[0;32mI (211029) NIMBLE_HIDH: notify handle 30 len 16[0m
frame 6462: 29779 us total, 12597 us display, type 3
[0;32mI (211059) NIMBLE_HIDH: notify handle 30 len 16[0m
frame 6463: 29079 us total, 12291 us display, type 3
[0;32mI (211089) NIMBLE_HIDH: notify handle 30 len 16[0m
frame 6464: 27872 us total, 12575 us display, type 3
[0;32mI (211119) NIMBLE_HIDH: notify handle 30 len 16[0m
frame 6465: 28490 us total, 12168 us display, type 3
[0;32mI (211149) NIMBLE_HIDH: notify handle 30 len 16[0m
frame 6466: 28274 us total, 12162 us display, type 3
[0;32mI (211179) NIMBLE_HIDH: notify handle 30 len 16[0m
frame 6467: 28820 us total, 12372 us display, type 3
axes L  -1783 -22569 R    181   -448 level 1
[0;32mI (211209) NIMBLE_HIDH: notify handle 30 len 16[0m
frame 6468: 27963 us total, 12054 us display, type 3
frame 6469: 28527 us total, 11692 us display, type 3
[0;32mI (211239) NIMBLE_HIDH: notify handle 30 len 16[0m
frame 6470: 29003 us total, 11692 us display, type 3
[0;32mI (211269) NIMBLE_HIDH: notify handle 30 len 16[0m
frame 6471: 27922 us total, 12057 us display, type 3
[0;32mI (211299) NIMBLE_HIDH: notify handle 30 len 16[0m
frame 6472: 30198 us total, 12058 us display, type 3
[0;32mI (211329) NIMBLE_HIDH: notify handle 30 len 16[0m
frame 6473: 28304 us total, 11685 us display, type 3
[0;32mI (211359) NIMBLE_HIDH: notify handle 30 len 16[0m
frame 6474: 28600 us total, 11692 us display, type 3
[0;32mI (211389) NIMBLE_HIDH: notify handle 30 len 16[0m
frame 6475: 27752 us total, 11692 us display, type 3
[0;32mI (211419) NIMBLE_HIDH: notify handle 30 len 16[0m
frame 6476: 28942 us total, 11686 us display, type 3
axes L  -1783 -22569 R    181   -448 level 1
[0;32mI (211449) NIMBLE_HIDH: notify handle 30 len 16[0m
frame 6477: 29437 us total, 11813 us display, type 3
[0;32mI (211479) NIMBLE_HIDH: notify handle 30 len 16[0m
frame 6478: 27677 us total, 11693 us display, type 3
[0;32mI (211509) NIMBLE_HIDH: notify handle 30 len 16[0m
frame 6479: 29044 us total, 11737 us display, type 3
[0;32mI (211539) NIMBLE_HIDH: notify handle 30 len 16[0m
frame 6480: 27900 us total, 11692 us display, type 3
frame 6481: 28196 us total, 11694 us display, type 3
frame 6482: 27920 us total, 11775 us display, type 3
frame 6483: 29466 us total, 11685 us display, type 3
frame 6484: 28637 us total, 11694 us display, type 3
frame 6485: 27976 us total, 11804 us display, type 3
axes L  -1783 -22569 R    181   -448 level 1
frame 6486: 29344 us total, 11685 us display, type 3
frame 6487: 27366 us total, 11686 us display, type 3
frame 6488: 29059 us total, 11692 us display, type 3
frame 6489: 28086 us total, 11699 us display, type 3
frame 6490: 29007 us total, 11692 us display, type 3
frame 6491: 28992 us total, 11696 us display, type 3
frame 6492: 28232 us total, 12057 us display, type 3
frame 6493: 28992 us total, 11692 us display, type 3
frame 6494: 27929 us total, 11795 us display, type 3
axes L  -1783 -22569 R    181   -448 level 1
frame 6495: 29026 us total, 11692 us display, type 3
frame 6496: 27718 us total, 11685 us display, type 3
frame 6497: 29189 us total, 11692 us display, type 3
frame 6498: 29048 us total, 11699 us display, type 3
frame 6499: 28050 us total, 11692 us display, type 3
frame 6500: 28974 us total, 11693 us display, type 3
frame 6501: 28021 us total, 11692 us display, type 3
frame 6502: 29262 us total, 11693 us display, type 3
frame 6503: 27966 us total, 11692 us display, type 3
axes L  -1783 -22569 R    181   -448 level 1
frame 6504: 29042 us total, 11692 us display, type 3
frame 6505: 28846 us total, 11692 us display, type 3
frame 6506: 28316 us total, 11685 us display, type 3
frame 6507: 28573 us total, 11719 us display, type 3
frame 6508: 28003 us total, 11692 us display, type 3
[0;32mI (212379) NIMBLE_HIDH: notify handle 30 len 16[0m
frame 6509: 29760 us total, 12369 us display, type 3
[0;32mI (212409) NIMBLE_HIDH: notify handle 30 len 16[0m
frame 6510: 27685 us total, 12107 us display, type 3
frame 6511: 28582 us total, 11699 us display, type 3
[0;32mI (212439) NIMBLE_HIDH: notify handle 30 len 16[0m
frame 6512: 29205 us total, 11692 us display, type 3
[0;32mI (212469) NIMBLE_HIDH: notify handle 30 len 16[0m
axes L  -1783 -22643 R    181   -448 level 1
frame 6513: 28390 us total, 11689 us display, type 3
[0;32mI (212499) NIMBLE_HIDH: notify handle 30 len 16[0m
frame 6514: 29233 us total, 12058 us display, type 3
[0;32mI (212529) NIMBLE_HIDH: notify handle 30 len 16[0m
frame 6515: 28027 us total, 11947 us display, type 3
[0;32mI (212559) NIMBLE_HIDH: notify handle 30 len 16[0m
frame 6516: 28680 us total, 11685 us display, type 3
[0;32mI (212589) NIMBLE_HIDH: notify handle 30 len 16[0m
frame 6517: 28060 us total, 11687 us display, type 3
[0;32mI (212619) NIMBLE_HIDH: notify handle 30 len 16[0m
frame 6518: 29010 us total, 11685 us display, type 3
[0;32mI (212649) NIMBLE_HIDH: notify handle 30 len 16[0m
frame 6519: 29053 us total, 11686 us display, type 3
[0;32mI (212679) NIMBLE_HIDH: notify handle 30 len 16[0m
frame 6520: 27955 us total, 11686 us display, type 3
[0;32mI (212709) NIMBLE_HIDH: notify handle 30 len 16[0m
frame 6521: 29021 us total, 11735 us display, type 3
axes L  -1783 -22643 R    181   -448 level 1
[0;32mI (212739) NIMBLE_HIDH: notify handle 30 len 16[0m
frame 6522: 28409 us total, 11692 us display, type 3
[0;32mI (212769) NIMBLE_HIDH: notify handle 30 len 16[0m
frame 6523: 29112 us total, 11741 us display, type 3
[0;32mI (212799) NIMBLE_HIDH: notify handle 30 len 16[0m
frame 6524: 27010 us total, 12290 us display, type 3
[0;32mI (212829) NIMBLE_HIDH: notify handle 30 len 16[0m
frame 6525: 29654 us total, 12746 us display, type 3
[0;32mI (212859) NIMBLE_HIDH: notify handle 30 len 16[0m
frame 6526: 29057 us total, 12438 us display, type 3
[0;32mI (212889) NIMBLE_HIDH: notify handle 30 len 16[0m
frame 6527: 27321 us total, 12192 us display, type 3
[0;32mI (212919) NIMBLE_HIDH: notify handle 30 len 16[0m
frame 6528: 29092 us total, 12204 us display, type 3
[0;32mI (212949) NIMBLE_HIDH: notify handle 30 len 16[0m
frame 6529: 28091 us total, 12185 us display, type 3
[0;32mI (212979) NIMBLE_HIDH: notify handle 30 len 16[0m
frame 6530: 29212 us total, 12394 us display, type 3
axes L  -1783 -22643 R    181   -448 level 1
[0;32mI (213009) NIMBLE_HIDH: notify handle 30 len 16[0m
frame 6531: 27849 us total, 12002 us display, type 3
frame 6532: 28748 us total, 11692 us display, type 3
[0;32mI (213039) NIMBLE_HIDH: notify handle 30 len 16[0m
frame 6533: 29332 us total, 11692 us display, type 3
[0;32mI (213069) NIMBLE_HIDH: notify handle 30 len 16[0m
frame 6534: 27439 us total, 12057 us display, type 3
[0;32mI (213099) NIMBLE_HIDH: notify handle 30 len 16[0m
frame 6535: 29384 us total, 11685 us display, type 3
[0;32mI (213129) NIMBLE_HIDH: notify handle 30 len 16[0m
frame 6536: 28557 us total, 11882 us display, type 3
[0;32mI (213159) NIMBLE_HIDH: notify handle 30 len 16[0m
frame 6537: 29075 us total, 11692 us display, type 3
[0;32mI (213189) NIMBLE_HIDH: notify handle 30 len 16[0m
frame 6538: 28001 us total, 11764 us display, type 3
[0;32mI (213219) NIMBLE_HIDH: notify handle 30 len 16[0m
frame 6539: 29067 us total, 11815 us display, type 3
axes L  -1783 -22643 R    181   -448 level 1
[0;32mI (213249) NIMBLE_HIDH: notify handle 30 len 16[0m
frame 6540: 29072 us total, 11695 us display, type 3
[0;32mI (213279) NIMBLE_HIDH: notify handle 30 len 16[0m
frame 6541: 27722 us total, 11692 us display, type 3
[0;32mI (213309) NIMBLE_HIDH: notify handle 30 len 16[0m
frame 6542: 29228 us total, 11721 us display, type 3
[0;32mI (213339) NIMBLE_HIDH: notify handle 30 len 16[0m
frame 6543: 28453 us total, 11896 us display, type 3
[0;32mI (213369) NIMBLE_HIDH: notify handle 30 len 16[0m
frame 6544: 28341 us total, 11737 us display, type 3
[0;32mI (213399) NIMBLE_HIDH: notify handle 30 len 16[0m
frame 6545: 27343 us total, 12290 us display, type 3
[0;32mI (213429) NIMBLE_HIDH: notify handle 30 len 16[0m
frame 6546: 29611 us total, 12355 us display, type 3
[0;32mI (213459) NIMBLE_HIDH: notify handle 30 len 16[0m
frame 6547: 28552 us total, 12307 us display, type 3
[0;32mI (213489) NIMBLE_HIDH: notify handle 30 len 16[0m
frame 6548: 27925 us total, 12210 us display, type 3
axes L  -1783 -22666 R    181   -448 level 1
frame 6549: 28783 us total, 11699 us display, type 3
[0;32mI (213534) NIMBLE_HIDH: notify handle 30 len 16[0m
[0;32mI (213549) NIMBLE_HIDH: notify handle 30 len 16[0m
frame 6550: 28952 us total, 12149 us display, type 3
[0;32mI (213579) NIMBLE_HIDH: notify handle 30 len 16[0m
frame 6551: 28471 us total, 12389 us display, type 3
[0;32mI (213609) NIMBLE_HIDH: notify handle 30 len 16[0m
frame 6552: 27942 us total, 12105 us display, type 3
frame 6553: 28891 us total, 11685 us display, type 3
[0;32mI (213639) NIMBLE_HIDH: notify handle 30 len 16[0m
frame 6554: 28553 us total, 11692 us display, type 3
[0;32mI (213669) NIMBLE_HIDH: notify handle 30 len 16[0m
frame 6555: 27353 us total, 11691 us display, type 3
[0;32mI (213699) NIMBLE_HIDH: notify handle 30 len 16[0m
frame 6556: 29819 us total, 11693 us display, type 3
[0;32mI (213729) NIMBLE_HIDH: notify handle 30 len 16[0m
frame 6557: 28831 us total, 11870 us display, type 3
axes L  -1783 -22666 R    181   -448 level 1
[0;32mI (213759) NIMBLE_HIDH: notify handle 30 len 16[0m
frame 6558: 29058 us total, 11755 us display, type 3
[0;32mI (213789) NIMBLE_HIDH: notify handle 30 len 16[0m
frame 6559: 27688 us total, 11685 us display, type 3
[0;32mI (213819) NIMBLE_HIDH: notify handle 30 len 16[0m
frame 6560: 29016 us total, 11685 us display, type 3
[0;32mI (213849) NIMBLE_HIDH: notify handle 30 len 16[0m
frame 6561: 29037 us total, 11685 us display, type 3
[0;32mI (213879) NIMBLE_HIDH: notify handle 30 len 16[0m
frame 6562: 28275 us total, 11693 us display, type 3
[0;32mI (213909) NIMBLE_HIDH: notify handle 30 len 16[0m
frame 6563: 29391 us total, 11778 us display, type 3
[0;32mI (213939) NIMBLE_HIDH: notify handle 30 len 16[0m
frame 6564: 27499 us total, 11699 us display, type 3
[0;32mI (213969) NIMBLE_HIDH: notify handle 30 len 16[0m
frame 6565: 28911 us total, 11734 us display, type 3
[0;32mI (213999) NIMBLE_HIDH: notify handle 30 len 16[0m
frame 6566: 27979 us total, 12511 us display, type 3
axes L  -1783 -22666 R    181   -448 level 1
[0;32mI (214029) NIMBLE_HIDH: notify handle 30 len 16[0m
frame 6567: 29069 us total, 12472 us display, type 3
[0;32mI (214059) NIMBLE_HIDH: notify handle 30 len 16[0m
frame 6568: 29045 us total, 12550 us display, type 3
[0;32mI (214089) NIMBLE_HIDH: notify handle 30 len 16[0m
frame 6569: 28039 us total, 12461 us display, type 3
[0;32mI (214119) NIMBLE_HIDH: notify handle 30 len 16[0m
frame 6570: 29055 us total, 12495 us display, type 3
[0;32mI (214149) NIMBLE_HIDH: notify handle 30 len 16[0m
frame 6571: 27651 us total, 12166 us display, type 3
[0;32mI (214179) NIMBLE_HIDH: notify handle 30 len 16[0m
frame 6572: 29557 us total, 12509 us display, type 3
[0;32mI (214209) NIMBLE_HIDH: notify handle 30 len 16[0m
frame 6573: 28193 us total, 12441 us display, type 3
frame 6574: 27745 us total, 11693 us display, type 3
[0;32mI (214239) NIMBLE_HIDH: notify handle 30 len 16[0m
frame 6575: 28813 us total, 11693 us display, type 3
[0;32mI (214269) NIMBLE_HIDH: notify handle 30 len 16[0m
axes L  -1783 -22666 R    181   -448 level 1
frame 6576: 27995 us total, 12056 us display, type 3
[0;32mI (214299) NIMBLE_HIDH: notify handle 30 len 16[0m
frame 6577: 29472 us total, 11689 us display, type 3
[0;32mI (214329) NIMBLE_HIDH: notify handle 30 len 16[0m
frame 6578: 28513 us total, 11814 us display, type 3
[0;32mI (214359) NIMBLE_HIDH: notify handle 30 len 16[0m
frame 6579: 29056 us total, 11848 us display, type 3
[0;32mI (214389) NIMBLE_HIDH: notify handle 30 len 16[0m
frame 6580: 27706 us total, 11686 us display, type 3
[0;32mI (214419) NIMBLE_HIDH: notify handle 30 len 16[0m
frame 6581: 28972 us total, 11685 us display, type 3
[0;32mI (214449) NIMBLE_HIDH: notify handle 30 len 16[0m
frame 6582: 29225 us total, 11699 us display, type 3
[0;32mI (214479) NIMBLE_HIDH: notify handle 30 len 16[0m
frame 6583: 28409 us total, 11769 us display, type 3
[0;32mI (214509) NIMBLE_HIDH: notify handle 30 len 16[0m
frame 6584: 28480 us total, 11723 us display, type 3
axes L  -1783 -22666 R    181   -448 level 1
[0;32mI (214539) NIMBLE_HIDH: notify handle 30 len 16[0m
frame 6585: 28060 us total, 11692 us display, type 3
[0;32mI (214569) NIMBLE_HIDH: notify handle 30 len 16[0m
frame 6586: 28720 us total, 11692 us display, type 3
[0;32mI (214599) NIMBLE_HIDH: notify handle 30 len 16[0m
frame 6587: 27366 us total, 12290 us display, type 3
[0;32mI (214629) NIMBLE_HIDH: notify handle 30 len 16[0m
frame 6588: 29369 us total, 12290 us display, type 3
[0;32mI (214659) NIMBLE_HIDH: notify handle 30 len 16[0m
frame 6589: 29677 us total, 12791 us display, type 3
[0;32mI (214689) NIMBLE_HIDH: notify handle 30 len 16[0m
frame 6590: 27377 us total, 12197 us display, type 3
[0;32mI (214719) NIMBLE_HIDH: notify handle 30 len 16[0m
frame 6591: 29030 us total, 12204 us display, type 3
[0;32mI (214749) NIMBLE_HIDH: notify handle 30 len 16[0m
frame 6592: 28239 us total, 12187 us display, type 3
[0;32mI (214779) NIMBLE_HIDH: notify handle 30 len 16[0m
frame 6593: 29602 us total, 12443 us display, type 3
axes L  -1783 -22666 R    181   -448 level 1
[0;32mI (214809) NIMBLE_HIDH: notify handle 30 len 16[0m
frame 6594: 27426 us total, 12101 us display, type 3
frame 6595: 28245 us total, 11699 us display, type 3
[0;32mI (214839) NIMBLE_HIDH: notify handle 30 len 16[0m
frame 6596: 28940 us total, 11692 us display, type 3
[0;32mI (214869) NIMBLE_HIDH: notify handle 30 len 16[0m
frame 6597: 28099 us total, 12057 us display, type 3
[0;32mI (214899) NIMBLE_HIDH: notify handle 30 len 16[0m
frame 6598: 29906 us total, 12057 us display, type 3
[0;32mI (214929) NIMBLE_HIDH: notify handle 30 len 16[0m
frame 6599: 28129 us total, 11699 us display, type 3
[0;32mI (214959) NIMBLE_HIDH: notify handle 30 len 16[0m
frame 6600: 29043 us total, 11692 us display, type 3
frame 6601: 27161 us total, 11692 us display, type 3
frame 6602: 29255 us total, 11686 us display, type 3
axes L  -1783 -22666 R    181   -448 level 1
frame 6603: 29510 us total, 11692 us display, type 3
frame 6604: 27383 us total, 11746 us display, type 3
frame 6605: 28798 us total, 11699 us display, type 3
frame 6606: 27937 us total, 11698 us display, type 3
frame 6607: 28781 us total, 11692 us display, type 3
frame 6608: 28050 us total, 12058 us display, type 3
frame 6609: 29068 us total, 11802 us display, type 3
frame 6610: 29034 us total, 11779 us display, type 3
frame 6611: 27972 us total, 11739 us display, type 3
axes L  -1783 -22666 R    181   -448 level 1
frame 6612: 29376 us total, 11692 us display, type 3
frame 6613: 28080 us total, 11692 us display, type 3
frame 6614: 28518 us total, 11692 us display, type 3
frame 6615: 27844 us total, 11693 us display, type 3
frame 6616: 28885 us total, 11685 us display, type 3
frame 6617: 29184 us total, 11691 us display, type 3
frame 6618: 27987 us total, 12062 us display, type 3
frame 6619: 28662 us total, 11690 us display, type 3
frame 6620: 28488 us total, 11803 us display, type 3
axes L  -1783 -22666 R    181   -448 level 1
frame 6621: 29136 us total, 11699 us display, type 3
frame 6622: 28008 us total, 11696 us display, type 3
frame 6623: 29337 us total, 11685 us display, type 3
frame 6624: 28533 us total, 11692 us display, type 3
frame 6625: 27909 us total, 11693 us display, type 3
frame 6626: 29062 us total, 11699 us display, type 3
frame 6627: 27825 us total, 11693 us display, type 3
frame 6628: 29133 us total, 11692 us display, type 3
frame 6629: 27974 us total, 11931 us display, type 3
axes L  -1783 -22666 R    181   -448 level 1
frame 6630: 29193 us total, 11692 us display, type 3
frame 6631: 28963 us total, 11692 us display, type 3
frame 6632: 28352 us total, 11692 us display, type 3
frame 6633: 29309 us total, 11685 us display, type 3
frame 6634: 27550 us total, 11699 us display, type 3
frame 6635: 28787 us total, 11697 us display, type 3
frame 6636: 27914 us total, 11700 us display, type 3
frame 6637: 29115 us total, 11692 us display, type 3
frame 6638: 28984 us total, 11692 us display, type 3
axes L  -1783 -22666 R    181   -448 level 1
frame 6639: 28224 us total, 12058 us display, type 3
frame 6640: 28610 us total, 11919 us display, type 3
frame 6641: 28089 us total, 11692 us display, type 3
frame 6642: 29245 us total, 11692 us display, type 3
frame 6643: 28292 us total, 11685 us display, type 3
frame 6644: 28554 us total, 11759 us display, type 3
frame 6645: 28769 us total, 11692 us display, type 3
frame 6646: 28008 us total, 11691 us display, type 3
frame 6647: 28816 us total, 11686 us display, type 3
axes L  -1783 -22666 R    181   -448 level 1
frame 6648: 28282 us total, 11692 us display, type 3
frame 6649: 28886 us total, 11692 us display, type 3
frame 6650: 27595 us total, 11686 us display, type 3
frame 6651: 29477 us total, 11913 us display, type 3
frame 6652: 29139 us total, 11699 us display, type 3
frame 6653: 28368 us total, 11685 us display, type 3
frame 6654: 28603 us total, 11764 us display, type 3
frame 6655: 27750 us total, 11693 us display, type 3
frame 6656: 28941 us total, 11686 us display, type 3
mem @frame 6656: heap free 66484, largest 40960, min ever 65664, zone free 55016, stack free 14540, uptime 216 s, gamestate 0, demo 0, usergame 1, tic 7477
axes L  -1783 -22666 R    181   -448 level 1
frame 6657: 28445 us total, 11692 us display, type 3
frame 6658: 28820 us total, 11699 us display, type 3
frame 6659: 29069 us total, 11700 us display, type 3
frame 6660: 27965 us total, 12057 us display, type 3
frame 6661: 28886 us total, 11928 us display, type 3
frame 6662: 28390 us total, 11692 us display, type 3
frame 6663: 29664 us total, 11959 us display, type 3
frame 6664: 27271 us total, 11692 us display, type 3
frame 6665: 28906 us total, 11692 us display, type 3
axes L  -1783 -22666 R    181   -448 level 1
frame 6666: 29278 us total, 11692 us display, type 3
frame 6667: 27563 us total, 11699 us display, type 3
frame 6668: 29037 us total, 11692 us display, type 3
frame 6669: 28045 us total, 11696 us display, type 3
frame 6670: 28969 us total, 11693 us display, type 3
[0;32mI (216984) NIMBLE_HIDH: notify handle 30 len 16[0m
frame 6671: 28875 us total, 12064 us display, type 3
[0;32mI (217014) NIMBLE_HIDH: notify handle 30 len 16[0m
frame 6672: 29051 us total, 11692 us display, type 3
[0;32mI (217044) NIMBLE_HIDH: notify handle 30 len 16[0m
frame 6673: 29364 us total, 11685 us display, type 3
[0;32mI (217074) NIMBLE_HIDH: notify handle 30 len 16[0m
frame 6674: 27606 us total, 11791 us display, type 3
axes L  -1783 -22739 R    181   -448 level 1
[0;32mI (217119) NIMBLE_HIDH: notify handle 30 len 16[0m
frame 6675: 28643 us total, 12198 us display, type 3
[0;32mI (217134) NIMBLE_HIDH: notify handle 30 len 16[0m
frame 6676: 27994 us total, 11692 us display, type 3
[0;32mI (217164) NIMBLE_HIDH: notify handle 30 len 16[0m
frame 6677: 29095 us total, 11686 us display, type 3
[0;32mI (217194) NIMBLE_HIDH: notify handle 30 len 16[0m
frame 6678: 28049 us total, 11722 us display, type 3
[0;32mI (217224) NIMBLE_HIDH: notify handle 30 len 16[0m
frame 6679: 29030 us total, 11686 us display, type 3
[0;32mI (217254) NIMBLE_HIDH: notify handle 30 len 16[0m
frame 6680: 28918 us total, 11685 us display, type 3
[0;32mI (217284) NIMBLE_HIDH: notify handle 30 len 16[0m
frame 6681: 27446 us total, 12289 us display, type 3
[0;32mI (217314) NIMBLE_HIDH: notify handle 30 len 16[0m
frame 6682: 29216 us total, 12277 us display, type 3
[0;32mI (217344) NIMBLE_HIDH: notify handle 30 len 16[0m
frame 6683: 28743 us total, 12291 us display, type 3
axes L  -1783 -22739 R    181   -448 level 1
[0;32mI (217374) NIMBLE_HIDH: notify handle 30 len 16[0m
frame 6684: 28914 us total, 12478 us display, type 3
[0;32mI (217404) NIMBLE_HIDH: notify handle 30 len 16[0m
frame 6685: 27395 us total, 12195 us display, type 3
[0;32mI (217434) NIMBLE_HIDH: notify handle 30 len 16[0m
frame 6686: 29000 us total, 12184 us display, type 3
[0;32mI (217464) NIMBLE_HIDH: notify handle 30 len 16[0m
frame 6687: 28845 us total, 12191 us display, type 3
[0;32mI (217494) NIMBLE_HIDH: notify handle 30 len 16[0m
frame 6688: 28468 us total, 12520 us display, type 3
[0;32mI (217524) NIMBLE_HIDH: notify handle 30 len 16[0m
frame 6689: 28797 us total, 12219 us display, type 3
frame 6690: 27456 us total, 11693 us display, type 3
[0;32mI (217554) NIMBLE_HIDH: notify handle 30 len 16[0m
frame 6691: 29057 us total, 11692 us display, type 3
[0;32mI (217584) NIMBLE_HIDH: notify handle 30 len 16[0m
frame 6692: 29115 us total, 12058 us display, type 3
axes L  -1783 -22739 R    181   -448 level 1
[0;32mI (217614) NIMBLE_HIDH: notify handle 30 len 16[0m
frame 6693: 29799 us total, 12062 us display, type 3
[0;32mI (217644) NIMBLE_HIDH: notify handle 30 len 16[0m
frame 6694: 28080 us total, 11699 us display, type 3
[0;32mI (217674) NIMBLE_HIDH: notify handle 30 len 16[0m
frame 6695: 27978 us total, 11865 us display, type 3
[0;32mI (217704) NIMBLE_HIDH: notify handle 30 len 16[0m
frame 6696: 28825 us total, 11693 us display, type 3
[0;32mI (217734) NIMBLE_HIDH: notify handle 30 len 16[0m
frame 6697: 28427 us total, 11692 us display, type 3
[0;32mI (217764) NIMBLE_HIDH: notify handle 30 len 16[0m
frame 6698: 28772 us total, 11692 us display, type 3
[0;32mI (217794) NIMBLE_HIDH: notify handle 30 len 16[0m
frame 6699: 28033 us total, 11721 us display, type 3
[0;32mI (217824) NIMBLE_HIDH: notify handle 30 len 16[0m
frame 6700: 28923 us total, 11694 us display, type 3
[0;32mI (217854) NIMBLE_HIDH: notify handle 30 len 16[0m
frame 6701: 28967 us total, 11699 us display, type 3
axes L  -1783 -22739 R    181   -448 level 1
[0;32mI (217884) NIMBLE_HIDH: notify handle 30 len 16[0m
frame 6702: 28344 us total, 12786 us display, type 3
[0;32mI (217914) NIMBLE_HIDH: notify handle 30 len 16[0m
frame 6703: 28589 us total, 12295 us display, type 3
[0;32mI (217944) NIMBLE_HIDH: notify handle 30 len 16[0m
frame 6704: 28105 us total, 12521 us display, type 3
[0;32mI (217974) NIMBLE_HIDH: notify handle 30 len 16[0m
frame 6705: 29023 us total, 12620 us display, type 3
[0;32mI (218004) NIMBLE_HIDH: notify handle 30 len 16[0m
frame 6706: 27506 us total, 12182 us display, type 3
[0;32mI (218034) NIMBLE_HIDH: notify handle 30 len 16[0m
frame 6707: 28775 us total, 12173 us display, type 3
[0;32mI (218064) NIMBLE_HIDH: notify handle 30 len 16[0m
frame 6708: 29050 us total, 12170 us display, type 3
[0;32mI (218094) NIMBLE_HIDH: notify handle 30 len 16[0m
frame 6709: 28417 us total, 12531 us display, type 3
[0;32mI (218124) NIMBLE_HIDH: notify handle 30 len 16[0m
frame 6710: 28775 us total, 12330 us display, type 3
axes L  -1783 -22739 R    181   -448 level 1
frame 6711: 27565 us total, 11696 us display, type 3
[0;32mI (218154) NIMBLE_HIDH: notify handle 30 len 16[0m
frame 6712: 29020 us total, 11692 us display, type 3
[0;32mI (218184) NIMBLE_HIDH: notify handle 30 len 16[0m
frame 6713: 29171 us total, 12043 us display, type 3
[0;32mI (218214) NIMBLE_HIDH: notify handle 30 len 16[0m
frame 6714: 28652 us total, 11904 us display, type 3
[0;32mI (218244) NIMBLE_HIDH: notify handle 30 len 16[0m
frame 6715: 29049 us total, 12037 us display, type 3
[0;32mI (218274) NIMBLE_HIDH: notify handle 30 len 16[0m
frame 6716: 27550 us total, 11691 us display, type 3
[0;32mI (218304) NIMBLE_HIDH: notify handle 30 len 16[0m
frame 6717: 29549 us total, 11758 us display, type 3
[0;32mI (218334) NIMBLE_HIDH: notify handle 30 len 16[0m
frame 6718: 27647 us total, 11685 us display, type 3
[0;32mI (218364) NIMBLE_HIDH: notify handle 30 len 16[0m
frame 6719: 29019 us total, 11685 us display, type 3
axes L  -1783 -22739 R    181   -448 level 1
[0;32mI (218394) NIMBLE_HIDH: notify handle 30 len 16[0m
frame 6720: 28250 us total, 11738 us display, type 3
[0;32mI (218424) NIMBLE_HIDH: notify handle 30 len 16[0m
frame 6721: 28778 us total, 11686 us display, type 3
[0;32mI (218454) NIMBLE_HIDH: notify handle 30 len 16[0m
frame 6722: 29283 us total, 11692 us display, type 3
frame 6723: 27548 us total, 11692 us display, type 3
frame 6724: 28331 us total, 11834 us display, type 3
frame 6725: 28102 us total, 11691 us display, type 3
frame 6726: 29088 us total, 11691 us display, type 3
frame 6727: 27937 us total, 11788 us display, type 3
frame 6728: 29057 us total, 11749 us display, type 3
axes L  -1783 -22739 R    181   -448 level 1
frame 6729: 29213 us total, 11684 us display, type 3
frame 6730: 27839 us total, 11692 us display, type 3
frame 6731: 28991 us total, 11698 us display, type 3
frame 6732: 28233 us total, 11685 us display, type 3
[0;32mI (218754) NIMBLE_HIDH: notify handle 30 len 16[0m
frame 6733: 29268 us total, 11693 us display, type 3
[0;32mI (218784) NIMBLE_HIDH: notify handle 30 len 16[0m
frame 6734: 28354 us total, 12057 us display, type 3
[0;32mI (218814) NIMBLE_HIDH: notify handle 30 len 16[0m
frame 6735: 28913 us total, 11917 us display, type 3
[0;32mI (218844) NIMBLE_HIDH: notify handle 30 len 16[0m
frame 6736: 29057 us total, 11931 us display, type 3
[0;32mI (218874) NIMBLE_HIDH: notify handle 30 len 16[0m
frame 6737: 28153 us total, 11692 us display, type 3
axes L  -1783 -22762 R    181   -448 level 1
[0;32mI (218904) NIMBLE_HIDH: notify handle 30 len 16[0m
frame 6738: 28925 us total, 11724 us display, type 3
[0;32mI (218934) NIMBLE_HIDH: notify handle 30 len 16[0m
frame 6739: 27764 us total, 11692 us display, type 3
[0;32mI (218964) NIMBLE_HIDH: notify handle 30 len 16[0m
frame 6740: 28915 us total, 11685 us display, type 3
[0;32mI (218994) NIMBLE_HIDH: notify handle 30 len 16[0m
frame 6741: 28014 us total, 11724 us display, type 3
[0;32mI (219024) NIMBLE_HIDH: notify handle 30 len 16[0m
frame 6742: 29186 us total, 11694 us display, type 3
[0;32mI (219054) NIMBLE_HIDH: notify handle 30 len 16[0m
frame 6743: 29328 us total, 11692 us display, type 3
[0;32mI (219084) NIMBLE_HIDH: notify handle 30 len 16[0m
frame 6744: 26978 us total, 12290 us display, type 3
[0;32mI (219114) NIMBLE_HIDH: notify handle 30 len 16[0m
frame 6745: 28850 us total, 12289 us display, type 3
[0;32mI (219144) NIMBLE_HIDH: notify handle 30 len 16[0m
frame 6746: 28856 us total, 12717 us display, type 3
axes L  -1783 -22762 R    181   -448 level 1
[0;32mI (219174) NIMBLE_HIDH: notify handle 30 len 16[0m
frame 6747: 28602 us total, 12296 us display, type 3
[0;32mI (219204) NIMBLE_HIDH: notify handle 30 len 16[0m
frame 6748: 27714 us total, 12183 us display, type 3
[0;32mI (219234) NIMBLE_HIDH: notify handle 30 len 16[0m
frame 6749: 29123 us total, 12175 us display, type 3
[0;32mI (219264) NIMBLE_HIDH: notify handle 30 len 16[0m
frame 6750: 28953 us total, 12172 us display, type 3
[0;32mI (219294) NIMBLE_HIDH: notify handle 30 len 16[0m
frame 6751: 28399 us total, 12535 us display, type 3
[0;32mI (219324) NIMBLE_HIDH: notify handle 30 len 16[0m
frame 6752: 28771 us total, 12044 us display, type 3
frame 6753: 28012 us total, 11690 us display, type 3
[0;32mI (219354) NIMBLE_HIDH: notify handle 30 len 16[0m
frame 6754: 28562 us total, 11692 us display, type 3
[0;32mI (219384) NIMBLE_HIDH: notify handle 30 len 16[0m
frame 6755: 28352 us total, 11692 us display, type 3
axes L  -1783 -22762 R    181   -448 level 1
[0;32mI (219414) NIMBLE_HIDH: notify handle 30 len 16[0m
frame 6756: 29490 us total, 11812 us display, type 3
[0;32mI (219444) NIMBLE_HIDH: notify handle 30 len 16[0m
frame 6757: 29264 us total, 11692 us display, type 3
[0;32mI (219474) NIMBLE_HIDH: notify handle 30 len 16[0m
frame 6758: 27808 us total, 11791 us display, type 3
[0;32mI (219504) NIMBLE_HIDH: notify handle 30 len 16[0m
frame 6759: 29060 us total, 11796 us display, type 3
[0;32mI (219534) NIMBLE_HIDH: notify handle 30 len 16[0m
frame 6760: 27909 us total, 11693 us display, type 3
[0;32mI (219564) NIMBLE_HIDH: notify handle 30 len 16[0m
frame 6761: 29015 us total, 11692 us display, type 3
[0;32mI (219594) NIMBLE_HIDH: notify handle 30 len 16[0m
frame 6762: 28445 us total, 11897 us display, type 3
[0;32mI (219624) NIMBLE_HIDH: notify handle 30 len 16[0m
frame 6763: 29117 us total, 11716 us display, type 3
[0;32mI (219654) NIMBLE_HIDH: notify handle 30 len 16[0m
frame 6764: 28506 us total, 11692 us display, type 3
axes L  -1783 -22762 R    181   -448 level 1
[0;32mI (219684) NIMBLE_HIDH: notify handle 30 len 16[0m
frame 6765: 28005 us total, 12785 us display, type 3
[0;32mI (219714) NIMBLE_HIDH: notify handle 30 len 16[0m
frame 6766: 28216 us total, 12289 us display, type 3
[0;32mI (219744) NIMBLE_HIDH: notify handle 30 len 16[0m
frame 6767: 28196 us total, 12297 us display, type 3
[0;32mI (219774) NIMBLE_HIDH: notify handle 30 len 16[0m
frame 6768: 29059 us total, 12291 us display, type 3
[0;32mI (219804) NIMBLE_HIDH: notify handle 30 len 16[0m
frame 6769: 27945 us total, 12194 us display, type 3
[0;32mI (219834) NIMBLE_HIDH: notify handle 30 len 16[0m
frame 6770: 28974 us total, 12184 us display, type 3
[0;32mI (219864) NIMBLE_HIDH: notify handle 30 len 16[0m
frame 6771: 28996 us total, 12197 us display, type 3
[0;32mI (219894) NIMBLE_HIDH: notify handle 30 len 16[0m
frame 6772: 28525 us total, 12530 us display, type 3
[0;32mI (219924) NIMBLE_HIDH: notify handle 30 len 16[0m
frame 6773: 28867 us total, 12099 us display, type 3
axes L  -1783 -22762 R    181   -448 level 1
frame 6774: 27317 us total, 11699 us display, type 3
[0;32mI (219954) NIMBLE_HIDH: notify handle 30 len 16[0m
frame 6775: 28657 us total, 11692 us display, type 3
[0;32mI (219984) NIMBLE_HIDH: notify handle 30 len 16[0m
frame 6776: 28390 us total, 11692 us display, type 3
[0;32mI (220014) NIMBLE_HIDH: notify handle 30 len 16[0m
frame 6777: 29728 us total, 11740 us display, type 3
[0;32mI (220044) NIMBLE_HIDH: notify handle 30 len 16[0m
frame 6778: 29035 us total, 11925 us display, type 3
[0;32mI (220074) NIMBLE_HIDH: notify handle 30 len 16[0m
frame 6779: 27756 us total, 11685 us display, type 3
[0;32mI (220104) NIMBLE_HIDH: notify handle 30 len 16[0m
frame 6780: 28940 us total, 11693 us display, type 3
[0;32mI (220134) NIMBLE_HIDH: notify handle 30 len 16[0m
frame 6781: 28028 us total, 11686 us display, type 3
[0;32mI (220164) NIMBLE_HIDH: notify handle 30 len 16[0m
frame 6782: 29248 us total, 11699 us display, type 3
axes L  -1783 -22762 R    181   -448 level 1
[0;32mI (220194) NIMBLE_HIDH: notify handle 30 len 16[0m
frame 6783: 28559 us total, 11685 us display, type 3
[0;32mI (220224) NIMBLE_HIDH: notify handle 30 len 16[0m
frame 6784: 28335 us total, 11693 us display, type 3
frame 6785: 28120 us total, 11692 us display, type 3
frame 6786: 27987 us total, 12063 us display, type 3
frame 6787: 28509 us total, 11692 us display, type 3
frame 6788: 28573 us total, 11820 us display, type 3
frame 6789: 29008 us total, 11713 us display, type 3
frame 6790: 28045 us total, 11699 us display, type 3
frame 6791: 29033 us total, 11721 us display, type 3
axes L  -1783 -22762 R    181   -448 level 1
frame 6792: 29495 us total, 11691 us display, type 3
frame 6793: 28120 us total, 11685 us display, type 3
frame 6794: 28527 us total, 11692 us display, type 3
frame 6795: 27815 us total, 11692 us display, type 3
frame 6796: 28942 us total, 11700 us display, type 3
frame 6797: 28023 us total, 11692 us display, type 3
frame 6798: 28957 us total, 11729 us display, type 3
frame 6799: 29113 us total, 11692 us display, type 3
frame 6800: 27979 us total, 11699 us display, type 3
axes L  -1783 -22762 R    181   -448 level 1
frame 6801: 29185 us total, 11693 us display, type 3
frame 6802: 27976 us total, 11693 us display, type 3
frame 6803: 29320 us total, 11685 us display, type 3
frame 6804: 27488 us total, 11692 us display, type 3
frame 6805: 28886 us total, 11699 us display, type 3
frame 6806: 28956 us total, 11692 us display, type 3
frame 6807: 27464 us total, 11685 us display, type 3
frame 6808: 29039 us total, 11685 us display, type 3
frame 6809: 28628 us total, 11877 us display, type 3
axes L  -1783 -22762 R    181   -448 level 1
frame 6810: 29077 us total, 11692 us display, type 3
frame 6811: 27769 us total, 11692 us display, type 3
frame 6812: 29245 us total, 11705 us display, type 3
frame 6813: 29343 us total, 11685 us display, type 3
frame 6814: 27513 us total, 11692 us display, type 3
frame 6815: 28870 us total, 11693 us display, type 3
frame 6816: 27943 us total, 11692 us display, type 3
frame 6817: 29475 us total, 11692 us display, type 3
frame 6818: 27678 us total, 11982 us display, type 3
axes L  -1783 -22762 R    181   -448 level 1
frame 6819: 29164 us total, 11692 us display, type 3
frame 6820: 28933 us total, 11692 us display, type 3
frame 6821: 28056 us total, 11699 us display, type 3
frame 6822: 29273 us total, 11685 us display, type 3
frame 6823: 28344 us total, 11686 us display, type 3
frame 6824: 28572 us total, 11692 us display, type 3
frame 6825: 27899 us total, 11692 us display, type 3
frame 6826: 29017 us total, 11692 us display, type 3
frame 6827: 28793 us total, 11693 us display, type 3
axes L  -1783 -22762 R    181   -448 level 1
frame 6828: 28262 us total, 12057 us display, type 3
frame 6829: 28687 us total, 11895 us display, type 3
frame 6830: 28122 us total, 11692 us display, type 3
frame 6831: 29033 us total, 11692 us display, type 3
frame 6832: 28196 us total, 11692 us display, type 3
frame 6833: 29313 us total, 11693 us display, type 3
frame 6834: 28460 us total, 11693 us display, type 3
frame 6835: 27832 us total, 11692 us display, type 3
frame 6836: 28908 us total, 11694 us display, type 3
axes L  -1783 -22762 R    181   -448 level 1
frame 6837: 28623 us total, 11685 us display, type 3
frame 6838: 28470 us total, 11692 us display, type 3
frame 6839: 27651 us total, 11685 us display, type 3
frame 6840: 29445 us total, 11919 us display, type 3
frame 6841: 29041 us total, 11820 us display, type 3
frame 6842: 28131 us total, 11700 us display, type 3
frame 6843: 29324 us total, 11685 us display, type 3
frame 6844: 27531 us total, 11693 us display, type 3
frame 6845: 28891 us total, 11693 us display, type 3
axes L  -1783 -22762 R    181   -448 level 1
frame 6846: 28185 us total, 11692 us display, type 3
frame 6847: 28637 us total, 11685 us display, type 3
frame 6848: 29071 us total, 11692 us display, type 3
frame 6849: 28142 us total, 12060 us display, type 3
frame 6850: 28994 us total, 12034 us display, type 3
frame 6851: 28086 us total, 11746 us display, type 3
frame 6852: 29244 us total, 11692 us display, type 3
frame 6853: 28349 us total, 11685 us display, type 3
frame 6854: 28510 us total, 11692 us display, type 3
axes L  -1783 -22762 R    181   -448 level 1
frame 6855: 29125 us total, 11692 us display, type 3
frame 6856: 27764 us total, 11699 us display, type 3
frame 6857: 29471 us total, 11686 us display, type 3
frame 6858: 27713 us total, 11692 us display, type 3
frame 6859: 29006 us total, 11693 us display, type 3
frame 6860: 27732 us total, 11833 us display, type 3
frame 6861: 29087 us total, 11692 us display, type 3
frame 6862: 29288 us total, 11692 us display, type 3
frame 6863: 28367 us total, 11685 us display, type 3
axes L  -1783 -22762 R    181   -448 level 1
frame 6864: 28706 us total, 11689 us display, type 3
frame 6865: 27637 us total, 11692 us display, type 3
frame 6866: 28973 us total, 11692 us display, type 3
frame 6867: 27802 us total, 11694 us display, type 3
frame 6868: 29002 us total, 11692 us display, type 3
frame 6869: 29081 us total, 11692 us display, type 3
frame 6870: 27990 us total, 12064 us display, type 3
frame 6871: 28662 us total, 11691 us display, type 3
frame 6872: 28556 us total, 11700 us display, type 3
axes L  -1783 -22762 R    181   -448 level 1
frame 6873: 29581 us total, 11692 us display, type 3
frame 6874: 27379 us total, 11809 us display, type 3
frame 6875: 28784 us total, 11692 us display, type 3
frame 6876: 28890 us total, 11685 us display, type 3
frame 6877: 28476 us total, 11692 us display, type 3
frame 6878: 28684 us total, 11693 us display, type 3
frame 6879: 28068 us total, 11692 us display, type 3
frame 6880: 28993 us total, 11697 us display, type 3
frame 6881: 27994 us total, 12031 us display, type 3
axes L  -1783 -22762 R    181   -448 level 1
frame 6882: 29369 us total, 11699 us display, type 3
frame 6883: 29303 us total, 11685 us display, type 3
frame 6884: 27581 us total, 11692 us display, type 3
frame 6885: 28897 us total, 11699 us display, type 3
frame 6886: 28100 us total, 11804 us display, type 3
frame 6887: 28713 us total, 11692 us display, type 3
frame 6888: 28152 us total, 11692 us display, type 3
frame 6889: 29112 us total, 11694 us display, type 3
frame 6890: 29074 us total, 11698 us display, type 3
axes L  -1783 -22762 R    181   -448 level 1
frame 6891: 28170 us total, 11685 us display, type 3
frame 6892: 28661 us total, 11691 us display, type 3
frame 6893: 28894 us total, 11962 us display, type 3
frame 6894: 28229 us total, 11691 us display, type 3
frame 6895: 27870 us total, 11744 us display, type 3
frame 6896: 28838 us total, 11690 us display, type 3
frame 6897: 29410 us total, 11698 us display, type 3
frame 6898: 27666 us total, 11692 us display, type 3
frame 6899: 29018 us total, 11694 us display, type 3
axes L  -1783 -22762 R    181   -448 level 1
frame 6900: 28207 us total, 11692 us display, type 3
frame 6901: 28708 us total, 11692 us display, type 3
frame 6902: 28027 us total, 11847 us display, type 3
frame 6903: 29447 us total, 11692 us display, type 3
frame 6904: 28658 us total, 11719 us display, type 3
frame 6905: 27975 us total, 11790 us display, type 3
frame 6906: 28870 us total, 11692 us display, type 3
frame 6907: 27788 us total, 11692 us display, type 3
frame 6908: 29076 us total, 11686 us display, type 3
axes L  -1783 -22762 R    181   -448 level 1
frame 6909: 28341 us total, 11696 us display, type 3
frame 6910: 28791 us total, 11692 us display, type 3
frame 6911: 29018 us total, 11692 us display, type 3
frame 6912: 28259 us total, 12065 us display, type 3
mem @frame 6912: heap free 66484, largest 40960, min ever 65664, zone free 55016, stack free 14540, uptime 223 s, gamestate 0, demo 0, usergame 1, tic 7733
frame 6913: 29000 us total, 11699 us display, type 3
frame 6914: 27869 us total, 11692 us display, type 3
frame 6915: 28995 us total, 11772 us display, type 3
frame 6916: 27870 us total, 11691 us display, type 3
frame 6917: 29453 us total, 11686 us display, type 3
axes L  -1783 -22762 R    181   -448 level 1
frame 6918: 28953 us total, 11700 us display, type 3
frame 6919: 27839 us total, 11692 us display, type 3
frame 6920: 29042 us total, 11692 us display, type 3
frame 6921: 27989 us total, 11692 us display, type 3
frame 6922: 29304 us total, 11685 us display, type 3
frame 6923: 27925 us total, 11685 us display, type 3
frame 6924: 28769 us total, 11692 us display, type 3
frame 6925: 28969 us total, 11693 us display, type 3
frame 6926: 28002 us total, 11692 us display, type 3
axes L  -1783 -22762 R    181   -448 level 1
frame 6927: 28938 us total, 11699 us display, type 3
frame 6928: 27838 us total, 11693 us display, type 3
frame 6929: 29044 us total, 11693 us display, type 3
frame 6930: 28006 us total, 11694 us display, type 3
frame 6931: 29004 us total, 11692 us display, type 3
frame 6932: 29187 us total, 11699 us display, type 3
frame 6933: 28309 us total, 11685 us display, type 3
frame 6934: 28473 us total, 12020 us display, type 3
frame 6935: 28086 us total, 11929 us display, type 3
axes L  -1783 -22762 R    181   -448 level 1
frame 6936: 28998 us total, 11740 us display, type 3
frame 6937: 28150 us total, 11692 us display, type 3
frame 6938: 28734 us total, 11692 us display, type 3
frame 6939: 29028 us total, 11699 us display, type 3
frame 6940: 27975 us total, 11692 us display, type 3
frame 6941: 28987 us total, 11693 us display, type 3
frame 6942: 28257 us total, 11699 us display, type 3
frame 6943: 29369 us total, 11692 us display, type 3
frame 6944: 27417 us total, 11913 us display, type 3
axes L  -1783 -22762 R    181   -448 level 1
frame 6945: 29118 us total, 11692 us display, type 3
frame 6946: 28979 us total, 11727 us display, type 3
frame 6947: 27790 us total, 11692 us display, type 3
frame 6948: 29233 us total, 11815 us display, type 3
frame 6949: 27988 us total, 11692 us display, type 3
frame 6950: 29054 us total, 11692 us display, type 3
frame 6951: 28050 us total, 11699 us display, type 3
frame 6952: 29376 us total, 11795 us display, type 3
frame 6953: 29264 us total, 11692 us display, type 3
axes L  -1783 -22762 R    181   -448 level 1
frame 6954: 27756 us total, 11685 us display, type 3
frame 6955: 28392 us total, 11873 us display, type 3
frame 6956: 28091 us total, 11692 us display, type 3
frame 6957: 29394 us total, 11685 us display, type 3
frame 6958: 27673 us total, 11692 us display, type 3
frame 6959: 29018 us total, 11749 us display, type 3
frame 6960: 28946 us total, 11692 us display, type 3
frame 6961: 27967 us total, 11692 us display, type 3
frame 6962: 29205 us total, 11700 us display, type 3
axes L  -1783 -22762 R    181   -448 level 1
frame 6963: 28535 us total, 11685 us display, type 3
frame 6964: 28302 us total, 11692 us display, type 3
frame 6965: 27469 us total, 11685 us display, type 3
frame 6966: 29453 us total, 1191