ESP-ROM:esp32c6-20220919
Build:Sep 19 2022
rst:0x15 (USB_UART_HPSYS),boot:0x2c (SPI_FAST_FLASH_BOOT)
Saved PC:0x42030996
SPIWP:0xee
mode:DIO, clock div:2
load:0x40875720,len:0x1a5c
load:0x4086c110,len:0xf58
load:0x4086e610,len:0x3074
entry 0x4086c11a
[0;32mI (23) boot: ESP-IDF v5.3.4 2nd stage bootloader[0m
[0;32mI (23) boot: compile time Sep 14 2026 20:53:10[0m
[0;32mI (23) boot: chip revision: v0.2[0m
[0;32mI (24) boot: efuse block revision: v0.3[0m
[0;32mI (24) qio_mode: Enabling QIO for flash chip WinBond[0m
[0;32mI (24) boot.esp32c6: SPI Speed      : 80MHz[0m
[0;32mI (25) boot.esp32c6: SPI Mode       : QIO[0m
[0;32mI (25) boot.esp32c6: SPI Flash Size : 16MB[0m
[0;32mI (25) boot: Enabling RNG early entropy source...[0m
[0;32mI (26) boot: Partition Table:[0m
[0;32mI (26) boot: ## Label            Usage          Type ST Offset   Length[0m
[0;32mI (26) boot:  0 nvs              WiFi data        01 02 00009000 00006000[0m
[0;32mI (27) boot:  1 phy_init         RF data          01 01 0000f000 00001000[0m
[0;32mI (28) boot:  2 factory          factory app      00 00 00010000 00200000[0m
[0;32mI (28) boot:  3 wad              Unknown data     01 40 00210000 00400000[0m
[0;32mI (29) boot:  4 saves            WiFi data        01 02 00610000 00020000[0m
[0;32mI (29) boot: End of partition table[0m
[0;32mI (30) esp_image: segment 0: paddr=00010020 vaddr=420c0020 size=317b4h (202676) map[0m
[0;32mI (67) esp_image: segment 1: paddr=000417dc vaddr=40800000 size=0e83ch ( 59452) load[0m
[0;32mI (80) esp_image: segment 2: paddr=00050020 vaddr=42000020 size=b1e68h (728680) map[0m
[0;32mI (211) esp_image: segment 3: paddr=00101e90 vaddr=4080e83c size=07b2ch ( 31532) load[0m
[0;32mI (218) esp_image: segment 4: paddr=001099c4 vaddr=40816370 size=033e4h ( 13284) load[0m
[0;32mI (221) esp_image: segment 5: paddr=0010cdb0 vaddr=50000000 size=00004h (     4) load[0m
[0;32mI (227) boot: Loaded app from partition at offset 0x10000[0m
[0;32mI (228) boot: Disabling RNG early entropy source...[0m
[0;32mI (229) cpu_start: Unicore app[0m
[0;32mI (238) cpu_start: Pro cpu start user code[0m
[0;32mI (238) cpu_start: cpu freq: 160000000 Hz[0m
[0;32mI (238) app_init: Application information:[0m
[0;32mI (238) app_init: Project name:     diablito[0m
[0;32mI (238) app_init: App version:      1[0m
[0;32mI (239) app_init: Compile time:     Sep 14 2026 20:53:12[0m
[0;32mI (239) app_init: ELF file SHA256:  b29787bb1...[0m
[0;32mI (239) app_init: ESP-IDF:          v5.3.4[0m
[0;32mI (239) efuse_init: Min chip rev:     v0.0[0m
[0;32mI (240) efuse_init: Max chip rev:     v0.99 [0m
[0;32mI (240) efuse_init: Chip rev:         v0.2[0m
[0;32mI (240) heap_init: Initializing. RAM available for dynamic allocation:[0m
[0;32mI (241) heap_init: At 408341F0 len 00048420 (289 KiB): RAM[0m
[0;32mI (241) heap_init: At 4087C610 len 00002F54 (11 KiB): RAM[0m
[0;32mI (241) heap_init: At 50000004 len 00003FE4 (15 KiB): RTCRAM[0m
[0;32mI (242) spi_flash: detected chip: generic[0m
[0;32mI (242) spi_flash: flash io: qio[0m
[0;32mI (243) sleep: Configure to isolate all GPIO pins in sleep state[0m
[0;32mI (243) sleep: Enable automatic switching of GPIO sleep configuration[0m
[0;32mI (244) coexist: coex firmware version: a13b09d[0m
[0;32mI (244) coexist: coexist rom version 5b8dcfa[0m
[0;32mI (244) main_task: Started on CPU0[0m
[0;32mI (244) main_task: Calling app_main()[0m
[0;32mI (244) gpio: GPIO[15]| InputEn: 0| OutputEn: 1| OpenDrain: 0| Pullup: 0| Pulldown: 0| Intr:0 [0m
[0;32mI (244) gpio: GPIO[9]| InputEn: 1| OutputEn: 0| OpenDrain: 0| Pullup: 1| Pulldown: 0| Intr:0 [0m
[0;32mI (244) gpio: GPIO[18]| InputEn: 1| OutputEn: 0| OpenDrain: 0| Pullup: 1| Pulldown: 0| Intr:0 [0m
[0;32mI (245) gpio: GPIO[0]| InputEn: 0| OutputEn: 0| OpenDrain: 0| Pullup: 0| Pulldown: 0| Intr:0 [0m
[0;32mI (245) DIABLITO: DIABLITO skeleton, IDF v5.3.4, CPU 160 MHz[0m
[0;32mI (245) DIABLITO: heap at boot: free 293012, largest block 262144, min ever 293012, dma-capable 278412[0m
[0;32mI (246) gpio: GPIO[3]| InputEn: 0| OutputEn: 1| OpenDrain: 0| Pullup: 0| Pulldown: 0| Intr:0 [0m
[0;32mI (246) gpio: GPIO[4]| InputEn: 0| OutputEn: 1| OpenDrain: 0| Pullup: 0| Pulldown: 0| Intr:0 [0m
[0;32mI (750) DISPLAY: ST7789 up: 280x240 landscape, SPI 80 MHz, 2 x 8960 B DMA strips[0m
[0;32mI (750) DIABLITO: heap after display: free 273528, largest block 245760, min ever 273528, dma-capable 258928[0m
[0;32mI (751) DIABLITO: wad partition @0x210000 size 4194304: magic IWHD, 1264 lumps, infotable @36, file 2073676 bytes[0m
[0;32mI (751) DIABLITO: WHD mapped at 0x42100000, header via mmap: IWHD ·©ÔUDOOM1[0m
[0;32mI (752) DIABLITO: heap after wad mmap: free 272896, largest block 245760, min ever 272896, dma-capable 258296[0m
[0;32mI (752) DIABLITO: main task stack high-water: 14904 bytes free[0m
[0;32mI (753) DIABLITO: .bss ends at 0x408341e8 (short-pointer window ends at 0x40840000, 48664 bytes spare)[0m
[0;32mI (753) DIABLITO: heap before BLE: free 272896, largest block 245760, min ever 272896, dma-capable 258296[0m
[0;32mI (767) BLE_INIT: Using main XTAL as clock source, chip ver: 2[0m
[0;32mI (767) BLE_INIT: ble controller commit:[ca6c20b][0m
[0;32mI (771) BLE_INIT: Bluetooth MAC: fc:01:2c:fd:fc:b2[0m
[0;32mI (771) phy_init: phy_version 341,a6c8fe6,Jul 30 2025,18:34:11[0m
[0;32mI (864) phy: libbtbb version: a945109, Jul 30 2025, 18:34:25[0m
[0;32mI (871) PAD: init, saved controller: yes[0m
[0;32mI (1072) DIABLITO: heap after BLE init: free 234120, largest block 208896, min ever 233984, dma-capable 219520[0m
[0;32mI (1072) DIABLITO: starting Doom[0m
                          DIABLITO Doom 3.0.0
Z_Init: Init zone memory allocation daemon. 
zone memory: 0x40821854, 10000 allocated for zone
M_LoadDefaults: Load system defaults.
W_Init: Init WADfiles.
===========================================================================
                            DOOM Shareware
===========================================================================
 DIABLITO Doom is free software, covered by the GNU General Public
 License.  There is NO warranty; not even for MERCHANTABILITY or FITNESS
 FOR A PARTICULAR PURPOSE. You are welcome to change and distribute
 copies under certain conditions. See the source for more information.
===========================================================================
I_Init: Setting up machine state.
M_Init: Init miscellaneous info.
R_Init: Init DOOM refresh daemon - .........
P_Init: Init Playloop state.
S_Init: Setting up sound.
D_CheckNetGame: Checking network game status.
Emulating the behavior of the 'Doom 1.9' executable.
HU_Init: Setting up heads up display.
ST_Init: Init status bar.
frame 2: 34529 us total, 11690 us display, type 4
frame 3: 12376 us total, 11630 us display, type 4
frame 4: 15951 us total, 11635 us display, type 4
frame 5: 29138 us total, 11728 us display, type 4
frame 6: 28894 us total, 11632 us display, type 4
frame 7: 27968 us total, 11632 us display, type 4
frame 8: 29019 us total, 11642 us display, type 4
frame 9: 28003 us total, 11647 us display, type 4
frame 10: 29029 us total, 11634 us display, type 4
frame 11: 27961 us total, 11637 us display, type 4
frame 12: 28985 us total, 11632 us display, type 4
frame 13: 29022 us total, 11642 us display, type 4
frame 14: 27999 us total, 11643 us display, type 4
frame 15: 29003 us total, 11636 us display, type 4
frame 16: 27988 us total, 11639 us display, type 4
frame 17: 29035 us total, 11645 us display, type 4
frame 18: 27979 us total, 11633 us display, type 4
frame 19: 29005 us total, 11639 us display, type 4
frame 20: 28981 us total, 11637 us display, type 4
frame 21: 27988 us total, 11632 us display, type 4
frame 22: 29022 us total, 11641 us display, type 4
frame 23: 27999 us total, 11643 us display, type 4
frame 24: 28992 us total, 11637 us display, type 4
frame 25: 28007 us total, 11641 us display, type 4
frame 26: 29001 us total, 11643 us display, type 4
frame 27: 28992 us total, 11637 us display, type 4
frame 28: 28012 us total, 11644 us display, type 4
frame 29: 28997 us total, 11637 us display, type 4
frame 30: 27979 us total, 11632 us display, type 4
frame 31: 28998 us total, 11631 us display, type 4
frame 32: 27998 us total, 11631 us display, type 4
frame 33: 29001 us total, 11632 us display, type 4
frame 34: 29022 us total, 11641 us display, type 4
frame 35: 27995 us total, 11642 us display, type 4
frame 36: 28997 us total, 11637 us display, type 4
frame 37: 27986 us total, 11632 us display, type 4
frame 38: 29029 us total, 11640 us display, type 4
frame 39: 27998 us total, 11634 us display, type 4
frame 40: 28978 us total, 11632 us display, type 4
frame 41: 28996 us total, 11631 us display, type 4
frame 42: 27999 us total, 11632 us display, type 4
frame 43: 29001 us total, 11631 us display, type 4
frame 44: 27999 us total, 11632 us display, type 4
frame 45: 29001 us total, 11631 us display, type 4
frame 46: 27999 us total, 11631 us display, type 4
frame 47: 29029 us total, 11640 us display, type 4
frame 48: 28986 us total, 11637 us display, type 4
frame 49: 27986 us total, 11631 us display, type 4
frame 50: 29021 us total, 11639 us display, type 4
frame 51: 28002 us total, 11644 us display, type 4
frame 52: 29003 us total, 11631 us display, type 4
frame 53: 27995 us total, 11641 us display, type 4
frame 54: 29001 us total, 11643 us display, type 4
frame 55: 29004 us total, 11637 us display, type 4
frame 56: 27987 us total, 11639 us display, type 4
frame 57: 29021 us total, 11640 us display, type 4
frame 58: 27998 us total, 11637 us display, type 4
frame 59: 28987 us total, 11638 us display, type 4
frame 60: 28002 us total, 11641 us display, type 4
frame 61: 29006 us total, 11643 us display, type 4
frame 62: 29014 us total, 11639 us display, type 4
frame 63: 28064 us total, 11686 us display, type 4
frame 64: 29043 us total, 11637 us display, type 4
frame 65: 27883 us total, 11636 us display, type 4
frame 66: 28980 us total, 11637 us display, type 4
frame 67: 27987 us total, 11631 us display, type 4
frame 68: 29001 us total, 11632 us display, type 4
frame 69: 29001 us total, 11631 us display, type 4
frame 70: 27999 us total, 11632 us display, type 4
frame 71: 29026 us total, 11639 us display, type 4
frame 72: 28003 us total, 11640 us display, type 4
frame 73: 28987 us total, 11637 us display, type 4
frame 74: 28011 us total, 11642 us display, type 4
frame 75: 28992 us total, 11643 us display, type 4
frame 76: 28995 us total, 11637 us display, type 4
frame 77: 27986 us total, 11632 us display, type 4
frame 78: 29026 us total, 11640 us display, type 4
frame 79: 28076 us total, 11727 us display, type 4
frame 80: 28925 us total, 11634 us display, type 4
frame 81: 27977 us total, 11633 us display, type 4
frame 82: 29060 us total, 11643 us display, type 4
frame 83: 28972 us total, 11650 us display, type 4
frame 84: 27993 us total, 11644 us display, type 4
frame 85: 28985 us total, 11637 us display, type 4
frame 86: 27986 us total, 11632 us display, type 4
frame 87: 29063 us total, 11646 us display, type 4
frame 88: 27964 us total, 11634 us display, type 4
frame 89: 29002 us total, 11641 us display, type 4
frame 90: 29090 us total, 11741 us display, type 4
frame 91: 27945 us total, 11640 us display, type 4
frame 92: 28954 us total, 11638 us display, type 4
frame 93: 27982 us total, 11632 us display, type 4
frame 94: 29002 us total, 11631 us display, type 4
frame 95: 28002 us total, 11633 us display, type 4
frame 96: 29058 us total, 11642 us display, type 4
frame 97: 28970 us total, 11634 us display, type 4
frame 98: 27997 us total, 11637 us display, type 4
frame 99: 28992 us total, 11637 us display, type 4
frame 100: 28001 us total, 11641 us display, type 4
frame 101: 29008 us total, 11638 us display, type 4
frame 102: 27975 us total, 11631 us display, type 4
frame 103: 29024 us total, 11644 us display, type 4
frame 104: 29014 us total, 11638 us display, type 4
frame 105: 28008 us total, 11644 us display, type 4
frame 106: 29004 us total, 11635 us display, type 4
frame 107: 27986 us total, 11638 us display, type 4
frame 108: 28983 us total, 11644 us display, type 4
frame 109: 27991 us total, 11637 us display, type 4
frame 110: 29044 us total, 11647 us display, type 4
frame 111: 28997 us total, 11634 us display, type 4
frame 112: 27956 us total, 11638 us display, type 4
frame 113: 28989 us total, 11631 us display, type 4
frame 114: 28001 us total, 11634 us display, type 4
frame 115: 29053 us total, 11642 us display, type 4
frame 116: 27964 us total, 11637 us display, type 4
frame 117: 29015 us total, 11639 us display, type 4
frame 118: 29030 us total, 11686 us display, type 4
frame 119: 27965 us total, 11641 us display, type 4
frame 120: 28986 us total, 11637 us display, type 4
frame 121: 27985 us total, 11632 us display, type 4
frame 122: 29001 us total, 11631 us display, type 4
frame 123: 28025 us total, 11642 us display, type 4
frame 124: 29003 us total, 11641 us display, type 4
frame 125: 28985 us total, 11637 us display, type 4
frame 126: 27987 us total, 11631 us display, type 4
frame 127: 29002 us total, 11630 us display, type 4
frame 128: 27997 us total, 11632 us display, type 4
frame 129: 29001 us total, 11631 us display, type 4
frame 130: 28026 us total, 11642 us display, type 4
frame 131: 29030 us total, 11646 us display, type 4
frame 132: 28970 us total, 11635 us display, type 4
frame 133: 28000 us total, 11642 us display, type 4
frame 134: 29005 us total, 11634 us display, type 4
frame 135: 27986 us total, 11643 us display, type 4
frame 136: 28995 us total, 11637 us display, type 4
frame 137: 27986 us total, 11631 us display, type 4
frame 138: 29001 us total, 11632 us display, type 4
frame 139: 29001 us total, 11631 us display, type 4
frame 140: 27999 us total, 11632 us display, type 4
frame 141: 29026 us total, 11640 us display, type 4
frame 142: 27994 us total, 11644 us display, type 4
frame 143: 28994 us total, 11637 us display, type 4
frame 144: 27985 us total, 11631 us display, type 4
frame 145: 29030 us total, 11639 us display, type 4
frame 146: 28987 us total, 11638 us display, type 4
frame 147: 27984 us total, 11632 us display, type 4
frame 148: 29026 us total, 11638 us display, type 4
frame 149: 27994 us total, 11644 us display, type 4
frame 150: 29035 us total, 11640 us display, type 4
frame 151: 27963 us total, 11638 us display, type 4
frame 152: 28982 us total, 11632 us display, type 4
frame 153: 29027 us total, 11636 us display, type 4
frame 154: 27993 us total, 11644 us display, type 4
frame 155: 29006 us total, 11635 us display, type 4
frame 156: 27977 us total, 11631 us display, type 4
frame 157: 29026 us total, 11640 us display, type 4
frame 158: 27985 us total, 11639 us display, type 4
frame 159: 28990 us total, 11631 us display, type 4
frame 160: 28997 us total, 11631 us display, type 4
frame 161: 27999 us total, 11632 us display, type 4
frame 162: 29026 us total, 11640 us display, type 4
frame 163: 27992 us total, 11643 us display, type 4
frame 164: 28997 us total, 11637 us display, type 4
frame 165: 27984 us total, 11631 us display, type 4
frame 166: 29001 us total, 11632 us display, type 4
frame 167: 29026 us total, 11640 us display, type 4
frame 168: 28010 us total, 11642 us display, type 4
frame 169: 60023 us total, 12492 us display, type 5
frame 170: 13200 us total, 12243 us display, type 5
frame 171: 12956 us total, 12141 us display, type 5
frame 172: 12930 us total, 12133 us display, type 5
frame 173: 12943 us total, 12139 us display, type 5
frame 174: 12988 us total, 12172 us display, type 5
frame 175: 12925 us total, 12133 us display, type 5
frame 176: 12919 us total, 12133 us display, type 5
frame 177: 12928 us total, 12133 us display, type 5
frame 178: 12979 us total, 12170 us display, type 5
frame 179: 12945 us total, 12134 us display, type 5
frame 180: 12957 us total, 12139 us display, type 5
frame 181: 12939 us total, 12140 us display, type 5
frame 182: 12995 us total, 12176 us display, type 5
frame 183: 12962 us total, 12133 us display, type 5
frame 184: 12942 us total, 12130 us display, type 5
frame 185: 12960 us total, 12139 us display, type 5
frame 186: 13149 us total, 12240 us display, type 5
frame 187: 12972 us total, 12133 us display, type 5
frame 188: 13034 us total, 12209 us display, type 5
frame 189: 12986 us total, 12139 us display, type 5
frame 190: 12944 us total, 12134 us display, type 5
frame 191: 12959 us total, 12133 us display, type 5
frame 192: 12946 us total, 12139 us display, type 5
frame 193: 12994 us total, 12172 us display, type 5
frame 194: 12951 us total, 12133 us display, type 5
frame 195: 12947 us total, 12134 us display, type 5
frame 196: 12961 us total, 12129 us display, type 5
frame 197: 13352 us total, 12532 us display, type 5
frame 198: 13019 us total, 12141 us display, type 5
frame 199: 12953 us total, 12133 us display, type 5
frame 200: 12972 us total, 12139 us display, type 5
frame 201: 21080 us total, 12189 us display, type 5
frame 202: 13125 us total, 12140 us display, type 5
frame 203: 12947 us total, 12133 us display, type 5
frame 204: 13010 us total, 12182 us display, type 5
frame 205: 12953 us total, 12133 us display, type 5
frame 206: 12962 us total, 12139 us display, type 5
frame 207: 13377 us total, 12554 us display, type 5
frame 208: 13040 us total, 12187 us display, type 5
frame 209: 14019 us total, 12144 us display, type 5
frame 210: 13028 us total, 12135 us display, type 5
frame 211: 13047 us total, 12136 us display, type 5
frame 212: 13031 us total, 12206 us display, type 5
frame 213: 12976 us total, 12136 us display, type 5
frame 214: 12956 us total, 12141 us display, type 5
frame 215: 12949 us total, 12141 us display, type 5
frame 216: 12996 us total, 12178 us display, type 5
frame 217: 12970 us total, 12133 us display, type 5
frame 218: 13265 us total, 12429 us display, type 5
frame 219: 13011 us total, 12136 us display, type 5
frame 220: 13045 us total, 12138 us display, type 5
frame 221: 13065 us total, 12239 us display, type 5
frame 222: 13085 us total, 12261 us display, type 5
frame 223: 13068 us total, 12245 us display, type 5
frame 224: 12963 us total, 12133 us display, type 5
frame 225: 12940 us total, 12133 us display, type 5
frame 226: 12961 us total, 12133 us display, type 5
frame 227: 12986 us total, 12173 us display, type 5
frame 228: 12955 us total, 12133 us display, type 5
frame 229: 12945 us total, 12133 us display, type 5
frame 230: 12954 us total, 12133 us display, type 5
frame 231: 12965 us total, 12171 us display, type 5
frame 232: 12933 us total, 12130 us display, type 5
frame 233: 12931 us total, 12134 us display, type 5
frame 234: 13033 us total, 12221 us display, type 5
frame 235: 12996 us total, 12186 us display, type 5
frame 236: 12940 us total, 12140 us display, type 5
frame 237: 12948 us total, 12134 us display, type 5
frame 238: 13072 us total, 12268 us display, type 5
frame 239: 13078 us total, 12258 us display, type 5
frame 240: 12969 us total, 12141 us display, type 5
frame 241: 12943 us total, 12131 us display, type 5
frame 242: 12646 us total, 11646 us display, type 3
frame 243: 36987 us total, 11692 us display, type 3
frame 244: 32624 us total, 11697 us display, type 3
[0;32mI (6978) PAD: found  78:86:2e:8f:59:f6 rssi -51[0m
frame 245: 35185 us total, 11693 us display, type 3
frame 246: 32609 us total, 11693 us display, type 3
frame 247: 33254 us total, 11692 us display, type 3
frame 248: 36921 us total, 11693 us display, type 3
[0;32mI (7140) NimBLE: Connection established [0m
[0;32mI (7141) NIMBLE_HIDH: pairing for encrypted link (rc=0)[0m
frame 249: 36782 us total, 13853 us display, type 3
frame 250: 34154 us total, 11685 us display, type 3
[0;32mI (7192) NimBLE: mtu update event; conn_handle=0 cid=4 mtu=23
[0m
frame 251: 37451 us total, 11700 us display, type 3
frame 252: 35341 us total, 11685 us display, type 3
frame 253: 34442 us total, 11699 us display, type 3
frame 254: 35303 us total, 11694 us display, type 3
frame 255: 35607 us total, 11692 us display, type 3
[0;32mI (7390) NIMBLE_HIDH: encryption change: status=0[0m
frame 256: 36762 us total, 13644 us display, type 3
mem @frame 256: heap free 66644, largest 40960, min ever 66436, zone free 41244, stack free 14540, uptime 7 s, gamestate 0, demo 1, usergame 0, tic 191
frame 257: 35531 us total, 11693 us display, type 3
frame 258: 35198 us total, 11686 us display, type 3
[0;32mI (7489) NIMBLE_HIDH: service 0x1800 handles 1-7[0m
[0;32mI (7490) NIMBLE_HIDH: service 0x1801 handles 8-8[0m
[0;32mI (7490) NIMBLE_HIDH: service 0x180a handles 9-17[0m
frame 259: 36505 us total, 13369 us display, type 3
frame 260: 33623 us total, 11685 us display, type 3
frame 261: 34491 us total, 11693 us display, type 3
[0;32mI (7589) NIMBLE_HIDH: service 0x180f handles 18-21[0m
[0;32mI (7590) NIMBLE_HIDH: service 0x1812 handles 22-35[0m
frame 262: 34955 us total, 11693 us display, type 3
frame 263: 33789 us total, 11684 us display, type 3
frame 264: 34164 us total, 11700 us display, type 3
[0;32mI (7689) NIMBLE_HIDH: service 00000001-5f60-4c4f-9c83-a7953298d40d handles 36-42[0m
frame 265: 35760 us total, 11686 us display, type 3
frame 266: 34610 us total, 12321 us display, type 3
frame 267: 35538 us total, 11693 us display, type 3
frame 268: 36958 us total, 11710 us display, type 3
frame 269: 38597 us total, 12821 us display, type 3
frame 270: 38404 us total, 12914 us display, type 3
[0;32mI (7910) NimBLE: Read complete; status=0 conn_handle=0[0m
frame 271: 38842 us total, 12114 us display, type 3
[0;32mI (7939) NimBLE: Read complete; status=0 conn_handle=0[0m
[0;32mI (7939) NimBLE: Read complete; status=14 conn_handle=0[0m
frame 272: 36776 us total, 11686 us display, type 3
frame 273: 36257 us total, 12266 us display, type 3
frame 274: 34216 us total, 12591 us display, type 3
frame 275: 34166 us total, 12871 us display, type 3
[0;32mI (8090) NimBLE: Read complete; status=0 conn_handle=0[0m
[0;32mI (8090) NimBLE: Read complete; status=14 conn_handle=0[0m
frame 276: 34008 us total, 11967 us display, type 3
[0;32mI (8120) NimBLE: Read complete; status=0 conn_handle=0[0m
[0;32mI (8120) NimBLE: Read complete; status=14 conn_handle=0[0m
frame 277: 32191 us total, 11697 us display, type 3
[0;32mI (8150) NimBLE: Read complete; status=0 conn_handle=0[0m
[0;32mI (8150) NimBLE: Read complete; status=14 conn_handle=0[0m
frame 278: 31818 us total, 11914 us display, type 3
frame 279: 31835 us total, 12083 us display, type 3
frame 280: 30519 us total, 12060 us display, type 3
frame 281: 29072 us total, 12141 us display, type 3
frame 282: 29491 us total, 11976 us display, type 3
frame 283: 28674 us total, 12275 us display, type 3
frame 284: 29441 us total, 11960 us display, type 3
[0;32mI (8359) NimBLE: Read complete; status=0 conn_handle=0[0m
frame 285: 28652 us total, 11996 us display, type 3
[0;32mI (8389) NimBLE: Read complete; status=0 conn_handle=0[0m
frame 286: 28176 us total, 12444 us display, type 3
[0;32mI (8419) NimBLE: Read complete; status=0 conn_handle=0[0m
frame 287: 27756 us total, 11686 us display, type 3
[0;32mI (8449) NimBLE: Read complete; status=0 conn_handle=0[0m
frame 288: 27616 us total, 13117 us display, type 3
[0;32mI (8480) NimBLE: Read complete; status=0 conn_handle=0[0m
frame 289: 27009 us total, 12938 us display, type 3
[0;32mI (8510) NimBLE: Read complete; status=0 conn_handle=0[0m
frame 290: 25352 us total, 12587 us display, type 3
frame 291: 23788 us total, 11685 us display, type 3
[0;32mI (8540) NimBLE: Read complete; status=0 conn_handle=0[0m
frame 292: 27296 us total, 11966 us display, type 3
[0;32mI (8570) NimBLE: Read complete; status=0 conn_handle=0[0m
frame 293: 26509 us total, 11695 us display, type 3
[0;32mI (8600) NimBLE: Read complete; status=0 conn_handle=0[0m
frame 294: 27358 us total, 12359 us display, type 3
[0;32mI (8629) NimBLE: Read complete; status=0 conn_handle=0[0m
frame 295: 27413 us total, 12290 us display, type 3
[0;32mI (8659) NimBLE: Read complete; status=0 conn_handle=0[0m
frame 296: 25630 us total, 13124 us display, type 3
[0;32mI (8689) NimBLE: Read complete; status=0 conn_handle=0[0m
frame 297: 26796 us total, 12949 us display, type 3
[0;32mI (8719) NimBLE: Read complete; status=0 conn_handle=0[0m
[0;32mI (8719) NimBLE: Read complete; status=14 conn_handle=0[0m
frame 298: 27577 us total, 12825 us display, type 3
frame 299: 27557 us total, 12237 us display, type 3
[0;32mI (8779) NimBLE: Read complete; status=0 conn_handle=0[0m
[0;32mI (8779) NimBLE: Read complete; status=14 conn_handle=0[0m
frame 300: 29293 us total, 12696 us display, type 3
[0;32mI (8795) PAD: report id 1 len 16: 92 83 b8 89 5e 7c 76 81 00 00 00 00 00 00 00 00 [0m
frame 301: 29448 us total, 12383 us display, type 3
[0;32mI (8839) NimBLE: Read complete; status=0 conn_handle=0[0m
[0;32mI (8839) NimBLE: Read complete; status=14 conn_handle=0[0m
[0;32mI (8841) NIMBLE_HIDH: attaching listeners, battery handle 20 ccc 21[0m
[0;32mI (8841) PAD: report map: 22 input fields[0m
[0;32mI (8841) PAD:   field rid 1 page 1 usage 0x30 bits 16 @0 logical 0..65535[0m
[0;32mI (8842) PAD:   field rid 1 page 1 usage 0x31 bits 16 @16 logical 0..65535[0m
[0;32mI (8842) PAD:   field rid 1 page 1 usage 0x32 bits 16 @32 logical 0..65535[0m
[0;32mI (8843) PAD:   field rid 1 page 1 usage 0x35 bits 16 @48 logical 0..65535[0m
[0;32mI (8843) PAD:   field rid 1 page 2 usage 0xc5 bits 10 @64 logical 0..1023[0m
[0;32mI (8843) PAD:   field rid 1 page 2 usage 0xc4 bits 10 @80 logical 0..1023[0m
[0;32mI (8844) PAD:   field rid 1 page 1 usage 0x39 bits 4 @96 logical 1..8[0m
[0;32mI (8844) PAD:   field rid 1 page 9 usage 0x01 bits 1 @104 logical 0..1[0m
[0;32mI (8844) PAD:   field rid 1 page 9 usage 0x02 bits 1 @105 logical 0..1[0m
[0;32mI (8845) PAD:   field rid 1 page 9 usage 0x03 bits 1 @106 logical 0..1[0m
[0;32mI (8845) PAD:   field rid 1 page 9 usage 0x04 bits 1 @107 logical 0..1[0m
[0;32mI (8845) PAD:   field rid 1 page 9 usage 0x05 bits 1 @108 logical 0..1[0m
[0;32mI (8845) PAD:   field rid 1 page 9 usage 0x06 bits 1 @109 logical 0..1[0m
[0;32mI (8846) PAD:   field rid 1 page 9 usage 0x07 bits 1 @110 logical 0..1[0m
[0;32mI (8846) PAD:   field rid 1 page 9 usage 0x08 bits 1 @111 logical 0..1[0m
[0;32mI (8846) PAD:   field rid 1 page 9 usage 0x09 bits 1 @112 logical 0..1[0m
[0;32mI (8847) PAD:   field rid 1 page 9 usage 0x0a bits 1 @113 logical 0..1[0m
[0;32mI (8847) PAD:   field rid 1 page 9 usage 0x0b bits 1 @114 logical 0..1[0m
[0;32mI (8847) PAD:   field rid 1 page 9 usage 0x0c bits 1 @115 logical 0..1[0m
[0;32mI (8848) PAD:   field rid 1 page 9 usage 0x0d bits 1 @116 logical 0..1[0m
[0;32mI (8848) PAD:   field rid 1 page 9 usage 0x0e bits 1 @117 logical 0..1[0m
[0;32mI (8848) PAD:   field rid 1 page 9 usage 0x0f bits 1 @118 logical 0..1[0m
[0;32mI (8849) PAD:   rid 1 page 1 usage 30 bit 0 size 16 [0..65535][0m
[0;32mI (8849) PAD:   rid 1 page 1 usage 31 bit 16 size 16 [0..65535][0m
[0;32mI (8849) PAD:   rid 1 page 1 usage 32 bit 32 size 16 [0..65535][0m
[0;32mI (8850) PAD:   rid 1 page 1 usage 35 bit 48 size 16 [0..65535][0m
[0;32mI (8850) PAD:   rid 1 page 2 usage c5 bit 64 size 10 [0..1023][0m
[0;32mI (8850) PAD:   rid 1 page 2 usage c4 bit 80 size 10 [0..1023][0m
[0;32mI (8850) PAD:   rid 1 page 1 usage 39 bit 96 size 4 [1..8][0m
[0;32mI (8851) PAD:   rid 1 page 9 usage 1 bit 104 size 1 [0..1][0m
[0;32mI (8851) PAD:   rid 1 page 9 usage 2 bit 105 size 1 [0..1][0m
[0;32mI (8851) PAD:   rid 1 page 9 usage 3 bit 106 size 1 [0..1][0m
[0;32mI (8852) PAD:   rid 1 page 9 usage 4 bit 107 size 1 [0..1][0m
[0;32mI (8852) PAD:   rid 1 page 9 usage 5 bit 108 size 1 [0..1][0m
[0;32mI (8852) PAD:   rid 1 page 9 usage 6 bit 109 size 1 [0..1][0m
[0;32mI (8852) PAD:   rid 1 page 9 usage 7 bit 110 size 1 [0..1][0m
[0;32mI (8853) PAD:   rid 1 page 9 usage 8 bit 111 size 1 [0..1][0m
[0;32mI (8853) PAD:   rid 1 page 9 usage 9 bit 112 size 1 [0..1][0m
[0;32mI (8853) PAD:   rid 1 page 9 usage a bit 113 size 1 [0..1][0m
[0;32mI (8853) PAD:   rid 1 page 9 usage b bit 114 size 1 [0..1][0m
[0;32mI (8854) PAD:   rid 1 page 9 usage c bit 115 size 1 [0..1][0m
[0;32mI (8854) PAD:   rid 1 page 9 usage d bit 116 size 1 [0..1][0m
[0;32mI (8855) PAD:   rid 1 page 9 usage e bit 117 size 1 [0..1][0m
[0;32mI (8855) PAD:   rid 1 page 9 usage f bit 118 size 1 [0..1][0m
[0;32mI (8856) PAD: connected: Xbox Wireless Controller[0m
frame 302: 47829 us total, 29588 us display, type 3
gamepad connected: Xbox Wireless Controller
[0;32mI (8870) NimBLE: Subscribe complete; status=259 conn_handle=0 attr_handle=20
[0m
frame 303: 32717 us total, 11856 us display, type 3
[0;32mI (8900) NIMBLE_HIDH: write complete; status=0 attr_handle=21[0m
[0;32mI (8900) NIMBLE_HIDH: report id 3 type 2 mode 1 perms 0xe handle 34 ccc 0[0m
[0;32mI (8901) NIMBLE_HIDH: report id 1 type 1 mode 1 perms 0x12 handle 30 ccc 31[0m
frame 304: 35283 us total, 11693 us display, type 3
[0;32mI (8930) NimBLE: Subscribe complete; status=259 conn_handle=0 attr_handle=30
[0m
[0;32mI (8930) NIMBLE_HIDH:   notify registered[0m
[0;32mI (8960) NIMBLE_HIDH: write complete; status=0 attr_handle=31[0m
[0;32mI (8960) NIMBLE_HIDH:   ccc written[0m
[0;32mI (8960) NIMBLE_HIDH: listeners attached[0m
frame 305: 35805 us total, 12796 us display, type 3
frame 306: 34056 us total, 11986 us display, type 3
frame 307: 33102 us total, 11693 us display, type 3
[0;32mI (9064) PAD: report id 1 len 16: 92 83 58 89 5e 7c 76 81 00 00 00 00 00 00 00 00 [0m
frame 308: 35266 us total, 12782 us display, type 3
frame 309: 32645 us total, 12239 us display, type 3
frame 310: 34699 us total, 12288 us display, type 3
frame 311: 35976 us total, 11777 us display, type 3
frame 312: 37743 us total, 11694 us display, type 3
frame 313: 35869 us total, 11692 us display, type 3
frame 314: 41585 us total, 12056 us display, type 3
frame 315: 38629 us total, 11687 us display, type 3
[0;32mI (9334) PAD: report id 1 len 16: 92 83 01 89 5e 7c 76 81 00 00 00 00 00 00 00 00 [0m
frame 316: 38565 us total, 11693 us display, type 3
frame 317: 41866 us total, 11757 us display, type 3
frame 318: 41036 us total, 12201 us display, type 3
frame 319: 42011 us total, 11700 us display, type 3
frame 320: 37521 us total, 11687 us display, type 3
frame 321: 40528 us total, 12111 us display, type 3
[0;32mI (9589) PAD: report id 1 len 16: 92 83 f4 88 5e 7c 76 81 00 00 00 00 00 00 00 00 [0m
frame 322: 42629 us total, 11687 us display, type 3
frame 323: 38469 us total, 11696 us display, type 3
frame 324: 40326 us total, 11687 us display, type 3
frame 325: 41218 us total, 11687 us display, type 3
frame 326: 43840 us total, 12220 us display, type 3
frame 327: 43610 us total, 11835 us display, type 3
[0;32mI (9859) PAD: report id 1 len 16: 92 83 94 88 5e 7c 76 81 00 00 00 00 00 00 00 00 [0m
frame 328: 47138 us total, 12669 us display, type 3
frame 329: 43446 us total, 11687 us display, type 3
frame 330: 45600 us total, 12473 us display, type 3
frame 331: 45533 us total, 11694 us display, type 3
frame 332: 45409 us total, 12492 us display, type 3
frame 333: 49634 us total, 11952 us display, type 3
[0;32mI (10114) PAD: report id 1 len 16: 92 83 33 88 5e 7c 76 81 00 00 00 00 00 00 00 00 [0m
frame 334: 45717 us total, 11687 us display, type 3
frame 335: 48737 us total, 11693 us display, type 3
frame 336: 48151 us total, 12525 us display, type 3
frame 337: 45411 us total, 11800 us display, type 3
frame 338: 49188 us total, 12301 us display, type 3
frame 339: 49895 us total, 12012 us display, type 3
[0;32mI (10384) PAD: report id 1 len 16: 92 83 de 87 5e 7c 76 81 00 00 00 00 00 00 00 00 [0m
frame 340: 48367 us total, 11693 us display, type 3
frame 341: 48341 us total, 12384 us display, type 3
frame 342: 52336 us total, 11861 us display, type 3
frame 343: 53506 us total, 12007 us display, type 3
input: down 0x00040
frame 344: 51014 us total, 11687 us display, type 3
[0;32mI (10639) PAD: report id 1 len 16: 92 83 d3 87 5e 7c 76 81 00 00 00 00 00 00 08 00 [0m
frame 345: 53174 us total, 11742 us display, type 3
frame 346: 49478 us total, 12086 us display, type 3
frame 347: 44879 us total, 12116 us display, type 3
frame 348: 42011 us total, 11694 us display, type 3
frame 349: 42427 us total, 12016 us display, type 3
[0;32mI (10894) PAD: report id 1 len 16: 92 83 72 87 5e 7c 05 80 00 00 00 00 00 00 00 00 [0m
frame 350: 40661 us total, 12563 us display, type 3
frame 351: 42881 us total, 11839 us display, type 3
frame 352: 39358 us total, 12056 us display, type 3
frame 353: 40520 us total, 11692 us display, type 3
frame 354: 38588 us total, 11687 us display, type 3
frame 355: 38880 us total, 12527 us display, type 3
frame 356: 39318 us total, 12204 us display, type 3
[0;32mI (11164) PAD: report id 1 len 16: 92 83 72 87 5e 7c 05 80 00 00 00 00 00 00 00 00 [0m
frame 357: 38812 us total, 11687 us display, type 3
frame 358: 37916 us total, 11686 us display, type 3
frame 359: 38615 us total, 12268 us display, type 3
frame 360: 37056 us total, 11700 us display, type 3
frame 361: 36654 us total, 11693 us display, type 3
frame 362: 37462 us total, 11693 us display, type 3
frame 363: 36958 us total, 12158 us display, type 3
[0;32mI (11419) PAD: report id 1 len 16: 92 83 11 87 5e 7c 05 80 00 00 00 00 00 01 00 00 [0m
frame 364: 37362 us total, 11692 us display, type 3
input: down 0x00010
frame 365: 39636 us total, 12056 us display, type 3
frame 366: 38005 us total, 11700 us display, type 3
frame 367: 37564 us total, 11694 us display, type 3
frame 368: 40396 us total, 11694 us display, type 3
frame 369: 36985 us total, 11694 us display, type 3
[0;32mI (11674) PAD: report id 1 len 16: 92 83 ae 86 5e 7c 05 80 00 00 00 00 00 00 00 00 [0m
frame 370: 39514 us total, 12777 us display, type 3
frame 371: 39399 us total, 11694 us display, type 3
frame 372: 37741 us total, 11694 us display, type 3
frame 373: 39842 us total, 11918 us display, type 3
frame 374: 39216 us total, 12076 us display, type 3
frame 375: 43567 us total, 11694 us display, type 3
frame 376: 41662 us total, 12320 us display, type 3
[0;32mI (11944) PAD: report id 1 len 16: 92 83 ae 86 5e 7c 05 80 00 00 00 00 00 00 00 00 [0m
frame 377: 41816 us total, 11701 us display, type 3
frame 378: 42620 us total, 11686 us display, type 3
frame 379: 41606 us total, 12074 us display, type 3
frame 380: 44984 us total, 12077 us display, type 3
frame 381: 41056 us total, 11702 us display, type 3
frame 382: 44794 us total, 12322 us display, type 3
[0;32mI (12199) PAD: report id 1 len 16: 92 83 4c 86 5e 7c 05 80 00 00 00 00 00 00 00 00 [0m
frame 383: 43874 us total, 11701 us display, type 3
frame 384: 44519 us total, 12066 us display, type 3
frame 385: 43329 us total, 11686 us display, type 3
frame 386: 44824 us total, 12020 us display, type 3
frame 387: 43226 us total, 11690 us display, type 3
frame 388: 44839 us total, 12347 us display, type 3
[0;32mI (12469) PAD: report id 1 len 16: 92 83 4c 86 5e 7c 05 80 00 00 00 00 00 00 00 00 [0m
frame 389: 42647 us total, 11693 us display, type 3
frame 390: 42094 us total, 12037 us display, type 3
frame 391: 42539 us total, 12056 us display, type 3
frame 392: 42384 us total, 12056 us display, type 3
frame 393: 41619 us total, 11694 us display, type 3
frame 394: 41176 us total, 11693 us display, type 3
[0;32mI (12724) PAD: report id 1 len 16: 92 83 eb 85 5e 7c 05 80 00 00 00 00 00 00 00 00 [0m
frame 395: 41176 us total, 12725 us display, type 3
frame 396: 39858 us total, 12189 us display, type 3
input: down 0x00010
frame 397: 39186 us total, 11693 us display, type 3
frame 398: 42161 us total, 12041 us display, type 3
frame 399: 40567 us total, 12509 us display, type 3
frame 400: 44069 us total, 12511 us display, type 3
frame 401: 41050 us total, 11699 us display, type 3
[0;32mI (13009) PAD: report id 1 len 16: 92 83 eb 85 5e 7c 05 80 00 00 00 00 00 00 00 00 [0m
frame 402: 43192 us total, 12123 us display, type 3
frame 403: 42007 us total, 11686 us display, type 3
frame 404: 40834 us total, 12009 us display, type 3
frame 405: 43861 us total, 12427 us display, type 3
frame 406: 42840 us total, 11700 us display, type 3
frame 407: 45299 us total, 12168 us display, type 3
[0;32mI (13264) PAD: report id 1 len 16: 92 83 8b 85 5e 7c 05 80 00 00 00 00 00 00 00 00 [0m
frame 408: 44283 us total, 11859 us display, type 3
input: down 0x00001
frame 409: 46743 us total, 12073 us display, type 3
frame 410: 46048 us total, 12055 us display, type 3
frame 411: 44961 us total, 12089 us display, type 3
frame 412: 46039 us total, 12095 us display, type 3
frame 413: 45017 us total, 11693 us display, type 3
[0;32mI (13519) PAD: report id 1 len 16: 92 83 8b 85 5e 7c 05 80 00 00 00 00 00 00 00 00 [0m
frame 414: 46554 us total, 12380 us display, type 3
input: down 0x00001
frame 415: 45737 us total, 11687 us display, type 3
frame 416: 43430 us total, 12051 us display, type 3
frame 417: 42376 us total, 12067 us display, type 3
frame 418: 40817 us total, 12346 us display, type 3
frame 419: 43560 us total, 11890 us display, type 3
[0;32mI (13789) PAD: report id 1 len 16: 92 83 28 85 5e 7c 05 80 00 00 00 00 00 00 00 00 [0m
frame 420: 40868 us total, 11693 us display, type 3
input: down 0x00010
frame 421: 45246 us total, 12545 us display, type 3
frame 422: 43107 us total, 11871 us display, type 3
frame 423: 54338 us total, 12888 us display, type 5
frame 424: 13458 us total, 12360 us display, type 5
frame 425: 13492 us total, 12678 us display, type 5
frame 426: 13089 us total, 12146 us display, type 5
frame 427: 13167 us total, 12145 us display, type 5
frame 428: 13428 us total, 12614 us display, type 5
frame 429: 13249 us total, 12345 us display, type 5
[0;32mI (14044) PAD: report id 1 len 16: 92 83 28 85 5e 7c 05 80 00 00 00 00 00 00 00 00 [0m
frame 430: 13883 us total, 13058 us display, type 5
frame 431: 13573 us total, 12678 us display, type 5
frame 432: 13155 us total, 12301 us display, type 5
frame 433: 13469 us total, 12629 us display, type 5
frame 434: 13215 us total, 12320 us display, type 5
frame 435: 13006 us total, 12143 us display, type 5
frame 436: 13545 us total, 12165 us display, type 5
frame 437: 13172 us total, 12329 us display, type 5
frame 438: 13440 us total, 12608 us display, type 5
frame 439: 13219 us total, 12334 us display, type 5
frame 440: 13443 us total, 12609 us display, type 5
frame 441: 13250 us total, 12338 us display, type 5
frame 442: 13439 us total, 12608 us display, type 5
frame 443: 13229 us total, 12333 us display, type 5
frame 444: 12998 us total, 12144 us display, type 5
frame 445: 13469 us total, 12160 us display, type 5
frame 446: 13208 us total, 12328 us display, type 5
frame 447: 13444 us total, 12613 us display, type 5
frame 448: 13262 us total, 12340 us display, type 5
[0;32mI (14299) PAD: report id 1 len 16: 92 83 c8 84 5e 7c 05 80 00 00 00 00 00 00 00 00 [0m
frame 449: 13885 us total, 13076 us display, type 5
frame 450: 13262 us total, 12335 us display, type 5
frame 451: 13453 us total, 12608 us display, type 5
frame 452: 13258 us total, 12337 us display, type 5
frame 453: 12987 us total, 12140 us display, type 5
frame 454: 13509 us total, 12165 us display, type 5
frame 455: 24663 us total, 13078 us display, type 5
frame 456: 13337 us total, 12328 us display, type 5
frame 457: 13468 us total, 12629 us display, type 5
frame 458: 13258 us total, 12331 us display, type 5
frame 459: 13428 us total, 12621 us display, type 5
frame 460: 13078 us total, 12148 us display, type 5
frame 461: 13148 us total, 12138 us display, type 5
frame 462: 13486 us total, 12638 us display, type 5
frame 463: 14348 us total, 12387 us display, type 5
frame 464: 13652 us total, 12726 us display, type 5
frame 465: 13235 us total, 12332 us display, type 5
frame 466: 13521 us total, 12632 us display, type 5
frame 467: 13200 us total, 12321 us display, type 5
[0;32mI (14569) PAD: report id 1 len 16: 92 83 c8 84 5e 7c 05 80 00 00 00 00 00 00 00 00 [0m
frame 468: 13947 us total, 13077 us display, type 5
frame 469: 13189 us total, 12324 us display, type 5
frame 470: 13015 us total, 12144 us display, type 5
frame 471: 13471 us total, 12156 us display, type 5
frame 472: 13206 us total, 12325 us display, type 5
frame 473: 13460 us total, 12624 us display, type 5
frame 474: 13228 us total, 12323 us display, type 5
frame 475: 13478 us total, 12617 us display, type 5
frame 476: 13216 us total, 12323 us display, type 5
frame 477: 13471 us total, 12614 us display, type 5
frame 478: 13223 us total, 12335 us display, type 5
frame 479: 12963 us total, 12140 us display, type 5
frame 480: 13418 us total, 12636 us display, type 5
frame 481: 13239 us total, 12330 us display, type 5
frame 482: 13424 us total, 12594 us display, type 5
frame 483: 13566 us total, 12658 us display, type 5
frame 484: 13183 us total, 12300 us display, type 5
frame 485: 13470 us total, 12625 us display, type 5
frame 486: 13211 us total, 12319 us display, type 5
[0;32mI (14824) PAD: report id 1 len 16: 92 83 68 84 5e 7c 05 80 00 00 00 00 00 00 00 00 [0m
frame 487: 13455 us total, 12632 us display, type 5
frame 488: 13019 us total, 12151 us display, type 5
frame 489: 13101 us total, 12324 us display, type 5
frame 490: 13557 us total, 12719 us display, type 5
frame 491: 13258 us total, 12361 us display, type 5
frame 492: 13504 us total, 12644 us display, type 5
frame 493: 13229 us total, 12341 us display, type 5
frame 494: 13480 us total, 12615 us display, type 5
frame 495: 13204 us total, 12341 us display, type 5
frame 496: 12695 us total, 11650 us display, type 3
frame 497: 47317 us total, 11694 us display, type 3
frame 498: 43500 us total, 12388 us display, type 3
frame 499: 42921 us total, 11686 us display, type 3
[0;32mI (15094) PAD: report id 1 len 16: 92 83 68 84 5e 7c 05 80 00 00 00 00 00 00 00 00 [0m
frame 500: 44146 us total, 11693 us display, type 3
frame 501: 43302 us total, 12047 us display, type 3
frame 502: 43245 us total, 11701 us display, type 3
frame 503: 43835 us total, 12355 us display, type 3
frame 504: 42486 us total, 11958 us display, type 3
frame 505: 43138 us total, 11687 us display, type 3
[0;32mI (15349) PAD: report id 1 len 16: 92 83 13 84 5e 7c 05 80 00 00 00 00 00 00 00 00 [0m
frame 506: 43986 us total, 12227 us display, type 3
frame 507: 41661 us total, 11692 us display, type 3
frame 508: 42275 us total, 11691 us display, type 3
frame 509: 42380 us total, 12065 us display, type 3
frame 510: 41511 us total, 11720 us display, type 3
frame 511: 42098 us total, 12217 us display, type 3
[0;32mI (15619) PAD: report id 1 len 16: 92 83 08 84 5e 7c 8b 80 00 00 00 00 00 00 00 00 [0m
frame 512: 42295 us total, 11686 us display, type 3
mem @frame 512: heap free 66336, largest 40960, min ever 65508, zone free 55016, stack free 14540, uptime 15 s, gamestate 0, demo 0, usergame 1, tic 446
frame 513: 42274 us total, 11697 us display, type 3
frame 514: 41884 us total, 12025 us display, type 3
frame 515: 40971 us total, 11700 us display, type 3
frame 516: 41882 us total, 12348 us display, type 3
input: down 0x00001
frame 517: 41279 us total, 11693 us display, type 3
frame 518: 41981 us total, 11709 us display, type 3
[0;32mI (15889) PAD: report id 1 len 16: 92 83 08 84 5e 7c 8b 80 00 00 00 00 01 00 00 00 [0m
frame 519: 43023 us total, 12032 us display, type 3
frame 520: 41518 us total, 11686 us display, type 3
frame 521: 41696 us total, 11761 us display, type 3
frame 522: 40481 us total, 11686 us display, type 3
frame 523: 41596 us total, 12043 us display, type 3
frame 524: 40717 us total, 11694 us display, type 3
[0;32mI (16144) PAD: report id 1 len 16: 92 83 a5 83 5e 7c 8b 80 00 00 00 00 01 00 00 00 [0m
frame 525: 41423 us total, 12005 us display, type 3
frame 526: 40334 us total, 12052 us display, type 3
frame 527: 41581 us total, 11694 us display, type 3
frame 528: 43667 us total, 12464 us display, type 3
frame 529: 43383 us total, 11687 us display, type 3
frame 530: 45197 us total, 12037 us display, type 3
[0;32mI (16414) PAD: report id 1 len 16: 92 83 a5 83 5e 7c 8b 80 00 00 00 00 00 00 00 00 [0m
frame 531: 45800 us total, 11687 us display, type 3
frame 532: 46544 us total, 12348 us display, type 3
frame 533: 46288 us total, 11693 us display, type 3
frame 534: 46628 us total, 12030 us display, type 3
input: down 0x00001
frame 535: 47502 us total, 11686 us display, type 3
frame 536: 48326 us total, 11959 us display, type 3
[0;32mI (16684) PAD: report id 1 len 16: 92 83 51 83 5e 7c 8b 80 00 00 00 00 01 00 00 00 [0m
frame 537: 49470 us total, 12032 us display, type 3
frame 538: 49550 us total, 12009 us display, type 3
frame 539: 50891 us total, 11908 us display, type 3
frame 540: 49107 us total, 11774 us display, type 3
frame 541: 50032 us total, 12276 us display, type 3
[0;32mI (16939) PAD: report id 1 len 16: 92 83 40 83 a9 7c 8b 80 00 00 00 00 01 00 00 00 [0m
frame 542: 49465 us total, 11700 us display, type 3
frame 543: 48541 us total, 11686 us display, type 3
axes L    914    832 R  10469    853 T     0     0 level 1, 286 reports in 16810 ms
frame 544: 47349 us total, 12345 us display, type 3
frame 545: 46290 us total, 11687 us display, type 3
frame 546: 47427 us total, 12072 us display, type 3
[0;32mI (17194) PAD: report id 1 len 16: 92 83 40 83 ff ff d1 87 00 00 00 00 01 00 00 00 [0m
frame 547: 47315 us total, 12842 us display, type 3
frame 548: 47677 us total, 11692 us display, type 3
frame 549: 52103 us total, 11701 us display, type 3
axes L    914    832 R  31781   1557 T     0     0 level 1, 9 reports in 254 ms
frame 550: 51479 us total, 11686 us display, type 3
frame 551: 49437 us total, 12338 us display, type 3
frame 552: 49416 us total, 11804 us display, type 3
[0;32mI (17464) PAD: report id 1 len 16: 92 83 e0 82 72 8e f0 80 00 00 00 00 01 00 00 00 [0m
frame 553: 48837 us total, 12038 us display, type 3
frame 554: 47710 us total, 11693 us display, type 3
frame 555: 47546 us total, 11687 us display, type 3
axes L    914    736 R   9111    359 T     0     0 level 1, 11 reports in 328 ms
frame 556: 46952 us total, 12389 us display, type 3
frame 557: 46521 us total, 11694 us display, type 3
[0;32mI (17734) PAD: report id 1 len 16: 92 83 e0 82 a3 d8 cd 81 00 00 00 00 01 00 00 00 [0m
frame 558: 45920 us total, 12472 us display, type 3
frame 559: 44920 us total, 11694 us display, type 3
frame 560: 44803 us total, 11992 us display, type 3
frame 561: 45152 us total, 11686 us display, type 3
axes L    914    736 R   9574    170 T     0     0 level 1, 9 reports in 273 ms
frame 562: 45456 us total, 12025 us display, type 3
frame 563: 44439 us total, 11942 us display, type 3
[0;32mI (17989) PAD: report id 1 len 16: 92 83 e0 82 56 e9 2f 7e 00 00 00 00 00 00 00 00 [0m
frame 564: 46391 us total, 11694 us display, type 3
frame 565: 46957 us total, 12423 us display, type 3
frame 566: 48108 us total, 11959 us display, type 3
frame 567: 48793 us total, 11955 us display, type 3
axes L    914    654 R  32767   -308 T     0     0 level 1, 9 reports in 255 ms
frame 568: 48761 us total, 11976 us display, type 3
frame 569: 47034 us total, 11687 us display, type 3
[0;32mI (18259) PAD: report id 1 len 16: 92 83 8e 82 df 8b 0f 81 00 00 00 00 00 00 00 00 [0m
frame 570: 50113 us total, 12452 us display, type 3
frame 571: 48683 us total, 11685 us display, type 3
frame 572: 50024 us total, 11721 us display, type 3
frame 573: 48681 us total, 11991 us display, type 3
axes L    914    637 R  10782    948 T     0     0 level 1, 10 reports in 285 ms
frame 574: 50944 us total, 11699 us display, type 3
[0;32mI (18529) PAD: report id 1 len 16: 92 83 7d 82 ff ff 96 96 00 00 00 00 00 00 00 00 [0m
frame 575: 49920 us total, 11701 us display, type 3
frame 576: 49861 us total, 12128 us display, type 3
frame 577: 42445 us total, 11958 us display, type 3
frame 578: 42915 us total, 12406 us display, type 3
frame 579: 42477 us total, 11836 us display, type 3
input: down 0x00002
frame 580: 42758 us total, 11686 us display, type 3
[0;32mI (18799) PAD: report id 1 len 16: 92 83 7d 82 1c 8c 25 85 00 00 00 00 05 00 00 00 [0m
frame 581: 43809 us total, 11692 us display, type 3
frame 582: 42366 us total, 11687 us display, type 3
frame 583: 43232 us total, 12225 us display, type 3
frame 584: 42441 us total, 11800 us display, type 3
axes L    914    637 R -11962    530 T     0     0 level 1, 17 reports in 523 ms
frame 585: 42940 us total, 12065 us display, type 3
frame 586: 43358 us total, 11916 us display, type 3
[0;32mI (19069) PAD: report id 1 len 16: 92 83 2b 82 00 00 39 81 00 00 00 00 05 00 00 00 [0m
frame 587: 48977 us total, 12802 us display, type 3
frame 588: 50962 us total, 11686 us display, type 3
frame 589: 50074 us total, 11844 us display, type 3
frame 590: 48461 us total, 12295 us display, type 3
frame 591: 48017 us total, 11822 us display, type 3
frame 592: 49412 us total, 11686 us display, type 3
[0;32mI (19339) PAD: report id 1 len 16: 92 83 1c 82 e9 b7 3b 80 00 00 00 00 05 00 00 00 [0m
axes L    914    540 R  14313     59 T     0     0 level 1, 13 reports in 388 ms
frame 593: 49821 us total, 12364 us display, type 3
frame 594: 48129 us total, 11689 us display, type 3
frame 595: 48552 us total, 11999 us display, type 3
frame 596: 50714 us total, 11882 us display, type 3
frame 597: 51104 us total, 11687 us display, type 3
[0;32mI (19609) PAD: report id 1 len 16: 92 83 1c 82 8b 8f 0f 81 00 00 00 00 00 00 00 00 [0m
frame 598: 54182 us total, 11796 us display, type 3
frame 599: 52328 us total, 12013 us display, type 3
frame 600: 53687 us total, 12291 us display, type 3
frame 601: 51692 us total, 11694 us display, type 3
frame 602: 53888 us total, 11784 us display, type 3
[0;32mI (19879) PAD: report id 1 len 16: 92 83 1c 82 de 88 b6 7d 00 00 00 00 00 00 00 00 [0m
frame 603: 52705 us total, 12498 us display, type 3
frame 604: 53893 us total, 12083 us display, type 3
frame 605: 51548 us total, 12059 us display, type 3
frame 606: 53725 us total, 11925 us display, type 3
frame 607: 52466 us total, 12511 us display, type 3
[0;32mI (20149) PAD: report id 1 len 16: 92 83 b9 81 90 79 e9 7c 00 00 00 00 00 00 00 00 [0m
frame 608: 54009 us total, 12474 us display, type 3
frame 609: 52262 us total, 11693 us display, type 3
frame 610: 54104 us total, 11694 us display, type 3
axes L    914    441 R  -8698  -2508 T     0     0 level 1, 33 reports in 943 ms
frame 611: 53572 us total, 11814 us display, type 3
frame 612: 52993 us total, 12009 us display, type 3
[0;32mI (20419) PAD: report id 1 len 16: 92 83 b9 81 f4 5a 96 72 00 00 00 00 00 00 00 00 [0m
frame 613: 53413 us total, 12806 us display, type 3
frame 614: 52351 us total, 11687 us display, type 3
frame 615: 53331 us total, 11693 us display, type 3
axes L    914    441 R -10032  -4194 T     0     0 level 1, 8 reports in 265 ms
frame 616: 53866 us total, 12501 us display, type 3
frame 617: 52484 us total, 11974 us display, type 3
frame 618: 52856 us total, 11692 us display, type 3
[0;32mI (20689) PAD: report id 1 len 16: 92 83 b9 81 6e 20 35 6f 00 00 00 00 00 00 00 00 [0m
frame 619: 51747 us total, 11701 us display, type 3
frame 620: 50879 us total, 12344 us display, type 3
axes L    914    441 R -24699  -5566 T     0  1313 level 1, 9 reports in 257 ms
frame 621: 48652 us total, 11686 us display, type 3
input: down 0x4000000
frame 622: 48290 us total, 11690 us display, type 3
frame 623: 47557 us total, 11982 us display, type 3
[0;32mI (20959) PAD: report id 1 len 16: 92 83 66 81 91 50 64 63 00 00 11 01 00 00 00 00 [0m
frame 624: 47492 us total, 11687 us display, type 3
frame 625: 50213 us total, 12459 us display, type 3
frame 626: 48554 us total, 11869 us display, type 3
frame 627: 47617 us total, 11694 us display, type 3
frame 628: 48088 us total, 11993 us display, type 3
frame 629: 47796 us total, 11694 us display, type 3
axes L    914    344 R  13537  -2108 T     0     0 level 1, 13 reports in 398 ms
[0;32mI (21229) PAD: report id 1 len 16: 92 83 58 81 45 b9 af 79 00 00 00 00 00 00 00 00 [0m
frame 630: 50094 us total, 11696 us display, type 3
frame 631: 48507 us total, 12161 us display, type 3
frame 632: 48660 us total, 11694 us display, type 3
frame 633: 48585 us total, 11999 us display, type 3
frame 634: 48210 us total, 11693 us display, type 3
[0;32mI (21484) PAD: report id 1 len 16: 92 83 58 81 49 90 d5 7c 00 00 00 00 00 00 00 00 [0m
frame 635: 49337 us total, 12168 us display, type 3
axes L    914    344 R  13243   -700 T     0     0 level 1, 12 reports in 328 ms
frame 636: 47431 us total, 11693 us display, type 3
frame 637: 47445 us total, 12022 us display, type 3
frame 638: 47707 us total, 11693 us display, type 3
frame 639: 48299 us total, 11693 us display, type 3
[0;32mI (21754) PAD: report id 1 len 16: 92 83 04 81 5b c7 ac 7d 00 00 00 00 00 00 00 00 [0m
frame 640: 48971 us total, 12813 us display, type 3
frame 641: 48081 us total, 11774 us display, type 3
axes L    914    260 R  18623   -596 T     0     0 level 1, 9 reports in 290 ms
frame 642: 50360 us total, 12320 us display, type 3
frame 643: 49776 us total, 12379 us display, type 3
frame 644: 49858 us total, 11697 us display, type 3
frame 645: 48709 us total, 12007 us display, type 3
[0;32mI (22024) PAD: report id 1 len 16: 92 83 f4 80 e6 8b c8 7c 00 00 00 00 00 00 00 00 [0m
frame 646: 50298 us total, 11692 us display, type 3
frame 647: 49160 us total, 11715 us display, type 3
frame 648: 49754 us total, 12015 us display, type 3
frame 649: 48959 us total, 11692 us display, type 3
frame 650: 51188 us total, 11969 us display, type 3
[0;32mI (22279) PAD: report id 1 len 16: 92 83 f4 80 39 86 de 7a 00 00 d2 01 00 00 00 00 [0m
axes L    914    244 R   1593  -1314 T     0 14926 level 1, 16 reports in 447 ms
input: down 0x4000000
frame 651: 49740 us total, 11940 us display, type 3
frame 652: 51218 us total, 11686 us display, type 3
frame 653: 48927 us total, 11963 us display, type 3
frame 654: 51942 us total, 11694 us display, type 3
frame 655: 52324 us total, 11910 us display, type 3
[0;32mI (22534) PAD: report id 1 len 16: 92 83 a4 80 39 86 6c 78 00 00 00 00 00 00 00 00 [0m
frame 656: 52410 us total, 11911 us display, type 3
frame 657: 50853 us total, 11809 us display, type 3
frame 658: 51142 us total, 12359 us display, type 3
frame 659: 50521 us total, 11686 us display, type 3
frame 660: 51696 us total, 12038 us display, type 3
[0;32mI (22789) PAD: report id 1 len 16: 92 83 92 80 c4 86 19 7a 00 00 00 00 00 00 00 00 [0m
frame 661: 50807 us total, 11847 us display, type 3
frame 662: 51782 us total, 12300 us display, type 3
frame 663: 49201 us total, 12003 us display, type 3
frame 664: 49385 us total, 11687 us display, type 3
frame 665: 49513 us total, 11692 us display, type 3
[0;32mI (23059) PAD: report id 1 len 16: 92 83 92 80 64 90 db 7a 00 00 00 00 00 00 00 00 [0m
frame 666: 50755 us total, 12623 us display, type 3
frame 667: 48427 us total, 11758 us display, type 3
axes L    914     67 R   8476  -1203 T     0     0 level 1, 31 reports in 862 ms
frame 668: 50847 us total, 11692 us display, type 3
frame 669: 48609 us total, 11991 us display, type 3
frame 670: 49616 us total, 11896 us display, type 3
frame 671: 49704 us total, 11693 us display, type 3
[0;32mI (23329) PAD: report id 1 len 16: 92 83 32 80 e2 ad af 7b 00 00 00 00 00 00 00 00 [0m
frame 672: 50744 us total, 11971 us display, type 3
frame 673: 48621 us total, 12001 us display, type 3
axes L    914     50 R  15304  -1048 T     0     0 level 1, 9 reports in 269 ms
frame 674: 51175 us total, 11685 us display, type 3
frame 675: 49353 us total, 12158 us display, type 3
frame 676: 49604 us total, 11700 us display, type 3
[0;32mI (23599) PAD: report id 1 len 16: 92 83 32 80 5c 9f e8 7b 00 00 00 00 00 00 00 00 [0m
frame 677: 51023 us total, 11693 us display, type 3
frame 678: 51780 us total, 12332 us display, type 3
frame 679: 49844 us total, 11951 us display, type 3
frame 680: 51676 us total, 12009 us display, type 3
frame 681: 49721 us total, 12010 us display, type 3
axes L    914    -29 R   8435  -1227 T     0     0 level 1, 13 reports in 394 ms
frame 682: 51206 us total, 11740 us display, type 3
[0;32mI (23869) PAD: report id 1 len 16: 92 83 d0 7f ac aa 35 7b 00 00 00 00 00 00 00 00 [0m
frame 683: 51061 us total, 11687 us display, type 3
frame 684: 51141 us total, 12343 us display, type 3
frame 685: 49705 us total, 11690 us display, type 3
frame 686: 51258 us total, 11686 us display, type 3
axes L    914    -48 R  12861  -1793 T     0     0 level 1, 8 reports in 254 ms
frame 687: 51017 us total, 12469 us display, type 3
[0;32mI (24124) PAD: report id 1 len 16: 92 83 d0 7f 3e b3 96 78 00 00 00 00 00 00 00 00 [0m
frame 688: 52657 us total, 11919 us display, type 3
frame 689: 50705 us total, 11694 us display, type 3
frame 690: 52448 us total, 11912 us display, type 3
frame 691: 50499 us total, 12007 us display, type 3
axes L    914    -48 R  13706  -2795 T     0     0 level 1, 10 reports in 257 ms
[0;32mI (24379) PAD: report id 1 len 16: 92 83 82 7f 94 b2 cd 73 00 00 00 00 00 00 00 00 [0m
frame 692: 52932 us total, 12678 us display, type 3
frame 693: 50355 us total, 11694 us display, type 3
frame 694: 52307 us total, 11686 us display, type 3
frame 695: 51464 us total, 12075 us display, type 3
frame 696: 51505 us total, 11690 us display, type 3
frame 697: 51422 us total, 11693 us display, type 3
[0;32mI (24649) PAD: report id 1 len 16: 92 83 70 7f 2b 88 01 74 00 00 00 00 00 00 00 00 [0m
frame 698: 52610 us total, 12477 us display, type 3
frame 699: 51661 us total, 12449 us display, type 3
axes L    914   -144 R  -9093  -2446 T     0     0 level 1, 15 reports in 453 ms
frame 700: 52032 us total, 11694 us display, type 3
frame 701: 51565 us total, 11810 us display, type 3
frame 702: 51984 us total, 12332 us display, type 3
[0;32mI (24919) PAD: report id 1 len 16: 92 83 21 7f 0e 4a ef 74 00 00 00 00 00 00 00 00 [0m
frame 703: 51239 us total, 11693 us display, type 3
frame 704: 52199 us total, 11693 us display, type 3
frame 705: 51033 us total, 11686 us display, type 3
frame 706: 52190 us total, 11999 us display, type 3
frame 707: 50009 us total, 11686 us display, type 3
[0;32mI (25189) PAD: report id 1 len 16: 92 83 0d 7f 67 77 ef 73 00 00 00 00 00 00 00 00 [0m
frame 708: 52615 us total, 11701 us display, type 3
frame 709: 50718 us total, 12306 us display, type 3
frame 710: 51384 us total, 11693 us display, type 3
axes L    914   -243 R  -1151  -3089 T     0 32767 level 1, 19 reports in 566 ms
input: down 0x4000000
frame 711: 51989 us total, 11855 us display, type 3
frame 712: 52875 us total, 11693 us display, type 3
[0;32mI (25459) PAD: report id 1 len 16: 92 83 c0 7e cb 7d ef 73 00 00 81 01 00 00 00 00 [0m
frame 713: 51469 us total, 12864 us display, type 3
frame 714: 54853 us total, 12450 us display, type 3
frame 715: 52113 us total, 11687 us display, type 3
frame 716: 54054 us total, 11897 us display, type 3
frame 717: 52441 us total, 11694 us display, type 3
[0;32mI (25714) PAD: report id 1 len 16: 92 83 aa 7e 0c 7f f1 77 00 00 00 00 00 00 00 00 [0m
frame 718: 55011 us total, 12294 us display, type 3
frame 719: 51390 us total, 11686 us display, type 3
frame 720: 53643 us total, 11896 us display, type 3
frame 721: 51208 us total, 11700 us display, type 3
frame 722: 54176 us total, 11687 us display, type 3
[0;32mI (25984) PAD: report id 1 len 16: 92 83 49 7e 8d 83 92 78 00 00 00 00 00 00 00 00 [0m
frame 723: 51706 us total, 12581 us display, type 3
frame 724: 52196 us total, 11964 us display, type 3
frame 725: 50255 us total, 11693 us display, type 3
frame 726: 52444 us total, 11804 us display, type 3
frame 727: 50862 us total, 12185 us display, type 3
frame 728: 52225 us total, 11693 us display, type 3
[0;32mI (26254) PAD: report id 1 len 16: 92 83 49 7e c2 9f 6e 7a 00 00 00 00 00 00 00 00 [0m
axes L    914   -439 R   9175  -1426 T     0     0 level 1, 33 reports in 945 ms
frame 729: 52080 us total, 11937 us display, type 3
frame 730: 52055 us total, 11697 us display, type 3
frame 731: 50840 us total, 12036 us display, type 3
frame 732: 50967 us total, 11694 us display, type 3
frame 733: 51675 us total, 11706 us display, type 3
[0;32mI (26524) PAD: report id 1 len 16: 92 83 e9 7d 56 89 6e 7a 00 00 00 00 00 00 00 00 [0m
frame 734: 52084 us total, 12000 us display, type 3
frame 735: 50534 us total, 11686 us display, type 3
frame 736: 51837 us total, 11709 us display, type 3
axes L    914   -535 R   7873  -1535 T     0 31357 level 1, 14 reports in 411 ms
input: down 0x4000000
frame 737: 51717 us total, 11692 us display, type 3
frame 738: 52496 us total, 11999 us display, type 3
[0;32mI (26794) PAD: report id 1 len 16: 92 83 98 7d 5b b3 9a 74 00 00 ff 03 00 00 00 00 [0m
frame 739: 51453 us total, 11692 us display, type 3
frame 740: 55268 us total, 12013 us display, type 3
frame 741: 52990 us total, 11694 us display, type 3
axes L    914   -632 R   9892  -2362 T     0     0 level 1, 8 reports in 265 ms
frame 742: 53645 us total, 12132 us display, type 3
frame 743: 53156 us total, 12281 us display, type 3
[0;32mI (27064) PAD: report id 1 len 16: 92 83 88 7d c6 99 f6 78 00 00 00 00 00 00 00 00 [0m
frame 744: 53509 us total, 11686 us display, type 3
frame 745: 52648 us total, 11694 us display, type 3
frame 746: 53739 us total, 12480 us display, type 3
frame 747: 52371 us total, 11974 us display, type 3
frame 748: 52839 us total, 11700 us display, type 3
[0;32mI (27319) PAD: report id 1 len 16: 92 83 22 7d d0 95 20 7b 00 00 00 00 00 00 00 00 [0m
frame 749: 52526 us total, 11693 us display, type 3
frame 750: 52092 us total, 11686 us display, type 3
frame 751: 51771 us total, 11933 us display, type 3
frame 752: 51571 us total, 12000 us display, type 3
frame 753: 51356 us total, 12329 us display, type 3
axes L    914   -734 R   5895  -1148 T     0 16847 level 1, 22 reports in 590 ms
input: down 0x4000000
[0;32mI (27589) PAD: report id 1 len 16: 92 83 d5 7c 2f 97 a4 7b 00 00 e0 02 00 00 00 00 [0m
frame 754: 52990 us total, 11693 us display, type 3
frame 755: 52245 us total, 12267 us display, type 3
frame 756: 51049 us total, 11688 us display, type 3
frame 757: 53940 us total, 11944 us display, type 3
frame 758: 53577 us total, 11694 us display, type 3
[0;32mI (27859) PAD: report id 1 len 16: 92 83 c0 7c 2f 97 59 7c 00 00 00 00 00 00 00 00 [0m
frame 759: 54410 us total, 11687 us display, type 3
frame 760: 54641 us total, 11693 us display, type 3
frame 761: 53634 us total, 12040 us display, type 3
frame 762: 54653 us total, 11808 us display, type 3
axes L    914   -931 R  15605    131 T     0     0 level 1, 18 reports in 520 ms
frame 763: 53145 us total, 12319 us display, type 3
[0;32mI (28114) PAD: report id 1 len 16: 92 83 5d 7c 0c c2 bf 83 00 00 00 00 00 00 00 00 [0m
frame 764: 56284 us total, 12339 us display, type 3
frame 765: 54450 us total, 12443 us display, type 3
frame 766: 54822 us total, 11985 us display, type 3
frame 767: 54139 us total, 11694 us display, type 3
frame 768: 54423 us total, 11692 us display, type 3
mem @frame 768: heap free 66336, largest 40960, min ever 65508, zone free 55016, stack free 14540, uptime 28 s, gamestate 0, demo 0, usergame 1, tic 891
[0;32mI (28384) PAD: report id 1 len 16: 92 83 fd 7b 30 92 ce 86 00 00 00 00 00 00 00 00 [0m
frame 769: 54948 us total, 12364 us display, type 3
frame 770: 55317 us total, 12290 us display, type 3
frame 771: 53618 us total, 11686 us display, type 3
frame 772: 54428 us total, 11794 us display, type 3
frame 773: 54425 us total, 11990 us display, type 3
[0;32mI (28654) PAD: report id 1 len 16: 92 83 fd 7b a8 85 a3 83 00 00 00 00 00 00 00 00 [0m
frame 774: 54923 us total, 11693 us display, type 3
frame 775: 53089 us total, 11687 us display, type 3
axes L    914  -1123 R  11270    831 T     0     0 level 1, 25 reports in 710 ms
frame 776: 54718 us total, 11694 us display, type 3
frame 777: 51941 us total, 12005 us display, type 3
frame 778: 52270 us total, 11685 us display, type 3
[0;32mI (28909) PAD: report id 1 len 16: 92 83 9d 7b ff ff 3e 86 00 00 00 00 00 00 00 00 [0m
frame 779: 49562 us total, 11694 us display, type 3
frame 780: 47944 us total, 12322 us display, type 3
frame 781: 47996 us total, 11887 us display, type 3
axes L    914  -1195 R  32767   1809 T     0     0 level 1, 8 reports in 262 ms
frame 782: 47668 us total, 11692 us display, type 3
frame 783: 45316 us total, 11693 us display, type 3
[0;32mI (29179) PAD: report id 1 len 16: 92 83 3b 7b ff ff 73 87 00 00 00 00 00 00 00 00 [0m
frame 784: 46812 us total, 11965 us display, type 3
frame 785: 57491 us total, 11692 us display, type 3
frame 786: 54761 us total, 12039 us display, type 3
axes L    914  -1221 R  31196   1907 T     0     0 level 1, 9 reports in 252 ms
frame 787: 55333 us total, 12352 us display, type 3
frame 788: 51758 us total, 11694 us display, type 3
[0;32mI (29449) PAD: report id 1 len 16: 92 83 db 7a 27 c2 73 81 00 00 00 00 00 00 00 00 [0m
frame 789: 52564 us total, 11692 us display, type 3
frame 790: 51307 us total, 12049 us display, type 3
frame 791: 50227 us total, 11692 us display, type 3
axes L    914  -1317 R  15042     71 T     0     0 level 1, 8 reports in 261 ms
frame 792: 51216 us total, 11739 us display, type 3
frame 793: 50635 us total, 12066 us display, type 3
[0;32mI (29719) PAD: report id 1 len 16: 92 83 76 7a d6 b6 df 7f 00 00 00 00 00 00 00 00 [0m
frame 794: 51841 us total, 12841 us display, type 3
frame 795: 49549 us total, 11694 us display, type 3
frame 796: 50893 us total, 11686 us display, type 3
axes L    914  -1418 R  13474    -75 T     0     0 level 1, 9 reports in 254 ms
frame 797: 51862 us total, 12467 us display, type 3
frame 798: 50257 us total, 11687 us display, type 3
frame 799: 51214 us total, 11910 us display, type 3
[0;32mI (29989) PAD: report id 1 len 16: 92 83 2b 7a 6c 8e b5 7f 00 00 00 00 00 00 00 00 [0m
frame 800: 50407 us total, 12048 us display, type 3
frame 801: 50327 us total, 12023 us display, type 3
axes L    914  -1516 R -18996     78 T     0     0 level 1, 10 reports in 292 ms
frame 802: 51358 us total, 11687 us display, type 3
frame 803: 50168 us total, 12320 us display, type 3
frame 804: 50959 us total, 11693 us display, type 3
[0;32mI (30259) PAD: report id 1 len 16: 92 83 c7 79 1c 19 4e 80 00 00 00 00 00 00 00 00 [0m
frame 805: 52335 us total, 12009 us display, type 3
frame 806: 51376 us total, 11686 us display, type 3
frame 807: 52754 us total, 11971 us display, type 3
frame 808: 52425 us total, 11692 us display, type 3
frame 809: 52347 us total, 12194 us display, type 3
[0;32mI (30514) PAD: report id 1 len 16: 92 83 b4 79 f0 76 44 7c 00 00 00 00 00 00 00 00 [0m
frame 810: 53248 us total, 11687 us display, type 3
frame 811: 52137 us total, 11694 us display, type 3
input: down 0x00001
frame 812: 52325 us total, 11692 us display, type 3
frame 813: 52295 us total, 12056 us display, type 3
frame 814: 52430 us total, 11686 us display, type 3
[0;32mI (30784) PAD: report id 1 len 16: 92 83 4e 79 1d 7b 44 7c 00 00 00 00 01 00 00 00 [0m
frame 815: 53894 us total, 11687 us display, type 3
frame 816: 53319 us total, 11988 us display, type 3
frame 817: 51603 us total, 12059 us display, type 3
frame 818: 52432 us total, 11692 us display, type 3
frame 819: 52283 us total, 12046 us display, type 3
[0;32mI (31039) PAD: report id 1 len 16: 92 83 eb 78 8e 7e 44 7c 00 00 00 00 01 00 00 00 [0m
frame 820: 53220 us total, 11692 us display, type 3
frame 821: 52228 us total, 11686 us display, type 3
axes L    914  -1813 R  11729   -349 T     0     0 level 1, 36 reports in 1046 ms
frame 822: 52571 us total, 11693 us display, type 3
frame 823: 51277 us total, 12037 us display, type 3
frame 824: 52498 us total, 11692 us display, type 3
[0;32mI (31309) PAD: report id 1 len 16: 92 83 8a 78 04 e8 7b 82 00 00 00 00 01 00 00 00 [0m
frame 825: 51975 us total, 11699 us display, type 3
frame 826: 52284 us total, 12549 us display, type 3
axes L    914  -1910 R  18534    635 T     0     0 level 1, 8 reports in 258 ms
frame 827: 51099 us total, 12114 us display, type 3
frame 828: 47074 us total, 11854 us display, type 3
frame 829: 44812 us total, 12207 us display, type 3
frame 830: 43361 us total, 11687 us display, type 3
[0;32mI (31579) PAD: report id 1 len 16: 92 83 46 78 f3 a7 96 7f 00 00 00 00 01 00 00 00 [0m
frame 831: 43851 us total, 12215 us display, type 3
frame 832: 43344 us total, 11889 us display, type 3
axes L    914  -2008 R   8584   -177 T     0     0 level 1, 9 reports in 265 ms
frame 833: 42988 us total, 11685 us display, type 3
frame 834: 43717 us total, 11686 us display, type 3
frame 835: 43494 us total, 12007 us display, type 3
frame 836: 43380 us total, 11694 us display, type 3
[0;32mI (31834) PAD: report id 1 len 16: 92 83 28 78 c9 9e 35 7f 00 00 00 00 01 00 00 00 [0m
frame 837: 43808 us total, 12032 us display, type 3
frame 838: 44750 us total, 12293 us display, type 3
frame 839: 44360 us total, 11960 us display, type 3
frame 840: 45082 us total, 12020 us display, type 3
frame 841: 45600 us total, 12244 us display, type 3
[0;32mI (32089) PAD: report id 1 len 16: 92 83 c8 77 69 9e 35 7f 00 00 00 00 01 00 00 00 [0m
frame 842: 46456 us total, 12949 us display, type 3
frame 843: 45636 us total, 11881 us display, type 3
frame 844: 48365 us total, 11685 us display, type 3
frame 845: 49259 us total, 12238 us display, type 3
frame 846: 49612 us total, 11970 us display, type 3
frame 847: 48756 us total, 12036 us display, type 3
[0;32mI (32359) PAD: report id 1 len 16: 92 83 81 77 69 9e 35 7f 00 00 00 00 01 00 00 00 [0m
frame 848: 49533 us total, 11896 us display, type 3
frame 849: 49635 us total, 12204 us display, type 3
frame 850: 49080 us total, 11694 us display, type 3
frame 851: 49498 us total, 11686 us display, type 3
frame 852: 48615 us total, 12416 us display, type 3
[0;32mI (32614) PAD: report id 1 len 16: 92 83 65 77 69 9e 35 7f 00 00 00 00 01 00 00 00 [0m
frame 853: 47066 us total, 11988 us display, type 3
frame 854: 47088 us total, 11686 us display, type 3
frame 855: 47690 us total, 12029 us display, type 3
frame 856: 48785 us total, 11693 us display, type 3
frame 857: 47895 us total, 11779 us display, type 3
[0;32mI (32869) PAD: report id 1 len 16: 92 83 05 77 69 9e 35 7f 00 00 00 00 01 00 00 00 [0m
frame 858: 47879 us total, 12589 us display, type 3
frame 859: 46798 us total, 11693 us display, type 3
frame 860: 47543 us total, 11981 us display, type 3
frame 861: 47098 us total, 11701 us display, type 3
axes L    914  -2299 R -17904   -998 T     0     0 level 1, 49 reports in 1365 ms
frame 862: 48905 us total, 11693 us display, type 3
frame 863: 48214 us total, 12444 us display, type 3
[0;32mI (33139) PAD: report id 1 len 16: 92 83 c1 76 3d 19 50 79 00 00 00 00 01 00 00 00 [0m
frame 864: 47695 us total, 11694 us display, type 3
frame 865: 47005 us total, 12422 us display, type 3
frame 866: 47206 us total, 11694 us display, type 3
frame 867: 48316 us total, 11686 us display, type 3
frame 868: 48019 us total, 12043 us display, type 3
frame 869: 47028 us total, 11704 us display, type 3
[0;32mI (33409) PAD: report id 1 len 16: 92 83 a3 76 e2 7d fd 79 00 00 00 00 01 00 00 00 [0m
frame 870: 47560 us total, 11991 us display, type 3
frame 871: 46280 us total, 11687 us display, type 3
frame 872: 47400 us total, 12239 us display, type 3
frame 873: 46223 us total, 11701 us display, type 3
frame 874: 47730 us total, 11686 us display, type 3
frame 875: 46162 us total, 11693 us display, type 3
[0;32mI (33679) PAD: report id 1 len 16: 92 83 43 76 f9 80 a0 7b 00 00 00 00 01 00 00 00 [0m
frame 876: 46456 us total, 11686 us display, type 3
frame 877: 45125 us total, 12055 us display, type 3
frame 878: 43501 us total, 11692 us display, type 3
frame 879: 43408 us total, 11685 us display, type 3
frame 880: 40688 us total, 11791 us display, type 3
[0;32mI (33934) PAD: report id 1 len 16: 92 83 ff 75 33 81 02 7c 00 00 00 00 01 00 00 00 [0m
frame 881: 40653 us total, 12413 us display, type 3
frame 882: 36949 us total, 11980 us display, type 3
frame 883: 36965 us total, 11694 us display, type 3
frame 884: 35824 us total, 11687 us display, type 3
frame 885: 37433 us total, 11736 us display, type 3
frame 886: 33584 us total, 11686 us display, type 3
frame 887: 33554 us total, 11698 us display, type 3
frame 888: 33639 us total, 11686 us display, type 3
[0;32mI (34189) PAD: report id 1 len 16: 92 83 e1 75 33 81 02 7c 00 00 00 00 01 00 00 00 [0m
frame 889: 35002 us total, 12250 us display, type 3
frame 890: 32401 us total, 12387 us display, type 3
frame 891: 31386 us total, 11947 us display, type 3
frame 892: 32374 us total, 12455 us display, type 3
frame 893: 30937 us total, 12163 us display, type 3
frame 894: 31133 us total, 12000 us display, type 3
frame 895: 30790 us total, 12422 us display, type 3
frame 896: 30008 us total, 12398 us display, type 3
axes L    914  -2657 R  -9671   -948 T     0     0 level 1, 47 reports in 1395 ms
[0;32mI (34459) PAD: report id 1 len 16: 92 83 9f 75 c0 30 4c 7c 00 00 00 00 01 00 00 00 [0m
frame 897: 30501 us total, 12554 us display, type 3
frame 898: 30662 us total, 12568 us display, type 3
frame 899: 29043 us total, 12085 us display, type 3
frame 900: 28873 us total, 12416 us display, type 3
frame 901: 28038 us total, 12049 us display, type 3
frame 902: 28114 us total, 12401 us display, type 3
frame 903: 29085 us total, 12273 us display, type 3
frame 904: 28141 us total, 12270 us display, type 3
frame 905: 28175 us total, 12328 us display, type 3
axes L    914  -2687 R -32768   -925 T     0     0 level 1, 9 reports in 254 ms
frame 906: 28046 us total, 11686 us display, type 3
[0;32mI (34729) PAD: report id 1 len 16: 92 83 81 75 00 00 63 7c 00 00 00 00 01 00 00 00 [0m
frame 907: 28568 us total, 11692 us display, type 3
frame 908: 27067 us total, 11691 us display, type 3
frame 909: 27087 us total, 11731 us display, type 3
frame 910: 30078 us total, 11694 us display, type 3
frame 911: 30840 us total, 11848 us display, type 3
frame 912: 28966 us total, 11917 us display, type 3
frame 913: 29911 us total, 11915 us display, type 3
frame 914: 29471 us total, 11932 us display, type 3
axes L    914  -2754 R -32768   -925 T     0     0 level 1, 9 reports in 260 ms
[0;32mI (34984) PAD: report id 1 len 16: 92 83 21 75 00 00 63 7c 00 00 00 00 01 00 00 00 [0m
frame 915: 31954 us total, 12595 us display, type 3
frame 916: 34139 us total, 11686 us display, type 3
frame 917: 39697 us total, 11735 us display, type 3
frame 918: 42168 us total, 12033 us display, type 3
frame 919: 45281 us total, 11687 us display, type 3
frame 920: 44059 us total, 12030 us display, type 3
axes L    914  -2783 R -32768  -1552 T     0     0 level 1, 9 reports in 269 ms
[0;32mI (35239) PAD: report id 1 len 16: 92 83 21 75 00 00 b0 79 00 00 00 00 00 00 00 00 [0m
frame 921: 46383 us total, 12477 us display, type 3
frame 922: 46543 us total, 11688 us display, type 3
frame 923: 47664 us total, 11694 us display, type 3
frame 924: 48237 us total, 11686 us display, type 3
frame 925: 47025 us total, 11687 us display, type 3
input: down 0x00001
frame 926: 47197 us total, 11692 us display, type 3
[0;32mI (35494) PAD: report id 1 len 16: 92 83 de 74 1e 7d 3c 7b 00 00 00 00 01 00 00 00 [0m
frame 927: 48387 us total, 12391 us display, type 3
frame 928: 46145 us total, 11866 us display, type 3
frame 929: 46617 us total, 12293 us display, type 3
frame 930: 46383 us total, 11694 us display, type 3
frame 931: 46422 us total, 12205 us display, type 3
frame 932: 45412 us total, 11993 us display, type 3
[0;32mI (35764) PAD: report id 1 len 16: 92 83 c0 74 b7 81 be 7c 00 00 00 00 01 00 00 00 [0m
frame 933: 45993 us total, 12520 us display, type 3
frame 934: 43106 us total, 11694 us display, type 3
frame 935: 43623 us total, 12274 us display, type 3
frame 936: 43032 us total, 11693 us display, type 3
frame 937: 43385 us total, 12022 us display, type 3
frame 938: 42830 us total, 11694 us display, type 3
[0;32mI (36034) PAD: report id 1 len 16: 92 83 60 74 b7 81 ea 7c 00 00 00 00 01 00 00 00 [0m
frame 939: 44269 us total, 12502 us display, type 3
frame 940: 43120 us total, 12143 us display, type 3
axes L    914  -2976 R  12028    -33 T     0     0 level 1, 32 reports in 908 ms
frame 941: 42516 us total, 11693 us display, type 3
frame 942: 41004 us total, 11807 us display, type 3
frame 943: 41153 us total, 11990 us display, type 3
frame 944: 43439 us total, 11687 us display, type 3
[0;32mI (36289) PAD: report id 1 len 16: 92 83 60 74 ff ff cf 89 00 00 00 00 01 00 00 00 [0m
frame 945: 51290 us total, 12068 us display, type 3
frame 946: 51576 us total, 12380 us display, type 3
axes L    914  -2976 R  23593   2866 T     0     0 level 1, 8 reports in 251 ms
frame 947: 49850 us total, 11878 us display, type 3
frame 948: 50663 us total, 12527 us display, type 3
frame 949: 49504 us total, 12363 us display, type 3
[0;32mI (36559) PAD: report id 1 len 16: 92 83 1e 74 46 a6 ad 88 00 00 00 00 01 00 00 00 [0m
frame 950: 48221 us total, 11693 us display, type 3
frame 951: 48249 us total, 12387 us display, type 3
frame 952: 49482 us total, 11686 us display, type 3
frame 953: 49249 us total, 11950 us display, type 3
frame 954: 47566 us total, 12366 us display, type 3
frame 955: 47435 us total, 11694 us display, type 3
[0;32mI (36829) PAD: report id 1 len 16: 92 83 00 74 03 7d ba 7f 00 00 00 00 01 00 00 00 [0m
frame 956: 50237 us total, 12526 us display, type 3
axes L    914  -3072 R  -9228   -365 T     0     0 level 1, 16 reports in 480 ms
frame 957: 49572 us total, 12395 us display, type 3
frame 958: 47231 us total, 11686 us display, type 3
frame 959: 49238 us total, 12221 us display, type 3
frame 960: 46199 us total, 11693 us display, type 3
[0;32mI (37099) PAD: report id 1 len 16: 92 83 be 73 00 00 b1 7b 00 00 00 00 01 00 00 00 [0m
frame 961: 42510 us total, 12485 us display, type 3
axes L    914  -3138 R -32768  -1103 T     0     0 level 1, 9 reports in 262 ms
frame 962: 40990 us total, 11687 us display, type 3
frame 963: 39925 us total, 11686 us display, type 3
frame 964: 39730 us total, 12012 us display, type 3
frame 965: 37490 us total, 11921 us display, type 3
frame 966: 37318 us total, 11890 us display, type 3
frame 967: 40857 us total, 11694 us display, type 3
[0;32mI (37354) PAD: report id 1 len 16: 92 83 9f 73 00 00 a9 7c 00 00 00 00 01 00 00 00 [0m
frame 968: 42541 us total, 12530 us display, type 3
axes L    914  -3169 R -32768   -855 T     0     0 level 1, 9 reports in 250 ms
frame 969: 46630 us total, 12380 us display, type 3
frame 970: 46414 us total, 11693 us display, type 3
frame 971: 47523 us total, 12483 us display, type 3
frame 972: 45733 us total, 11693 us display, type 3
[0;32mI (37609) PAD: report id 1 len 16: 92 83 9f 73 d6 7c a2 7c 00 00 00 00 01 00 00 00 [0m
frame 973: 46970 us total, 12512 us display, type 3
frame 974: 47187 us total, 11976 us display, type 3
frame 975: 47144 us total, 11700 us display, type 3
frame 976: 45362 us total, 11693 us display, type 3
frame 977: 45753 us total, 11692 us display, type 3
frame 978: 43914 us total, 11693 us display, type 3
[0;32mI (37864) PAD: report id 1 len 16: 92 83 3f 73 d6 7c 43 7d 00 00 00 00 01 00 00 00 [0m
frame 979: 43818 us total, 11699 us display, type 3
frame 980: 43697 us total, 12080 us display, type 3
frame 981: 42525 us total, 11701 us display, type 3
frame 982: 41919 us total, 12046 us display, type 3
frame 983: 38524 us total, 11692 us display, type 3
frame 984: 39360 us total, 11974 us display, type 3
[0;32mI (38119) PAD: report id 1 len 16: 92 83 3f 73 d6 7c 41 7e 00 00 00 00 01 00 00 00 [0m
frame 985: 37720 us total, 11855 us display, type 3
frame 986: 36703 us total, 11694 us display, type 3
frame 987: 36518 us total, 11692 us display, type 3
frame 988: 36254 us total, 11924 us display, type 3
frame 989: 35450 us total, 12283 us display, type 3
frame 990: 35976 us total, 11950 us display, type 3
frame 991: 34961 us total, 11687 us display, type 3
frame 992: 35791 us total, 11686 us display, type 3
[0;32mI (38389) PAD: report id 1 len 16: 92 83 fe 72 d6 7c 6a 7e 00 00 00 00 01 00 00 00 [0m
frame 993: 35804 us total, 12012 us display, type 3
frame 994: 33782 us total, 11949 us display, type 3
frame 995: 33548 us total, 11687 us display, type 3
frame 996: 35185 us total, 11789 us display, type 3
frame 997: 33628 us total, 11863 us display, type 3
frame 998: 31394 us total, 11694 us display, type 3
frame 999: 30946 us total, 11686 us display, type 3
frame 1000: 33393 us total, 11701 us display, type 3
[0;32mI (38659) PAD: report id 1 len 16: 92 83 df 72 d0 78 6a 7e 00 00 00 00 01 00 00 00 [0m
frame 1001: 35475 us total, 11992 us display, type 3
frame 1002: 33636 us total, 12235 us display, type 3
frame 1003: 30871 us total, 11973 us display, type 3
axes L    914  -3361 R -13600    198 T     0     0 level 1, 48 reports in 1373 ms
frame 1004: 30951 us total, 12344 us display, type 3
frame 1005: 32042 us total, 11931 us display, type 3
frame 1006: 33732 us total, 12443 us display, type 3
frame 1007: 36129 us total, 11693 us display, type 3
frame 1008: 37107 us total, 11842 us display, type 3
[0;32mI (38929) PAD: report id 1 len 16: 92 83 df 72 00 00 92 85 00 00 00 00 01 00 00 00 [0m
frame 1009: 40429 us total, 11983 us display, type 3
frame 1010: 41352 us total, 11692 us display, type 3
axes L    914  -3426 R -12899   1024 T     0     0 level 1, 9 reports in 276 ms
frame 1011: 41206 us total, 11700 us display, type 3
frame 1012: 40865 us total, 12050 us display, type 3
frame 1013: 39651 us total, 11763 us display, type 3
frame 1014: 38425 us total, 11692 us display, type 3
[0;32mI (39199) PAD: report id 1 len 16: 92 83 9e 72 43 79 43 82 00 00 00 00 01 00 00 00 [0m
frame 1015: 39637 us total, 12653 us display, type 3
frame 1016: 38103 us total, 11686 us display, type 3
frame 1017: 36765 us total, 11953 us display, type 3
frame 1018: 35988 us total, 11692 us display, type 3
frame 1019: 35653 us total, 11694 us display, type 3
frame 1020: 34648 us total, 11692 us display, type 3
frame 1021: 34756 us total, 11686 us display, type 3
[0;32mI (39454) PAD: report id 1 len 16: 92 83 7e 72 b6 79 f6 7f 00 00 00 00 01 00 00 00 [0m
frame 1022: 36247 us total, 12844 us display, type 3
frame 1023: 34141 us total, 12332 us display, type 3
frame 1024: 34556 us total, 11693 us display, type 3
mem @frame 1024: heap free 66336, largest 40960, min ever 65508, zone free 55016, stack free 14540, uptime 39 s, gamestate 0, demo 0, usergame 1, tic 1282
frame 1025: 35039 us total, 11811 us display, type 3
frame 1026: 33348 us total, 11687 us display, type 3
frame 1027: 32347 us total, 11693 us display, type 3
frame 1028: 31804 us total, 11898 us display, type 3
frame 1029: 31953 us total, 11699 us display, type 3
[0;32mI (39709) PAD: report id 1 len 16: 92 83 3e 72 b6 79 34 7f 00 00 00 00 01 00 00 00 [0m
frame 1030: 32835 us total, 11733 us display, type 3
frame 1031: 30489 us total, 11694 us display, type 3
frame 1032: 29750 us total, 11699 us display, type 3
frame 1033: 29946 us total, 11693 us display, type 3
frame 1034: 28316 us total, 11693 us display, type 3
frame 1035: 28787 us total, 11692 us display, type 3
frame 1036: 29237 us total, 12048 us display, type 3
frame 1037: 28028 us total, 11694 us display, type 3
frame 1038: 28193 us total, 11693 us display, type 3
[0;32mI (39964) PAD: report id 1 len 16: 92 83 3e 72 a3 6a b5 7d 00 00 00 00 01 00 00 00 [0m
frame 1039: 27835 us total, 11694 us display, type 3
frame 1040: 27320 us total, 11692 us display, type 3
frame 1041: 28968 us total, 11686 us display, type 3
frame 1042: 29558 us total, 11694 us display, type 3
frame 1043: 27442 us total, 11685 us display, type 3
frame 1044: 29238 us total, 11693 us display, type 3
frame 1045: 27311 us total, 12086 us display, type 3
frame 1046: 29745 us total, 12078 us display, type 3
axes L    914  -3554 R  -9488   -684 T     0     0 level 1, 40 reports in 1149 ms
frame 1047: 27421 us total, 12041 us display, type 3
[0;32mI (40234) PAD: report id 1 len 16: 92 83 1e 72 05 32 fc 7d 00 00 00 00 01 00 00 00 [0m
frame 1048: 30146 us total, 12949 us display, type 3
frame 1049: 27580 us total, 12085 us display, type 3
frame 1050: 28101 us total, 12283 us display, type 3
frame 1051: 29193 us total, 12063 us display, type 3
frame 1052: 29098 us total, 12194 us display, type 3
frame 1053: 28956 us total, 12262 us display, type 3
frame 1054: 27996 us total, 11686 us display, type 3
frame 1055: 30501 us total, 11699 us display, type 3
axes L    914  -3554 R -32768    275 T     0     0 level 1, 8 reports in 259 ms
frame 1056: 32418 us total, 11693 us display, type 3
[0;32mI (40489) PAD: report id 1 len 16: 92 83 1e 72 0a 03 a2 81 00 00 00 00 01 00 00 00 [0m
frame 1057: 32770 us total, 11694 us display, type 3
frame 1058: 32586 us total, 11686 us display, type 3
frame 1059: 32817 us total, 11694 us display, type 3
frame 1060: 33673 us total, 11693 us display, type 3
frame 1061: 33914 us total, 12228 us display, type 3
frame 1062: 33000 us total, 11972 us display, type 3
frame 1063: 31956 us total, 11946 us display, type 3
axes L    914  -3650 R -12290    760 T     0     0 level 1, 10 reports in 263 ms
frame 1064: 32732 us total, 12131 us display, type 3
[0;32mI (40759) PAD: report id 1 len 16: 92 83 be 71 8e 27 1e 88 00 00 00 00 01 00 00 00 [0m
frame 1065: 33669 us total, 11686 us display, type 3
frame 1066: 31590 us total, 11693 us display, type 3
frame 1067: 30170 us total, 11701 us display, type 3
frame 1068: 30086 us total, 11694 us display, type 3
frame 1069: 30046 us total, 11693 us display, type 3
frame 1070: 31664 us total, 11694 us display, type 3
frame 1071: 35611 us total, 11687 us display, type 3
axes L    914  -3650 R -32290   4711 T     0     0 level 1, 8 reports in 255 ms
frame 1072: 42539 us total, 12373 us display, type 3
[0;32mI (41029) PAD: report id 1 len 16: 92 83 be 71 4d 18 d7 90 00 00 00 00 01 00 00 00 [0m
frame 1073: 44201 us total, 11915 us display, type 3
frame 1074: 46403 us total, 11687 us display, type 3
frame 1075: 45744 us total, 12021 us display, type 3
frame 1076: 44228 us total, 11694 us display, type 3
axes L    914  -3714 R -21765   1034 T     0     0 level 1, 9 reports in 256 ms
frame 1077: 47213 us total, 12154 us display, type 3
frame 1078: 45202 us total, 11705 us display, type 3
[0;32mI (41284) PAD: report id 1 len 16: 92 83 7e 71 00 00 0a 84 00 00 00 00 00 00 00 00 [0m
frame 1079: 48440 us total, 11690 us display, type 3
input: down 0x00001
frame 1080: 49411 us total, 11826 us display, type 3
frame 1081: 48209 us total, 12039 us display, type 3
frame 1082: 48584 us total, 11687 us display, type 3
frame 1083: 50502 us total, 11700 us display, type 3
[0;32mI (41539) PAD: report id 1 len 16: 92 83 5e 71 00 78 97 7e 00 00 00 00 01 00 00 00 [0m
frame 1084: 50020 us total, 12398 us display, type 3
frame 1085: 48947 us total, 11788 us display, type 3
frame 1086: 50503 us total, 11686 us display, type 3
frame 1087: 49817 us total, 12261 us display, type 3
frame 1088: 48805 us total, 11693 us display, type 3
[0;32mI (41809) PAD: report id 1 len 16: 92 83 5e 71 bb 7f 63 7e 00 00 00 00 01 00 00 00 [0m
frame 1089: 51697 us total, 11693 us display, type 3
frame 1090: 49693 us total, 12235 us display, type 3
frame 1091: 47893 us total, 11687 us display, type 3
frame 1092: 47281 us total, 12368 us display, type 3
frame 1093: 47558 us total, 11694 us display, type 3
frame 1094: 48495 us total, 11692 us display, type 3
[0;32mI (42079) PAD: report id 1 len 16: 92 83 fe 70 a3 80 63 7e 00 00 00 00 01 00 00 00 [0m
frame 1095: 48387 us total, 12245 us display, type 3
frame 1096: 46566 us total, 11693 us display, type 3
frame 1097: 47155 us total, 12242 us display, type 3
axes L    914  -3842 R  20671    523 T     0     0 level 1, 34 reports in 995 ms
frame 1098: 48471 us total, 11694 us display, type 3
frame 1099: 49635 us total, 11700 us display, type 3
[0;32mI (42349) PAD: report id 1 len 16: 92 83 fe 70 ff ff c0 89 00 00 00 00 00 00 00 00 [0m
frame 1100: 49880 us total, 12519 us display, type 3
frame 1101: 49148 us total, 11694 us display, type 3
frame 1102: 46341 us total, 11694 us display, type 3
axes L    914  -3842 R  32767   2778 T     0     0 level 1, 9 reports in 263 ms
frame 1103: 41878 us total, 11997 us display, type 3
frame 1104: 39968 us total, 11798 us display, type 3
frame 1105: 42094 us total, 11686 us display, type 3
frame 1106: 39251 us total, 11686 us display, type 3
[0;32mI (42619) PAD: report id 1 len 16: 92 83 be 70 ff ff 3b 8b 00 00 00 00 00 00 00 00 [0m
frame 1107: 38635 us total, 12373 us display, type 3
frame 1108: 40552 us total, 12485 us display, type 3
frame 1109: 41157 us total, 11755 us display, type 3
axes L    914  -3938 R  32767   1401 T     0     0 level 1, 9 reports in 254 ms
frame 1110: 47741 us total, 12030 us display, type 3
frame 1111: 46950 us total, 11686 us display, type 3
frame 1112: 48062 us total, 11823 us display, type 3
[0;32mI (42889) PAD: report id 1 len 16: 92 83 9e 70 5a 9e d9 69 00 00 00 00 00 00 00 00 [0m
frame 1113: 47714 us total, 12039 us display, type 3
frame 1114: 47148 us total, 11690 us display, type 3
frame 1115: 47224 us total, 12010 us display, type 3
input: down 0x00001
frame 1116: 47549 us total, 11694 us display, type 3
axes L    914  -3938 R  12021  -2546 T     0     0 level 1, 13 reports in 367 ms
frame 1117: 48107 us total, 11686 us display, type 3
[0;32mI (43159) PAD: report id 1 len 16: 92 83 5e 70 86 fd 39 74 00 00 00 00 01 00 00 00 [0m
frame 1118: 47470 us total, 12409 us display, type 3
frame 1119: 46927 us total, 11694 us display, type 3
frame 1120: 48157 us total, 12038 us display, type 3
frame 1121: 47018 us total, 11694 us display, type 3
frame 1122: 48788 us total, 12510 us display, type 3
frame 1123: 47646 us total, 11686 us display, type 3
[0;32mI (43429) PAD: report id 1 len 16: 92 83 3e 70 1f 8e c9 74 00 00 00 00 01 00 00 00 [0m
frame 1124: 48411 us total, 11694 us display, type 3
frame 1125: 47486 us total, 12032 us display, type 3
frame 1126: 48563 us total, 11921 us display, type 3
frame 1127: 47796 us total, 12515 us display, type 3
axes L    914  -4034 R  -8235  -1534 T     0     0 level 1, 16 reports in 491 ms
frame 1128: 47416 us total, 11694 us display, type 3
frame 1129: 45550 us total, 11703 us display, type 3
[0;32mI (43699) PAD: report id 1 len 16: 92 83 fe 6f c3 16 42 78 00 00 00 00 01 00 00 00 [0m
frame 1130: 42051 us total, 11692 us display, type 3
frame 1131: 41959 us total, 12272 us display, type 3
frame 1132: 42022 us total, 11694 us display, type 3
frame 1133: 41773 us total, 12174 us display, type 3
frame 1134: 40544 us total, 11693 us display, type 3
frame 1135: 40469 us total, 11689 us display, type 3
[0;32mI (43969) PAD: report id 1 len 16: 92 83 de 6f 6c 80 9c 77 00 00 00 00 01 00 00 00 [0m
frame 1136: 42890 us total, 12827 us display, type 3
frame 1137: 41015 us total, 11830 us display, type 3
frame 1138: 42998 us total, 12434 us display, type 3
frame 1139: 42848 us total, 11686 us display, type 3
frame 1140: 44097 us total, 11693 us display, type 3
frame 1141: 43597 us total, 11977 us display, type 3
frame 1142: 45555 us total, 11691 us display, type 3
[0;32mI (44239) PAD: report id 1 len 16: 92 83 9e 6f 5b 86 24 7a 00 00 00 00 00 00 00 00 [0m
frame 1143: 45695 us total, 11700 us display, type 3
input: down 0x00002
frame 1144: 48228 us total, 12371 us display, type 3
frame 1145: 47647 us total, 11999 us display, type 3
frame 1146: 47386 us total, 11687 us display, type 3
frame 1147: 48338 us total, 12035 us display, type 3
[0;32mI (44509) PAD: report id 1 len 16: 92 83 79 6f 72 86 e3 77 00 00 00 00 05 00 00 00 [0m
frame 1148: 49820 us total, 11685 us display, type 3
frame 1149: 48610 us total, 12288 us display, type 3
frame 1150: 47357 us total, 11687 us display, type 3
frame 1151: 48571 us total, 12040 us display, type 3
frame 1152: 47911 us total, 11987 us display, type 3
frame 1153: 47073 us total, 11693 us display, type 3
[0;32mI (44764) PAD: report id 1 len 16: 92 83 38 6f 72 86 e3 77 00 00 00 00 05 00 00 00 [0m
frame 1154: 48650 us total, 12321 us display, type 3
input: down 0x400000
frame 1155: 45997 us total, 11693 us display, type 3
frame 1156: 44121 us total, 11701 us display, type 3
frame 1157: 43794 us total, 11916 us display, type 3
frame 1158: 42626 us total, 11686 us display, type 3
frame 1159: 43058 us total, 11686 us display, type 3
[0;32mI (45034) PAD: report id 1 len 16: 92 83 18 6f 72 86 04 79 00 00 00 00 07 00 00 00 [0m
frame 1160: 44175 us total, 12013 us display, type 3
frame 1161: 43111 us total, 11937 us display, type 3
frame 1162: 42425 us total, 11704 us display, type 3
frame 1163: 42952 us total, 12363 us display, type 3
frame 1164: 42735 us total, 11693 us display, type 3
frame 1165: 44499 us total, 11794 us display, type 3
[0;32mI (45304) PAD: report id 1 len 16: 92 83 d8 6e 66 89 66 79 00 00 00 00 00 00 00 00 [0m
frame 1166: 43023 us total, 11686 us display, type 3
frame 1167: 44379 us total, 11693 us display, type 3
frame 1168: 43952 us total, 11686 us display, type 3
frame 1169: 43151 us total, 11974 us display, type 3
frame 1170: 43817 us total, 12225 us display, type 3
input: down 0x400000
frame 1171: 45290 us total, 11693 us display, type 3
[0;32mI (45559) PAD: report id 1 len 16: 92 83 b4 6e 99 89 af 79 00 00 00 00 07 00 00 00 [0m
frame 1172: 45691 us total, 12349 us display, type 3
frame 1173: 46410 us total, 12512 us display, type 3
frame 1174: 45026 us total, 11693 us display, type 3
frame 1175: 45650 us total, 11685 us display, type 3
frame 1176: 45354 us total, 11693 us display, type 3
[0;32mI (45814) PAD: report id 1 len 16: 92 83 77 6e 99 89 ca 79 00 00 00 00 00 00 00 00 [0m
frame 1177: 47360 us total, 12102 us display, type 3
frame 1178: 45538 us total, 11807 us display, type 3
frame 1179: 46581 us total, 12229 us display, type 3
frame 1180: 45924 us total, 11694 us display, type 3
frame 1181: 46722 us total, 12017 us display, type 3
input: down 0x00001
frame 1182: 46986 us total, 11701 us display, type 3
[0;32mI (46069) PAD: report id 1 len 16: 92 83 51 6e d1 8a 9f 7a 00 00 00 00 01 00 00 00 [0m
frame 1183: 48439 us total, 12065 us display, type 3
frame 1184: 46938 us total, 11685 us display, type 3
frame 1185: 47267 us total, 11693 us display, type 3
frame 1186: 46194 us total, 11792 us display, type 3
frame 1187: 46259 us total, 12473 us display, type 3
[0;32mI (46324) PAD: report id 1 len 16: 92 83 f1 6d d1 8a 02 7b 00 00 00 00 01 00 00 00 [0m
frame 1188: 45885 us total, 11939 us display, type 3
frame 1189: 45076 us total, 12004 us display, type 3
frame 1190: 43334 us total, 12006 us display, type 3
frame 1191: 41894 us total, 11692 us display, type 3
frame 1192: 42713 us total, 11993 us display, type 3
frame 1193: 41517 us total, 11687 us display, type 3
[0;32mI (46594) PAD: report id 1 len 16: 92 83 b1 6d d1 8a d2 7b 00 00 00 00 01 00 00 00 [0m
frame 1194: 41890 us total, 12554 us display, type 3
frame 1195: 39593 us total, 11693 us display, type 3
frame 1196: 40355 us total, 11693 us display, type 3
frame 1197: 40687 us total, 11775 us display, type 3
frame 1198: 39057 us total, 11686 us display, type 3
frame 1199: 41057 us total, 11687 us display, type 3
frame 1200: 40589 us total, 12112 us display, type 3
[0;32mI (46864) PAD: report id 1 len 16: 92 83 91 6d d1 8a 3c 7c 00 00 00 00 01 00 00 00 [0m
frame 1201: 40867 us total, 11693 us display, type 3
frame 1202: 41210 us total, 11693 us display, type 3
frame 1203: 42907 us total, 11956 us display, type 3
frame 1204: 42822 us total, 12006 us display, type 3
frame 1205: 42613 us total, 11687 us display, type 3
frame 1206: 46759 us total, 12011 us display, type 3
[0;32mI (47134) PAD: report id 1 len 16: 92 83 2e 6d d1 8a 03 7d 00 00 00 00 01 00 00 00 [0m
frame 1207: 46507 us total, 12527 us display, type 3
frame 1208: 46470 us total, 11983 us display, type 3
frame 1209: 47828 us total, 11693 us display, type 3
frame 1210: 46631 us total, 11898 us display, type 3
frame 1211: 45172 us total, 11779 us display, type 3
frame 1212: 46219 us total, 12308 us display, type 3
[0;32mI (47404) PAD: report id 1 len 16: 92 83 ee 6c d1 8a 49 7d 00 00 00 00 01 00 00 00 [0m
frame 1213: 47050 us total, 11694 us display, type 3
frame 1214: 46085 us total, 12009 us display, type 3
frame 1215: 46366 us total, 11687 us display, type 3
frame 1216: 47428 us total, 11998 us display, type 3
frame 1217: 47424 us total, 11983 us display, type 3
frame 1218: 48477 us total, 11692 us display, type 3
[0;32mI (47674) PAD: report id 1 len 16: 92 83 cc 6c d1 8a 49 7d 00 00 00 00 01 00 00 00 [0m
frame 1219: 48158 us total, 11694 us display, type 3
frame 1220: 46411 us total, 11688 us display, type 3
frame 1221: 46614 us total, 12322 us display, type 3
frame 1222: 46875 us total, 12220 us display, type 3
frame 1223: 45323 us total, 11694 us display, type 3
frame 1224: 45962 us total, 11701 us display, type 3
input: down 0x00001
[0;32mI (47944) PAD: report id 1 len 16: 92 83 6a 6c cc 8c 49 7d 00 00 00 00 01 00 00 00 [0m
frame 1225: 46517 us total, 12157 us display, type 3
frame 1226: 44844 us total, 11694 us display, type 3
frame 1227: 45422 us total, 12032 us display, type 3
frame 1228: 46751 us total, 11686 us display, type 3
axes L    914  -5076 R  15878    339 T     0     0 level 1, 165 reports in 4565 ms
frame 1229: 47073 us total, 11801 us display, type 3
[0;32mI (48214) PAD: report id 1 len 16: 92 83 2c 6c 21 e4 35 88 00 00 00 00 01 00 00 00 [0m
frame 1230: 47664 us total, 12825 us display, type 3
frame 1231: 47224 us total, 11694 us display, type 3
frame 1232: 46496 us total, 11976 us display, type 3
frame 1233: 46034 us total, 11910 us display, type 3
frame 1234: 42909 us total, 12196 us display, type 3
frame 1235: 41571 us total, 11694 us display, type 3
[0;32mI (48469) PAD: report id 1 len 16: 92 83 cc 6b 3d 92 15 86 00 00 00 00 00 00 00 00 [0m
frame 1236: 41918 us total, 11686 us display, type 3
frame 1237: 41368 us total, 11849 us display, type 3
frame 1238: 42182 us total, 11935 us display, type 3
axes L    813  -5210 R  15342   1118 T     0     0 level 1, 15 reports in 440 ms
frame 1239: 43174 us total, 11820 us display, type 3
frame 1240: 42073 us total, 12152 us display, type 3
frame 1241: 42399 us total, 12009 us display, type 3
frame 1242: 43445 us total, 11699 us display, type 3
[0;32mI (48739) PAD: report id 1 len 16: 2d 83 a6 6b ff ff 73 83 00 00 00 00 00 00 00 00 [0m
frame 1243: 46565 us total, 11850 us display, type 3
frame 1244: 45701 us total, 12112 us display, type 3
axes L    813  -5268 R  11040   1358 T     0     0 level 1, 9 reports in 265 ms
frame 1245: 45653 us total, 11833 us display, type 3
frame 1246: 46187 us total, 12189 us display, type 3
frame 1247: 45204 us total, 11738 us display, type 3
[0;32mI (49009) PAD: report id 1 len 16: 2d 83 41 6b 38 a3 81 85 00 00 00 00 00 00 00 00 [0m
frame 1248: 45879 us total, 12687 us display, type 3
frame 1249: 45074 us total, 11944 us display, type 3
frame 1250: 45088 us total, 11981 us display, type 3
axes L    813  -5371 R   9308   1409 T     0     0 level 1, 9 reports in 272 ms
frame 1251: 44923 us total, 11987 us display, type 3
frame 1252: 44056 us total, 11688 us display, type 3
frame 1253: 45282 us total, 12184 us display, type 3
[0;32mI (49264) PAD: report id 1 len 16: 2d 83 df 6a ff ff 8e 8c 00 00 00 00 00 00 00 00 [0m
frame 1254: 43361 us total, 11834 us display, type 3
frame 1255: 42303 us total, 11686 us display, type 3
frame 1256: 46927 us total, 11814 us display, type 3
axes L    813  -5409 R  32767   3739 T     0     0 level 1, 10 reports in 272 ms
frame 1257: 49978 us total, 11687 us display, type 3
frame 1258: 55124 us total, 11976 us display, type 3
[0;32mI (49519) PAD: report id 1 len 16: 2d 83 a5 6a ff ff fd 8e 00 00 00 00 00 00 00 00 [0m
frame 1259: 58415 us total, 11693 us display, type 3
frame 1260: 55113 us total, 12004 us display, type 3
frame 1261: 49341 us total, 11686 us display, type 3
axes L    813  -5507 R  24117   3837 T     0     0 level 1, 10 reports in 266 ms
frame 1262: 49168 us total, 12214 us display, type 3
frame 1263: 50035 us total, 11694 us display, type 3
[0;32mI (49774) PAD: report id 1 len 16: 2d 83 45 6a b9 a2 bf 86 00 00 00 00 00 00 00 00 [0m
frame 1264: 52180 us total, 11758 us display, type 3
frame 1265: 51276 us total, 11999 us display, type 3
frame 1266: 50807 us total, 11699 us display, type 3
frame 1267: 51644 us total, 11687 us display, type 3
frame 1268: 50322 us total, 11999 us display, type 3
input: down 0x00001
frame 1269: 50692 us total, 11692 us display, type 3
[0;32mI (50044) PAD: report id 1 len 16: 2d 83 1d 6a a9 8e b2 81 00 00 00 00 01 00 00 00 [0m
frame 1270: 52644 us total, 12023 us display, type 3
frame 1271: 50704 us total, 11695 us display, type 3
frame 1272: 50842 us total, 11687 us display, type 3
frame 1273: 49879 us total, 11694 us display, type 3
frame 1274: 49005 us total, 11692 us display, type 3
[0;32mI (50314) PAD: report id 1 len 16: 2d 83 ba 69 1f a1 25 86 00 00 00 00 01 00 00 00 [0m
axes L    813  -5702 R   8479   1573 T     0     0 level 1, 23 reports in 659 ms
frame 1275: 49743 us total, 12461 us display, type 3
frame 1276: 47752 us total, 12153 us display, type 3
frame 1277: 48066 us total, 11701 us display, type 3
frame 1278: 50424 us total, 11686 us display, type 3
frame 1279: 48782 us total, 12329 us display, type 3
[0;32mI (50569) PAD: report id 1 len 16: 2d 83 59 69 e1 97 1f 99 00 00 00 00 00 00 00 00 [0m
frame 1280: 49317 us total, 11687 us display, type 3
mem @frame 1280: heap free 66336, largest 40960, min ever 65508, zone free 55016, stack free 14540, uptime 50 s, gamestate 0, demo 0, usergame 1, tic 1669
frame 1281: 51048 us total, 11686 us display, type 3
frame 1282: 49615 us total, 12427 us display, type 3
frame 1283: 49016 us total, 11687 us display, type 3
frame 1284: 49332 us total, 12100 us display, type 3
axes L    813  -5864 R  12139   4606 T     0     0 level 1, 17 reports in 493 ms
[0;32mI (50839) PAD: report id 1 len 16: 2d 83 f6 68 c4 b6 bc 94 00 00 00 00 00 00 00 00 [0m
frame 1285: 50496 us total, 12413 us display, type 3
frame 1286: 48512 us total, 11687 us display, type 3
frame 1287: 49110 us total, 12385 us display, type 3
frame 1288: 47450 us total, 11997 us display, type 3
frame 1289: 47287 us total, 11686 us display, type 3
frame 1290: 48478 us total, 12340 us display, type 3
[0;32mI (51109) PAD: report id 1 len 16: 2d 83 b7 68 c0 90 27 99 00 00 00 00 00 00 00 00 [0m
frame 1291: 48297 us total, 11822 us display, type 3
frame 1292: 48509 us total, 12096 us display, type 3
frame 1293: 48511 us total, 11685 us display, type 3
axes L    813  -5996 R  -9940   4286 T     0     0 level 1, 15 reports in 435 ms
frame 1294: 48478 us total, 11823 us display, type 3
frame 1295: 47662 us total, 12031 us display, type 3
frame 1296: 47413 us total, 11694 us display, type 3
[0;32mI (51379) PAD: report id 1 len 16: 2d 83 94 68 00 00 f5 9c 00 00 00 00 00 00 00 00 [0m
frame 1297: 49797 us total, 12254 us display, type 3
frame 1298: 49935 us total, 11913 us display, type 3
frame 1299: 49716 us total, 11767 us display, type 3
frame 1300: 50346 us total, 12481 us display, type 3
input: down 0x00001
frame 1301: 50689 us total, 11837 us display, type 3
[0;32mI (51634) PAD: report id 1 len 16: 2d 83 34 68 ae 7f 35 87 00 00 00 00 01 00 00 00 [0m
frame 1302: 49689 us total, 12355 us display, type 3
frame 1303: 47477 us total, 11687 us display, type 3
frame 1304: 48266 us total, 12523 us display, type 3
frame 1305: 48700 us total, 12171 us display, type 3
frame 1306: 48351 us total, 11701 us display, type 3
[0;32mI (51904) PAD: report id 1 len 16: 2d 83 f3 67 cc 8e 71 83 00 00 00 00 01 00 00 00 [0m
frame 1307: 49569 us total, 12637 us display, type 3
frame 1308: 49574 us total, 11699 us display, type 3
frame 1309: 49532 us total, 11990 us display, type 3
frame 1310: 49851 us total, 12062 us display, type 3
frame 1311: 50998 us total, 11688 us display, type 3
frame 1312: 50318 us total, 11687 us display, type 3
[0;32mI (52174) PAD: report id 1 len 16: 2d 83 d2 67 0c 93 71 83 00 00 00 00 00 00 00 00 [0m
frame 1313: 51995 us total, 12090 us display, type 3
frame 1314: 51520 us total, 11698 us display, type 3
frame 1315: 51630 us total, 12171 us display, type 3
frame 1316: 50543 us total, 11686 us display, type 3
frame 1317: 51995 us total, 11688 us display, type 3
[0;32mI (52429) PAD: report id 1 len 16: 2d 83 71 67 cf 8a 35 7f 00 00 00 00 00 00 00 00 [0m
frame 1318: 51632 us total, 11699 us display, type 3
frame 1319: 50844 us total, 11701 us display, type 3
frame 1320: 50049 us total, 12031 us display, type 3
frame 1321: 50074 us total, 11693 us display, type 3
frame 1322: 51499 us total, 11978 us display, type 3
[0;32mI (52699) PAD: report id 1 len 16: 2d 83 31 67 08 8a fc 7e 00 00 00 00 00 00 00 00 [0m
frame 1323: 51037 us total, 11692 us display, type 3
frame 1324: 51544 us total, 11694 us display, type 3
frame 1325: 51720 us total, 12245 us display, type 3
frame 1326: 51659 us total, 12378 us display, type 3
frame 1327: 50213 us total, 11693 us display, type 3
[0;32mI (52969) PAD: report id 1 len 16: 2d 83 10 67 08 8a fc 7e 00 00 00 00 00 00 00 00 [0m
frame 1328: 52361 us total, 11693 us display, type 3
frame 1329: 51295 us total, 11933 us display, type 3
frame 1330: 52119 us total, 11686 us display, type 3
frame 1331: 51066 us total, 12018 us display, type 3
frame 1332: 51292 us total, 12276 us display, type 3
[0;32mI (53239) PAD: report id 1 len 16: 2d 83 b0 66 08 8a fc 7e 00 00 00 00 00 00 00 00 [0m
frame 1333: 53053 us total, 12794 us display, type 3
frame 1334: 50567 us total, 11687 us display, type 3
frame 1335: 51659 us total, 11692 us display, type 3
frame 1336: 51254 us total, 12027 us display, type 3
frame 1337: 51760 us total, 11700 us display, type 3
[0;32mI (53494) PAD: report id 1 len 16: 2d 83 70 66 08 8a fc 7e 00 00 00 00 00 00 00 00 [0m
frame 1338: 51854 us total, 12469 us display, type 3
frame 1339: 51723 us total, 11693 us display, type 3
frame 1340: 51811 us total, 11846 us display, type 3
frame 1341: 51424 us total, 12015 us display, type 3
frame 1342: 51839 us total, 12404 us display, type 3
frame 1343: 50515 us total, 11694 us display, type 3
[0;32mI (53764) PAD: report id 1 len 16: 2d 83 50 66 08 8a fc 7e 00 00 00 00 00 00 00 00 [0m
frame 1344: 52814 us total, 11693 us display, type 3
frame 1345: 51008 us total, 12154 us display, type 3
frame 1346: 51180 us total, 11693 us display, type 3
frame 1347: 52143 us total, 11927 us display, type 3
frame 1348: 51309 us total, 12174 us display, type 3
[0;32mI (54034) PAD: report id 1 len 16: 2d 83 10 66 08 8a fc 7e 00 00 00 00 00 00 00 00 [0m
frame 1349: 51977 us total, 11694 us display, type 3
frame 1350: 51586 us total, 12062 us display, type 3
frame 1351: 51265 us total, 11916 us display, type 3
frame 1352: 50962 us total, 11687 us display, type 3
frame 1353: 51585 us total, 11699 us display, type 3
[0;32mI (54304) PAD: report id 1 len 16: 2d 83 f0 65 08 8a a5 7f 00 00 00 00 00 00 00 00 [0m
frame 1354: 52226 us total, 11969 us display, type 3
frame 1355: 51031 us total, 11988 us display, type 3
frame 1356: 52296 us total, 11687 us display, type 3
frame 1357: 51159 us total, 12344 us display, type 3
frame 1358: 52177 us total, 11702 us display, type 3
[0;32mI (54574) PAD: report id 1 len 16: 2d 83 8b 65 08 8a a5 7f 00 00 00 00 00 00 00 00 [0m
frame 1359: 51419 us total, 12613 us display, type 3
frame 1360: 50926 us total, 11695 us display, type 3
frame 1361: 52141 us total, 11693 us display, type 3
frame 1362: 51565 us total, 11698 us display, type 3
frame 1363: 52094 us total, 12502 us display, type 3
frame 1364: 51121 us total, 11994 us display, type 3
[0;32mI (54844) PAD: report id 1 len 16: 2d 83 48 65 08 8a a5 7f 00 00 00 00 00 00 00 00 [0m
frame 1365: 52235 us total, 11687 us display, type 3
frame 1366: 51320 us total, 12425 us display, type 3
frame 1367: 52317 us total, 12380 us display, type 3
frame 1368: 50998 us total, 11981 us display, type 3
frame 1369: 52035 us total, 11694 us display, type 3
[0;32mI (55114) PAD: report id 1 len 16: 2d 83 2a 65 08 8a a5 7f 00 00 00 00 00 00 00 00 [0m
frame 1370: 51833 us total, 12502 us display, type 3
frame 1371: 50996 us total, 11693 us display, type 3
frame 1372: 52351 us total, 11852 us display, type 3
frame 1373: 51597 us total, 12517 us display, type 3
frame 1374: 52077 us total, 11694 us display, type 3
[0;32mI (55369) PAD: report id 1 len 16: 2d 83 e7 64 08 8a a5 7f 00 00 00 00 00 00 00 00 [0m
frame 1375: 51718 us total, 12106 us display, type 3
frame 1376: 51647 us total, 12293 us display, type 3
frame 1377: 50882 us total, 12060 us display, type 3
frame 1378: 52277 us total, 12315 us display, type 3
frame 1379: 50734 us total, 11814 us display, type 3
[0;32mI (55624) PAD: report id 1 len 16: 2d 83 c8 64 08 8a a5 7f 00 00 00 00 00 00 00 00 [0m
frame 1380: 52535 us total, 11693 us display, type 3
frame 1381: 51321 us total, 12116 us display, type 3
frame 1382: 51149 us total, 11987 us display, type 3
frame 1383: 52215 us total, 11748 us display, type 3
frame 1384: 51318 us total, 12419 us display, type 3
[0;32mI (55894) PAD: report id 1 len 16: 2d 83 86 64 08 8a a5 7f 00 00 00 00 00 00 00 00 [0m
frame 1385: 52559 us total, 12268 us display, type 3
frame 1386: 50764 us total, 11914 us display, type 3
frame 1387: 51681 us total, 11728 us display, type 3
frame 1388: 51255 us total, 12454 us display, type 3
frame 1389: 51721 us total, 11686 us display, type 3
[0;32mI (56164) PAD: report id 1 len 16: 2d 83 67 64 08 8a a5 7f 00 00 00 00 00 00 00 00 [0m
frame 1390: 51893 us total, 11693 us display, type 3
frame 1391: 51948 us total, 12514 us display, type 3
frame 1392: 51621 us total, 12421 us display, type 3
frame 1393: 50231 us total, 11686 us display, type 3
frame 1394: 52365 us total, 11839 us display, type 3
[0;32mI (56419) PAD: report id 1 len 16: 2d 83 24 64 08 8a a5 7f 00 00 00 00 00 00 00 00 [0m
frame 1395: 51341 us total, 11750 us display, type 3
frame 1396: 51513 us total, 11693 us display, type 3
frame 1397: 51526 us total, 11992 us display, type 3
frame 1398: 50828 us total, 11989 us display, type 3
frame 1399: 52194 us total, 12393 us display, type 3
[0;32mI (56674) PAD: report id 1 len 16: 2d 83 07 64 08 8a a5 7f 00 00 00 00 00 00 00 00 [0m
frame 1400: 51748 us total, 11763 us display, type 3
frame 1401: 51660 us total, 11787 us display, type 3
frame 1402: 51278 us total, 12136 us display, type 3
frame 1403: 50751 us total, 11693 us display, type 3
frame 1404: 51653 us total, 11945 us display, type 3
[0;32mI (56929) PAD: report id 1 len 16: 2d 83 07 64 08 8a f7 7f 00 00 00 00 00 00 00 00 [0m
frame 1405: 52067 us total, 11693 us display, type 3
frame 1406: 51720 us total, 12022 us display, type 3
frame 1407: 50865 us total, 11950 us display, type 3
frame 1408: 52076 us total, 11694 us display, type 3
frame 1409: 50867 us total, 12318 us display, type 3
[0;32mI (57184) PAD: report id 1 len 16: a4 7f c1 63 08 8a f7 7f 00 00 00 00 00 00 00 00 [0m
frame 1410: 51260 us total, 11693 us display, type 3
frame 1411: 52066 us total, 11870 us display, type 3
frame 1412: 51502 us total, 11686 us display, type 3
frame 1413: 51536 us total, 11986 us display, type 3
frame 1414: 50694 us total, 11890 us display, type 3
[0;32mI (57454) PAD: report id 1 len 16: 0f 7f a5 63 08 8a f7 7f 00 00 00 00 00 00 00 00 [0m
frame 1415: 51976 us total, 11712 us display, type 3
frame 1416: 51371 us total, 12047 us display, type 3
frame 1417: 50824 us total, 11693 us display, type 3
frame 1418: 51855 us total, 12250 us display, type 3
frame 1419: 51286 us total, 11693 us display, type 3
[0;32mI (57709) PAD: report id 1 len 16: d7 7e a5 63 08 8a f7 7f 00 00 00 00 00 00 00 00 [0m
frame 1420: 52104 us total, 11960 us display, type 3
frame 1421: 51315 us total, 12373 us display, type 3
frame 1422: 52055 us total, 12195 us display, type 3
frame 1423: 50445 us total, 11694 us display, type 3
frame 1424: 51867 us total, 11693 us display, type 3
[0;32mI (57979) PAD: report id 1 len 16: d7 7e 44 63 08 8a f7 7f 00 00 00 00 00 00 00 00 [0m
frame 1425: 51423 us total, 12683 us display, type 3
frame 1426: 50761 us total, 11692 us display, type 3
frame 1427: 51413 us total, 11693 us display, type 3
frame 1428: 52037 us total, 12324 us display, type 3
frame 1429: 51312 us total, 11701 us display, type 3
[0;32mI (58234) PAD: report id 1 len 16: 52 84 44 63 08 8a 08 80 00 00 00 00 00 00 00 00 [0m
frame 1430: 51588 us total, 12509 us display, type 3
frame 1431: 50782 us total, 11686 us display, type 3
axes L   2975 -32768 R   2568      8 T     0     0 level 1, 244 reports in 7042 ms
frame 1432: 51854 us total, 11862 us display, type 3
frame 1433: 52147 us total, 11685 us display, type 3
frame 1434: 50800 us total, 12232 us display, type 3
frame 1435: 49483 us total, 11693 us display, type 3
[0;32mI (58504) PAD: report id 1 len 16: 19 92 00 00 e9 88 6e 80 00 00 00 00 00 00 00 00 [0m
frame 1436: 49538 us total, 11693 us display, type 3
axes L   4633 -32768 R   2281    110 T     0     0 level 1, 8 reports in 253 ms
frame 1437: 49077 us total, 12407 us display, type 3
frame 1438: 48212 us total, 11686 us display, type 3
frame 1439: 49238 us total, 12069 us display, type 3
frame 1440: 45351 us total, 11701 us display, type 3
[0;32mI (58774) PAD: report id 1 len 16: 79 92 00 00 c7 88 6e 80 00 00 00 00 00 00 00 00 [0m
frame 1441: 46483 us total, 12481 us display, type 3
axes L   4729 -32768 R   2247    110 T     0     0 level 1, 9 reports in 259 ms
frame 1442: 44825 us total, 11973 us display, type 3
frame 1443: 43693 us total, 12028 us display, type 3
frame 1444: 47793 us total, 11693 us display, type 3
frame 1445: 46333 us total, 11692 us display, type 3
frame 1446: 46287 us total, 12151 us display, type 3
[0;32mI (59044) PAD: report id 1 len 16: e9 8d 00 00 c7 88 bf 80 00 00 00 00 00 00 00 00 [0m
frame 1447: 47224 us total, 11687 us display, type 3
axes L   3561 -32768 R   2247    191 T     0     0 level 1, 8 reports in 253 ms
frame 1448: 47375 us total, 12265 us display, type 3
frame 1449: 48946 us total, 11781 us display, type 3
frame 1450: 46646 us total, 12490 us display, type 3
frame 1451: 46439 us total, 11693 us display, type 3
frame 1452: 46678 us total, 11693 us display, type 3
[0;32mI (59314) PAD: report id 1 len 16: 24 7d 00 00 c7 88 fc 7e 00 00 00 00 00 00 00 00 [0m
axes L   -732 -32768 R   2247   -260 T     0     0 level 1, 9 reports in 261 ms
frame 1453: 47694 us total, 12377 us display, type 3
frame 1454: 46671 us total, 12338 us display, type 3
frame 1455: 44862 us total, 11694 us display, type 3
frame 1456: 45189 us total, 12332 us display, type 3
frame 1457: 47102 us total, 11790 us display, type 3
[0;32mI (59569) PAD: report id 1 len 16: ea 7c 00 00 c7 88 e4 7e 00 00 00 00 00 00 00 00 [0m
frame 1458: 46161 us total, 12852 us display, type 3
axes L   -790 -32768 R   2247   -284 T     0     0 level 1, 9 reports in 254 ms
frame 1459: 44079 us total, 11687 us display, type 3
frame 1460: 44523 us total, 12384 us display, type 3
frame 1461: 43361 us total, 11727 us display, type 3
frame 1462: 44805 us total, 12458 us display, type 3
frame 1463: 43910 us total, 11706 us display, type 3
[0;32mI (59839) PAD: report id 1 len 16: c3 7c 00 00 c7 88 e4 7e 00 00 00 00 00 00 00 00 [0m
frame 1464: 45911 us total, 12705 us display, type 3
axes L   -829 -32768 R   2247   -284 T     0     0 level 1, 9 reports in 255 ms
frame 1465: 44919 us total, 11693 us display, type 3
frame 1466: 46193 us total, 12448 us display, type 3
frame 1467: 44278 us total, 11711 us display, type 3
frame 1468: 44768 us total, 12470 us display, type 3
frame 1469: 45878 us total, 12388 us display, type 3
[0;32mI (60094) PAD: report id 1 len 16: c3 7c 65 00 c7 88 e4 7e 00 00 00 00 00 00 00 00 [0m
axes L   -829 -32667 R   2247   -284 T     0     0 level 1, 9 reports in 258 ms
frame 1470: 45318 us total, 11687 us display, type 3
frame 1471: 43930 us total, 11986 us display, type 3
frame 1472: 44334 us total, 11687 us display, type 3
frame 1473: 42811 us total, 12107 us display, type 3
frame 1474: 43682 us total, 11692 us display, type 3
frame 1475: 45273 us total, 11693 us display, type 3
[0;32mI (60364) PAD: report id 1 len 16: c3 7c cd 00 c7 88 e4 7e 00 00 00 00 00 00 00 00 [0m
axes L   -829 -32563 R   2247   -284 T     0     0 level 1, 9 reports in 266 ms
frame 1476: 46577 us total, 11829 us display, type 3
frame 1477: 44444 us total, 12194 us display, type 3
frame 1478: 44572 us total, 11692 us display, type 3
frame 1479: 46611 us total, 12396 us display, type 3
frame 1480: 44358 us total, 11863 us display, type 3
frame 1481: 44492 us total, 11954 us display, type 3
input: down 0x800000
[0;32mI (60634) PAD: report id 1 len 16: 7d de 27 03 c7 88 e4 7e 00 00 00 00 00 00 00 00 [0m
frame 1482: 44612 us total, 11693 us display, type 3
axes L  24189 -31961 R   2247   -284 T     0     0 level 1, 9 reports in 281 ms
frame 1483: 45452 us total, 11915 us display, type 3
frame 1484: 43272 us total, 11693 us display, type 3
frame 1485: 45000 us total, 11693 us display, type 3
frame 1486: 43859 us total, 11686 us display, type 3
frame 1487: 44453 us total, 11700 us display, type 3
[0;32mI (60904) PAD: report id 1 len 16: 5b a7 fa 03 c7 88 61 7f 00 00 00 00 00 00 00 00 [0m
axes L  10075 -31750 R   2247   -159 T     0     0 level 1, 9 reports in 255 ms
frame 1488: 46438 us total, 11693 us display, type 3
frame 1489: 45318 us total, 11693 us display, type 3
frame 1490: 46793 us total, 11832 us display, type 3
frame 1491: 45740 us total, 12349 us display, type 3
frame 1492: 45178 us total, 11978 us display, type 3
frame 1493: 45812 us total, 12257 us display, type 3
[0;32mI (61174) PAD: report id 1 len 16: bf 84 5c 04 c7 88 61 7f 00 00 00 00 00 00 00 00 [0m
axes L   1215 -31652 R   2247   -159 T     0     0 level 1, 9 reports in 274 ms
frame 1494: 45574 us total, 11701 us display, type 3
frame 1495: 46187 us total, 12298 us display, type 3
frame 1496: 46870 us total, 12417 us display, type 3
frame 1497: 47242 us total, 11701 us display, type 3
frame 1498: 50517 us total, 11693 us display, type 3
frame 1499: 50577 us total, 11893 us display, type 3
[0;32mI (61444) PAD: report id 1 len 16: ab 84 0a 05 c7 88 61 7f 00 00 00 00 00 00 00 00 [0m
axes L   1195 -31478 R   2247   -159 T     0     0 level 1, 10 reports in 266 ms
frame 1500: 52501 us total, 12536 us display, type 3
frame 1501: 51349 us total, 12229 us display, type 3
frame 1502: 49895 us total, 11769 us display, type 3
frame 1503: 52308 us total, 12070 us display, type 3
frame 1504: 49608 us total, 12236 us display, type 3
axes L   1195 -31359 R   2247   -159 T     0     0 level 1, 9 reports in 253 ms
[0;32mI (61714) PAD: report id 1 len 16: ab 84 81 05 c7 88 61 7f 00 00 00 00 00 00 00 00 [0m
frame 1505: 50313 us total, 11694 us display, type 3
frame 1506: 48830 us total, 11693 us display, type 3
frame 1507: 49037 us total, 12460 us display, type 3
frame 1508: 47705 us total, 11926 us display, type 3
frame 1509: 49660 us total, 12323 us display, type 3
axes L   1195 -31260 R   2247   -159 T     0     0 level 1, 10 reports in 270 ms
frame 1510: 47361 us total, 11693 us display, type 3
[0;32mI (61984) PAD: report id 1 len 16: ab 84 e4 05 c7 88 61 7f 00 00 00 00 00 00 00 00 [0m
frame 1511: 48075 us total, 11834 us display, type 3
frame 1512: 47237 us total, 11995 us display, type 3
frame 1513: 44721 us total, 11700 us display, type 3
frame 1514: 44618 us total, 11687 us display, type 3
frame 1515: 47495 us total, 12155 us display, type 3
[0;32mI (62239) PAD: report id 1 len 16: ab 84 47 06 c7 88 61 7f 00 00 00 00 00 00 00 00 [0m
axes L   1195 -31161 R   2247   -159 T     0     0 level 1, 10 reports in 283 ms
frame 1516: 51721 us total, 11692 us display, type 3
frame 1517: 50325 us total, 11699 us display, type 3
frame 1518: 48968 us total, 12011 us display, type 3
frame 1519: 49287 us total, 11687 us display, type 3
frame 1520: 49350 us total, 11740 us display, type 3
[0;32mI (62509) PAD: report id 1 len 16: ab 84 ae 06 c7 88 61 7f 00 00 00 00 00 00 00 00 [0m
frame 1521: 49910 us total, 12486 us display, type 3
axes L   1195 -31058 R   2247   -159 T     0     0 level 1, 10 reports in 294 ms
frame 1522: 47249 us total, 12294 us display, type 3
frame 1523: 45464 us total, 11687 us display, type 3
frame 1524: 46365 us total, 11981 us display, type 3
frame 1525: 43404 us total, 11967 us display, type 3
frame 1526: 41921 us total, 12398 us display, type 3
[0;32mI (62764) PAD: report id 1 len 16: ab 84 10 07 c7 88 61 7f 00 00 00 00 00 00 00 00 [0m
frame 1527: 33304 us total, 12561 us display, type 3
frame 1528: 29918 us total, 11964 us display, type 3
axes L   1195 -30888 R   2247   -159 T     0     0 level 1, 10 reports in 270 ms
frame 1529: 29262 us total, 11687 us display, type 3
frame 1530: 27749 us total, 11693 us display, type 3
frame 1531: 22995 us total, 11699 us display, type 3
frame 1532: 23169 us total, 12017 us display, type 3
frame 1533: 22657 us total, 11692 us display, type 3
frame 1534: 23162 us total, 11701 us display, type 3
frame 1535: 29381 us total, 11693 us display, type 3
frame 1536: 28037 us total, 11686 us display, type 3
mem @frame 1536: heap free 66336, largest 40960, min ever 65508, zone free 55016, stack free 14540, uptime 62 s, gamestate 0, demo 0, usergame 1, tic 2105
[0;32mI (63019) PAD: report id 1 len 16: ab 84 74 07 c7 88 61 7f 00 00 00 00 00 00 00 00 [0m
frame 1537: 29188 us total, 11693 us display, type 3
frame 1538: 29402 us total, 12014 us display, type 3
axes L   1195 -30786 R   2247   -159 T     0     0 level 1, 9 reports in 252 ms
frame 1539: 26924 us total, 11699 us display, type 3
frame 1540: 28686 us total, 11693 us display, type 3
frame 1541: 28614 us total, 11690 us display, type 3
frame 1542: 28005 us total, 11686 us display, type 3
frame 1543: 28039 us total, 11686 us display, type 3
frame 1544: 29737 us total, 11701 us display, type 3
frame 1545: 29097 us total, 11687 us display, type 3
[0;32mI (63274) PAD: report id 1 len 16: ab 84 d9 07 c7 88 61 7f 00 00 00 00 00 00 00 00 [0m
frame 1546: 28903 us total, 11760 us display, type 3
frame 1547: 28246 us total, 11687 us display, type 3
axes L   1195 -30759 R   2247   -159 T     0     0 level 1, 8 reports in 257 ms
frame 1548: 28569 us total, 12016 us display, type 3
frame 1549: 28218 us total, 12170 us display, type 3
frame 1550: 28146 us total, 11686 us display, type 3
frame 1551: 28869 us total, 11686 us display, type 3
frame 1552: 28501 us total, 12093 us display, type 3
frame 1553: 28162 us total, 12094 us display, type 3
frame 1554: 28948 us total, 12186 us display, type 3
[0;32mI (63544) PAD: report id 1 len 16: ab 84 3c 08 c7 88 61 7f 00 00 00 00 00 00 00 00 [0m
frame 1555: 28663 us total, 12536 us display, type 3
frame 1556: 28932 us total, 12042 us display, type 3
axes L   1195 -30590 R   2247   -159 T     0     0 level 1, 10 reports in 257 ms
frame 1557: 27758 us total, 11901 us display, type 3
frame 1558: 29008 us total, 12066 us display, type 3
frame 1559: 29156 us total, 11693 us display, type 3
frame 1560: 27843 us total, 11686 us display, type 3
frame 1561: 29012 us total, 11685 us display, type 3
frame 1562: 27674 us total, 12096 us display, type 3
frame 1563: 28878 us total, 12087 us display, type 3
frame 1564: 27578 us total, 11682 us display, type 3
[0;32mI (63814) PAD: report id 1 len 16: ab 84 9d 08 1d 88 61 7f 00 00 00 00 00 00 00 00 [0m
frame 1565: 30249 us total, 11685 us display, type 3
axes L   1195 -30563 R   2077   -159 T     0     0 level 1, 9 reports in 258 ms
frame 1566: 29516 us total, 12035 us display, type 3
frame 1567: 27168 us total, 11687 us display, type 3
frame 1568: 29360 us total, 11687 us display, type 3
frame 1569: 27713 us total, 11770 us display, type 3
frame 1570: 29093 us total, 11863 us display, type 3
frame 1571: 28083 us total, 11693 us display, type 3
frame 1572: 28733 us total, 11685 us display, type 3
frame 1573: 28563 us total, 12093 us display, type 3
[0;32mI (64084) PAD: report id 1 len 16: 1d 82 a9 09 2a 7f 47 80 00 00 00 00 00 00 00 00 [0m
frame 1574: 28762 us total, 12556 us display, type 3
axes L    541 -30295 R   -214     71 T     0     0 level 1, 9 reports in 257 ms
frame 1575: 28546 us total, 12101 us display, type 3
frame 1576: 28249 us total, 12087 us display, type 3
frame 1577: 28906 us total, 12016 us display, type 3
frame 1578: 28190 us total, 11694 us display, type 3
frame 1579: 29406 us total, 12232 us display, type 3
frame 1580: 28562 us total, 12211 us display, type 3
frame 1581: 27334 us total, 11693 us display, type 3
frame 1582: 28980 us total, 11692 us display, type 3
frame 1583: 28220 us total, 12052 us display, type 3
[0;32mI (64354) PAD: report id 1 len 16: 81 81 09 0a 59 7e 47 80 00 00 00 00 00 00 00 00 [0m
axes L    385 -30199 R   -423     71 T     0     0 level 1, 10 reports in 257 ms
frame 1584: 28920 us total, 11898 us display, type 3
frame 1585: 27459 us total, 11686 us display, type 3
frame 1586: 30035 us total, 11693 us display, type 3
frame 1587: 28831 us total, 11687 us display, type 3
frame 1588: 28248 us total, 11694 us display, type 3
frame 1589: 28949 us total, 11687 us display, type 3
frame 1590: 28271 us total, 12129 us display, type 3
frame 1591: 28525 us total, 12207 us display, type 3
frame 1592: 27746 us total, 11699 us display, type 3
[0;32mI (64609) PAD: report id 1 len 16: 81 81 44 0a 59 7e 47 80 00 00 00 00 00 00 00 00 [0m
axes L    385 -30140 R   -423     71 T     0     0 level 1, 9 reports in 257 ms
frame 1593: 29108 us total, 11693 us display, type 3
frame 1594: 28284 us total, 11685 us display, type 3
frame 1595: 28614 us total, 11886 us display, type 3
frame 1596: 28618 us total, 11686 us display, type 3
frame 1597: 28627 us total, 11687 us display, type 3
frame 1598: 29374 us total, 11687 us display, type 3
frame 1599: 27701 us total, 11687 us display, type 3
frame 1600: 28993 us total, 11687 us display, type 3
frame 1601: 29344 us total, 11687 us display, type 3
axes L    385 -30096 R   -423     71 T     0     0 level 1, 8 reports in 257 ms
[0;32mI (64879) PAD: report id 1 len 16: 81 81 a5 0a 59 7e 47 80 00 00 00 00 00 00 00 00 [0m
frame 1602: 28421 us total, 11694 us display, type 3
frame 1603: 28287 us total, 11686 us display, type 3
frame 1604: 27629 us total, 12096 us display, type 3
frame 1605: 28863 us total, 12091 us display, type 3
frame 1606: 28261 us total, 12098 us display, type 3
frame 1607: 28858 us total, 12083 us display, type 3
frame 1608: 29330 us total, 12091 us display, type 3
frame 1609: 27843 us total, 11967 us display, type 3
frame 1610: 29835 us total, 12324 us display, type 3
axes L    385 -29996 R   -423     71 T     0     0 level 1, 9 reports in 257 ms
[0;32mI (65149) PAD: report id 1 len 16: 81 81 d4 0a 59 7e 47 80 00 00 00 00 00 00 00 00 [0m
frame 1611: 28181 us total, 12729 us display, type 3
frame 1612: 28097 us total, 12156 us display, type 3
frame 1613: 27677 us total, 11693 us display, type 3
frame 1614: 28836 us total, 11693 us display, type 3
frame 1615: 28618 us total, 11687 us display, type 3
frame 1616: 28609 us total, 11740 us display, type 3
frame 1617: 28391 us total, 11687 us display, type 3
frame 1618: 28921 us total, 11687 us display, type 3
frame 1619: 29109 us total, 11694 us display, type 3
axes L    385 -29898 R   -513     71 T     0     0 level 1, 8 reports in 257 ms
frame 1620: 28152 us total, 11694 us display, type 3
[0;32mI (65419) PAD: report id 1 len 16: 81 81 36 0b 66 7c 47 80 00 00 00 00 00 00 00 00 [0m
frame 1621: 29140 us total, 11693 us display, type 3
frame 1622: 28692 us total, 11715 us display, type 3
frame 1623: 27896 us total, 11686 us display, type 3
frame 1624: 28959 us total, 11686 us display, type 3
frame 1625: 27621 us total, 12092 us display, type 3
frame 1626: 29139 us total, 12093 us display, type 3
frame 1627: 27853 us total, 12148 us display, type 3
frame 1628: 29231 us total, 12099 us display, type 3
axes L    385 -29848 R -24109   4530 T     0     0 level 1, 9 reports in 258 ms
frame 1629: 29837 us total, 12547 us display, type 3
[0;32mI (65689) PAD: report id 1 len 16: 81 81 68 0b bf 13 65 95 00 00 00 00 00 00 00 00 [0m
frame 1630: 28558 us total, 12792 us display, type 3
frame 1631: 28735 us total, 11899 us display, type 3
frame 1632: 29699 us total, 12160 us display, type 3
frame 1633: 33071 us total, 11941 us display, type 3
frame 1634: 28045 us total, 11886 us display, type 3
frame 1635: 28178 us total, 11894 us display, type 3
frame 1636: 28983 us total, 12149 us display, type 3
frame 1637: 29365 us total, 12272 us display, type 3
axes L    385 -29802 R  -8281   4161 T     0     0 level 1, 9 reports in 258 ms
frame 1638: 28764 us total, 11767 us display, type 3
frame 1639: 28330 us total, 11686 us display, type 3
[0;32mI (65959) PAD: report id 1 len 16: 81 81 cb 0b ed 6d 4a 8a 00 00 00 00 00 00 00 00 [0m
frame 1640: 29956 us total, 11686 us display, type 3
frame 1641: 29367 us total, 11693 us display, type 3
frame 1642: 29465 us total, 11686 us display, type 3
frame 1643: 30553 us total, 11692 us display, type 3
frame 1644: 29613 us total, 11685 us display, type 3
frame 1645: 30199 us total, 11693 us display, type 3
frame 1646: 30045 us total, 11693 us display, type 3
axes L    385 -29706 R -11063   1952 T     0     0 level 1, 8 reports in 266 ms
frame 1647: 30304 us total, 11693 us display, type 3
frame 1648: 30115 us total, 11692 us display, type 3
[0;32mI (66229) PAD: report id 1 len 16: 81 81 f6 0b 00 00 44 98 00 00 00 00 00 00 00 00 [0m
frame 1649: 30437 us total, 11693 us display, type 3
frame 1650: 30009 us total, 11693 us display, type 3
frame 1651: 30323 us total, 11699 us display, type 3
frame 1652: 30147 us total, 11699 us display, type 3
frame 1653: 31134 us total, 12088 us display, type 3
frame 1654: 29997 us total, 12323 us display, type 3
frame 1655: 29939 us total, 11834 us display, type 3
axes L    385 -29652 R -32768   8719 T     0     0 level 1, 10 reports in 275 ms
frame 1656: 30913 us total, 11736 us display, type 3
[0;32mI (66484) PAD: report id 1 len 16: 81 81 5a 0c 00 00 ca 9f 00 00 00 00 00 00 00 00 [0m
frame 1657: 31209 us total, 11687 us display, type 3
frame 1658: 30112 us total, 11694 us display, type 3
frame 1659: 29896 us total, 11687 us display, type 3
frame 1660: 29926 us total, 11704 us display, type 3
frame 1661: 29773 us total, 11693 us display, type 3
frame 1662: 30224 us total, 11738 us display, type 3
frame 1663: 29327 us total, 11686 us display, type 3
frame 1664: 28485 us total, 11701 us display, type 3
axes L    385 -29606 R   -466    487 T     0     0 level 1, 9 reports in 266 ms
frame 1665: 28383 us total, 11686 us display, type 3
[0;32mI (66754) PAD: report id 1 len 16: 81 81 90 0c 2e 7e 7d 80 00 00 00 00 00 00 00 00 [0m
frame 1666: 28876 us total, 13044 us display, type 3
frame 1667: 28191 us total, 12395 us display, type 3
frame 1668: 27643 us total, 11694 us display, type 3
frame 1669: 27446 us total, 11685 us display, type 3
frame 1670: 26640 us total, 11863 us display, type 3
frame 1671: 25344 us total, 11686 us display, type 3
frame 1672: 24732 us total, 11684 us display, type 3
frame 1673: 25015 us total, 11687 us display, type 3
frame 1674: 28994 us total, 11687 us display, type 3
axes L    385 -29508 R   -369    -93 T     0     0 level 1, 10 reports in 275 ms
frame 1675: 28513 us total, 11699 us display, type 3
[0;32mI (67024) PAD: report id 1 len 16: 81 81 bc 0c 8f 7e a3 7f 00 00 00 00 00 00 00 00 [0m
frame 1676: 28974 us total, 11692 us display, type 3
frame 1677: 28671 us total, 11693 us display, type 3
frame 1678: 28094 us total, 12544 us display, type 3
frame 1679: 28210 us total, 12086 us display, type 3
frame 1680: 28202 us total, 12073 us display, type 3
frame 1681: 29222 us total, 12007 us display, type 3
frame 1682: 28079 us total, 11893 us display, type 3
frame 1683: 28621 us total, 11886 us display, type 3
axes L    385 -29455 R   -369    -93 T     0     0 level 1, 9 reports in 258 ms
frame 1684: 29647 us total, 12041 us display, type 3
[0;32mI (67294) PAD: report id 1 len 16: 81 81 1d 0d 8f 7e a3 7f 00 00 00 00 00 00 00 00 [0m
frame 1685: 28101 us total, 12656 us display, type 3
frame 1686: 28058 us total, 11693 us display, type 3
frame 1687: 28273 us total, 11696 us display, type 3
frame 1688: 28370 us total, 11687 us display, type 3
frame 1689: 28046 us total, 11687 us display, type 3
frame 1690: 29707 us total, 11694 us display, type 3
frame 1691: 29098 us total, 11693 us display, type 3
frame 1692: 28485 us total, 11697 us display, type 3
axes L    385 -29411 R   -369    -93 T     0     0 level 1, 8 reports in 257 ms
frame 1693: 29005 us total, 11694 us display, type 3
frame 1694: 27603 us total, 11687 us display, type 3
[0;32mI (67564) PAD: report id 1 len 16: 81 81 51 0d 8f 7e a3 7f 00 00 00 00 00 00 00 00 [0m
frame 1695: 29465 us total, 11701 us display, type 3
frame 1696: 27715 us total, 11790 us display, type 3
frame 1697: 28936 us total, 11692 us display, type 3
frame 1698: 28802 us total, 11686 us display, type 3
frame 1699: 27711 us total, 12092 us display, type 3
frame 1700: 28805 us total, 12081 us display, type 3
frame 1701: 28471 us total, 11694 us display, type 3
axes L    385 -29311 R   -369    -93 T     0     0 level 1, 9 reports in 257 ms
frame 1702: 29948 us total, 11687 us display, type 3
frame 1703: 27033 us total, 11687 us display, type 3
[0;32mI (67819) PAD: report id 1 len 16: 81 81 81 0d 8f 7e a3 7f 00 00 00 00 00 00 00 00 [0m
frame 1704: 29552 us total, 11694 us display, type 3
frame 1705: 28851 us total, 11687 us display, type 3
frame 1706: 27808 us total, 11845 us display, type 3
frame 1707: 29084 us total, 11762 us display, type 3
frame 1708: 27818 us total, 11686 us display, type 3
frame 1709: 28072 us total, 11684 us display, type 3
frame 1710: 28026 us total, 11687 us display, type 3
axes L    385 -29263 R   -369   -121 T     0     0 level 1, 10 reports in 257 ms
frame 1711: 30071 us total, 11694 us display, type 3
frame 1712: 29519 us total, 12040 us display, type 3
[0;32mI (68074) PAD: report id 1 len 16: 81 81 b1 0d 8f 7e 87 7f 00 00 00 00 00 00 00 00 [0m
frame 1713: 27723 us total, 11693 us display, type 3
frame 1714: 28677 us total, 11686 us display, type 3
frame 1715: 27932 us total, 11687 us display, type 3
frame 1716: 28985 us total, 11815 us display, type 3
frame 1717: 28839 us total, 12265 us display, type 3
frame 1718: 27570 us total, 11692 us display, type 3
frame 1719: 29002 us total, 11693 us display, type 3
axes L    385 -29214 R   -369   -121 T     0     0 level 1, 9 reports in 256 ms
frame 1720: 28134 us total, 11694 us display, type 3
frame 1721: 28432 us total, 11687 us display, type 3
[0;32mI (68329) PAD: report id 1 len 16: 81 81 e2 0d 8f 7e 87 7f 00 00 00 00 00 00 00 00 [0m
frame 1722: 29812 us total, 11694 us display, type 3
frame 1723: 28362 us total, 11687 us display, type 3
frame 1724: 27797 us total, 11687 us display, type 3
frame 1725: 29088 us total, 11694 us display, type 3
frame 1726: 29003 us total, 11694 us display, type 3
frame 1727: 28054 us total, 11712 us display, type 3
frame 1728: 28833 us total, 11686 us display, type 3
axes L    385 -29161 R   -369   -121 T     0     0 level 1, 8 reports in 257 ms
frame 1729: 28540 us total, 11693 us display, type 3
frame 1730: 28042 us total, 12092 us display, type 3
[0;32mI (68599) PAD: report id 1 len 16: 81 81 17 0e 8f 7e 87 7f 00 00 00 00 00 00 00 00 [0m
frame 1731: 28426 us total, 12580 us display, type 3
frame 1732: 29484 us total, 12439 us display, type 3
frame 1733: 28386 us total, 12079 us display, type 3
frame 1734: 27885 us total, 11936 us display, type 3
frame 1735: 29812 us total, 12371 us display, type 3
frame 1736: 27260 us total, 12058 us display, type 3
frame 1737: 29290 us total, 12213 us display, type 3
axes L    385 -29118 R   -369   -121 T     0     0 level 1, 9 reports in 257 ms
frame 1738: 27854 us total, 11686 us display, type 3
frame 1739: 28444 us total, 11693 us display, type 3
frame 1740: 29065 us total, 11692 us display, type 3
[0;32mI (68869) PAD: report id 1 len 16: 81 81 78 0e 8f 7e 87 7f 00 00 00 00 00 00 00 00 [0m
frame 1741: 28128 us total, 12051 us display, type 3
frame 1742: 29039 us total, 11847 us display, type 3
frame 1743: 28365 us total, 11687 us display, type 3
frame 1744: 29153 us total, 11687 us display, type 3
frame 1745: 27885 us total, 11687 us display, type 3
frame 1746: 29015 us total, 11687 us display, type 3
axes L    385 -29064 R   -369   -121 T     0     0 level 1, 8 reports in 258 ms
frame 1747: 29532 us total, 11701 us display, type 3
frame 1748: 27561 us total, 11773 us display, type 3
frame 1749: 28820 us total, 11686 us display, type 3
[0;32mI (69139) PAD: report id 1 len 16: 81 81 a2 0e 8f 7e 87 7f 00 00 00 00 00 00 00 00 [0m
frame 1750: 28645 us total, 11693 us display, type 3
frame 1751: 27938 us total, 12093 us display, type 3
frame 1752: 27863 us total, 11689 us display, type 3
frame 1753: 30057 us total, 12289 us display, type 3
frame 1754: 28357 us total, 12091 us display, type 3
frame 1755: 27950 us total, 11929 us display, type 3
axes L    385 -29022 R   -369   -121 T     0     0 level 1, 9 reports in 257 ms
frame 1756: 29781 us total, 12269 us display, type 3
frame 1757: 27511 us total, 11687 us display, type 3
frame 1758: 28992 us total, 11748 us display, type 3
[0;32mI (69394) PAD: report id 1 len 16: 81 81 d9 0e 8f 7e 87 7f 00 00 00 00 00 00 00 00 [0m
frame 1759: 28612 us total, 11693 us display, type 3
frame 1760: 28302 us total, 11686 us display, type 3
frame 1761: 29056 us total, 11686 us display, type 3
frame 1762: 28294 us total, 12490 us display, type 3
frame 1763: 28173 us total, 12081 us display, type 3
frame 1764: 28364 us total, 12079 us display, type 3
axes L    385 -28926 R   -369   -121 T     0     0 level 1, 9 reports in 257 ms
frame 1765: 29698 us total, 12256 us display, type 3
frame 1766: 27123 us total, 11848 us display, type 3
frame 1767: 29051 us total, 11840 us display, type 3
[0;32mI (69664) PAD: report id 1 len 16: 81 81 02 0f 8f 7e 87 7f 00 00 00 00 00 00 00 00 [0m
frame 1768: 29737 us total, 12557 us display, type 3
frame 1769: 27045 us total, 11699 us display, type 3
frame 1770: 29402 us total, 11686 us display, type 3
frame 1771: 27790 us total, 11692 us display, type 3
frame 1772: 29118 us total, 12054 us display, type 3
frame 1773: 27284 us total, 11687 us display, type 3
axes L    385 -28871 R   -369   -121 T     0     0 level 1, 9 reports in 257 ms
frame 1774: 30561 us total, 11935 us display, type 3
frame 1775: 28250 us total, 11687 us display, type 3
frame 1776: 28051 us total, 11687 us display, type 3
frame 1777: 29283 us total, 11687 us display, type 3
[0;32mI (69934) PAD: report id 1 len 16: 81 81 39 0f 8f 7e 87 7f 00 00 00 00 00 00 00 00 [0m
frame 1778: 28342 us total, 11787 us display, type 3
frame 1779: 28430 us total, 12211 us display, type 3
frame 1780: 27498 us total, 11693 us display, type 3
frame 1781: 28932 us total, 11692 us display, type 3
frame 1782: 29391 us total, 11693 us display, type 3
axes L    385 -28829 R   -369   -121 T     0     0 level 1, 9 reports in 256 ms
frame 1783: 27748 us total, 11714 us display, type 3
frame 1784: 28931 us total, 12086 us display, type 3
frame 1785: 28397 us total, 11687 us display, type 3
frame 1786: 29346 us total, 11687 us display, type 3
[0;32mI (70189) PAD: report id 1 len 16: 81 81 9d 0f 8f 7e 87 7f 00 00 00 00 00 00 00 00 [0m
frame 1787: 28501 us total, 11755 us display, type 3
frame 1788: 27897 us total, 11905 us display, type 3
frame 1789: 29523 us total, 11686 us display, type 3
frame 1790: 27955 us total, 11856 us display, type 3
frame 1791: 28332 us total, 11693 us display, type 3
axes L    385 -28771 R   -369   -121 T     0     0 level 1, 8 reports in 257 ms
frame 1792: 29372 us total, 11692 us display, type 3
mem @frame 1792: heap free 66336, largest 40960, min ever 65508, zone free 55016, stack free 14540, uptime 70 s, gamestate 0, demo 0, usergame 1, tic 2362
frame 1793: 27585 us total, 12091 us display, type 3
frame 1794: 28057 us total, 12080 us display, type 3
frame 1795: 29181 us total, 12095 us display, type 3
[0;32mI (70459) PAD: report id 1 len 16: 81 81 c5 0f 8f 7e 87 7f 00 00 00 00 00 00 00 00 [0m
frame 1796: 29656 us total, 12577 us display, type 3
frame 1797: 27590 us total, 11937 us display, type 3
frame 1798: 28883 us total, 11860 us display, type 3
frame 1799: 28043 us total, 12063 us display, type 3
frame 1800: 29136 us total, 12202 us display, type 3
axes L    385 -28731 R   -369   -121 T     0     0 level 1, 9 reports in 257 ms
frame 1801: 28221 us total, 11686 us display, type 3
frame 1802: 28676 us total, 11699 us display, type 3
frame 1803: 28526 us total, 11692 us display, type 3
frame 1804: 28191 us total, 12026 us display, type 3
frame 1805: 28584 us total, 11687 us display, type 3
[0;32mI (70729) PAD: report id 1 len 16: 81 81 00 10 8f 7e 87 7f 00 00 00 00 00 00 00 00 [0m
frame 1806: 29553 us total, 11972 us display, type 3
frame 1807: 28656 us total, 11693 us display, type 3
frame 1808: 27600 us total, 11687 us display, type 3
frame 1809: 29037 us total, 11693 us display, type 3
axes L    385 -28635 R   -369   -121 T     0     0 level 1, 8 reports in 258 ms
frame 1810: 29492 us total, 11693 us display, type 3
frame 1811: 27402 us total, 11687 us display, type 3
frame 1812: 29425 us total, 11686 us display, type 3
frame 1813: 27782 us total, 11686 us display, type 3
frame 1814: 28388 us total, 12098 us display, type 3
[0;32mI (70999) PAD: report id 1 len 16: 81 81 25 10 8f 7e 87 7f 00 00 00 00 00 00 00 00 [0m
frame 1815: 28547 us total, 12573 us display, type 3
frame 1816: 28717 us total, 11691 us display, type 3
frame 1817: 29289 us total, 11687 us display, type 3
frame 1818: 27914 us total, 11687 us display, type 3
axes L    385 -28574 R   -369   -121 T     0     0 level 1, 9 reports in 257 ms
frame 1819: 29482 us total, 11694 us display, type 3
frame 1820: 27582 us total, 11687 us display, type 3
frame 1821: 29352 us total, 12147 us display, type 3
frame 1822: 27570 us total, 11686 us display, type 3
frame 1823: 28494 us total, 11692 us display, type 3
frame 1824: 29007 us total, 11692 us display, type 3
[0;32mI (71269) PAD: report id 1 len 16: 81 81 8a 10 8f 7e 87 7f 00 00 00 00 00 00 00 00 [0m
frame 1825: 28130 us total, 11838 us display, type 3
frame 1826: 28462 us total, 11686 us display, type 3
frame 1827: 29010 us total, 11687 us display, type 3
axes L    385 -28534 R   -369   -121 T     0     0 level 1, 9 reports in 257 ms
frame 1828: 29693 us total, 11915 us display, type 3
frame 1829: 27233 us total, 11687 us display, type 3
frame 1830: 29063 us total, 11686 us display, type 3
frame 1831: 29236 us total, 11687 us display, type 3
frame 1832: 28073 us total, 11703 us display, type 3
frame 1833: 28853 us total, 11870 us display, type 3
[0;32mI (71539) PAD: report id 1 len 16: 81 81 c2 10 8f 7e 87 7f 00 00 00 00 00 00 00 00 [0m
frame 1834: 28333 us total, 11692 us display, type 3
frame 1835: 27991 us total, 12094 us display, type 3
frame 1836: 27558 us total, 11690 us display, type 3
axes L    385 -28436 R   -369   -121 T     0     0 level 1, 10 reports in 257 ms
frame 1837: 30569 us total, 12029 us display, type 3
frame 1838: 28313 us total, 11687 us display, type 3
frame 1839: 27936 us total, 11687 us display, type 3
frame 1840: 29212 us total, 11687 us display, type 3
frame 1841: 27853 us total, 11687 us display, type 3
frame 1842: 29387 us total, 11694 us display, type 3
[0;32mI (71794) PAD: report id 1 len 16: 81 81 ec 10 8f 7e 87 7f 00 00 00 00 00 00 00 00 [0m
frame 1843: 28523 us total, 11899 us display, type 3
frame 1844: 27550 us total, 11692 us display, type 3
frame 1845: 29063 us total, 11699 us display, type 3
axes L    385 -28381 R   -369   -121 T     0     0 level 1, 9 reports in 256 ms
frame 1846: 28126 us total, 11693 us display, type 3
frame 1847: 28575 us total, 11687 us display, type 3
frame 1848: 28747 us total, 11694 us display, type 3
frame 1849: 29507 us total, 11937 us display, type 3
frame 1850: 27173 us total, 11851 us display, type 3
frame 1851: 29025 us total, 11846 us display, type 3
[0;32mI (72064) PAD: report id 1 len 16: 81 81 4d 11 8f 7e 87 7f 00 00 00 00 00 00 00 00 [0m
frame 1852: 30079 us total, 12540 us display, type 3
frame 1853: 27173 us total, 12141 us display, type 3
frame 1854: 28543 us total, 11692 us display, type 3
axes L    385 -28339 R   -369   -121 T     0     0 level 1, 9 reports in 257 ms
frame 1855: 28581 us total, 11686 us display, type 3
frame 1856: 28484 us total, 12055 us display, type 3
frame 1857: 28039 us total, 12085 us display, type 3
frame 1858: 29069 us total, 12086 us display, type 3
frame 1859: 29181 us total, 12084 us display, type 3
frame 1860: 27936 us total, 11936 us display, type 3
[0;32mI (72319) PAD: report id 1 len 16: 81 81 87 11 8f 7e 87 7f 00 00 00 00 00 00 00 00 [0m
frame 1861: 29596 us total, 12365 us display, type 3
frame 1862: 27784 us total, 12050 us display, type 3
frame 1863: 28845 us total, 12192 us display, type 3
axes L    385 -28243 R   -369   -121 T     0     0 level 1, 9 reports in 257 ms
frame 1864: 27941 us total, 11686 us display, type 3
frame 1865: 28603 us total, 11698 us display, type 3
frame 1866: 29000 us total, 11692 us display, type 3
frame 1867: 28090 us total, 11810 us display, type 3
frame 1868: 28502 us total, 11687 us display, type 3
frame 1869: 28885 us total, 11687 us display, type 3
frame 1870: 29229 us total, 11694 us display, type 3
[0;32mI (72589) PAD: report id 1 len 16: 81 81 e7 11 8f 7e 87 7f 00 00 00 00 00 00 00 00 [0m
frame 1871: 28333 us total, 11694 us display, type 3
frame 1872: 28803 us total, 11694 us display, type 3
axes L    385 -28185 R   -369   -121 T     0     0 level 1, 8 reports in 258 ms
frame 1873: 29145 us total, 11701 us display, type 3
frame 1874: 27641 us total, 11799 us display, type 3
frame 1875: 28813 us total, 11688 us display, type 3
frame 1876: 28177 us total, 11686 us display, type 3
frame 1877: 28457 us total, 12055 us display, type 3
frame 1878: 27527 us total, 11686 us display, type 3
frame 1879: 29841 us total, 11693 us display, type 3
[0;32mI (72844) PAD: report id 1 len 16: 81 81 13 12 8f 7e 87 7f 00 00 00 00 00 00 00 00 [0m
frame 1880: 29776 us total, 12024 us display, type 3
frame 1881: 27247 us total, 11687 us display, type 3
axes L    385 -28141 R   -369   -121 T     0     0 level 1, 9 reports in 257 ms
frame 1882: 29851 us total, 11693 us display, type 3
frame 1883: 27168 us total, 11687 us display, type 3
frame 1884: 29517 us total, 12149 us display, type 3
frame 1885: 27222 us total, 11693 us display, type 3
frame 1886: 28732 us total, 11693 us display, type 3
frame 1887: 29191 us total, 11696 us display, type 3
frame 1888: 27933 us total, 11873 us display, type 3
[0;32mI (73099) PAD: report id 1 len 16: 81 81 4e 12 8f 7e 87 7f 00 00 00 00 00 00 00 00 [0m
frame 1889: 29960 us total, 12092 us display, type 3
frame 1890: 27253 us total, 12084 us display, type 3
axes L    385 -28041 R   -369   -121 T     0     0 level 1, 10 reports in 257 ms
frame 1891: 29746 us total, 12269 us display, type 3
frame 1892: 28001 us total, 12372 us display, type 3
frame 1893: 28101 us total, 11942 us display, type 3
frame 1894: 29318 us total, 12062 us display, type 3
frame 1895: 27936 us total, 12091 us display, type 3
frame 1896: 28546 us total, 11692 us display, type 3
frame 1897: 28879 us total, 11686 us display, type 3
[0;32mI (73369) PAD: report id 1 len 16: 81 81 b0 12 8f 7e 87 7f 00 00 00 00 00 00 00 00 [0m
frame 1898: 28611 us total, 12592 us display, type 3
frame 1899: 27550 us total, 12081 us display, type 3
axes L    385 -27984 R   -369   -121 T     0     0 level 1, 9 reports in 257 ms
frame 1900: 29973 us total, 12534 us display, type 3
frame 1901: 28360 us total, 12087 us display, type 3
frame 1902: 28701 us total, 12302 us display, type 3
frame 1903: 28223 us total, 11851 us display, type 3
frame 1904: 28085 us total, 12064 us display, type 3
frame 1905: 29211 us total, 12201 us display, type 3
frame 1906: 27501 us total, 11693 us display, type 3
frame 1907: 29046 us total, 11692 us display, type 3
[0;32mI (73639) PAD: report id 1 len 16: 81 81 d8 12 8f 7e 87 7f 00 00 00 00 00 00 00 00 [0m
frame 1908: 28879 us total, 11692 us display, type 3
axes L    385 -27944 R   -369   -121 T     0     0 level 1, 9 reports in 257 ms
frame 1909: 28846 us total, 12417 us display, type 3
frame 1910: 28219 us total, 12084 us display, type 3
frame 1911: 28205 us total, 12076 us display, type 3
frame 1912: 29823 us total, 12127 us display, type 3
frame 1913: 27039 us total, 11842 us display, type 3
frame 1914: 29050 us total, 11896 us display, type 3
frame 1915: 29409 us total, 12082 us display, type 3
[0;32mI (73894) PAD: report id 1 len 16: 81 81 3d 13 8f 7e 87 7f 00 00 00 00 00 00 00 00 [0m
frame 1916: 28354 us total, 12672 us display, type 3
frame 1917: 28178 us total, 11693 us display, type 3
axes L    385 -27843 R   -369   -121 T     0     0 level 1, 9 reports in 257 ms
frame 1918: 28405 us total, 11686 us display, type 3
frame 1919: 28071 us total, 11687 us display, type 3
frame 1920: 28030 us total, 11692 us display, type 3
frame 1921: 29776 us total, 11701 us display, type 3
frame 1922: 29856 us total, 12069 us display, type 3
frame 1923: 27039 us total, 11932 us display, type 3
frame 1924: 28985 us total, 11856 us display, type 3
[0;32mI (74149) PAD: report id 1 len 16: 81 81 79 13 8f 7e 87 7f 00 00 00 00 00 00 00 00 [0m
frame 1925: 28612 us total, 12562 us display, type 3
frame 1926: 28625 us total, 12203 us display, type 3
axes L    385 -27783 R   -369   -121 T     0     0 level 1, 9 reports in 257 ms
frame 1927: 28075 us total, 11686 us display, type 3
frame 1928: 28951 us total, 11692 us display, type 3
frame 1929: 28922 us total, 11693 us display, type 3
frame 1930: 27714 us total, 12101 us display, type 3
frame 1931: 28835 us total, 12082 us display, type 3
frame 1932: 29035 us total, 12425 us display, type 3
frame 1933: 28496 us total, 12001 us display, type 3
[0;32mI (74404) PAD: report id 1 len 16: 81 81 9d 13 8f 7e 87 7f 00 00 00 00 00 00 00 00 [0m
frame 1934: 28057 us total, 12352 us display, type 3
frame 1935: 28574 us total, 11836 us display, type 3
axes L    385 -27686 R   -369   -121 T     0     0 level 1, 9 reports in 258 ms
frame 1936: 29642 us total, 12043 us display, type 3
frame 1937: 27613 us total, 12010 us display, type 3
frame 1938: 28604 us total, 11698 us display, type 3
frame 1939: 28118 us total, 11693 us display, type 3
frame 1940: 28472 us total, 11693 us display, type 3
frame 1941: 28044 us total, 11687 us display, type 3
frame 1942: 30520 us total, 12017 us display, type 3
frame 1943: 28334 us total, 11687 us display, type 3
[0;32mI (74674) PAD: report id 1 len 16: 81 81 00 14 8f 7e 87 7f 00 00 00 00 00 00 00 00 [0m
frame 1944: 28455 us total, 11693 us display, type 3
axes L    385 -27648 R   -369   -121 T     0     0 level 1, 8 reports in 257 ms
frame 1945: 29322 us total, 11809 us display, type 3
frame 1946: 27269 us total, 11687 us display, type 3
frame 1947: 29488 us total, 12153 us display, type 3
frame 1948: 27064 us total, 11693 us display, type 3
frame 1949: 28860 us total, 11693 us display, type 3
frame 1950: 29003 us total, 11693 us display, type 3
frame 1951: 28130 us total, 12002 us display, type 3
frame 1952: 29075 us total, 11938 us display, type 3
[0;32mI (74929) PAD: report id 1 len 16: 81 81 66 14 8f 7e 87 7f 00 00 00 00 00 00 00 00 [0m
frame 1953: 29062 us total, 11986 us display, type 3
axes L    385 -27546 R   -369   -121 T     0     0 level 1, 9 reports in 257 ms
frame 1954: 29029 us total, 11906 us display, type 3
frame 1955: 27271 us total, 11693 us display, type 3
frame 1956: 29022 us total, 11687 us display, type 3
frame 1957: 29245 us total, 11687 us display, type 3
frame 1958: 27848 us total, 11851 us display, type 3
frame 1959: 29054 us total, 11870 us display, type 3
frame 1960: 27851 us total, 11686 us display, type 3
frame 1961: 28442 us total, 12092 us display, type 3
[0;32mI (75199) PAD: report id 1 len 16: 81 81 9c 14 8f 7e 87 7f 00 00 00 00 00 00 00 00 [0m
frame 1962: 28883 us total, 12609 us display, type 3
axes L    385 -27492 R   -369   -121 T     0     0 level 1, 9 reports in 257 ms
frame 1963: 29092 us total, 12557 us display, type 3
frame 1964: 28402 us total, 12092 us display, type 3
frame 1965: 28101 us total, 11687 us display, type 3
frame 1966: 29172 us total, 11687 us display, type 3
frame 1967: 27981 us total, 11687 us display, type 3
frame 1968: 28934 us total, 11739 us display, type 3
frame 1969: 28235 us total, 11686 us display, type 3
frame 1970: 28623 us total, 11686 us display, type 3
[0;32mI (75454) PAD: report id 1 len 16: 81 81 ff 14 8f 7e 87 7f 00 00 00 00 00 00 00 00 [0m
frame 1971: 29549 us total, 11692 us display, type 3
axes L    385 -27393 R   -369   -121 T     0     0 level 1, 9 reports in 257 ms
frame 1972: 28091 us total, 12094 us display, type 3
frame 1973: 27941 us total, 12079 us display, type 3
frame 1974: 28363 us total, 12078 us display, type 3
frame 1975: 29109 us total, 11990 us display, type 3
frame 1976: 27643 us total, 11844 us display, type 3
frame 1977: 29161 us total, 11837 us display, type 3
frame 1978: 29140 us total, 12062 us display, type 3
frame 1979: 27991 us total, 12141 us display, type 3
frame 1980: 28550 us total, 11692 us display, type 3
[0;32mI (75724) PAD: report id 1 len 16: 81 81 28 15 8f 7e 87 7f 00 00 00 00 00 00 00 00 [0m
axes L    385 -27352 R   -369   -121 T     0     0 level 1, 9 reports in 257 ms
frame 1981: 28503 us total, 11692 us display, type 3
frame 1982: 28926 us total, 12055 us display, type 3
frame 1983: 27585 us total, 12115 us display, type 3
frame 1984: 29236 us total, 12091 us display, type 3
frame 1985: 28801 us total, 11743 us display, type 3
frame 1986: 28888 us total, 12090 us display, type 3
frame 1987: 28587 us total, 11890 us display, type 3
frame 1988: 28010 us total, 11687 us display, type 3
frame 1989: 29065 us total, 11740 us display, type 3
axes L    385 -27254 R   -369   -121 T     0     0 level 1, 9 reports in 257 ms
[0;32mI (75994) PAD: report id 1 len 16: 81 81 8a 15 8f 7e 87 7f 00 00 00 00 00 00 00 00 [0m
frame 1990: 29094 us total, 11837 us display, type 3
frame 1991: 27770 us total, 11686 us display, type 3
frame 1992: 29415 us total, 11686 us display, type 3
frame 1993: 27303 us total, 12091 us display, type 3
frame 1994: 28865 us total, 12082 us display, type 3
frame 1995: 28538 us total, 11686 us display, type 3
frame 1996: 29162 us total, 11687 us display, type 3
frame 1997: 27931 us total, 11687 us display, type 3
frame 1998: 28862 us total, 11686 us display, type 3
axes L    385 -27198 R   -369   -121 T     0     0 level 1, 9 reports in 258 ms
[0;32mI (76249) PAD: report id 1 len 16: 81 81 c2 15 8f 7e 87 7f 00 00 00 00 00 00 00 00 [0m
frame 1999: 30110 us total, 11687 us display, type 3
frame 2000: 27038 us total, 11807 us display, type 3
frame 2001: 28766 us total, 11686 us display, type 3
frame 2002: 28753 us total, 11694 us display, type 3
frame 2003: 27899 us total, 12100 us display, type 3
frame 2004: 27950 us total, 12084 us display, type 3
frame 2005: 29225 us total, 12097 us display, type 3
frame 2006: 29079 us total, 12082 us display, type 3
frame 2007: 28076 us total, 11942 us display, type 3
axes L    385 -27157 R   -369   -121 T     0     0 level 1, 9 reports in 257 ms
[0;32mI (76504) PAD: report id 1 len 16: 81 81 23 16 8f 7e 87 7f 00 00 00 00 00 00 00 00 [0m
frame 2008: 30113 us total, 11687 us display, type 3
frame 2009: 26973 us total, 11729 us display, type 3
frame 2010: 29078 us total, 11739 us display, type 3
frame 2011: 28169 us total, 11800 us display, type 3
frame 2012: 29132 us total, 11692 us display, type 3
frame 2013: 28669 us total, 11692 us display, type 3
frame 2014: 27604 us total, 12089 us display, type 3
frame 2015: 28908 us total, 12088 us display, type 3
frame 2016: 28279 us total, 12085 us display, type 3
axes L    385 -27057 R   -369   -121 T     0     0 level 1, 9 reports in 257 ms
[0;32mI (76774) PAD: report id 1 len 16: 81 81 4f 16 8f 7e 87 7f 00 00 00 00 00 00 00 00 [0m
frame 2017: 30247 us total, 12676 us display, type 3
frame 2018: 26609 us total, 11848 us display, type 3
frame 2019: 28983 us total, 11903 us display, type 3
frame 2020: 29392 us total, 12070 us display, type 3
frame 2021: 28100 us total, 11806 us display, type 3
frame 2022: 29131 us total, 11686 us display, type 3
frame 2023: 27973 us total, 11688 us display, type 3
frame 2024: 28242 us total, 12091 us display, type 3
frame 2025: 28039 us total, 12085 us display, type 3
axes L    385 -27005 R   -369   -121 T     0     0 level 1, 9 reports in 257 ms
[0;32mI (77029) PAD: report id 1 len 16: 81 81 83 16 8f 7e 87 7f 00 00 00 00 00 00 00 00 [0m
frame 2026: 30441 us total, 13029 us display, type 3
frame 2027: 28049 us total, 11694 us display, type 3
frame 2028: 27940 us total, 11687 us display, type 3
frame 2029: 29358 us total, 11687 us display, type 3
frame 2030: 27689 us total, 11687 us display, type 3
frame 2031: 29045 us total, 11697 us display, type 3
frame 2032: 28355 us total, 11693 us display, type 3
frame 2033: 28571 us total, 11686 us display, type 3
frame 2034: 28997 us total, 11686 us display, type 3
axes L    385 -26957 R   -369   -121 T     0     0 level 1, 9 reports in 257 ms
[0;32mI (77284) PAD: report id 1 len 16: 81 81 e8 16 8f 7e 87 7f 00 00 00 00 00 00 00 00 [0m
frame 2035: 28842 us total, 12899 us display, type 3
frame 2036: 27720 us total, 12085 us display, type 3
frame 2037: 28386 us total, 12071 us display, type 3
frame 2038: 29079 us total, 12005 us display, type 3
frame 2039: 27662 us total, 11850 us display, type 3
frame 2040: 28991 us total, 11896 us display, type 3
frame 2041: 29603 us total, 11687 us display, type 3
frame 2042: 28095 us total, 11696 us display, type 3
frame 2043: 28638 us total, 11686 us display, type 3
axes L    385 -26860 R   -369   -121 T     0     0 level 1, 9 reports in 257 ms
[0;32mI (77539) PAD: report id 1 len 16: 81 81 14 17 8f 7e 87 7f 00 00 00 00 00 00 00 00 [0m
frame 2044: 29175 us total, 11693 us display, type 3
frame 2045: 27301 us total, 12093 us display, type 3
frame 2046: 28034 us total, 12084 us display, type 3
frame 2047: 29270 us total, 12100 us display, type 3
frame 2048: 29052 us total, 12077 us display, type 3
mem @frame 2048: heap free 66336, largest 40960, min ever 65508, zone free 55016, stack free 14540, uptime 77 s, gamestate 0, demo 0, usergame 1, tic 2618
frame 2049: 27960 us total, 11928 us display, type 3
frame 2050: 29503 us total, 11687 us display, type 3
frame 2051: 27712 us total, 11687 us display, type 3
frame 2052: 29419 us total, 11694 us display, type 3
axes L    385 -26806 R   -369   -121 T     0     0 level 1, 9 reports in 257 ms
[0;32mI (77794) PAD: report id 1 len 16: 81 81 4a 17 8f 7e 87 7f 00 00 00 00 00 00 00 00 [0m
frame 2053: 28478 us total, 11694 us display, type 3
frame 2054: 28092 us total, 11686 us display, type 3
frame 2055: 29015 us total, 11686 us display, type 3
frame 2056: 27650 us total, 12100 us display, type 3
frame 2057: 29017 us total, 12093 us display, type 3
frame 2058: 28077 us total, 12072 us display, type 3
frame 2059: 29247 us total, 12001 us display, type 3
frame 2060: 27634 us total, 11848 us display, type 3
frame 2061: 29034 us total, 11889 us display, type 3
axes L    385 -26764 R   -369   -121 T     0     0 level 1, 9 reports in 258 ms
[0;32mI (78064) PAD: report id 1 len 16: 81 81 74 17 8f 7e 87 7f 00 00 00 00 00 00 00 00 [0m
frame 2062: 30514 us total, 12521 us display, type 3
frame 2063: 26734 us total, 12203 us display, type 3
frame 2064: 28560 us total, 11692 us display, type 3
frame 2065: 28669 us total, 11686 us display, type 3
frame 2066: 28371 us total, 12098 us display, type 3
frame 2067: 28172 us total, 12093 us display, type 3
frame 2068: 28982 us total, 12091 us display, type 3
frame 2069: 29169 us total, 12080 us display, type 3
frame 2070: 27947 us total, 11930 us display, type 3
axes L    385 -26709 R   -369   -121 T     0     0 level 1, 9 reports in 257 ms
[0;32mI (78319) PAD: report id 1 len 16: 81 81 d5 17 8f 7e 87 7f 00 00 00 00 00 00 00 00 [0m
frame 2071: 30281 us total, 12869 us display, type 3
frame 2072: 27116 us total, 12045 us display, type 3
frame 2073: 28804 us total, 12198 us display, type 3
frame 2074: 27621 us total, 11693 us display, type 3
frame 2075: 28939 us total, 11693 us display, type 3
frame 2076: 28862 us total, 11693 us display, type 3
frame 2077: 28193 us total, 11736 us display, type 3
frame 2078: 28508 us total, 11687 us display, type 3
frame 2079: 28843 us total, 11694 us display, type 3
axes L    385 -26667 R   -369   -121 T     0     0 level 1, 8 reports in 257 ms
frame 2080: 29810 us total, 11910 us display, type 3
[0;32mI (78589) PAD: report id 1 len 16: 81 81 d5 17 8f 7e 87 7f 00 00 00 00 00 00 00 00 [0m
frame 2081: 27688 us total, 11693 us display, type 3
frame 2082: 28950 us total, 11693 us display, type 3
frame 2083: 28759 us total, 11687 us display, type 3
frame 2084: 27989 us total, 11847 us display, type 3
frame 2085: 29080 us total, 11848 us display, type 3
frame 2086: 27953 us total, 11692 us display, type 3
frame 2087: 28459 us total, 12094 us display, type 3
frame 2088: 27918 us total, 12085 us display, type 3
axes L    385 -26607 R   -369   -121 T     0     0 level 1, 9 reports in 257 ms
frame 2089: 29413 us total, 12101 us display, type 3
[0;32mI (78859) PAD: report id 1 len 16: 81 81 38 18 8f 7e 87 7f 00 00 00 00 00 00 00 00 [0m
frame 2090: 29360 us total, 12563 us display, type 3
frame 2091: 27416 us total, 11936 us display, type 3
frame 2092: 29816 us total, 12082 us display, type 3
frame 2093: 27317 us total, 12056 us display, type 3
frame 2094: 29026 us total, 12193 us display, type 3
frame 2095: 27753 us total, 11700 us display, type 3
frame 2096: 28804 us total, 11692 us display, type 3
frame 2097: 29136 us total, 11693 us display, type 3
axes L    385 -26568 R   -369   -121 T     0     0 level 1, 9 reports in 257 ms
frame 2098: 28074 us total, 11693 us display, type 3
[0;32mI (79114) PAD: report id 1 len 16: 81 81 74 18 8f 7e 87 7f 00 00 00 00 00 00 00 00 [0m
frame 2099: 29292 us total, 12601 us display, type 3
frame 2100: 27856 us total, 12089 us display, type 3
frame 2101: 29708 us total, 12488 us display, type 3
frame 2102: 27511 us total, 11894 us display, type 3
frame 2103: 28619 us total, 11833 us display, type 3
frame 2104: 29406 us total, 12047 us display, type 3
frame 2105: 28086 us total, 11802 us display, type 3
frame 2106: 28831 us total, 11686 us display, type 3
axes L    385 -26472 R   -369   -121 T     0     0 level 1, 9 reports in 257 ms
frame 2107: 28631 us total, 11693 us display, type 3
[0;32mI (79369) PAD: report id 1 len 16: 81 81 98 18 8f 7e 87 7f 00 00 00 00 00 00 00 00 [0m
frame 2108: 28442 us total, 12580 us display, type 3
frame 2109: 27424 us total, 12080 us display, type 3
frame 2110: 29203 us total, 12092 us display, type 3
frame 2111: 29183 us total, 12077 us display, type 3
frame 2112: 28664 us total, 12407 us display, type 3
frame 2113: 28257 us total, 11856 us display, type 3
frame 2114: 28044 us total, 12053 us display, type 3
frame 2115: 29193 us total, 12210 us display, type 3
axes L    385 -26472 R   -369   -121 T     0     0 level 1, 9 reports in 257 ms
frame 2116: 27956 us total, 11686 us display, type 3
[0;32mI (79624) PAD: report id 1 len 16: 81 81 d6 18 8f 7e 87 7f 00 00 00 00 00 00 00 00 [0m
frame 2117: 29573 us total, 11693 us display, type 3
frame 2118: 28425 us total, 11686 us display, type 3
frame 2119: 27851 us total, 12100 us display, type 3
frame 2120: 28673 us total, 12082 us display, type 3
frame 2121: 28381 us total, 12082 us display, type 3
frame 2122: 29676 us total, 12347 us display, type 3
frame 2123: 27067 us total, 11847 us display, type 3
frame 2124: 29036 us total, 11895 us display, type 3
axes L    385 -26375 R   -369   -121 T     0     0 level 1, 9 reports in 258 ms
frame 2125: 29704 us total, 12058 us display, type 3
[0;32mI (79894) PAD: report id 1 len 16: 81 81 f9 18 8f 7e 87 7f 00 00 00 00 00 00 00 00 [0m
frame 2126: 28047 us total, 12590 us display, type 3
frame 2127: 28123 us total, 11693 us display, type 3
frame 2128: 28077 us total, 11692 us display, type 3
frame 2129: 28492 us total, 11694 us display, type 3
frame 2130: 28018 us total, 11687 us display, type 3
frame 2131: 29856 us total, 11687 us display, type 3
frame 2132: 29292 us total, 11686 us display, type 3
frame 2133: 27714 us total, 11687 us display, type 3
axes L    385 -26375 R   -369   -121 T     0     0 level 1, 8 reports in 257 ms
frame 2134: 29537 us total, 11693 us display, type 3
[0;32mI (80149) PAD: report id 1 len 16: 81 81 36 19 8f 7e 87 7f 00 00 00 00 00 00 00 00 [0m
frame 2135: 28560 us total, 12723 us display, type 3
frame 2136: 27899 us total, 12193 us display, type 3
frame 2137: 27748 us total, 11699 us display, type 3
frame 2138: 28752 us total, 11692 us display, type 3
frame 2139: 29049 us total, 11693 us display, type 3
frame 2140: 27651 us total, 11694 us display, type 3
frame 2141: 28931 us total, 11687 us display, type 3
frame 2142: 29630 us total, 12026 us display, type 3
axes L    385 -26314 R   -369   -121 T     0     0 level 1, 9 reports in 257 ms
frame 2143: 29047 us total, 11979 us display, type 3
frame 2144: 26732 us total, 11697 us display, type 3
[0;32mI (80419) PAD: report id 1 len 16: 81 81 5e 19 8f 7e 87 7f 00 00 00 00 00 00 00 00 [0m
frame 2145: 30073 us total, 11782 us display, type 3
frame 2146: 28375 us total, 12056 us display, type 3
frame 2147: 27948 us total, 11958 us display, type 3
frame 2148: 28490 us total, 11692 us display, type 3
frame 2149: 28208 us total, 11692 us display, type 3
frame 2150: 28495 us total, 11692 us display, type 3
frame 2151: 28013 us total, 11687 us display, type 3
axes L    385 -26274 R   -369   -121 T     0     0 level 1, 10 reports in 257 ms
frame 2152: 30551 us total, 11742 us display, type 3
frame 2153: 28222 us total, 11694 us display, type 3
[0;32mI (80674) PAD: report id 1 len 16: 81 81 5e 19 8f 7e 87 7f 00 00 00 00 00 00 00 00 [0m
frame 2154: 28575 us total, 11694 us display, type 3
frame 2155: 29002 us total, 11693 us display, type 3
frame 2156: 27796 us total, 11953 us display, type 3
frame 2157: 28868 us total, 12193 us display, type 3
frame 2158: 27604 us total, 11693 us display, type 3
frame 2159: 28716 us total, 11693 us display, type 3
frame 2160: 29066 us total, 11693 us display, type 3
axes L    385 -26212 R   -369   -121 T     0     0 level 1, 9 reports in 256 ms
frame 2161: 28076 us total, 11746 us display, type 3
frame 2162: 29077 us total, 11891 us display, type 3
[0;32mI (80929) PAD: report id 1 len 16: 81 81 9c 19 8f 7e 87 7f 00 00 00 00 00 00 00 00 [0m
frame 2163: 29059 us total, 11974 us display, type 3
frame 2164: 28762 us total, 11929 us display, type 3
frame 2165: 27207 us total, 11848 us display, type 3
frame 2166: 28955 us total, 11944 us display, type 3
frame 2167: 29523 us total, 12046 us display, type 3
frame 2168: 27726 us total, 12140 us display, type 3
frame 2169: 28573 us total, 11692 us display, type 3
axes L    385 -26177 R   -369   -121 T     0     0 level 1, 9 reports in 257 ms
frame 2170: 28695 us total, 11692 us display, type 3
frame 2171: 27864 us total, 11687 us display, type 3
[0;32mI (81184) PAD: report id 1 len 16: 81 81 bf 19 8f 7e 87 7f 00 00 00 00 00 00 00 00 [0m
frame 2172: 29560 us total, 11818 us display, type 3
frame 2173: 28289 us total, 11697 us display, type 3
frame 2174: 29067 us total, 11694 us display, type 3
frame 2175: 28110 us total, 11687 us display, type 3
frame 2176: 29205 us total, 11687 us display, type 3
frame 2177: 27869 us total, 11687 us display, type 3
frame 2178: 28920 us total, 11698 us display, type 3
axes L    385 -26116 R   -369   -121 T     0     0 level 1, 8 reports in 257 ms
frame 2179: 28338 us total, 11693 us display, type 3
frame 2180: 28577 us total, 11686 us display, type 3
[0;32mI (81454) PAD: report id 1 len 16: 81 81 fc 19 8f 7e 87 7f 00 00 00 00 00 00 00 00 [0m
frame 2181: 29486 us total, 11692 us display, type 3
frame 2182: 27867 us total, 12418 us display, type 3
frame 2183: 28223 us total, 12085 us display, type 3
frame 2184: 28199 us total, 12073 us display, type 3
frame 2185: 29531 us total, 11687 us display, type 3
frame 2186: 27751 us total, 11694 us display, type 3
frame 2187: 29102 us total, 11687 us display, type 3
axes L    385 -26081 R   -369   -121 T     0     0 level 1, 9 reports in 258 ms
frame 2188: 29399 us total, 11694 us display, type 3
frame 2189: 27382 us total, 11687 us display, type 3
[0;32mI (81709) PAD: report id 1 len 16: 81 81 1f 1a 8f 7e 87 7f 00 00 00 00 00 00 00 00 [0m
frame 2190: 29605 us total, 11695 us display, type 3
frame 2191: 27587 us total, 11693 us display, type 3
frame 2192: 29241 us total, 12572 us display, type 3
frame 2193: 27197 us total, 12083 us display, type 3
frame 2194: 29018 us total, 12081 us display, type 3
frame 2195: 29302 us total, 12078 us display, type 3
frame 2196: 27923 us total, 11930 us display, type 3
axes L    385 -26081 R   -369   -121 T     0     0 level 1, 9 reports in 257 ms
frame 2197: 29781 us total, 12159 us display, type 3
frame 2198: 27309 us total, 12059 us display, type 3
[0;32mI (81979) PAD: report id 1 len 16: 81 81 1f 1a 8f 7e 87 7f 00 00 00 00 00 00 00 00 [0m
frame 2199: 29582 us total, 12692 us display, type 3
frame 2200: 27134 us total, 11694 us display, type 3
frame 2201: 28918 us total, 11700 us display, type 3
frame 2202: 29764 us total, 11686 us display, type 3
frame 2203: 27392 us total, 12093 us display, type 3
frame 2204: 28833 us total, 12081 us display, type 3
frame 2205: 28343 us total, 12071 us display, type 3
axes L    385 -26018 R   -369   -121 T     0     0 level 1, 9 reports in 257 ms
frame 2206: 29714 us total, 12150 us display, type 3
frame 2207: 27144 us total, 11848 us display, type 3
[0;32mI (82234) PAD: report id 1 len 16: 81 81 5e 1a 8f 7e 87 7f 00 00 00 00 00 00 00 00 [0m
frame 2208: 29454 us total, 12362 us display, type 3
frame 2209: 29026 us total, 12048 us display, type 3
frame 2210: 27733 us total, 12142 us display, type 3
frame 2211: 28600 us total, 11699 us display, type 3
frame 2212: 28437 us total, 11693 us display, type 3
frame 2213: 28158 us total, 11692 us display, type 3
frame 2214: 28044 us total, 11687 us display, type 3
axes L    385 -25985 R   -369   -121 T     0     0 level 1, 9 reports in 257 ms
frame 2215: 30079 us total, 11693 us display, type 3
frame 2216: 28731 us total, 11687 us display, type 3
frame 2217: 28171 us total, 11687 us display, type 3
[0;32mI (82504) PAD: report id 1 len 16: 81 81 7f 1a 8f 7e 87 7f 00 00 00 00 00 00 00 00 [0m
frame 2218: 29639 us total, 11825 us display, type 3
frame 2219: 27265 us total, 11686 us display, type 3
frame 2220: 29021 us total, 11817 us display, type 3
frame 2221: 28170 us total, 11693 us display, type 3
frame 2222: 29167 us total, 11693 us display, type 3
frame 2223: 28582 us total, 11685 us display, type 3
axes L    385 -25985 R   -369   -121 T     0     0 level 1, 8 reports in 256 ms
frame 2224: 28343 us total, 12124 us display, type 3
frame 2225: 28204 us total, 12087 us display, type 3
frame 2226: 28437 us total, 11691 us display, type 3
[0;32mI (82759) PAD: report id 1 len 16: 81 81 bf 1a 8f 7e 87 7f 00 00 00 00 00 00 00 00 [0m
frame 2227: 29934 us total, 11694 us display, type 3
frame 2228: 27057 us total, 11694 us display, type 3
frame 2229: 29054 us total, 11687 us display, type 3
frame 2230: 29123 us total, 11688 us display, type 3
frame 2231: 28021 us total, 11870 us display, type 3
frame 2232: 29238 us total, 11693 us display, type 3
axes L    385 -25921 R   -369   -121 T     0     0 level 1, 9 reports in 257 ms
frame 2233: 28008 us total, 11692 us display, type 3
frame 2234: 28127 us total, 12093 us display, type 3
frame 2235: 27657 us total, 11685 us display, type 3
[0;32mI (83014) PAD: report id 1 len 16: 81 81 df 1a 8f 7e 87 7f 00 00 00 00 00 00 00 00 [0m
frame 2236: 30493 us total, 12063 us display, type 3
frame 2237: 28423 us total, 11694 us display, type 3
frame 2238: 27872 us total, 11687 us display, type 3
frame 2239: 29166 us total, 11687 us display, type 3
frame 2240: 27900 us total, 11687 us display, type 3
frame 2241: 29028 us total, 11815 us display, type 3
axes L    385 -25889 R   -369   -121 T     0     0 level 1, 9 reports in 257 ms
frame 2242: 28772 us total, 11694 us display, type 3
frame 2243: 28139 us total, 11686 us display, type 3
frame 2244: 29000 us total, 11685 us display, type 3
[0;32mI (83284) PAD: report id 1 len 16: 81 81 df 1a 8f 7e 87 7f 00 00 00 00 00 00 00 00 [0m
frame 2245: 28230 us total, 12580 us display, type 3
frame 2246: 28269 us total, 12113 us display, type 3
frame 2247: 28497 us total, 12086 us display, type 3
frame 2248: 29561 us total, 12472 us display, type 3
frame 2249: 27090 us total, 11846 us display, type 3
frame 2250: 29432 us total, 11687 us display, type 3
axes L    385 -25825 R   -369   -121 T     0     0 level 1, 9 reports in 258 ms
frame 2251: 29442 us total, 11694 us display, type 3
frame 2252: 27880 us total, 11702 us display, type 3
frame 2253: 28835 us total, 11871 us display, type 3
[0;32mI (83539) PAD: report id 1 len 16: 81 81 1f 1b 8f 7e 87 7f 00 00 00 00 00 00 00 00 [0m
frame 2254: 28525 us total, 11700 us display, type 3
frame 2255: 27812 us total, 12093 us display, type 3
frame 2256: 27951 us total, 12080 us display, type 3
frame 2257: 29279 us total, 12099 us display, type 3
frame 2258: 29104 us total, 12087 us display, type 3
frame 2259: 27800 us total, 11937 us display, type 3
axes L    385 -25825 R   -369   -121 T     0     0 level 1, 9 reports in 257 ms
frame 2260: 29883 us total, 12301 us display, type 3
frame 2261: 27266 us total, 12061 us display, type 3
frame 2262: 29514 us total, 12203 us display, type 3
frame 2263: 27328 us total, 11692 us display, type 3
[0;32mI (83809) PAD: report id 1 len 16: 81 81 1f 1b 8f 7e 87 7f 00 00 00 00 00 00 00 00 [0m
frame 2264: 29299 us total, 11686 us display, type 3
frame 2265: 29038 us total, 11686 us display, type 3
frame 2266: 27773 us total, 12100 us display, type 3
frame 2267: 28786 us total, 12085 us display, type 3
frame 2268: 28267 us total, 12080 us display, type 3
axes L    385 -25789 R   -369   -121 T     0     0 level 1, 9 reports in 257 ms
frame 2269: 29726 us total, 12132 us display, type 3
frame 2270: 27067 us total, 11849 us display, type 3
frame 2271: 29032 us total, 11851 us display, type 3
[0;32mI (84064) PAD: report id 1 len 16: 81 81 43 1b 8f 7e 87 7f 00 00 00 00 00 00 00 00 [0m
frame 2272: 30069 us total, 12527 us display, type 3
frame 2273: 27178 us total, 12129 us display, type 3
frame 2274: 28558 us total, 11693 us display, type 3
frame 2275: 28190 us total, 11699 us display, type 3
frame 2276: 28868 us total, 12055 us display, type 3
frame 2277: 27716 us total, 11694 us display, type 3
axes L    385 -25789 R   -369   -121 T     0     0 level 1, 9 reports in 257 ms
frame 2278: 29981 us total, 11694 us display, type 3
frame 2279: 28753 us total, 11687 us display, type 3
frame 2280: 27933 us total, 11694 us display, type 3
frame 2281: 29298 us total, 11687 us display, type 3
[0;32mI (84334) PAD: report id 1 len 16: 81 81 43 1b 8f 7e 87 7f 00 00 00 00 00 00 00 00 [0m
frame 2282: 28714 us total, 11764 us display, type 3
frame 2283: 28146 us total, 11749 us display, type 3
frame 2284: 28091 us total, 11686 us display, type 3
frame 2285: 28287 us total, 11700 us display, type 3
frame 2286: 29050 us total, 11692 us display, type 3
axes L    385 -25728 R   -369   -121 T     0     0 level 1, 9 reports in 256 ms
frame 2287: 28237 us total, 11701 us display, type 3
frame 2288: 28382 us total, 11687 us display, type 3
frame 2289: 28870 us total, 11687 us display, type 3
frame 2290: 29191 us total, 11693 us display, type 3
[0;32mI (84589) PAD: report id 1 len 16: 81 81 80 1b 8f 7e 87 7f 00 00 00 00 00 00 00 00 [0m
frame 2291: 28325 us total, 11694 us display, type 3
frame 2292: 28879 us total, 11694 us display, type 3
frame 2293: 28863 us total, 11694 us display, type 3
frame 2294: 27919 us total, 11803 us display, type 3
frame 2295: 28839 us total, 11686 us display, type 3
axes L    385 -25728 R   -369   -121 T     0     0 level 1, 8 reports in 257 ms
frame 2296: 28623 us total, 11693 us display, type 3
frame 2297: 28015 us total, 12050 us display, type 3
frame 2298: 27407 us total, 11687 us display, type 3
frame 2299: 29842 us total, 11701 us display, type 3
[0;32mI (84844) PAD: report id 1 len 16: 81 81 a5 1b 8f 7e 87 7f 00 00 00 00 00 00 00 00 [0m
frame 2300: 29852 us total, 12012 us display, type 3
frame 2301: 27248 us total, 11687 us display, type 3
frame 2302: 29536 us total, 11694 us display, type 3
frame 2303: 27461 us total, 11713 us display, type 3
frame 2304: 29077 us total, 11747 us display, type 3
mem @frame 2304: heap free 66336, largest 40960, min ever 65508, zone free 55016, stack free 14540, uptime 84 s, gamestate 0, demo 0, usergame 1, tic 2874
axes L    385 -25691 R   -369   -121 T     0     0 level 1, 9 reports in 257 ms
frame 2305: 28465 us total, 11693 us display, type 3
frame 2306: 28462 us total, 11686 us display, type 3
frame 2307: 29190 us total, 11693 us display, type 3
frame 2308: 27405 us total, 12098 us display, type 3
[0;32mI (85114) PAD: report id 1 len 16: 81 81 a5 1b 8f 7e 87 7f 00 00 00 00 00 00 00 00 [0m
frame 2309: 29427 us total, 12575 us display, type 3
frame 2310: 27816 us total, 12083 us display, type 3
frame 2311: 29185 us total, 12000 us display, type 3
frame 2312: 28550 us total, 12367 us display, type 3
frame 2313: 28103 us total, 11891 us display, type 3
axes L    385 -25691 R   -369   -121 T     0     0 level 1, 9 reports in 258 ms
frame 2314: 29998 us total, 12303 us display, type 3
frame 2315: 27256 us total, 12064 us display, type 3
frame 2316: 28491 us total, 11692 us display, type 3
frame 2317: 28520 us total, 11686 us display, type 3
frame 2318: 28179 us total, 11694 us display, type 3
[0;32mI (85384) PAD: report id 1 len 16: 81 81 e3 1b 8f 7e 87 7f 00 00 00 00 00 00 00 00 [0m
frame 2319: 29004 us total, 11688 us display, type 3
frame 2320: 28800 us total, 11687 us display, type 3
frame 2321: 28979 us total, 11694 us display, type 3
frame 2322: 28564 us total, 11693 us display, type 3
axes L    385 -25629 R   -369   -121 T     0     0 level 1, 8 reports in 257 ms
frame 2323: 29021 us total, 11693 us display, type 3
frame 2324: 27536 us total, 11687 us display, type 3
frame 2325: 29090 us total, 11693 us display, type 3
frame 2326: 28129 us total, 11841 us display, type 3
frame 2327: 28885 us total, 11686 us display, type 3
[0;32mI (85654) PAD: report id 1 len 16: 81 81 07 1c 8f 7e 87 7f 00 00 00 00 00 00 00 00 [0m
frame 2328: 29353 us total, 11693 us display, type 3
frame 2329: 27267 us total, 12096 us display, type 3
frame 2330: 28818 us total, 12085 us display, type 3
frame 2331: 28203 us total, 12073 us display, type 3
axes L    385 -25593 R   -369   -121 T     0     0 level 1, 9 reports in 257 ms
frame 2332: 29899 us total, 12053 us display, type 3
frame 2333: 26978 us total, 11853 us display, type 3
frame 2334: 29031 us total, 11869 us display, type 3
frame 2335: 29432 us total, 12082 us display, type 3
frame 2336: 27820 us total, 12198 us display, type 3
frame 2337: 28679 us total, 11695 us display, type 3
[0;32mI (85924) PAD: report id 1 len 16: 81 81 07 1c 8f 7e 87 7f 00 00 00 00 00 00 00 00 [0m
frame 2338: 28073 us total, 11696 us display, type 3
frame 2339: 28414 us total, 11687 us display, type 3
frame 2340: 28004 us total, 11687 us display, type 3
axes L    385 -25593 R   -369   -121 T     0     0 level 1, 9 reports in 257 ms
frame 2341: 30587 us total, 11964 us display, type 3
frame 2342: 29064 us total, 12058 us display, type 3
frame 2343: 27300 us total, 11693 us display, type 3
frame 2344: 29016 us total, 11687 us display, type 3
frame 2345: 27984 us total, 11686 us display, type 3
frame 2346: 29023 us total, 11740 us display, type 3
[0;32mI (86194) PAD: report id 1 len 16: 81 81 07 1c 8f 7e 87 7f 00 00 00 00 00 00 00 00 [0m
frame 2347: 28687 us total, 11694 us display, type 3
frame 2348: 28268 us total, 11686 us display, type 3
frame 2349: 28922 us total, 11686 us display, type 3
axes L    385 -25593 R   -369   -121 T     0     0 level 1, 8 reports in 256 ms
frame 2350: 28385 us total, 12423 us display, type 3
frame 2351: 28187 us total, 12084 us display, type 3
frame 2352: 29020 us total, 12422 us display, type 3
frame 2353: 28764 us total, 11687 us display, type 3
frame 2354: 27664 us total, 11694 us display, type 3
frame 2355: 29093 us total, 11687 us display, type 3
[0;32mI (86449) PAD: report id 1 len 16: 81 81 44 1c 8f 7e 87 7f 00 00 00 00 00 00 00 00 [0m
frame 2356: 29666 us total, 11694 us display, type 3
frame 2357: 27440 us total, 11732 us display, type 3
frame 2358: 29071 us total, 11889 us display, type 3
axes L    385 -25532 R   -369   -121 T     0     0 level 1, 9 reports in 257 ms
frame 2359: 28362 us total, 11699 us display, type 3
frame 2360: 27926 us total, 12099 us display, type 3
frame 2361: 27975 us total, 12079 us display, type 3
frame 2362: 29988 us total, 12573 us display, type 3
frame 2363: 28382 us total, 12073 us display, type 3
frame 2364: 27886 us total, 11937 us display, type 3
[0;32mI (86719) PAD: report id 1 len 16: 81 81 44 1c 8f 7e 87 7f 00 00 00 00 00 00 00 00 [0m
frame 2365: 29556 us total, 12351 us display, type 3
frame 2366: 27581 us total, 12053 us display, type 3
frame 2367: 29166 us total, 12201 us display, type 3
axes L    385 -25532 R   -369   -121 T     0     0 level 1, 9 reports in 257 ms
frame 2368: 28427 us total, 11692 us display, type 3
frame 2369: 28499 us total, 11686 us display, type 3
frame 2370: 29008 us total, 11686 us display, type 3
frame 2371: 27760 us total, 12089 us display, type 3
frame 2372: 29098 us total, 12112 us display, type 3
frame 2373: 27987 us total, 12072 us display, type 3
[0;32mI (86974) PAD: report id 1 len 16: 81 81 67 1c 8f 7e 87 7f 00 00 00 00 00 00 00 00 [0m
frame 2374: 29627 us total, 12495 us display, type 3
frame 2375: 27208 us total, 11853 us display, type 3
frame 2376: 29003 us total, 11844 us display, type 3
axes L    385 -25497 R   -369   -121 T     0     0 level 1, 9 reports in 258 ms
frame 2377: 29996 us total, 12287 us display, type 3
frame 2378: 27255 us total, 12134 us display, type 3
frame 2379: 28594 us total, 11699 us display, type 3
frame 2380: 28084 us total, 11699 us display, type 3
frame 2381: 28522 us total, 11687 us display, type 3
frame 2382: 28558 us total, 11892 us display, type 3
frame 2383: 29212 us total, 11701 us display, type 3
[0;32mI (87244) PAD: report id 1 len 16: 81 81 67 1c 8f 7e 87 7f 00 00 00 00 00 00 00 00 [0m
frame 2384: 29845 us total, 11940 us display, type 3
frame 2385: 27225 us total, 11694 us display, type 3
axes L    385 -25497 R   -369   -121 T     0     0 level 1, 8 reports in 257 ms
frame 2386: 29831 us total, 11821 us display, type 3
frame 2387: 27338 us total, 11687 us display, type 3
frame 2388: 28937 us total, 11751 us display, type 3
frame 2389: 28168 us total, 11753 us display, type 3
frame 2390: 28697 us total, 11686 us display, type 3
frame 2391: 29041 us total, 11686 us display, type 3
frame 2392: 28359 us total, 12434 us display, type 3
[0;32mI (87514) PAD: report id 1 len 16: 81 81 a4 1c 8f 7e 87 7f 00 00 00 00 00 00 00 00 [0m
frame 2393: 28664 us total, 12574 us display, type 3
frame 2394: 27893 us total, 12083 us display, type 3
axes L    385 -25436 R   -369   -121 T     0     0 level 1, 9 reports in 257 ms
frame 2395: 29673 us total, 12328 us display, type 3
frame 2396: 27071 us total, 11848 us display, type 3
frame 2397: 29110 us total, 11837 us display, type 3
frame 2398: 29294 us total, 12047 us display, type 3
frame 2399: 27886 us total, 12099 us display, type 3
frame 2400: 28482 us total, 11692 us display, type 3
frame 2401: 28203 us total, 11692 us display, type 3
frame 2402: 29285 us total, 12059 us display, type 3
[0;32mI (87784) PAD: report id 1 len 16: 81 81 a4 1c 8f 7e 87 7f 00 00 00 00 00 00 00 00 [0m
frame 2403: 28163 us total, 11687 us display, type 3
axes L    385 -25436 R   -369   -121 T     0     0 level 1, 9 reports in 257 ms
frame 2404: 29194 us total, 11693 us display, type 3
frame 2405: 28730 us total, 11687 us display, type 3
frame 2406: 28009 us total, 11687 us display, type 3
frame 2407: 29330 us total, 11687 us display, type 3
frame 2408: 27667 us total, 11732 us display, type 3
frame 2409: 29079 us total, 11748 us display, type 3
frame 2410: 28176 us total, 11815 us display, type 3
frame 2411: 28753 us total, 11686 us display, type 3
[0;32mI (88054) PAD: report id 1 len 16: 81 81 a4 1c 8f 7e 87 7f 00 00 00 00 00 00 00 00 [0m
frame 2412: 29913 us total, 11692 us display, type 3
axes L    385 -25436 R   -369   -121 T     0     0 level 1, 8 reports in 256 ms
frame 2413: 27421 us total, 12491 us display, type 3
frame 2414: 28177 us total, 12080 us display, type 3
frame 2415: 28348 us total, 12079 us display, type 3
frame 2416: 29408 us total, 11694 us display, type 3
frame 2417: 27926 us total, 11693 us display, type 3
frame 2418: 28750 us total, 11687 us display, type 3
frame 2419: 29365 us total, 11687 us display, type 3
frame 2420: 27856 us total, 11853 us display, type 3
[0;32mI (88309) PAD: report id 1 len 16: 81 81 cc 1c 8f 7e 87 7f 00 00 00 00 00 00 00 00 [0m
frame 2421: 29306 us total, 11693 us display, type 3
axes L    385 -25396 R   -369   -121 T     0     0 level 1, 9 reports in 257 ms
frame 2422: 28584 us total, 11686 us display, type 3
frame 2423: 27398 us total, 12093 us display, type 3
frame 2424: 28047 us total, 12079 us display, type 3
frame 2425: 29199 us total, 12094 us display, type 3
frame 2426: 29148 us total, 12088 us display, type 3
frame 2427: 28096 us total, 11937 us display, type 3
frame 2428: 28825 us total, 11848 us display, type 3
frame 2429: 28083 us total, 12053 us display, type 3
[0;32mI (88579) PAD: report id 1 len 16: 81 81 cc 1c 8f 7e 87 7f 00 00 00 00 00 00 00 00 [0m
frame 2430: 29702 us total, 12718 us display, type 3
axes L    385 -25396 R   -369   -121 T     0     0 level 1, 9 reports in 257 ms
frame 2431: 27341 us total, 11700 us display, type 3
frame 2432: 28949 us total, 11692 us display, type 3
frame 2433: 28647 us total, 11692 us display, type 3
frame 2434: 28122 us total, 11982 us display, type 3
frame 2435: 28586 us total, 11687 us display, type 3
frame 2436: 28703 us total, 11698 us display, type 3
frame 2437: 29484 us total, 11694 us display, type 3
frame 2438: 27629 us total, 11686 us display, type 3
frame 2439: 28989 us total, 11687 us display, type 3
axes L    385 -25396 R   -369   -121 T     0     0 level 1, 8 reports in 258 ms
[0;32mI (88849) PAD: report id 1 len 16: 81 81 08 1d 8f 7e 87 7f 00 00 00 00 00 00 00 00 [0m
frame 2440: 30066 us total, 11734 us display, type 3
frame 2441: 27088 us total, 11876 us display, type 3
frame 2442: 29230 us total, 11693 us display, type 3
frame 2443: 27794 us total, 11693 us display, type 3
frame 2444: 28272 us total, 12092 us display, type 3
frame 2445: 28101 us total, 12085 us display, type 3
frame 2446: 29112 us total, 12092 us display, type 3
frame 2447: 29310 us total, 12082 us display, type 3
frame 2448: 27822 us total, 11930 us display, type 3
axes L    385 -25336 R   -369   -121 T     0     0 level 1, 9 reports in 257 ms
[0;32mI (89119) PAD: report id 1 len 16: 81 81 08 1d 8f 7e 87 7f 00 00 00 00 00 00 00 00 [0m
frame 2449: 30281 us total, 12795 us display, type 3
frame 2450: 26777 us total, 12052 us display, type 3
frame 2451: 28638 us total, 11694 us display, type 3
frame 2452: 29429 us total, 11803 us display, type 3
frame 2453: 27601 us total, 11700 us display, type 3
frame 2454: 28890 us total, 11692 us display, type 3
frame 2455: 28199 us total, 11828 us display, type 3
frame 2456: 28503 us total, 11693 us display, type 3
frame 2457: 28962 us total, 11687 us display, type 3
axes L    385 -25336 R   -369   -121 T     0     0 level 1, 8 reports in 257 ms
frame 2458: 29696 us total, 11902 us display, type 3
[0;32mI (89389) PAD: report id 1 len 16: 81 81 2e 1d 8f 7e 87 7f 00 00 00 00 00 00 00 00 [0m
frame 2459: 27732 us total, 11694 us display, type 3
frame 2460: 28503 us total, 11687 us display, type 3
frame 2461: 29188 us total, 11687 us display, type 3
frame 2462: 28118 us total, 11694 us display, type 3
frame 2463: 28681 us total, 11686 us display, type 3
frame 2464: 28134 us total, 11686 us display, type 3
frame 2465: 28427 us total, 12094 us display, type 3
frame 2466: 28000 us total, 12083 us display, type 3
axes L    385 -25298 R   -369   -121 T     0     0 level 1, 9 reports in 257 ms
frame 2467: 29931 us total, 12512 us display, type 3
[0;32mI (89659) PAD: report id 1 len 16: 81 81 2e 1d 8f 7e 87 7f 00 00 00 00 00 00 00 00 [0m
frame 2468: 28854 us total, 12573 us display, type 3
frame 2469: 27426 us total, 11944 us display, type 3
frame 2470: 29014 us total, 11854 us display, type 3
frame 2471: 28120 us total, 12067 us display, type 3
frame 2472: 29403 us total, 12203 us display, type 3
frame 2473: 27325 us total, 11693 us display, type 3
frame 2474: 28847 us total, 11692 us display, type 3
frame 2475: 29047 us total, 11700 us display, type 3
axes L    385 -25298 R   -369   -121 T     0     0 level 1, 9 reports in 257 ms
frame 2476: 28127 us total, 11694 us display, type 3
frame 2477: 28599 us total, 11694 us display, type 3
[0;32mI (89929) PAD: report id 1 len 16: 81 81 2e 1d 8f 7e 87 7f 00 00 00 00 00 00 00 00 [0m
frame 2478: 29496 us total, 11988 us display, type 3
frame 2479: 28590 us total, 11687 us display, type 3
frame 2480: 27604 us total, 11687 us display, type 3
frame 2481: 29080 us total, 11687 us display, type 3
frame 2482: 29513 us total, 11699 us display, type 3
frame 2483: 27631 us total, 11856 us display, type 3
frame 2484: 29058 us total, 11870 us display, type 3
axes L    385 -25298 R   -369   -121 T     0     0 level 1, 8 reports in 257 ms
frame 2485: 28249 us total, 11693 us display, type 3
frame 2486: 28059 us total, 12099 us display, type 3
[0;32mI (90199) PAD: report id 1 len 16: 81 81 2e 1d 8f 7e 87 7f 00 00 00 00 00 00 00 00 [0m
frame 2487: 28598 us total, 12574 us display, type 3
frame 2488: 28523 us total, 12085 us display, type 3
frame 2489: 29248 us total, 12086 us display, type 3
frame 2490: 27796 us total, 11931 us display, type 3
frame 2491: 29297 us total, 11892 us display, type 3
frame 2492: 28202 us total, 12044 us display, type 3
frame 2493: 28792 us total, 12196 us display, type 3
axes L    385 -25238 R   -369   -121 T     0     0 level 1, 9 reports in 257 ms
frame 2494: 28011 us total, 11686 us display, type 3
frame 2495: 28458 us total, 11699 us display, type 3
frame 2496: 29038 us total, 11693 us display, type 3
[0;32mI (90469) PAD: report id 1 len 16: 81 81 6a 1d 8f 7e 87 7f 00 00 00 00 00 00 00 00 [0m
frame 2497: 28119 us total, 11909 us display, type 3
frame 2498: 28522 us total, 11687 us display, type 3
frame 2499: 28853 us total, 11687 us display, type 3
frame 2500: 29234 us total, 11686 us display, type 3
frame 2501: 27792 us total, 11686 us display, type 3
frame 2502: 29416 us total, 11693 us display, type 3
axes L    385 -25238 R   -369   -121 T     0     0 level 1, 8 reports in 258 ms
frame 2503: 29190 us total, 11694 us display, type 3
frame 2504: 27543 us total, 11852 us display, type 3
frame 2505: 29052 us total, 11871 us display, type 3
[0;32mI (90739) PAD: report id 1 len 16: 81 81 90 1d 8f 7e 87 7f 00 00 00 00 00 00 00 00 [0m
frame 2506: 28409 us total, 11692 us display, type 3
frame 2507: 28082 us total, 12096 us display, type 3
frame 2508: 27785 us total, 12121 us display, type 3
frame 2509: 29207 us total, 12093 us display, type 3
frame 2510: 29142 us total, 12085 us display, type 3
frame 2511: 27935 us total, 11931 us display, type 3
axes L    385 -25200 R   -369   -121 T     0     0 level 1, 9 reports in 257 ms
frame 2512: 29901 us total, 11910 us display, type 3
frame 2513: 27094 us total, 12036 us display, type 3
frame 2514: 29214 us total, 12192 us display, type 3
frame 2515: 27841 us total, 11700 us display, type 3
[0;32mI (91009) PAD: report id 1 len 16: 81 81 90 1d 8f 7e 87 7f 00 00 00 00 00 00 00 00 [0m
frame 2516: 28663 us total, 11692 us display, type 3
frame 2517: 29165 us total, 11693 us display, type 3
frame 2518: 27960 us total, 11944 us display, type 3
frame 2519: 28509 us total, 11694 us display, type 3
frame 2520: 28841 us total, 11694 us display, type 3
axes L    385 -25200 R   -369   -121 T     0     0 level 1, 8 reports in 257 ms
frame 2521: 29815 us total, 11953 us display, type 3
frame 2522: 27648 us total, 11693 us display, type 3
frame 2523: 28574 us total, 11687 us display, type 3
frame 2524: 29156 us total, 11687 us display, type 3
[0;32mI (91279) PAD: report id 1 len 16: 81 81 90 1d 8f 7e 87 7f 00 00 00 00 00 00 00 00 [0m
frame 2525: 28435 us total, 11708 us display, type 3
frame 2526: 28342 us total, 11685 us display, type 3
frame 2527: 28331 us total, 11693 us display, type 3
frame 2528: 28263 us total, 12100 us display, type 3
frame 2529: 27596 us total, 11685 us display, type 3
axes L    385 -25200 R   -369   -121 T     0     0 level 1, 9 reports in 257 ms
frame 2530: 30605 us total, 12093 us display, type 3
frame 2531: 28037 us total, 12077 us display, type 3
frame 2532: 28782 us total, 12359 us display, type 3
frame 2533: 28663 us total, 11686 us display, type 3
[0;32mI (91534) PAD: report id 1 len 16: 81 81 ca 1d 8f 7e 87 7f 00 00 00 00 00 00 00 00 [0m
frame 2534: 28219 us total, 11693 us display, type 3
frame 2535: 28648 us total, 11690 us display, type 3
frame 2536: 28163 us total, 11813 us display, type 3
frame 2537: 28895 us total, 11686 us display, type 3
frame 2538: 28913 us total, 11693 us display, type 3
axes L    385 -25142 R   -369   -121 T     0     0 level 1, 9 reports in 256 ms
frame 2539: 28288 us total, 12492 us display, type 3
frame 2540: 28171 us total, 12081 us display, type 3
frame 2541: 28330 us total, 12084 us display, type 3
frame 2542: 29733 us total, 12259 us display, type 3
[0;32mI (91804) PAD: report id 1 len 16: 81 81 ca 1d 8f 7e 87 7f 00 00 00 00 00 00 00 00 [0m
frame 2543: 27568 us total, 12302 us display, type 3
frame 2544: 28536 us total, 11954 us display, type 3
frame 2545: 29382 us total, 12089 us display, type 3
frame 2546: 27867 us total, 12120 us display, type 3
frame 2547: 28707 us total, 11692 us display, type 3
axes L    385 -25142 R   -369   -121 T     0     0 level 1, 9 reports in 257 ms
frame 2548: 28588 us total, 11685 us display, type 3
frame 2549: 27833 us total, 11687 us display, type 3
frame 2550: 28483 us total, 12084 us display, type 3
frame 2551: 29103 us total, 12082 us display, type 3
[0;32mI (92059) PAD: report id 1 len 16: 81 81 f0 1d 8f 7e 87 7f 00 00 00 00 00 00 00 00 [0m
frame 2552: 30412 us total, 12932 us display, type 3
frame 2553: 26742 us total, 11928 us display, type 3
frame 2554: 28921 us total, 11849 us display, type 3
frame 2555: 28173 us total, 12058 us display, type 3
frame 2556: 29100 us total, 12196 us display, type 3
axes L    385 -25104 R   -369   -121 T     0     0 level 1, 9 reports in 257 ms
frame 2557: 28920 us total, 12354 us display, type 3
frame 2558: 27628 us total, 11700 us display, type 3
frame 2559: 28939 us total, 11693 us display, type 3
frame 2560: 28139 us total, 12055 us display, type 3
mem @frame 2560: heap free 66336, largest 40960, min ever 65508, zone free 55016, stack free 14540, uptime 92 s, gamestate 0, demo 0, usergame 1, tic 3130
frame 2561: 28547 us total, 11687 us display, type 3
[0;32mI (92329) PAD: report id 1 len 16: 81 81 f0 1d 8f 7e 87 7f 00 00 00 00 00 00 00 00 [0m
frame 2562: 29665 us total, 11700 us display, type 3
frame 2563: 28425 us total, 11694 us display, type 3
frame 2564: 27777 us total, 11687 us display, type 3
frame 2565: 29024 us total, 11687 us display, type 3
axes L    385 -25104 R   -369   -121 T     0     0 level 1, 8 reports in 258 ms
frame 2566: 29485 us total, 11697 us display, type 3
frame 2567: 27630 us total, 11786 us display, type 3
frame 2568: 28842 us total, 11686 us display, type 3
frame 2569: 28115 us total, 11685 us display, type 3
frame 2570: 28405 us total, 12098 us display, type 3
[0;32mI (92599) PAD: report id 1 len 16: 81 81 f0 1d 8f 7e 87 7f 00 00 00 00 00 00 00 00 [0m
frame 2571: 28522 us total, 12579 us display, type 3
frame 2572: 28916 us total, 12109 us display, type 3
frame 2573: 28879 us total, 12085 us display, type 3
frame 2574: 27912 us total, 11935 us display, type 3
axes L    385 -25104 R   -369   -121 T     0     0 level 1, 9 reports in 257 ms
frame 2575: 29821 us total, 12279 us display, type 3
frame 2576: 27334 us total, 12063 us display, type 3
frame 2577: 29194 us total, 12206 us display, type 3
frame 2578: 27548 us total, 11693 us display, type 3
frame 2579: 28875 us total, 11700 us display, type 3
frame 2580: 28892 us total, 11692 us display, type 3
[0;32mI (92869) PAD: report id 1 len 16: 81 81 f0 1d 8f 7e 87 7f 00 00 00 00 00 00 00 00 [0m
frame 2581: 28193 us total, 12022 us display, type 3
frame 2582: 29289 us total, 12106 us display, type 3
frame 2583: 27939 us total, 12083 us display, type 3
axes L    385 -25046 R   -369   -121 T     0     0 level 1, 9 reports in 257 ms
frame 2584: 29725 us total, 12253 us display, type 3
frame 2585: 27044 us total, 11842 us display, type 3
frame 2586: 29064 us total, 11876 us display, type 3
frame 2587: 29076 us total, 11700 us display, type 3
frame 2588: 28294 us total, 11741 us display, type 3
frame 2589: 28493 us total, 11693 us display, type 3
[0;32mI (93124) PAD: report id 1 len 16: 81 81 2a 1e 8f 7e 87 7f 00 00 00 00 00 00 00 00 [0m
frame 2590: 28195 us total, 11692 us display, type 3
frame 2591: 28392 us total, 11693 us display, type 3
frame 2592: 28566 us total, 11898 us display, type 3
axes L    385 -25046 R   -369   -121 T     0     0 level 1, 9 reports in 257 ms
frame 2593: 29506 us total, 11691 us display, type 3
frame 2594: 28825 us total, 11687 us display, type 3
frame 2595: 27954 us total, 11694 us display, type 3
frame 2596: 29167 us total, 11687 us display, type 3
frame 2597: 27992 us total, 11687 us display, type 3
frame 2598: 28940 us total, 11734 us display, type 3
[0;32mI (93394) PAD: report id 1 len 16: 81 81 2a 1e 8f 7e 87 7f 00 00 00 00 00 00 00 00 [0m
frame 2599: 28594 us total, 11700 us display, type 3
frame 2600: 28307 us total, 11692 us display, type 3
frame 2601: 29005 us total, 11685 us display, type 3
axes L    385 -25046 R   -369   -121 T     0     0 level 1, 8 reports in 256 ms
frame 2602: 28429 us total, 12085 us display, type 3
frame 2603: 28078 us total, 12123 us display, type 3
frame 2604: 28351 us total, 12082 us display, type 3
frame 2605: 29708 us total, 12486 us display, type 3
frame 2606: 27104 us total, 11845 us display, type 3
frame 2607: 29173 us total, 11845 us display, type 3
[0;32mI (93649) PAD: report id 1 len 16: 81 81 54 1e 8f 7e 87 7f 00 00 00 00 00 00 00 00 [0m
frame 2608: 29776 us total, 11700 us display, type 3
frame 2609: 27563 us total, 11845 us display, type 3
frame 2610: 28828 us total, 11686 us display, type 3
axes L    385 -25004 R   -369   -121 T     0     0 level 1, 9 reports in 257 ms
frame 2611: 28513 us total, 11692 us display, type 3
frame 2612: 28907 us total, 12574 us display, type 3
frame 2613: 27087 us total, 12081 us display, type 3
frame 2614: 29140 us total, 12080 us display, type 3
frame 2615: 29286 us total, 12080 us display, type 3
frame 2616: 27773 us total, 11934 us display, type 3
[0;32mI (93919) PAD: report id 1 len 16: 81 81 54 1e 8f 7e 87 7f 00 00 00 00 00 00 00 00 [0m
frame 2617: 30347 us total, 12808 us display, type 3
frame 2618: 26812 us total, 12058 us display, type 3
frame 2619: 29138 us total, 12202 us display, type 3
axes L    385 -25004 R   -369   -121 T     0     0 level 1, 9 reports in 257 ms
frame 2620: 28017 us total, 11686 us display, type 3
frame 2621: 28402 us total, 11692 us display, type 3
frame 2622: 29430 us total, 11693 us display, type 3
frame 2623: 27774 us total, 12049 us display, type 3
frame 2624: 28514 us total, 11686 us display, type 3
frame 2625: 28919 us total, 11694 us display, type 3
frame 2626: 29187 us total, 11693 us display, type 3
[0;32mI (94189) PAD: report id 1 len 16: 81 81 54 1e 8f 7e 87 7f 00 00 00 00 00 00 00 00 [0m
frame 2627: 28555 us total, 11826 us display, type 3
frame 2628: 28281 us total, 11687 us display, type 3
axes L    385 -25004 R   -369   -121 T     0     0 level 1, 8 reports in 258 ms
frame 2629: 29517 us total, 11778 us display, type 3
frame 2630: 27339 us total, 12140 us display, type 3
frame 2631: 28547 us total, 11692 us display, type 3
frame 2632: 28507 us total, 11686 us display, type 3
frame 2633: 28560 us total, 12055 us display, type 3
frame 2634: 27514 us total, 11686 us display, type 3
frame 2635: 29860 us total, 11693 us display, type 3
[0;32mI (94444) PAD: report id 1 len 16: 81 81 8a 1e 8f 7e 87 7f 00 00 00 00 00 00 00 00 [0m
frame 2636: 29831 us total, 11975 us display, type 3
frame 2637: 27420 us total, 11687 us display, type 3
axes L    385 -24950 R   -369   -121 T     0     0 level 1, 9 reports in 257 ms
frame 2638: 29625 us total, 11879 us display, type 3
frame 2639: 27204 us total, 11738 us display, type 3
frame 2640: 29077 us total, 11755 us display, type 3
frame 2641: 28249 us total, 11686 us display, type 3
frame 2642: 29031 us total, 11685 us display, type 3
frame 2643: 28693 us total, 11693 us display, type 3
frame 2644: 27594 us total, 12098 us display, type 3
[0;32mI (94714) PAD: report id 1 len 16: 81 81 8a 1e 8f 7e 87 7f 00 00 00 00 00 00 00 00 [0m
frame 2645: 29410 us total, 12583 us display, type 3
frame 2646: 27847 us total, 12080 us display, type 3
axes L    385 -24950 R   -369   -121 T     0     0 level 1, 9 reports in 257 ms
frame 2647: 29672 us total, 12238 us display, type 3
frame 2648: 27075 us total, 11848 us display, type 3
frame 2649: 29033 us total, 11885 us display, type 3
frame 2650: 29374 us total, 12079 us display, type 3
frame 2651: 27880 us total, 12102 us display, type 3
frame 2652: 28845 us total, 11693 us display, type 3
frame 2653: 27916 us total, 11692 us display, type 3
[0;32mI (94969) PAD: report id 1 len 16: 81 81 b7 1e 8f 7e 87 7f 00 00 00 00 00 00 00 00 [0m
frame 2654: 29333 us total, 12585 us display, type 3
frame 2655: 27536 us total, 12089 us display, type 3
axes L    385 -24905 R   -369   -121 T     0     0 level 1, 9 reports in 257 ms
frame 2656: 29924 us total, 12546 us display, type 3
frame 2657: 28417 us total, 12086 us display, type 3
frame 2658: 27862 us total, 11935 us display, type 3
frame 2659: 29236 us total, 11892 us display, type 3
frame 2660: 27836 us total, 12051 us display, type 3
frame 2661: 29204 us total, 12208 us display, type 3
frame 2662: 27864 us total, 11693 us display, type 3
frame 2663: 28582 us total, 11692 us display, type 3
[0;32mI (95239) PAD: report id 1 len 16: 81 81 b7 1e 8f 7e 87 7f 00 00 00 00 00 00 00 00 [0m
frame 2664: 29048 us total, 11697 us display, type 3
axes L    385 -24905 R   -369   -121 T     0     0 level 1, 9 reports in 257 ms
frame 2665: 28082 us total, 11734 us display, type 3
frame 2666: 28545 us total, 11687 us display, type 3
frame 2667: 28910 us total, 11687 us display, type 3
frame 2668: 29164 us total, 11693 us display, type 3
frame 2669: 27828 us total, 11687 us display, type 3
frame 2670: 28892 us total, 11687 us display, type 3
frame 2671: 29205 us total, 11687 us display, type 3
frame 2672: 28241 us total, 11703 us display, type 3
[0;32mI (95509) PAD: report id 1 len 16: 81 81 b7 1e 8f 7e 87 7f 00 00 00 00 00 00 00 00 [0m
frame 2673: 29092 us total, 11692 us display, type 3
axes L    385 -24905 R   -369   -121 T     0     0 level 1, 8 reports in 257 ms
frame 2674: 28055 us total, 11692 us display, type 3
frame 2675: 27944 us total, 12095 us display, type 3
frame 2676: 28029 us total, 12081 us display, type 3
frame 2677: 29255 us total, 12095 us display, type 3
frame 2678: 29068 us total, 12079 us display, type 3
frame 2679: 27953 us total, 11929 us display, type 3
frame 2680: 28918 us total, 11849 us display, type 3
frame 2681: 28128 us total, 12052 us display, type 3
[0;32mI (95779) PAD: report id 1 len 16: 81 81 b7 1e 8f 7e 87 7f 00 00 00 00 00 00 00 00 [0m
frame 2682: 29953 us total, 12647 us display, type 3
axes L    385 -24905 R   -369   -121 T     0     0 level 1, 9 reports in 257 ms
frame 2683: 27885 us total, 11695 us display, type 3
frame 2684: 28368 us total, 11691 us display, type 3
frame 2685: 28933 us total, 11686 us display, type 3
frame 2686: 27668 us total, 12090 us display, type 3
frame 2687: 29005 us total, 12096 us display, type 3
frame 2688: 28185 us total, 12081 us display, type 3
frame 2689: 29681 us total, 12470 us display, type 3
frame 2690: 27104 us total, 11840 us display, type 3
[0;32mI (96034) PAD: report id 1 len 16: 81 81 ec 1e 8f 7e 87 7f 00 00 00 00 00 00 00 00 [0m
frame 2691: 29509 us total, 12342 us display, type 3
axes L    385 -24852 R   -369   -121 T     0     0 level 1, 9 reports in 258 ms
frame 2692: 29541 us total, 12017 us display, type 3
frame 2693: 27256 us total, 12204 us display, type 3
frame 2694: 28557 us total, 11692 us display, type 3
frame 2695: 28160 us total, 11692 us display, type 3
frame 2696: 28470 us total, 11694 us display, type 3
frame 2697: 28175 us total, 11686 us display, type 3
frame 2698: 29558 us total, 11694 us display, type 3
frame 2699: 29119 us total, 11694 us display, type 3
frame 2700: 28021 us total, 11687 us display, type 3
axes L    385 -24852 R   -369   -121 T     0     0 level 1, 8 reports in 257 ms
[0;32mI (96304) PAD: report id 1 len 16: 81 81 ec 1e 8f 7e 87 7f 00 00 00 00 00 00 00 00 [0m
frame 2701: 29992 us total, 11687 us display, type 3
frame 2702: 27475 us total, 11701 us display, type 3
frame 2703: 28615 us total, 11755 us display, type 3
frame 2704: 28176 us total, 11796 us display, type 3
frame 2705: 28816 us total, 11686 us display, type 3
frame 2706: 28907 us total, 11693 us display, type 3
frame 2707: 28367 us total, 12475 us display, type 3
frame 2708: 28174 us total, 12081 us display, type 3
frame 2709: 28326 us total, 12075 us display, type 3
axes L    385 -24807 R   -369   -121 T     0     0 level 1, 9 reports in 257 ms
[0;32mI (96574) PAD: report id 1 len 16: 81 81 19 1f 8f 7e 87 7f 00 00 00 00 00 00 00 00 [0m
frame 2710: 30231 us total, 12738 us display, type 3
frame 2711: 26537 us total, 11871 us display, type 3
frame 2712: 29381 us total, 11837 us display, type 3
frame 2713: 28991 us total, 12051 us display, type 3
frame 2714: 27954 us total, 12141 us display, type 3
frame 2715: 28628 us total, 11692 us display, type 3
frame 2716: 28013 us total, 11692 us display, type 3
frame 2717: 29042 us total, 12052 us display, type 3
frame 2718: 27508 us total, 11691 us display, type 3
axes L    385 -24807 R   -369   -121 T     0     0 level 1, 9 reports in 257 ms
frame 2719: 30146 us total, 11693 us display, type 3
[0;32mI (96844) PAD: report id 1 len 16: 81 81 19 1f 8f 7e 87 7f 00 00 00 00 00 00 00 00 [0m
frame 2720: 29481 us total, 11958 us display, type 3
frame 2721: 27226 us total, 11687 us display, type 3
frame 2722: 29534 us total, 11694 us display, type 3
frame 2723: 27556 us total, 11687 us display, type 3
frame 2724: 29011 us total, 11800 us display, type 3
frame 2725: 28265 us total, 11685 us display, type 3
frame 2726: 28658 us total, 11686 us display, type 3
frame 2727: 29136 us total, 11686 us display, type 3
axes L    385 -24807 R   -369   -121 T     0     0 level 1, 8 reports in 256 ms
frame 2728: 28202 us total, 12339 us display, type 3
[0;32mI (97114) PAD: report id 1 len 16: 81 81 19 1f 8f 7e 87 7f 00 00 00 00 00 00 00 00 [0m
frame 2729: 28642 us total, 12616 us display, type 3
frame 2730: 27864 us total, 12086 us display, type 3
frame 2731: 29205 us total, 12011 us display, type 3
frame 2732: 28000 us total, 11897 us display, type 3
frame 2733: 28640 us total, 11836 us display, type 3
frame 2734: 29453 us total, 12051 us display, type 3
frame 2735: 27787 us total, 12109 us display, type 3
frame 2736: 28541 us total, 11691 us display, type 3
axes L    385 -24756 R   -369   -121 T     0     0 level 1, 9 reports in 257 ms
frame 2737: 28653 us total, 11686 us display, type 3
frame 2738: 28411 us total, 12056 us display, type 3
[0;32mI (97384) PAD: report id 1 len 16: 81 81 4c 1f 8f 7e 87 7f 00 00 00 00 00 00 00 00 [0m
frame 2739: 28575 us total, 11694 us display, type 3
frame 2740: 28802 us total, 11693 us display, type 3
frame 2741: 29101 us total, 11687 us display, type 3
frame 2742: 28378 us total, 11694 us display, type 3
frame 2743: 28772 us total, 11687 us display, type 3
frame 2744: 27846 us total, 11687 us display, type 3
frame 2745: 29066 us total, 11707 us display, type 3
axes L    385 -24756 R   -369   -121 T     0     0 level 1, 8 reports in 257 ms
frame 2746: 28641 us total, 11694 us display, type 3
frame 2747: 28350 us total, 11685 us display, type 3
[0;32mI (97654) PAD: report id 1 len 16: 81 81 4c 1f 8f 7e 87 7f 00 00 00 00 00 00 00 00 [0m
frame 2748: 29418 us total, 11693 us display, type 3
frame 2749: 27184 us total, 12099 us display, type 3
frame 2750: 28856 us total, 12080 us display, type 3
frame 2751: 28356 us total, 12081 us display, type 3
frame 2752: 29689 us total, 12345 us display, type 3
frame 2753: 27058 us total, 11845 us display, type 3
frame 2754: 29047 us total, 11881 us display, type 3
axes L    385 -24756 R   -369   -121 T     0     0 level 1, 9 reports in 258 ms
frame 2755: 29727 us total, 12060 us display, type 3
frame 2756: 27521 us total, 12097 us display, type 3
frame 2757: 28677 us total, 11700 us display, type 3
[0;32mI (97924) PAD: report id 1 len 16: 81 81 79 1f 8f 7e 87 7f 00 00 00 00 00 00 00 00 [0m
frame 2758: 28018 us total, 11693 us display, type 3
frame 2759: 28918 us total, 12056 us display, type 3
frame 2760: 27523 us total, 11687 us display, type 3
frame 2761: 29958 us total, 11687 us display, type 3
frame 2762: 29337 us total, 11687 us display, type 3
frame 2763: 27645 us total, 11686 us display, type 3
axes L    385 -24711 R   -369   -121 T     0     0 level 1, 8 reports in 257 ms
frame 2764: 29803 us total, 11714 us display, type 3
frame 2765: 27194 us total, 11698 us display, type 3
frame 2766: 29083 us total, 11750 us display, type 3
[0;32mI (98194) PAD: report id 1 len 16: 81 81 79 1f 8f 7e 87 7f 00 00 00 00 00 00 00 00 [0m
frame 2767: 28708 us total, 11694 us display, type 3
frame 2768: 28209 us total, 11686 us display, type 3
frame 2769: 29050 us total, 11692 us display, type 3
frame 2770: 27588 us total, 12090 us display, type 3
frame 2771: 28878 us total, 12081 us display, type 3
frame 2772: 29037 us total, 12379 us display, type 3
axes L    385 -24711 R   -369   -121 T     0     0 level 1, 9 reports in 257 ms
frame 2773: 29026 us total, 12374 us display, type 3
frame 2774: 27077 us total, 11850 us display, type 3
frame 2775: 29024 us total, 11855 us display, type 3
[0;32mI (98464) PAD: report id 1 len 16: 81 81 79 1f 8f 7e 87 7f 00 00 00 00 00 00 00 00 [0m
frame 2776: 29787 us total, 12523 us display, type 3
frame 2777: 27468 us total, 11971 us display, type 3
frame 2778: 28489 us total, 11693 us display, type 3
frame 2779: 28232 us total, 11692 us display, type 3
frame 2780: 28473 us total, 11689 us display, type 3
frame 2781: 28000 us total, 11689 us display, type 3
axes L    385 -24711 R   -369   -121 T     0     0 level 1, 8 reports in 257 ms
frame 2782: 30444 us total, 12087 us display, type 3
frame 2783: 28397 us total, 11698 us display, type 3
frame 2784: 28017 us total, 11686 us display, type 3
frame 2785: 29288 us total, 11691 us display, type 3
[0;32mI (98734) PAD: report id 1 len 16: 81 81 ad 1f 8f 7e 87 7f 00 00 00 00 00 00 00 00 [0m
frame 2786: 28191 us total, 11699 us display, type 3
frame 2787: 28693 us total, 11687 us display, type 3
frame 2788: 28095 us total, 11805 us display, type 3
frame 2789: 28760 us total, 11685 us display, type 3
frame 2790: 29040 us total, 11693 us display, type 3
axes L    385 -24659 R   -369   -121 T     0     0 level 1, 9 reports in 257 ms
frame 2791: 28291 us total, 12497 us display, type 3
frame 2792: 28562 us total, 12103 us display, type 3
frame 2793: 27942 us total, 12077 us display, type 3
frame 2794: 29725 us total, 12347 us display, type 3
[0;32mI (99004) PAD: report id 1 len 16: 81 81 ad 1f 8f 7e 87 7f 00 00 00 00 00 00 00 00 [0m
frame 2795: 27627 us total, 12321 us display, type 3
frame 2796: 28479 us total, 11951 us display, type 3
frame 2797: 29445 us total, 12054 us display, type 3
frame 2798: 27813 us total, 12143 us display, type 3
frame 2799: 28522 us total, 11699 us display, type 3
axes L    385 -24659 R   -369   -121 T     0     0 level 1, 9 reports in 257 ms
frame 2800: 28554 us total, 11686 us display, type 3
frame 2801: 28108 us total, 11694 us display, type 3
frame 2802: 28573 us total, 11863 us display, type 3
frame 2803: 29240 us total, 11687 us display, type 3
frame 2804: 28973 us total, 11697 us display, type 3
[0;32mI (99274) PAD: report id 1 len 16: 81 81 ad 1f 8f 7e 87 7f 00 00 00 00 00 00 00 00 [0m
frame 2805: 28839 us total, 11907 us display, type 3
frame 2806: 28416 us total, 11687 us display, type 3
frame 2807: 27984 us total, 11687 us display, type 3
frame 2808: 28932 us total, 11704 us display, type 3
axes L    385 -24659 R   -369   -121 T     0     0 level 1, 8 reports in 257 ms
frame 2809: 28394 us total, 11693 us display, type 3
frame 2810: 28529 us total, 11686 us display, type 3
frame 2811: 29052 us total, 11687 us display, type 3
frame 2812: 28296 us total, 12498 us display, type 3
frame 2813: 28166 us total, 12079 us display, type 3
[0;32mI (99544) PAD: report id 1 len 16: 81 81 ad 1f 8f 7e 87 7f 00 00 00 00 00 00 00 00 [0m
frame 2814: 28810 us total, 12570 us display, type 3
frame 2815: 28729 us total, 12008 us display, type 3
frame 2816: 27636 us total, 11850 us display, type 3
mem @frame 2816: heap free 66336, largest 40960, min ever 65508, zone free 55016, stack free 14540, uptime 99 s, gamestate 0, demo 0, usergame 1, tic 3386
frame 2817: 29007 us total, 11834 us display, type 3
axes L    385 -24659 R   -369   -121 T     0     0 level 1, 9 reports in 258 ms
frame 2818: 29633 us total, 12038 us display, type 3
frame 2819: 27606 us total, 12123 us display, type 3
frame 2820: 28548 us total, 11693 us display, type 3
frame 2821: 28193 us total, 11699 us display, type 3
frame 2822: 29115 us total, 12054 us display, type 3
frame 2823: 27339 us total, 11686 us display, type 3
[0;32mI (99814) PAD: report id 1 len 16: 81 81 de 1f 8f 7e 87 7f 00 00 00 00 00 00 00 00 [0m
frame 2824: 30562 us total, 12047 us display, type 3
frame 2825: 28300 us total, 11687 us display, type 3
frame 2826: 28053 us total, 11694 us display, type 3
axes L    385 -24610 R   -369   -121 T     0     0 level 1, 8 reports in 257 ms
frame 2827: 29756 us total, 11877 us display, type 3
frame 2828: 27239 us total, 11693 us display, type 3
frame 2829: 29037 us total, 11694 us display, type 3
frame 2830: 28198 us total, 11685 us display, type 3
frame 2831: 28720 us total, 11685 us display, type 3
frame 2832: 29388 us total, 11692 us display, type 3
[0;32mI (100084) PAD: report id 1 len 16: 81 81 de 1f 8f 7e 87 7f 00 00 00 00 00 00 00 00 [0m
frame 2833: 27805 us total, 12594 us display, type 3
frame 2834: 28383 us total, 12085 us display, type 3
frame 2835: 28247 us total, 12084 us display, type 3
axes L    385 -24610 R   -369   -121 T     0     0 level 1, 9 reports in 257 ms
frame 2836: 29760 us total, 12234 us display, type 3
frame 2837: 27199 us total, 11853 us display, type 3
frame 2838: 28908 us total, 11889 us display, type 3
frame 2839: 29544 us total, 12042 us display, type 3
frame 2840: 27703 us total, 12203 us display, type 3
frame 2841: 28561 us total, 11692 us display, type 3
frame 2842: 28800 us total, 11686 us display, type 3
[0;32mI (100354) PAD: report id 1 len 16: 81 81 0d 20 8f 7e 87 7f 00 00 00 00 00 00 00 00 [0m
frame 2843: 27828 us total, 11694 us display, type 3
frame 2844: 28048 us total, 11687 us display, type 3
axes L    385 -24563 R   -369   -121 T     0     0 level 1, 9 reports in 257 ms
frame 2845: 30037 us total, 11686 us display, type 3
frame 2846: 28769 us total, 11693 us display, type 3
frame 2847: 28176 us total, 11686 us display, type 3
frame 2848: 29046 us total, 11693 us display, type 3
frame 2849: 27866 us total, 11687 us display, type 3
frame 2850: 29014 us total, 11743 us display, type 3
frame 2851: 28250 us total, 11685 us display, type 3
[0;32mI (100624) PAD: report id 1 len 16: 81 81 0d 20 8f 7e 87 7f 00 00 00 00 00 00 00 00 [0m
frame 2852: 29568 us total, 11700 us display, type 3
frame 2853: 28073 us total, 11693 us display, type 3
axes L    385 -24563 R   -369   -121 T     0     0 level 1, 8 reports in 256 ms
frame 2854: 28374 us total, 12420 us display, type 3
frame 2855: 28208 us total, 12087 us display, type 3
frame 2856: 28297 us total, 12087 us display, type 3
frame 2857: 29703 us total, 12421 us display, type 3
frame 2858: 27063 us total, 11857 us display, type 3
frame 2859: 29066 us total, 11882 us display, type 3
frame 2860: 29323 us total, 12087 us display, type 3
[0;32mI (100894) PAD: report id 1 len 16: 81 81 0d 20 8f 7e 87 7f 00 00 00 00 00 00 00 00 [0m
frame 2861: 28392 us total, 12609 us display, type 3
frame 2862: 28502 us total, 11700 us display, type 3
axes L    385 -24563 R   -369   -121 T     0     0 level 1, 9 reports in 257 ms
frame 2863: 28083 us total, 11693 us display, type 3
frame 2864: 28148 us total, 11693 us display, type 3
frame 2865: 28077 us total, 11687 us display, type 3
frame 2866: 29675 us total, 11694 us display, type 3
frame 2867: 29217 us total, 11687 us display, type 3
frame 2868: 27895 us total, 11687 us display, type 3
frame 2869: 29164 us total, 11687 us display, type 3
frame 2870: 27917 us total, 11687 us display, type 3
[0;32mI (101164) PAD: report id 1 len 16: 81 81 0d 20 8f 7e 87 7f 00 00 00 00 00 00 00 00 [0m
frame 2871: 29370 us total, 11694 us display, type 3
axes L    385 -24563 R   -369   -121 T     0     0 level 1, 8 reports in 257 ms
frame 2872: 28409 us total, 11694 us display, type 3
frame 2873: 28142 us total, 11685 us display, type 3
frame 2874: 28996 us total, 11686 us display, type 3
frame 2875: 27758 us total, 12102 us display, type 3
frame 2876: 28742 us total, 12108 us display, type 3
frame 2877: 28492 us total, 12090 us display, type 3
frame 2878: 29579 us total, 12449 us display, type 3
frame 2879: 27067 us total, 11844 us display, type 3
[0;32mI (101434) PAD: report id 1 len 16: 81 81 3f 20 8f 7e 87 7f 00 00 00 00 00 00 00 00 [0m
frame 2880: 29538 us total, 12328 us display, type 3
axes L    385 -24513 R   -369   -121 T     0     0 level 1, 9 reports in 258 ms
frame 2881: 29141 us total, 12035 us display, type 3
frame 2882: 27626 us total, 11775 us display, type 3
frame 2883: 28605 us total, 11697 us display, type 3
frame 2884: 28019 us total, 11693 us display, type 3
frame 2885: 28598 us total, 11687 us display, type 3
frame 2886: 27973 us total, 11694 us display, type 3
frame 2887: 29891 us total, 11687 us display, type 3
frame 2888: 28995 us total, 11687 us display, type 3
frame 2889: 27919 us total, 11687 us display, type 3
axes L    385 -24513 R   -369   -121 T     0     0 level 1, 8 reports in 257 ms
[0;32mI (101704) PAD: report id 1 len 16: 81 81 3f 20 8f 7e 87 7f 00 00 00 00 00 00 00 00 [0m
frame 2890: 30075 us total, 11687 us display, type 3
frame 2891: 26999 us total, 11687 us display, type 3
frame 2892: 29387 us total, 11694 us display, type 3
frame 2893: 27860 us total, 11742 us display, type 3
frame 2894: 28686 us total, 11686 us display, type 3
frame 2895: 29104 us total, 11692 us display, type 3
frame 2896: 27608 us total, 12093 us display, type 3
frame 2897: 29022 us total, 12101 us display, type 3
frame 2898: 28211 us total, 12077 us display, type 3
axes L    385 -24513 R   -369   -121 T     0     0 level 1, 9 reports in 257 ms
[0;32mI (101974) PAD: report id 1 len 16: 81 81 3f 20 8f 7e 87 7f 00 00 00 00 00 00 00 00 [0m
frame 2899: 30156 us total, 12701 us display, type 3
frame 2900: 26604 us total, 11847 us display, type 3
frame 2901: 29417 us total, 11687 us display, type 3
frame 2902: 29578 us total, 11694 us display, type 3
frame 2903: 27530 us total, 11846 us display, type 3
frame 2904: 28838 us total, 11686 us display, type 3
frame 2905: 28343 us total, 11686 us display, type 3
frame 2906: 28240 us total, 12094 us display, type 3
frame 2907: 28008 us total, 12094 us display, type 3
axes L    385 -24467 R   -369   -121 T     0     0 level 1, 9 reports in 257 ms
[0;32mI (102229) PAD: report id 1 len 16: 81 81 6d 20 8f 7e 87 7f 00 00 00 00 00 00 00 00 [0m
frame 2908: 30368 us total, 13052 us display, type 3
frame 2909: 27877 us total, 12083 us display, type 3
frame 2910: 27942 us total, 11934 us display, type 3
frame 2911: 29068 us total, 11856 us display, type 3
frame 2912: 28290 us total, 12050 us display, type 3
frame 2913: 28844 us total, 12192 us display, type 3
frame 2914: 27627 us total, 11693 us display, type 3
frame 2915: 28923 us total, 11699 us display, type 3
frame 2916: 29003 us total, 11693 us display, type 3
axes L    385 -24467 R   -369   -121 T     0     0 level 1, 9 reports in 257 ms
frame 2917: 28140 us total, 11701 us display, type 3
[0;32mI (102499) PAD: report id 1 len 16: 81 81 6d 20 8f 7e 87 7f 00 00 00 00 00 00 00 00 [0m
frame 2918: 29447 us total, 11687 us display, type 3
frame 2919: 27842 us total, 11694 us display, type 3
frame 2920: 29255 us total, 11687 us display, type 3
frame 2921: 27847 us total, 11687 us display, type 3
frame 2922: 29292 us total, 11687 us display, type 3
frame 2923: 28846 us total, 11687 us display, type 3
frame 2924: 27959 us total, 11809 us display, type 3
frame 2925: 28809 us total, 11693 us display, type 3
axes L    385 -24467 R   -369   -121 T     0     0 level 1, 8 reports in 257 ms
frame 2926: 28503 us total, 11692 us display, type 3
[0;32mI (102769) PAD: report id 1 len 16: 81 81 6d 20 8f 7e 87 7f 00 00 00 00 00 00 00 00 [0m
frame 2927: 28634 us total, 12561 us display, type 3
frame 2928: 27408 us total, 12080 us display, type 3
frame 2929: 29184 us total, 12092 us display, type 3
frame 2930: 29068 us total, 12076 us display, type 3
frame 2931: 27993 us total, 11937 us display, type 3
frame 2932: 29811 us total, 12107 us display, type 3
frame 2933: 27277 us total, 12065 us display, type 3
frame 2934: 29186 us total, 12204 us display, type 3
axes L    385 -24417 R   -369   -121 T     0     0 level 1, 9 reports in 257 ms
frame 2935: 27937 us total, 11692 us display, type 3
frame 2936: 28515 us total, 11693 us display, type 3
[0;32mI (103039) PAD: report id 1 len 16: 81 81 9f 20 8f 7e 87 7f 00 00 00 00 00 00 00 00 [0m
frame 2937: 29166 us total, 11692 us display, type 3
frame 2938: 27926 us total, 12093 us display, type 3
frame 2939: 28541 us total, 11690 us display, type 3
frame 2940: 28829 us total, 11687 us display, type 3
frame 2941: 29302 us total, 11693 us display, type 3
frame 2942: 28195 us total, 11701 us display, type 3
frame 2943: 28506 us total, 11687 us display, type 3
axes L    385 -24417 R   -369   -121 T     0     0 level 1, 8 reports in 258 ms
frame 2944: 29554 us total, 11694 us display, type 3
frame 2945: 27656 us total, 11813 us display, type 3
[0;32mI (103309) PAD: report id 1 len 16: 81 81 9f 20 8f 7e 87 7f 00 00 00 00 00 00 00 00 [0m
frame 2946: 29294 us total, 11700 us display, type 3
frame 2947: 27903 us total, 11686 us display, type 3
frame 2948: 28094 us total, 12092 us display, type 3
frame 2949: 28048 us total, 12078 us display, type 3
frame 2950: 29203 us total, 12092 us display, type 3
frame 2951: 29109 us total, 12080 us display, type 3
frame 2952: 28731 us total, 12359 us display, type 3
axes L    385 -24371 R   -369   -121 T     0     0 level 1, 9 reports in 257 ms
frame 2953: 29029 us total, 12311 us display, type 3
frame 2954: 27294 us total, 12067 us display, type 3
[0;32mI (103579) PAD: report id 1 len 16: 81 81 cd 20 8f 7e 87 7f 00 00 00 00 00 00 00 00 [0m
frame 2955: 29695 us total, 12684 us display, type 3
frame 2956: 27011 us total, 11693 us display, type 3
frame 2957: 29032 us total, 11698 us display, type 3
frame 2958: 28891 us total, 11693 us display, type 3
frame 2959: 28115 us total, 11885 us display, type 3
frame 2960: 28550 us total, 11687 us display, type 3
frame 2961: 28736 us total, 11701 us display, type 3
axes L    385 -24371 R   -369   -121 T     0     0 level 1, 8 reports in 257 ms
frame 2962: 29977 us total, 11693 us display, type 3
frame 2963: 27131 us total, 11687 us display, type 3
frame 2964: 28993 us total, 11687 us display, type 3
[0;32mI (103849) PAD: report id 1 len 16: 81 81 cd 20 8f 7e 87 7f 00 00 00 00 00 00 00 00 [0m
frame 2965: 29939 us total, 11785 us display, type 3
frame 2966: 26995 us total, 11687 us display, type 3
frame 2967: 29306 us total, 11785 us display, type 3
frame 2968: 27882 us total, 11688 us display, type 3
frame 2969: 28406 us total, 12099 us display, type 3
frame 2970: 28030 us total, 12082 us display, type 3
axes L    385 -24371 R   -369   -121 T     0     0 level 1, 9 reports in 257 ms
frame 2971: 29404 us total, 12106 us display, type 3
frame 2972: 29584 us total, 12418 us display, type 3
frame 2973: 27221 us total, 11938 us display, type 3
[0;32mI (104119) PAD: report id 1 len 16: 81 81 cd 20 8f 7e 87 7f 00 00 00 00 00 00 00 00 [0m
frame 2974: 29504 us total, 12352 us display, type 3
frame 2975: 27665 us total, 12063 us display, type 3
frame 2976: 28498 us total, 11694 us display, type 3
frame 2977: 29456 us total, 12324 us display, type 3
frame 2978: 27590 us total, 11693 us display, type 3
frame 2979: 28987 us total, 11693 us display, type 3
axes L    385 -24371 R   -369   -121 T     0     0 level 1, 9 reports in 257 ms
frame 2980: 28163 us total, 11693 us display, type 3
frame 2981: 28492 us total, 11694 us display, type 3
frame 2982: 29243 us total, 11687 us display, type 3
frame 2983: 28946 us total, 11687 us display, type 3
[0;32mI (104389) PAD: report id 1 len 16: 81 81 cd 20 8f 7e 87 7f 00 00 00 00 00 00 00 00 [0m
frame 2984: 28107 us total, 11694 us display, type 3
frame 2985: 29098 us total, 12158 us display, type 3
frame 2986: 28468 us total, 12063 us display, type 3
frame 2987: 27946 us total, 12008 us display, type 3
frame 2988: 28608 us total, 11693 us display, type 3
axes L    385 -24321 R   -369   -121 T     0     0 level 1, 9 reports in 257 ms
frame 2989: 28377 us total, 11692 us display, type 3
frame 2990: 28208 us total, 11690 us display, type 3
frame 2991: 28000 us total, 11692 us display, type 3
frame 2992: 30184 us total, 11686 us display, type 3
[0;32mI (104644) PAD: report id 1 len 16: 81 81 ff 20 8f 7e 87 7f 00 00 00 00 00 00 00 00 [0m
frame 2993: 29437 us total, 11962 us display, type 3
frame 2994: 27189 us total, 11687 us display, type 3
frame 2995: 29525 us total, 11701 us display, type 3
frame 2996: 27387 us total, 12064 us display, type 3
frame 2997: 29304 us total, 11686 us display, type 3
axes L    385 -24321 R   -369   -121 T     0     0 level 1, 8 reports in 257 ms
frame 2998: 28378 us total, 11700 us display, type 3
frame 2999: 28389 us total, 11693 us display, type 3
frame 3000: 29062 us total, 11686 us display, type 3
frame 3001: 27664 us total, 12087 us display, type 3
[0;32mI (104914) PAD: report id 1 len 16: 81 81 ff 20 8f 7e 87 7f 00 00 00 00 00 00 00 00 [0m
frame 3002: 29718 us total, 12554 us display, type 3
frame 3003: 27513 us total, 12078 us display, type 3
frame 3004: 29080 us total, 11991 us display, type 3
frame 3005: 27726 us total, 11853 us display, type 3
frame 3006: 29019 us total, 11836 us display, type 3
axes L    385 -24321 R   -369   -121 T     0     0 level 1, 9 reports in 258 ms
frame 3007: 29660 us total, 12034 us display, type 3
frame 3008: 27570 us total, 12134 us display, type 3
frame 3009: 28547 us total, 11692 us display, type 3
frame 3010: 28161 us total, 11693 us display, type 3
frame 3011: 28897 us total, 12059 us display, type 3
[0;32mI (105184) PAD: report id 1 len 16: 81 81 ff 20 8f 7e 87 7f 00 00 00 00 00 00 00 00 [0m
frame 3012: 29082 us total, 11881 us display, type 3
frame 3013: 28285 us total, 11701 us display, type 3
frame 3014: 29075 us total, 11687 us display, type 3
frame 3015: 28067 us total, 11694 us display, type 3
axes L    385 -24321 R   -369   -121 T     0     0 level 1, 8 reports in 257 ms
frame 3016: 29462 us total, 11694 us display, type 3
frame 3017: 27572 us total, 11687 us display, type 3
frame 3018: 29398 us total, 12153 us display, type 3
frame 3019: 27207 us total, 11693 us display, type 3
frame 3020: 28793 us total, 11692 us display, type 3
[0;32mI (105439) PAD: report id 1 len 16: 81 81 2e 21 8f 7e 87 7f 00 00 00 00 00 00 00 00 [0m
frame 3021: 29059 us total, 11698 us display, type 3
frame 3022: 28214 us total, 11701 us display, type 3
frame 3023: 28391 us total, 11687 us display, type 3
frame 3024: 28805 us total, 11687 us display, type 3
axes L    385 -24274 R   -369   -121 T     0     0 level 1, 9 reports in 257 ms
frame 3025: 29832 us total, 11904 us display, type 3
frame 3026: 27250 us total, 11687 us display, type 3
frame 3027: 29115 us total, 11687 us display, type 3
frame 3028: 29205 us total, 11686 us display, type 3
frame 3029: 27818 us total, 11815 us display, type 3
[0;32mI (105709) PAD: report id 1 len 16: 81 81 2e 21 8f 7e 87 7f 00 00 00 00 00 00 00 00 [0m
frame 3030: 29235 us total, 11693 us display, type 3
frame 3031: 27732 us total, 11686 us display, type 3
frame 3032: 29242 us total, 12574 us display, type 3
frame 3033: 27140 us total, 12079 us display, type 3
axes L    385 -24274 R   -369   -121 T     0     0 level 1, 9 reports in 257 ms
frame 3034: 29210 us total, 11780 us display, type 3
frame 3035: 29782 us total, 12258 us display, type 3
frame 3036: 27263 us total, 11938 us display, type 3
frame 3037: 29163 us total, 11889 us display, type 3
frame 3038: 27935 us total, 12065 us display, type 3
[0;32mI (105979) PAD: report id 1 len 16: 81 81 2e 21 8f 7e 87 7f 00 00 00 00 00 00 00 00 [0m
frame 3039: 29681 us total, 12717 us display, type 3
frame 3040: 27007 us total, 11693 us display, type 3
frame 3041: 28933 us total, 11692 us display, type 3
frame 3042: 29355 us total, 11693 us display, type 3
axes L    385 -24274 R   -369   -121 T     0     0 level 1, 9 reports in 257 ms
frame 3043: 28496 us total, 12416 us display, type 3
frame 3044: 28223 us total, 12084 us display, type 3
frame 3045: 28245 us total, 12077 us display, type 3
frame 3046: 29177 us total, 12000 us display, type 3
frame 3047: 27786 us total, 11850 us display, type 3
[0;32mI (106234) PAD: report id 1 len 16: 81 81 5f 21 8f 7e 87 7f 00 00 00 00 00 00 00 00 [0m
frame 3048: 29427 us total, 12413 us display, type 3
frame 3049: 28840 us total, 12069 us display, type 3
frame 3050: 27888 us total, 12145 us display, type 3
frame 3051: 28546 us total, 11693 us display, type 3
axes L    385 -24225 R   -369   -121 T     0     0 level 1, 9 reports in 257 ms
frame 3052: 28979 us total, 11700 us display, type 3
frame 3053: 27602 us total, 11687 us display, type 3
frame 3054: 28087 us total, 11687 us display, type 3
frame 3055: 29762 us total, 11701 us display, type 3
frame 3056: 29065 us total, 11693 us display, type 3
frame 3057: 28231 us total, 11688 us display, type 3
[0;32mI (106504) PAD: report id 1 len 16: 81 81 5f 21 8f 7e 87 7f 00 00 00 00 00 00 00 00 [0m
frame 3058: 29353 us total, 11694 us display, type 3
frame 3059: 27459 us total, 11686 us display, type 3
frame 3060: 29066 us total, 11760 us display, type 3
axes L    385 -24225 R   -369   -121 T     0     0 level 1, 8 reports in 257 ms
frame 3061: 28383 us total, 11699 us display, type 3
frame 3062: 28920 us total, 11693 us display, type 3
frame 3063: 28612 us total, 11686 us display, type 3
frame 3064: 27778 us total, 12089 us display, type 3
frame 3065: 28836 us total, 12094 us display, type 3
frame 3066: 28166 us total, 12074 us display, type 3
[0;32mI (106774) PAD: report id 1 len 16: 81 81 5f 21 8f 7e 87 7f 00 00 00 00 00 00 00 00 [0m
frame 3067: 30280 us total, 12784 us display, type 3
frame 3068: 26584 us total, 11844 us display, type 3
frame 3069: 29043 us total, 11884 us display, type 3
axes L    385 -24225 R   -369   -121 T     0     0 level 1, 9 reports in 258 ms
frame 3070: 29675 us total, 12058 us display, type 3
frame 3071: 27584 us total, 12204 us display, type 3
frame 3072: 28902 us total, 11693 us display, type 3
mem @frame 3072: heap free 66336, largest 40960, min ever 65508, zone free 55016, stack free 14540, uptime 106 s, gamestate 0, demo 0, usergame 1, tic 3642
frame 3073: 27778 us total, 12050 us display, type 3
frame 3074: 28925 us total, 12090 us display, type 3
frame 3075: 28079 us total, 12094 us display, type 3
[0;32mI (107029) PAD: report id 1 len 16: 81 81 8e 21 8f 7e 87 7f 00 00 00 00 00 00 00 00 [0m
frame 3076: 29429 us total, 12551 us display, type 3
frame 3077: 28928 us total, 12092 us display, type 3
frame 3078: 27783 us total, 11936 us display, type 3
axes L    385 -24178 R   -369   -121 T     0     0 level 1, 9 reports in 257 ms
frame 3079: 29820 us total, 12248 us display, type 3
frame 3080: 27323 us total, 12065 us display, type 3
frame 3081: 29023 us total, 12198 us display, type 3
frame 3082: 28050 us total, 11689 us display, type 3
frame 3083: 28504 us total, 11692 us display, type 3
frame 3084: 29007 us total, 11693 us display, type 3
frame 3085: 28130 us total, 11964 us display, type 3
[0;32mI (107299) PAD: report id 1 len 16: 81 81 8e 21 8f 7e 87 7f 00 00 00 00 00 00 00 00 [0m
frame 3086: 29500 us total, 11694 us display, type 3
frame 3087: 27980 us total, 11687 us display, type 3
axes L    385 -24178 R   -369   -121 T     0     0 level 1, 8 reports in 257 ms
frame 3088: 29679 us total, 11912 us display, type 3
frame 3089: 27179 us total, 11687 us display, type 3
frame 3090: 29063 us total, 11687 us display, type 3
frame 3091: 29154 us total, 11687 us display, type 3
frame 3092: 28220 us total, 11702 us display, type 3
frame 3093: 28845 us total, 11870 us display, type 3
frame 3094: 27859 us total, 11686 us display, type 3
[0;32mI (107569) PAD: report id 1 len 16: 81 81 8e 21 8f 7e 87 7f 00 00 00 00 00 00 00 00 [0m
frame 3095: 28919 us total, 12550 us display, type 3
frame 3096: 27486 us total, 12078 us display, type 3
axes L    385 -24178 R   -369   -121 T     0     0 level 1, 9 reports in 257 ms
frame 3097: 29991 us total, 12295 us display, type 3
frame 3098: 28383 us total, 12078 us display, type 3
frame 3099: 27823 us total, 11937 us display, type 3
frame 3100: 29081 us total, 11855 us display, type 3
frame 3101: 28085 us total, 12064 us display, type 3
frame 3102: 29424 us total, 12204 us display, type 3
frame 3103: 27361 us total, 11693 us display, type 3
frame 3104: 28764 us total, 11693 us display, type 3
[0;32mI (107839) PAD: report id 1 len 16: 81 81 8e 21 8f 7e 87 7f 00 00 00 00 00 00 00 00 [0m
frame 3105: 29117 us total, 11699 us display, type 3
axes L    385 -24178 R   -369   -121 T     0     0 level 1, 9 reports in 257 ms
frame 3106: 28123 us total, 11693 us display, type 3
frame 3107: 28542 us total, 11694 us display, type 3
frame 3108: 28782 us total, 11689 us display, type 3
frame 3109: 29315 us total, 11687 us display, type 3
frame 3110: 27748 us total, 11693 us display, type 3
frame 3111: 29027 us total, 11687 us display, type 3
frame 3112: 29503 us total, 11694 us display, type 3
frame 3113: 27594 us total, 11860 us display, type 3
[0;32mI (108109) PAD: report id 1 len 16: 81 81 c3 21 8f 7e 87 7f 00 00 00 00 00 00 00 00 [0m
frame 3114: 29313 us total, 11692 us display, type 3
axes L    385 -24125 R   -369   -121 T     0     0 level 1, 8 reports in 257 ms
frame 3115: 28012 us total, 11692 us display, type 3
frame 3116: 27664 us total, 11683 us display, type 3
frame 3117: 28431 us total, 12086 us display, type 3
frame 3118: 29071 us total, 12083 us display, type 3
frame 3119: 29190 us total, 12088 us display, type 3
frame 3120: 27911 us total, 11935 us display, type 3
frame 3121: 29293 us total, 11898 us display, type 3
frame 3122: 28100 us total, 12048 us display, type 3
[0;32mI (108379) PAD: report id 1 len 16: 81 81 c3 21 8f 7e 87 7f 00 00 00 00 00 00 00 00 [0m
frame 3123: 29352 us total, 12697 us display, type 3
axes L    385 -24125 R   -369   -121 T     0     0 level 1, 9 reports in 257 ms
frame 3124: 27417 us total, 11692 us display, type 3
frame 3125: 28610 us total, 11699 us display, type 3
frame 3126: 28986 us total, 11693 us display, type 3
frame 3127: 28103 us total, 11928 us display, type 3
frame 3128: 28505 us total, 11694 us display, type 3
frame 3129: 28877 us total, 11687 us display, type 3
frame 3130: 29191 us total, 11693 us display, type 3
frame 3131: 27850 us total, 11694 us display, type 3
[0;32mI (108634) PAD: report id 1 len 16: 81 81 ef 21 8f 7e 87 7f 00 00 00 00 00 00 00 00 [0m
frame 3132: 29983 us total, 12318 us display, type 3
axes L    385 -24081 R   -369   -121 T     0     0 level 1, 9 reports in 258 ms
frame 3133: 28259 us total, 12036 us display, type 3
frame 3134: 27647 us total, 12090 us display, type 3
frame 3135: 28532 us total, 11699 us display, type 3
frame 3136: 28168 us total, 11693 us display, type 3
frame 3137: 28982 us total, 12055 us display, type 3
frame 3138: 27499 us total, 11694 us display, type 3
frame 3139: 29773 us total, 11693 us display, type 3
frame 3140: 29089 us total, 11694 us display, type 3
frame 3141: 28026 us total, 11687 us display, type 3
axes L    385 -24081 R   -369   -121 T     0     0 level 1, 8 reports in 257 ms
[0;32mI (108904) PAD: report id 1 len 16: 81 81 ef 21 8f 7e 87 7f 00 00 00 00 00 00 00 00 [0m
frame 3142: 30315 us total, 11687 us display, type 3
frame 3143: 26684 us total, 11732 us display, type 3
frame 3144: 29078 us total, 11748 us display, type 3
frame 3145: 28170 us total, 11728 us display, type 3
frame 3146: 28757 us total, 11686 us display, type 3
frame 3147: 29173 us total, 11686 us display, type 3
frame 3148: 27410 us total, 12089 us display, type 3
frame 3149: 28959 us total, 12095 us display, type 3
frame 3150: 28302 us total, 12086 us display, type 3
axes L    385 -24081 R   -369   -121 T     0     0 level 1, 9 reports in 257 ms
[0;32mI (109174) PAD: report id 1 len 16: 81 81 ef 21 8f 7e 87 7f 00 00 00 00 00 00 00 00 [0m
frame 3151: 30211 us total, 12801 us display, type 3
frame 3152: 27516 us total, 12371 us display, type 3
frame 3153: 28104 us total, 11933 us display, type 3
frame 3154: 29312 us total, 12059 us display, type 3
frame 3155: 27942 us total, 12108 us display, type 3
frame 3156: 28547 us total, 11693 us display, type 3
frame 3157: 28414 us total, 11699 us display, type 3
frame 3158: 28176 us total, 11686 us display, type 3
frame 3159: 28066 us total, 11687 us display, type 3
axes L    385 -24081 R   -369   -121 T     0     0 level 1, 9 reports in 257 ms
frame 3160: 30554 us total, 12001 us display, type 3
[0;32mI (109444) PAD: report id 1 len 16: 81 81 ef 21 8f 7e 87 7f 00 00 00 00 00 00 00 00 [0m
frame 3161: 29060 us total, 12000 us display, type 3
frame 3162: 27780 us total, 11701 us display, type 3
frame 3163: 28612 us total, 11687 us display, type 3
frame 3164: 27877 us total, 11686 us display, type 3
frame 3165: 29077 us total, 11687 us display, type 3
frame 3166: 28156 us total, 11816 us display, type 3
frame 3167: 28875 us total, 11686 us display, type 3
frame 3168: 28861 us total, 11686 us display, type 3
axes L    385 -24027 R   -369   -121 T     0     0 level 1, 9 reports in 256 ms
frame 3169: 27630 us total, 11731 us display, type 3
[0;32mI (109699) PAD: report id 1 len 16: 81 81 25 22 8f 7e 87 7f 00 00 00 00 00 00 00 00 [0m
frame 3170: 29574 us total, 11694 us display, type 3
frame 3171: 27714 us total, 11696 us display, type 3
frame 3172: 29879 us total, 11935 us display, type 3
frame 3173: 27230 us total, 11687 us display, type 3
frame 3174: 28993 us total, 11687 us display, type 3
frame 3175: 29419 us total, 11693 us display, type 3
frame 3176: 27519 us total, 11687 us display, type 3
frame 3177: 29298 us total, 11797 us display, type 3
axes L    385 -24027 R   -369   -121 T     0     0 level 1, 8 reports in 257 ms
frame 3178: 28182 us total, 11692 us display, type 3
[0;32mI (109969) PAD: report id 1 len 16: 81 81 25 22 8f 7e 87 7f 00 00 00 00 00 00 00 00 [0m
frame 3179: 28498 us total, 12555 us display, type 3
frame 3180: 27611 us total, 12083 us display, type 3
frame 3181: 29053 us total, 12081 us display, type 3
frame 3182: 29961 us total, 12430 us display, type 3
frame 3183: 27254 us total, 11930 us display, type 3
frame 3184: 28919 us total, 11851 us display, type 3
frame 3185: 28176 us total, 12071 us display, type 3
frame 3186: 29084 us total, 12193 us display, type 3
axes L    385 -24027 R   -369   -121 T     0     0 level 1, 9 reports in 257 ms
frame 3187: 28140 us total, 11693 us display, type 3
frame 3188: 28431 us total, 11693 us display, type 3
[0;32mI (110239) PAD: report id 1 len 16: 81 81 25 22 8f 7e 87 7f 00 00 00 00 00 00 00 00 [0m
frame 3189: 28875 us total, 11692 us display, type 3
frame 3190: 28189 us total, 12049 us display, type 3
frame 3191: 28510 us total, 11687 us display, type 3
frame 3192: 29237 us total, 11687 us display, type 3
frame 3193: 28932 us total, 11687 us display, type 3
frame 3194: 27672 us total, 11694 us display, type 3
frame 3195: 29091 us total, 11687 us display, type 3
axes L    385 -23984 R   -369   -121 T     0     0 level 1, 8 reports in 258 ms
frame 3196: 29405 us total, 11696 us display, type 3
frame 3197: 27701 us total, 11711 us display, type 3
[0;32mI (110509) PAD: report id 1 len 16: 81 81 50 22 8f 7e 87 7f 00 00 00 00 00 00 00 00 [0m
frame 3198: 29349 us total, 11693 us display, type 3
frame 3199: 27552 us total, 11686 us display, type 3
frame 3200: 28448 us total, 12092 us display, type 3
frame 3201: 28003 us total, 12078 us display, type 3
frame 3202: 29978 us total, 12569 us display, type 3
frame 3203: 28380 us total, 12076 us display, type 3
frame 3204: 27862 us total, 11929 us display, type 3
axes L    385 -23984 R   -369   -121 T     0     0 level 1, 9 reports in 257 ms
frame 3205: 29842 us total, 12199 us display, type 3
frame 3206: 27331 us total, 12063 us display, type 3
[0;32mI (110779) PAD: report id 1 len 16: 81 81 50 22 8f 7e 87 7f 00 00 00 00 00 00 00 00 [0m
frame 3207: 29667 us total, 12715 us display, type 3
frame 3208: 27240 us total, 11699 us display, type 3
frame 3209: 28655 us total, 11693 us display, type 3
frame 3210: 29041 us total, 11692 us display, type 3
frame 3211: 28103 us total, 11999 us display, type 3
frame 3212: 29076 us total, 11953 us display, type 3
frame 3213: 28281 us total, 11693 us display, type 3
axes L    385 -23984 R   -369   -121 T     0     0 level 1, 8 reports in 257 ms
frame 3214: 29805 us total, 11961 us display, type 3
frame 3215: 27278 us total, 11687 us display, type 3
frame 3216: 29003 us total, 11687 us display, type 3
[0;32mI (111049) PAD: report id 1 len 16: 81 81 50 22 8f 7e 87 7f 00 00 00 00 00 00 00 00 [0m
frame 3217: 29878 us total, 11851 us display, type 3
frame 3218: 27228 us total, 11836 us display, type 3
frame 3219: 29064 us total, 11873 us display, type 3
frame 3220: 27899 us total, 11686 us display, type 3
frame 3221: 28388 us total, 12093 us display, type 3
frame 3222: 28376 us total, 12104 us display, type 3
axes L    385 -23984 R   -369   -121 T     0     0 level 1, 9 reports in 257 ms
frame 3223: 29102 us total, 12102 us display, type 3
frame 3224: 28881 us total, 12075 us display, type 3
frame 3225: 27850 us total, 11928 us display, type 3
[0;32mI (111319) PAD: report id 1 len 16: 81 81 50 22 8f 7e 87 7f 00 00 00 00 00 00 00 00 [0m
frame 3226: 30352 us total, 12815 us display, type 3
frame 3227: 26927 us total, 12051 us display, type 3
frame 3228: 28985 us total, 12189 us display, type 3
frame 3229: 27684 us total, 11699 us display, type 3
frame 3230: 28754 us total, 11693 us display, type 3
frame 3231: 29070 us total, 11693 us display, type 3
axes L    385 -23984 R   -369   -121 T     0     0 level 1, 9 reports in 257 ms
frame 3232: 28430 us total, 11686 us display, type 3
frame 3233: 28196 us total, 11694 us display, type 3
frame 3234: 29379 us total, 12192 us display, type 3
[0;32mI (111574) PAD: report id 1 len 16: 81 81 87 22 8f 7e 87 7f 00 00 00 00 00 00 00 00 [0m
frame 3235: 29555 us total, 12980 us display, type 3
frame 3236: 26583 us total, 11840 us display, type 3
frame 3237: 29108 us total, 11844 us display, type 3
frame 3238: 29215 us total, 12049 us display, type 3
frame 3239: 27971 us total, 12107 us display, type 3
frame 3240: 28536 us total, 11693 us display, type 3
axes L    385 -23929 R   -369   -121 T     0     0 level 1, 9 reports in 257 ms
frame 3241: 28459 us total, 11686 us display, type 3
frame 3242: 28969 us total, 12058 us display, type 3
frame 3243: 27167 us total, 11687 us display, type 3
frame 3244: 29839 us total, 11701 us display, type 3
[0;32mI (111844) PAD: report id 1 len 16: 81 81 87 22 8f 7e 87 7f 00 00 00 00 00 00 00 00 [0m
frame 3245: 29854 us total, 11950 us display, type 3
frame 3246: 27247 us total, 11687 us display, type 3
frame 3247: 29325 us total, 11687 us display, type 3
frame 3248: 27670 us total, 11728 us display, type 3
frame 3249: 29078 us total, 11730 us display, type 3
axes L    385 -23929 R   -369   -121 T     0     0 level 1, 8 reports in 257 ms
frame 3250: 28357 us total, 11693 us display, type 3
frame 3251: 28552 us total, 11686 us display, type 3
frame 3252: 29424 us total, 11693 us display, type 3
frame 3253: 27200 us total, 12097 us display, type 3
[0;32mI (112114) PAD: report id 1 len 16: 81 81 87 22 8f 7e 87 7f 00 00 00 00 00 00 00 00 [0m
frame 3254: 29383 us total, 12555 us display, type 3
frame 3255: 27872 us total, 12078 us display, type 3
frame 3256: 29088 us total, 11991 us display, type 3
frame 3257: 27827 us total, 11855 us display, type 3
frame 3258: 28900 us total, 11878 us display, type 3
axes L    385 -23929 R   -369   -121 T     0     0 level 1, 9 reports in 258 ms
frame 3259: 29601 us total, 12036 us display, type 3
frame 3260: 27650 us total, 12094 us display, type 3
frame 3261: 28484 us total, 11691 us display, type 3
frame 3262: 28570 us total, 11686 us display, type 3
frame 3263: 28131 us total, 11693 us display, type 3
[0;32mI (112384) PAD: report id 1 len 16: 81 81 87 22 8f 7e 87 7f 00 00 00 00 00 00 00 00 [0m
frame 3264: 29013 us total, 11687 us display, type 3
frame 3265: 28839 us total, 11694 us display, type 3
frame 3266: 28971 us total, 11687 us display, type 3
frame 3267: 28220 us total, 11687 us display, type 3
axes L    385 -23883 R   -369   -121 T     0     0 level 1, 8 reports in 257 ms
frame 3268: 29635 us total, 11881 us display, type 3
frame 3269: 27212 us total, 11686 us display, type 3
frame 3270: 29074 us total, 11701 us display, type 3
frame 3271: 28163 us total, 11861 us display, type 3
frame 3272: 29117 us total, 11686 us display, type 3
[0;32mI (112654) PAD: report id 1 len 16: 81 81 b5 22 8f 7e 87 7f 00 00 00 00 00 00 00 00 [0m
frame 3273: 29110 us total, 11692 us display, type 3
frame 3274: 27179 us total, 12086 us display, type 3
frame 3275: 28966 us total, 12095 us display, type 3
frame 3276: 28151 us total, 12072 us display, type 3
axes L    385 -23883 R   -369   -121 T     0     0 level 1, 9 reports in 257 ms
frame 3277: 29805 us total, 12173 us display, type 3
frame 3278: 27078 us total, 11847 us display, type 3
frame 3279: 29029 us total, 11900 us display, type 3
frame 3280: 29391 us total, 12078 us display, type 3
frame 3281: 27862 us total, 12147 us display, type 3
frame 3282: 28918 us total, 11693 us display, type 3
[0;32mI (112924) PAD: report id 1 len 16: 81 81 b5 22 8f 7e 87 7f 00 00 00 00 00 00 00 00 [0m
frame 3283: 27849 us total, 11693 us display, type 3
frame 3284: 28367 us total, 11687 us display, type 3
frame 3285: 28093 us total, 11687 us display, type 3
axes L    385 -23883 R   -369   -121 T     0     0 level 1, 9 reports in 257 ms
frame 3286: 30532 us total, 11944 us display, type 3
frame 3287: 28406 us total, 11687 us display, type 3
frame 3288: 27954 us total, 11694 us display, type 3
frame 3289: 29047 us total, 11687 us display, type 3
frame 3290: 27917 us total, 11687 us display, type 3
frame 3291: 29063 us total, 11760 us display, type 3
[0;32mI (113194) PAD: report id 1 len 16: 81 81 b5 22 8f 7e 87 7f 00 00 00 00 00 00 00 00 [0m
frame 3292: 29094 us total, 11805 us display, type 3
frame 3293: 27876 us total, 11692 us display, type 3
frame 3294: 28909 us total, 11686 us display, type 3
axes L    385 -23883 R   -369   -121 T     0     0 level 1, 8 reports in 256 ms
frame 3295: 28398 us total, 12081 us display, type 3
frame 3296: 28169 us total, 12084 us display, type 3
frame 3297: 28578 us total, 11686 us display, type 3
frame 3298: 29171 us total, 11689 us display, type 3
frame 3299: 27683 us total, 11687 us display, type 3
frame 3300: 29055 us total, 11687 us display, type 3
[0;32mI (113449) PAD: report id 1 len 16: 81 81 e7 22 8f 7e 87 7f 00 00 00 00 00 00 00 00 [0m
frame 3301: 29674 us total, 11698 us display, type 3
frame 3302: 27620 us total, 11696 us display, type 3
frame 3303: 28911 us total, 11870 us display, type 3
axes L    385 -23833 R   -369   -121 T     0     0 level 1, 9 reports in 257 ms
frame 3304: 28166 us total, 11693 us display, type 3
frame 3305: 28183 us total, 12093 us display, type 3
frame 3306: 27996 us total, 12082 us display, type 3
frame 3307: 29163 us total, 12093 us display, type 3
frame 3308: 29124 us total, 12084 us display, type 3
frame 3309: 27916 us total, 11937 us display, type 3
[0;32mI (113719) PAD: report id 1 len 16: 81 81 e7 22 8f 7e 87 7f 00 00 00 00 00 00 00 00 [0m
frame 3310: 29517 us total, 12348 us display, type 3
frame 3311: 27623 us total, 12069 us display, type 3
frame 3312: 29395 us total, 12202 us display, type 3
axes L    385 -23833 R   -369   -121 T     0     0 level 1, 9 reports in 257 ms
frame 3313: 27638 us total, 11686 us display, type 3
frame 3314: 28558 us total, 11693 us display, type 3
frame 3315: 29033 us total, 11700 us display, type 3
frame 3316: 28090 us total, 12012 us display, type 3
frame 3317: 28576 us total, 11694 us display, type 3
frame 3318: 28785 us total, 11692 us display, type 3
frame 3319: 29259 us total, 11693 us display, type 3
[0;32mI (113989) PAD: report id 1 len 16: 81 81 e7 22 8f 7e 87 7f 00 00 00 00 00 00 00 00 [0m
frame 3320: 28294 us total, 11701 us display, type 3
frame 3321: 28527 us total, 11687 us display, type 3
axes L    385 -23833 R   -369   -121 T     0     0 level 1, 8 reports in 258 ms
frame 3322: 29867 us total, 11836 us display, type 3
frame 3323: 27244 us total, 11858 us display, type 3
frame 3324: 28829 us total, 11686 us display, type 3
frame 3325: 28188 us total, 11692 us display, type 3
frame 3326: 28382 us total, 12092 us display, type 3
frame 3327: 28078 us total, 12091 us display, type 3
frame 3328: 29002 us total, 12085 us display, type 3
mem @frame 3328: heap free 66336, largest 40960, min ever 65508, zone free 55016, stack free 14540, uptime 113 s, gamestate 0, demo 0, usergame 1, tic 3898
[0;32mI (114259) PAD: report id 1 len 16: 81 81 e7 22 8f 7e 87 7f 00 00 00 00 00 00 00 00 [0m
frame 3329: 29734 us total, 12571 us display, type 3
frame 3330: 27318 us total, 11931 us display, type 3
axes L    385 -23833 R   -369   -121 T     0     0 level 1, 9 reports in 257 ms
frame 3331: 29879 us total, 12246 us display, type 3
frame 3332: 27619 us total, 12043 us display, type 3
frame 3333: 28785 us total, 12191 us display, type 3
frame 3334: 28268 us total, 11762 us display, type 3
frame 3335: 28725 us total, 11693 us display, type 3
frame 3336: 29035 us total, 11686 us display, type 3
frame 3337: 28332 us total, 12461 us display, type 3
[0;32mI (114514) PAD: report id 1 len 16: 81 81 17 23 8f 7e 87 7f 00 00 00 00 00 00 00 00 [0m
frame 3338: 28667 us total, 12574 us display, type 3
frame 3339: 27864 us total, 12072 us display, type 3
axes L    385 -23785 R   -369   -121 T     0     0 level 1, 9 reports in 257 ms
frame 3340: 29698 us total, 12370 us display, type 3
frame 3341: 27073 us total, 11847 us display, type 3
frame 3342: 29345 us total, 11838 us display, type 3
frame 3343: 28929 us total, 12058 us display, type 3
frame 3344: 28015 us total, 12126 us display, type 3
frame 3345: 28572 us total, 11692 us display, type 3
frame 3346: 28129 us total, 11693 us display, type 3
frame 3347: 28977 us total, 12053 us display, type 3
[0;32mI (114784) PAD: report id 1 len 16: 81 81 17 23 8f 7e 87 7f 00 00 00 00 00 00 00 00 [0m
frame 3348: 28459 us total, 11687 us display, type 3
axes L    385 -23785 R   -369   -121 T     0     0 level 1, 9 reports in 257 ms
frame 3349: 29176 us total, 11694 us display, type 3
frame 3350: 28723 us total, 11694 us display, type 3
frame 3351: 28030 us total, 11687 us display, type 3
frame 3352: 29539 us total, 11693 us display, type 3
frame 3353: 27459 us total, 11716 us display, type 3
frame 3354: 29078 us total, 11742 us display, type 3
frame 3355: 28170 us total, 11697 us display, type 3
frame 3356: 28747 us total, 11686 us display, type 3
[0;32mI (115054) PAD: report id 1 len 16: 81 81 17 23 8f 7e 87 7f 00 00 00 00 00 00 00 00 [0m
frame 3357: 29692 us total, 11693 us display, type 3
axes L    385 -23785 R   -369   -121 T     0     0 level 1, 8 reports in 256 ms
frame 3358: 27655 us total, 12524 us display, type 3
frame 3359: 28174 us total, 12083 us display, type 3
frame 3360: 28321 us total, 12084 us display, type 3
frame 3361: 29146 us total, 11993 us display, type 3
frame 3362: 28597 us total, 12362 us display, type 3
frame 3363: 28099 us total, 11878 us display, type 3
frame 3364: 29339 us total, 12059 us display, type 3
frame 3365: 27915 us total, 12057 us display, type 3
frame 3366: 28498 us total, 11693 us display, type 3
[0;32mI (115324) PAD: report id 1 len 16: 81 81 17 23 8f 7e 87 7f 00 00 00 00 00 00 00 00 [0m
axes L    385 -23785 R   -369   -121 T     0     0 level 1, 9 reports in 257 ms
frame 3367: 28827 us total, 11692 us display, type 3
frame 3368: 27864 us total, 11693 us display, type 3
frame 3369: 28008 us total, 11687 us display, type 3
frame 3370: 29806 us total, 11687 us display, type 3
frame 3371: 28975 us total, 11694 us display, type 3
frame 3372: 28562 us total, 11694 us display, type 3
frame 3373: 28697 us total, 11687 us display, type 3
frame 3374: 27859 us total, 11687 us display, type 3
frame 3375: 29096 us total, 11694 us display, type 3
axes L    385 -23732 R   -369   -121 T     0     0 level 1, 8 reports in 257 ms
[0;32mI (115594) PAD: report id 1 len 16: 81 81 4c 23 8f 7e 87 7f 00 00 00 00 00 00 00 00 [0m
frame 3376: 28782 us total, 11694 us display, type 3
frame 3377: 28221 us total, 11686 us display, type 3
frame 3378: 28862 us total, 11686 us display, type 3
frame 3379: 27740 us total, 12089 us display, type 3
frame 3380: 28838 us total, 12084 us display, type 3
frame 3381: 28243 us total, 12069 us display, type 3
frame 3382: 29774 us total, 12286 us display, type 3
frame 3383: 27119 us total, 11845 us display, type 3
frame 3384: 28975 us total, 11953 us display, type 3
axes L    385 -23732 R   -369   -121 T     0     0 level 1, 9 reports in 258 ms
[0;32mI (115864) PAD: report id 1 len 16: 81 81 4c 23 8f 7e 87 7f 00 00 00 00 00 00 00 00 [0m
frame 3385: 30179 us total, 12566 us display, type 3
frame 3386: 27077 us total, 12142 us display, type 3
frame 3387: 28677 us total, 11696 us display, type 3
frame 3388: 28233 us total, 11693 us display, type 3
frame 3389: 28209 us total, 11687 us display, type 3
frame 3390: 28076 us total, 11687 us display, type 3
frame 3391: 29749 us total, 11694 us display, type 3
frame 3392: 29501 us total, 11694 us display, type 3
frame 3393: 27670 us total, 11694 us display, type 3
axes L    385 -23732 R   -369   -121 T     0     0 level 1, 8 reports in 257 ms
frame 3394: 29359 us total, 11693 us display, type 3
[0;32mI (116134) PAD: report id 1 len 16: 81 81 4c 23 8f 7e 87 7f 00 00 00 00 00 00 00 00 [0m
frame 3395: 28148 us total, 11694 us display, type 3
frame 3396: 28520 us total, 11747 us display, type 3
frame 3397: 28171 us total, 11734 us display, type 3
frame 3398: 28746 us total, 11686 us display, type 3
frame 3399: 28995 us total, 11685 us display, type 3
frame 3400: 27660 us total, 12087 us display, type 3
frame 3401: 28924 us total, 12086 us display, type 3
frame 3402: 28973 us total, 12480 us display, type 3
axes L    385 -23689 R   -369   -121 T     0     0 level 1, 9 reports in 257 ms
frame 3403: 28413 us total, 11687 us display, type 3
[0;32mI (116389) PAD: report id 1 len 16: 81 81 77 23 8f 7e 87 7f 00 00 00 00 00 00 00 00 [0m
frame 3404: 28654 us total, 11786 us display, type 3
frame 3405: 28064 us total, 11835 us display, type 3
frame 3406: 29364 us total, 12066 us display, type 3
frame 3407: 27891 us total, 12074 us display, type 3
frame 3408: 28551 us total, 11692 us display, type 3
frame 3409: 28154 us total, 11693 us display, type 3
frame 3410: 28492 us total, 11687 us display, type 3
frame 3411: 28045 us total, 11687 us display, type 3
axes L    385 -23689 R   -369   -121 T     0     0 level 1, 9 reports in 257 ms
frame 3412: 30519 us total, 11794 us display, type 3
[0;32mI (116644) PAD: report id 1 len 16: 81 81 77 23 8f 7e 87 7f 00 00 00 00 00 00 00 00 [0m
frame 3413: 29057 us total, 11961 us display, type 3
frame 3414: 27255 us total, 11687 us display, type 3
frame 3415: 29168 us total, 11687 us display, type 3
frame 3416: 27889 us total, 11687 us display, type 3
frame 3417: 29066 us total, 11692 us display, type 3
frame 3418: 28125 us total, 11796 us display, type 3
frame 3419: 28777 us total, 11685 us display, type 3
frame 3420: 28921 us total, 11686 us display, type 3
axes L    385 -23689 R   -369   -121 T     0     0 level 1, 8 reports in 256 ms
frame 3421: 28396 us total, 12458 us display, type 3
[0;32mI (116914) PAD: report id 1 len 16: 81 81 77 23 8f 7e 87 7f 00 00 00 00 00 00 00 00 [0m
frame 3422: 29069 us total, 12604 us display, type 3
frame 3423: 27429 us total, 12076 us display, type 3
frame 3424: 29703 us total, 12440 us display, type 3
frame 3425: 27072 us total, 11856 us display, type 3
frame 3426: 29062 us total, 11886 us display, type 3
frame 3427: 29593 us total, 12033 us display, type 3
frame 3428: 27661 us total, 12141 us display, type 3
frame 3429: 28593 us total, 11700 us display, type 3
axes L    385 -23689 R   -369   -121 T     0     0 level 1, 9 reports in 257 ms
frame 3430: 28375 us total, 11699 us display, type 3
frame 3431: 28232 us total, 11686 us display, type 3
[0;32mI (117184) PAD: report id 1 len 16: 81 81 77 23 8f 7e 87 7f 00 00 00 00 00 00 00 00 [0m
frame 3432: 29484 us total, 11826 us display, type 3
frame 3433: 28263 us total, 11694 us display, type 3
frame 3434: 29129 us total, 11687 us display, type 3
frame 3435: 28016 us total, 11687 us display, type 3
frame 3436: 29129 us total, 11686 us display, type 3
frame 3437: 28041 us total, 11693 us display, type 3
frame 3438: 28880 us total, 11809 us display, type 3
axes L    385 -23689 R   -369   -121 T     0     0 level 1, 8 reports in 257 ms
frame 3439: 28466 us total, 11693 us display, type 3
frame 3440: 28457 us total, 11686 us display, type 3
[0;32mI (117454) PAD: report id 1 len 16: 81 81 af 23 8f 7e 87 7f 00 00 00 00 00 00 00 00 [0m
frame 3441: 29500 us total, 11693 us display, type 3
frame 3442: 27847 us total, 12382 us display, type 3
frame 3443: 28143 us total, 12120 us display, type 3
frame 3444: 28366 us total, 12081 us display, type 3
frame 3445: 29174 us total, 12000 us display, type 3
frame 3446: 27626 us total, 11849 us display, type 3
frame 3447: 29161 us total, 11845 us display, type 3
axes L    385 -23633 R   -369   -121 T     0     0 level 1, 9 reports in 258 ms
frame 3448: 29456 us total, 12047 us display, type 3
frame 3449: 27662 us total, 12148 us display, type 3
frame 3450: 28544 us total, 11692 us display, type 3
[0;32mI (117724) PAD: report id 1 len 16: 81 81 af 23 8f 7e 87 7f 00 00 00 00 00 00 00 00 [0m
frame 3451: 28141 us total, 11693 us display, type 3
frame 3452: 29277 us total, 12061 us display, type 3
frame 3453: 27230 us total, 11689 us display, type 3
frame 3454: 29929 us total, 11687 us display, type 3
frame 3455: 28974 us total, 11686 us display, type 3
frame 3456: 27908 us total, 11687 us display, type 3
axes L    385 -23633 R   -369   -121 T     0     0 level 1, 8 reports in 257 ms
frame 3457: 29866 us total, 11857 us display, type 3
frame 3458: 27210 us total, 11686 us display, type 3
frame 3459: 29064 us total, 11746 us display, type 3
[0;32mI (117994) PAD: report id 1 len 16: 81 81 af 23 8f 7e 87 7f 00 00 00 00 00 00 00 00 [0m
frame 3460: 28606 us total, 11694 us display, type 3
frame 3461: 28260 us total, 11686 us display, type 3
frame 3462: 29423 us total, 11686 us display, type 3
frame 3463: 27476 us total, 12100 us display, type 3
frame 3464: 28670 us total, 12081 us display, type 3
frame 3465: 28414 us total, 12078 us display, type 3
axes L    385 -23592 R   -369   -121 T     0     0 level 1, 9 reports in 257 ms
frame 3466: 29646 us total, 12362 us display, type 3
frame 3467: 27211 us total, 11856 us display, type 3
frame 3468: 28894 us total, 11889 us display, type 3
[0;32mI (118264) PAD: report id 1 len 16: 81 81 d8 23 8f 7e 87 7f 00 00 00 00 00 00 00 00 [0m
frame 3469: 29866 us total, 12570 us display, type 3
frame 3470: 27383 us total, 12076 us display, type 3
frame 3471: 28537 us total, 11695 us display, type 3
frame 3472: 28518 us total, 11686 us display, type 3
frame 3473: 28179 us total, 11687 us display, type 3
frame 3474: 27912 us total, 11687 us display, type 3
axes L    385 -23592 R   -369   -121 T     0     0 level 1, 9 reports in 257 ms
frame 3475: 30200 us total, 11689 us display, type 3
frame 3476: 28678 us total, 11687 us display, type 3
frame 3477: 28201 us total, 11686 us display, type 3
frame 3478: 29215 us total, 11687 us display, type 3
[0;32mI (118534) PAD: report id 1 len 16: 81 81 d8 23 8f 7e 87 7f 00 00 00 00 00 00 00 00 [0m
frame 3479: 28097 us total, 11696 us display, type 3
frame 3480: 28618 us total, 11751 us display, type 3
frame 3481: 28161 us total, 11792 us display, type 3
frame 3482: 29145 us total, 11693 us display, type 3
frame 3483: 28666 us total, 11686 us display, type 3
axes L    385 -23592 R   -369   -121 T     0     0 level 1, 8 reports in 256 ms
frame 3484: 28290 us total, 12345 us display, type 3
frame 3485: 28209 us total, 12086 us display, type 3
frame 3486: 28286 us total, 12086 us display, type 3
frame 3487: 29713 us total, 12459 us display, type 3
[0;32mI (118804) PAD: report id 1 len 16: 81 81 d8 23 8f 7e 87 7f 00 00 00 00 00 00 00 00 [0m
frame 3488: 27647 us total, 12362 us display, type 3
frame 3489: 28478 us total, 11909 us display, type 3
frame 3490: 29349 us total, 12082 us display, type 3
frame 3491: 27900 us total, 12095 us display, type 3
frame 3492: 28866 us total, 11693 us display, type 3
axes L    385 -23592 R   -369   -121 T     0     0 level 1, 9 reports in 257 ms
frame 3493: 28218 us total, 11686 us display, type 3
frame 3494: 28117 us total, 11693 us display, type 3
frame 3495: 28033 us total, 11687 us display, type 3
frame 3496: 29865 us total, 11687 us display, type 3
frame 3497: 28978 us total, 11687 us display, type 3
[0;32mI (119074) PAD: report id 1 len 16: 81 81 d8 23 8f 7e 87 7f 00 00 00 00 00 00 00 00 [0m
frame 3498: 28499 us total, 11694 us display, type 3
frame 3499: 28936 us total, 11693 us display, type 3
frame 3500: 27583 us total, 11686 us display, type 3
frame 3501: 29056 us total, 11706 us display, type 3
axes L    385 -23592 R   -369   -121 T     0     0 level 1, 8 reports in 257 ms
frame 3502: 28755 us total, 11694 us display, type 3
frame 3503: 28161 us total, 11686 us display, type 3
frame 3504: 29050 us total, 11693 us display, type 3
frame 3505: 27735 us total, 12095 us display, type 3
frame 3506: 28736 us total, 12080 us display, type 3
[0;32mI (119344) PAD: report id 1 len 16: 81 81 0f 24 8f 7e 87 7f 00 00 00 00 00 00 00 00 [0m
frame 3507: 28946 us total, 12573 us display, type 3
frame 3508: 28525 us total, 11993 us display, type 3
frame 3509: 27719 us total, 11848 us display, type 3
frame 3510: 28975 us total, 11945 us display, type 3
axes L    385 -23537 R   -369   -121 T     0     0 level 1, 9 reports in 258 ms
frame 3511: 29643 us total, 12041 us display, type 3
frame 3512: 27617 us total, 11785 us display, type 3
frame 3513: 28556 us total, 11693 us display, type 3
frame 3514: 28176 us total, 11700 us display, type 3
frame 3515: 28421 us total, 11686 us display, type 3
frame 3516: 28046 us total, 11687 us display, type 3
[0;32mI (119614) PAD: report id 1 len 16: 81 81 0f 24 8f 7e 87 7f 00 00 00 00 00 00 00 00 [0m
frame 3517: 30555 us total, 11893 us display, type 3
frame 3518: 28282 us total, 11694 us display, type 3
frame 3519: 28078 us total, 11689 us display, type 3
axes L    385 -23537 R   -369   -121 T     0     0 level 1, 8 reports in 257 ms
frame 3520: 29412 us total, 11699 us display, type 3
frame 3521: 27546 us total, 11687 us display, type 3
frame 3522: 29446 us total, 11701 us display, type 3
frame 3523: 27799 us total, 11692 us display, type 3
frame 3524: 28742 us total, 11686 us display, type 3
frame 3525: 29032 us total, 11686 us display, type 3
[0;32mI (119884) PAD: report id 1 len 16: 81 81 0f 24 8f 7e 87 7f 00 00 00 00 00 00 00 00 [0m
frame 3526: 28139 us total, 12583 us display, type 3
frame 3527: 28536 us total, 12094 us display, type 3
frame 3528: 28067 us total, 12075 us display, type 3
axes L    385 -23537 R   -369   -121 T     0     0 level 1, 9 reports in 257 ms
frame 3529: 29802 us total, 12270 us display, type 3
frame 3530: 27076 us total, 11848 us display, type 3
frame 3531: 29028 us total, 11872 us display, type 3
frame 3532: 29688 us total, 12036 us display, type 3
frame 3533: 27561 us total, 12186 us display, type 3
frame 3534: 28559 us total, 11693 us display, type 3
[0;32mI (120139) PAD: report id 1 len 16: 81 81 38 24 8f 7e 87 7f 00 00 00 00 00 00 00 00 [0m
frame 3535: 29272 us total, 11695 us display, type 3
frame 3536: 27770 us total, 12101 us display, type 3
frame 3537: 28170 us total, 12094 us display, type 3
axes L    385 -23496 R   -369   -121 T     0     0 level 1, 9 reports in 257 ms
frame 3538: 29267 us total, 12108 us display, type 3
frame 3539: 28886 us total, 12083 us display, type 3
frame 3540: 27903 us total, 11931 us display, type 3
frame 3541: 28960 us total, 11852 us display, type 3
frame 3542: 28509 us total, 12042 us display, type 3
frame 3543: 28701 us total, 12193 us display, type 3
frame 3544: 27834 us total, 11697 us display, type 3
[0;32mI (120409) PAD: report id 1 len 16: 81 81 38 24 8f 7e 87 7f 00 00 00 00 00 00 00 00 [0m
frame 3545: 28768 us total, 11700 us display, type 3
frame 3546: 28899 us total, 11692 us display, type 3
axes L    385 -23496 R   -369   -121 T     0     0 level 1, 9 reports in 257 ms
frame 3547: 28497 us total, 11694 us display, type 3
frame 3548: 28212 us total, 11687 us display, type 3
frame 3549: 28835 us total, 11694 us display, type 3
frame 3550: 29318 us total, 11686 us display, type 3
frame 3551: 27669 us total, 11687 us display, type 3
frame 3552: 29453 us total, 11694 us display, type 3
frame 3553: 28756 us total, 11686 us display, type 3
[0;32mI (120679) PAD: report id 1 len 16: 81 81 38 24 8f 7e 87 7f 00 00 00 00 00 00 00 00 [0m
frame 3554: 28386 us total, 11712 us display, type 3
frame 3555: 28693 us total, 11841 us display, type 3
axes L    385 -23496 R   -369   -121 T     0     0 level 1, 8 reports in 257 ms
frame 3556: 28227 us total, 11692 us display, type 3
frame 3557: 28213 us total, 12110 us display, type 3
frame 3558: 27835 us total, 12082 us display, type 3
frame 3559: 29211 us total, 12092 us display, type 3
frame 3560: 29147 us total, 12081 us display, type 3
frame 3561: 27827 us total, 11930 us display, type 3
frame 3562: 29877 us total, 12288 us display, type 3
[0;32mI (120949) PAD: report id 1 len 16: 81 81 38 24 8f 7e 87 7f 00 00 00 00 00 00 00 00 [0m
frame 3563: 27793 us total, 12576 us display, type 3
frame 3564: 28616 us total, 12196 us display, type 3
axes L    385 -23496 R   -369   -121 T     0     0 level 1, 9 reports in 257 ms
frame 3565: 28921 us total, 12345 us display, type 3
frame 3566: 27565 us total, 11692 us display, type 3
frame 3567: 29147 us total, 11693 us display, type 3
frame 3568: 27996 us total, 11973 us display, type 3
frame 3569: 28439 us total, 11686 us display, type 3
frame 3570: 28921 us total, 11693 us display, type 3
frame 3571: 29429 us total, 11694 us display, type 3
frame 3572: 27989 us total, 11694 us display, type 3
[0;32mI (121219) PAD: report id 1 len 16: 81 81 38 24 8f 7e 87 7f 00 00 00 00 00 00 00 00 [0m
frame 3573: 29170 us total, 11694 us display, type 3
axes L    385 -23496 R   -369   -121 T     0     0 level 1, 8 reports in 258 ms
frame 3574: 28892 us total, 11700 us display, type 3
frame 3575: 27708 us total, 11818 us display, type 3
frame 3576: 28828 us total, 11686 us display, type 3
frame 3577: 28273 us total, 11693 us display, type 3
frame 3578: 28311 us total, 12090 us display, type 3
frame 3579: 27916 us total, 12084 us display, type 3
frame 3580: 29341 us total, 11691 us display, type 3
frame 3581: 29155 us total, 11687 us display, type 3
[0;32mI (121474) PAD: report id 1 len 16: 81 81 6f 24 8f 7e 87 7f 00 00 00 00 00 00 00 00 [0m
frame 3582: 28914 us total, 11701 us display, type 3
axes L    385 -23441 R   -369   -121 T     0     0 level 1, 9 reports in 257 ms
frame 3583: 28626 us total, 11700 us display, type 3
frame 3584: 27496 us total, 11687 us display, type 3
mem @frame 3584: heap free 66336, largest 40960, min ever 65508, zone free 55016, stack free 14540, uptime 121 s, gamestate 0, demo 0, usergame 1, tic 4154
frame 3585: 29054 us total, 11710 us display, type 3
frame 3586: 28162 us total, 11746 us display, type 3
frame 3587: 28839 us total, 11686 us display, type 3
frame 3588: 28913 us total, 11686 us display, type 3
frame 3589: 27676 us total, 12100 us display, type 3
frame 3590: 28847 us total, 12081 us display, type 3
[0;32mI (121744) PAD: report id 1 len 16: 81 81 6f 24 8f 7e 87 7f 00 00 00 00 00 00 00 00 [0m
frame 3591: 28885 us total, 12580 us display, type 3
axes L    385 -23441 R   -369   -121 T     0     0 level 1, 9 reports in 257 ms
frame 3592: 29237 us total, 12045 us display, type 3
frame 3593: 27003 us total, 11848 us display, type 3
frame 3594: 29039 us total, 11844 us display, type 3
frame 3595: 29365 us total, 12084 us display, type 3
frame 3596: 27879 us total, 12118 us display, type 3
frame 3597: 28685 us total, 11695 us display, type 3
frame 3598: 28008 us total, 11692 us display, type 3
frame 3599: 28540 us total, 11687 us display, type 3
frame 3600: 27910 us total, 11686 us display, type 3
[0;32mI (122014) PAD: report id 1 len 16: 81 81 6f 24 8f 7e 87 7f 00 00 00 00 00 00 00 00 [0m
axes L    385 -23441 R   -369   -121 T     0     0 level 1, 9 reports in 258 ms
frame 3601: 30625 us total, 11694 us display, type 3
frame 3602: 28659 us total, 11687 us display, type 3
frame 3603: 27639 us total, 11686 us display, type 3
frame 3604: 29216 us total, 11687 us display, type 3
frame 3605: 27791 us total, 11704 us display, type 3
frame 3606: 29078 us total, 11748 us display, type 3
frame 3607: 28355 us total, 11692 us display, type 3
frame 3608: 28538 us total, 11693 us display, type 3
frame 3609: 29046 us total, 11686 us display, type 3
axes L    385 -23441 R   -369   -121 T     0     0 level 1, 8 reports in 255 ms
[0;32mI (122284) PAD: report id 1 len 16: 81 81 6f 24 8f 7e 87 7f 00 00 00 00 00 00 00 00 [0m
frame 3610: 28823 us total, 12934 us display, type 3
frame 3611: 27663 us total, 12081 us display, type 3
frame 3612: 29043 us total, 12383 us display, type 3
frame 3613: 28431 us total, 12005 us display, type 3
frame 3614: 27675 us total, 11847 us display, type 3
frame 3615: 29035 us total, 11863 us display, type 3
frame 3616: 29303 us total, 12050 us display, type 3
frame 3617: 27947 us total, 11975 us display, type 3
frame 3618: 28560 us total, 11693 us display, type 3
axes L    385 -23398 R   -369   -121 T     0     0 level 1, 9 reports in 257 ms
frame 3619: 28656 us total, 11685 us display, type 3
[0;32mI (122554) PAD: report id 1 len 16: 81 81 9a 24 8f 7e 87 7f 00 00 00 00 00 00 00 00 [0m
frame 3620: 28386 us total, 12060 us display, type 3
frame 3621: 27523 us total, 11687 us display, type 3
frame 3622: 30194 us total, 11694 us display, type 3
frame 3623: 28713 us total, 11698 us display, type 3
frame 3624: 28026 us total, 11687 us display, type 3
frame 3625: 29244 us total, 11693 us display, type 3
frame 3626: 27761 us total, 11713 us display, type 3
frame 3627: 29144 us total, 11687 us display, type 3
axes L    385 -23398 R   -369   -121 T     0     0 level 1, 8 reports in 257 ms
frame 3628: 28331 us total, 11692 us display, type 3
[0;32mI (122824) PAD: report id 1 len 16: 81 81 9a 24 8f 7e 87 7f 00 00 00 00 00 00 00 00 [0m
frame 3629: 29020 us total, 11693 us display, type 3
frame 3630: 28647 us total, 11773 us display, type 3
frame 3631: 27565 us total, 12092 us display, type 3
frame 3632: 29198 us total, 12108 us display, type 3
frame 3633: 27992 us total, 12085 us display, type 3
frame 3634: 29024 us total, 11991 us display, type 3
frame 3635: 27784 us total, 11846 us display, type 3
frame 3636: 28975 us total, 11877 us display, type 3
axes L    385 -23398 R   -369   -121 T     0     0 level 1, 9 reports in 258 ms
frame 3637: 30000 us total, 12274 us display, type 3
[0;32mI (123094) PAD: report id 1 len 16: 81 81 9a 24 8f 7e 87 7f 00 00 00 00 00 00 00 00 [0m
frame 3638: 27764 us total, 12599 us display, type 3
frame 3639: 27984 us total, 11693 us display, type 3
frame 3640: 28360 us total, 11693 us display, type 3
frame 3641: 28333 us total, 11693 us display, type 3
frame 3642: 28571 us total, 11890 us display, type 3
frame 3643: 29252 us total, 11687 us display, type 3
frame 3644: 28963 us total, 11696 us display, type 3
frame 3645: 28134 us total, 11693 us display, type 3
axes L    385 -23398 R   -369   -121 T     0     0 level 1, 8 reports in 257 ms
frame 3646: 29453 us total, 11693 us display, type 3
frame 3647: 27663 us total, 11687 us display, type 3
[0;32mI (123364) PAD: report id 1 len 16: 81 81 9a 24 8f 7e 87 7f 00 00 00 00 00 00 00 00 [0m
frame 3648: 29445 us total, 11700 us display, type 3
frame 3649: 27652 us total, 11815 us display, type 3
frame 3650: 28743 us total, 11686 us display, type 3
frame 3651: 29049 us total, 11692 us display, type 3
frame 3652: 28301 us total, 12187 us display, type 3
frame 3653: 28169 us total, 12082 us display, type 3
frame 3654: 28339 us total, 12095 us display, type 3
axes L    385 -23398 R   -369   -121 T     0     0 level 1, 9 reports in 257 ms
frame 3655: 29723 us total, 12264 us display, type 3
frame 3656: 27115 us total, 11849 us display, type 3
[0;32mI (123634) PAD: report id 1 len 16: 81 81 9a 24 8f 7e 87 7f 00 00 00 00 00 00 00 00 [0m
frame 3657: 29520 us total, 12348 us display, type 3
frame 3658: 28783 us total, 12064 us display, type 3
frame 3659: 27931 us total, 12139 us display, type 3
frame 3660: 28551 us total, 11692 us display, type 3
frame 3661: 28207 us total, 11697 us display, type 3
frame 3662: 29109 us total, 12054 us display, type 3
frame 3663: 27336 us total, 11687 us display, type 3
axes L    385 -23344 R   -369   -121 T     0     0 level 1, 9 reports in 257 ms
frame 3664: 30116 us total, 11694 us display, type 3
frame 3665: 28735 us total, 11694 us display, type 3
frame 3666: 28037 us total, 11687 us display, type 3
[0;32mI (123904) PAD: report id 1 len 16: 81 81 d0 24 8f 7e 87 7f 00 00 00 00 00 00 00 00 [0m
frame 3667: 29781 us total, 11707 us display, type 3
frame 3668: 27215 us total, 11687 us display, type 3
frame 3669: 29065 us total, 11692 us display, type 3
frame 3670: 28168 us total, 11852 us display, type 3
frame 3671: 28748 us total, 11686 us display, type 3
frame 3672: 29364 us total, 11686 us display, type 3
axes L    385 -23344 R   -369   -121 T     0     0 level 1, 8 reports in 256 ms
frame 3673: 27986 us total, 12428 us display, type 3
frame 3674: 28244 us total, 12086 us display, type 3
frame 3675: 28266 us total, 12076 us display, type 3
[0;32mI (124174) PAD: report id 1 len 16: 81 81 d0 24 8f 7e 87 7f 00 00 00 00 00 00 00 00 [0m
frame 3676: 29633 us total, 12495 us display, type 3
frame 3677: 27349 us total, 11862 us display, type 3
frame 3678: 28843 us total, 11932 us display, type 3
frame 3679: 29315 us total, 12062 us display, type 3
frame 3680: 27939 us total, 12144 us display, type 3
frame 3681: 28543 us total, 11693 us display, type 3
axes L    385 -23344 R   -369   -121 T     0     0 level 1, 9 reports in 257 ms
frame 3682: 28933 us total, 11693 us display, type 3
frame 3683: 27648 us total, 11687 us display, type 3
frame 3684: 28071 us total, 11687 us display, type 3
frame 3685: 29804 us total, 11686 us display, type 3
[0;32mI (124444) PAD: report id 1 len 16: 81 81 d0 24 8f 7e 87 7f 00 00 00 00 00 00 00 00 [0m
frame 3686: 29821 us total, 11970 us display, type 3
frame 3687: 27460 us total, 11687 us display, type 3
frame 3688: 28920 us total, 11687 us display, type 3
frame 3689: 27883 us total, 11687 us display, type 3
frame 3690: 29061 us total, 11749 us display, type 3
axes L    385 -23344 R   -369   -121 T     0     0 level 1, 8 reports in 257 ms
frame 3691: 28569 us total, 11693 us display, type 3
frame 3692: 28749 us total, 11693 us display, type 3
frame 3693: 28580 us total, 11693 us display, type 3
frame 3694: 28368 us total, 12458 us display, type 3
[0;32mI (124714) PAD: report id 1 len 16: 81 81 d0 24 8f 7e 87 7f 00 00 00 00 00 00 00 00 [0m
frame 3695: 28701 us total, 12582 us display, type 3
frame 3696: 27737 us total, 12071 us display, type 3
frame 3697: 29770 us total, 12458 us display, type 3
frame 3698: 27098 us total, 11849 us display, type 3
frame 3699: 29031 us total, 11892 us display, type 3
axes L    385 -23344 R   -369   -121 T     0     0 level 1, 9 reports in 258 ms
frame 3700: 29694 us total, 12058 us display, type 3
frame 3701: 27561 us total, 12218 us display, type 3
frame 3702: 28909 us total, 11693 us display, type 3
frame 3703: 27785 us total, 11692 us display, type 3
frame 3704: 28502 us total, 11687 us display, type 3
[0;32mI (124984) PAD: report id 1 len 16: 81 81 d0 24 8f 7e 87 7f 00 00 00 00 00 00 00 00 [0m
frame 3705: 29072 us total, 11687 us display, type 3
frame 3706: 28654 us total, 11694 us display, type 3
frame 3707: 29243 us total, 11687 us display, type 3
frame 3708: 27890 us total, 11687 us display, type 3
axes L    385 -23344 R   -369   -121 T     0     0 level 1, 8 reports in 257 ms
frame 3709: 29806 us total, 11880 us display, type 3
frame 3710: 27269 us total, 11687 us display, type 3
frame 3711: 29012 us total, 11813 us display, type 3
frame 3712: 28607 us total, 11692 us display, type 3
frame 3713: 27805 us total, 11692 us display, type 3
frame 3714: 28974 us total, 11698 us display, type 3
frame 3715: 28149 us total, 11803 us display, type 3
frame 3716: 28480 us total, 11683 us display, type 3
frame 3717: 28732 us total, 11999 us display, type 3
axes L    385 -23344 R   -369   -121 T     0     0 level 1, 4 reports in 257 ms
frame 3718: 29116 us total, 11686 us display, type 3
frame 3719: 27465 us total, 11694 us display, type 3
frame 3720: 29059 us total, 11698 us display, type 3
frame 3721: 29148 us total, 11698 us display, type 3
frame 3722: 28238 us total, 11694 us display, type 3
frame 3723: 28677 us total, 11700 us display, type 3
frame 3724: 28058 us total, 11693 us display, type 3
frame 3725: 28543 us total, 11684 us display, type 3
frame 3726: 27985 us total, 11691 us display, type 3
axes L    385 -23344 R   -369   -121 T     0     0 level 1, 0 reports in 257 ms
frame 3727: 29689 us total, 11690 us display, type 3
[0;32mI (125659) PAD: report id 1 len 16: 81 81 fc 24 8f 7e 87 7f 00 00 00 00 00 00 00 00 [0m
frame 3728: 29504 us total, 12575 us display, type 3
frame 3729: 27394 us total, 11931 us display, type 3
frame 3730: 29307 us total, 11894 us display, type 3
frame 3731: 27839 us total, 12051 us display, type 3
frame 3732: 29521 us total, 12198 us display, type 3
frame 3733: 27510 us total, 11693 us display, type 3
frame 3734: 28596 us total, 11692 us display, type 3
frame 3735: 29062 us total, 11700 us display, type 3
axes L    385 -23300 R   -369   -121 T     0     0 level 1, 8 reports in 257 ms
frame 3736: 28150 us total, 11700 us display, type 3
frame 3737: 28515 us total, 11686 us display, type 3
[0;32mI (125929) PAD: report id 1 len 16: 81 81 fc 24 8f 7e 87 7f 00 00 00 00 00 00 00 00 [0m
frame 3738: 29550 us total, 11977 us display, type 3
frame 3739: 28523 us total, 11691 us display, type 3
frame 3740: 27744 us total, 11687 us display, type 3
frame 3741: 29050 us total, 11687 us display, type 3
frame 3742: 29391 us total, 11700 us display, type 3
frame 3743: 27707 us total, 11833 us display, type 3
frame 3744: 28828 us total, 11686 us display, type 3
axes L    385 -23300 R   -369   -121 T     0     0 level 1, 8 reports in 257 ms
frame 3745: 28544 us total, 11693 us display, type 3
frame 3746: 28036 us total, 12093 us display, type 3
[0;32mI (126199) PAD: report id 1 len 16: 81 81 fc 24 8f 7e 87 7f 00 00 00 00 00 00 00 00 [0m
frame 3747: 28525 us total, 12593 us display, type 3
frame 3748: 28767 us total, 12108 us display, type 3
frame 3749: 28976 us total, 12087 us display, type 3
frame 3750: 27926 us total, 11936 us display, type 3
frame 3751: 29286 us total, 11900 us display, type 3
frame 3752: 28153 us total, 12043 us display, type 3
frame 3753: 28785 us total, 12198 us display, type 3
axes L    385 -23300 R   -369   -121 T     0     0 level 1, 9 reports in 257 ms
frame 3754: 28016 us total, 11686 us display, type 3
frame 3755: 28456 us total, 11699 us display, type 3
frame 3756: 29031 us total, 11692 us display, type 3
[0;32mI (126469) PAD: report id 1 len 16: 81 81 fc 24 8f 7e 87 7f 00 00 00 00 00 00 00 00 [0m
frame 3757: 28125 us total, 11912 us display, type 3
frame 3758: 28510 us total, 11687 us display, type 3
frame 3759: 28871 us total, 11687 us display, type 3
frame 3760: 29204 us total, 11687 us display, type 3
frame 3761: 27836 us total, 11694 us display, type 3
frame 3762: 29349 us total, 11694 us display, type 3
axes L    385 -23300 R   -369   -121 T     0     0 level 1, 8 reports in 258 ms
frame 3763: 29138 us total, 11701 us display, type 3
frame 3764: 27638 us total, 11801 us display, type 3
frame 3765: 28823 us total, 11685 us display, type 3
[0;32mI (126739) PAD: report id 1 len 16: 81 81 fc 24 8f 7e 87 7f 00 00 00 00 00 00 00 00 [0m
frame 3766: 28648 us total, 11693 us display, type 3
frame 3767: 28017 us total, 12095 us display, type 3
frame 3768: 27861 us total, 12081 us display, type 3
frame 3769: 29212 us total, 12092 us display, type 3
frame 3770: 29057 us total, 12079 us display, type 3
frame 3771: 28007 us total, 11932 us display, type 3
axes L    385 -23300 R   -369   -121 T     0     0 level 1, 9 reports in 257 ms
frame 3772: 29800 us total, 11901 us display, type 3
frame 3773: 27178 us total, 12034 us display, type 3
frame 3774: 29228 us total, 12193 us display, type 3
frame 3775: 27830 us total, 11700 us display, type 3
[0;32mI (127009) PAD: report id 1 len 16: 81 81 fc 24 8f 7e 87 7f 00 00 00 00 00 00 00 00 [0m
frame 3776: 28661 us total, 11693 us display, type 3
frame 3777: 29170 us total, 11693 us display, type 3
frame 3778: 27960 us total, 11928 us display, type 3
frame 3779: 28510 us total, 11691 us display, type 3
frame 3780: 28816 us total, 11687 us display, type 3
axes L    385 -23300 R   -369   -121 T     0     0 level 1, 8 reports in 257 ms
frame 3781: 29003 us total, 11687 us display, type 3
frame 3782: 27956 us total, 11702 us display, type 3
frame 3783: 28505 us total, 11694 us display, type 3
frame 3784: 29201 us total, 11701 us display, type 3
frame 3785: 27887 us total, 11693 us display, type 3
frame 3786: 28968 us total, 11699 us display, type 3
frame 3787: 28336 us total, 11693 us display, type 3
frame 3788: 28250 us total, 11690 us display, type 3
frame 3789: 28049 us total, 11684 us display, type 3
axes L    385 -23300 R   -369   -121 T     0     0 level 1, 0 reports in 257 ms
frame 3790: 29671 us total, 11830 us display, type 3
frame 3791: 28541 us total, 11684 us display, type 3
frame 3792: 28559 us total, 11693 us display, type 3
frame 3793: 28743 us total, 11696 us display, type 3
frame 3794: 27853 us total, 11695 us display, type 3
frame 3795: 29041 us total, 11693 us display, type 3
frame 3796: 28195 us total, 11693 us display, type 3
frame 3797: 28880 us total, 11693 us display, type 3
frame 3798: 28878 us total, 11699 us display, type 3
axes L    385 -23300 R   -369   -121 T     0     0 level 1, 0 reports in 257 ms
frame 3799: 28154 us total, 11724 us display, type 3
frame 3800: 28533 us total, 11684 us display, type 3
frame 3801: 28152 us total, 11684 us display, type 3
frame 3802: 29660 us total, 11687 us display, type 3
frame 3803: 27506 us total, 11699 us display, type 3
frame 3804: 29000 us total, 11697 us display, type 3
frame 3805: 29226 us total, 11694 us display, type 3
frame 3806: 27720 us total, 11692 us display, type 3
frame 3807: 29178 us total, 11693 us display, type 3
axes L    385 -23300 R   -369   -121 T     0     0 level 1, 0 reports in 257 ms
frame 3808: 28355 us total, 11686 us display, type 3
frame 3809: 28142 us total, 11683 us display, type 3
frame 3810: 28060 us total, 11683 us display, type 3
[0;32mI (128014) PAD: report id 1 len 16: 81 81 32 25 8f 7e 87 7f 00 00 00 00 00 00 00 00 [0m
frame 3811: 30546 us total, 12042 us display, type 3
frame 3812: 28675 us total, 11687 us display, type 3
frame 3813: 27682 us total, 11694 us display, type 3
frame 3814: 29028 us total, 11687 us display, type 3
frame 3815: 27977 us total, 11687 us display, type 3
frame 3816: 29027 us total, 11760 us display, type 3
axes L    385 -23246 R   -369   -121 T     0     0 level 1, 6 reports in 257 ms
frame 3817: 28538 us total, 11693 us display, type 3
frame 3818: 28429 us total, 11693 us display, type 3
frame 3819: 28900 us total, 11686 us display, type 3
[0;32mI (128284) PAD: report id 1 len 16: 81 81 32 25 8f 7e 87 7f 00 00 00 00 00 00 00 00 [0m
frame 3820: 28211 us total, 12597 us display, type 3
frame 3821: 28359 us total, 12081 us display, type 3
frame 3822: 29035 us total, 12419 us display, type 3
frame 3823: 29009 us total, 12396 us display, type 3
frame 3824: 27051 us total, 11876 us display, type 3
frame 3825: 29072 us total, 11850 us display, type 3
axes L    385 -23246 R   -369   -121 T     0     0 level 1, 9 reports in 258 ms
frame 3826: 29646 us total, 12036 us display, type 3
frame 3827: 27604 us total, 12009 us display, type 3
frame 3828: 28602 us total, 11700 us display, type 3
frame 3829: 28039 us total, 11692 us display, type 3
[0;32mI (128554) PAD: report id 1 len 16: 81 81 32 25 8f 7e 87 7f 00 00 00 00 00 00 00 00 [0m
frame 3830: 28565 us total, 11687 us display, type 3
frame 3831: 27987 us total, 11688 us display, type 3
frame 3832: 30043 us total, 11687 us display, type 3
frame 3833: 28822 us total, 11687 us display, type 3
frame 3834: 27954 us total, 11687 us display, type 3
axes L    385 -23246 R   -369   -121 T     0     0 level 1, 8 reports in 257 ms
frame 3835: 29618 us total, 11694 us display, type 3
frame 3836: 27447 us total, 11687 us display, type 3
frame 3837: 29068 us total, 11687 us display, type 3
frame 3838: 28167 us total, 11795 us display, type 3
[0;32mI (128824) PAD: report id 1 len 16: 81 81 32 25 8f 7e 87 7f 00 00 00 00 00 00 00 00 [0m
frame 3839: 29282 us total, 11699 us display, type 3
frame 3840: 28461 us total, 11686 us display, type 3
mem @frame 3840: heap free 66336, largest 40960, min ever 65508, zone free 55016, stack free 14540, uptime 128 s, gamestate 0, demo 0, usergame 1, tic 4410
frame 3841: 27819 us total, 12096 us display, type 3
frame 3842: 29032 us total, 12103 us display, type 3
frame 3843: 28016 us total, 12076 us display, type 3
axes L    385 -23246 R   -369   -121 T     0     0 level 1, 9 reports in 257 ms
frame 3844: 29723 us total, 12141 us display, type 3
frame 3845: 27110 us total, 11855 us display, type 3
frame 3846: 28989 us total, 11838 us display, type 3
frame 3847: 29525 us total, 12041 us display, type 3
[0;32mI (129094) PAD: report id 1 len 16: 81 81 32 25 8f 7e 87 7f 00 00 00 00 00 00 00 00 [0m
frame 3848: 28228 us total, 12638 us display, type 3
frame 3849: 28050 us total, 11693 us display, type 3
frame 3850: 28155 us total, 11692 us display, type 3
frame 3851: 28526 us total, 11686 us display, type 3
frame 3852: 28530 us total, 11942 us display, type 3
axes L    385 -23246 R   -369   -121 T     0     0 level 1, 9 reports in 257 ms
frame 3853: 29559 us total, 11694 us display, type 3
frame 3854: 28717 us total, 11693 us display, type 3
frame 3855: 28071 us total, 11693 us display, type 3
frame 3856: 29234 us total, 11687 us display, type 3
frame 3857: 27859 us total, 11687 us display, type 3
[0;32mI (129364) PAD: report id 1 len 16: 81 81 32 25 8f 7e 87 7f 00 00 00 00 00 00 00 00 [0m
frame 3858: 29406 us total, 11697 us display, type 3
frame 3859: 27755 us total, 11686 us display, type 3
frame 3860: 28648 us total, 11686 us display, type 3
frame 3861: 29048 us total, 11686 us display, type 3
axes L    385 -23246 R   -369   -121 T     0     0 level 1, 8 reports in 256 ms
frame 3862: 28696 us total, 12096 us display, type 3
frame 3863: 27436 us total, 11691 us display, type 3
frame 3864: 28286 us total, 11690 us display, type 3
frame 3865: 29386 us total, 11851 us display, type 3
frame 3866: 27677 us total, 11694 us display, type 3
frame 3867: 29118 us total, 11694 us display, type 3
frame 3868: 29019 us total, 11701 us display, type 3
frame 3869: 27920 us total, 11700 us display, type 3
frame 3870: 28873 us total, 11693 us display, type 3
axes L    385 -23246 R   -369   -121 T     0     0 level 1, 1 reports in 257 ms
frame 3871: 28547 us total, 11686 us display, type 3
frame 3872: 28925 us total, 12051 us display, type 3
frame 3873: 27181 us total, 11688 us display, type 3
frame 3874: 29196 us total, 11690 us display, type 3
frame 3875: 29147 us total, 11691 us display, type 3
frame 3876: 28107 us total, 11694 us display, type 3
frame 3877: 29299 us total, 11728 us display, type 3
frame 3878: 27624 us total, 11694 us display, type 3
frame 3879: 29039 us total, 11696 us display, type 3
axes L    385 -23246 R   -369   -121 T     0     0 level 1, 0 reports in 257 ms
frame 3880: 28448 us total, 11692 us display, type 3
frame 3881: 28537 us total, 11700 us display, type 3
frame 3882: 29428 us total, 11693 us display, type 3
[0;32mI (130069) PAD: report id 1 len 16: 81 81 5d 25 8f 7e 87 7f 00 00 00 00 00 00 00 00 [0m
frame 3883: 27321 us total, 11691 us display, type 3
frame 3884: 28931 us total, 11687 us display, type 3
frame 3885: 28849 us total, 11688 us display, type 3
frame 3886: 29272 us total, 11694 us display, type 3
frame 3887: 27950 us total, 11686 us display, type 3
frame 3888: 28768 us total, 11694 us display, type 3
axes L    385 -23203 R   -369   -121 T     0     0 level 1, 6 reports in 258 ms
frame 3889: 29556 us total, 11701 us display, type 3
frame 3890: 27644 us total, 11840 us display, type 3
frame 3891: 28825 us total, 11685 us display, type 3
[0;32mI (130339) PAD: report id 1 len 16: 81 81 5d 25 8f 7e 87 7f 00 00 00 00 00 00 00 00 [0m
frame 3892: 29011 us total, 11686 us display, type 3
frame 3893: 27521 us total, 12101 us display, type 3
frame 3894: 28001 us total, 12085 us display, type 3
frame 3895: 29248 us total, 12093 us display, type 3
frame 3896: 28995 us total, 12073 us display, type 3
frame 3897: 28132 us total, 11935 us display, type 3
axes L    385 -23203 R   -369   -121 T     0     0 level 1, 9 reports in 257 ms
frame 3898: 29160 us total, 11687 us display, type 3
frame 3899: 28205 us total, 11955 us display, type 3
frame 3900: 28778 us total, 12199 us display, type 3
frame 3901: 27703 us total, 11699 us display, type 3
[0;32mI (130609) PAD: report id 1 len 16: 81 81 5d 25 8f 7e 87 7f 00 00 00 00 00 00 00 00 [0m
frame 3902: 29094 us total, 11693 us display, type 3
frame 3903: 28642 us total, 11693 us display, type 3
frame 3904: 28132 us total, 12038 us display, type 3
frame 3905: 28591 us total, 11687 us display, type 3
frame 3906: 28699 us total, 11698 us display, type 3
axes L    385 -23203 R   -369   -121 T     0     0 level 1, 8 reports in 257 ms
frame 3907: 29893 us total, 11843 us display, type 3
frame 3908: 27240 us total, 11694 us display, type 3
frame 3909: 28982 us total, 11687 us display, type 3
frame 3910: 29180 us total, 11687 us display, type 3
[0;32mI (130879) PAD: report id 1 len 16: 81 81 5d 25 8f 7e 87 7f 00 00 00 00 00 00 00 00 [0m
frame 3911: 28266 us total, 11716 us display, type 3
frame 3912: 28919 us total, 11693 us display, type 3
frame 3913: 27759 us total, 11686 us display, type 3
frame 3914: 28390 us total, 12099 us display, type 3
frame 3915: 28073 us total, 12093 us display, type 3
axes L    385 -23203 R   -369   -121 T     0     0 level 1, 9 reports in 257 ms
frame 3916: 29357 us total, 12107 us display, type 3
frame 3917: 29020 us total, 12088 us display, type 3
frame 3918: 27822 us total, 11930 us display, type 3
frame 3919: 28913 us total, 11851 us display, type 3
[0;32mI (131149) PAD: report id 1 len 16: 81 81 5d 25 8f 7e 87 7f 00 00 00 00 00 00 00 00 [0m
frame 3920: 28651 us total, 12582 us display, type 3
frame 3921: 28630 us total, 12202 us display, type 3
frame 3922: 28047 us total, 11693 us display, type 3
frame 3923: 28489 us total, 11696 us display, type 3
frame 3924: 28893 us total, 11693 us display, type 3
axes L    385 -23203 R   -369   -121 T     0     0 level 1, 9 reports in 257 ms
frame 3925: 28245 us total, 11700 us display, type 3
frame 3926: 28456 us total, 11687 us display, type 3
frame 3927: 28965 us total, 11687 us display, type 3
frame 3928: 29177 us total, 11687 us display, type 3
frame 3929: 27677 us total, 11687 us display, type 3
[0;32mI (131419) PAD: report id 1 len 16: 81 81 5d 25 8f 7e 87 7f 00 00 00 00 00 00 00 00 [0m
frame 3930: 29603 us total, 11693 us display, type 3
frame 3931: 28601 us total, 11687 us display, type 3
frame 3932: 28240 us total, 11700 us display, type 3
frame 3933: 28845 us total, 11875 us display, type 3
axes L    385 -23203 R   -369   -121 T     0     0 level 1, 8 reports in 257 ms
frame 3934: 28370 us total, 11700 us display, type 3
frame 3935: 27537 us total, 11684 us display, type 3
frame 3936: 27950 us total, 11684 us display, type 3
frame 3937: 29245 us total, 11683 us display, type 3
frame 3938: 29078 us total, 11690 us display, type 3
frame 3939: 27999 us total, 11693 us display, type 3
frame 3940: 29191 us total, 11701 us display, type 3
frame 3941: 27859 us total, 11694 us display, type 3
frame 3942: 29295 us total, 11693 us display, type 3
axes L    385 -23203 R   -369   -121 T     0     0 level 1, 1 reports in 257 ms
frame 3943: 28215 us total, 11687 us display, type 3
frame 3944: 28485 us total, 11695 us display, type 3
frame 3945: 29035 us total, 11693 us display, type 3
frame 3946: 28115 us total, 12004 us display, type 3
frame 3947: 28564 us total, 11682 us display, type 3
frame 3948: 28202 us total, 11690 us display, type 3
frame 3949: 29418 us total, 11808 us display, type 3
frame 3950: 27689 us total, 11693 us display, type 3
frame 3951: 29038 us total, 11701 us display, type 3
axes L    385 -23203 R   -369   -121 T     0     0 level 1, 0 reports in 258 ms
frame 3952: 29731 us total, 11694 us display, type 3
frame 3953: 27219 us total, 11692 us display, type 3
frame 3954: 28989 us total, 11694 us display, type 3
frame 3955: 28175 us total, 11693 us display, type 3
frame 3956: 28514 us total, 11683 us display, type 3
frame 3957: 28011 us total, 11682 us display, type 3
frame 3958: 29598 us total, 12027 us display, type 3
frame 3959: 28586 us total, 11683 us display, type 3
frame 3960: 28156 us total, 11694 us display, type 3
axes L    385 -23203 R   -369   -121 T     0     0 level 1, 0 reports in 257 ms
frame 3961: 29486 us total, 11687 us display, type 3
frame 3962: 27788 us total, 11694 us display, type 3
frame 3963: 28693 us total, 11694 us display, type 3
frame 3964: 28112 us total, 11693 us display, type 3
frame 3965: 28927 us total, 11693 us display, type 3
frame 3966: 29002 us total, 11692 us display, type 3
frame 3967: 28102 us total, 11955 us display, type 3
frame 3968: 28488 us total, 11682 us display, type 3
frame 3969: 28321 us total, 11690 us display, type 3
axes L    385 -23203 R   -369   -121 T     0     0 level 1, 0 reports in 257 ms
frame 3970: 29449 us total, 11694 us display, type 3
frame 3971: 27594 us total, 11694 us display, type 3
frame 3972: 29387 us total, 11728 us display, type 3
frame 3973: 28834 us total, 11694 us display, type 3
frame 3974: 27825 us total, 11693 us display, type 3
frame 3975: 28938 us total, 11699 us display, type 3
frame 3976: 28170 us total, 11693 us display, type 3
frame 3977: 28959 us total, 12044 us display, type 3
frame 3978: 27520 us total, 11682 us display, type 3
axes L    385 -23203 R   -369   -121 T     0     0 level 1, 0 reports in 257 ms
frame 3979: 29663 us total, 11835 us display, type 3
frame 3980: 28545 us total, 11683 us display, type 3
frame 3981: 28198 us total, 11694 us display, type 3
frame 3982: 29462 us total, 11695 us display, type 3
frame 3983: 27446 us total, 11694 us display, type 3
frame 3984: 29052 us total, 11694 us display, type 3
frame 3985: 28354 us total, 11699 us display, type 3
frame 3986: 28661 us total, 11692 us display, type 3
frame 3987: 29106 us total, 11693 us display, type 3
axes L    385 -23203 R   -369   -121 T     0     0 level 1, 0 reports in 257 ms
frame 3988: 28030 us total, 11787 us display, type 3
frame 3989: 28478 us total, 11684 us display, type 3
frame 3990: 28254 us total, 11684 us display, type 3
frame 3991: 29451 us total, 11833 us display, type 3
frame 3992: 28084 us total, 11694 us display, type 3
frame 3993: 28534 us total, 11694 us display, type 3
frame 3994: 29192 us total, 11701 us display, type 3
frame 3995: 27898 us total, 11692 us display, type 3
frame 3996: 28958 us total, 11698 us display, type 3
axes L    385 -23203 R   -369   -121 T     0     0 level 1, 0 reports in 257 ms
frame 3997: 28655 us total, 11693 us display, type 3
frame 3998: 27924 us total, 11691 us display, type 3
frame 3999: 28058 us total, 11684 us display, type 3
frame 4000: 29171 us total, 11691 us display, type 3
frame 4001: 29084 us total, 11684 us display, type 3
frame 4002: 28551 us total, 11693 us display, type 3
frame 4003: 28705 us total, 11700 us display, type 3
frame 4004: 27866 us total, 11693 us display, type 3
frame 4005: 29063 us total, 11694 us display, type 3
axes L    385 -23203 R   -369   -121 T     0     0 level 1, 0 reports in 257 ms
frame 4006: 28353 us total, 11699 us display, type 3
frame 4007: 28684 us total, 11693 us display, type 3
frame 4008: 28885 us total, 11692 us display, type 3
frame 4009: 28150 us total, 11881 us display, type 3
frame 4010: 28523 us total, 11682 us display, type 3
frame 4011: 28167 us total, 11684 us display, type 3
frame 4012: 29676 us total, 11692 us display, type 3
frame 4013: 27491 us total, 11693 us display, type 3
frame 4014: 28984 us total, 11700 us display, type 3
axes L    385 -23203 R   -369   -121 T     0     0 level 1, 0 reports in 258 ms
frame 4015: 29563 us total, 11686 us display, type 3
frame 4016: 27392 us total, 11693 us display, type 3
frame 4017: 29193 us total, 11699 us display, type 3
frame 4018: 27986 us total, 11692 us display, type 3
frame 4019: 28508 us total, 11683 us display, type 3
frame 4020: 28037 us total, 11683 us display, type 3
frame 4021: 29109 us total, 11689 us display, type 3
frame 4022: 29585 us total, 11776 us display, type 3
frame 4023: 27721 us total, 11693 us display, type 3
axes L    385 -23203 R   -369   -121 T     0     0 level 1, 0 reports in 257 ms
frame 4024: 29392 us total, 11687 us display, type 3
frame 4025: 27565 us total, 11693 us display, type 3
frame 4026: 28963 us total, 11694 us display, type 3
frame 4027: 28245 us total, 11693 us display, type 3
frame 4028: 28784 us total, 11693 us display, type 3
frame 4029: 28895 us total, 11692 us display, type 3
frame 4030: 27836 us total, 11684 us display, type 3
frame 4031: 28862 us total, 11683 us display, type 3
frame 4032: 28735 us total, 11783 us display, type 3
axes L    385 -23203 R   -369   -121 T     0     0 level 1, 0 reports in 257 ms
frame 4033: 29166 us total, 11687 us display, type 3
frame 4034: 27482 us total, 11693 us display, type 3
frame 4035: 29018 us total, 11693 us display, type 3
frame 4036: 29317 us total, 11693 us display, type 3
[0;32mI (134479) PAD: report id 1 len 16: 81 81 93 25 8f 7e 87 7f 00 00 00 00 00 00 00 00 [0m
frame 4037: 28754 us total, 11707 us display, type 3
frame 4038: 28441 us total, 11686 us display, type 3
frame 4039: 28128 us total, 11686 us display, type 3
frame 4040: 28383 us total, 12088 us display, type 3
frame 4041: 28043 us total, 12086 us display, type 3
axes L    385 -23149 R   -369   -121 T     0     0 level 1, 5 reports in 257 ms
frame 4042: 29934 us total, 12261 us display, type 3
frame 4043: 28368 us total, 12078 us display, type 3
frame 4044: 27666 us total, 11701 us display, type 3
frame 4045: 29917 us total, 11950 us display, type 3
[0;32mI (134749) PAD: report id 1 len 16: 81 81 93 25 8f 7e 87 7f 00 00 00 00 00 00 00 00 [0m
frame 4046: 27956 us total, 12556 us display, type 3
frame 4047: 28680 us total, 12205 us display, type 3
frame 4048: 27544 us total, 11693 us display, type 3
frame 4049: 28855 us total, 11692 us display, type 3
frame 4050: 28992 us total, 11692 us display, type 3
axes L    385 -23149 R   -369   -121 T     0     0 level 1, 9 reports in 257 ms
frame 4051: 28216 us total, 11694 us display, type 3
frame 4052: 29007 us total, 11894 us display, type 3
frame 4053: 28276 us total, 11694 us display, type 3
frame 4054: 29273 us total, 11694 us display, type 3
frame 4055: 27745 us total, 11687 us display, type 3
[0;32mI (135019) PAD: report id 1 len 16: 81 81 93 25 8f 7e 87 7f 00 00 00 00 00 00 00 00 [0m
frame 4056: 29560 us total, 11694 us display, type 3
frame 4057: 28738 us total, 11686 us display, type 3
frame 4058: 27887 us total, 11847 us display, type 3
frame 4059: 29074 us total, 11886 us display, type 3
axes L    385 -23149 R   -369   -121 T     0     0 level 1, 8 reports in 257 ms
frame 4060: 28369 us total, 11693 us display, type 3
frame 4061: 27900 us total, 12092 us display, type 3
frame 4062: 28391 us total, 12115 us display, type 3
frame 4063: 28771 us total, 12094 us display, type 3
frame 4064: 29224 us total, 12088 us display, type 3
[0;32mI (135289) PAD: report id 1 len 16: 81 81 93 25 8f 7e 87 7f 00 00 00 00 00 00 00 00 [0m
frame 4065: 28326 us total, 12432 us display, type 3
frame 4066: 28619 us total, 11869 us display, type 3
frame 4067: 28139 us total, 12065 us display, type 3
frame 4068: 29001 us total, 12193 us display, type 3
axes L    385 -23149 R   -369   -121 T     0     0 level 1, 9 reports in 257 ms
frame 4069: 28140 us total, 11690 us display, type 3
frame 4070: 28304 us total, 11692 us display, type 3
frame 4071: 29054 us total, 11693 us display, type 3
frame 4072: 28305 us total, 11694 us display, type 3
frame 4073: 28344 us total, 11687 us display, type 3
frame 4074: 28863 us total, 11687 us display, type 3
[0;32mI (135559) PAD: report id 1 len 16: 81 81 93 25 8f 7e 87 7f 00 00 00 00 00 00 00 00 [0m
frame 4075: 29948 us total, 11686 us display, type 3
frame 4076: 27071 us total, 11687 us display, type 3
frame 4077: 29144 us total, 11687 us display, type 3
axes L    385 -23149 R   -369   -121 T     0     0 level 1, 8 reports in 258 ms
frame 4078: 29275 us total, 11694 us display, type 3
frame 4079: 27736 us total, 11863 us display, type 3
frame 4080: 28819 us total, 11685 us display, type 3
frame 4081: 28139 us total, 11686 us display, type 3
frame 4082: 29301 us total, 12577 us display, type 3
frame 4083: 27064 us total, 12118 us display, type 3
[0;32mI (135829) PAD: report id 1 len 16: 81 81 93 25 8f 7e 87 7f 00 00 00 00 00 00 00 00 [0m
frame 4084: 29669 us total, 12597 us display, type 3
frame 4085: 28706 us total, 12077 us display, type 3
frame 4086: 27909 us total, 11928 us display, type 3
axes L    385 -23149 R   -369   -121 T     0     0 level 1, 9 reports in 257 ms
frame 4087: 29804 us total, 12089 us display, type 3
frame 4088: 27198 us total, 12037 us display, type 3
frame 4089: 28710 us total, 11694 us display, type 3
frame 4090: 28116 us total, 11699 us display, type 3
frame 4091: 28852 us total, 11699 us display, type 3
frame 4092: 29406 us total, 11693 us display, type 3
frame 4093: 27354 us total, 11682 us display, type 3
frame 4094: 28902 us total, 11690 us display, type 3
frame 4095: 28690 us total, 12035 us display, type 3
axes L    385 -23149 R   -369   -121 T     0     0 level 1, 2 reports in 257 ms
frame 4096: 29051 us total, 11693 us display, type 3
mem @frame 4096: heap free 66336, largest 40960, min ever 65508, zone free 55016, stack free 14540, uptime 135 s, gamestate 0, demo 0, usergame 1, tic 4666
frame 4097: 27747 us total, 11701 us display, type 3
frame 4098: 28858 us total, 11701 us display, type 3
frame 4099: 29230 us total, 11694 us display, type 3
frame 4100: 27809 us total, 11693 us display, type 3
frame 4101: 28891 us total, 11693 us display, type 3
frame 4102: 28733 us total, 11686 us display, type 3
frame 4103: 27987 us total, 11690 us display, type 3
frame 4104: 27975 us total, 11683 us display, type 3
axes L    385 -23149 R   -369   -121 T     0     0 level 1, 0 reports in 257 ms
frame 4105: 29743 us total, 11693 us display, type 3
frame 4106: 28479 us total, 11683 us display, type 3
frame 4107: 28485 us total, 11850 us display, type 3
frame 4108: 28814 us total, 11701 us display, type 3
frame 4109: 27856 us total, 11694 us display, type 3
frame 4110: 29046 us total, 11693 us display, type 3
frame 4111: 28027 us total, 11692 us display, type 3
frame 4112: 29293 us total, 11693 us display, type 3
frame 4113: 28632 us total, 11694 us display, type 3
axes L    385 -23149 R   -369   -121 T     0     0 level 1, 0 reports in 257 ms
frame 4114: 28148 us total, 11805 us display, type 3
frame 4115: 28518 us total, 11684 us display, type 3
frame 4116: 28234 us total, 11683 us display, type 3
frame 4117: 29468 us total, 11727 us display, type 3
frame 4118: 27633 us total, 11697 us display, type 3
frame 4119: 28903 us total, 11686 us display, type 3
frame 4120: 29222 us total, 11694 us display, type 3
frame 4121: 27885 us total, 11693 us display, type 3
frame 4122: 29356 us total, 11695 us display, type 3
axes L    385 -23149 R   -369   -121 T     0     0 level 1, 0 reports in 257 ms
frame 4123: 28166 us total, 11686 us display, type 3
frame 4124: 28031 us total, 11682 us display, type 3
frame 4125: 28108 us total, 11683 us display, type 3
frame 4126: 29092 us total, 11684 us display, type 3
frame 4127: 29592 us total, 12014 us display, type 3
frame 4128: 27725 us total, 11694 us display, type 3
frame 4129: 29099 us total, 11694 us display, type 3
frame 4130: 27824 us total, 11694 us display, type 3
frame 4131: 28996 us total, 11696 us display, type 3
axes L    385 -23149 R   -369   -121 T     0     0 level 1, 0 reports in 257 ms
frame 4132: 29020 us total, 11693 us display, type 3
frame 4133: 28022 us total, 11693 us display, type 3
frame 4134: 28904 us total, 11693 us display, type 3
frame 4135: 28202 us total, 12036 us display, type 3
frame 4136: 28473 us total, 11682 us display, type 3
frame 4137: 28331 us total, 11691 us display, type 3
frame 4138: 29381 us total, 11828 us display, type 3
frame 4139: 27666 us total, 11700 us display, type 3
frame 4140: 29001 us total, 11699 us display, type 3
axes L    385 -23149 R   -369   -121 T     0     0 level 1, 0 reports in 258 ms
frame 4141: 29563 us total, 11687 us display, type 3
frame 4142: 27755 us total, 11694 us display, type 3
frame 4143: 28687 us total, 11693 us display, type 3
frame 4144: 28119 us total, 11692 us display, type 3
frame 4145: 28543 us total, 11682 us display, type 3
frame 4146: 28013 us total, 11682 us display, type 3
frame 4147: 29164 us total, 11683 us display, type 3
frame 4148: 29059 us total, 11684 us display, type 3
frame 4149: 28130 us total, 11693 us display, type 3
axes L    385 -23149 R   -369   -121 T     0     0 level 1, 0 reports in 257 ms
frame 4150: 29460 us total, 11688 us display, type 3
frame 4151: 27571 us total, 11701 us display, type 3
frame 4152: 29238 us total, 11694 us display, type 3
frame 4153: 27856 us total, 11693 us display, type 3
frame 4154: 28840 us total, 11700 us display, type 3
frame 4155: 29044 us total, 11692 us display, type 3
frame 4156: 28107 us total, 11849 us display, type 3
frame 4157: 28548 us total, 11683 us display, type 3
frame 4158: 28197 us total, 11684 us display, type 3
axes L    385 -23149 R   -369   -121 T     0     0 level 1, 0 reports in 257 ms
frame 4159: 29557 us total, 11693 us display, type 3
frame 4160: 27570 us total, 11694 us display, type 3
frame 4161: 29018 us total, 11694 us display, type 3
frame 4162: 29480 us total, 11687 us display, type 3
frame 4163: 27482 us total, 11693 us display, type 3
frame 4164: 29044 us total, 11693 us display, type 3
frame 4165: 28062 us total, 11692 us display, type 3
frame 4166: 28532 us total, 11685 us display, type 3
frame 4167: 28118 us total, 11685 us display, type 3
axes L    385 -23149 R   -369   -121 T     0     0 level 1, 0 reports in 257 ms
frame 4168: 29541 us total, 11780 us display, type 3
frame 4169: 28635 us total, 11692 us display, type 3
frame 4170: 28027 us total, 11693 us display, type 3
frame 4171: 29396 us total, 11741 us display, type 3
frame 4172: 28098 us total, 11783 us display, type 3
frame 4173: 28557 us total, 11693 us display, type 3
frame 4174: 28346 us total, 11700 us display, type 3
frame 4175: 28600 us total, 11692 us display, type 3
frame 4176: 29040 us total, 11700 us display, type 3
axes L    385 -23149 R   -369   -121 T     0     0 level 1, 0 reports in 257 ms
frame 4177: 28243 us total, 11690 us display, type 3
frame 4178: 28339 us total, 11690 us display, type 3
frame 4179: 28351 us total, 11691 us display, type 3
frame 4180: 29400 us total, 11855 us display, type 3
frame 4181: 27670 us total, 11695 us display, type 3
frame 4182: 29391 us total, 11712 us display, type 3
frame 4183: 28722 us total, 11694 us display, type 3
frame 4184: 27886 us total, 11696 us display, type 3
frame 4185: 29029 us total, 11693 us display, type 3
axes L    385 -23149 R   -369   -121 T     0     0 level 1, 0 reports in 257 ms
frame 4186: 28448 us total, 11685 us display, type 3
frame 4187: 28686 us total, 12045 us display, type 3
frame 4188: 27404 us total, 11683 us display, type 3
frame 4189: 29213 us total, 11691 us display, type 3
frame 4190: 29136 us total, 11691 us display, type 3
frame 4191: 28129 us total, 11693 us display, type 3
frame 4192: 29514 us total, 11688 us display, type 3
frame 4193: 27388 us total, 11694 us display, type 3
frame 4194: 29067 us total, 11694 us display, type 3
axes L    385 -23149 R   -369   -121 T     0     0 level 1, 0 reports in 257 ms
frame 4195: 28684 us total, 11703 us display, type 3
frame 4196: 28302 us total, 11696 us display, type 3
frame 4197: 29171 us total, 11693 us display, type 3
[0;32mI (139069) PAD: report id 1 len 16: 81 81 bd 25 8f 7e 87 7f 00 00 00 00 00 00 00 00 [0m
frame 4198: 27992 us total, 12047 us display, type 3
frame 4199: 28514 us total, 11687 us display, type 3
frame 4200: 28657 us total, 12087 us display, type 3
frame 4201: 29558 us total, 11687 us display, type 3
frame 4202: 28039 us total, 11693 us display, type 3
frame 4203: 28634 us total, 11687 us display, type 3
axes L    385 -23107 R   -369   -121 T     0     0 level 1, 6 reports in 258 ms
frame 4204: 29484 us total, 11694 us display, type 3
frame 4205: 27658 us total, 11776 us display, type 3
frame 4206: 28765 us total, 11686 us display, type 3
[0;32mI (139339) PAD: report id 1 len 16: 81 81 bd 25 8f 7e 87 7f 00 00 00 00 00 00 00 00 [0m
frame 4207: 28840 us total, 11693 us display, type 3
frame 4208: 27739 us total, 12092 us display, type 3
frame 4209: 28000 us total, 12080 us display, type 3
frame 4210: 29184 us total, 12092 us display, type 3
frame 4211: 29073 us total, 12078 us display, type 3
frame 4212: 28782 us total, 12348 us display, type 3
axes L    385 -23107 R   -369   -121 T     0     0 level 1, 9 reports in 257 ms
frame 4213: 29028 us total, 12284 us display, type 3
frame 4214: 27287 us total, 12062 us display, type 3
frame 4215: 29221 us total, 12211 us display, type 3
frame 4216: 27523 us total, 11693 us display, type 3
[0;32mI (139609) PAD: report id 1 len 16: 81 81 bd 25 8f 7e 87 7f 00 00 00 00 00 00 00 00 [0m
frame 4217: 29000 us total, 11693 us display, type 3
frame 4218: 28930 us total, 11693 us display, type 3
frame 4219: 27685 us total, 11687 us display, type 3
frame 4220: 28914 us total, 11687 us display, type 3
frame 4221: 28815 us total, 11687 us display, type 3
axes L    385 -23107 R   -369   -121 T     0     0 level 1, 8 reports in 257 ms
frame 4222: 29905 us total, 11694 us display, type 3
frame 4223: 27196 us total, 11687 us display, type 3
frame 4224: 28892 us total, 11687 us display, type 3
frame 4225: 29264 us total, 11687 us display, type 3
[0;32mI (139879) PAD: report id 1 len 16: 81 81 bd 25 8f 7e 87 7f 00 00 00 00 00 00 00 00 [0m
frame 4226: 28333 us total, 11713 us display, type 3
frame 4227: 28700 us total, 11789 us display, type 3
frame 4228: 28032 us total, 11686 us display, type 3
frame 4229: 28245 us total, 12098 us display, type 3
frame 4230: 28006 us total, 12084 us display, type 3
axes L    385 -23107 R   -369   -121 T     0     0 level 1, 9 reports in 257 ms
frame 4231: 29961 us total, 12266 us display, type 3
frame 4232: 29059 us total, 12489 us display, type 3
frame 4233: 27224 us total, 11937 us display, type 3
frame 4234: 29028 us total, 11856 us display, type 3
[0;32mI (140149) PAD: report id 1 len 16: 81 81 bd 25 8f 7e 87 7f 00 00 00 00 00 00 00 00 [0m
frame 4235: 28553 us total, 12526 us display, type 3
frame 4236: 28698 us total, 12210 us display, type 3
frame 4237: 27639 us total, 11692 us display, type 3
frame 4238: 28824 us total, 11693 us display, type 3
frame 4239: 28974 us total, 11693 us display, type 3
axes L    385 -23107 R   -369   -121 T     0     0 level 1, 9 reports in 257 ms
frame 4240: 28128 us total, 11701 us display, type 3
frame 4241: 28548 us total, 11687 us display, type 3
frame 4242: 29135 us total, 11687 us display, type 3
frame 4243: 28940 us total, 11694 us display, type 3
frame 4244: 27775 us total, 11687 us display, type 3
[0;32mI (140419) PAD: report id 1 len 16: 81 81 bd 25 8f 7e 87 7f 00 00 00 00 00 00 00 00 [0m
frame 4245: 29520 us total, 11701 us display, type 3
frame 4246: 28637 us total, 11686 us display, type 3
frame 4247: 27995 us total, 11712 us display, type 3
frame 4248: 28834 us total, 11686 us display, type 3
axes L    385 -23107 R   -369   -121 T     0     0 level 1, 8 reports in 257 ms
frame 4249: 28476 us total, 11692 us display, type 3
frame 4250: 27579 us total, 11683 us display, type 3
frame 4251: 28060 us total, 11691 us display, type 3
frame 4252: 29644 us total, 11862 us display, type 3
frame 4253: 28621 us total, 11690 us display, type 3
frame 4254: 28160 us total, 11694 us display, type 3
frame 4255: 29246 us total, 11797 us display, type 3
frame 4256: 27677 us total, 11700 us display, type 3
frame 4257: 29137 us total, 11700 us display, type 3
axes L    385 -23107 R   -369   -121 T     0     0 level 1, 1 reports in 257 ms
frame 4258: 28559 us total, 11729 us display, type 3
frame 4259: 28337 us total, 11693 us display, type 3
frame 4260: 28909 us total, 11693 us display, type 3
frame 4261: 27833 us total, 11691 us display, type 3
frame 4262: 29447 us total, 11907 us display, type 3
frame 4263: 27672 us total, 11684 us display, type 3
frame 4264: 29439 us total, 11795 us display, type 3
frame 4265: 27657 us total, 11701 us display, type 3
frame 4266: 29010 us total, 11695 us display, type 3
axes L    385 -23107 R   -369   -121 T     0     0 level 1, 0 reports in 258 ms
frame 4267: 29598 us total, 11687 us display, type 3
frame 4268: 27414 us total, 11692 us display, type 3
frame 4269: 29030 us total, 11693 us display, type 3
frame 4270: 28075 us total, 11693 us display, type 3
frame 4271: 28513 us total, 11684 us display, type 3
frame 4272: 28595 us total, 11914 us display, type 3
frame 4273: 28508 us total, 11691 us display, type 3
frame 4274: 29188 us total, 11691 us display, type 3
frame 4275: 28153 us total, 11695 us display, type 3
axes L    385 -23107 R   -369   -121 T     0     0 level 1, 0 reports in 257 ms
frame 4276: 29405 us total, 11688 us display, type 3
frame 4277: 27709 us total, 11693 us display, type 3
frame 4278: 28752 us total, 11693 us display, type 3
frame 4279: 28248 us total, 11693 us display, type 3
frame 4280: 28801 us total, 11700 us display, type 3
frame 4281: 29019 us total, 11692 us display, type 3
frame 4282: 28162 us total, 11689 us display, type 3
frame 4283: 28418 us total, 11690 us display, type 3
frame 4284: 28313 us total, 11683 us display, type 3
axes L    385 -23107 R   -369   -121 T     0     0 level 1, 0 reports in 257 ms
frame 4285: 29611 us total, 11693 us display, type 3
frame 4286: 27495 us total, 11694 us display, type 3
frame 4287: 29172 us total, 11694 us display, type 3
frame 4288: 28895 us total, 11700 us display, type 3
frame 4289: 27928 us total, 11693 us display, type 3
frame 4290: 29050 us total, 11693 us display, type 3
frame 4291: 28106 us total, 11692 us display, type 3
frame 4292: 29220 us total, 12051 us display, type 3
frame 4293: 27261 us total, 11683 us display, type 3
axes L    385 -23107 R   -369   -121 T     0     0 level 1, 0 reports in 257 ms
frame 4294: 29658 us total, 11697 us display, type 3
frame 4295: 29067 us total, 12062 us display, type 3
frame 4296: 27601 us total, 11694 us display, type 3
frame 4297: 29376 us total, 11769 us display, type 3
frame 4298: 27670 us total, 11692 us display, type 3
frame 4299: 29000 us total, 11692 us display, type 3
frame 4300: 28151 us total, 11692 us display, type 3
frame 4301: 28769 us total, 11693 us display, type 3
frame 4302: 29436 us total, 11694 us display, type 3
axes L    385 -23107 R   -369   -121 T     0     0 level 1, 0 reports in 257 ms
frame 4303: 27784 us total, 11713 us display, type 3
frame 4304: 28487 us total, 11683 us display, type 3
frame 4305: 28708 us total, 12043 us display, type 3
frame 4306: 28987 us total, 11837 us display, type 3
frame 4307: 27817 us total, 11693 us display, type 3
frame 4308: 28851 us total, 11698 us display, type 3
frame 4309: 29073 us total, 11696 us display, type 3
frame 4310: 27933 us total, 11692 us display, type 3
frame 4311: 28987 us total, 11699 us display, type 3
axes L    385 -23107 R   -369   -121 T     0     0 level 1, 0 reports in 257 ms
frame 4312: 28857 us total, 11685 us display, type 3
frame 4313: 27781 us total, 11683 us display, type 3
frame 4314: 27935 us total, 11682 us display, type 3
frame 4315: 29254 us total, 11684 us display, type 3
frame 4316: 29097 us total, 11690 us display, type 3
frame 4317: 28416 us total, 11858 us display, type 3
frame 4318: 28854 us total, 11694 us display, type 3
frame 4319: 27743 us total, 11693 us display, type 3
frame 4320: 29073 us total, 11694 us display, type 3
axes L    385 -23107 R   -369   -121 T     0     0 level 1, 0 reports in 257 ms
frame 4321: 28461 us total, 11686 us display, type 3
frame 4322: 28902 us total, 11698 us display, type 3
frame 4323: 28677 us total, 11693 us display, type 3
frame 4324: 28104 us total, 11946 us display, type 3
frame 4325: 28533 us total, 11683 us display, type 3
frame 4326: 28214 us total, 11684 us display, type 3
frame 4327: 29446 us total, 11751 us display, type 3
frame 4328: 27704 us total, 11694 us display, type 3
frame 4329: 28891 us total, 11694 us display, type 3
axes L    385 -23107 R   -369   -121 T     0     0 level 1, 0 reports in 258 ms
frame 4330: 29531 us total, 11691 us display, type 3
frame 4331: 27531 us total, 11699 us display, type 3
frame 4332: 29306 us total, 11693 us display, type 3
frame 4333: 27919 us total, 11693 us display, type 3
frame 4334: 28408 us total, 11684 us display, type 3
frame 4335: 28039 us total, 11684 us display, type 3
frame 4336: 29203 us total, 11683 us display, type 3
frame 4337: 29102 us total, 11690 us display, type 3
frame 4338: 28063 us total, 11694 us display, type 3
axes L    385 -23107 R   -369   -121 T     0     0 level 1, 0 reports in 257 ms
frame 4339: 29439 us total, 11688 us display, type 3
frame 4340: 27524 us total, 11694 us display, type 3
frame 4341: 29036 us total, 11693 us display, type 3
frame 4342: 28648 us total, 11794 us display, type 3
frame 4343: 28314 us total, 11695 us display, type 3
frame 4344: 28998 us total, 11699 us display, type 3
frame 4345: 28152 us total, 11841 us display, type 3
frame 4346: 28548 us total, 11684 us display, type 3
frame 4347: 28272 us total, 11691 us display, type 3
axes L    385 -23107 R   -369   -121 T     0     0 level 1, 0 reports in 257 ms
frame 4348: 29506 us total, 11686 us display, type 3
frame 4349: 27536 us total, 11694 us display, type 3
frame 4350: 28984 us total, 11700 us display, type 3
frame 4351: 29193 us total, 11694 us display, type 3
frame 4352: 28122 us total, 11694 us display, type 3
mem @frame 4352: heap free 66336, largest 40960, min ever 65508, zone free 55016, stack free 14540, uptime 143 s, gamestate 0, demo 0, usergame 1, tic 4922
frame 4353: 28689 us total, 11696 us display, type 3
frame 4354: 28169 us total, 11692 us display, type 3
frame 4355: 28502 us total, 11683 us display, type 3
frame 4356: 28000 us total, 11683 us display, type 3
axes L    385 -23107 R   -369   -121 T     0     0 level 1, 0 reports in 257 ms
frame 4357: 29629 us total, 11760 us display, type 3
frame 4358: 28604 us total, 11683 us display, type 3
frame 4359: 28182 us total, 11694 us display, type 3
frame 4360: 29017 us total, 11693 us display, type 3
frame 4361: 27893 us total, 11700 us display, type 3
frame 4362: 29372 us total, 11701 us display, type 3
frame 4363: 27869 us total, 11693 us display, type 3
frame 4364: 28802 us total, 11693 us display, type 3
frame 4365: 28931 us total, 11693 us display, type 3
axes L    385 -23107 R   -369   -121 T     0     0 level 1, 0 reports in 257 ms
frame 4366: 28367 us total, 11690 us display, type 3
frame 4367: 28426 us total, 11683 us display, type 3
frame 4368: 28143 us total, 11683 us display, type 3
frame 4369: 29428 us total, 11793 us display, type 3
frame 4370: 27614 us total, 11694 us display, type 3
frame 4371: 29056 us total, 11694 us display, type 3
frame 4372: 29501 us total, 11694 us display, type 3
frame 4373: 27448 us total, 11693 us display, type 3
frame 4374: 29050 us total, 11692 us display, type 3
axes L    385 -23107 R   -369   -121 T     0     0 level 1, 0 reports in 257 ms
frame 4375: 28515 us total, 11686 us display, type 3
frame 4376: 28114 us total, 11684 us display, type 3
frame 4377: 28146 us total, 11690 us display, type 3
frame 4378: 28986 us total, 11684 us display, type 3
frame 4379: 29129 us total, 11683 us display, type 3
frame 4380: 28140 us total, 11693 us display, type 3
frame 4381: 29129 us total, 11694 us display, type 3
frame 4382: 28300 us total, 11735 us display, type 3
frame 4383: 28492 us total, 11693 us display, type 3
axes L    385 -23107 R   -369   -121 T     0     0 level 1, 0 reports in 257 ms
frame 4384: 28538 us total, 11686 us display, type 3
frame 4385: 28545 us total, 11693 us display, type 3
frame 4386: 28964 us total, 11695 us display, type 3
frame 4387: 28149 us total, 11900 us display, type 3
frame 4388: 28428 us total, 11689 us display, type 3
frame 4389: 28319 us total, 11684 us display, type 3
frame 4390: 29472 us total, 11749 us display, type 3
frame 4391: 27632 us total, 11699 us display, type 3
frame 4392: 29406 us total, 11693 us display, type 3
axes L    385 -23107 R   -369   -121 T     0     0 level 1, 0 reports in 258 ms
frame 4393: 29073 us total, 11686 us display, type 3
frame 4394: 27523 us total, 11693 us display, type 3
frame 4395: 29071 us total, 11694 us display, type 3
frame 4396: 28000 us total, 11697 us display, type 3
frame 4397: 29040 us total, 12046 us display, type 3
frame 4398: 27524 us total, 11684 us display, type 3
frame 4399: 29172 us total, 11690 us display, type 3
frame 4400: 29142 us total, 11691 us display, type 3
frame 4401: 28006 us total, 11693 us display, type 3
axes L    385 -23107 R   -369   -121 T     0     0 level 1, 0 reports in 257 ms
frame 4402: 29927 us total, 11687 us display, type 3
frame 4403: 27117 us total, 11694 us display, type 3
frame 4404: 28999 us total, 11697 us display, type 3
frame 4405: 28344 us total, 11693 us display, type 3
frame 4406: 28591 us total, 11693 us display, type 3
frame 4407: 29204 us total, 11700 us display, type 3
frame 4408: 28011 us total, 11906 us display, type 3
frame 4409: 28483 us total, 11682 us display, type 3
frame 4410: 28306 us total, 11690 us display, type 3
axes L    385 -23107 R   -369   -121 T     0     0 level 1, 0 reports in 257 ms
frame 4411: 29523 us total, 11687 us display, type 3
frame 4412: 27920 us total, 11695 us display, type 3
frame 4413: 28682 us total, 11701 us display, type 3
frame 4414: 29010 us total, 11697 us display, type 3
frame 4415: 27961 us total, 11693 us display, type 3
frame 4416: 28969 us total, 11692 us display, type 3
frame 4417: 28261 us total, 11692 us display, type 3
frame 4418: 28412 us total, 11682 us display, type 3
frame 4419: 27898 us total, 11689 us display, type 3
axes L    385 -23107 R   -369   -121 T     0     0 level 1, 0 reports in 257 ms
frame 4420: 29721 us total, 11805 us display, type 3
frame 4421: 28588 us total, 11684 us display, type 3
frame 4422: 28526 us total, 11694 us display, type 3
frame 4423: 28782 us total, 11694 us display, type 3
frame 4424: 27806 us total, 11700 us display, type 3
frame 4425: 29034 us total, 11693 us display, type 3
frame 4426: 28208 us total, 11693 us display, type 3
frame 4427: 28825 us total, 11700 us display, type 3
frame 4428: 28933 us total, 11699 us display, type 3
axes L    385 -23107 R   -369   -121 T     0     0 level 1, 0 reports in 257 ms
frame 4429: 28254 us total, 11689 us display, type 3
frame 4430: 28379 us total, 11683 us display, type 3
frame 4431: 28311 us total, 11690 us display, type 3
frame 4432: 29497 us total, 11700 us display, type 3
frame 4433: 27576 us total, 11693 us display, type 3
frame 4434: 28985 us total, 11696 us display, type 3
frame 4435: 29456 us total, 11793 us display, type 3
frame 4436: 27604 us total, 11700 us display, type 3
frame 4437: 29014 us total, 11693 us display, type 3
axes L    385 -23107 R   -369   -121 T     0     0 level 1, 0 reports in 257 ms
frame 4438: 28399 us total, 11686 us display, type 3
frame 4439: 28148 us total, 11683 us display, type 3
frame 4440: 27990 us total, 11682 us display, type 3
frame 4441: 29169 us total, 11691 us display, type 3
frame 4442: 29588 us total, 11773 us display, type 3
frame 4443: 27674 us total, 11693 us display, type 3
frame 4444: 29155 us total, 11694 us display, type 3
frame 4445: 27769 us total, 11693 us display, type 3
frame 4446: 29052 us total, 11693 us display, type 3
axes L    385 -23107 R   -369   -121 T     0     0 level 1, 0 reports in 257 ms
frame 4447: 28679 us total, 11774 us display, type 3
frame 4448: 28302 us total, 11693 us display, type 3
frame 4449: 29046 us total, 11692 us display, type 3
frame 4450: 28103 us total, 12045 us display, type 3
frame 4451: 28507 us total, 11691 us display, type 3
frame 4452: 28710 us total, 11774 us display, type 3
frame 4453: 28997 us total, 11783 us display, type 3
frame 4454: 27701 us total, 11701 us display, type 3
frame 4455: 28932 us total, 11701 us display, type 3
axes L    385 -23107 R   -369   -121 T     0     0 level 1, 0 reports in 258 ms
frame 4456: 29665 us total, 11694 us display, type 3
frame 4457: 27465 us total, 11693 us display, type 3
frame 4458: 28869 us total, 11700 us display, type 3
frame 4459: 28196 us total, 11692 us display, type 3
frame 4460: 28368 us total, 11682 us display, type 3
frame 4461: 28078 us total, 11684 us display, type 3
frame 4462: 29660 us total, 11855 us display, type 3
frame 4463: 28626 us total, 11690 us display, type 3
frame 4464: 28155 us total, 11693 us display, type 3
axes L    385 -23107 R   -369   -121 T     0     0 level 1, 0 reports in 257 ms
frame 4465: 29498 us total, 11694 us display, type 3
frame 4466: 27432 us total, 11694 us display, type 3
frame 4467: 29129 us total, 11701 us display, type 3
frame 4468: 28017 us total, 11693 us display, type 3
frame 4469: 28835 us total, 11700 us display, type 3
frame 4470: 29012 us total, 11697 us display, type 3
frame 4471: 28148 us total, 11933 us display, type 3
frame 4472: 29077 us total, 11850 us display, type 3
frame 4473: 27615 us total, 11684 us display, type 3
axes L    385 -23107 R   -369   -121 T     0     0 level 1, 0 reports in 257 ms
frame 4474: 29633 us total, 11686 us display, type 3
frame 4475: 27566 us total, 11694 us display, type 3
frame 4476: 28969 us total, 11694 us display, type 3
frame 4477: 29474 us total, 11687 us display, type 3
frame 4478: 27458 us total, 11693 us display, type 3
frame 4479: 29050 us total, 11699 us display, type 3
frame 4480: 28129 us total, 11693 us display, type 3
frame 4481: 28510 us total, 11684 us display, type 3
frame 4482: 28595 us total, 11863 us display, type 3
axes L    385 -23107 R   -369   -121 T     0     0 level 1, 0 reports in 257 ms
frame 4483: 29073 us total, 11892 us display, type 3
frame 4484: 28602 us total, 11684 us display, type 3
frame 4485: 28238 us total, 11700 us display, type 3
frame 4486: 29202 us total, 11786 us display, type 3
frame 4487: 27803 us total, 11701 us display, type 3
frame 4488: 28856 us total, 11700 us display, type 3
frame 4489: 28149 us total, 11700 us display, type 3
frame 4490: 28918 us total, 11700 us display, type 3
frame 4491: 28864 us total, 12045 us display, type 3
axes L    385 -23107 R   -369   -121 T     0     0 level 1, 0 reports in 257 ms
frame 4492: 28550 us total, 11683 us display, type 3
frame 4493: 28152 us total, 11684 us display, type 3
frame 4494: 28293 us total, 11691 us display, type 3
frame 4495: 29405 us total, 11760 us display, type 3
frame 4496: 27612 us total, 11693 us display, type 3
frame 4497: 29181 us total, 11694 us display, type 3
frame 4498: 29089 us total, 11701 us display, type 3
frame 4499: 27781 us total, 11700 us display, type 3
frame 4500: 29031 us total, 11692 us display, type 3
axes L    385 -23107 R   -369   -121 T     0     0 level 1, 0 reports in 257 ms
frame 4501: 28371 us total, 11692 us display, type 3
frame 4502: 28998 us total, 12050 us display, type 3
frame 4503: 27244 us total, 11683 us display, type 3
frame 4504: 29192 us total, 11683 us display, type 3
frame 4505: 29119 us total, 11690 us display, type 3
frame 4506: 28090 us total, 11694 us display, type 3
frame 4507: 29433 us total, 11688 us display, type 3
frame 4508: 27531 us total, 11696 us display, type 3
frame 4509: 28950 us total, 11694 us display, type 3
axes L    385 -23107 R   -369   -121 T     0     0 level 1, 0 reports in 257 ms
frame 4510: 28520 us total, 11685 us display, type 3
frame 4511: 28528 us total, 11697 us display, type 3
frame 4512: 29370 us total, 11693 us display, type 3
frame 4513: 27780 us total, 12015 us display, type 3
frame 4514: 28434 us total, 11689 us display, type 3
frame 4515: 28373 us total, 11690 us display, type 3
frame 4516: 29385 us total, 11798 us display, type 3
frame 4517: 27802 us total, 11701 us display, type 3
frame 4518: 28900 us total, 11694 us display, type 3
axes L    385 -23107 R   -369   -121 T     0     0 level 1, 0 reports in 258 ms
frame 4519: 29437 us total, 11687 us display, type 3
frame 4520: 27533 us total, 11692 us display, type 3
frame 4521: 28981 us total, 11699 us display, type 3
frame 4522: 28514 us total, 11693 us display, type 3
frame 4523: 28168 us total, 11682 us display, type 3
frame 4524: 27913 us total, 11689 us display, type 3
frame 4525: 29709 us total, 12039 us display, type 3
frame 4526: 28607 us total, 11683 us display, type 3
frame 4527: 28195 us total, 11693 us display, type 3
axes L    385 -23107 R   -369   -121 T     0     0 level 1, 0 reports in 257 ms
frame 4528: 29578 us total, 11687 us display, type 3
frame 4529: 27324 us total, 11694 us display, type 3
frame 4530: 29007 us total, 11694 us display, type 3
frame 4531: 28177 us total, 11693 us display, type 3
frame 4532: 29113 us total, 11693 us display, type 3
frame 4533: 28717 us total, 11693 us display, type 3
frame 4534: 27750 us total, 11682 us display, type 3
frame 4535: 28903 us total, 11682 us display, type 3
frame 4536: 28289 us total, 11691 us display, type 3
axes L    385 -23107 R   -369   -121 T     0     0 level 1, 0 reports in 257 ms
frame 4537: 29584 us total, 11687 us display, type 3
frame 4538: 27464 us total, 11693 us display, type 3
frame 4539: 28993 us total, 11701 us display, type 3
frame 4540: 29139 us total, 11701 us display, type 3
frame 4541: 27905 us total, 11693 us display, type 3
frame 4542: 29276 us total, 11693 us display, type 3
frame 4543: 27828 us total, 11692 us display, type 3
frame 4544: 28482 us total, 11683 us display, type 3
frame 4545: 28037 us total, 11684 us display, type 3
axes L    385 -23107 R   -369   -121 T     0     0 level 1, 0 reports in 257 ms
frame 4546: 29633 us total, 11813 us display, type 3
frame 4547: 28664 us total, 11690 us display, type 3
frame 4548: 28079 us total, 11694 us display, type 3
frame 4549: 29272 us total, 11798 us display, type 3
frame 4550: 27695 us total, 11694 us display, type 3
frame 4551: 29040 us total, 11693 us display, type 3
frame 4552: 28431 us total, 11686 us display, type 3
frame 4553: 28529 us total, 11693 us display, type 3
frame 4554: 29043 us total, 11693 us display, type 3
axes L    385 -23107 R   -369   -121 T     0     0 level 1, 0 reports in 257 ms
frame 4555: 28097 us total, 11754 us display, type 3
frame 4556: 28484 us total, 11683 us display, type 3
frame 4557: 28729 us total, 12036 us display, type 3
frame 4558: 28976 us total, 11812 us display, type 3
frame 4559: 27722 us total, 11701 us display, type 3
frame 4560: 28876 us total, 11694 us display, type 3
frame 4561: 29375 us total, 11693 us display, type 3
frame 4562: 28062 us total, 11694 us display, type 3
frame 4563: 28638 us total, 11693 us display, type 3
axes L    385 -23107 R   -369   -121 T     0     0 level 1, 0 reports in 257 ms
frame 4564: 28497 us total, 11693 us display, type 3
frame 4565: 28090 us total, 11682 us display, type 3
frame 4566: 28032 us total, 11683 us display, type 3
frame 4567: 29264 us total, 11683 us display, type 3
frame 4568: 28948 us total, 11684 us display, type 3
frame 4569: 28192 us total, 11693 us display, type 3
frame 4570: 29114 us total, 11701 us display, type 3
frame 4571: 27852 us total, 11700 us display, type 3
frame 4572: 29373 us total, 11694 us display, type 3
axes L    385 -23107 R   -369   -121 T     0     0 level 1, 0 reports in 257 ms
frame 4573: 28111 us total, 11686 us display, type 3
frame 4574: 28515 us total, 11696 us display, type 3
frame 4575: 29025 us total, 11693 us display, type 3
frame 4576: 28124 us total, 12050 us display, type 3
frame 4577: 28659 us total, 11689 us display, type 3
frame 4578: 28040 us total, 11684 us display, type 3
frame 4579: 29486 us total, 11845 us display, type 3
frame 4580: 27667 us total, 11696 us display, type 3
frame 4581: 29011 us total, 11694 us display, type 3
axes L    385 -23107 R   -369   -121 T     0     0 level 1, 0 reports in 258 ms
frame 4582: 29938 us total, 11693 us display, type 3
frame 4583: 26993 us total, 11693 us display, type 3
frame 4584: 29048 us total, 11700 us display, type 3
frame 4585: 28459 us total, 11692 us display, type 3
frame 4586: 28174 us total, 11683 us display, type 3
frame 4587: 28192 us total, 11683 us display, type 3
frame 4588: 29482 us total, 12045 us display, type 3
frame 4589: 28600 us total, 11683 us display, type 3
frame 4590: 28181 us total, 11694 us display, type 3
axes L    385 -23107 R   -369   -121 T     0     0 level 1, 0 reports in 257 ms
frame 4591: 29364 us total, 11701 us display, type 3
frame 4592: 28017 us total, 11780 us display, type 3
frame 4593: 28542 us total, 11698 us display, type 3
frame 4594: 28180 us total, 11693 us display, type 3
frame 4595: 28893 us total, 11693 us display, type 3
frame 4596: 28862 us total, 11692 us display, type 3
frame 4597: 28214 us total, 11765 us display, type 3
frame 4598: 28501 us total, 11690 us display, type 3
frame 4599: 28247 us total, 11684 us display, type 3
axes L    385 -23107 R   -369   -121 T     0     0 level 1, 0 reports in 257 ms
frame 4600: 29611 us total, 11693 us display, type 3
frame 4601: 27428 us total, 11694 us display, type 3
frame 4602: 29451 us total, 11701 us display, type 3
frame 4603: 28756 us total, 11701 us display, type 3
frame 4604: 27866 us total, 11692 us display, type 3
frame 4605: 29072 us total, 11693 us display, type 3
frame 4606: 28000 us total, 11693 us display, type 3
frame 4607: 29064 us total, 12054 us display, type 3
frame 4608: 27533 us total, 11683 us display, type 3
mem @frame 4608: heap free 66336, largest 40960, min ever 65508, zone free 55016, stack free 14540, uptime 150 s, gamestate 0, demo 0, usergame 1, tic 5178
axes L    385 -23107 R   -369   -121 T     0     0 level 1, 0 reports in 257 ms
frame 4609: 29618 us total, 11866 us display, type 3
frame 4610: 28620 us total, 11690 us display, type 3
frame 4611: 28131 us total, 11693 us display, type 3
frame 4612: 29580 us total, 11688 us display, type 3
frame 4613: 27423 us total, 11694 us display, type 3
frame 4614: 28892 us total, 11694 us display, type 3
frame 4615: 28255 us total, 11693 us display, type 3
frame 4616: 28801 us total, 11700 us display, type 3
frame 4617: 29140 us total, 11700 us display, type 3
axes L    385 -23107 R   -369   -121 T     0     0 level 1, 0 reports in 257 ms
frame 4618: 28028 us total, 11690 us display, type 3
frame 4619: 28408 us total, 11689 us display, type 3
frame 4620: 28330 us total, 11684 us display, type 3
frame 4621: 29463 us total, 11751 us display, type 3
frame 4622: 28004 us total, 11695 us display, type 3
frame 4623: 28673 us total, 11693 us display, type 3
frame 4624: 29033 us total, 11694 us display, type 3
frame 4625: 27957 us total, 11693 us display, type 3
frame 4626: 28966 us total, 11693 us display, type 3
axes L    385 -23107 R   -369   -121 T     0     0 level 1, 0 reports in 257 ms
frame 4627: 28510 us total, 11693 us display, type 3
frame 4628: 28128 us total, 11684 us display, type 3
frame 4629: 27986 us total, 11684 us display, type 3
frame 4630: 29137 us total, 11684 us display, type 3
frame 4631: 29181 us total, 11691 us display, type 3
frame 4632: 28400 us total, 11694 us display, type 3
frame 4633: 28818 us total, 11694 us display, type 3
frame 4634: 27839 us total, 11694 us display, type 3
frame 4635: 29036 us total, 11693 us display, type 3
axes L    385 -23107 R   -369   -121 T     0     0 level 1, 0 reports in 257 ms
frame 4636: 28472 us total, 11693 us display, type 3
frame 4637: 28569 us total, 11693 us display, type 3
frame 4638: 28930 us total, 11693 us display, type 3
frame 4639: 27757 us total, 11683 us display, type 3
frame 4640: 28867 us total, 11682 us display, type 3
frame 4641: 28330 us total, 11691 us display, type 3
frame 4642: 29472 us total, 11700 us display, type 3
frame 4643: 27574 us total, 11694 us display, type 3
frame 4644: 28990 us total, 11701 us display, type 3
axes L    385 -23107 R   -369   -121 T     0     0 level 1, 0 reports in 258 ms
frame 4645: 29496 us total, 11687 us display, type 3
frame 4646: 27551 us total, 11693 us display, type 3
frame 4647: 29025 us total, 11699 us display, type 3
frame 4648: 28068 us total, 11700 us display, type 3
frame 4649: 28485 us total, 11682 us display, type 3
frame 4650: 27966 us total, 11690 us display, type 3
frame 4651: 29201 us total, 11691 us display, type 3
frame 4652: 29576 us total, 11782 us display, type 3
frame 4653: 27685 us total, 11693 us display, type 3
axes L    385 -23107 R   -369   -121 T     0     0 level 1, 0 reports in 257 ms
frame 4654: 29478 us total, 11688 us display, type 3
frame 4655: 27459 us total, 11700 us display, type 3
frame 4656: 29013 us total, 11695 us display, type 3
frame 4657: 28380 us total, 11693 us display, type 3
frame 4658: 28619 us total, 11697 us display, type 3
frame 4659: 29053 us total, 11693 us display, type 3
frame 4660: 28098 us total, 11962 us display, type 3
frame 4661: 28472 us total, 11683 us display, type 3
frame 4662: 28740 us total, 11782 us display, type 3
axes L    385 -23107 R   -369   -121 T     0     0 level 1, 0 reports in 257 ms
frame 4663: 29096 us total, 11692 us display, type 3
frame 4664: 27582 us total, 11694 us display, type 3
frame 4665: 28930 us total, 11693 us display, type 3
frame 4666: 29169 us total, 11701 us display, type 3
frame 4667: 28005 us total, 11699 us display, type 3
frame 4668: 28847 us total, 11699 us display, type 3
frame 4669: 28186 us total, 11693 us display, type 3
frame 4670: 28398 us total, 11691 us display, type 3
frame 4671: 28056 us total, 11683 us display, type 3
axes L    385 -23107 R   -369   -121 T     0     0 level 1, 0 reports in 257 ms
frame 4672: 29899 us total, 11684 us display, type 3
frame 4673: 28359 us total, 11684 us display, type 3
frame 4674: 28185 us total, 11694 us display, type 3
frame 4675: 29093 us total, 11694 us display, type 3
frame 4676: 27843 us total, 11694 us display, type 3
frame 4677: 29161 us total, 11694 us display, type 3
frame 4678: 27902 us total, 11699 us display, type 3
frame 4679: 28916 us total, 11700 us display, type 3
frame 4680: 29010 us total, 11695 us display, type 3
axes L    385 -23107 R   -369   -121 T     0     0 level 1, 0 reports in 257 ms
frame 4681: 28149 us total, 11754 us display, type 3
frame 4682: 29076 us total, 11862 us display, type 3
frame 4683: 27610 us total, 11683 us display, type 3
frame 4684: 29506 us total, 11846 us display, type 3
frame 4685: 27710 us total, 11694 us display, type 3
frame 4686: 28957 us total, 11693 us display, type 3
frame 4687: 29308 us total, 11694 us display, type 3
frame 4688: 27683 us total, 11699 us display, type 3
frame 4689: 29013 us total, 11693 us display, type 3
axes L    385 -23107 R   -369   -121 T     0     0 level 1, 0 reports in 257 ms
frame 4690: 28469 us total, 11686 us display, type 3
frame 4691: 28085 us total, 11683 us display, type 3
frame 4692: 28657 us total, 11905 us display, type 3
frame 4693: 29075 us total, 12027 us display, type 3
frame 4694: 28609 us total, 11684 us display, type 3
frame 4695: 28209 us total, 11694 us display, type 3
frame 4696: 28967 us total, 11693 us display, type 3
frame 4697: 28052 us total, 11701 us display, type 3
frame 4698: 28879 us total, 11693 us display, type 3
axes L    385 -23107 R   -369   -121 T     0     0 level 1, 0 reports in 257 ms
frame 4699: 28428 us total, 11698 us display, type 3
frame 4700: 28590 us total, 11692 us display, type 3
frame 4701: 28900 us total, 11693 us display, type 3
frame 4702: 28287 us total, 11698 us display, type 3
frame 4703: 28411 us total, 11684 us display, type 3
frame 4704: 28287 us total, 11691 us display, type 3
frame 4705: 29417 us total, 11755 us display, type 3
frame 4706: 27687 us total, 11693 us display, type 3
frame 4707: 29116 us total, 11701 us display, type 3
axes L    385 -23107 R   -369   -121 T     0     0 level 1, 0 reports in 258 ms
frame 4708: 29409 us total, 11687 us display, type 3
frame 4709: 27380 us total, 11693 us display, type 3
frame 4710: 29063 us total, 11700 us display, type 3
frame 4711: 28153 us total, 11699 us display, type 3
frame 4712: 29226 us total, 12053 us display, type 3
frame 4713: 27311 us total, 11683 us display, type 3
frame 4714: 29211 us total, 11683 us display, type 3
frame 4715: 29057 us total, 11691 us display, type 3
frame 4716: 28086 us total, 11694 us display, type 3
axes L    385 -23107 R   -369   -121 T     0     0 level 1, 0 reports in 257 ms
frame 4717: 29533 us total, 11688 us display, type 3
frame 4718: 27482 us total, 11694 us display, type 3
frame 4719: 28953 us total, 11696 us display, type 3
frame 4720: 28124 us total, 11693 us display, type 3
frame 4721: 28902 us total, 11692 us display, type 3
frame 4722: 29274 us total, 11693 us display, type 3
frame 4723: 27848 us total, 12047 us display, type 3
frame 4724: 28488 us total, 11684 us display, type 3
frame 4725: 28296 us total, 11690 us display, type 3
axes L    385 -23107 R   -369   -121 T     0     0 level 1, 0 reports in 257 ms
frame 4726: 29531 us total, 11686 us display, type 3
frame 4727: 27612 us total, 11694 us display, type 3
frame 4728: 28930 us total, 11693 us display, type 3
frame 4729: 29138 us total, 11700 us display, type 3
frame 4730: 27859 us total, 11693 us display, type 3
frame 4731: 29028 us total, 11693 us display, type 3
frame 4732: 28411 us total, 11694 us display, type 3
frame 4733: 28188 us total, 11684 us display, type 3
frame 4734: 27995 us total, 11684 us display, type 3
axes L    385 -23107 R   -369   -121 T     0     0 level 1, 0 reports in 257 ms
frame 4735: 29672 us total, 11877 us display, type 3
frame 4736: 28649 us total, 11691 us display, type 3
frame 4737: 28390 us total, 11865 us display, type 3
frame 4738: 28878 us total, 11701 us display, type 3
frame 4739: 27825 us total, 11693 us display, type 3
frame 4740: 28913 us total, 11694 us display, type 3
frame 4741: 28192 us total, 11700 us display, type 3
frame 4742: 29224 us total, 11694 us display, type 3
frame 4743: 28641 us total, 11693 us display, type 3
axes L    385 -23107 R   -369   -121 T     0     0 level 1, 0 reports in 257 ms
frame 4744: 28140 us total, 11742 us display, type 3
frame 4745: 28463 us total, 11683 us display, type 3
frame 4746: 28303 us total, 11690 us display, type 3
frame 4747: 29429 us total, 11759 us display, type 3
frame 4748: 27657 us total, 11696 us display, type 3
frame 4749: 29038 us total, 11694 us display, type 3
frame 4750: 29139 us total, 11694 us display, type 3
frame 4751: 27820 us total, 11700 us display, type 3
frame 4752: 29369 us total, 11700 us display, type 3
axes L    385 -23107 R   -369   -121 T     0     0 level 1, 0 reports in 257 ms
frame 4753: 28332 us total, 11685 us display, type 3
frame 4754: 27988 us total, 11683 us display, type 3
frame 4755: 27975 us total, 11689 us display, type 3
frame 4756: 29106 us total, 11683 us display, type 3
frame 4757: 29589 us total, 11968 us display, type 3
frame 4758: 27618 us total, 11693 us display, type 3
frame 4759: 29174 us total, 11698 us display, type 3
frame 4760: 27847 us total, 11701 us display, type 3
frame 4761: 29007 us total, 11694 us display, type 3
axes L    385 -23107 R   -369   -121 T     0     0 level 1, 0 reports in 257 ms
frame 4762: 28836 us total, 11686 us display, type 3
frame 4763: 28109 us total, 11693 us display, type 3
frame 4764: 29051 us total, 11699 us display, type 3
frame 4765: 28153 us total, 12038 us display, type 3
frame 4766: 28479 us total, 11684 us display, type 3
frame 4767: 28729 us total, 11962 us display, type 3
frame 4768: 28984 us total, 11744 us display, type 3
frame 4769: 27657 us total, 11699 us display, type 3
frame 4770: 29044 us total, 11694 us display, type 3
axes L    385 -23107 R   -369   -121 T     0     0 level 1, 0 reports in 258 ms
frame 4771: 29534 us total, 11694 us display, type 3
frame 4772: 27792 us total, 11693 us display, type 3
frame 4773: 28630 us total, 11698 us display, type 3
frame 4774: 28147 us total, 11693 us display, type 3
frame 4775: 28930 us total, 12047 us display, type 3
frame 4776: 27512 us total, 11687 us display, type 3
frame 4777: 29709 us total, 12054 us display, type 3
frame 4778: 28600 us total, 11684 us display, type 3
frame 4779: 28134 us total, 11693 us display, type 3
axes L    385 -23107 R   -369   -121 T     0     0 level 1, 0 reports in 257 ms
frame 4780: 29522 us total, 11688 us display, type 3
frame 4781: 27395 us total, 11694 us display, type 3
frame 4782: 29427 us total, 11694 us display, type 3
frame 4783: 27836 us total, 11700 us display, type 3
frame 4784: 28789 us total, 11693 us display, type 3
frame 4785: 29071 us total, 11699 us display, type 3
frame 4786: 27693 us total, 11683 us display, type 3
frame 4787: 28998 us total, 11683 us display, type 3
frame 4788: 28186 us total, 11691 us display, type 3
axes L    385 -23107 R   -369   -121 T     0     0 level 1, 0 reports in 257 ms
frame 4789: 29609 us total, 11687 us display, type 3
frame 4790: 27455 us total, 11693 us display, type 3
frame 4791: 28991 us total, 11694 us display, type 3
frame 4792: 29498 us total, 11694 us display, type 3
frame 4793: 27557 us total, 11699 us display, type 3
frame 4794: 28872 us total, 11692 us display, type 3
frame 4795: 28239 us total, 11693 us display, type 3
frame 4796: 28455 us total, 11683 us display, type 3
frame 4797: 28058 us total, 11683 us display, type 3
axes L    385 -23107 R   -369   -121 T     0     0 level 1, 0 reports in 257 ms
frame 4798: 29614 us total, 11885 us display, type 3
frame 4799: 28535 us total, 11685 us display, type 3
frame 4800: 28197 us total, 11693 us display, type 3
frame 4801: 29119 us total, 11696 us display, type 3
frame 4802: 28172 us total, 11694 us display, type 3
frame 4803: 28680 us total, 11694 us display, type 3
frame 4804: 28136 us total, 11700 us display, type 3
frame 4805: 28887 us total, 11693 us display, type 3
frame 4806: 28980 us total, 11692 us display, type 3
axes L    385 -23107 R   -369   -121 T     0     0 level 1, 0 reports in 257 ms
frame 4807: 28149 us total, 11706 us display, type 3
frame 4808: 28488 us total, 11684 us display, type 3
frame 4809: 28251 us total, 11685 us display, type 3
frame 4810: 29467 us total, 11795 us display, type 3
frame 4811: 27688 us total, 11693 us display, type 3
frame 4812: 29342 us total, 11769 us display, type 3
frame 4813: 28762 us total, 11693 us display, type 3
frame 4814: 27863 us total, 11692 us display, type 3
frame 4815: 29038 us total, 11692 us display, type 3
axes L    385 -23107 R   -369   -121 T     0     0 level 1, 0 reports in 257 ms
frame 4816: 28426 us total, 11686 us display, type 3
frame 4817: 28221 us total, 11683 us display, type 3
frame 4818: 27942 us total, 11685 us display, type 3
frame 4819: 29142 us total, 11691 us display, type 3
frame 4820: 29134 us total, 11691 us display, type 3
frame 4821: 28164 us total, 11694 us display, type 3
frame 4822: 29528 us total, 11687 us display, type 3
frame 4823: 27397 us total, 11694 us display, type 3
frame 4824: 29005 us total, 11694 us display, type 3
axes L    385 -23107 R   -369   -121 T     0     0 level 1, 0 reports in 257 ms
frame 4825: 28419 us total, 11700 us display, type 3
frame 4826: 28567 us total, 11699 us display, type 3
frame 4827: 29123 us total, 11692 us display, type 3
frame 4828: 27659 us total, 11691 us display, type 3
frame 4829: 28899 us total, 11685 us display, type 3
frame 4830: 28161 us total, 11684 us display, type 3
frame 4831: 29495 us total, 11848 us display, type 3
frame 4832: 28045 us total, 11695 us display, type 3
frame 4833: 28626 us total, 11694 us display, type 3
axes L    385 -23107 R   -369   -121 T     0     0 level 1, 0 reports in 258 ms
frame 4834: 29485 us total, 11687 us display, type 3
frame 4835: 27484 us total, 11693 us display, type 3
frame 4836: 29031 us total, 11693 us display, type 3
frame 4837: 28292 us total, 11692 us display, type 3
frame 4838: 28330 us total, 11683 us display, type 3
frame 4839: 28049 us total, 11683 us display, type 3
frame 4840: 29030 us total, 11683 us display, type 3
frame 4841: 29198 us total, 11684 us display, type 3
frame 4842: 28504 us total, 11694 us display, type 3
axes L    385 -23107 R   -369   -121 T     0     0 level 1, 0 reports in 257 ms
frame 4843: 28983 us total, 11695 us display, type 3
frame 4844: 27637 us total, 11694 us display, type 3
frame 4845: 28965 us total, 11700 us display, type 3
frame 4846: 28317 us total, 11693 us display, type 3
frame 4847: 28812 us total, 11693 us display, type 3
frame 4848: 28813 us total, 11693 us display, type 3
frame 4849: 28214 us total, 12051 us display, type 3
frame 4850: 28508 us total, 11691 us display, type 3
frame 4851: 28249 us total, 11684 us display, type 3
axes L    385 -23107 R   -369   -121 T     0     0 level 1, 0 reports in 257 ms
frame 4852: 29885 us total, 11690 us display, type 3
frame 4853: 27150 us total, 11694 us display, type 3
frame 4854: 29073 us total, 11694 us display, type 3
frame 4855: 29217 us total, 11694 us display, type 3
frame 4856: 27779 us total, 11693 us display, type 3
frame 4857: 29165 us total, 11693 us display, type 3
frame 4858: 27912 us total, 11692 us display, type 3
frame 4859: 28563 us total, 11690 us display, type 3
frame 4860: 27971 us total, 11683 us display, type 3
axes L    385 -23107 R   -369   -121 T     0     0 level 1, 0 reports in 257 ms
frame 4861: 29677 us total, 11699 us display, type 3
frame 4862: 29065 us total, 11715 us display, type 3
frame 4863: 27599 us total, 11693 us display, type 3
frame 4864: 29187 us total, 11697 us display, type 3
mem @frame 4864: heap free 66336, largest 40960, min ever 65508, zone free 55016, stack free 14540, uptime 157 s, gamestate 0, demo 0, usergame 1, tic 5434
frame 4865: 27879 us total, 11693 us display, type 3
frame 4866: 28980 us total, 11693 us display, type 3
frame 4867: 28348 us total, 11699 us display, type 3
frame 4868: 28578 us total, 11693 us display, type 3
frame 4869: 29065 us total, 11700 us display, type 3
axes L    385 -23107 R   -369   -121 T     0     0 level 1, 0 reports in 257 ms
frame 4870: 28176 us total, 11690 us display, type 3
frame 4871: 28394 us total, 11683 us display, type 3
frame 4872: 28793 us total, 11749 us display, type 3
frame 4873: 29013 us total, 11727 us display, type 3
frame 4874: 27628 us total, 11693 us display, type 3
frame 4875: 29024 us total, 11694 us display, type 3
frame 4876: 29060 us total, 11694 us display, type 3
frame 4877: 28053 us total, 11700 us display, type 3
frame 4878: 28856 us total, 11700 us display, type 3
axes L    385 -23107 R   -369   -121 T     0     0 level 1, 0 reports in 257 ms
frame 4879: 28446 us total, 11697 us display, type 3
frame 4880: 28233 us total, 11683 us display, type 3
frame 4881: 27888 us total, 11682 us display, type 3
frame 4882: 29737 us total, 11852 us display, type 3
frame 4883: 28589 us total, 11684 us display, type 3
frame 4884: 28154 us total, 11693 us display, type 3
frame 4885: 29275 us total, 11789 us display, type 3
frame 4886: 27631 us total, 11694 us display, type 3
frame 4887: 29190 us total, 11701 us display, type 3
axes L    385 -23107 R   -369   -121 T     0     0 level 1, 0 reports in 257 ms
frame 4888: 28306 us total, 11693 us display, type 3
frame 4889: 28556 us total, 11696 us display, type 3
frame 4890: 29038 us total, 11693 us display, type 3
frame 4891: 27670 us total, 11683 us display, type 3
frame 4892: 29517 us total, 11900 us display, type 3
frame 4893: 27698 us total, 11691 us display, type 3
frame 4894: 29414 us total, 11845 us display, type 3
frame 4895: 27754 us total, 11693 us display, type 3
frame 4896: 28904 us total, 11701 us display, type 3
axes L    385 -23107 R   -369   -121 T     0     0 level 1, 0 reports in 258 ms
frame 4897: 29668 us total, 11686 us display, type 3
frame 4898: 27398 us total, 11700 us display, type 3
frame 4899: 28864 us total, 11692 us display, type 3
frame 4900: 28383 us total, 11692 us display, type 3
frame 4901: 28309 us total, 11683 us display, type 3
frame 4902: 28604 us total, 11891 us display, type 3
frame 4903: 28594 us total, 11682 us display, type 3
frame 4904: 29028 us total, 11685 us display, type 3
frame 4905: 28228 us total, 11700 us display, type 3
axes L    385 -23107 R   -369   -121 T     0     0 level 1, 0 reports in 257 ms
frame 4906: 29417 us total, 11688 us display, type 3
frame 4907: 27637 us total, 11693 us display, type 3
frame 4908: 28908 us total, 11693 us display, type 3
frame 4909: 28135 us total, 11692 us display, type 3
frame 4910: 28835 us total, 11692 us display, type 3
frame 4911: 28987 us total, 11699 us display, type 3
frame 4912: 28317 us total, 11690 us display, type 3
frame 4913: 28373 us total, 11683 us display, type 3
frame 4914: 28213 us total, 11684 us display, type 3
axes L    385 -23107 R   -369   -121 T     0     0 level 1, 0 reports in 257 ms
frame 4915: 29765 us total, 11693 us display, type 3
frame 4916: 27383 us total, 11693 us display, type 3
frame 4917: 29023 us total, 11700 us display, type 3
frame 4918: 29062 us total, 11693 us display, type 3
frame 4919: 27871 us total, 11699 us display, type 3
frame 4920: 28974 us total, 11692 us display, type 3
frame 4921: 28194 us total, 11693 us display, type 3
frame 4922: 29141 us total, 12047 us display, type 3
frame 4923: 27352 us total, 11692 us display, type 3
axes L    385 -23107 R   -369   -121 T     0     0 level 1, 0 reports in 257 ms
frame 4924: 29638 us total, 11885 us display, type 3
frame 4925: 28632 us total, 11691 us display, type 3
frame 4926: 28151 us total, 11693 us display, type 3
frame 4927: 29250 us total, 11790 us display, type 3
frame 4928: 27679 us total, 11693 us display, type 3
frame 4929: 28992 us total, 11699 us display, type 3
frame 4930: 28066 us total, 11699 us display, type 3
frame 4931: 28949 us total, 11692 us display, type 3
frame 4932: 29296 us total, 11692 us display, type 3
axes L    385 -23107 R   -369   -121 T     0     0 level 1, 0 reports in 257 ms
frame 4933: 27952 us total, 11691 us display, type 3
frame 4934: 28372 us total, 11683 us display, type 3
frame 4935: 28236 us total, 11684 us display, type 3
frame 4936: 29468 us total, 11830 us display, type 3
frame 4937: 27804 us total, 11700 us display, type 3
frame 4938: 28858 us total, 11698 us display, type 3
frame 4939: 29179 us total, 11693 us display, type 3
frame 4940: 27752 us total, 11693 us display, type 3
frame 4941: 29070 us total, 11692 us display, type 3
axes L    385 -23107 R   -369   -121 T     0     0 level 1, 0 reports in 257 ms
frame 4942: 28803 us total, 11692 us display, type 3
frame 4943: 27828 us total, 11683 us display, type 3
frame 4944: 28049 us total, 11685 us display, type 3
frame 4945: 29070 us total, 11684 us display, type 3
frame 4946: 29167 us total, 11691 us display, type 3
frame 4947: 28415 us total, 11864 us display, type 3
frame 4948: 28814 us total, 11698 us display, type 3
frame 4949: 27902 us total, 11693 us display, type 3
frame 4950: 28887 us total, 11693 us display, type 3
axes L    385 -23107 R   -369   -121 T     0     0 level 1, 0 reports in 257 ms
frame 4951: 28573 us total, 11693 us display, type 3
frame 4952: 28856 us total, 11700 us display, type 3
frame 4953: 28633 us total, 11695 us display, type 3
frame 4954: 28150 us total, 12003 us display, type 3
frame 4955: 28510 us total, 11689 us display, type 3
frame 4956: 28258 us total, 11691 us display, type 3
[0;32mI (160759) PAD: report id 1 len 16: 81 81 f3 25 8f 7e 87 7f 00 00 00 00 00 00 00 00 [0m
frame 4957: 30563 us total, 11687 us display, type 3
frame 4958: 27035 us total, 11693 us display, type 3
frame 4959: 29031 us total, 11687 us display, type 3
axes L    385 -23053 R   -369   -121 T     0     0 level 1, 3 reports in 258 ms
frame 4960: 29558 us total, 11693 us display, type 3
frame 4961: 27602 us total, 11856 us display, type 3
frame 4962: 29255 us total, 11693 us display, type 3
frame 4963: 27922 us total, 11686 us display, type 3
frame 4964: 28183 us total, 12099 us display, type 3
frame 4965: 28020 us total, 12087 us display, type 3
[0;32mI (161029) PAD: report id 1 len 16: 81 81 f3 25 8f 7e 87 7f 00 00 00 00 00 00 00 00 [0m
frame 4966: 29605 us total, 12587 us display, type 3
frame 4967: 28872 us total, 12083 us display, type 3
frame 4968: 27673 us total, 11934 us display, type 3
axes L    385 -23053 R   -369   -121 T     0     0 level 1, 9 reports in 257 ms
frame 4969: 29882 us total, 12296 us display, type 3
frame 4970: 27284 us total, 12064 us display, type 3
frame 4971: 29132 us total, 12195 us display, type 3
frame 4972: 28013 us total, 11686 us display, type 3
frame 4973: 28466 us total, 11693 us display, type 3
frame 4974: 29006 us total, 11693 us display, type 3
frame 4975: 28144 us total, 11968 us display, type 3
[0;32mI (161299) PAD: report id 1 len 16: 81 81 f3 25 8f 7e 87 7f 00 00 00 00 00 00 00 00 [0m
frame 4976: 29439 us total, 11687 us display, type 3
frame 4977: 28022 us total, 11687 us display, type 3
axes L    385 -23053 R   -369   -121 T     0     0 level 1, 8 reports in 257 ms
frame 4978: 29693 us total, 11956 us display, type 3
frame 4979: 27233 us total, 11687 us display, type 3
frame 4980: 29066 us total, 11687 us display, type 3
frame 4981: 29018 us total, 11687 us display, type 3
frame 4982: 28300 us total, 11701 us display, type 3
frame 4983: 28605 us total, 11685 us display, type 3
frame 4984: 28141 us total, 11686 us display, type 3
[0;32mI (161569) PAD: report id 1 len 16: 81 81 f3 25 8f 7e 87 7f 00 00 00 00 00 00 00 00 [0m
frame 4985: 28955 us total, 12587 us display, type 3
frame 4986: 27408 us total, 12082 us display, type 3
axes L    385 -23053 R   -369   -121 T     0     0 level 1, 9 reports in 257 ms
frame 4987: 29985 us total, 12392 us display, type 3
frame 4988: 28413 us total, 12088 us display, type 3
frame 4989: 27797 us total, 11933 us display, type 3
frame 4990: 29307 us total, 11894 us display, type 3
frame 4991: 27847 us total, 12061 us display, type 3
frame 4992: 29517 us total, 12210 us display, type 3
frame 4993: 27470 us total, 11692 us display, type 3
frame 4994: 28588 us total, 11692 us display, type 3
[0;32mI (161839) PAD: report id 1 len 16: 81 81 f3 25 8f 7e 87 7f 00 00 00 00 00 00 00 00 [0m
frame 4995: 29110 us total, 11692 us display, type 3
axes L    385 -23053 R   -369   -121 T     0     0 level 1, 9 reports in 257 ms
frame 4996: 28078 us total, 11717 us display, type 3
frame 4997: 28654 us total, 11694 us display, type 3
frame 4998: 28732 us total, 11687 us display, type 3
frame 4999: 29170 us total, 11686 us display, type 3
frame 5000: 27837 us total, 11687 us display, type 3
frame 5001: 29015 us total, 11687 us display, type 3
frame 5002: 29426 us total, 11700 us display, type 3
frame 5003: 27712 us total, 11850 us display, type 3
[0;32mI (162109) PAD: report id 1 len 16: 81 81 f3 25 8f 7e 87 7f 00 00 00 00 00 00 00 00 [0m
frame 5004: 29345 us total, 11692 us display, type 3
axes L    385 -23053 R   -369   -121 T     0     0 level 1, 8 reports in 257 ms
frame 5005: 28015 us total, 11700 us display, type 3
frame 5006: 28013 us total, 12094 us display, type 3
frame 5007: 28049 us total, 12088 us display, type 3
frame 5008: 29138 us total, 12091 us display, type 3
frame 5009: 28718 us total, 11694 us display, type 3
frame 5010: 28066 us total, 11693 us display, type 3
frame 5011: 29135 us total, 11694 us display, type 3
frame 5012: 28135 us total, 11693 us display, type 3
frame 5013: 28693 us total, 11693 us display, type 3
axes L    385 -23053 R   -369   -121 T     0     0 level 1, 4 reports in 257 ms
frame 5014: 28466 us total, 11685 us display, type 3
frame 5015: 28552 us total, 11692 us display, type 3
frame 5016: 29006 us total, 11692 us display, type 3
frame 5017: 28118 us total, 12008 us display, type 3
frame 5018: 28487 us total, 11683 us display, type 3
frame 5019: 28263 us total, 11684 us display, type 3
frame 5020: 29464 us total, 11751 us display, type 3
frame 5021: 27683 us total, 11694 us display, type 3
frame 5022: 29332 us total, 11777 us display, type 3
axes L    385 -23053 R   -369   -121 T     0     0 level 1, 0 reports in 258 ms
frame 5023: 29105 us total, 11686 us display, type 3
frame 5024: 27513 us total, 11700 us display, type 3
frame 5025: 29011 us total, 11692 us display, type 3
frame 5026: 28116 us total, 11692 us display, type 3
frame 5027: 29014 us total, 12052 us display, type 3
frame 5028: 27491 us total, 11684 us display, type 3
frame 5029: 29148 us total, 11691 us display, type 3
frame 5030: 29061 us total, 11684 us display, type 3
frame 5031: 28207 us total, 11693 us display, type 3
axes L    385 -23053 R   -369   -121 T     0     0 level 1, 0 reports in 257 ms
frame 5032: 29849 us total, 11687 us display, type 3
frame 5033: 27113 us total, 11693 us display, type 3
frame 5034: 29040 us total, 11694 us display, type 3
frame 5035: 28062 us total, 11692 us display, type 3
frame 5036: 28892 us total, 11693 us display, type 3
frame 5037: 29118 us total, 11692 us display, type 3
frame 5038: 27639 us total, 11684 us display, type 3
frame 5039: 28914 us total, 11684 us display, type 3
frame 5040: 28174 us total, 11684 us display, type 3
axes L    385 -23053 R   -369   -121 T     0     0 level 1, 0 reports in 257 ms
frame 5041: 29774 us total, 11687 us display, type 3
frame 5042: 27749 us total, 11694 us display, type 3
frame 5043: 28631 us total, 11699 us display, type 3
frame 5044: 29172 us total, 11694 us display, type 3
frame 5045: 27804 us total, 11692 us display, type 3
frame 5046: 29024 us total, 11694 us display, type 3
frame 5047: 28282 us total, 11700 us display, type 3
frame 5048: 28343 us total, 11682 us display, type 3
frame 5049: 28060 us total, 11683 us display, type 3
axes L    385 -23053 R   -369   -121 T     0     0 level 1, 0 reports in 257 ms
frame 5050: 29611 us total, 11792 us display, type 3
frame 5051: 28598 us total, 11684 us display, type 3
frame 5052: 28550 us total, 11694 us display, type 3
frame 5053: 28909 us total, 11766 us display, type 3
frame 5054: 27649 us total, 11693 us display, type 3
frame 5055: 29024 us total, 11693 us display, type 3
frame 5056: 28275 us total, 11692 us display, type 3
frame 5057: 28864 us total, 11693 us display, type 3
frame 5058: 28783 us total, 11692 us display, type 3
axes L    385 -23053 R   -369   -121 T     0     0 level 1, 0 reports in 257 ms
frame 5059: 28266 us total, 11698 us display, type 3
frame 5060: 28414 us total, 11684 us display, type 3
frame 5061: 28261 us total, 11684 us display, type 3
frame 5062: 29640 us total, 11687 us display, type 3
frame 5063: 27434 us total, 11693 us display, type 3
frame 5064: 29037 us total, 11700 us display, type 3
frame 5065: 29168 us total, 11693 us display, type 3
frame 5066: 27853 us total, 11692 us display, type 3
frame 5067: 29163 us total, 11692 us display, type 3
axes L    385 -23053 R   -369   -121 T     0     0 level 1, 0 reports in 257 ms
frame 5068: 28267 us total, 11692 us display, type 3
frame 5069: 28179 us total, 11684 us display, type 3
frame 5070: 28047 us total, 11684 us display, type 3
frame 5071: 29037 us total, 11684 us display, type 3
frame 5072: 29654 us total, 11779 us display, type 3
frame 5073: 27677 us total, 11693 us display, type 3
frame 5074: 29099 us total, 11701 us display, type 3
frame 5075: 27945 us total, 11693 us display, type 3
frame 5076: 28856 us total, 11694 us display, type 3
axes L    385 -23053 R   -369   -121 T     0     0 level 1, 0 reports in 257 ms
frame 5077: 28751 us total, 11780 us display, type 3
frame 5078: 28303 us total, 11694 us display, type 3
frame 5079: 29009 us total, 11691 us display, type 3
frame 5080: 28141 us total, 11984 us display, type 3
frame 5081: 28426 us total, 11689 us display, type 3
frame 5082: 28784 us total, 11777 us display, type 3
frame 5083: 28976 us total, 11847 us display, type 3
frame 5084: 27673 us total, 11694 us display, type 3
frame 5085: 29066 us total, 11694 us display, type 3
axes L    385 -23053 R   -369   -121 T     0     0 level 1, 0 reports in 258 ms
frame 5086: 29388 us total, 11737 us display, type 3
frame 5087: 27662 us total, 11692 us display, type 3
frame 5088: 28876 us total, 11697 us display, type 3
frame 5089: 28072 us total, 11699 us display, type 3
frame 5090: 28556 us total, 11683 us display, type 3
frame 5091: 27996 us total, 11684 us display, type 3
frame 5092: 29699 us total, 11691 us display, type 3
frame 5093: 28631 us total, 11690 us display, type 3
frame 5094: 27999 us total, 11694 us display, type 3
axes L    385 -23053 R   -369   -121 T     0     0 level 1, 0 reports in 257 ms
frame 5095: 29563 us total, 11695 us display, type 3
frame 5096: 27484 us total, 11700 us display, type 3
frame 5097: 29148 us total, 11695 us display, type 3
frame 5098: 28018 us total, 11693 us display, type 3
frame 5099: 28756 us total, 11693 us display, type 3
frame 5100: 29075 us total, 11700 us display, type 3
frame 5101: 27783 us total, 11689 us display, type 3
frame 5102: 29444 us total, 11898 us display, type 3
frame 5103: 27730 us total, 11690 us display, type 3
axes L    385 -23053 R   -369   -121 T     0     0 level 1, 0 reports in 257 ms
frame 5104: 29496 us total, 11692 us display, type 3
frame 5105: 27588 us total, 11693 us display, type 3
frame 5106: 28968 us total, 11694 us display, type 3
frame 5107: 29246 us total, 11694 us display, type 3
frame 5108: 27772 us total, 11692 us display, type 3
frame 5109: 28953 us total, 11692 us display, type 3
frame 5110: 28184 us total, 11693 us display, type 3
frame 5111: 28504 us total, 11683 us display, type 3
frame 5112: 28558 us total, 11970 us display, type 3
axes L    385 -23053 R   -369   -121 T     0     0 level 1, 0 reports in 257 ms
frame 5113: 29076 us total, 11779 us display, type 3
frame 5114: 28626 us total, 11690 us display, type 3
frame 5115: 28146 us total, 11701 us display, type 3
frame 5116: 29283 us total, 11709 us display, type 3
frame 5117: 27720 us total, 11698 us display, type 3
frame 5118: 28932 us total, 11694 us display, type 3
frame 5119: 28288 us total, 11697 us display, type 3
frame 5120: 28683 us total, 11692 us display, type 3
mem @frame 5120: heap free 66336, largest 40960, min ever 65508, zone free 55016, stack free 14540, uptime 165 s, gamestate 0, demo 0, usergame 1, tic 5690
frame 5121: 29051 us total, 11693 us display, type 3
axes L    385 -23053 R   -369   -121 T     0     0 level 1, 0 reports in 257 ms
frame 5122: 28431 us total, 11683 us display, type 3
frame 5123: 28198 us total, 11689 us display, type 3
frame 5124: 28277 us total, 11691 us display, type 3
frame 5125: 29393 us total, 11871 us display, type 3
frame 5126: 27677 us total, 11694 us display, type 3
frame 5127: 29119 us total, 11694 us display, type 3
frame 5128: 29000 us total, 11693 us display, type 3
frame 5129: 27906 us total, 11693 us display, type 3
frame 5130: 28889 us total, 11692 us display, type 3
axes L    385 -23053 R   -369   -121 T     0     0 level 1, 0 reports in 257 ms
frame 5131: 28622 us total, 11686 us display, type 3
frame 5132: 28826 us total, 12054 us display, type 3
frame 5133: 27265 us total, 11682 us display, type 3
frame 5134: 29178 us total, 11689 us display, type 3
frame 5135: 29060 us total, 11684 us display, type 3
frame 5136: 28183 us total, 11694 us display, type 3
frame 5137: 29289 us total, 11726 us display, type 3
frame 5138: 27607 us total, 11694 us display, type 3
frame 5139: 29053 us total, 11701 us display, type 3
axes L    385 -23053 R   -369   -121 T     0     0 level 1, 0 reports in 257 ms
frame 5140: 28460 us total, 11686 us display, type 3
frame 5141: 28530 us total, 11699 us display, type 3
frame 5142: 29408 us total, 11693 us display, type 3
frame 5143: 27749 us total, 12034 us display, type 3
frame 5144: 28492 us total, 11684 us display, type 3
frame 5145: 28289 us total, 11690 us display, type 3
frame 5146: 29438 us total, 11751 us display, type 3
frame 5147: 27805 us total, 11693 us display, type 3
frame 5148: 28771 us total, 11694 us display, type 3
axes L    385 -23053 R   -369   -121 T     0     0 level 1, 0 reports in 258 ms
frame 5149: 29536 us total, 11686 us display, type 3
frame 5150: 27531 us total, 11692 us display, type 3
frame 5151: 28989 us total, 11697 us display, type 3
frame 5152: 28563 us total, 11686 us display, type 3
frame 5153: 28027 us total, 11686 us display, type 3
frame 5154: 28051 us total, 11683 us display, type 3
frame 5155: 29163 us total, 11691 us display, type 3
frame 5156: 29098 us total, 11684 us display, type 3
frame 5157: 28433 us total, 11858 us display, type 3
axes L    385 -23053 R   -369   -121 T     0     0 level 1, 0 reports in 257 ms
frame 5158: 29145 us total, 11688 us display, type 3
frame 5159: 27523 us total, 11694 us display, type 3
frame 5160: 28993 us total, 11700 us display, type 3
frame 5161: 28231 us total, 11693 us display, type 3
frame 5162: 29148 us total, 11693 us display, type 3
frame 5163: 28626 us total, 11696 us display, type 3
frame 5164: 27758 us total, 11684 us display, type 3
frame 5165: 28919 us total, 11684 us display, type 3
frame 5166: 28177 us total, 11683 us display, type 3
axes L    385 -23053 R   -369   -121 T     0     0 level 1, 0 reports in 257 ms
frame 5167: 29740 us total, 11686 us display, type 3
frame 5168: 27407 us total, 11695 us display, type 3
frame 5169: 28990 us total, 11701 us display, type 3
frame 5170: 29205 us total, 11693 us display, type 3
frame 5171: 27739 us total, 11692 us display, type 3
frame 5172: 29441 us total, 11692 us display, type 3
frame 5173: 27837 us total, 11700 us display, type 3
frame 5174: 28436 us total, 11690 us display, type 3
frame 5175: 28082 us total, 11691 us display, type 3
axes L    385 -23053 R   -369   -121 T     0     0 level 1, 0 reports in 257 ms
frame 5176: 29566 us total, 11926 us display, type 3
frame 5177: 29061 us total, 12013 us display, type 3
frame 5178: 27673 us total, 11694 us display, type 3
frame 5179: 29117 us total, 11697 us display, type 3
frame 5180: 27892 us total, 11693 us display, type 3
frame 5181: 28896 us total, 11694 us display, type 3
frame 5182: 28576 us total, 11693 us display, type 3
frame 5183: 28529 us total, 11693 us display, type 3
frame 5184: 28899 us total, 11693 us display, type 3
axes L    385 -23053 R   -369   -121 T     0     0 level 1, 0 reports in 257 ms
frame 5185: 28219 us total, 11690 us display, type 3
frame 5186: 28472 us total, 11684 us display, type 3
frame 5187: 28727 us total, 12008 us display, type 3
frame 5188: 28974 us total, 11796 us display, type 3
frame 5189: 27616 us total, 11694 us display, type 3
frame 5190: 29057 us total, 11693 us display, type 3
frame 5191: 29134 us total, 11700 us display, type 3
frame 5192: 28246 us total, 11694 us display, type 3
frame 5193: 28660 us total, 11693 us display, type 3
axes L    385 -23053 R   -369   -121 T     0     0 level 1, 0 reports in 257 ms
frame 5194: 28547 us total, 11685 us display, type 3
frame 5195: 28071 us total, 11687 us display, type 3
frame 5196: 27962 us total, 11683 us display, type 3
frame 5197: 29671 us total, 11947 us display, type 3
frame 5198: 28661 us total, 11691 us display, type 3
frame 5199: 28005 us total, 11694 us display, type 3
frame 5200: 29174 us total, 11700 us display, type 3
frame 5201: 27867 us total, 11693 us display, type 3
frame 5202: 29299 us total, 11694 us display, type 3
axes L    385 -23053 R   -369   -121 T     0     0 level 1, 0 reports in 257 ms
frame 5203: 28395 us total, 11721 us display, type 3
frame 5204: 28298 us total, 11699 us display, type 3
frame 5205: 29045 us total, 11692 us display, type 3
frame 5206: 28111 us total, 12028 us display, type 3
frame 5207: 28546 us total, 11682 us display, type 3
frame 5208: 28203 us total, 11684 us display, type 3
frame 5209: 29430 us total, 11842 us display, type 3
frame 5210: 27690 us total, 11694 us display, type 3
frame 5211: 29019 us total, 11693 us display, type 3
axes L    385 -23053 R   -369   -121 T     0     0 level 1, 0 reports in 258 ms
frame 5212: 29727 us total, 11687 us display, type 3
frame 5213: 27243 us total, 11693 us display, type 3
frame 5214: 28990 us total, 11693 us display, type 3
frame 5215: 28159 us total, 11692 us display, type 3
frame 5216: 28523 us total, 11683 us display, type 3
frame 5217: 28016 us total, 11682 us display, type 3
frame 5218: 29077 us total, 11689 us display, type 3
frame 5219: 29117 us total, 11683 us display, type 3
frame 5220: 28109 us total, 11695 us display, type 3
axes L    385 -23053 R   -369   -121 T     0     0 level 1, 0 reports in 257 ms
frame 5221: 29478 us total, 11688 us display, type 3
frame 5222: 27979 us total, 11780 us display, type 3
frame 5223: 28561 us total, 11694 us display, type 3
frame 5224: 28141 us total, 11693 us display, type 3
frame 5225: 28801 us total, 11692 us display, type 3
frame 5226: 29039 us total, 11693 us display, type 3
frame 5227: 28150 us total, 11934 us display, type 3
frame 5228: 28488 us total, 11684 us display, type 3
frame 5229: 28309 us total, 11691 us display, type 3
axes L    385 -23053 R   -369   -121 T     0     0 level 1, 0 reports in 257 ms
frame 5230: 29443 us total, 11693 us display, type 3
frame 5231: 27620 us total, 11694 us display, type 3
frame 5232: 29378 us total, 11718 us display, type 3
frame 5233: 28867 us total, 11693 us display, type 3
frame 5234: 27793 us total, 11693 us display, type 3
frame 5235: 28925 us total, 11693 us display, type 3
frame 5236: 28344 us total, 11692 us display, type 3
frame 5237: 28800 us total, 12045 us display, type 3
frame 5238: 27513 us total, 11684 us display, type 3
axes L    385 -23053 R   -369   -121 T     0     0 level 1, 0 reports in 257 ms
frame 5239: 29668 us total, 11830 us display, type 3
frame 5240: 28554 us total, 11683 us display, type 3
frame 5241: 28186 us total, 11694 us display, type 3
frame 5242: 29451 us total, 11688 us display, type 3
frame 5243: 27520 us total, 11693 us display, type 3
frame 5244: 29057 us total, 11701 us display, type 3
frame 5245: 28095 us total, 11693 us display, type 3
frame 5246: 28841 us total, 11693 us display, type 3
frame 5247: 29176 us total, 11693 us display, type 3
axes L    385 -23053 R   -369   -121 T     0     0 level 1, 0 reports in 257 ms
frame 5248: 27974 us total, 11724 us display, type 3
frame 5249: 28483 us total, 11683 us display, type 3
frame 5250: 28263 us total, 11683 us display, type 3
frame 5251: 29436 us total, 11838 us display, type 3
frame 5252: 28083 us total, 11695 us display, type 3
frame 5253: 28542 us total, 11694 us display, type 3
frame 5254: 29188 us total, 11701 us display, type 3
frame 5255: 27889 us total, 11692 us display, type 3
frame 5256: 28965 us total, 11698 us display, type 3
axes L    385 -23053 R   -369   -121 T     0     0 level 1, 0 reports in 257 ms
frame 5257: 28659 us total, 11693 us display, type 3
frame 5258: 27922 us total, 11689 us display, type 3
frame 5259: 28049 us total, 11682 us display, type 3
frame 5260: 29125 us total, 11683 us display, type 3
frame 5261: 29166 us total, 11691 us display, type 3
frame 5262: 28517 us total, 11701 us display, type 3
frame 5263: 28702 us total, 11701 us display, type 3
frame 5264: 27860 us total, 11697 us display, type 3
frame 5265: 29078 us total, 11694 us display, type 3
axes L    385 -23053 R   -369   -121 T     0     0 level 1, 0 reports in 257 ms
frame 5266: 28360 us total, 11700 us display, type 3
frame 5267: 28709 us total, 11697 us display, type 3
frame 5268: 28848 us total, 11699 us display, type 3
frame 5269: 28155 us total, 11898 us display, type 3
frame 5270: 28534 us total, 11684 us display, type 3
frame 5271: 28162 us total, 11684 us display, type 3
frame 5272: 29646 us total, 11686 us display, type 3
frame 5273: 27508 us total, 11695 us display, type 3
frame 5274: 28992 us total, 11701 us display, type 3
axes L    385 -23053 R   -369   -121 T     0     0 level 1, 0 reports in 258 ms
frame 5275: 29570 us total, 11687 us display, type 3
frame 5276: 27437 us total, 11696 us display, type 3
frame 5277: 29135 us total, 11699 us display, type 3
frame 5278: 28104 us total, 11693 us display, type 3
frame 5279: 28341 us total, 11689 us display, type 3
frame 5280: 28050 us total, 11683 us display, type 3
frame 5281: 29149 us total, 11691 us display, type 3
frame 5282: 29587 us total, 11776 us display, type 3
frame 5283: 27730 us total, 11694 us display, type 3
axes L    385 -23053 R   -369   -121 T     0     0 level 1, 0 reports in 257 ms
frame 5284: 29318 us total, 11695 us display, type 3
frame 5285: 27623 us total, 11694 us display, type 3
frame 5286: 28971 us total, 11694 us display, type 3
frame 5287: 28254 us total, 11693 us display, type 3
frame 5288: 28769 us total, 11693 us display, type 3
frame 5289: 28955 us total, 11699 us display, type 3
frame 5290: 28164 us total, 11943 us display, type 3
frame 5291: 28524 us total, 11684 us display, type 3
frame 5292: 28688 us total, 11822 us display, type 3
axes L    385 -23053 R   -369   -121 T     0     0 level 1, 0 reports in 257 ms
frame 5293: 29300 us total, 11692 us display, type 3
frame 5294: 27341 us total, 11693 us display, type 3
frame 5295: 29033 us total, 11694 us display, type 3
frame 5296: 29151 us total, 11694 us display, type 3
frame 5297: 27887 us total, 11699 us display, type 3
frame 5298: 28923 us total, 11700 us display, type 3
frame 5299: 28168 us total, 11693 us display, type 3
frame 5300: 28428 us total, 11682 us display, type 3
frame 5301: 28073 us total, 11684 us display, type 3
axes L    385 -23053 R   -369   -121 T     0     0 level 1, 0 reports in 257 ms
frame 5302: 29998 us total, 11691 us display, type 3
frame 5303: 28235 us total, 11683 us display, type 3
frame 5304: 28173 us total, 11701 us display, type 3
frame 5305: 29052 us total, 11694 us display, type 3
frame 5306: 27879 us total, 11694 us display, type 3
frame 5307: 29132 us total, 11701 us display, type 3
frame 5308: 28001 us total, 11700 us display, type 3
frame 5309: 28909 us total, 11692 us display, type 3
frame 5310: 28945 us total, 11699 us display, type 3
axes L    385 -23053 R   -369   -121 T     0     0 level 1, 0 reports in 257 ms
frame 5311: 28160 us total, 11729 us display, type 3
frame 5312: 29073 us total, 11861 us display, type 3
frame 5313: 27623 us total, 11684 us display, type 3
frame 5314: 29490 us total, 11834 us display, type 3
frame 5315: 27702 us total, 11694 us display, type 3
frame 5316: 28963 us total, 11694 us display, type 3
frame 5317: 29304 us total, 11694 us display, type 3
frame 5318: 27663 us total, 11692 us display, type 3
frame 5319: 29032 us total, 11695 us display, type 3
axes L    385 -23053 R   -369   -121 T     0     0 level 1, 0 reports in 257 ms
frame 5320: 28471 us total, 11686 us display, type 3
frame 5321: 28150 us total, 11682 us display, type 3
frame 5322: 28602 us total, 11848 us display, type 3
frame 5323: 28490 us total, 11682 us display, type 3
frame 5324: 29203 us total, 11690 us display, type 3
frame 5325: 28159 us total, 11695 us display, type 3
frame 5326: 29045 us total, 11693 us display, type 3
frame 5327: 28029 us total, 11698 us display, type 3
frame 5328: 28853 us total, 11694 us display, type 3
axes L    385 -23053 R   -369   -121 T     0     0 level 1, 0 reports in 257 ms
frame 5329: 28502 us total, 11693 us display, type 3
frame 5330: 28496 us total, 11692 us display, type 3
frame 5331: 28945 us total, 11692 us display, type 3
frame 5332: 28206 us total, 11697 us display, type 3
frame 5333: 28486 us total, 11684 us display, type 3
frame 5334: 28279 us total, 11691 us display, type 3
frame 5335: 29423 us total, 11744 us display, type 3
frame 5336: 27609 us total, 11694 us display, type 3
frame 5337: 29176 us total, 11694 us display, type 3
axes L    385 -23053 R   -369   -121 T     0     0 level 1, 0 reports in 258 ms
frame 5338: 29434 us total, 11687 us display, type 3
frame 5339: 27440 us total, 11700 us display, type 3
frame 5340: 29043 us total, 11693 us display, type 3
frame 5341: 28200 us total, 11693 us display, type 3
frame 5342: 29134 us total, 12049 us display, type 3
frame 5343: 27264 us total, 11683 us display, type 3
frame 5344: 29154 us total, 11691 us display, type 3
frame 5345: 29553 us total, 12045 us display, type 3
frame 5346: 27619 us total, 11694 us display, type 3
axes L    385 -23053 R   -369   -121 T     0     0 level 1, 0 reports in 257 ms
frame 5347: 29833 us total, 11693 us display, type 3
frame 5348: 27212 us total, 11693 us display, type 3
frame 5349: 28927 us total, 11694 us display, type 3
frame 5350: 28200 us total, 11700 us display, type 3
frame 5351: 28857 us total, 11699 us display, type 3
frame 5352: 29388 us total, 11693 us display, type 3
frame 5353: 27767 us total, 12035 us display, type 3
frame 5354: 28430 us total, 11690 us display, type 3
frame 5355: 28367 us total, 11691 us display, type 3
axes L    385 -23053 R   -369   -121 T     0     0 level 1, 0 reports in 257 ms
frame 5356: 29570 us total, 11689 us display, type 3
frame 5357: 27633 us total, 11696 us display, type 3
frame 5358: 28888 us total, 11694 us display, type 3
frame 5359: 29137 us total, 11693 us display, type 3
frame 5360: 27826 us total, 11695 us display, type 3
frame 5361: 29000 us total, 11699 us display, type 3
frame 5362: 28699 us total, 11685 us display, type 3
frame 5363: 27973 us total, 11682 us display, type 3
frame 5364: 27897 us total, 11683 us display, type 3
axes L    385 -23053 R   -369   -121 T     0     0 level 1, 0 reports in 257 ms
frame 5365: 29728 us total, 11818 us display, type 3
frame 5366: 28617 us total, 11690 us display, type 3
frame 5367: 28419 us total, 11859 us display, type 3
frame 5368: 28990 us total, 11788 us display, type 3
frame 5369: 27631 us total, 11694 us display, type 3
frame 5370: 29061 us total, 11693 us display, type 3
frame 5371: 28129 us total, 11699 us display, type 3
frame 5372: 29200 us total, 11692 us display, type 3
frame 5373: 28672 us total, 11692 us display, type 3
axes L    385 -23053 R   -369   -121 T     0     0 level 1, 0 reports in 257 ms
frame 5374: 28133 us total, 11711 us display, type 3
frame 5375: 28526 us total, 11684 us display, type 3
frame 5376: 28219 us total, 11683 us display, type 3
mem @frame 5376: heap free 66336, largest 40960, min ever 65508, zone free 55016, stack free 14540, uptime 172 s, gamestate 0, demo 0, usergame 1, tic 5946
frame 5377: 29476 us total, 11700 us display, type 3
frame 5378: 27647 us total, 11694 us display, type 3
frame 5379: 28986 us total, 11693 us display, type 3
frame 5380: 29144 us total, 11701 us display, type 3
frame 5381: 27903 us total, 11692 us display, type 3
frame 5382: 29259 us total, 11693 us display, type 3
axes L    385 -23053 R   -369   -121 T     0     0 level 1, 0 reports in 257 ms
frame 5383: 28387 us total, 11686 us display, type 3
frame 5384: 27938 us total, 11682 us display, type 3
frame 5385: 28042 us total, 11683 us display, type 3
frame 5386: 29162 us total, 11683 us display, type 3
frame 5387: 29157 us total, 11697 us display, type 3
frame 5388: 28041 us total, 11694 us display, type 3
frame 5389: 29146 us total, 11693 us display, type 3
frame 5390: 27819 us total, 11696 us display, type 3
frame 5391: 29046 us total, 11694 us display, type 3
axes L    385 -23053 R   -369   -121 T     0     0 level 1, 0 reports in 257 ms
frame 5392: 28966 us total, 11693 us display, type 3
frame 5393: 27987 us total, 11696 us display, type 3
frame 5394: 29000 us total, 11697 us display, type 3
frame 5395: 28150 us total, 11814 us display, type 3
frame 5396: 28544 us total, 11683 us display, type 3
frame 5397: 28665 us total, 12034 us display, type 3
frame 5398: 28975 us total, 11833 us display, type 3
frame 5399: 27711 us total, 11693 us display, type 3
frame 5400: 28900 us total, 11693 us display, type 3
axes L    385 -23053 R   -369   -121 T     0     0 level 1, 0 reports in 258 ms
frame 5401: 29598 us total, 11687 us display, type 3
frame 5402: 27833 us total, 11694 us display, type 3
frame 5403: 28638 us total, 11692 us display, type 3
frame 5404: 28167 us total, 11692 us display, type 3
frame 5405: 28425 us total, 11683 us display, type 3
frame 5406: 28028 us total, 11683 us display, type 3
frame 5407: 29662 us total, 11879 us display, type 3
frame 5408: 28620 us total, 11690 us display, type 3
frame 5409: 28172 us total, 11694 us display, type 3
axes L    385 -23053 R   -369   -121 T     0     0 level 1, 0 reports in 257 ms
frame 5410: 29511 us total, 11688 us display, type 3
frame 5411: 27402 us total, 11693 us display, type 3
frame 5412: 29368 us total, 11698 us display, type 3
frame 5413: 27946 us total, 11693 us display, type 3
frame 5414: 28726 us total, 11693 us display, type 3
frame 5415: 28979 us total, 11692 us display, type 3
frame 5416: 28131 us total, 11853 us display, type 3
frame 5417: 28659 us total, 11685 us display, type 3
frame 5418: 28037 us total, 11684 us display, type 3
axes L    385 -23053 R   -369   -121 T     0     0 level 1, 0 reports in 257 ms
frame 5419: 29667 us total, 11694 us display, type 3
frame 5420: 27495 us total, 11693 us display, type 3
frame 5421: 28992 us total, 11698 us display, type 3
frame 5422: 29560 us total, 11687 us display, type 3
frame 5423: 27383 us total, 11693 us display, type 3
frame 5424: 29053 us total, 11699 us display, type 3
frame 5425: 28461 us total, 11693 us display, type 3
frame 5426: 28203 us total, 11690 us display, type 3
frame 5427: 28148 us total, 11690 us display, type 3
axes L    385 -23053 R   -369   -121 T     0     0 level 1, 0 reports in 257 ms
frame 5428: 29489 us total, 11804 us display, type 3
frame 5429: 28596 us total, 11685 us display, type 3
frame 5430: 28138 us total, 11694 us display, type 3
frame 5431: 29122 us total, 11694 us display, type 3
frame 5432: 28307 us total, 11744 us display, type 3
frame 5433: 28483 us total, 11693 us display, type 3
frame 5434: 28200 us total, 11699 us display, type 3
frame 5435: 28890 us total, 11693 us display, type 3
frame 5436: 28902 us total, 11693 us display, type 3
axes L    385 -23053 R   -369   -121 T     0     0 level 1, 0 reports in 257 ms
frame 5437: 28305 us total, 11690 us display, type 3
frame 5438: 28388 us total, 11684 us display, type 3
frame 5439: 28296 us total, 11692 us display, type 3
frame 5440: 29412 us total, 11783 us display, type 3
frame 5441: 27598 us total, 11693 us display, type 3
frame 5442: 29456 us total, 11715 us display, type 3
frame 5443: 28923 us total, 11694 us display, type 3
frame 5444: 27696 us total, 11693 us display, type 3
frame 5445: 29066 us total, 11693 us display, type 3
axes L    385 -23053 R   -369   -121 T     0     0 level 1, 0 reports in 257 ms
frame 5446: 28337 us total, 11693 us display, type 3
frame 5447: 28713 us total, 12048 us display, type 3
frame 5448: 27508 us total, 11684 us display, type 3
frame 5449: 29147 us total, 11692 us display, type 3
frame 5450: 29172 us total, 11692 us display, type 3
frame 5451: 28012 us total, 11694 us display, type 3
frame 5452: 29552 us total, 11689 us display, type 3
frame 5453: 27489 us total, 11694 us display, type 3
frame 5454: 29003 us total, 11694 us display, type 3
axes L    385 -23053 R   -369   -121 T     0     0 level 1, 0 reports in 257 ms
frame 5455: 28674 us total, 11794 us display, type 3
frame 5456: 28309 us total, 11700 us display, type 3
frame 5457: 29150 us total, 11699 us display, type 3
frame 5458: 28008 us total, 11983 us display, type 3
frame 5459: 28427 us total, 11690 us display, type 3
frame 5460: 28317 us total, 11683 us display, type 3
frame 5461: 29443 us total, 11829 us display, type 3
frame 5462: 28044 us total, 11695 us display, type 3
frame 5463: 28667 us total, 11693 us display, type 3
axes L    385 -23053 R   -369   -121 T     0     0 level 1, 0 reports in 258 ms
frame 5464: 29474 us total, 11687 us display, type 3
frame 5465: 27515 us total, 11693 us display, type 3
frame 5466: 28965 us total, 11693 us display, type 3
frame 5467: 28437 us total, 11700 us display, type 3
frame 5468: 28234 us total, 11683 us display, type 3
frame 5469: 27943 us total, 11682 us display, type 3
frame 5470: 29682 us total, 12030 us display, type 3
frame 5471: 28646 us total, 11691 us display, type 3
frame 5472: 28412 us total, 11701 us display, type 3
axes L    385 -23053 R   -369   -121 T     0     0 level 1, 0 reports in 257 ms
frame 5473: 29155 us total, 11695 us display, type 3
frame 5474: 27508 us total, 11693 us display, type 3
frame 5475: 29032 us total, 11694 us display, type 3
frame 5476: 28157 us total, 11699 us display, type 3
frame 5477: 28862 us total, 11700 us display, type 3
frame 5478: 28945 us total, 11692 us display, type 3
frame 5479: 28136 us total, 12018 us display, type 3
frame 5480: 28482 us total, 11683 us display, type 3
frame 5481: 28319 us total, 11691 us display, type 3
axes L    385 -23053 R   -369   -121 T     0     0 level 1, 0 reports in 257 ms
frame 5482: 29789 us total, 11684 us display, type 3
frame 5483: 27274 us total, 11693 us display, type 3
frame 5484: 28980 us total, 11701 us display, type 3
frame 5485: 29123 us total, 11694 us display, type 3
frame 5486: 27900 us total, 11692 us display, type 3
frame 5487: 29130 us total, 11699 us display, type 3
frame 5488: 28000 us total, 11693 us display, type 3
frame 5489: 28477 us total, 11682 us display, type 3
frame 5490: 27937 us total, 11682 us display, type 3
axes L    385 -23053 R   -369   -121 T     0     0 level 1, 0 reports in 257 ms
frame 5491: 29736 us total, 11860 us display, type 3
frame 5492: 29070 us total, 11794 us display, type 3
frame 5493: 27671 us total, 11694 us display, type 3
frame 5494: 29321 us total, 11702 us display, type 3
frame 5495: 27629 us total, 11700 us display, type 3
frame 5496: 29026 us total, 11693 us display, type 3
frame 5497: 28427 us total, 11694 us display, type 3
frame 5498: 28558 us total, 11696 us display, type 3
frame 5499: 29045 us total, 11693 us display, type 3
axes L    385 -23053 R   -369   -121 T     0     0 level 1, 0 reports in 257 ms
frame 5500: 28109 us total, 11776 us display, type 3
frame 5501: 28481 us total, 11684 us display, type 3
frame 5502: 28733 us total, 11792 us display, type 3
frame 5503: 28969 us total, 11839 us display, type 3
frame 5504: 27705 us total, 11694 us display, type 3
frame 5505: 28959 us total, 11699 us display, type 3
frame 5506: 29143 us total, 11701 us display, type 3
frame 5507: 27981 us total, 11692 us display, type 3
frame 5508: 28791 us total, 11692 us display, type 3
axes L    385 -23053 R   -369   -121 T     0     0 level 1, 0 reports in 257 ms
frame 5509: 28594 us total, 11693 us display, type 3
frame 5510: 28107 us total, 11683 us display, type 3
frame 5511: 28018 us total, 11683 us display, type 3
frame 5512: 29665 us total, 11817 us display, type 3
frame 5513: 28553 us total, 11683 us display, type 3
frame 5514: 28184 us total, 11694 us display, type 3
frame 5515: 29136 us total, 11694 us display, type 3
frame 5516: 27828 us total, 11700 us display, type 3
frame 5517: 29173 us total, 11694 us display, type 3
axes L    385 -23053 R   -369   -121 T     0     0 level 1, 0 reports in 257 ms
frame 5518: 28341 us total, 11687 us display, type 3
frame 5519: 28484 us total, 11700 us display, type 3
frame 5520: 28997 us total, 11700 us display, type 3
frame 5521: 28153 us total, 11886 us display, type 3
frame 5522: 29077 us total, 11842 us display, type 3
frame 5523: 27613 us total, 11684 us display, type 3
frame 5524: 29499 us total, 11843 us display, type 3
frame 5525: 27709 us total, 11694 us display, type 3
frame 5526: 28964 us total, 11693 us display, type 3
axes L    385 -23053 R   -369   -121 T     0     0 level 1, 0 reports in 258 ms
frame 5527: 29669 us total, 11687 us display, type 3
frame 5528: 27269 us total, 11693 us display, type 3
frame 5529: 29042 us total, 11699 us display, type 3
frame 5530: 28245 us total, 11693 us display, type 3
frame 5531: 28348 us total, 11690 us display, type 3
frame 5532: 28641 us total, 11901 us display, type 3
frame 5533: 28585 us total, 11687 us display, type 3
frame 5534: 29117 us total, 11691 us display, type 3
frame 5535: 28213 us total, 11700 us display, type 3
axes L    385 -23053 R   -369   -121 T     0     0 level 1, 0 reports in 257 ms
frame 5536: 29298 us total, 11701 us display, type 3
frame 5537: 27702 us total, 11701 us display, type 3
frame 5538: 28861 us total, 11693 us display, type 3
frame 5539: 28346 us total, 11693 us display, type 3
frame 5540: 28688 us total, 11693 us display, type 3
frame 5541: 28894 us total, 11693 us display, type 3
frame 5542: 28223 us total, 11698 us display, type 3
frame 5543: 28484 us total, 11684 us display, type 3
frame 5544: 28266 us total, 11684 us display, type 3
axes L    385 -23053 R   -369   -121 T     0     0 level 1, 0 reports in 257 ms
frame 5545: 29694 us total, 11686 us display, type 3
frame 5546: 27355 us total, 11694 us display, type 3
frame 5547: 29174 us total, 11694 us display, type 3
frame 5548: 29125 us total, 11694 us display, type 3
frame 5549: 27750 us total, 11700 us display, type 3
frame 5550: 29029 us total, 11693 us display, type 3
frame 5551: 28412 us total, 11700 us display, type 3
frame 5552: 28944 us total, 12050 us display, type 3
frame 5553: 27296 us total, 11682 us display, type 3
axes L    385 -23053 R   -369   -121 T     0     0 level 1, 0 reports in 257 ms
frame 5554: 29617 us total, 11796 us display, type 3
frame 5555: 28638 us total, 11691 us display, type 3
frame 5556: 28097 us total, 11694 us display, type 3
frame 5557: 29324 us total, 11775 us display, type 3
frame 5558: 27704 us total, 11700 us display, type 3
frame 5559: 28881 us total, 11694 us display, type 3
frame 5560: 28174 us total, 11692 us display, type 3
frame 5561: 28884 us total, 11696 us display, type 3
frame 5562: 29366 us total, 11700 us display, type 3
axes L    385 -23053 R   -369   -121 T     0     0 level 1, 0 reports in 257 ms
frame 5563: 27784 us total, 11694 us display, type 3
frame 5564: 28432 us total, 11690 us display, type 3
frame 5565: 28367 us total, 11691 us display, type 3
frame 5566: 29384 us total, 11852 us display, type 3
frame 5567: 27742 us total, 11696 us display, type 3
frame 5568: 28926 us total, 11696 us display, type 3
frame 5569: 29136 us total, 11701 us display, type 3
frame 5570: 27885 us total, 11693 us display, type 3
frame 5571: 29014 us total, 11693 us display, type 3
axes L    385 -23053 R   -369   -121 T     0     0 level 1, 0 reports in 257 ms
frame 5572: 28724 us total, 11685 us display, type 3
frame 5573: 27880 us total, 11683 us display, type 3
frame 5574: 28012 us total, 11691 us display, type 3
frame 5575: 29158 us total, 11686 us display, type 3
frame 5576: 29142 us total, 11691 us display, type 3
frame 5577: 28152 us total, 11694 us display, type 3
frame 5578: 29061 us total, 11694 us display, type 3
frame 5579: 27837 us total, 11699 us display, type 3
frame 5580: 28999 us total, 11694 us display, type 3
axes L    385 -23053 R   -369   -121 T     0     0 level 1, 0 reports in 257 ms
frame 5581: 28528 us total, 11686 us display, type 3
frame 5582: 28780 us total, 11693 us display, type 3
frame 5583: 28702 us total, 11693 us display, type 3
frame 5584: 28139 us total, 12009 us display, type 3
frame 5585: 28487 us total, 11683 us display, type 3
frame 5586: 28299 us total, 11690 us display, type 3
frame 5587: 29433 us total, 11705 us display, type 3
frame 5588: 27638 us total, 11694 us display, type 3
frame 5589: 29027 us total, 11693 us display, type 3
axes L    385 -23053 R   -369   -121 T     0     0 level 1, 0 reports in 258 ms
frame 5590: 29650 us total, 11769 us display, type 3
frame 5591: 27327 us total, 11692 us display, type 3
frame 5592: 29354 us total, 11699 us display, type 3
frame 5593: 27779 us total, 11699 us display, type 3
frame 5594: 28540 us total, 11682 us display, type 3
frame 5595: 27974 us total, 11690 us display, type 3
frame 5596: 29126 us total, 11691 us display, type 3
frame 5597: 29572 us total, 11965 us display, type 3
frame 5598: 27607 us total, 11694 us display, type 3
axes L    385 -23053 R   -369   -121 T     0     0 level 1, 0 reports in 257 ms
frame 5599: 29554 us total, 11690 us display, type 3
frame 5600: 27491 us total, 11694 us display, type 3
frame 5601: 28993 us total, 11697 us display, type 3
frame 5602: 28540 us total, 11686 us display, type 3
frame 5603: 28403 us total, 11692 us display, type 3
frame 5604: 29061 us total, 11692 us display, type 3
frame 5605: 28146 us total, 12040 us display, type 3
frame 5606: 28487 us total, 11683 us display, type 3
frame 5607: 28721 us total, 11955 us display, type 3
axes L    385 -23053 R   -369   -121 T     0     0 level 1, 0 reports in 257 ms
frame 5608: 29077 us total, 11701 us display, type 3
frame 5609: 27573 us total, 11693 us display, type 3
frame 5610: 28992 us total, 11700 us display, type 3
frame 5611: 29245 us total, 11694 us display, type 3
frame 5612: 28135 us total, 11694 us display, type 3
frame 5613: 28629 us total, 11693 us display, type 3
frame 5614: 28116 us total, 11692 us display, type 3
frame 5615: 28949 us total, 12050 us display, type 3
frame 5616: 27502 us total, 11690 us display, type 3
axes L    385 -23053 R   -369   -121 T     0     0 level 1, 0 reports in 257 ms
frame 5617: 29722 us total, 11738 us display, type 3
frame 5618: 28603 us total, 11685 us display, type 3
frame 5619: 28126 us total, 11694 us display, type 3
frame 5620: 29136 us total, 11693 us display, type 3
frame 5621: 27768 us total, 11694 us display, type 3
frame 5622: 29445 us total, 11694 us display, type 3
frame 5623: 27764 us total, 11700 us display, type 3
frame 5624: 28854 us total, 11699 us display, type 3
frame 5625: 29080 us total, 11692 us display, type 3
axes L    385 -23053 R   -369   -121 T     0     0 level 1, 0 reports in 257 ms
frame 5626: 28074 us total, 11779 us display, type 3
frame 5627: 28612 us total, 11684 us display, type 3
frame 5628: 28171 us total, 11691 us display, type 3
frame 5629: 29400 us total, 11905 us display, type 3
frame 5630: 27680 us total, 11692 us display, type 3
frame 5631: 28988 us total, 11701 us display, type 3
frame 5632: 29529 us total, 11687 us display, type 3
mem @frame 5632: heap free 66336, largest 40960, min ever 65508, zone free 55016, stack free 14540, uptime 179 s, gamestate 0, demo 0, usergame 1, tic 6202
frame 5633: 27520 us total, 11692 us display, type 3
frame 5634: 28882 us total, 11693 us display, type 3
axes L    385 -23053 R   -369   -121 T     0     0 level 1, 0 reports in 257 ms
frame 5635: 28593 us total, 11686 us display, type 3
frame 5636: 28106 us total, 11683 us display, type 3
frame 5637: 28126 us total, 11683 us display, type 3
frame 5638: 29080 us total, 11683 us display, type 3
frame 5639: 29018 us total, 11685 us display, type 3
frame 5640: 28176 us total, 11693 us display, type 3
frame 5641: 29301 us total, 11789 us display, type 3
frame 5642: 28125 us total, 11780 us display, type 3
frame 5643: 28610 us total, 11700 us display, type 3
axes L    385 -23053 R   -369   -121 T     0     0 level 1, 0 reports in 257 ms
frame 5644: 28617 us total, 11796 us display, type 3
frame 5645: 28338 us total, 11693 us display, type 3
frame 5646: 28977 us total, 11699 us display, type 3
frame 5647: 28153 us total, 11938 us display, type 3
frame 5648: 28538 us total, 11683 us display, type 3
frame 5649: 28201 us total, 11684 us display, type 3
frame 5650: 29479 us total, 11732 us display, type 3
frame 5651: 27666 us total, 11694 us display, type 3
frame 5652: 29353 us total, 11766 us display, type 3
axes L    385 -23053 R   -369   -121 T     0     0 level 1, 0 reports in 258 ms
frame 5653: 29123 us total, 11694 us display, type 3
frame 5654: 27491 us total, 11693 us display, type 3
frame 5655: 29034 us total, 11693 us display, type 3
frame 5656: 28173 us total, 11700 us display, type 3
frame 5657: 28489 us total, 11683 us display, type 3
frame 5658: 27939 us total, 11684 us display, type 3
frame 5659: 29179 us total, 11685 us display, type 3
frame 5660: 29073 us total, 11684 us display, type 3
frame 5661: 28206 us total, 11694 us display, type 3
axes L    385 -23053 R   -369   -121 T     0     0 level 1, 0 reports in 257 ms
frame 5662: 29837 us total, 11694 us display, type 3
frame 5663: 27074 us total, 11693 us display, type 3
frame 5664: 28991 us total, 11700 us display, type 3
frame 5665: 28445 us total, 11696 us display, type 3
frame 5666: 28558 us total, 11693 us display, type 3
frame 5667: 29114 us total, 11693 us display, type 3
frame 5668: 27651 us total, 11684 us display, type 3
frame 5669: 28923 us total, 11684 us display, type 3
frame 5670: 28155 us total, 11684 us display, type 3
axes L    385 -23053 R   -369   -121 T     0     0 level 1, 0 reports in 257 ms
frame 5671: 29669 us total, 11693 us display, type 3
frame 5672: 27858 us total, 11698 us display, type 3
frame 5673: 28635 us total, 11694 us display, type 3
frame 5674: 29189 us total, 11694 us display, type 3
frame 5675: 27801 us total, 11700 us display, type 3
frame 5676: 29006 us total, 11698 us display, type 3
frame 5677: 28251 us total, 11693 us display, type 3
frame 5678: 28397 us total, 11691 us display, type 3
frame 5679: 28030 us total, 11684 us display, type 3
axes L    385 -23053 R   -369   -121 T     0     0 level 1, 0 reports in 257 ms
frame 5680: 29618 us total, 11942 us display, type 3
frame 5681: 28604 us total, 11684 us display, type 3
frame 5682: 28560 us total, 11694 us display, type 3
frame 5683: 28614 us total, 11695 us display, type 3
frame 5684: 27927 us total, 11696 us display, type 3
frame 5685: 29023 us total, 11694 us display, type 3
frame 5686: 28109 us total, 11699 us display, type 3
frame 5687: 29044 us total, 11692 us display, type 3
frame 5688: 28754 us total, 11693 us display, type 3
axes L    385 -23053 R   -369   -121 T     0     0 level 1, 0 reports in 257 ms
frame 5689: 28218 us total, 11723 us display, type 3
frame 5690: 28482 us total, 11684 us display, type 3
frame 5691: 28285 us total, 11691 us display, type 3
frame 5692: 29620 us total, 11687 us display, type 3
frame 5693: 27414 us total, 11694 us display, type 3
frame 5694: 29052 us total, 11694 us display, type 3
frame 5695: 29179 us total, 11694 us display, type 3
frame 5696: 27822 us total, 11693 us display, type 3
frame 5697: 29167 us total, 11692 us display, type 3
axes L    385 -23053 R   -369   -121 T     0     0 level 1, 0 reports in 257 ms
frame 5698: 28311 us total, 11686 us display, type 3
frame 5699: 28140 us total, 11684 us display, type 3
frame 5700: 28007 us total, 11684 us display, type 3
frame 5701: 29166 us total, 11692 us display, type 3
frame 5702: 29572 us total, 11783 us display, type 3
frame 5703: 27663 us total, 11693 us display, type 3
frame 5704: 29328 us total, 11727 us display, type 3
frame 5705: 27723 us total, 11694 us display, type 3
frame 5706: 28861 us total, 11694 us display, type 3
axes L    385 -23053 R   -369   -121 T     0     0 level 1, 0 reports in 257 ms
frame 5707: 28757 us total, 11773 us display, type 3
frame 5708: 28303 us total, 11692 us display, type 3
frame 5709: 29008 us total, 11692 us display, type 3
frame 5710: 28140 us total, 12024 us display, type 3
frame 5711: 28430 us total, 11691 us display, type 3
frame 5712: 28787 us total, 11774 us display, type 3
frame 5713: 28976 us total, 11834 us display, type 3
frame 5714: 27676 us total, 11693 us display, type 3
frame 5715: 29070 us total, 11694 us display, type 3
axes L    385 -23053 R   -369   -121 T     0     0 level 1, 0 reports in 258 ms
frame 5716: 29376 us total, 11754 us display, type 3
frame 5717: 27684 us total, 11693 us display, type 3
frame 5718: 28842 us total, 11700 us display, type 3
frame 5719: 28148 us total, 11700 us display, type 3
frame 5720: 28529 us total, 11683 us display, type 3
frame 5721: 27910 us total, 11690 us display, type 3
frame 5722: 29721 us total, 11834 us display, type 3
frame 5723: 28597 us total, 11684 us display, type 3
frame 5724: 28105 us total, 11701 us display, type 3
axes L    385 -23053 R   -369   -121 T     0     0 level 1, 0 reports in 257 ms
frame 5725: 29589 us total, 11687 us display, type 3
frame 5726: 27426 us total, 11693 us display, type 3
frame 5727: 29121 us total, 11701 us display, type 3
frame 5728: 27986 us total, 11692 us display, type 3
frame 5729: 28794 us total, 11692 us display, type 3
frame 5730: 29092 us total, 11693 us display, type 3
frame 5731: 27757 us total, 11683 us display, type 3
frame 5732: 29458 us total, 11907 us display, type 3
frame 5733: 27749 us total, 11691 us display, type 3
axes L    385 -23053 R   -369   -121 T     0     0 level 1, 0 reports in 257 ms
frame 5734: 29473 us total, 11694 us display, type 3
frame 5735: 27592 us total, 11694 us display, type 3
frame 5736: 28962 us total, 11700 us display, type 3
frame 5737: 29463 us total, 11717 us display, type 3
frame 5738: 27583 us total, 11693 us display, type 3
frame 5739: 28893 us total, 11693 us display, type 3
frame 5740: 28195 us total, 11700 us display, type 3
frame 5741: 28487 us total, 11683 us display, type 3
frame 5742: 28601 us total, 11907 us display, type 3
axes L    385 -23053 R   -369   -121 T     0     0 level 1, 0 reports in 257 ms
frame 5743: 29078 us total, 11809 us display, type 3
frame 5744: 28537 us total, 11684 us display, type 3
frame 5745: 28237 us total, 11700 us display, type 3
frame 5746: 29068 us total, 11701 us display, type 3
frame 5747: 27984 us total, 11693 us display, type 3
frame 5748: 28942 us total, 11701 us display, type 3
frame 5749: 28123 us total, 11692 us display, type 3
frame 5750: 28804 us total, 11699 us display, type 3
frame 5751: 29049 us total, 11693 us display, type 3
axes L    385 -23053 R   -369   -121 T     0     0 level 1, 0 reports in 257 ms
frame 5752: 28389 us total, 11697 us display, type 3
frame 5753: 28216 us total, 11691 us display, type 3
frame 5754: 28237 us total, 11684 us display, type 3
frame 5755: 29448 us total, 11807 us display, type 3
frame 5756: 27733 us total, 11701 us display, type 3
frame 5757: 29004 us total, 11701 us display, type 3
frame 5758: 29149 us total, 11701 us display, type 3
frame 5759: 27769 us total, 11700 us display, type 3
frame 5760: 29022 us total, 11693 us display, type 3
axes L    385 -23053 R   -369   -121 T     0     0 level 1, 0 reports in 257 ms
frame 5761: 28675 us total, 11686 us display, type 3
frame 5762: 28672 us total, 12055 us display, type 3
frame 5763: 27291 us total, 11690 us display, type 3
frame 5764: 29161 us total, 11687 us display, type 3
frame 5765: 29070 us total, 11684 us display, type 3
frame 5766: 28157 us total, 11694 us display, type 3
frame 5767: 29304 us total, 11778 us display, type 3
frame 5768: 27660 us total, 11698 us display, type 3
frame 5769: 29050 us total, 11693 us display, type 3
axes L    385 -23053 R   -369   -121 T     0     0 level 1, 0 reports in 257 ms
frame 5770: 28346 us total, 11693 us display, type 3
frame 5771: 28598 us total, 11700 us display, type 3
frame 5772: 29366 us total, 11700 us display, type 3
frame 5773: 27788 us total, 11983 us display, type 3
frame 5774: 28530 us total, 11684 us display, type 3
frame 5775: 28191 us total, 11684 us display, type 3
frame 5776: 29464 us total, 11812 us display, type 3
frame 5777: 27809 us total, 11701 us display, type 3
frame 5778: 28853 us total, 11700 us display, type 3
axes L    385 -23053 R   -369   -121 T     0     0 level 1, 0 reports in 258 ms
frame 5779: 29512 us total, 11694 us display, type 3
frame 5780: 27492 us total, 11698 us display, type 3
frame 5781: 28999 us total, 11699 us display, type 3
frame 5782: 28507 us total, 11693 us display, type 3
frame 5783: 28071 us total, 11690 us display, type 3
frame 5784: 28053 us total, 11684 us display, type 3
frame 5785: 29290 us total, 11691 us display, type 3
frame 5786: 29013 us total, 11691 us display, type 3
frame 5787: 28402 us total, 11817 us display, type 3
axes L    385 -23053 R   -369   -121 T     0     0 level 1, 0 reports in 257 ms
frame 5788: 29269 us total, 11688 us display, type 3
frame 5789: 27397 us total, 11699 us display, type 3
frame 5790: 29000 us total, 11695 us display, type 3
frame 5791: 28163 us total, 11693 us display, type 3
frame 5792: 29242 us total, 11693 us display, type 3
frame 5793: 28534 us total, 11692 us display, type 3
frame 5794: 28209 us total, 12049 us display, type 3
frame 5795: 28530 us total, 11684 us display, type 3
frame 5796: 28222 us total, 11684 us display, type 3
axes L    385 -23053 R   -369   -121 T     0     0 level 1, 0 reports in 257 ms
frame 5797: 29731 us total, 11687 us display, type 3
frame 5798: 27310 us total, 11693 us display, type 3
frame 5799: 29038 us total, 11693 us display, type 3
frame 5800: 29213 us total, 11694 us display, type 3
frame 5801: 27802 us total, 11699 us display, type 3
frame 5802: 29407 us total, 11692 us display, type 3
frame 5803: 27722 us total, 11693 us display, type 3
frame 5804: 28527 us total, 11692 us display, type 3
frame 5805: 28057 us total, 11685 us display, type 3
axes L    385 -23053 R   -369   -121 T     0     0 level 1, 0 reports in 257 ms
frame 5806: 29588 us total, 11929 us display, type 3
frame 5807: 29061 us total, 12012 us display, type 3
frame 5808: 27679 us total, 11694 us display, type 3
frame 5809: 29111 us total, 11701 us display, type 3
frame 5810: 27891 us total, 11694 us display, type 3
frame 5811: 28914 us total, 11693 us display, type 3
frame 5812: 28748 us total, 11809 us display, type 3
frame 5813: 28307 us total, 11692 us display, type 3
frame 5814: 28993 us total, 11692 us display, type 3
axes L    385 -23053 R   -369   -121 T     0     0 level 1, 0 reports in 257 ms
frame 5815: 28452 us total, 11690 us display, type 3
frame 5816: 28129 us total, 11690 us display, type 3
frame 5817: 28781 us total, 12012 us display, type 3
frame 5818: 28996 us total, 11771 us display, type 3
frame 5819: 27644 us total, 11694 us display, type 3
frame 5820: 29036 us total, 11693 us display, type 3
frame 5821: 29288 us total, 11694 us display, type 3
frame 5822: 28047 us total, 11693 us display, type 3
frame 5823: 28673 us total, 11692 us display, type 3
axes L    385 -23053 R   -369   -121 T     0     0 level 1, 0 reports in 257 ms
frame 5824: 28367 us total, 11693 us display, type 3
frame 5825: 28251 us total, 11689 us display, type 3
frame 5826: 27985 us total, 11692 us display, type 3
frame 5827: 29248 us total, 11684 us display, type 3
frame 5828: 29055 us total, 11691 us display, type 3
frame 5829: 28001 us total, 11694 us display, type 3
frame 5830: 29204 us total, 11694 us display, type 3
frame 5831: 27844 us total, 11693 us display, type 3
frame 5832: 29368 us total, 11695 us display, type 3
axes L    385 -23053 R   -369   -121 T     0     0 level 1, 0 reports in 257 ms
frame 5833: 28154 us total, 11685 us display, type 3
frame 5834: 28424 us total, 11692 us display, type 3
frame 5835: 29079 us total, 11692 us display, type 3
frame 5836: 27738 us total, 11683 us display, type 3
frame 5837: 28972 us total, 11689 us display, type 3
frame 5838: 28191 us total, 11691 us display, type 3
frame 5839: 29406 us total, 11842 us display, type 3
frame 5840: 27668 us total, 11697 us display, type 3
frame 5841: 29040 us total, 11694 us display, type 3
axes L    385 -23053 R   -369   -121 T     0     0 level 1, 0 reports in 258 ms
frame 5842: 29795 us total, 11687 us display, type 3
frame 5843: 27180 us total, 11692 us display, type 3
frame 5844: 28971 us total, 11699 us display, type 3
frame 5845: 28194 us total, 11693 us display, type 3
frame 5846: 28496 us total, 11683 us display, type 3
frame 5847: 28080 us total, 11683 us display, type 3
frame 5848: 29005 us total, 11685 us display, type 3
frame 5849: 29178 us total, 11691 us display, type 3
frame 5850: 28028 us total, 11693 us display, type 3
axes L    385 -23053 R   -369   -121 T     0     0 level 1, 0 reports in 257 ms
frame 5851: 29549 us total, 11694 us display, type 3
frame 5852: 27938 us total, 11784 us display, type 3
frame 5853: 28551 us total, 11693 us display, type 3
frame 5854: 28339 us total, 11693 us display, type 3
frame 5855: 28620 us total, 11693 us display, type 3
frame 5856: 29044 us total, 11692 us display, type 3
frame 5857: 28143 us total, 11945 us display, type 3
frame 5858: 28485 us total, 11684 us display, type 3
frame 5859: 28313 us total, 11691 us display, type 3
axes L    385 -23053 R   -369   -121 T     0     0 level 1, 0 reports in 257 ms
frame 5860: 29463 us total, 11694 us display, type 3
frame 5861: 27588 us total, 11698 us display, type 3
frame 5862: 29389 us total, 11713 us display, type 3
frame 5863: 28699 us total, 11694 us display, type 3
frame 5864: 27913 us total, 11693 us display, type 3
frame 5865: 29039 us total, 11693 us display, type 3
frame 5866: 28157 us total, 11692 us display, type 3
frame 5867: 28973 us total, 12046 us display, type 3
frame 5868: 27396 us total, 11683 us display, type 3
axes L    385 -23053 R   -369   -121 T     0     0 level 1, 0 reports in 257 ms
frame 5869: 29732 us total, 11871 us display, type 3
frame 5870: 28605 us total, 11685 us display, type 3
frame 5871: 28143 us total, 11693 us display, type 3
frame 5872: 29522 us total, 11688 us display, type 3
frame 5873: 27389 us total, 11693 us display, type 3
frame 5874: 29049 us total, 11693 us display, type 3
frame 5875: 28264 us total, 11693 us display, type 3
frame 5876: 28729 us total, 11699 us display, type 3
frame 5877: 29174 us total, 11693 us display, type 3
axes L    385 -23053 R   -369   -121 T     0     0 level 1, 0 reports in 257 ms
frame 5878: 28061 us total, 11690 us display, type 3
frame 5879: 28400 us total, 11684 us display, type 3
frame 5880: 28242 us total, 11684 us display, type 3
frame 5881: 29489 us total, 11761 us display, type 3
frame 5882: 28064 us total, 11702 us display, type 3
frame 5883: 28569 us total, 11700 us display, type 3
frame 5884: 29142 us total, 11701 us display, type 3
frame 5885: 27936 us total, 11693 us display, type 3
frame 5886: 28869 us total, 11693 us display, type 3
axes L    385 -23053 R   -369   -121 T     0     0 level 1, 0 reports in 257 ms
frame 5887: 28650 us total, 11685 us display, type 3
frame 5888: 28026 us total, 11683 us display, type 3
mem @frame 5888: heap free 66336, largest 40960, min ever 65508, zone free 55016, stack free 14540, uptime 187 s, gamestate 0, demo 0, usergame 1, tic 6458
frame 5889: 28011 us total, 11683 us display, type 3
frame 5890: 29177 us total, 11688 us display, type 3
frame 5891: 29047 us total, 11684 us display, type 3
frame 5892: 28547 us total, 11694 us display, type 3
frame 5893: 28911 us total, 11799 us display, type 3
frame 5894: 27686 us total, 11696 us display, type 3
frame 5895: 29089 us total, 11694 us display, type 3
axes L    385 -23053 R   -369   -121 T     0     0 level 1, 0 reports in 257 ms
frame 5896: 28329 us total, 11693 us display, type 3
frame 5897: 28698 us total, 11693 us display, type 3
frame 5898: 28883 us total, 11699 us display, type 3
frame 5899: 27775 us total, 11691 us display, type 3
frame 5900: 28899 us total, 11684 us display, type 3
frame 5901: 28220 us total, 11686 us display, type 3
frame 5902: 29599 us total, 11686 us display, type 3
frame 5903: 27555 us total, 11693 us display, type 3
frame 5904: 28888 us total, 11694 us display, type 3
axes L    385 -23053 R   -369   -121 T     0     0 level 1, 0 reports in 258 ms
frame 5905: 29748 us total, 11766 us display, type 3
frame 5906: 27319 us total, 11692 us display, type 3
frame 5907: 29118 us total, 11693 us display, type 3
frame 5908: 28334 us total, 11692 us display, type 3
frame 5909: 28112 us total, 11683 us display, type 3
frame 5910: 28067 us total, 11684 us display, type 3
frame 5911: 29126 us total, 11684 us display, type 3
frame 5912: 29603 us total, 11771 us display, type 3
frame 5913: 27735 us total, 11693 us display, type 3
axes L    385 -23053 R   -369   -121 T     0     0 level 1, 0 reports in 257 ms
frame 5914: 29314 us total, 11695 us display, type 3
frame 5915: 27630 us total, 11693 us display, type 3
frame 5916: 28961 us total, 11694 us display, type 3
frame 5917: 28256 us total, 11693 us display, type 3
frame 5918: 28743 us total, 11692 us display, type 3
frame 5919: 28998 us total, 11699 us display, type 3
frame 5920: 27775 us total, 11690 us display, type 3
frame 5921: 28873 us total, 11689 us display, type 3
frame 5922: 28715 us total, 11836 us display, type 3
axes L    385 -23053 R   -369   -121 T     0     0 level 1, 0 reports in 257 ms
frame 5923: 29176 us total, 11687 us display, type 3
frame 5924: 27463 us total, 11694 us display, type 3
frame 5925: 29041 us total, 11693 us display, type 3
frame 5926: 29412 us total, 11788 us display, type 3
frame 5927: 27621 us total, 11693 us display, type 3
frame 5928: 28922 us total, 11699 us display, type 3
frame 5929: 28255 us total, 11693 us display, type 3
frame 5930: 28407 us total, 11691 us display, type 3
frame 5931: 28018 us total, 11685 us display, type 3
axes L    385 -23053 R   -369   -121 T     0     0 level 1, 0 reports in 257 ms
frame 5932: 29756 us total, 11699 us display, type 3
frame 5933: 28486 us total, 11690 us display, type 3
frame 5934: 28118 us total, 11694 us display, type 3
frame 5935: 29135 us total, 11694 us display, type 3
frame 5936: 27866 us total, 11694 us display, type 3
frame 5937: 29035 us total, 11700 us display, type 3
frame 5938: 28074 us total, 11693 us display, type 3
frame 5939: 28840 us total, 11700 us display, type 3
frame 5940: 29003 us total, 11699 us display, type 3
axes L    385 -23053 R   -369   -121 T     0     0 level 1, 0 reports in 257 ms
frame 5941: 28159 us total, 11701 us display, type 3
frame 5942: 29072 us total, 11918 us display, type 3
frame 5943: 27702 us total, 11691 us display, type 3
frame 5944: 29410 us total, 11811 us display, type 3
frame 5945: 27642 us total, 11693 us display, type 3
frame 5946: 29029 us total, 11694 us display, type 3
frame 5947: 29283 us total, 11700 us display, type 3
frame 5948: 27707 us total, 11699 us display, type 3
frame 5949: 29048 us total, 11692 us display, type 3
axes L    385 -23053 R   -369   -121 T     0     0 level 1, 0 reports in 257 ms
frame 5950: 28420 us total, 11686 us display, type 3
frame 5951: 28170 us total, 11684 us display, type 3
frame 5952: 28592 us total, 11916 us display, type 3
frame 5953: 28478 us total, 11685 us display, type 3
frame 5954: 29237 us total, 11691 us display, type 3
frame 5955: 28069 us total, 11694 us display, type 3
frame 5956: 29140 us total, 11699 us display, type 3
frame 5957: 27973 us total, 11693 us display, type 3
frame 5958: 28812 us total, 11694 us display, type 3
axes L    385 -23053 R   -369   -121 T     0     0 level 1, 0 reports in 257 ms
frame 5959: 28543 us total, 11686 us display, type 3
frame 5960: 28523 us total, 11698 us display, type 3
frame 5961: 28994 us total, 11700 us display, type 3
frame 5962: 28250 us total, 11690 us display, type 3
frame 5963: 28335 us total, 11690 us display, type 3
frame 5964: 28353 us total, 11691 us display, type 3
frame 5965: 29437 us total, 11720 us display, type 3
frame 5966: 27641 us total, 11694 us display, type 3
frame 5967: 29159 us total, 11694 us display, type 3
axes L    385 -23053 R   -369   -121 T     0     0 level 1, 0 reports in 258 ms
frame 5968: 29294 us total, 11753 us display, type 3
frame 5969: 27537 us total, 11695 us display, type 3
frame 5970: 28994 us total, 11700 us display, type 3
frame 5971: 28128 us total, 11692 us display, type 3
frame 5972: 29281 us total, 12049 us display, type 3
frame 5973: 27187 us total, 11683 us display, type 3
frame 5974: 29187 us total, 11691 us display, type 3
frame 5975: 29163 us total, 11691 us display, type 3
frame 5976: 28104 us total, 11694 us display, type 3
axes L    385 -23053 R   -369   -121 T     0     0 level 1, 0 reports in 257 ms
frame 5977: 29687 us total, 11693 us display, type 3
frame 5978: 27210 us total, 11694 us display, type 3
frame 5979: 29060 us total, 11701 us display, type 3
frame 5980: 28114 us total, 11693 us display, type 3
frame 5981: 28880 us total, 11699 us display, type 3
frame 5982: 29417 us total, 11692 us display, type 3
frame 5983: 27350 us total, 11683 us display, type 3
frame 5984: 28868 us total, 11683 us display, type 3
frame 5985: 28361 us total, 11698 us display, type 3
axes L    385 -23053 R   -369   -121 T     0     0 level 1, 0 reports in 257 ms
frame 5986: 29423 us total, 11694 us display, type 3
frame 5987: 27710 us total, 11694 us display, type 3
frame 5988: 28877 us total, 11696 us display, type 3
frame 5989: 29145 us total, 11701 us display, type 3
frame 5990: 27916 us total, 11700 us display, type 3
frame 5991: 28861 us total, 11692 us display, type 3
frame 5992: 28592 us total, 11691 us display, type 3
frame 5993: 28114 us total, 11683 us display, type 3
frame 5994: 28000 us total, 11683 us display, type 3
axes L    385 -23053 R   -369   -121 T     0     0 level 1, 0 reports in 257 ms
frame 5995: 29766 us total, 11690 us display, type 3
frame 5996: 28496 us total, 11685 us display, type 3
frame 5997: 28445 us total, 11861 us display, type 3
frame 5998: 28859 us total, 11694 us display, type 3
frame 5999: 27749 us total, 11694 us display, type 3
frame 6000: 29057 us total, 11699 us display, type 3
frame 6001: 28143 us total, 11700 us display, type 3
frame 6002: 29225 us total, 11692 us display, type 3
frame 6003: 28701 us total, 11699 us display, type 3
axes L    385 -23053 R   -369   -121 T     0     0 level 1, 0 reports in 257 ms
frame 6004: 28145 us total, 11697 us display, type 3
frame 6005: 28452 us total, 11684 us display, type 3
frame 6006: 28229 us total, 11684 us display, type 3
frame 6007: 29473 us total, 11703 us display, type 3
frame 6008: 27694 us total, 11701 us display, type 3
frame 6009: 28863 us total, 11694 us display, type 3
frame 6010: 29215 us total, 11701 us display, type 3
frame 6011: 27859 us total, 11696 us display, type 3
frame 6012: 29374 us total, 11692 us display, type 3
axes L    385 -23053 R   -369   -121 T     0     0 level 1, 0 reports in 257 ms
frame 6013: 28167 us total, 11686 us display, type 3
frame 6014: 28083 us total, 11684 us display, type 3
frame 6015: 28053 us total, 11684 us display, type 3
frame 6016: 29145 us total, 11684 us display, type 3
frame 6017: 29140 us total, 11692 us display, type 3
frame 6018: 28071 us total, 11694 us display, type 3
frame 6019: 29323 us total, 11751 us display, type 3
frame 6020: 27645 us total, 11700 us display, type 3
frame 6021: 29050 us total, 11694 us display, type 3
axes L    385 -23053 R   -369   -121 T     0     0 level 1, 0 reports in 257 ms
frame 6022: 28713 us total, 11686 us display, type 3
frame 6023: 28236 us total, 11695 us display, type 3
frame 6024: 29000 us total, 11700 us display, type 3
frame 6025: 28152 us total, 12023 us display, type 3
frame 6026: 28531 us total, 11684 us display, type 3
frame 6027: 28277 us total, 11691 us display, type 3
frame 6028: 29374 us total, 11851 us display, type 3
frame 6029: 27667 us total, 11696 us display, type 3
frame 6030: 28939 us total, 11694 us display, type 3
axes L    385 -23053 R   -369   -121 T     0     0 level 1, 0 reports in 258 ms
frame 6031: 29573 us total, 11694 us display, type 3
frame 6032: 27810 us total, 11694 us display, type 3
frame 6033: 28678 us total, 11697 us display, type 3
frame 6034: 28146 us total, 11699 us display, type 3
frame 6035: 28447 us total, 11684 us display, type 3
frame 6036: 28041 us total, 11684 us display, type 3
frame 6037: 29255 us total, 11684 us display, type 3
frame 6038: 29042 us total, 11691 us display, type 3
frame 6039: 28098 us total, 11693 us display, type 3
axes L    385 -23053 R   -369   -121 T     0     0 level 1, 0 reports in 257 ms
frame 6040: 29414 us total, 11698 us display, type 3
frame 6041: 27553 us total, 11700 us display, type 3
frame 6042: 29379 us total, 11694 us display, type 3
frame 6043: 27766 us total, 11700 us display, type 3
frame 6044: 28896 us total, 11693 us display, type 3
frame 6045: 28931 us total, 11693 us display, type 3
frame 6046: 27813 us total, 11691 us display, type 3
frame 6047: 28985 us total, 11685 us display, type 3
frame 6048: 28129 us total, 11685 us display, type 3
axes L    385 -23053 R   -369   -121 T     0     0 level 1, 0 reports in 257 ms
frame 6049: 29632 us total, 11687 us display, type 3
frame 6050: 27427 us total, 11694 us display, type 3
frame 6051: 29055 us total, 11693 us display, type 3
frame 6052: 29662 us total, 11687 us display, type 3
frame 6053: 27328 us total, 11697 us display, type 3
frame 6054: 29039 us total, 11693 us display, type 3
frame 6055: 28066 us total, 11692 us display, type 3
frame 6056: 28535 us total, 11684 us display, type 3
frame 6057: 28119 us total, 11684 us display, type 3
axes L    385 -23053 R   -369   -121 T     0     0 level 1, 0 reports in 257 ms
frame 6058: 29538 us total, 11933 us display, type 3
frame 6059: 29109 us total, 11694 us display, type 3
frame 6060: 27637 us total, 11694 us display, type 3
frame 6061: 29083 us total, 11693 us display, type 3
frame 6062: 28332 us total, 11787 us display, type 3
frame 6063: 28482 us total, 11694 us display, type 3
frame 6064: 28270 us total, 11700 us display, type 3
frame 6065: 28804 us total, 11692 us display, type 3
frame 6066: 28992 us total, 11692 us display, type 3
axes L    385 -23053 R   -369   -121 T     0     0 level 1, 0 reports in 257 ms
frame 6067: 28283 us total, 11699 us display, type 3
frame 6068: 28301 us total, 11692 us display, type 3
frame 6069: 28309 us total, 11687 us display, type 3
frame 6070: 29439 us total, 11866 us display, type 3
frame 6071: 27665 us total, 11694 us display, type 3
frame 6072: 29406 us total, 11693 us display, type 3
frame 6073: 28781 us total, 11694 us display, type 3
frame 6074: 27814 us total, 11692 us display, type 3
frame 6075: 29029 us total, 11693 us display, type 3
axes L    385 -23053 R   -369   -121 T     0     0 level 1, 0 reports in 257 ms
frame 6076: 28703 us total, 11691 us display, type 3
frame 6077: 28437 us total, 12046 us display, type 3
frame 6078: 27404 us total, 11692 us display, type 3
frame 6079: 29199 us total, 11691 us display, type 3
frame 6080: 29167 us total, 11692 us display, type 3
frame 6081: 28015 us total, 11693 us display, type 3
frame 6082: 29559 us total, 11690 us display, type 3
frame 6083: 27497 us total, 11694 us display, type 3
frame 6084: 28987 us total, 11698 us display, type 3
axes L    385 -23053 R   -369   -121 T     0     0 level 1, 0 reports in 257 ms
frame 6085: 28745 us total, 11686 us display, type 3
frame 6086: 28204 us total, 11692 us display, type 3
frame 6087: 29184 us total, 11699 us display, type 3
frame 6088: 28015 us total, 12052 us display, type 3
frame 6089: 28481 us total, 11684 us display, type 3
frame 6090: 28330 us total, 11693 us display, type 3
frame 6091: 29376 us total, 11909 us display, type 3
frame 6092: 28048 us total, 11694 us display, type 3
frame 6093: 28624 us total, 11694 us display, type 3
axes L    385 -23053 R   -369   -121 T     0     0 level 1, 0 reports in 258 ms
frame 6094: 29479 us total, 11687 us display, type 3
frame 6095: 27594 us total, 11692 us display, type 3
frame 6096: 28856 us total, 11692 us display, type 3
frame 6097: 28321 us total, 11693 us display, type 3
frame 6098: 28374 us total, 11683 us display, type 3
frame 6099: 27948 us total, 11690 us display, type 3
frame 6100: 29223 us total, 11691 us display, type 3
frame 6101: 29036 us total, 11686 us display, type 3
frame 6102: 28572 us total, 11694 us display, type 3
axes L    385 -23053 R   -369   -121 T     0     0 level 1, 0 reports in 257 ms
frame 6103: 29073 us total, 11688 us display, type 3
frame 6104: 27446 us total, 11694 us display, type 3
frame 6105: 29094 us total, 11694 us display, type 3
frame 6106: 28174 us total, 11692 us display, type 3
frame 6107: 28920 us total, 11692 us display, type 3
frame 6108: 28887 us total, 11693 us display, type 3
frame 6109: 27695 us total, 11683 us display, type 3
frame 6110: 28934 us total, 11686 us display, type 3
frame 6111: 28252 us total, 11686 us display, type 3
axes L    385 -23053 R   -369   -121 T     0     0 level 1, 0 reports in 257 ms
frame 6112: 29921 us total, 11692 us display, type 3
frame 6113: 27236 us total, 11693 us display, type 3
frame 6114: 28898 us total, 11694 us display, type 3
frame 6115: 29233 us total, 11694 us display, type 3
frame 6116: 27839 us total, 11692 us display, type 3
frame 6117: 29108 us total, 11693 us display, type 3
frame 6118: 28150 us total, 11693 us display, type 3
frame 6119: 28291 us total, 11683 us display, type 3
frame 6120: 28072 us total, 11686 us display, type 3
axes L    385 -23053 R   -369   -121 T     0     0 level 1, 0 reports in 257 ms
frame 6121: 29751 us total, 11693 us display, type 3
frame 6122: 28983 us total, 11782 us display, type 3
frame 6123: 27713 us total, 11694 us display, type 3
frame 6124: 28994 us total, 11697 us display, type 3
frame 6125: 27970 us total, 11693 us display, type 3
frame 6126: 28959 us total, 11694 us display, type 3
frame 6127: 28241 us total, 11693 us display, type 3
frame 6128: 28755 us total, 11696 us display, type 3
frame 6129: 29007 us total, 11693 us display, type 3
axes L    385 -23053 R   -369   -121 T     0     0 level 1, 0 reports in 257 ms
frame 6130: 28142 us total, 11710 us display, type 3
frame 6131: 28483 us total, 11686 us display, type 3
frame 6132: 28732 us total, 11837 us display, type 3
frame 6133: 28975 us total, 11837 us display, type 3
frame 6134: 27684 us total, 11693 us display, type 3
frame 6135: 29003 us total, 11693 us display, type 3
frame 6136: 29274 us total, 11693 us display, type 3
frame 6137: 27771 us total, 11700 us display, type 3
frame 6138: 28928 us total, 11700 us display, type 3
axes L    385 -23053 R   -369   -121 T     0     0 level 1, 0 reports in 257 ms
frame 6139: 28635 us total, 11686 us display, type 3
frame 6140: 27983 us total, 11683 us display, type 3
frame 6141: 28055 us total, 11683 us display, type 3
frame 6142: 29627 us total, 11901 us display, type 3
frame 6143: 28598 us total, 11684 us display, type 3
frame 6144: 28128 us total, 11694 us display, type 3
mem @frame 6144: heap free 66336, largest 40960, min ever 65508, zone free 55016, stack free 14540, uptime 194 s, gamestate 0, demo 0, usergame 1, tic 6714
frame 6145: 29152 us total, 11694 us display, type 3
frame 6146: 27871 us total, 11694 us display, type 3
frame 6147: 29032 us total, 11694 us display, type 3
axes L    385 -23053 R   -369   -121 T     0     0 level 1, 0 reports in 257 ms
frame 6148: 28389 us total, 11686 us display, type 3
frame 6149: 28500 us total, 11693 us display, type 3
frame 6150: 29026 us total, 11699 us display, type 3
frame 6151: 28154 us total, 11994 us display, type 3
frame 6152: 29076 us total, 11916 us display, type 3
frame 6153: 27671 us total, 11684 us display, type 3
frame 6154: 29435 us total, 11798 us display, type 3
frame 6155: 27669 us total, 11701 us display, type 3
frame 6156: 29003 us total, 11694 us display, type 3
axes L    385 -23053 R   -369   -121 T     0     0 level 1, 0 reports in 258 ms
frame 6157: 29610 us total, 11687 us display, type 3
frame 6158: 27388 us total, 11693 us display, type 3
frame 6159: 29036 us total, 11693 us display, type 3
frame 6160: 28046 us total, 11693 us display, type 3
frame 6161: 28549 us total, 11684 us display, type 3
frame 6162: 28592 us total, 11905 us display, type 3
frame 6163: 28611 us total, 11684 us display, type 3
frame 6164: 29129 us total, 11692 us display, type 3
frame 6165: 28101 us total, 11701 us display, type 3
axes L    385 -23053 R   -369   -121 T     0     0 level 1, 0 reports in 257 ms
frame 6166: 29400 us total, 11688 us display, type 3
frame 6167: 27712 us total, 11694 us display, type 3
frame 6168: 28775 us total, 11693 us display, type 3
frame 6169: 28183 us total, 11699 us display, type 3
frame 6170: 28861 us total, 11699 us display, type 3
frame 6171: 28994 us total, 11699 us display, type 3
frame 6172: 28209 us total, 11690 us display, type 3
frame 6173: 28392 us total, 11683 us display, type 3
frame 6174: 28301 us total, 11685 us display, type 3
axes L    385 -23053 R   -369   -121 T     0     0 level 1, 0 reports in 257 ms
frame 6175: 29694 us total, 11694 us display, type 3
frame 6176: 27415 us total, 11699 us display, type 3
frame 6177: 29180 us total, 11694 us display, type 3
frame 6178: 29283 us total, 11772 us display, type 3
frame 6179: 27531 us total, 11700 us display, type 3
frame 6180: 29034 us total, 11692 us display, type 3
frame 6181: 28051 us total, 11693 us display, type 3
frame 6182: 29288 us total, 12048 us display, type 3
frame 6183: 27265 us total, 11685 us display, type 3
axes L    385 -23053 R   -369   -121 T     0     0 level 1, 0 reports in 257 ms
frame 6184: 29663 us total, 11872 us display, type 3
frame 6185: 29062 us total, 12052 us display, type 3
frame 6186: 27608 us total, 11694 us display, type 3
frame 6187: 29391 us total, 11780 us display, type 3
frame 6188: 27636 us total, 11700 us display, type 3
frame 6189: 29008 us total, 11697 us display, type 3
frame 6190: 28180 us total, 11692 us display, type 3
frame 6191: 28745 us total, 11693 us display, type 3
frame 6192: 29437 us total, 11699 us display, type 3
axes L    385 -23053 R   -369   -121 T     0     0 level 1, 0 reports in 257 ms
frame 6193: 27807 us total, 11690 us display, type 3
frame 6194: 28455 us total, 11683 us display, type 3
frame 6195: 28346 us total, 11691 us display, type 3
frame 6196: 29376 us total, 11774 us display, type 3
frame 6197: 27791 us total, 11701 us display, type 3
frame 6198: 28857 us total, 11701 us display, type 3
frame 6199: 29094 us total, 11693 us display, type 3
frame 6200: 27911 us total, 11698 us display, type 3
frame 6201: 28988 us total, 11700 us display, type 3
axes L    385 -23053 R   -369   -121 T     0     0 level 1, 0 reports in 257 ms
frame 6202: 28840 us total, 11685 us display, type 3
frame 6203: 27802 us total, 11682 us display, type 3
frame 6204: 27924 us total, 11683 us display, type 3
frame 6205: 29253 us total, 11690 us display, type 3
frame 6206: 29095 us total, 11684 us display, type 3
frame 6207: 28432 us total, 11848 us display, type 3
frame 6208: 28838 us total, 11694 us display, type 3
frame 6209: 27766 us total, 11693 us display, type 3
frame 6210: 29061 us total, 11701 us display, type 3
axes L    385 -23053 R   -369   -121 T     0     0 level 1, 0 reports in 257 ms
frame 6211: 28459 us total, 11693 us display, type 3
frame 6212: 28915 us total, 11693 us display, type 3
frame 6213: 28671 us total, 11693 us display, type 3
frame 6214: 27652 us total, 11682 us display, type 3
frame 6215: 28976 us total, 11684 us display, type 3
frame 6216: 28229 us total, 11683 us display, type 3
frame 6217: 29442 us total, 11756 us display, type 3
frame 6218: 27706 us total, 11694 us display, type 3
frame 6219: 28894 us total, 11693 us display, type 3
axes L    385 -23053 R   -369   -121 T     0     0 level 1, 0 reports in 258 ms
frame 6220: 29578 us total, 11687 us display, type 3
frame 6221: 27479 us total, 11693 us display, type 3
frame 6222: 29372 us total, 11693 us display, type 3
frame 6223: 27802 us total, 11692 us display, type 3
frame 6224: 28443 us total, 11682 us display, type 3
frame 6225: 28055 us total, 11682 us display, type 3
frame 6226: 29138 us total, 11686 us display, type 3
frame 6227: 29162 us total, 11690 us display, type 3
frame 6228: 28060 us total, 11694 us display, type 3
axes L    385 -23053 R   -369   -121 T     0     0 level 1, 0 reports in 257 ms
frame 6229: 29425 us total, 11694 us display, type 3
frame 6230: 27546 us total, 11694 us display, type 3
frame 6231: 29034 us total, 11693 us display, type 3
frame 6232: 28492 us total, 11686 us display, type 3
frame 6233: 28478 us total, 11693 us display, type 3
frame 6234: 28994 us total, 11696 us display, type 3
frame 6235: 28148 us total, 11878 us display, type 3
frame 6236: 28550 us total, 11682 us display, type 3
frame 6237: 28659 us total, 12037 us display, type 3
axes L    385 -23053 R   -369   -121 T     0     0 level 1, 0 reports in 257 ms
frame 6238: 29108 us total, 11687 us display, type 3
frame 6239: 27586 us total, 11694 us display, type 3
frame 6240: 28881 us total, 11694 us display, type 3
frame 6241: 29210 us total, 11701 us display, type 3
frame 6242: 28241 us total, 11694 us display, type 3
frame 6243: 28618 us total, 11693 us display, type 3
frame 6244: 28167 us total, 11693 us display, type 3
frame 6245: 28432 us total, 11683 us display, type 3
frame 6246: 28055 us total, 11691 us display, type 3
axes L    385 -23053 R   -369   -121 T     0     0 level 1, 0 reports in 257 ms
frame 6247: 29642 us total, 11718 us display, type 3
frame 6248: 28600 us total, 11684 us display, type 3
frame 6249: 28177 us total, 11697 us display, type 3
frame 6250: 29000 us total, 11695 us display, type 3
frame 6251: 27937 us total, 11694 us display, type 3
frame 6252: 29358 us total, 11694 us display, type 3
frame 6253: 27726 us total, 11692 us display, type 3
frame 6254: 28905 us total, 11693 us display, type 3
frame 6255: 29039 us total, 11693 us display, type 3
axes L    385 -23053 R   -369   -121 T     0     0 level 1, 0 reports in 257 ms
frame 6256: 28109 us total, 11755 us display, type 3
frame 6257: 28603 us total, 11683 us display, type 3
frame 6258: 28080 us total, 11683 us display, type 3
frame 6259: 29524 us total, 11794 us display, type 3
frame 6260: 27644 us total, 11701 us display, type 3
frame 6261: 28995 us total, 11700 us display, type 3
frame 6262: 29815 us total, 11692 us display, type 3
frame 6263: 27128 us total, 11692 us display, type 3
frame 6264: 29060 us total, 11700 us display, type 3
axes L    385 -23053 R   -369   -121 T     0     0 level 1, 0 reports in 257 ms
frame 6265: 28466 us total, 11686 us display, type 3
frame 6266: 28167 us total, 11683 us display, type 3
frame 6267: 28173 us total, 11690 us display, type 3
frame 6268: 28905 us total, 11683 us display, type 3
frame 6269: 29180 us total, 11684 us display, type 3
frame 6270: 28149 us total, 11694 us display, type 3
frame 6271: 29111 us total, 11695 us display, type 3
frame 6272: 28312 us total, 11725 us display, type 3
frame 6273: 28538 us total, 11700 us display, type 3
axes L    385 -23053 R   -369   -121 T     0     0 level 1, 0 reports in 257 ms
frame 6274: 28443 us total, 11692 us display, type 3
frame 6275: 28633 us total, 11692 us display, type 3
frame 6276: 28861 us total, 11692 us display, type 3
frame 6277: 28214 us total, 11927 us display, type 3
frame 6278: 28701 us total, 11895 us display, type 3
frame 6279: 28049 us total, 11683 us display, type 3
frame 6280: 29432 us total, 11799 us display, type 3
frame 6281: 27622 us total, 11693 us display, type 3
frame 6282: 29436 us total, 11704 us display, type 3
axes L    385 -23053 R   -369   -121 T     0     0 level 1, 0 reports in 258 ms
frame 6283: 29122 us total, 11693 us display, type 3
frame 6284: 27491 us total, 11693 us display, type 3
frame 6285: 29086 us total, 11693 us display, type 3
frame 6286: 28166 us total, 11693 us display, type 3
frame 6287: 28887 us total, 12054 us display, type 3
frame 6288: 27489 us total, 11684 us display, type 3
frame 6289: 29667 us total, 12050 us display, type 3
frame 6290: 28677 us total, 11691 us display, type 3
frame 6291: 28043 us total, 11693 us display, type 3
axes L    385 -23053 R   -369   -121 T     0     0 level 1, 0 reports in 257 ms
frame 6292: 29786 us total, 11694 us display, type 3
frame 6293: 27247 us total, 11693 us display, type 3
frame 6294: 28904 us total, 11694 us display, type 3
frame 6295: 28220 us total, 11692 us display, type 3
frame 6296: 28825 us total, 11693 us display, type 3
frame 6297: 29139 us total, 11699 us display, type 3
frame 6298: 28010 us total, 12014 us display, type 3
frame 6299: 28431 us total, 11690 us display, type 3
frame 6300: 28315 us total, 11684 us display, type 3
axes L    385 -23053 R   -369   -121 T     0     0 level 1, 0 reports in 257 ms
frame 6301: 29524 us total, 11693 us display, type 3
frame 6302: 27965 us total, 11695 us display, type 3
frame 6303: 28688 us total, 11701 us display, type 3
frame 6304: 29071 us total, 11701 us display, type 3
frame 6305: 27892 us total, 11693 us display, type 3
frame 6306: 28959 us total, 11699 us display, type 3
frame 6307: 28217 us total, 11699 us display, type 3
frame 6308: 28418 us total, 11684 us display, type 3
frame 6309: 27995 us total, 11683 us display, type 3
axes L    385 -23053 R   -369   -121 T     0     0 level 1, 0 reports in 257 ms
frame 6310: 29672 us total, 11924 us display, type 3
frame 6311: 28654 us total, 11690 us display, type 3
frame 6312: 28389 us total, 11694 us display, type 3
frame 6313: 28810 us total, 11698 us display, type 3
frame 6314: 27852 us total, 11697 us display, type 3
frame 6315: 29036 us total, 11694 us display, type 3
frame 6316: 28331 us total, 11694 us display, type 3
frame 6317: 28700 us total, 11700 us display, type 3
frame 6318: 28932 us total, 11695 us display, type 3
axes L    385 -23053 R   -369   -121 T     0     0 level 1, 0 reports in 257 ms
frame 6319: 28152 us total, 11777 us display, type 3
frame 6320: 28497 us total, 11690 us display, type 3
frame 6321: 28295 us total, 11691 us display, type 3
frame 6322: 29495 us total, 11700 us display, type 3
frame 6323: 27562 us total, 11693 us display, type 3
frame 6324: 28999 us total, 11700 us display, type 3
frame 6325: 29168 us total, 11694 us display, type 3
frame 6326: 27871 us total, 11693 us display, type 3
frame 6327: 29071 us total, 11692 us display, type 3
axes L    385 -23053 R   -369   -121 T     0     0 level 1, 0 reports in 257 ms
frame 6328: 28379 us total, 11686 us display, type 3
frame 6329: 28188 us total, 11682 us display, type 3
frame 6330: 27899 us total, 11689 us display, type 3
frame 6331: 29202 us total, 11691 us display, type 3
frame 6332: 29588 us total, 11793 us display, type 3
frame 6333: 27683 us total, 11694 us display, type 3
frame 6334: 29128 us total, 11694 us display, type 3
frame 6335: 27813 us total, 11700 us display, type 3
frame 6336: 29068 us total, 11749 us display, type 3
axes L    385 -23053 R   -369   -121 T     0     0 level 1, 0 reports in 257 ms
frame 6337: 28702 us total, 11685 us display, type 3
frame 6338: 28243 us total, 11693 us display, type 3
frame 6339: 29046 us total, 11692 us display, type 3
frame 6340: 28100 us total, 11928 us display, type 3
frame 6341: 28481 us total, 11683 us display, type 3
frame 6342: 28733 us total, 11721 us display, type 3
frame 6343: 28972 us total, 11897 us display, type 3
frame 6344: 27670 us total, 11694 us display, type 3
frame 6345: 29017 us total, 11693 us display, type 3
axes L    385 -23053 R   -369   -121 T     0     0 level 1, 0 reports in 258 ms
frame 6346: 29441 us total, 11706 us display, type 3
frame 6347: 27709 us total, 11693 us display, type 3
frame 6348: 28753 us total, 11692 us display, type 3
frame 6349: 28210 us total, 11699 us display, type 3
frame 6350: 28502 us total, 11684 us display, type 3
frame 6351: 27993 us total, 11684 us display, type 3
frame 6352: 29668 us total, 11814 us display, type 3
frame 6353: 28551 us total, 11684 us display, type 3
frame 6354: 28191 us total, 11694 us display, type 3
axes L    385 -23053 R   -369   -121 T     0     0 level 1, 0 reports in 257 ms
frame 6355: 29574 us total, 11688 us display, type 3
frame 6356: 27327 us total, 11694 us display, type 3
frame 6357: 29197 us total, 11701 us display, type 3
frame 6358: 28000 us total, 11700 us display, type 3
frame 6359: 28866 us total, 11692 us display, type 3
frame 6360: 29038 us total, 11693 us display, type 3
frame 6361: 27660 us total, 11682 us display, type 3
frame 6362: 29524 us total, 11892 us display, type 3
frame 6363: 27692 us total, 11691 us display, type 3
axes L    385 -23053 R   -369   -121 T     0     0 level 1, 0 reports in 257 ms
frame 6364: 29525 us total, 11696 us display, type 3
frame 6365: 27647 us total, 11693 us display, type 3
frame 6366: 28851 us total, 11693 us display, type 3
frame 6367: 29520 us total, 11705 us display, type 3
frame 6368: 27552 us total, 11692 us display, type 3
frame 6369: 28982 us total, 11699 us display, type 3
frame 6370: 28182 us total, 11692 us display, type 3
frame 6371: 28399 us total, 11689 us display, type 3
frame 6372: 28647 us total, 11880 us display, type 3
axes L    385 -23053 R   -369   -121 T     0     0 level 1, 0 reports in 257 ms
frame 6373: 29074 us total, 11913 us display, type 3
frame 6374: 28553 us total, 11684 us display, type 3
frame 6375: 28251 us total, 11694 us display, type 3
frame 6376: 28988 us total, 11693 us display, type 3
frame 6377: 28048 us total, 11700 us display, type 3
frame 6378: 28864 us total, 11697 us display, type 3
frame 6379: 28133 us total, 11699 us display, type 3
frame 6380: 28865 us total, 11699 us display, type 3
frame 6381: 29001 us total, 11697 us display, type 3
axes L    385 -23053 R   -369   -121 T     0     0 level 1, 0 reports in 257 ms
frame 6382: 28443 us total, 11693 us display, type 3
frame 6383: 28234 us total, 11684 us display, type 3
frame 6384: 28157 us total, 11684 us display, type 3
frame 6385: 29505 us total, 11802 us display, type 3
frame 6386: 27664 us total, 11694 us display, type 3
frame 6387: 29124 us total, 11694 us display, type 3
frame 6388: 29237 us total, 11701 us display, type 3
frame 6389: 27572 us total, 11693 us display, type 3
frame 6390: 29065 us total, 11698 us display, type 3
axes L    385 -23053 R   -369   -121 T     0     0 level 1, 0 reports in 257 ms
frame 6391: 28565 us total, 11685 us display, type 3
frame 6392: 28802 us total, 12050 us display, type 3
frame 6393: 27310 us total, 11684 us display, type 3
frame 6394: 29056 us total, 11691 us display, type 3
frame 6395: 29208 us total, 11690 us display, type 3
frame 6396: 28093 us total, 11693 us display, type 3
frame 6397: 29306 us total, 11773 us display, type 3
frame 6398: 27733 us total, 11700 us display, type 3
frame 6399: 28920 us total, 11701 us display, type 3
axes L    385 -23053 R   -369   -121 T     0     0 level 1, 0 reports in 257 ms
frame 6400: 28448 us total, 11696 us display, type 3
mem @frame 6400: heap free 66336, largest 40960, min ever 65508, zone free 55016, stack free 14540, uptime 201 s, gamestate 0, demo 0, usergame 1, tic 6970
frame 6401: 28580 us total, 11693 us display, type 3
frame 6402: 29291 us total, 11693 us display, type 3
frame 6403: 27836 us total, 12033 us display, type 3
frame 6404: 28474 us total, 11684 us display, type 3
frame 6405: 28313 us total, 11691 us display, type 3
frame 6406: 29395 us total, 11794 us display, type 3
frame 6407: 27758 us total, 11693 us display, type 3
frame 6408: 28913 us total, 11697 us display, type 3
axes L    385 -23053 R   -369   -121 T     0     0 level 1, 0 reports in 258 ms
frame 6409: 29459 us total, 11705 us display, type 3
frame 6410: 27541 us total, 11692 us display, type 3
frame 6411: 29044 us total, 11692 us display, type 3
frame 6412: 28478 us total, 11686 us display, type 3
frame 6413: 28113 us total, 11684 us display, type 3
frame 6414: 27993 us total, 11684 us display, type 3
frame 6415: 29667 us total, 11989 us display, type 3
frame 6416: 28658 us total, 11690 us display, type 3
frame 6417: 28380 us total, 11873 us display, type 3
axes L    385 -23053 R   -369   -121 T     0     0 level 1, 0 reports in 257 ms
frame 6418: 29116 us total, 11694 us display, type 3
frame 6419: 27599 us total, 11694 us display, type 3
frame 6420: 28896 us total, 11694 us display, type 3
frame 6421: 28194 us total, 11700 us display, type 3
frame 6422: 29224 us total, 11700 us display, type 3
frame 6423: 28642 us total, 11693 us display, type 3
frame 6424: 28143 us total, 12021 us display, type 3
frame 6425: 28457 us total, 11683 us display, type 3
frame 6426: 28294 us total, 11684 us display, type 3
axes L    385 -23053 R   -369   -121 T     0     0 level 1, 0 reports in 257 ms
frame 6427: 29709 us total, 11686 us display, type 3
frame 6428: 27394 us total, 11694 us display, type 3
frame 6429: 29062 us total, 11701 us display, type 3
frame 6430: 29053 us total, 11694 us display, type 3
frame 6431: 27888 us total, 11693 us display, type 3
frame 6432: 29412 us total, 11692 us display, type 3
frame 6433: 27683 us total, 11692 us display, type 3
frame 6434: 28540 us total, 11684 us display, type 3
frame 6435: 28029 us total, 11684 us display, type 3
axes L    385 -23053 R   -369   -121 T     0     0 level 1, 0 reports in 257 ms
frame 6436: 29627 us total, 11825 us display, type 3
frame 6437: 29062 us total, 11964 us display, type 3
frame 6438: 27602 us total, 11693 us display, type 3
frame 6439: 29393 us total, 11769 us display, type 3
frame 6440: 27650 us total, 11693 us display, type 3
frame 6441: 28997 us total, 11700 us display, type 3
frame 6442: 28735 us total, 11691 us display, type 3
frame 6443: 28201 us total, 11692 us display, type 3
frame 6444: 29057 us total, 11700 us display, type 3
axes L    385 -23053 R   -369   -121 T     0     0 level 1, 0 reports in 257 ms
frame 6445: 28156 us total, 11721 us display, type 3
frame 6446: 28438 us total, 11691 us display, type 3
frame 6447: 28771 us total, 12010 us display, type 3
frame 6448: 28978 us total, 11859 us display, type 3
frame 6449: 27664 us total, 11694 us display, type 3
frame 6450: 29002 us total, 11694 us display, type 3
frame 6451: 29072 us total, 11696 us display, type 3
frame 6452: 28298 us total, 11694 us display, type 3
frame 6453: 28627 us total, 11697 us display, type 3
axes L    385 -23053 R   -369   -121 T     0     0 level 1, 0 reports in 257 ms
frame 6454: 28442 us total, 11693 us display, type 3
frame 6455: 28637 us total, 12046 us display, type 3
frame 6456: 27488 us total, 11682 us display, type 3
frame 6457: 29338 us total, 11684 us display, type 3
frame 6458: 28988 us total, 11684 us display, type 3
frame 6459: 28153 us total, 11694 us display, type 3
frame 6460: 29127 us total, 11694 us display, type 3
frame 6461: 27763 us total, 11693 us display, type 3
frame 6462: 29433 us total, 11697 us display, type 3
axes L    385 -23053 R   -369   -121 T     0     0 level 1, 0 reports in 257 ms
frame 6463: 28158 us total, 11685 us display, type 3
frame 6464: 28473 us total, 11695 us display, type 3
frame 6465: 29075 us total, 11692 us display, type 3
frame 6466: 27682 us total, 11683 us display, type 3
frame 6467: 29003 us total, 11683 us display, type 3
frame 6468: 28196 us total, 11690 us display, type 3
frame 6469: 29374 us total, 11905 us display, type 3
frame 6470: 27673 us total, 11694 us display, type 3
frame 6471: 28999 us total, 11695 us display, type 3
axes L    385 -23053 R   -369   -121 T     0     0 level 1, 0 reports in 258 ms
frame 6472: 29823 us total, 11687 us display, type 3
frame 6473: 27217 us total, 11692 us display, type 3
frame 6474: 28897 us total, 11692 us display, type 3
frame 6475: 28400 us total, 11693 us display, type 3
frame 6476: 28294 us total, 11683 us display, type 3
frame 6477: 28118 us total, 11682 us display, type 3
frame 6478: 29059 us total, 11691 us display, type 3
frame 6479: 29025 us total, 11683 us display, type 3
frame 6480: 28192 us total, 11693 us display, type 3
axes L    385 -23053 R   -369   -121 T     0     0 level 1, 0 reports in 257 ms
frame 6481: 29461 us total, 11688 us display, type 3
frame 6482: 27973 us total, 11777 us display, type 3
frame 6483: 28592 us total, 11694 us display, type 3
frame 6484: 28059 us total, 11692 us display, type 3
frame 6485: 28924 us total, 11693 us display, type 3
frame 6486: 29004 us total, 11692 us display, type 3
frame 6487: 28111 us total, 11830 us display, type 3
frame 6488: 28477 us total, 11683 us display, type 3
