ESP-ROM:esp32c6-20220919
Build:Sep 19 2022
rst:0x15 (USB_UART_HPSYS),boot:0x2c (SPI_FAST_FLASH_BOOT)
Saved PC:0x42032daa
SPIWP:0xee
mode:DIO, clock div:2
load:0x40875720,len:0x1a5c
load:0x4086c110,len:0xf58
load:0x4086e610,len:0x3074
entry 0x4086c11a
[0;32mI (23) boot: ESP-IDF v5.3.4 2nd stage bootloader[0m
[0;32mI (23) boot: compile time Sep 14 2026 20:53:10[0m
[0;32mI (23) boot: chip revision: v0.2[0m
[0;32mI (24) boot: efuse block revision: v0.3[0m
[0;32mI (24) qio_mode: Enabling QIO for flash chip WinBond[0m
[0;32mI (24) boot.esp32c6: SPI Speed      : 80MHz[0m
[0;32mI (25) boot.esp32c6: SPI Mode       : QIO[0m
[0;32mI (25) boot.esp32c6: SPI Flash Size : 16MB[0m
[0;32mI (25) boot: Enabling RNG early entropy source...[0m
[0;32mI (26) boot: Partition Table:[0m
[0;32mI (26) boot: ## Label            Usage          Type ST Offset   Length[0m
[0;32mI (26) boot:  0 nvs              WiFi data        01 02 00009000 00006000[0m
[0;32mI (27) boot:  1 phy_init         RF data          01 01 0000f000 00001000[0m
[0;32mI (27) boot:  2 factory          factory app      00 00 00010000 00200000[0m
[0;32mI (28) boot:  3 wad              Unknown data     01 40 00210000 00400000[0m
[0;32mI (29) boot:  4 saves            WiFi data        01 02 00610000 00020000[0m
[0;32mI (29) boot: End of partition table[0m
[0;32mI (30) esp_image: segment 0: paddr=00010020 vaddr=420c0020 size=317b4h (202676) map[0m
[0;32mI (67) esp_image: segment 1: paddr=000417dc vaddr=40800000 size=0e83ch ( 59452) load[0m
[0;32mI (80) esp_image: segment 2: paddr=00050020 vaddr=42000020 size=b1e68h (728680) map[0m
[0;32mI (211) esp_image: segment 3: paddr=00101e90 vaddr=4080e83c size=07b2ch ( 31532) load[0m
[0;32mI (218) esp_image: segment 4: paddr=001099c4 vaddr=40816370 size=033e4h ( 13284) load[0m
[0;32mI (221) esp_image: segment 5: paddr=0010cdb0 vaddr=50000000 size=00004h (     4) load[0m
[0;32mI (227) boot: Loaded app from partition at offset 0x10000[0m
[0;32mI (228) boot: Disabling RNG early entropy source...[0m
[0;32mI (229) cpu_start: Unicore app[0m
[0;32mI (237) cpu_start: Pro cpu start user code[0m
[0;32mI (237) cpu_start: cpu freq: 160000000 Hz[0m
[0;32mI (238) app_init: Application information:[0m
[0;32mI (238) app_init: Project name:     diablito[0m
[0;32mI (238) app_init: App version:      1[0m
[0;32mI (239) app_init: Compile time:     Sep 14 2026 20:53:12[0m
[0;32mI (239) app_init: ELF file SHA256:  b29787bb1...[0m
[0;32mI (239) app_init: ESP-IDF:          v5.3.4[0m
[0;32mI (239) efuse_init: Min chip rev:     v0.0[0m
[0;32mI (240) efuse_init: Max chip rev:     v0.99 [0m
[0;32mI (240) efuse_init: Chip rev:         v0.2[0m
[0;32mI (240) heap_init: Initializing. RAM available for dynamic allocation:[0m
[0;32mI (240) heap_init: At 408341F0 len 00048420 (289 KiB): RAM[0m
[0;32mI (241) heap_init: At 4087C610 len 00002F54 (11 KiB): RAM[0m
[0;32mI (241) heap_init: At 50000004 len 00003FE4 (15 KiB): RTCRAM[0m
[0;32mI (242) spi_flash: detected chip: generic[0m
[0;32mI (242) spi_flash: flash io: qio[0m
[0;32mI (243) sleep: Configure to isolate all GPIO pins in sleep state[0m
[0;32mI (243) sleep: Enable automatic switching of GPIO sleep configuration[0m
[0;32mI (243) coexist: coex firmware version: a13b09d[0m
[0;32mI (244) coexist: coexist rom version 5b8dcfa[0m
[0;32mI (244) main_task: Started on CPU0[0m
[0;32mI (244) main_task: Calling app_main()[0m
[0;32mI (244) gpio: GPIO[15]| InputEn: 0| OutputEn: 1| OpenDrain: 0| Pullup: 0| Pulldown: 0| Intr:0 [0m
[0;32mI (244) gpio: GPIO[9]| InputEn: 1| OutputEn: 0| OpenDrain: 0| Pullup: 1| Pulldown: 0| Intr:0 [0m
[0;32mI (244) gpio: GPIO[18]| InputEn: 1| OutputEn: 0| OpenDrain: 0| Pullup: 1| Pulldown: 0| Intr:0 [0m
[0;32mI (245) gpio: GPIO[0]| InputEn: 0| OutputEn: 0| OpenDrain: 0| Pullup: 0| Pulldown: 0| Intr:0 [0m
[0;32mI (245) DIABLITO: DIABLITO skeleton, IDF v5.3.4, CPU 160 MHz[0m
[0;32mI (245) DIABLITO: heap at boot: free 293012, largest block 262144, min ever 293012, dma-capable 278412[0m
[0;32mI (246) gpio: GPIO[3]| InputEn: 0| OutputEn: 1| OpenDrain: 0| Pullup: 0| Pulldown: 0| Intr:0 [0m
[0;32mI (246) gpio: GPIO[4]| InputEn: 0| OutputEn: 1| OpenDrain: 0| Pullup: 0| Pulldown: 0| Intr:0 [0m
[0;32mI (750) DISPLAY: ST7789 up: 280x240 landscape, SPI 80 MHz, 2 x 8960 B DMA strips[0m
[0;32mI (750) DIABLITO: heap after display: free 273528, largest block 245760, min ever 273528, dma-capable 258928[0m
[0;32mI (751) DIABLITO: wad partition @0x210000 size 4194304: magic IWHD, 1264 lumps, infotable @36, file 2073676 bytes[0m
[0;32mI (751) DIABLITO: WHD mapped at 0x42100000, header via mmap: IWHD ·©ÔUDOOM1[0m
[0;32mI (752) DIABLITO: heap after wad mmap: free 272896, largest block 245760, min ever 272896, dma-capable 258296[0m
[0;32mI (752) DIABLITO: main task stack high-water: 14904 bytes free[0m
[0;32mI (753) DIABLITO: .bss ends at 0x408341e8 (short-pointer window ends at 0x40840000, 48664 bytes spare)[0m
[0;32mI (753) DIABLITO: heap before BLE: free 272896, largest block 245760, min ever 272896, dma-capable 258296[0m
[0;32mI (767) BLE_INIT: Using main XTAL as clock source, chip ver: 2[0m
[0;32mI (767) BLE_INIT: ble controller commit:[ca6c20b][0m
[0;32mI (771) BLE_INIT: Bluetooth MAC: fc:01:2c:fd:fc:b2[0m
[0;32mI (771) phy_init: phy_version 341,a6c8fe6,Jul 30 2025,18:34:11[0m
[0;32mI (864) phy: libbtbb version: a945109, Jul 30 2025, 18:34:25[0m
[0;32mI (871) PAD: init, saved controller: yes[0m
[0;32mI (1072) DIABLITO: heap after BLE init: free 233976, largest block 204800, min ever 233840, dma-capable 219376[0m
[0;32mI (1072) DIABLITO: starting Doom[0m
                          DIABLITO Doom 3.0.0
Z_Init: Init zone memory allocation daemon. 
zone memory: 0x40821854, 10000 allocated for zone
M_LoadDefaults: Load system defaults.
W_Init: Init WADfiles.
===========================================================================
                            DOOM Shareware
===========================================================================
 DIABLITO Doom is free software, covered by the GNU General Public
 License.  There is NO warranty; not even for MERCHANTABILITY or FITNESS
 FOR A PARTICULAR PURPOSE. You are welcome to change and distribute
 copies under certain conditions. See the source for more information.
===========================================================================
I_Init: Setting up machine state.
M_Init: Init miscellaneous info.
R_Init: Init DOOM refresh daemon - .........
P_Init: Init Playloop state.
S_Init: Setting up sound.
D_CheckNetGame: Checking network game status.
Emulating the behavior of the 'Doom 1.9' executable.
HU_Init: Setting up heads up display.
ST_Init: Init status bar.
frame 2: 34006 us total, 11691 us display, type 4
frame 3: 12374 us total, 11638 us display, type 4
frame 4: 16455 us total, 11630 us display, type 4
frame 5: 29000 us total, 11632 us display, type 4
frame 6: 29028 us total, 11644 us display, type 4
frame 7: 27988 us total, 11639 us display, type 4
frame 8: 29010 us total, 11642 us display, type 4
frame 9: 27989 us total, 11639 us display, type 4
frame 10: 29035 us total, 11645 us display, type 4
frame 11: 27980 us total, 11631 us display, type 4
frame 12: 28996 us total, 11640 us display, type 4
frame 13: 29003 us total, 11643 us display, type 4
frame 14: 27987 us total, 11638 us display, type 4
frame 15: 28987 us total, 11632 us display, type 4
frame 16: 28023 us total, 11640 us display, type 4
frame 17: 28977 us total, 11631 us display, type 4
frame 18: 27997 us total, 11630 us display, type 4
frame 19: 29000 us total, 11632 us display, type 4
frame 20: 29002 us total, 11632 us display, type 4
frame 21: 28027 us total, 11643 us display, type 4
frame 22: 28985 us total, 11637 us display, type 4
frame 23: 27987 us total, 11631 us display, type 4
frame 24: 29028 us total, 11642 us display, type 4
frame 25: 27986 us total, 11637 us display, type 4
frame 26: 28986 us total, 11631 us display, type 4
frame 27: 29049 us total, 11665 us display, type 4
frame 28: 27992 us total, 11638 us display, type 4
frame 29: 28978 us total, 11638 us display, type 4
frame 30: 27982 us total, 11631 us display, type 4
frame 31: 28999 us total, 11631 us display, type 4
frame 32: 27998 us total, 11631 us display, type 4
frame 33: 29001 us total, 11632 us display, type 4
frame 34: 29033 us total, 11639 us display, type 4
frame 35: 28044 us total, 11700 us display, type 4
frame 36: 28969 us total, 11638 us display, type 4
frame 37: 27980 us total, 11639 us display, type 4
frame 38: 28975 us total, 11631 us display, type 4
frame 39: 27998 us total, 11631 us display, type 4
frame 40: 29001 us total, 11632 us display, type 4
frame 41: 29003 us total, 11633 us display, type 4
frame 42: 28026 us total, 11640 us display, type 4
frame 43: 29001 us total, 11635 us display, type 4
frame 44: 27974 us total, 11631 us display, type 4
frame 45: 28997 us total, 11631 us display, type 4
frame 46: 27998 us total, 11631 us display, type 4
frame 47: 29033 us total, 11640 us display, type 4
frame 48: 28982 us total, 11637 us display, type 4
frame 49: 27986 us total, 11632 us display, type 4
frame 50: 29001 us total, 11631 us display, type 4
frame 51: 27999 us total, 11632 us display, type 4
frame 52: 29001 us total, 11631 us display, type 4
frame 53: 28030 us total, 11641 us display, type 4
frame 54: 29033 us total, 11638 us display, type 4
frame 55: 28953 us total, 11638 us display, type 4
frame 56: 27983 us total, 11632 us display, type 4
frame 57: 29001 us total, 11631 us display, type 4
frame 58: 27999 us total, 11632 us display, type 4
frame 59: 29001 us total, 11631 us display, type 4
frame 60: 28028 us total, 11639 us display, type 4
frame 61: 29001 us total, 11636 us display, type 4
frame 62: 28972 us total, 11631 us display, type 4
frame 63: 28024 us total, 11644 us display, type 4
frame 64: 29019 us total, 11639 us display, type 4
frame 65: 27981 us total, 11637 us display, type 4
frame 66: 29000 us total, 11637 us display, type 4
frame 67: 28003 us total, 11641 us display, type 4
frame 68: 28986 us total, 11639 us display, type 4
frame 69: 28986 us total, 11631 us display, type 4
frame 70: 27999 us total, 11632 us display, type 4
frame 71: 29001 us total, 11631 us display, type 4
frame 72: 28028 us total, 11643 us display, type 4
frame 73: 29001 us total, 11636 us display, type 4
frame 74: 27996 us total, 11638 us display, type 4
frame 75: 29000 us total, 11640 us display, type 4
frame 76: 28975 us total, 11631 us display, type 4
frame 77: 27999 us total, 11632 us display, type 4
frame 78: 29001 us total, 11631 us display, type 4
frame 79: 28020 us total, 11653 us display, type 4
[0;32mI (3345) PAD: found  78:86:2e:8f:59:f6 rssi -49[0m
frame 80: 29398 us total, 11727 us display, type 4
frame 81: 27610 us total, 11630 us display, type 4
frame 82: 28972 us total, 11632 us display, type 4
frame 83: 28999 us total, 11630 us display, type 4
frame 84: 28001 us total, 11632 us display, type 4
frame 85: 28999 us total, 11630 us display, type 4
frame 86: 28002 us total, 11632 us display, type 4
frame 87: 29040 us total, 11672 us display, type 4
frame 88: 27959 us total, 11632 us display, type 4
frame 89: 28999 us total, 11630 us display, type 4
frame 90: 29001 us total, 11632 us display, type 4
frame 91: 27999 us total, 11630 us display, type 4
frame 92: 29001 us total, 11632 us display, type 4
frame 93: 27999 us total, 11630 us display, type 4
frame 94: 30069 us total, 12699 us display, type 4
frame 95: 27242 us total, 11674 us display, type 4
[0;32mI (3820) NimBLE: Connection established [0m
[0;32mI (3821) NIMBLE_HIDH: pairing for encrypted link (rc=0)[0m
frame 96: 30315 us total, 13256 us display, type 4
frame 97: 27605 us total, 11655 us display, type 4
frame 98: 29068 us total, 11671 us display, type 4
frame 99: 27727 us total, 11637 us display, type 4
[0;32mI (3919) NimBLE: mtu update event; conn_handle=0 cid=4 mtu=23
[0m
frame 100: 28144 us total, 11672 us display, type 4
frame 101: 28835 us total, 11631 us display, type 4
frame 102: 28169 us total, 11666 us display, type 4
frame 103: 28844 us total, 11643 us display, type 4
frame 104: 29086 us total, 11654 us display, type 4
[0;32mI (4069) NIMBLE_HIDH: encryption change: status=0[0m
frame 105: 28442 us total, 11688 us display, type 4
frame 106: 28472 us total, 11637 us display, type 4
frame 107: 28169 us total, 11665 us display, type 4
frame 108: 28813 us total, 11630 us display, type 4
[0;32mI (4169) NIMBLE_HIDH: service 0x1800 handles 1-7[0m
[0;32mI (4169) NIMBLE_HIDH: service 0x1801 handles 8-8[0m
[0;32mI (4170) NIMBLE_HIDH: service 0x180a handles 9-17[0m
frame 109: 28231 us total, 11674 us display, type 4
frame 110: 28931 us total, 11790 us display, type 4
frame 111: 28982 us total, 11648 us display, type 4
[0;32mI (4269) NIMBLE_HIDH: service 0x180f handles 18-21[0m
[0;32mI (4269) NIMBLE_HIDH: service 0x1812 handles 22-35[0m
frame 112: 27430 us total, 11681 us display, type 4
frame 113: 29439 us total, 11637 us display, type 4
frame 114: 28160 us total, 11668 us display, type 4
frame 115: 28827 us total, 11631 us display, type 4
[0;32mI (4369) NIMBLE_HIDH: service 00000001-5f60-4c4f-9c83-a7953298d40d handles 36-42[0m
frame 116: 28239 us total, 11674 us display, type 4
frame 117: 28947 us total, 11814 us display, type 4
frame 118: 28964 us total, 11649 us display, type 4
frame 119: 28099 us total, 11671 us display, type 4
frame 120: 28901 us total, 11666 us display, type 4
frame 121: 28446 us total, 12162 us display, type 4
frame 122: 29432 us total, 12452 us display, type 4
[0;32mI (4590) NimBLE: Read complete; status=0 conn_handle=0[0m
frame 123: 27965 us total, 12428 us display, type 4
[0;32mI (4620) NimBLE: Read complete; status=0 conn_handle=0[0m
[0;32mI (4620) NimBLE: Read complete; status=14 conn_handle=0[0m
frame 124: 29260 us total, 12678 us display, type 4
frame 125: 28573 us total, 12246 us display, type 4
frame 126: 27984 us total, 12221 us display, type 4
frame 127: 28917 us total, 12147 us display, type 4
frame 128: 28046 us total, 12200 us display, type 4
frame 129: 28474 us total, 11673 us display, type 4
[0;32mI (4770) NimBLE: Read complete; status=0 conn_handle=0[0m
[0;32mI (4770) NimBLE: Read complete; status=14 conn_handle=0[0m
frame 130: 28006 us total, 11670 us display, type 4
[0;32mI (4800) NimBLE: Read complete; status=0 conn_handle=0[0m
[0;32mI (4800) NimBLE: Read complete; status=14 conn_handle=0[0m
frame 131: 29341 us total, 12043 us display, type 4
[0;32mI (4830) NimBLE: Read complete; status=0 conn_handle=0[0m
[0;32mI (4830) NimBLE: Read complete; status=14 conn_handle=0[0m
frame 132: 28668 us total, 11672 us display, type 4
frame 133: 28085 us total, 11743 us display, type 4
frame 134: 29066 us total, 11841 us display, type 4
frame 135: 28167 us total, 11988 us display, type 4
frame 136: 29066 us total, 12064 us display, type 4
frame 137: 27606 us total, 11673 us display, type 4
frame 138: 28997 us total, 11673 us display, type 4
[0;32mI (5039) NimBLE: Read complete; status=0 conn_handle=0[0m
frame 139: 29212 us total, 11891 us display, type 4
[0;32mI (5070) NimBLE: Read complete; status=0 conn_handle=0[0m
frame 140: 27530 us total, 11672 us display, type 4
[0;32mI (5100) NimBLE: Read complete; status=0 conn_handle=0[0m
frame 141: 30069 us total, 11673 us display, type 4
[0;32mI (5130) NimBLE: Read complete; status=0 conn_handle=0[0m
frame 142: 27764 us total, 12365 us display, type 4
[0;32mI (5160) NimBLE: Read complete; status=0 conn_handle=0[0m
frame 143: 29623 us total, 12870 us display, type 4
[0;32mI (5190) NimBLE: Read complete; status=0 conn_handle=0[0m
frame 144: 27529 us total, 12417 us display, type 4
[0;32mI (5220) NimBLE: Read complete; status=0 conn_handle=0[0m
frame 145: 29012 us total, 12411 us display, type 4
[0;32mI (5250) NimBLE: Read complete; status=0 conn_handle=0[0m
frame 146: 28990 us total, 12419 us display, type 4
[0;32mI (5280) NimBLE: Read complete; status=0 conn_handle=0[0m
frame 147: 27997 us total, 12398 us display, type 4
[0;32mI (5310) NimBLE: Read complete; status=0 conn_handle=0[0m
frame 148: 29073 us total, 12489 us display, type 4
[0;32mI (5340) NimBLE: Read complete; status=0 conn_handle=0[0m
frame 149: 28142 us total, 12613 us display, type 4
frame 150: 28038 us total, 11668 us display, type 4
[0;32mI (5370) NimBLE: Read complete; status=0 conn_handle=0[0m
frame 151: 28029 us total, 11673 us display, type 4
[0;32mI (5400) NimBLE: Read complete; status=0 conn_handle=0[0m
[0;32mI (5400) NimBLE: Read complete; status=14 conn_handle=0[0m
frame 152: 29346 us total, 12050 us display, type 4
frame 153: 28662 us total, 11672 us display, type 4
[0;32mI (5459) NimBLE: Read complete; status=0 conn_handle=0[0m
[0;32mI (5460) NimBLE: Read complete; status=14 conn_handle=0[0m
frame 154: 28088 us total, 11774 us display, type 4
[0;32mI (5490) PAD: report id 1 len 16: bb 81 e1 25 a4 7e 6b 7f 00 00 00 00 00 00 00 00 [0m
frame 155: 29058 us total, 11826 us display, type 4
[0;32mI (5519) NimBLE: Read complete; status=0 conn_handle=0[0m
[0;32mI (5520) NimBLE: Read complete; status=14 conn_handle=0[0m
[0;32mI (5521) NIMBLE_HIDH: attaching listeners, battery handle 20 ccc 21[0m
[0;32mI (5522) PAD: report map: 22 input fields[0m
[0;32mI (5522) PAD:   field rid 1 page 1 usage 0x30 bits 16 @0 logical 0..65535[0m
[0;32mI (5522) PAD:   field rid 1 page 1 usage 0x31 bits 16 @16 logical 0..65535[0m
[0;32mI (5522) PAD:   field rid 1 page 1 usage 0x32 bits 16 @32 logical 0..65535[0m
[0;32mI (5523) PAD:   field rid 1 page 1 usage 0x35 bits 16 @48 logical 0..65535[0m
[0;32mI (5523) PAD:   field rid 1 page 2 usage 0xc5 bits 10 @64 logical 0..1023[0m
[0;32mI (5524) PAD:   field rid 1 page 2 usage 0xc4 bits 10 @80 logical 0..1023[0m
[0;32mI (5524) PAD:   field rid 1 page 1 usage 0x39 bits 4 @96 logical 1..8[0m
[0;32mI (5525) PAD:   field rid 1 page 9 usage 0x01 bits 1 @104 logical 0..1[0m
[0;32mI (5525) PAD:   field rid 1 page 9 usage 0x02 bits 1 @105 logical 0..1[0m
[0;32mI (5525) PAD:   field rid 1 page 9 usage 0x03 bits 1 @106 logical 0..1[0m
[0;32mI (5526) PAD:   field rid 1 page 9 usage 0x04 bits 1 @107 logical 0..1[0m
[0;32mI (5526) PAD:   field rid 1 page 9 usage 0x05 bits 1 @108 logical 0..1[0m
[0;32mI (5526) PAD:   field rid 1 page 9 usage 0x06 bits 1 @109 logical 0..1[0m
[0;32mI (5526) PAD:   field rid 1 page 9 usage 0x07 bits 1 @110 logical 0..1[0m
[0;32mI (5527) PAD:   field rid 1 page 9 usage 0x08 bits 1 @111 logical 0..1[0m
[0;32mI (5527) PAD:   field rid 1 page 9 usage 0x09 bits 1 @112 logical 0..1[0m
[0;32mI (5527) PAD:   field rid 1 page 9 usage 0x0a bits 1 @113 logical 0..1[0m
[0;32mI (5528) PAD:   field rid 1 page 9 usage 0x0b bits 1 @114 logical 0..1[0m
[0;32mI (5528) PAD:   field rid 1 page 9 usage 0x0c bits 1 @115 logical 0..1[0m
[0;32mI (5528) PAD:   field rid 1 page 9 usage 0x0d bits 1 @116 logical 0..1[0m
[0;32mI (5529) PAD:   field rid 1 page 9 usage 0x0e bits 1 @117 logical 0..1[0m
[0;32mI (5529) PAD:   field rid 1 page 9 usage 0x0f bits 1 @118 logical 0..1[0m
[0;32mI (5529) PAD:   rid 1 page 1 usage 30 bit 0 size 16 [0..65535][0m
[0;32mI (5530) PAD:   rid 1 page 1 usage 31 bit 16 size 16 [0..65535][0m
[0;32mI (5530) PAD:   rid 1 page 1 usage 32 bit 32 size 16 [0..65535][0m
[0;32mI (5530) PAD:   rid 1 page 1 usage 35 bit 48 size 16 [0..65535][0m
[0;32mI (5531) PAD:   rid 1 page 2 usage c5 bit 64 size 10 [0..1023][0m
[0;32mI (5531) PAD:   rid 1 page 2 usage c4 bit 80 size 10 [0..1023][0m
[0;32mI (5531) PAD:   rid 1 page 1 usage 39 bit 96 size 4 [1..8][0m
[0;32mI (5531) PAD:   rid 1 page 9 usage 1 bit 104 size 1 [0..1][0m
[0;32mI (5532) PAD:   rid 1 page 9 usage 2 bit 105 size 1 [0..1][0m
[0;32mI (5532) PAD:   rid 1 page 9 usage 3 bit 106 size 1 [0..1][0m
[0;32mI (5532) PAD:   rid 1 page 9 usage 4 bit 107 size 1 [0..1][0m
[0;32mI (5532) PAD:   rid 1 page 9 usage 5 bit 108 size 1 [0..1][0m
[0;32mI (5533) PAD:   rid 1 page 9 usage 6 bit 109 size 1 [0..1][0m
[0;32mI (5533) PAD:   rid 1 page 9 usage 7 bit 110 size 1 [0..1][0m
[0;32mI (5533) PAD:   rid 1 page 9 usage 8 bit 111 size 1 [0..1][0m
[0;32mI (5534) PAD:   rid 1 page 9 usage 9 bit 112 size 1 [0..1][0m
[0;32mI (5534) PAD:   rid 1 page 9 usage a bit 113 size 1 [0..1][0m
[0;32mI (5535) PAD:   rid 1 page 9 usage b bit 114 size 1 [0..1][0m
[0;32mI (5535) PAD:   rid 1 page 9 usage c bit 115 size 1 [0..1][0m
[0;32mI (5535) PAD:   rid 1 page 9 usage d bit 116 size 1 [0..1][0m
[0;32mI (5535) PAD:   rid 1 page 9 usage e bit 117 size 1 [0..1][0m
[0;32mI (5536) PAD:   rid 1 page 9 usage f bit 118 size 1 [0..1][0m
[0;32mI (5536) PAD: connected: Xbox Wireless Controller[0m
gamepad connected: Xbox Wireless Controller
frame 156: 37239 us total, 11690 us display, type 4
[0;32mI (5550) NimBLE: Subscribe complete; status=259 conn_handle=0 attr_handle=20
[0m
axes L    443 -23071 R   -348   -149 T     0     0 level 0, 3 reports in 5315 ms
input: down 0x100000
frame 157: 20463 us total, 12018 us display, type 4
[0;32mI (5579) NIMBLE_HIDH: write complete; status=0 attr_handle=21[0m
[0;32mI (5580) NIMBLE_HIDH: report id 3 type 2 mode 1 perms 0xe handle 34 ccc 0[0m
[0;32mI (5580) NIMBLE_HIDH: report id 1 type 1 mode 1 perms 0x12 handle 30 ccc 31[0m
frame 158: 27770 us total, 12151 us display, type 4
[0;32mI (5610) NimBLE: Subscribe complete; status=259 conn_handle=0 attr_handle=30
[0m
[0;32mI (5610) NIMBLE_HIDH:   notify registered[0m
frame 159: 29071 us total, 12260 us display, type 4
[0;32mI (5639) NIMBLE_HIDH: write complete; status=0 attr_handle=31[0m
[0;32mI (5640) NIMBLE_HIDH:   ccc written[0m
[0;32mI (5640) NIMBLE_HIDH: listeners attached[0m
frame 160: 28632 us total, 11875 us display, type 4
frame 161: 27932 us total, 11853 us display, type 4
frame 162: 29003 us total, 11853 us display, type 4
frame 163: 28505 us total, 12444 us display, type 4
[0;32mI (5759) PAD: report id 1 len 16: bb 81 e1 25 a4 7e 6b 7f 00 00 00 00 00 00 00 00 [0m
frame 164: 29556 us total, 12926 us display, type 4
frame 165: 27259 us total, 12211 us display, type 4
axes L    443 -23071 R   -348   -149 T     0     0 level 0, 8 reports in 257 ms
frame 166: 29487 us total, 12332 us display, type 4
frame 167: 28457 us total, 12149 us display, type 4
frame 168: 28081 us total, 12201 us display, type 4
frame 169: 61124 us total, 13883 us display, type 5
frame 170: 14591 us total, 13577 us display, type 5
frame 171: 14570 us total, 13613 us display, type 5
frame 172: 14499 us total, 13556 us display, type 5
frame 173: 14580 us total, 13612 us display, type 5
frame 174: 14490 us total, 13557 us display, type 5
frame 175: 14513 us total, 13577 us display, type 5
frame 176: 14466 us total, 13543 us display, type 5
frame 177: 14504 us total, 13568 us display, type 5
frame 178: 14463 us total, 13523 us display, type 5
axes L    443 -23071 R   -348   -149 T     0     0 level 0, 3 reports in 261 ms
frame 179: 14815 us total, 13548 us display, type 5
frame 180: 14242 us total, 13323 us display, type 5
frame 181: 14493 us total, 13547 us display, type 5
frame 182: 14256 us total, 13338 us display, type 5
frame 183: 14418 us total, 13328 us display, type 5
frame 184: 14403 us total, 13503 us display, type 5
frame 185: 14426 us total, 13500 us display, type 5
frame 186: 14393 us total, 13482 us display, type 5
frame 187: 14451 us total, 13516 us display, type 5
frame 188: 14430 us total, 13529 us display, type 5
frame 189: 14493 us total, 13540 us display, type 5
frame 190: 14442 us total, 13524 us display, type 5
frame 191: 14496 us total, 13550 us display, type 5
frame 192: 14448 us total, 13523 us display, type 5
frame 193: 14531 us total, 13579 us display, type 5
frame 194: 14475 us total, 13544 us display, type 5
frame 195: 14542 us total, 13580 us display, type 5
frame 196: 14477 us total, 13541 us display, type 5
axes L    443 -23071 R   -348   -149 T     0     0 level 0, 0 reports in 260 ms
frame 197: 14880 us total, 13582 us display, type 5
frame 198: 14486 us total, 13553 us display, type 5
frame 199: 14536 us total, 13574 us display, type 5
frame 200: 14474 us total, 13549 us display, type 5
frame 201: 22825 us total, 13947 us display, type 5
frame 202: 14667 us total, 13592 us display, type 5
frame 203: 14475 us total, 13541 us display, type 5
frame 204: 14482 us total, 13531 us display, type 5
frame 205: 14453 us total, 13533 us display, type 5
frame 206: 14470 us total, 13511 us display, type 5
frame 207: 14444 us total, 13548 us display, type 5
frame 208: 14465 us total, 13515 us display, type 5
frame 209: 15694 us total, 13729 us display, type 5
frame 210: 14573 us total, 13529 us display, type 5
frame 211: 14439 us total, 13528 us display, type 5
frame 212: 14469 us total, 13510 us display, type 5
frame 213: 14422 us total, 13513 us display, type 5
axes L    443 -23071 R   -348   -149 T     0     0 level 0, 0 reports in 256 ms
frame 214: 14785 us total, 13497 us display, type 5
frame 215: 14449 us total, 13517 us display, type 5
frame 216: 14441 us total, 13496 us display, type 5
frame 217: 14443 us total, 13520 us display, type 5
frame 218: 14458 us total, 13495 us display, type 5
frame 219: 14444 us total, 13528 us display, type 5
frame 220: 14465 us total, 13502 us display, type 5
frame 221: 14389 us total, 13514 us display, type 5
frame 222: 14451 us total, 13501 us display, type 5
frame 223: 14404 us total, 13494 us display, type 5
frame 224: 14458 us total, 13508 us display, type 5
frame 225: 14418 us total, 13515 us display, type 5
frame 226: 14467 us total, 13527 us display, type 5
frame 227: 14227 us total, 13330 us display, type 5
frame 228: 14271 us total, 13340 us display, type 5
frame 229: 14390 us total, 13335 us display, type 5
frame 230: 14499 us total, 13357 us display, type 5
frame 231: 14419 us total, 13548 us display, type 5
axes L    443 -23071 R   -348   -149 T     0     0 level 0, 0 reports in 259 ms
frame 232: 14991 us total, 13665 us display, type 5
frame 233: 14530 us total, 13600 us display, type 5
frame 234: 14502 us total, 13547 us display, type 5
frame 235: 14430 us total, 13514 us display, type 5
frame 236: 14490 us total, 13528 us display, type 5
frame 237: 14394 us total, 13510 us display, type 5
frame 238: 14476 us total, 13529 us display, type 5
frame 239: 14405 us total, 13513 us display, type 5
frame 240: 14476 us total, 13536 us display, type 5
frame 241: 14380 us total, 13496 us display, type 5
frame 242: 13664 us total, 11753 us display, type 3
frame 243: 38595 us total, 11764 us display, type 3
frame 244: 34265 us total, 11694 us display, type 3
axes L    443 -23071 R   -348   -149 T     0     0 level 0, 0 reports in 251 ms
frame 245: 34071 us total, 11698 us display, type 3
frame 246: 34773 us total, 11692 us display, type 3
frame 247: 35747 us total, 11694 us display, type 3
frame 248: 36337 us total, 11959 us display, type 3
frame 249: 36265 us total, 11808 us display, type 3
frame 250: 36241 us total, 11687 us display, type 3
frame 251: 36246 us total, 11686 us display, type 3
axes L    443 -23071 R   -348   -149 T     0     0 level 0, 0 reports in 252 ms
frame 252: 37059 us total, 11694 us display, type 3
frame 253: 35895 us total, 11686 us display, type 3
frame 254: 37018 us total, 11687 us display, type 3
frame 255: 36274 us total, 11767 us display, type 3
frame 256: 36367 us total, 11806 us display, type 3
mem @frame 256: heap free 66340, largest 40960, min ever 65520, zone free 41244, stack free 14540, uptime 7 s, gamestate 0, demo 1, usergame 0, tic 192
frame 257: 36791 us total, 11753 us display, type 3
frame 258: 36720 us total, 11700 us display, type 3
frame 259: 35033 us total, 11694 us display, type 3
axes L    443 -23071 R   -348   -149 T     0     0 level 0, 0 reports in 267 ms
frame 260: 35096 us total, 11798 us display, type 3
frame 261: 34981 us total, 11693 us display, type 3
frame 262: 35342 us total, 11857 us display, type 3
frame 263: 35064 us total, 11694 us display, type 3
frame 264: 35788 us total, 11817 us display, type 3
frame 265: 35220 us total, 11694 us display, type 3
frame 266: 37225 us total, 11686 us display, type 3
frame 267: 38024 us total, 11686 us display, type 3
axes L    443 -23071 R   -348   -149 T     0     0 level 0, 0 reports in 286 ms
frame 268: 38254 us total, 11693 us display, type 3
frame 269: 37748 us total, 11686 us display, type 3
frame 270: 37548 us total, 11693 us display, type 3
frame 271: 35272 us total, 11694 us display, type 3
frame 272: 34716 us total, 11694 us display, type 3
frame 273: 34260 us total, 11685 us display, type 3
frame 274: 34046 us total, 11687 us display, type 3
axes L    443 -23071 R   -348   -149 T     0     0 level 0, 0 reports in 251 ms
frame 275: 32393 us total, 11698 us display, type 3
frame 276: 31702 us total, 11687 us display, type 3
frame 277: 30935 us total, 11687 us display, type 3
frame 278: 31651 us total, 11701 us display, type 3
frame 279: 30343 us total, 11687 us display, type 3
frame 280: 28858 us total, 11687 us display, type 3
frame 281: 29101 us total, 11687 us display, type 3
frame 282: 28711 us total, 11817 us display, type 3
axes L    443 -23071 R   -348   -149 T     0     0 level 0, 0 reports in 259 ms
frame 283: 30004 us total, 11954 us display, type 3
frame 284: 28224 us total, 11687 us display, type 3
frame 285: 27326 us total, 11687 us display, type 3
frame 286: 27947 us total, 11965 us display, type 3
frame 287: 26698 us total, 11691 us display, type 3
frame 288: 26177 us total, 11687 us display, type 3
frame 289: 25291 us total, 11693 us display, type 3
frame 290: 24625 us total, 11686 us display, type 3
frame 291: 26650 us total, 11693 us display, type 3
frame 292: 26175 us total, 11694 us display, type 3
axes L    443 -23071 R   -348   -149 T     0     0 level 0, 0 reports in 253 ms
frame 293: 26797 us total, 11700 us display, type 3
frame 294: 25470 us total, 11686 us display, type 3
frame 295: 26771 us total, 11690 us display, type 3
frame 296: 27972 us total, 11701 us display, type 3
frame 297: 28014 us total, 11699 us display, type 3
frame 298: 29220 us total, 11691 us display, type 3
frame 299: 28802 us total, 11687 us display, type 3
frame 300: 29185 us total, 11694 us display, type 3
frame 301: 31096 us total, 11687 us display, type 3
axes L    443 -23071 R   -348   -149 T     0     0 level 0, 0 reports in 253 ms
frame 302: 31227 us total, 11693 us display, type 3
frame 303: 33328 us total, 11694 us display, type 3
frame 304: 32807 us total, 11692 us display, type 3
frame 305: 33897 us total, 11835 us display, type 3
frame 306: 33513 us total, 11983 us display, type 3
frame 307: 33938 us total, 11694 us display, type 3
frame 308: 34669 us total, 11693 us display, type 3
frame 309: 34505 us total, 11816 us display, type 3
axes L    443 -23071 R   -348   -149 T     0     0 level 0, 0 reports in 267 ms
frame 310: 33950 us total, 11694 us display, type 3
frame 311: 36999 us total, 11693 us display, type 3
frame 312: 37362 us total, 11694 us display, type 3
frame 313: 38427 us total, 11700 us display, type 3
frame 314: 40781 us total, 11762 us display, type 3
frame 315: 39367 us total, 11956 us display, type 3
axes L    443 -23071 R   -348   -149 T     0     0 level 0, 0 reports in 255 ms
frame 316: 42747 us total, 11694 us display, type 3
frame 317: 40491 us total, 11686 us display, type 3
frame 318: 41983 us total, 11687 us display, type 3
frame 319: 38990 us total, 11694 us display, type 3
frame 320: 42122 us total, 11999 us display, type 3
frame 321: 41231 us total, 11693 us display, type 3
frame 322: 42188 us total, 11694 us display, type 3
axes L    443 -23071 R   -348   -149 T     0     0 level 0, 0 reports in 285 ms
frame 323: 38561 us total, 11687 us display, type 3
frame 324: 43082 us total, 11820 us display, type 3
frame 325: 44970 us total, 11919 us display, type 3
frame 326: 44082 us total, 11693 us display, type 3
frame 327: 46875 us total, 11742 us display, type 3
frame 328: 45969 us total, 11694 us display, type 3
axes L    443 -23071 R   -348   -149 T     0     0 level 0, 0 reports in 250 ms
frame 329: 44497 us total, 11723 us display, type 3
frame 330: 47356 us total, 11694 us display, type 3
frame 331: 44905 us total, 11694 us display, type 3
frame 332: 46097 us total, 11694 us display, type 3
frame 333: 48557 us total, 11859 us display, type 3
frame 334: 47061 us total, 12026 us display, type 3
axes L    443 -23071 R   -348   -149 T     0     0 level 0, 0 reports in 266 ms
frame 335: 48674 us total, 11871 us display, type 3
frame 336: 46956 us total, 11739 us display, type 3
frame 337: 48601 us total, 11895 us display, type 3
frame 338: 49235 us total, 11687 us display, type 3
frame 339: 49509 us total, 11693 us display, type 3
axes L    443 -23071 R   -348   -149 T     0     0 level 0, 0 reports in 278 ms
frame 340: 49402 us total, 11709 us display, type 3
frame 341: 51788 us total, 11694 us display, type 3
frame 342: 49493 us total, 11799 us display, type 3
frame 343: 52431 us total, 11742 us display, type 3
frame 344: 51449 us total, 11685 us display, type 3
axes L    443 -23071 R   -348   -149 T     0     0 level 0, 0 reports in 253 ms
frame 345: 48536 us total, 11726 us display, type 3
frame 346: 48309 us total, 11688 us display, type 3
frame 347: 41316 us total, 11723 us display, type 3
frame 348: 41059 us total, 11693 us display, type 3
frame 349: 41381 us total, 11693 us display, type 3
frame 350: 41439 us total, 11687 us display, type 3
frame 351: 39509 us total, 11700 us display, type 3
axes L    443 -23071 R   -348   -149 T     0     0 level 0, 0 reports in 266 ms
frame 352: 40147 us total, 11694 us display, type 3
frame 353: 38437 us total, 11694 us display, type 3
frame 354: 39484 us total, 11700 us display, type 3
frame 355: 36692 us total, 11694 us display, type 3
frame 356: 38070 us total, 11693 us display, type 3
frame 357: 38637 us total, 11687 us display, type 3
axes L    443 -23071 R   -348   -149 T     0     0 level 0, 0 reports in 254 ms
frame 358: 37243 us total, 11693 us display, type 3
frame 359: 35826 us total, 11687 us display, type 3
frame 360: 37496 us total, 11693 us display, type 3
frame 361: 36324 us total, 11694 us display, type 3
frame 362: 35585 us total, 11693 us display, type 3
frame 363: 35988 us total, 11700 us display, type 3
frame 364: 36705 us total, 11697 us display, type 3
axes L    443 -23071 R   -348   -149 T     0     0 level 0, 0 reports in 255 ms
frame 365: 37492 us total, 11686 us display, type 3
frame 366: 38033 us total, 11687 us display, type 3
frame 367: 38311 us total, 11791 us display, type 3
frame 368: 36927 us total, 11686 us display, type 3
frame 369: 37346 us total, 11693 us display, type 3
frame 370: 37480 us total, 11693 us display, type 3
frame 371: 38274 us total, 11796 us display, type 3
axes L    443 -23071 R   -348   -149 T     0     0 level 0, 0 reports in 263 ms
frame 372: 37420 us total, 11878 us display, type 3
frame 373: 39765 us total, 11694 us display, type 3
frame 374: 38043 us total, 12048 us display, type 3
frame 375: 42671 us total, 11687 us display, type 3
frame 376: 40778 us total, 11905 us display, type 3
frame 377: 40427 us total, 11693 us display, type 3
frame 378: 42522 us total, 11686 us display, type 3
axes L    443 -23071 R   -348   -149 T     0     0 level 0, 0 reports in 285 ms
frame 379: 41732 us total, 11887 us display, type 3
frame 380: 44514 us total, 11691 us display, type 3
frame 381: 40816 us total, 11696 us display, type 3
frame 382: 44080 us total, 11687 us display, type 3
frame 383: 43177 us total, 11917 us display, type 3
frame 384: 43560 us total, 11698 us display, type 3
axes L    443 -23071 R   -348   -149 T     0     0 level 0, 0 reports in 259 ms
frame 385: 43191 us total, 11686 us display, type 3
frame 386: 44746 us total, 11693 us display, type 3
frame 387: 41998 us total, 11694 us display, type 3
frame 388: 44023 us total, 11694 us display, type 3
frame 389: 42461 us total, 11693 us display, type 3
frame 390: 42847 us total, 11687 us display, type 3
axes L    443 -23071 R   -348   -149 T     0     0 level 0, 0 reports in 258 ms
frame 391: 42360 us total, 11743 us display, type 3
frame 392: 41782 us total, 11692 us display, type 3
frame 393: 40767 us total, 11687 us display, type 3
frame 394: 41263 us total, 11693 us display, type 3
frame 395: 40559 us total, 11819 us display, type 3
frame 396: 37917 us total, 11701 us display, type 3
frame 397: 39330 us total, 11932 us display, type 3
axes L    443 -23071 R   -348   -149 T     0     0 level 0, 0 reports in 281 ms
frame 398: 39576 us total, 11693 us display, type 3
frame 399: 40248 us total, 11701 us display, type 3
frame 400: 42079 us total, 11690 us display, type 3
frame 401: 39414 us total, 11863 us display, type 3
frame 402: 41873 us total, 11692 us display, type 3
frame 403: 40528 us total, 11891 us display, type 3
frame 404: 40448 us total, 11694 us display, type 3
axes L    443 -23071 R   -348   -149 T     0     0 level 0, 0 reports in 285 ms
frame 405: 40810 us total, 11686 us display, type 3
frame 406: 41824 us total, 11694 us display, type 3
frame 407: 43803 us total, 11835 us display, type 3
frame 408: 42201 us total, 11895 us display, type 3
frame 409: 44455 us total, 11686 us display, type 3
frame 410: 44630 us total, 12038 us display, type 3
axes L    443 -23071 R   -348   -149 T     0     0 level 0, 0 reports in 259 ms
frame 411: 42248 us total, 11687 us display, type 3
frame 412: 44975 us total, 11915 us display, type 3
frame 413: 42574 us total, 11694 us display, type 3
frame 414: 44985 us total, 11701 us display, type 3
frame 415: 42508 us total, 11692 us display, type 3
frame 416: 44714 us total, 11693 us display, type 3
frame 417: 41903 us total, 11694 us display, type 3
axes L    443 -23071 R   -348   -149 T     0     0 level 0, 0 reports in 275 ms
frame 418: 41129 us total, 11687 us display, type 3
frame 419: 39349 us total, 11903 us display, type 3
frame 420: 42123 us total, 11692 us display, type 3
frame 421: 39516 us total, 11687 us display, type 3
frame 422: 39290 us total, 11755 us display, type 3
frame 423: 43391 us total, 11699 us display, type 3
axes L    443 -23071 R   -348   -149 T     0     0 level 0, 0 reports in 256 ms
frame 424: 42869 us total, 11693 us display, type 3
frame 425: 45808 us total, 11686 us display, type 3
frame 426: 43586 us total, 12014 us display, type 3
frame 427: 42802 us total, 11694 us display, type 3
frame 428: 41747 us total, 11693 us display, type 3
frame 429: 40765 us total, 11851 us display, type 3
axes L    443 -23071 R   -348   -149 T     0     0 level 0, 0 reports in 255 ms
frame 430: 41141 us total, 11693 us display, type 3
frame 431: 42225 us total, 12048 us display, type 3
frame 432: 41248 us total, 11795 us display, type 3
frame 433: 45405 us total, 11694 us display, type 3
frame 434: 44618 us total, 11900 us display, type 3
frame 435: 45927 us total, 11845 us display, type 3
axes L    443 -23071 R   -348   -149 T     0     0 level 0, 0 reports in 253 ms
frame 436: 46328 us total, 11687 us display, type 3
frame 437: 46468 us total, 12014 us display, type 3
frame 438: 45927 us total, 12033 us display, type 3
frame 439: 43168 us total, 11695 us display, type 3
frame 440: 45272 us total, 11694 us display, type 3
frame 441: 44107 us total, 11687 us display, type 3
axes L    443 -23071 R   -348   -149 T     0     0 level 0, 0 reports in 268 ms
frame 442: 44655 us total, 11947 us display, type 3
frame 443: 40920 us total, 11694 us display, type 3
frame 444: 40751 us total, 11979 us display, type 3
frame 445: 38318 us total, 11841 us display, type 3
frame 446: 37579 us total, 11798 us display, type 3
frame 447: 36637 us total, 11687 us display, type 3
axes L    443 -23071 R   -348   -149 T     0     0 level 0, 0 reports in 262 ms
frame 448: 37985 us total, 11687 us display, type 3
frame 449: 37980 us total, 11695 us display, type 3
frame 450: 36926 us total, 11701 us display, type 3
frame 451: 35441 us total, 11687 us display, type 3
frame 452: 36264 us total, 11698 us display, type 3
frame 453: 36874 us total, 11693 us display, type 3
[0;32mI (15239) PAD: report id 1 len 16: ef 80 e1 25 a4 7e 6b 7f 00 00 00 00 00 00 00 00 [0m
frame 454: 36704 us total, 11694 us display, type 3
frame 455: 36854 us total, 12333 us display, type 3
axes L    -23 -23071 R   -348   -149 T     0     0 level 0, 3 reports in 270 ms
frame 456: 36830 us total, 12100 us display, type 3
frame 457: 38389 us total, 11891 us display, type 3
frame 458: 34645 us total, 11830 us display, type 3
frame 459: 36032 us total, 11693 us display, type 3
frame 460: 40896 us total, 11694 us display, type 3
[0;32mI (15494) PAD: report id 1 len 16: 48 7f 9c 28 a4 7e 6b 7f 00 00 00 00 00 00 00 00 [0m
frame 461: 39189 us total, 12020 us display, type 3
axes L   3070 -32768 R   -348   -149 T     0     0 level 0, 9 reports in 254 ms
frame 462: 42867 us total, 11830 us display, type 3
frame 463: 40175 us total, 12049 us display, type 3
frame 464: 37207 us total, 11688 us display, type 3
frame 465: 43188 us total, 12394 us display, type 3
frame 466: 40611 us total, 11686 us display, type 3
[0;32mI (15749) PAD: report id 1 len 16: a7 8c 00 00 a4 7e 6b 7f 00 00 00 00 00 00 00 00 [0m
frame 467: 42615 us total, 12004 us display, type 3
frame 468: 40154 us total, 12088 us display, type 3
axes L   3140 -32768 R   -348   -149 T     0     0 level 0, 9 reports in 257 ms
frame 469: 43352 us total, 11849 us display, type 3
frame 470: 41702 us total, 11701 us display, type 3
frame 471: 42304 us total, 11692 us display, type 3
frame 472: 41364 us total, 12469 us display, type 3
[0;32mI (16004) PAD: report id 1 len 16: f9 8b 00 00 a4 7e 6b 7f 00 00 00 00 00 00 00 00 [0m
frame 473: 40305 us total, 12130 us display, type 3
frame 474: 41635 us total, 11827 us display, type 3
axes L   3044 -32768 R   -348   -149 T     0     0 level 0, 9 reports in 258 ms
frame 475: 39330 us total, 11697 us display, type 3
frame 476: 41861 us total, 12494 us display, type 3
frame 477: 39642 us total, 11999 us display, type 3
frame 478: 39494 us total, 12038 us display, type 3
[0;32mI (16259) PAD: report id 1 len 16: b4 88 00 00 a4 7e 6b 7f 00 00 00 00 00 00 00 00 [0m
frame 479: 39602 us total, 12567 us display, type 3
frame 480: 39756 us total, 12276 us display, type 3
axes L   2118 -32768 R   -348   -149 T     0     0 level 0, 9 reports in 254 ms
frame 481: 37478 us total, 12056 us display, type 3
frame 482: 38067 us total, 11818 us display, type 3
frame 483: 36959 us total, 12034 us display, type 3
frame 484: 39851 us total, 11694 us display, type 3
frame 485: 37206 us total, 11700 us display, type 3
[0;32mI (16529) PAD: report id 1 len 16: 0f 88 00 00 a4 7e 6b 7f 00 00 00 00 00 00 00 00 [0m
frame 486: 38674 us total, 12547 us display, type 3
frame 487: 38085 us total, 12567 us display, type 3
axes L   2063 -32768 R   -348   -149 T     0     0 level 0, 10 reports in 266 ms
frame 488: 37619 us total, 11689 us display, type 3
frame 489: 35607 us total, 11694 us display, type 3
frame 490: 37267 us total, 12313 us display, type 3
frame 491: 35628 us total, 12469 us display, type 3
frame 492: 35602 us total, 11686 us display, type 3
frame 493: 34419 us total, 11694 us display, type 3
[0;32mI (16799) PAD: report id 1 len 16: 0f 88 00 00 a4 7e 6b 7f 00 00 00 00 00 00 00 00 [0m
frame 494: 37078 us total, 11694 us display, type 3
axes L   2063 -32768 R   -348   -149 T     0     0 level 0, 8 reports in 251 ms
frame 495: 36614 us total, 12414 us display, type 3
frame 496: 34416 us total, 12280 us display, type 3
frame 497: 34847 us total, 12084 us display, type 3
frame 498: 35999 us total, 11708 us display, type 3
frame 499: 35304 us total, 11916 us display, type 3
frame 500: 34743 us total, 11693 us display, type 3
[0;32mI (17069) PAD: report id 1 len 16: 0f 88 00 00 a4 7e 6b 7f 00 00 00 00 00 00 00 00 [0m
frame 501: 35867 us total, 12710 us display, type 3
frame 502: 36044 us total, 12373 us display, type 3
axes L   2063 -32768 R   -348   -149 T     0     0 level 0, 9 reports in 261 ms
frame 503: 35247 us total, 11692 us display, type 3
frame 504: 34380 us total, 11713 us display, type 3
frame 505: 34651 us total, 11865 us display, type 3
frame 506: 34384 us total, 11686 us display, type 3
frame 507: 37107 us total, 12068 us display, type 3
frame 508: 35161 us total, 12464 us display, type 3
[0;32mI (17339) PAD: report id 1 len 16: 0f 88 00 00 a4 7e 6b 7f 00 00 00 00 00 00 00 00 [0m
frame 509: 34991 us total, 11700 us display, type 3
frame 510: 37510 us total, 11693 us display, type 3
axes L   2063 -32768 R   -348   -149 T     0     0 level 0, 9 reports in 283 ms
frame 511: 39335 us total, 12398 us display, type 3
frame 512: 36338 us total, 12061 us display, type 3
mem @frame 512: heap free 66340, largest 40960, min ever 65520, zone free 41244, stack free 14540, uptime 17 s, gamestate 0, demo 1, usergame 0, tic 540
frame 513: 38688 us total, 11700 us display, type 3
frame 514: 37626 us total, 11698 us display, type 3
frame 515: 38062 us total, 12382 us display, type 3
[0;32mI (17609) PAD: report id 1 len 16: 0f 88 00 00 a4 7e 6b 7f 00 00 00 00 00 00 00 00 [0m
frame 516: 38871 us total, 12674 us display, type 3
axes L   2063 -32768 R   -348   -149 T     0     0 level 0, 9 reports in 255 ms
frame 517: 40390 us total, 11687 us display, type 3
frame 518: 38905 us total, 12478 us display, type 3
frame 519: 38334 us total, 12476 us display, type 3
frame 520: 40038 us total, 11694 us display, type 3
frame 521: 38884 us total, 11692 us display, type 3
frame 522: 40232 us total, 12061 us display, type 3
[0;32mI (17879) PAD: report id 1 len 16: 0f 88 00 00 a4 7e 6b 7f 00 00 00 00 00 00 00 00 [0m
frame 523: 39594 us total, 11685 us display, type 3
axes L   2063 -32768 R   -348   -149 T     0     0 level 0, 8 reports in 251 ms
frame 524: 37854 us total, 11687 us display, type 3
frame 525: 38183 us total, 11693 us display, type 3
frame 526: 36776 us total, 11687 us display, type 3
frame 527: 37086 us total, 11934 us display, type 3
frame 528: 37502 us total, 11955 us display, type 3
frame 529: 36871 us total, 11704 us display, type 3
frame 530: 36262 us total, 11905 us display, type 3
axes L   2063 -32768 R   -348   -149 T     0     0 level 0, 0 reports in 258 ms
frame 531: 40319 us total, 11788 us display, type 3
frame 532: 38836 us total, 11695 us display, type 3
frame 533: 37199 us total, 11687 us display, type 3
frame 534: 40316 us total, 11855 us display, type 3
frame 535: 37664 us total, 11687 us display, type 3
frame 536: 37785 us total, 11694 us display, type 3
[0;32mI (18404) PAD: report id 1 len 16: 83 86 00 00 a4 7e 6b 7f 00 00 00 00 00 00 00 00 [0m
axes L   1667 -32768 R   -348   -149 T     0     0 level 0, 1 reports in 258 ms
frame 537: 40178 us total, 11694 us display, type 3
frame 538: 39020 us total, 12063 us display, type 3
frame 539: 36262 us total, 12355 us display, type 3
frame 540: 38987 us total, 11687 us display, type 3
frame 541: 38736 us total, 11688 us display, type 3
frame 542: 36955 us total, 11686 us display, type 3
[0;32mI (18659) PAD: report id 1 len 16: ad 80 00 00 a4 7e 6b 7f 00 00 00 00 00 00 00 00 [0m
frame 543: 40789 us total, 12463 us display, type 3
axes L    173 -32768 R   -348   -149 T     0     0 level 0, 9 reports in 268 ms
frame 544: 38612 us total, 12319 us display, type 3
frame 545: 39266 us total, 11699 us display, type 3
frame 546: 38275 us total, 11686 us display, type 3
frame 547: 39029 us total, 12041 us display, type 3
frame 548: 38404 us total, 11929 us display, type 3
frame 549: 38371 us total, 11884 us display, type 3
[0;32mI (18929) PAD: report id 1 len 16: 93 80 00 00 a4 7e 6b 7f 00 00 00 00 00 00 00 00 [0m
frame 550: 39672 us total, 12986 us display, type 3
axes L    147 -32768 R   -348   -149 T     0     0 level 0, 9 reports in 273 ms
frame 551: 40401 us total, 11699 us display, type 3
frame 552: 39423 us total, 11694 us display, type 3
frame 553: 39513 us total, 12371 us display, type 3
frame 554: 40142 us total, 11700 us display, type 3
frame 555: 37668 us total, 11693 us display, type 3
frame 556: 40567 us total, 12272 us display, type 3
[0;32mI (19199) PAD: report id 1 len 16: 93 80 00 00 a4 7e 6b 7f 00 00 00 00 00 00 00 00 [0m
frame 557: 39878 us total, 12554 us display, type 3
axes L    147 -32768 R   -348   -149 T     0     0 level 0, 9 reports in 259 ms
frame 558: 39478 us total, 11693 us display, type 3
frame 559: 42122 us total, 12419 us display, type 3
frame 560: 40181 us total, 11693 us display, type 3
frame 561: 42961 us total, 11697 us display, type 3
frame 562: 40046 us total, 12052 us display, type 3
frame 563: 41571 us total, 11713 us display, type 3
[0;32mI (19469) PAD: report id 1 len 16: 93 80 00 00 a4 7e 6b 7f 00 00 00 00 00 00 00 00 [0m
axes L    147 -32768 R   -348   -149 T     0     0 level 0, 9 reports in 265 ms
frame 564: 40121 us total, 11693 us display, type 3
frame 565: 40097 us total, 12433 us display, type 3
frame 566: 39653 us total, 11780 us display, type 3
frame 567: 37974 us total, 11686 us display, type 3
frame 568: 40508 us total, 12365 us display, type 3
frame 569: 37655 us total, 11693 us display, type 3
frame 570: 38074 us total, 11700 us display, type 3
[0;32mI (19739) PAD: report id 1 len 16: 93 80 00 00 a4 7e 6b 7f 00 00 00 00 00 00 00 00 [0m
axes L    147 -32768 R   -348   -149 T     0     0 level 0, 9 reports in 276 ms
frame 571: 43374 us total, 12487 us display, type 3
frame 572: 39242 us total, 11686 us display, type 3
frame 573: 38733 us total, 11974 us display, type 3
frame 574: 40398 us total, 12257 us display, type 3
frame 575: 37202 us total, 12096 us display, type 3
frame 576: 37757 us total, 11687 us display, type 3
frame 577: 36826 us total, 11687 us display, type 3
[0;32mI (20009) PAD: report id 1 len 16: 93 80 00 00 a4 7e 6b 7f 00 00 00 00 00 00 00 00 [0m
axes L    147 -32768 R   -348   -149 T     0     0 level 0, 9 reports in 268 ms
frame 578: 38545 us total, 12230 us display, type 3
frame 579: 38067 us total, 12081 us display, type 3
frame 580: 37523 us total, 11691 us display, type 3
frame 581: 36679 us total, 11694 us display, type 3
frame 582: 39929 us total, 12449 us display, type 3
frame 583: 39651 us total, 11982 us display, type 3
frame 584: 36684 us total, 11686 us display, type 3
frame 585: 38764 us total, 11694 us display, type 3
axes L    147 -32768 R   -348   -149 T     0     0 level 0, 6 reports in 281 ms
frame 586: 37273 us total, 11687 us display, type 3
frame 587: 36093 us total, 11693 us display, type 3
frame 588: 36929 us total, 11688 us display, type 3
frame 589: 39443 us total, 11694 us display, type 3
[0;32mI (20489) PAD: report id 1 len 16: 93 80 84 01 a4 7e 6b 7f 00 00 00 00 00 00 00 00 [0m
frame 590: 36835 us total, 12553 us display, type 3
frame 591: 38904 us total, 11800 us display, type 3
input: down 0x200000
axes L   -308  32767 R   -348   -149 T     0     0 level 0, 3 reports in 253 ms
frame 592: 41693 us total, 11686 us display, type 3
frame 593: 38667 us total, 12384 us display, type 3
frame 594: 40026 us total, 11838 us display, type 3
frame 595: 38428 us total, 11694 us display, type 3
frame 596: 39673 us total, 12263 us display, type 3
[0;32mI (20759) PAD: report id 1 len 16: 19 7d ff ff a4 7e 6b 7f 00 00 00 00 00 00 00 00 [0m
frame 597: 40611 us total, 11753 us display, type 3
frame 598: 39280 us total, 11703 us display, type 3
axes L   -743  32767 R   -348   -149 T     0     0 level 0, 8 reports in 250 ms
frame 599: 39518 us total, 12033 us display, type 3
frame 600: 38652 us total, 11693 us display, type 3
frame 601: 38608 us total, 11701 us display, type 3
frame 602: 41205 us total, 12394 us display, type 3
frame 603: 38062 us total, 12080 us display, type 3
[0;32mI (21029) PAD: report id 1 len 16: 19 7d ff ff a4 7e 6b 7f 00 00 00 00 00 00 00 00 [0m
frame 604: 40211 us total, 11814 us display, type 3
axes L   -743  32767 R   -348   -149 T     0     0 level 0, 9 reports in 263 ms
frame 605: 41371 us total, 12396 us display, type 3
frame 606: 38089 us total, 12429 us display, type 3
frame 607: 39185 us total, 11694 us display, type 3
frame 608: 38679 us total, 11693 us display, type 3
frame 609: 38401 us total, 12280 us display, type 3
frame 610: 39808 us total, 11832 us display, type 3
[0;32mI (21299) PAD: report id 1 len 16: f2 7c ff ff a4 7e 6b 7f 00 00 00 00 00 00 00 00 [0m
frame 611: 38283 us total, 11694 us display, type 3
axes L   -782  32767 R   -348   -149 T     0     0 level 0, 9 reports in 254 ms
frame 612: 38390 us total, 12266 us display, type 3
frame 613: 40949 us total, 11686 us display, type 3
frame 614: 38757 us total, 11694 us display, type 3
frame 615: 38275 us total, 12345 us display, type 3
frame 616: 40209 us total, 12235 us display, type 3
frame 617: 38666 us total, 11825 us display, type 3
[0;32mI (21569) PAD: report id 1 len 16: f2 7c ff ff a4 7e 6b 7f 00 00 00 00 00 00 00 00 [0m
axes L   -782  32767 R   -348   -149 T     0     0 level 0, 8 reports in 256 ms
frame 618: 42964 us total, 12528 us display, type 3
frame 619: 37448 us total, 12560 us display, type 3
frame 620: 39891 us total, 11687 us display, type 3
frame 621: 39605 us total, 11692 us display, type 3
frame 622: 37719 us total, 12095 us display, type 3
frame 623: 41464 us total, 11883 us display, type 3
frame 624: 38847 us total, 11685 us display, type 3
[0;32mI (21839) PAD: report id 1 len 16: f2 7c ff ff a4 7e 6b 7f 00 00 00 00 00 00 00 00 [0m
axes L   -782  32767 R   -348   -149 T     0     0 level 0, 9 reports in 258 ms
frame 625: 40907 us total, 12090 us display, type 3
frame 626: 38939 us total, 11716 us display, type 3
frame 627: 41061 us total, 11692 us display, type 3
frame 628: 40762 us total, 12090 us display, type 3
frame 629: 37784 us total, 11722 us display, type 3
frame 630: 39316 us total, 12035 us display, type 3
axes L   -782  32767 R   -348   -149 T     0     0 level 0, 8 reports in 255 ms
[0;32mI (22109) PAD: report id 1 len 16: f2 7c ff ff a4 7e 6b 7f 00 00 00 00 00 00 00 00 [0m
frame 631: 40554 us total, 12564 us display, type 3
frame 632: 39434 us total, 11864 us display, type 3
frame 633: 37059 us total, 11857 us display, type 3
frame 634: 40133 us total, 12127 us display, type 3
frame 635: 37448 us total, 12404 us display, type 3
frame 636: 36796 us total, 11993 us display, type 3
frame 637: 37056 us total, 11694 us display, type 3
axes L   -782  32767 R   -348   -149 T     0     0 level 0, 9 reports in 264 ms
[0;32mI (22379) PAD: report id 1 len 16: f2 7c ff ff a4 7e 6b 7f 00 00 00 00 00 00 00 00 [0m
frame 638: 36433 us total, 12473 us display, type 3
frame 639: 35979 us total, 12232 us display, type 3
frame 640: 37053 us total, 11693 us display, type 3
frame 641: 36309 us total, 11785 us display, type 3
frame 642: 37010 us total, 11692 us display, type 3
frame 643: 35888 us total, 12073 us display, type 3
frame 644: 36811 us total, 12091 us display, type 3
axes L   -782  32767 R   -348   -149 T     0     0 level 0, 9 reports in 255 ms
frame 645: 35916 us total, 11852 us display, type 3
[0;32mI (22649) PAD: report id 1 len 16: f2 7c ff ff a4 7e 6b 7f 00 00 00 00 00 00 00 00 [0m
frame 646: 36231 us total, 11720 us display, type 3
frame 647: 34937 us total, 11693 us display, type 3
frame 648: 34514 us total, 11699 us display, type 3
frame 649: 32785 us total, 11687 us display, type 3
frame 650: 34880 us total, 11687 us display, type 3
frame 651: 33337 us total, 11685 us display, type 3
frame 652: 36207 us total, 11693 us display, type 3
axes L   -782  32767 R   -348   -149 T     0     0 level 0, 1 reports in 256 ms
frame 653: 32907 us total, 11694 us display, type 3
frame 654: 34908 us total, 11686 us display, type 3
frame 655: 33189 us total, 11692 us display, type 3
frame 656: 34838 us total, 11687 us display, type 3
frame 657: 33864 us total, 11694 us display, type 3
frame 658: 35722 us total, 11693 us display, type 3
frame 659: 33375 us total, 11687 us display, type 3
axes L   -782  32767 R   -348   -149 T     0     0 level 0, 0 reports in 259 ms
frame 660: 34543 us total, 11856 us display, type 3
frame 661: 33115 us total, 11687 us display, type 3
frame 662: 35937 us total, 11729 us display, type 3
frame 663: 33099 us total, 11698 us display, type 3
frame 664: 34148 us total, 11693 us display, type 3
frame 665: 35336 us total, 11697 us display, type 3
frame 666: 34667 us total, 11687 us display, type 3
frame 667: 37962 us total, 11685 us display, type 3
axes L   -782  32767 R   -348   -149 T     0     0 level 0, 0 reports in 258 ms
frame 668: 37065 us total, 11687 us display, type 3
frame 669: 36454 us total, 11995 us display, type 3
frame 670: 38588 us total, 11689 us display, type 3
frame 671: 42831 us total, 11830 us display, type 3
frame 672: 43373 us total, 11725 us display, type 3
frame 673: 47143 us total, 11720 us display, type 3
axes L   -782  32767 R   -348   -149 T     0     0 level 0, 0 reports in 278 ms
frame 674: 46788 us total, 11687 us display, type 3
frame 675: 44133 us total, 11694 us display, type 3
frame 676: 42855 us total, 11821 us display, type 3
frame 677: 41738 us total, 11685 us display, type 3
frame 678: 42551 us total, 11829 us display, type 3
frame 679: 38739 us total, 11687 us display, type 3
frame 680: 39009 us total, 11685 us display, type 3
axes L   -782  32767 R   -348   -149 T     0     0 level 0, 0 reports in 262 ms
frame 681: 43777 us total, 11686 us display, type 3
frame 682: 42792 us total, 11687 us display, type 3
[0;32mI (24044) PAD: report id 1 len 16: af 7b ff ff a4 7e 6b 7f 00 00 00 00 00 00 00 00 [0m
frame 683: 45014 us total, 11687 us display, type 3
frame 684: 45467 us total, 12530 us display, type 3
frame 685: 45203 us total, 11694 us display, type 3
axes L   -743  24857 R   -348   -149 T     0     0 level 0, 5 reports in 253 ms
frame 686: 45727 us total, 12137 us display, type 3
frame 687: 44653 us total, 11687 us display, type 3
frame 688: 45352 us total, 12327 us display, type 3
[0;32mI (24314) PAD: report id 1 len 16: 7e 7d 19 e1 a4 7e 6b 7f 00 00 00 00 00 00 00 00 [0m
frame 689: 46286 us total, 12566 us display, type 3
frame 690: 45040 us total, 11700 us display, type 3
frame 691: 43671 us total, 12192 us display, type 3
axes L   -585  24857 R   -348   -149 T     0     0 level 0, 9 reports in 251 ms
frame 692: 44242 us total, 11926 us display, type 3
frame 693: 45758 us total, 12562 us display, type 3
frame 694: 42366 us total, 11770 us display, type 3
[0;32mI (24569) PAD: report id 1 len 16: b7 7d 19 e1 a4 7e 6b 7f 00 00 00 00 00 00 00 00 [0m
frame 695: 43283 us total, 12039 us display, type 3
frame 696: 40283 us total, 11694 us display, type 3
frame 697: 41190 us total, 11697 us display, type 3
axes L   -585  24857 R   -348   -149 T     0     0 level 0, 9 reports in 272 ms
frame 698: 41944 us total, 12214 us display, type 3
frame 699: 50736 us total, 12172 us display, type 3
frame 700: 41118 us total, 12555 us display, type 3
[0;32mI (24839) PAD: report id 1 len 16: b7 7d e5 e0 a4 7e 6b 7f 00 00 00 00 00 00 00 00 [0m
frame 701: 42640 us total, 11701 us display, type 3
frame 702: 41995 us total, 12069 us display, type 3
frame 703: 42779 us total, 11700 us display, type 3
frame 704: 40178 us total, 11693 us display, type 3
axes L   -585  24805 R   -348   -149 T     0     0 level 0, 9 reports in 273 ms
frame 705: 44715 us total, 11693 us display, type 3
frame 706: 38944 us total, 12391 us display, type 3
[0;32mI (25094) PAD: report id 1 len 16: b7 7d b9 e0 a4 7e 6b 7f 00 00 00 00 00 00 00 00 [0m
frame 707: 40901 us total, 11693 us display, type 3
frame 708: 38484 us total, 11699 us display, type 3
frame 709: 40608 us total, 12238 us display, type 3
frame 710: 43168 us total, 12270 us display, type 3
axes L   -585  24706 R   -348   -149 T     0     0 level 0, 10 reports in 254 ms
frame 711: 39654 us total, 11835 us display, type 3
frame 712: 40577 us total, 12039 us display, type 3
[0;32mI (25349) PAD: report id 1 len 16: b7 7d 82 e0 a4 7e 6b 7f 00 00 00 00 00 00 00 00 [0m
frame 713: 40287 us total, 12782 us display, type 3
frame 714: 40908 us total, 12282 us display, type 3
frame 715: 40036 us total, 11685 us display, type 3
frame 716: 39074 us total, 11686 us display, type 3
axes L   -585  24663 R   -348   -149 T     0     0 level 0, 9 reports in 260 ms
frame 717: 41672 us total, 12132 us display, type 3
frame 718: 39444 us total, 11686 us display, type 3
frame 719: 41580 us total, 12075 us display, type 3
[0;32mI (25619) PAD: report id 1 len 16: b7 7d 1d e0 a4 7e 6b 7f 00 00 00 00 00 00 00 00 [0m
frame 720: 40139 us total, 11694 us display, type 3
frame 721: 39335 us total, 11692 us display, type 3
frame 722: 37485 us total, 12072 us display, type 3
frame 723: 34831 us total, 12088 us display, type 3
axes L   -585  24567 R   -348   -149 T     0     0 level 0, 9 reports in 253 ms
frame 724: 36075 us total, 11696 us display, type 3
frame 725: 35024 us total, 11876 us display, type 3
frame 726: 32809 us total, 11913 us display, type 3
frame 727: 32689 us total, 11685 us display, type 3
[0;32mI (25889) PAD: report id 1 len 16: b7 7d f7 df a4 7e 6b 7f 00 00 00 00 00 00 00 00 [0m
frame 728: 33619 us total, 11827 us display, type 3
frame 729: 32886 us total, 12087 us display, type 3
frame 730: 34888 us total, 11866 us display, type 3
frame 731: 36664 us total, 11832 us display, type 3
axes L   -585  24471 R   -348   -149 T     0     0 level 0, 10 reports in 268 ms
frame 732: 34953 us total, 11687 us display, type 3
frame 733: 34448 us total, 11703 us display, type 3
frame 734: 33932 us total, 11699 us display, type 3
[0;32mI (26159) PAD: report id 1 len 16: b7 7d 97 df a4 7e 6b 7f 00 00 00 00 00 00 00 00 [0m
frame 735: 36530 us total, 12887 us display, type 3
frame 736: 33268 us total, 12284 us display, type 3
frame 737: 34532 us total, 11686 us display, type 3
frame 738: 34202 us total, 12274 us display, type 3
frame 739: 32524 us total, 12216 us display, type 3
axes L   -585  24404 R   -348   -149 T     0     0 level 0, 10 reports in 274 ms
frame 740: 34657 us total, 12399 us display, type 3
frame 741: 33467 us total, 11693 us display, type 3
frame 742: 34269 us total, 12275 us display, type 3
[0;32mI (26429) PAD: report id 1 len 16: b7 7d 32 df a4 7e 6b 7f 00 00 00 00 00 00 00 00 [0m
frame 743: 34055 us total, 13052 us display, type 3
input: down 0x00001
frame 744: 32738 us total, 11694 us display, type 3
frame 745: 33646 us total, 11693 us display, type 3
frame 746: 38220 us total, 12068 us display, type 3
axes L   -585  24307 R   -348   -149 T     0     0 level 0, 10 reports in 261 ms
frame 747: 34056 us total, 11693 us display, type 3
frame 748: 34182 us total, 11686 us display, type 3
frame 749: 35714 us total, 12320 us display, type 3
frame 750: 36457 us total, 11689 us display, type 3
[0;32mI (26684) PAD: report id 1 len 16: b7 7d d2 de a4 7e 6b 7f 00 00 00 00 00 00 00 00 [0m
frame 751: 35786 us total, 12411 us display, type 3
frame 752: 35562 us total, 12194 us display, type 3
frame 753: 34386 us total, 11686 us display, type 3
frame 754: 38011 us total, 11756 us display, type 3
axes L   -585  24274 R   -348   -149 T     0     0 level 0, 9 reports in 263 ms
frame 755: 35378 us total, 12113 us display, type 3
frame 756: 36200 us total, 11719 us display, type 3
frame 757: 34725 us total, 11693 us display, type 3
[0;32mI (26939) PAD: report id 1 len 16: b7 7d 6e de a4 7e 6b 7f 00 00 00 00 00 00 00 00 [0m
frame 758: 38998 us total, 11966 us display, type 3
frame 759: 36660 us total, 12082 us display, type 3
frame 760: 36311 us total, 11686 us display, type 3
frame 761: 43763 us total, 11686 us display, type 3
axes L   -585  24174 R   -348   -149 T     0     0 level 0, 10 reports in 287 ms
frame 762: 39883 us total, 12085 us display, type 3
frame 763: 37538 us total, 11696 us display, type 3
frame 764: 41226 us total, 12049 us display, type 3
[0;32mI (27209) PAD: report id 1 len 16: b7 7d 29 de a4 7e 6b 7f 00 00 00 00 00 00 00 00 [0m
frame 765: 40061 us total, 12059 us display, type 3
frame 766: 43393 us total, 12078 us display, type 3
frame 767: 38821 us total, 11699 us display, type 3
frame 768: 43023 us total, 12043 us display, type 3
mem @frame 768: heap free 66340, largest 40960, min ever 65520, zone free 40468, stack free 14540, uptime 27 s, gamestate 0, demo 1, usergame 0, tic 887
axes L   -585  24076 R   -348   -149 T     0     0 level 0, 10 reports in 286 ms
frame 769: 42878 us total, 12082 us display, type 3
frame 770: 43126 us total, 12071 us display, type 3
[0;32mI (27479) PAD: report id 1 len 16: b7 7d c8 dd a4 7e 6b 7f 00 00 00 00 00 00 00 00 [0m
frame 771: 41469 us total, 11693 us display, type 3
frame 772: 39651 us total, 11693 us display, type 3
frame 773: 44804 us total, 11693 us display, type 3
frame 774: 42488 us total, 12324 us display, type 3
axes L   -585  23973 R   -348   -149 T     0     0 level 0, 10 reports in 255 ms
frame 775: 43797 us total, 11686 us display, type 3
frame 776: 41547 us total, 12049 us display, type 3
[0;32mI (27749) PAD: report id 1 len 16: b7 7d 66 dd a4 7e 6b 7f 00 00 00 00 00 00 00 00 [0m
frame 777: 43634 us total, 12826 us display, type 3
frame 778: 39342 us total, 11693 us display, type 3
frame 779: 42768 us total, 12566 us display, type 3
frame 780: 41466 us total, 11701 us display, type 3
axes L   -585  23875 R   -348   -149 T     0     0 level 0, 9 reports in 251 ms
frame 781: 43735 us total, 12505 us display, type 3
frame 782: 41447 us total, 11802 us display, type 3
frame 783: 39252 us total, 11686 us display, type 3
[0;32mI (28004) PAD: report id 1 len 16: b7 7d 43 dd a4 7e 6b 7f 00 00 00 00 00 00 00 00 [0m
frame 784: 39072 us total, 11693 us display, type 3
frame 785: 37842 us total, 11693 us display, type 3
frame 786: 37507 us total, 12076 us display, type 3
frame 787: 36871 us total, 11693 us display, type 3
frame 788: 36386 us total, 12045 us display, type 3
axes L   -585  23778 R   -348   -149 T     0     0 level 0, 11 reports in 283 ms
frame 789: 37591 us total, 11699 us display, type 3
frame 790: 35553 us total, 11686 us display, type 3
[0;32mI (28274) PAD: report id 1 len 16: b7 7d e2 dc a4 7e 6b 7f 00 00 00 00 00 00 00 00 [0m
frame 791: 35539 us total, 11859 us display, type 3
frame 792: 36422 us total, 12290 us display, type 3
frame 793: 37601 us total, 12078 us display, type 3
frame 794: 37708 us total, 11955 us display, type 3
frame 795: 38984 us total, 12067 us display, type 3
axes L   -585  23677 R   -348   -149 T     0     0 level 0, 9 reports in 259 ms
frame 796: 42402 us total, 12039 us display, type 3
[0;32mI (28529) PAD: report id 1 len 16: b7 7d 7d dc a4 7e 6b 7f 00 00 00 00 00 00 00 00 [0m
frame 797: 45245 us total, 12903 us display, type 3
frame 798: 46810 us total, 11694 us display, type 3
frame 799: 47448 us total, 12563 us display, type 3
frame 800: 46592 us total, 11699 us display, type 3
axes L   -585  23581 R   -348   -149 T     0     0 level 0, 9 reports in 263 ms
frame 801: 49087 us total, 12305 us display, type 3
frame 802: 45734 us total, 11694 us display, type 3
[0;32mI (28784) PAD: report id 1 len 16: b7 7d 1d dc a4 7e 6b 7f 00 00 00 00 00 00 00 00 [0m
frame 803: 49800 us total, 12499 us display, type 3
frame 804: 45236 us total, 12011 us display, type 3
frame 805: 45026 us total, 12051 us display, type 3
frame 806: 45164 us total, 12071 us display, type 3
axes L   -585  23483 R   -348   -149 T     0     0 level 0, 10 reports in 277 ms
frame 807: 45737 us total, 11917 us display, type 3
[0;32mI (29039) PAD: report id 1 len 16: b7 7d bb db a4 7e 6b 7f 00 00 00 00 00 00 00 00 [0m
frame 808: 44282 us total, 12709 us display, type 3
frame 809: 44376 us total, 11687 us display, type 3
frame 810: 42856 us total, 11688 us display, type 3
frame 811: 44549 us total, 12208 us display, type 3
frame 812: 42026 us total, 11694 us display, type 3
axes L   -585  23383 R   -348   -149 T     0     0 level 0, 9 reports in 262 ms
frame 813: 44634 us total, 11713 us display, type 3
[0;32mI (29294) PAD: report id 1 len 16: b7 7d 57 db a4 7e 6b 7f 00 00 00 00 00 00 00 00 [0m
frame 814: 42995 us total, 11990 us display, type 3
frame 815: 44071 us total, 11693 us display, type 3
frame 816: 45011 us total, 11692 us display, type 3
frame 817: 45489 us total, 11693 us display, type 3
frame 818: 43856 us total, 11700 us display, type 3
axes L   -585  23281 R   -348   -149 T     0     0 level 0, 9 reports in 266 ms
frame 819: 45561 us total, 11692 us display, type 3
[0;32mI (29549) PAD: report id 1 len 16: b7 7d f1 da a4 7e 6b 7f 00 00 00 00 00 00 00 00 [0m
frame 820: 44198 us total, 11693 us display, type 3
frame 821: 44289 us total, 11693 us display, type 3
frame 822: 43843 us total, 12066 us display, type 3
frame 823: 42306 us total, 11687 us display, type 3
frame 824: 45439 us total, 12511 us display, type 3
frame 825: 41859 us total, 11687 us display, type 3
axes L   -585  23181 R   -348   -149 T     0     0 level 0, 10 reports in 276 ms
[0;32mI (29804) PAD: report id 1 len 16: b7 7d 8d da a4 7e 6b 7f 00 00 00 00 00 00 00 00 [0m
frame 826: 46523 us total, 12045 us display, type 3
frame 827: 44058 us total, 11740 us display, type 3
frame 828: 44774 us total, 12131 us display, type 3
frame 829: 50857 us total, 12562 us display, type 3
frame 830: 46360 us total, 11700 us display, type 3
axes L   -585  23079 R   -348   -149 T     0     0 level 0, 10 reports in 268 ms
[0;32mI (30074) PAD: report id 1 len 16: b7 7d 27 da a4 7e 6b 7f 00 00 00 00 00 00 00 00 [0m
frame 831: 50445 us total, 12695 us display, type 3
frame 832: 47563 us total, 11856 us display, type 3
frame 833: 48491 us total, 12553 us display, type 3
frame 834: 50759 us total, 12032 us display, type 3
frame 835: 50339 us total, 11693 us display, type 3
frame 836: 51429 us total, 11693 us display, type 3
axes L   -585  23012 R   -348   -149 T     0     0 level 0, 9 reports in 264 ms
[0;32mI (30329) PAD: report id 1 len 16: b7 7d c6 d9 a4 7e 6b 7f 00 00 00 00 00 00 00 00 [0m
frame 837: 50467 us total, 12295 us display, type 3
frame 838: 47557 us total, 12067 us display, type 3
frame 839: 49880 us total, 11701 us display, type 3
frame 840: 52651 us total, 12249 us display, type 3
frame 841: 47499 us total, 11923 us display, type 3
[0;32mI (30584) PAD: report id 1 len 16: b7 7d 7e d9 a4 7e 6b 7f 00 00 00 00 00 00 00 00 [0m
axes L   -585  22884 R   -348   -149 T     0     0 level 0, 11 reports in 281 ms
frame 842: 48706 us total, 12023 us display, type 3
frame 843: 49522 us total, 11686 us display, type 3
frame 844: 46947 us total, 12040 us display, type 3
frame 845: 45851 us total, 11858 us display, type 3
frame 846: 46544 us total, 12269 us display, type 3
[0;32mI (30839) PAD: report id 1 len 16: b7 7d 1a d9 a4 7e 6b 7f 00 00 00 00 00 00 00 00 [0m
frame 847: 45566 us total, 12030 us display, type 3
axes L   -585  22810 R   -348   -149 T     0     0 level 0, 9 reports in 281 ms
frame 848: 46972 us total, 12085 us display, type 3
frame 849: 46567 us total, 12065 us display, type 3
frame 850: 46284 us total, 11687 us display, type 3
frame 851: 47390 us total, 12099 us display, type 3
frame 852: 46278 us total, 11700 us display, type 3
[0;32mI (31094) PAD: report id 1 len 16: b7 7d 00 d9 a4 7e 6b 7f 00 00 00 00 00 00 00 00 [0m
frame 853: 45859 us total, 11693 us display, type 3
axes L   -585  22714 R   -348   -149 T     0     0 level 0, 10 reports in 277 ms
frame 854: 44730 us total, 11692 us display, type 3
frame 855: 42192 us total, 12043 us display, type 3
frame 856: 42244 us total, 12330 us display, type 3
frame 857: 41448 us total, 11748 us display, type 3
frame 858: 40467 us total, 11692 us display, type 3
[0;32mI (31349) PAD: report id 1 len 16: b7 7d 9d d8 a4 7e 6b 7f 00 00 00 00 00 00 00 00 [0m
frame 859: 41852 us total, 12055 us display, type 3
axes L   -585  22685 R   -348   -149 T     0     0 level 0, 9 reports in 252 ms
frame 860: 44284 us total, 11701 us display, type 3
frame 861: 42749 us total, 11783 us display, type 3
frame 862: 45875 us total, 11686 us display, type 3
frame 863: 45168 us total, 12296 us display, type 3
frame 864: 45287 us total, 11699 us display, type 3
[0;32mI (31619) PAD: report id 1 len 16: b7 7d 3b d8 a4 7e 6b 7f 00 00 00 00 00 00 00 00 [0m
frame 865: 49072 us total, 11695 us display, type 3
axes L   -585  22587 R   -348   -149 T     0     0 level 0, 8 reports in 251 ms
frame 866: 46000 us total, 11697 us display, type 3
frame 867: 47186 us total, 11853 us display, type 3
frame 868: 45971 us total, 12320 us display, type 3
frame 869: 45467 us total, 11701 us display, type 3
[0;32mI (31889) PAD: report id 1 len 16: e0 7d f0 d7 a4 7e 6b 7f 00 00 00 00 00 00 00 00 [0m
frame 870: 48085 us total, 12527 us display, type 3
frame 871: 44414 us total, 11814 us display, type 3
axes L   -544  22487 R   -348   -149 T     0     0 level 0, 9 reports in 267 ms
frame 872: 46665 us total, 12260 us display, type 3
frame 873: 46441 us total, 11687 us display, type 3
frame 874: 45729 us total, 12046 us display, type 3
frame 875: 47646 us total, 11693 us display, type 3
[0;32mI (32159) PAD: report id 1 len 16: e0 7d d7 d7 a4 7e 6b 7f 00 00 00 00 00 00 00 00 [0m
frame 876: 46765 us total, 11685 us display, type 3
axes L   -544  22412 R   -348   -149 T     0     0 level 0, 9 reports in 265 ms
frame 877: 46019 us total, 11686 us display, type 3
frame 878: 47031 us total, 12043 us display, type 3
frame 879: 44852 us total, 12368 us display, type 3
frame 880: 46055 us total, 11749 us display, type 3
frame 881: 45326 us total, 12243 us display, type 3
[0;32mI (32429) PAD: report id 1 len 16: e0 7d 76 d7 a4 7e 6b 7f 00 00 00 00 00 00 00 00 [0m
frame 882: 44669 us total, 12017 us display, type 3
axes L   -544  22390 R   -348   -149 T     0     0 level 0, 9 reports in 273 ms
frame 883: 46668 us total, 12481 us display, type 3
frame 884: 45194 us total, 12046 us display, type 3
frame 885: 45183 us total, 11694 us display, type 3
frame 886: 42767 us total, 12367 us display, type 3
frame 887: 43378 us total, 11967 us display, type 3
[0;32mI (32699) PAD: report id 1 len 16: e0 7d 12 d7 a4 7e 6b 7f 00 00 00 00 00 00 00 00 [0m
frame 888: 41441 us total, 12992 us display, type 3
axes L   -544  22290 R   -348   -149 T     0     0 level 0, 10 reports in 260 ms
frame 889: 41417 us total, 11687 us display, type 3
frame 890: 41926 us total, 12035 us display, type 3
frame 891: 41404 us total, 11715 us display, type 3
frame 892: 40277 us total, 11693 us display, type 3
frame 893: 41637 us total, 12177 us display, type 3
[0;32mI (32954) PAD: report id 1 len 16: e0 7d c9 d6 a4 7e 6b 7f 00 00 00 00 00 00 00 00 [0m
frame 894: 41183 us total, 12451 us display, type 3
frame 895: 41730 us total, 11722 us display, type 3
axes L   -544  22217 R   -348   -149 T     0     0 level 0, 10 reports in 287 ms
frame 896: 40327 us total, 12561 us display, type 3
frame 897: 39633 us total, 11687 us display, type 3
frame 898: 41633 us total, 12032 us display, type 3
frame 899: 38987 us total, 11686 us display, type 3
frame 900: 40992 us total, 11687 us display, type 3
[0;32mI (33209) PAD: report id 1 len 16: e0 7d b0 d6 a4 7e 6b 7f 00 00 00 00 00 00 00 00 [0m
frame 901: 42113 us total, 12024 us display, type 3
frame 902: 40281 us total, 11998 us display, type 3
axes L   -544  22192 R   -348   -149 T     0     0 level 0, 10 reports in 282 ms
frame 903: 38452 us total, 12023 us display, type 3
frame 904: 38352 us total, 11933 us display, type 3
frame 905: 39349 us total, 11692 us display, type 3
frame 906: 37453 us total, 12021 us display, type 3
[0;32mI (33464) PAD: report id 1 len 16: e0 7d 4f d6 a4 7e 6b 7f 00 00 00 00 00 00 00 00 [0m
frame 907: 37840 us total, 12984 us display, type 3
frame 908: 38163 us total, 12011 us display, type 3
frame 909: 35924 us total, 12022 us display, type 3
frame 910: 36980 us total, 12312 us display, type 3
axes L   -544  22095 R   -348   -149 T     0     0 level 0, 10 reports in 278 ms
frame 911: 34625 us total, 12467 us display, type 3
frame 912: 34797 us total, 11693 us display, type 3
frame 913: 33344 us total, 11828 us display, type 3
[0;32mI (33719) PAD: report id 1 len 16: e0 7d 4f d6 a4 7e 6b 7f 00 00 00 00 00 00 00 00 [0m
frame 914: 32704 us total, 12895 us display, type 3
frame 915: 31178 us total, 11694 us display, type 3
frame 916: 31665 us total, 11687 us display, type 3
frame 917: 32908 us total, 11687 us display, type 3
frame 918: 32068 us total, 11687 us display, type 3
axes L   -544  21998 R   -348   -149 T     0     0 level 0, 8 reports in 263 ms
frame 919: 32526 us total, 11693 us display, type 3
frame 920: 31462 us total, 12316 us display, type 3
frame 921: 31000 us total, 12365 us display, type 3
[0;32mI (33974) PAD: report id 1 len 16: e0 7d ee d5 a4 7e 6b 7f 00 00 00 00 00 00 00 00 [0m
frame 922: 30496 us total, 12849 us display, type 3
frame 923: 30334 us total, 12469 us display, type 3
frame 924: 30000 us total, 12231 us display, type 3
frame 925: 30902 us total, 11963 us display, type 3
frame 926: 29960 us total, 12135 us display, type 3
frame 927: 29494 us total, 12168 us display, type 3
axes L   -544  21998 R   -348   -149 T     0     0 level 0, 10 reports in 276 ms
frame 928: 35253 us total, 12232 us display, type 3
frame 929: 34758 us total, 11686 us display, type 3
frame 930: 35131 us total, 11693 us display, type 3
[0;32mI (34244) PAD: report id 1 len 16: e0 7d 9e d5 a4 7e 6b 7f 00 00 00 00 00 00 00 00 [0m
frame 931: 35464 us total, 12068 us display, type 3
frame 932: 35623 us total, 11699 us display, type 3
frame 933: 43523 us total, 11693 us display, type 3
frame 934: 39552 us total, 12127 us display, type 3
axes L   -544  21901 R   -348   -149 T     0     0 level 0, 9 reports in 259 ms
frame 935: 42407 us total, 11689 us display, type 3
frame 936: 42713 us total, 12323 us display, type 3
[0;32mI (34499) PAD: report id 1 len 16: e0 7d 8d d5 a4 7e 6b 7f 00 00 00 00 00 00 00 00 [0m
frame 937: 42694 us total, 11876 us display, type 3
frame 938: 38749 us total, 11686 us display, type 3
frame 939: 41740 us total, 12045 us display, type 3
frame 940: 42563 us total, 11694 us display, type 3
axes L   -544  21821 R   -348   -149 T     0     0 level 0, 9 reports in 264 ms
frame 941: 42591 us total, 12503 us display, type 3
frame 942: 43626 us total, 11693 us display, type 3
[0;32mI (34754) PAD: report id 1 len 16: e0 7d 29 d5 a4 7e 6b 7f 00 00 00 00 00 00 00 00 [0m
frame 943: 43717 us total, 11692 us display, type 3
frame 944: 41787 us total, 11694 us display, type 3
frame 945: 42559 us total, 12021 us display, type 3
frame 946: 44160 us total, 11694 us display, type 3
frame 947: 44755 us total, 12117 us display, type 3
axes L   -544  21801 R   -348   -149 T     0     0 level 0, 10 reports in 289 ms
frame 948: 43468 us total, 11687 us display, type 3
[0;32mI (35024) PAD: report id 1 len 16: e0 7d 29 d5 a4 7e 6b 7f 00 00 00 00 00 00 00 00 [0m
frame 949: 44596 us total, 12480 us display, type 3
frame 950: 43426 us total, 11978 us display, type 3
frame 951: 44370 us total, 12375 us display, type 3
frame 952: 41375 us total, 11700 us display, type 3
axes L   -544  21703 R   -348   -149 T     0     0 level 0, 9 reports in 254 ms
frame 953: 51154 us total, 11797 us display, type 3
frame 954: 44862 us total, 12035 us display, type 3
[0;32mI (35279) PAD: report id 1 len 16: e0 7d c7 d4 a4 7e 6b 7f 00 00 00 00 00 00 00 00 [0m
frame 955: 46964 us total, 11811 us display, type 3
frame 956: 45061 us total, 12071 us display, type 3
frame 957: 44714 us total, 12290 us display, type 3
frame 958: 48764 us total, 12426 us display, type 3
axes L   -544  21703 R   -348   -149 T     0     0 level 0, 8 reports in 255 ms
frame 959: 46254 us total, 12052 us display, type 3
frame 960: 46946 us total, 11692 us display, type 3
[0;32mI (35549) PAD: report id 1 len 16: e0 7d 78 d4 a4 7e 6b 7f 00 00 00 00 00 00 00 00 [0m
frame 961: 47570 us total, 11947 us display, type 3
frame 962: 46476 us total, 12377 us display, type 3
frame 963: 46501 us total, 11687 us display, type 3
axes L   -544  21602 R   -348   -149 T     0     0 level 0, 9 reports in 250 ms
frame 964: 42116 us total, 11957 us display, type 3
frame 965: 39477 us total, 12076 us display, type 3
frame 966: 40624 us total, 11693 us display, type 3
[0;32mI (35804) PAD: report id 1 len 16: e0 7d 62 d4 a4 7e 6b 7f 00 00 00 00 00 00 00 00 [0m
frame 967: 41817 us total, 12276 us display, type 3
frame 968: 39265 us total, 12560 us display, type 3
frame 969: 40327 us total, 11722 us display, type 3
frame 970: 40552 us total, 12174 us display, type 3
axes L   -544  21602 R   -348   -149 T     0     0 level 0, 9 reports in 256 ms
frame 971: 44617 us total, 12511 us display, type 3
frame 972: 41057 us total, 11686 us display, type 3
[0;32mI (36074) PAD: report id 1 len 16: e0 7d 02 d4 a4 7e 6b 7f 00 00 00 00 00 00 00 00 [0m
frame 973: 42820 us total, 12542 us display, type 3
frame 974: 40963 us total, 11828 us display, type 3
frame 975: 40122 us total, 12277 us display, type 3
frame 976: 38567 us total, 12083 us display, type 3
axes L   -544  21506 R   -348   -149 T     0     0 level 0, 9 reports in 257 ms
frame 977: 38826 us total, 11686 us display, type 3
frame 978: 38491 us total, 11692 us display, type 3
frame 979: 37841 us total, 12470 us display, type 3
[0;32mI (36344) PAD: report id 1 len 16: e0 7d af d3 a4 7e 6b 7f 00 00 00 00 00 00 00 00 [0m
frame 980: 37176 us total, 11700 us display, type 3
frame 981: 38025 us total, 11990 us display, type 3
frame 982: 37829 us total, 11700 us display, type 3
frame 983: 40933 us total, 11789 us display, type 3
axes L   -544  21405 R   -348   -149 T     0     0 level 0, 9 reports in 259 ms
frame 984: 40333 us total, 12045 us display, type 3
frame 985: 39676 us total, 11693 us display, type 3
frame 986: 38133 us total, 11889 us display, type 3
[0;32mI (36599) PAD: report id 1 len 16: e0 7d 9d d3 a4 7e 6b 7f 00 00 00 00 00 00 00 00 [0m
frame 987: 40490 us total, 11998 us display, type 3
frame 988: 40143 us total, 11693 us display, type 3
frame 989: 41238 us total, 11693 us display, type 3
axes L   -544  21322 R   -348   -149 T     0     0 level 0, 10 reports in 266 ms
frame 990: 40328 us total, 11837 us display, type 3
frame 991: 40427 us total, 11929 us display, type 3
frame 992: 41907 us total, 11686 us display, type 3
[0;32mI (36854) PAD: report id 1 len 16: e0 7d 3a d3 a4 7e 6b 7f 00 00 00 00 00 00 00 00 [0m
frame 993: 42326 us total, 11767 us display, type 3
frame 994: 42062 us total, 12051 us display, type 3
frame 995: 42305 us total, 11790 us display, type 3
axes L   -544  21306 R   -348   -149 T     0     0 level 0, 8 reports in 252 ms
frame 996: 43959 us total, 12046 us display, type 3
frame 997: 41526 us total, 11698 us display, type 3
frame 998: 44000 us total, 11696 us display, type 3
[0;32mI (37124) PAD: report id 1 len 16: e0 7d ea d2 a4 7e 6b 7f 00 00 00 00 00 00 00 00 [0m
frame 999: 43656 us total, 13026 us display, type 3
frame 1000: 46298 us total, 11692 us display, type 3
frame 1001: 43704 us total, 11693 us display, type 3
axes L   -544  21205 R   -348   -149 T     0     0 level 0, 9 reports in 265 ms
frame 1002: 46369 us total, 11692 us display, type 3
frame 1003: 45314 us total, 11693 us display, type 3
frame 1004: 40892 us total, 12064 us display, type 3
[0;32mI (37379) PAD: report id 1 len 16: e0 7d d5 d2 a4 7e 6b 7f 00 00 00 00 00 00 00 00 [0m
frame 1005: 43165 us total, 11693 us display, type 3
frame 1006: 43031 us total, 12053 us display, type 3
frame 1007: 45937 us total, 11956 us display, type 3
frame 1008: 43230 us total, 11686 us display, type 3
axes L   -544  21109 R   -348   -149 T     0     0 level 0, 10 reports in 276 ms
frame 1009: 44550 us total, 11772 us display, type 3
frame 1010: 42527 us total, 11988 us display, type 3
[0;32mI (37634) PAD: report id 1 len 16: e0 7d 75 d2 a4 7e 6b 7f 00 00 00 00 00 00 00 00 [0m
frame 1011: 44612 us total, 12423 us display, type 3
frame 1012: 39566 us total, 12529 us display, type 3
frame 1013: 41681 us total, 11686 us display, type 3
frame 1014: 40343 us total, 11685 us display, type 3
axes L   -544  21030 R   -348   -149 T     0     0 level 0, 9 reports in 253 ms
frame 1015: 41845 us total, 11931 us display, type 3
frame 1016: 38293 us total, 12050 us display, type 3
[0;32mI (37889) PAD: report id 1 len 16: e0 7d 14 d2 a4 7e 6b 7f 00 00 00 00 00 00 00 00 [0m
frame 1017: 42395 us total, 11905 us display, type 3
frame 1018: 45731 us total, 12283 us display, type 3
frame 1019: 45219 us total, 11957 us display, type 3
frame 1020: 48887 us total, 12083 us display, type 3
axes L   -544  21012 R   -348   -149 T     0     0 level 0, 9 reports in 262 ms
frame 1021: 48088 us total, 11693 us display, type 3
[0;32mI (38144) PAD: report id 1 len 16: e0 7d c5 d1 a4 7e 6b 7f 00 00 00 00 00 00 00 00 [0m
frame 1022: 49046 us total, 12756 us display, type 3
frame 1023: 50642 us total, 12441 us display, type 3
frame 1024: 49393 us total, 11693 us display, type 3
mem @frame 1024: heap free 66340, largest 40960, min ever 65520, zone free 40564, stack free 14540, uptime 38 s, gamestate 0, demo 1, usergame 0, tic 1267
frame 1025: 53101 us total, 11694 us display, type 3
axes L   -544  20914 R   -348   -149 T     0     0 level 0, 8 reports in 250 ms
frame 1026: 54369 us total, 11969 us display, type 3
[0;32mI (38399) PAD: report id 1 len 16: e0 7d b2 d1 a4 7e 6b 7f 00 00 00 00 00 00 00 00 [0m
frame 1027: 52677 us total, 12872 us display, type 3
frame 1028: 56072 us total, 11687 us display, type 3
frame 1029: 52738 us total, 11692 us display, type 3
axes L   -544  20818 R   -348   -149 T     0     0 level 0, 9 reports in 256 ms
frame 1030: 55175 us total, 12067 us display, type 3
frame 1031: 55439 us total, 12263 us display, type 3
[0;32mI (38654) PAD: report id 1 len 16: e0 7d 52 d1 a4 7e 6b 7f 00 00 00 00 00 00 00 00 [0m
frame 1032: 54408 us total, 11693 us display, type 3
frame 1033: 53829 us total, 12175 us display, type 3
frame 1034: 55907 us total, 11757 us display, type 3
axes L   -544  20721 R   -348   -149 T     0     0 level 0, 10 reports in 271 ms
frame 1035: 52215 us total, 12075 us display, type 3
frame 1036: 48871 us total, 11700 us display, type 3
[0;32mI (38924) PAD: report id 1 len 16: e0 7d f1 d0 a4 7e 6b 7f 00 00 00 00 00 00 00 00 [0m
frame 1037: 45333 us total, 11686 us display, type 3
frame 1038: 46092 us total, 11686 us display, type 3
frame 1039: 46303 us total, 11962 us display, type 3
frame 1040: 43792 us total, 11693 us display, type 3
axes L   -544  20621 R   -348   -149 T     0     0 level 0, 11 reports in 282 ms
frame 1041: 51805 us total, 11687 us display, type 3
frame 1042: 47847 us total, 12082 us display, type 3
[0;32mI (39194) PAD: report id 1 len 16: e0 7d 8d d0 a4 7e 6b 7f 00 00 00 00 00 00 00 00 [0m
frame 1043: 46982 us total, 12015 us display, type 3
frame 1044: 46921 us total, 11699 us display, type 3
frame 1045: 46359 us total, 11693 us display, type 3
frame 1046: 48352 us total, 11700 us display, type 3
axes L   -544  20525 R   -348   -149 T     0     0 level 0, 8 reports in 250 ms
frame 1047: 50074 us total, 12540 us display, type 3
frame 1048: 49013 us total, 11693 us display, type 3
[0;32mI (39464) PAD: report id 1 len 16: e0 7d 2d d0 a4 7e 6b 7f 00 00 00 00 00 00 00 00 [0m
frame 1049: 49714 us total, 11735 us display, type 3
frame 1050: 50359 us total, 12085 us display, type 3
frame 1051: 52800 us total, 11717 us display, type 3
axes L   -544  20443 R   -348   -149 T     0     0 level 0, 9 reports in 251 ms
frame 1052: 54662 us total, 11687 us display, type 3
frame 1053: 50335 us total, 11779 us display, type 3
[0;32mI (39734) PAD: report id 1 len 16: e0 7d ca cf a4 7e 6b 7f 00 00 00 00 00 00 00 00 [0m
frame 1054: 51256 us total, 12278 us display, type 3
frame 1055: 49651 us total, 12077 us display, type 3
frame 1056: 51737 us total, 12280 us display, type 3
axes L   -544  20346 R   -348   -149 T     0     0 level 0, 10 reports in 257 ms
frame 1057: 50095 us total, 11686 us display, type 3
frame 1058: 48452 us total, 12076 us display, type 3
[0;32mI (39989) PAD: report id 1 len 16: e0 7d 68 cf a4 7e 6b 7f 00 00 00 00 00 00 00 00 [0m
frame 1059: 45379 us total, 12032 us display, type 3
frame 1060: 46606 us total, 11700 us display, type 3
frame 1061: 43642 us total, 11692 us display, type 3
axes L   -544  20247 R   -348   -149 T     0     0 level 0, 9 reports in 272 ms
frame 1062: 52814 us total, 12022 us display, type 3
frame 1063: 47659 us total, 12075 us display, type 3
frame 1064: 49118 us total, 12029 us display, type 3
[0;32mI (40259) PAD: report id 1 len 16: e0 7d 06 cf a4 7e 6b 7f 00 00 00 00 00 00 00 00 [0m
frame 1065: 48040 us total, 11693 us display, type 3
frame 1066: 51219 us total, 12071 us display, type 3
frame 1067: 48583 us total, 11755 us display, type 3
axes L   -544  20148 R   -348   -149 T     0     0 level 0, 9 reports in 273 ms
frame 1068: 51479 us total, 12133 us display, type 3
frame 1069: 47217 us total, 11687 us display, type 3
[0;32mI (40514) PAD: report id 1 len 16: e0 7d a3 ce a4 7e 6b 7f 00 00 00 00 00 00 00 00 [0m
frame 1070: 50188 us total, 12468 us display, type 3
frame 1071: 47051 us total, 12023 us display, type 3
frame 1072: 49088 us total, 11692 us display, type 3
axes L   -544  20029 R   -348   -149 T     0     0 level 0, 10 reports in 265 ms
frame 1073: 48957 us total, 11694 us display, type 3
frame 1074: 49184 us total, 12061 us display, type 3
[0;32mI (40769) PAD: report id 1 len 16: e0 7d 3d ce a4 7e 6b 7f 00 00 00 00 00 00 00 00 [0m
frame 1075: 47944 us total, 11694 us display, type 3
frame 1076: 50679 us total, 11867 us display, type 3
frame 1077: 48397 us total, 12070 us display, type 3
frame 1078: 50285 us total, 11687 us display, type 3
axes L   -544  19926 R   -348   -149 T     0     0 level 0, 9 reports in 273 ms
frame 1079: 49130 us total, 11693 us display, type 3
[0;32mI (41039) PAD: report id 1 len 16: e0 7d d6 cd a4 7e 6b 7f 00 00 00 00 00 00 00 00 [0m
frame 1080: 50130 us total, 13004 us display, type 3
frame 1081: 47062 us total, 11700 us display, type 3
frame 1082: 48210 us total, 11852 us display, type 3
frame 1083: 46963 us total, 12079 us display, type 3
axes L   -544  19829 R   -348   -149 T     0     0 level 0, 9 reports in 267 ms
frame 1084: 54131 us total, 12117 us display, type 3
frame 1085: 48086 us total, 11694 us display, type 3
[0;32mI (41294) PAD: report id 1 len 16: e0 7d 75 cd a4 7e 6b 7f 00 00 00 00 00 00 00 00 [0m
frame 1086: 51909 us total, 11694 us display, type 3
frame 1087: 48151 us total, 12462 us display, type 3
frame 1088: 49846 us total, 11930 us display, type 3
frame 1089: 48737 us total, 12556 us display, type 3
axes L   -544  19730 R   -348   -149 T     0     0 level 0, 10 reports in 275 ms
frame 1090: 50703 us total, 11825 us display, type 3
[0;32mI (41549) PAD: report id 1 len 16: e0 7d 12 cd a4 7e 6b 7f 00 00 00 00 00 00 00 00 [0m
frame 1091: 50357 us total, 12369 us display, type 3
frame 1092: 49893 us total, 11699 us display, type 3
frame 1093: 50050 us total, 12250 us display, type 3
frame 1094: 50749 us total, 11693 us display, type 3
axes L   -544  19633 R   -348   -149 T     0     0 level 0, 10 reports in 274 ms
frame 1095: 51169 us total, 11835 us display, type 3
[0;32mI (41804) PAD: report id 1 len 16: e0 7d b1 cc a4 7e 6b 7f 00 00 00 00 00 00 00 00 [0m
frame 1096: 51291 us total, 12425 us display, type 3
frame 1097: 49309 us total, 11687 us display, type 3
frame 1098: 54039 us total, 11942 us display, type 3
frame 1099: 52285 us total, 11686 us display, type 3
axes L   -544  19536 R   -348   -149 T     0     0 level 0, 9 reports in 258 ms
frame 1100: 51782 us total, 11994 us display, type 3
[0;32mI (42059) PAD: report id 1 len 16: e0 7d 50 cc a4 7e 6b 7f 00 00 00 00 00 00 00 00 [0m
frame 1101: 48490 us total, 12108 us display, type 3
frame 1102: 48000 us total, 11972 us display, type 3
frame 1103: 49145 us total, 11693 us display, type 3
frame 1104: 50996 us total, 12312 us display, type 3
frame 1105: 52609 us total, 11686 us display, type 3
axes L   -544  19437 R   -348   -149 T     0     0 level 0, 10 reports in 266 ms
[0;32mI (42329) PAD: report id 1 len 16: e0 7d ed cb a4 7e 6b 7f 00 00 00 00 00 00 00 00 [0m
frame 1106: 50773 us total, 11716 us display, type 3
frame 1107: 49742 us total, 12089 us display, type 3
frame 1108: 49659 us total, 11698 us display, type 3
frame 1109: 51630 us total, 12065 us display, type 3
frame 1110: 50644 us total, 11694 us display, type 3
axes L   -544  19341 R   -348   -149 T     0     0 level 0, 9 reports in 263 ms
[0;32mI (42584) PAD: report id 1 len 16: e0 7d 8d cb a4 7e 6b 7f 00 00 00 00 00 00 00 00 [0m
frame 1111: 51461 us total, 11955 us display, type 3
frame 1112: 51370 us total, 12073 us display, type 3
frame 1113: 49779 us total, 11692 us display, type 3
frame 1114: 51631 us total, 11696 us display, type 3
frame 1115: 50035 us total, 11686 us display, type 3
axes L   -544  19266 R   -348   -149 T     0     0 level 0, 9 reports in 254 ms
[0;32mI (42839) PAD: report id 1 len 16: e0 7d 42 cb a4 7e 6b 7f 00 00 00 00 00 00 00 00 [0m
frame 1116: 52573 us total, 12409 us display, type 3
frame 1117: 48401 us total, 11687 us display, type 3
frame 1118: 50271 us total, 12454 us display, type 3
frame 1119: 47972 us total, 11686 us display, type 3
frame 1120: 49823 us total, 11766 us display, type 3
axes L   -544  19166 R   -348   -149 T     0     0 level 0, 9 reports in 271 ms
[0;32mI (43094) PAD: report id 1 len 16: e0 7d de ca a4 7e 6b 7f 00 00 00 00 00 00 00 00 [0m
frame 1121: 51791 us total, 12868 us display, type 3
frame 1122: 48125 us total, 11693 us display, type 3
frame 1123: 45394 us total, 11692 us display, type 3
frame 1124: 48151 us total, 11760 us display, type 3
frame 1125: 46025 us total, 12276 us display, type 3
frame 1126: 51072 us total, 11886 us display, type 3
[0;32mI (43349) PAD: report id 1 len 16: e0 7d c8 ca a4 7e 6b 7f 00 00 00 00 00 00 00 00 [0m
axes L   -544  19144 R   -348   -149 T     0     0 level 0, 10 reports in 270 ms
frame 1127: 50367 us total, 11693 us display, type 3
frame 1128: 50288 us total, 11687 us display, type 3
frame 1129: 47914 us total, 11694 us display, type 3
frame 1130: 51722 us total, 11692 us display, type 3
frame 1131: 50793 us total, 12239 us display, type 3
[0;32mI (43619) PAD: report id 1 len 16: e0 7d 66 ca a4 7e 6b 7f 00 00 00 00 00 00 00 00 [0m
axes L   -544  19046 R   -348   -149 T     0     0 level 0, 10 reports in 271 ms
frame 1132: 51276 us total, 12059 us display, type 3
frame 1133: 51155 us total, 11960 us display, type 3
frame 1134: 48505 us total, 12541 us display, type 3
frame 1135: 44228 us total, 11813 us display, type 3
frame 1136: 43319 us total, 12059 us display, type 3
frame 1137: 38795 us total, 11693 us display, type 3
[0;32mI (43889) PAD: report id 1 len 16: e0 7d 05 ca a4 7e 6b 7f 00 00 00 00 00 00 00 00 [0m
frame 1138: 36937 us total, 11866 us display, type 3
axes L   -544  18949 R   -348   -149 T     0     0 level 0, 9 reports in 277 ms
frame 1139: 37637 us total, 11693 us display, type 3
frame 1140: 37180 us total, 12141 us display, type 3
frame 1141: 35061 us total, 12073 us display, type 3
frame 1142: 36545 us total, 11804 us display, type 3
frame 1143: 34514 us total, 11970 us display, type 3
frame 1144: 35689 us total, 12037 us display, type 3
[0;32mI (44159) PAD: report id 1 len 16: e0 7d a3 c9 a4 7e 6b 7f 00 00 00 00 00 00 00 00 [0m
frame 1145: 35160 us total, 12430 us display, type 3
axes L   -544  18851 R   -348   -149 T     0     0 level 0, 9 reports in 251 ms
frame 1146: 32975 us total, 12451 us display, type 3
frame 1147: 31904 us total, 12478 us display, type 3
frame 1148: 32826 us total, 12383 us display, type 3
frame 1149: 31850 us total, 12447 us display, type 3
frame 1150: 32170 us total, 11692 us display, type 3
frame 1151: 33448 us total, 11803 us display, type 3
frame 1152: 32105 us total, 11760 us display, type 3
frame 1153: 33950 us total, 11687 us display, type 3
axes L   -544  18779 R   -348   -149 T     0     0 level 0, 8 reports in 261 ms
[0;32mI (44429) PAD: report id 1 len 16: e0 7d 5b c9 a4 7e 6b 7f 00 00 00 00 00 00 00 00 [0m
frame 1154: 32836 us total, 11694 us display, type 3
frame 1155: 33578 us total, 11693 us display, type 3
frame 1156: 32945 us total, 12379 us display, type 3
frame 1157: 31882 us total, 11985 us display, type 3
frame 1158: 32551 us total, 12009 us display, type 3
frame 1159: 32696 us total, 12321 us display, type 3
frame 1160: 31851 us total, 12285 us display, type 3
frame 1161: 32782 us total, 11692 us display, type 3
axes L   -544  18753 R   -348   -149 T     0     0 level 0, 9 reports in 261 ms
[0;32mI (44699) PAD: report id 1 len 16: e0 7d 41 c9 a4 7e 6b 7f 00 00 00 00 00 00 00 00 [0m
frame 1162: 34024 us total, 11936 us display, type 3
frame 1163: 32796 us total, 11771 us display, type 3
frame 1164: 32584 us total, 12041 us display, type 3
frame 1165: 33108 us total, 12071 us display, type 3
frame 1166: 33278 us total, 11693 us display, type 3
frame 1167: 33193 us total, 11887 us display, type 3
frame 1168: 34060 us total, 11687 us display, type 3
axes L   -544  18656 R   -348   -149 T     0     0 level 0, 9 reports in 252 ms
frame 1169: 33453 us total, 11835 us display, type 3
[0;32mI (44954) PAD: report id 1 len 16: e0 7d e0 c8 a4 7e 6b 7f 00 00 00 00 00 00 00 00 [0m
frame 1170: 34478 us total, 11686 us display, type 3
frame 1171: 35580 us total, 12467 us display, type 3
frame 1172: 34012 us total, 12063 us display, type 3
frame 1173: 34375 us total, 11686 us display, type 3
frame 1174: 34343 us total, 11694 us display, type 3
frame 1175: 34151 us total, 12053 us display, type 3
frame 1176: 36201 us total, 11700 us display, type 3
axes L   -544  18582 R   -348   -149 T     0     0 level 0, 9 reports in 257 ms
[0;32mI (45209) PAD: report id 1 len 16: e0 7d 96 c8 a4 7e 6b 7f 00 00 00 00 00 00 00 00 [0m
frame 1177: 36164 us total, 11993 us display, type 3
frame 1178: 35466 us total, 12377 us display, type 3
frame 1179: 36440 us total, 11833 us display, type 3
frame 1180: 37850 us total, 11827 us display, type 3
frame 1181: 39166 us total, 12108 us display, type 3
frame 1182: 39241 us total, 11686 us display, type 3
axes L   -544  18560 R   -348   -149 T     0     0 level 0, 9 reports in 251 ms
frame 1183: 40677 us total, 11871 us display, type 3
[0;32mI (45464) PAD: report id 1 len 16: e0 7d 80 c8 a4 7e 6b 7f 00 00 00 00 00 00 00 00 [0m
frame 1184: 41976 us total, 12302 us display, type 3
frame 1185: 39656 us total, 11883 us display, type 3
frame 1186: 40219 us total, 12030 us display, type 3
frame 1187: 41588 us total, 11694 us display, type 3
frame 1188: 43568 us total, 12519 us display, type 3
frame 1189: 42387 us total, 11887 us display, type 3
axes L   -544  18463 R   -348   -149 T     0     0 level 0, 9 reports in 263 ms
[0;32mI (45719) PAD: report id 1 len 16: e0 7d 1f c8 a4 7e 6b 7f 00 00 00 00 00 00 00 00 [0m
frame 1190: 45266 us total, 12258 us display, type 3
frame 1191: 43918 us total, 11717 us display, type 3
frame 1192: 43815 us total, 12293 us display, type 3
frame 1193: 44424 us total, 11693 us display, type 3
frame 1194: 44860 us total, 11693 us display, type 3
axes L   -544  18388 R   -348   -149 T     0     0 level 0, 9 reports in 254 ms
[0;32mI (45974) PAD: report id 1 len 16: e0 7d d4 c7 a4 7e 6b 7f 00 00 00 00 00 00 00 00 [0m
frame 1195: 47390 us total, 12915 us display, type 3
frame 1196: 44628 us total, 11733 us display, type 3
frame 1197: 47773 us total, 12071 us display, type 3
frame 1198: 44900 us total, 11687 us display, type 3
frame 1199: 45647 us total, 12314 us display, type 3
frame 1200: 45388 us total, 11687 us display, type 3
axes L   -544  18363 R   -348   -149 T     0     0 level 0, 9 reports in 253 ms
[0;32mI (46244) PAD: report id 1 len 16: e0 7d bb c7 a4 7e 6b 7f 00 00 00 00 00 00 00 00 [0m
frame 1201: 45379 us total, 12556 us display, type 3
frame 1202: 45792 us total, 11687 us display, type 3
frame 1203: 44361 us total, 12543 us display, type 3
frame 1204: 44074 us total, 12339 us display, type 3
frame 1205: 43358 us total, 11905 us display, type 3
frame 1206: 42570 us total, 11853 us display, type 3
axes L   -544  18266 R   -348   -149 T     0     0 level 0, 9 reports in 255 ms
[0;32mI (46514) PAD: report id 1 len 16: e0 7d 5a c7 a4 7e 6b 7f 00 00 00 00 00 00 00 00 [0m
frame 1207: 44948 us total, 12497 us display, type 3
frame 1208: 41224 us total, 11693 us display, type 3
frame 1209: 43038 us total, 11700 us display, type 3
frame 1210: 40902 us total, 12062 us display, type 3
frame 1211: 39534 us total, 11817 us display, type 3
frame 1212: 38897 us total, 11693 us display, type 3
axes L   -544  18266 R   -348   -149 T     0     0 level 0, 9 reports in 257 ms
frame 1213: 38653 us total, 12259 us display, type 3
[0;32mI (46784) PAD: report id 1 len 16: e0 7d 5a c7 a4 7e 6b 7f 00 00 00 00 00 00 00 00 [0m
frame 1214: 38013 us total, 12584 us display, type 3
frame 1215: 37075 us total, 12046 us display, type 3
frame 1216: 36439 us total, 12163 us display, type 3
frame 1217: 37003 us total, 11719 us display, type 3
frame 1218: 37253 us total, 11710 us display, type 3
frame 1219: 36523 us total, 11947 us display, type 3
axes L   -544  18170 R   -348   -149 T     0     0 level 0, 9 reports in 258 ms
frame 1220: 35555 us total, 12024 us display, type 3
[0;32mI (47039) PAD: report id 1 len 16: e0 7d fa c6 a4 7e 6b 7f 00 00 00 00 00 00 00 00 [0m
frame 1221: 36112 us total, 13022 us display, type 3
frame 1222: 34833 us total, 11700 us display, type 3
frame 1223: 34278 us total, 11694 us display, type 3
frame 1224: 33605 us total, 11963 us display, type 3
frame 1225: 35620 us total, 11937 us display, type 3
frame 1226: 32887 us total, 12001 us display, type 3
axes L   -544  18170 R   -348   -149 T     0     0 level 0, 8 reports in 255 ms
frame 1227: 33548 us total, 12036 us display, type 3
frame 1228: 32749 us total, 12267 us display, type 3
[0;32mI (47309) PAD: report id 1 len 16: e0 7d b0 c6 a4 7e 6b 7f 00 00 00 00 00 00 00 00 [0m
frame 1229: 33438 us total, 11699 us display, type 3
frame 1230: 32949 us total, 11804 us display, type 3
frame 1231: 32285 us total, 11891 us display, type 3
frame 1232: 35561 us total, 11890 us display, type 3
frame 1233: 32442 us total, 12032 us display, type 3
frame 1234: 31168 us total, 11685 us display, type 3
axes L   -544  18071 R   -348   -149 T     0     0 level 0, 9 reports in 262 ms
frame 1235: 31890 us total, 11693 us display, type 3
frame 1236: 29647 us total, 11693 us display, type 3
frame 1237: 30214 us total, 11686 us display, type 3
[0;32mI (47579) PAD: report id 1 len 16: e0 7d 97 c6 a4 7e 6b 7f 00 00 00 00 00 00 00 00 [0m
frame 1238: 28605 us total, 11693 us display, type 3
frame 1239: 29720 us total, 11685 us display, type 3
frame 1240: 30177 us total, 11692 us display, type 3
frame 1241: 31160 us total, 11693 us display, type 3
frame 1242: 29825 us total, 11693 us display, type 3
frame 1243: 30903 us total, 11741 us display, type 3
axes L   -544  17999 R   -348   -149 T     0     0 level 0, 9 reports in 253 ms
frame 1244: 30977 us total, 11781 us display, type 3
frame 1245: 29242 us total, 11694 us display, type 3
[0;32mI (47834) PAD: report id 1 len 16: e0 7d 37 c6 a4 7e 6b 7f 00 00 00 00 00 00 00 00 [0m
frame 1246: 29863 us total, 11701 us display, type 3
frame 1247: 30234 us total, 11700 us display, type 3
frame 1248: 29019 us total, 11692 us display, type 3
frame 1249: 29750 us total, 11700 us display, type 3
frame 1250: 34722 us total, 11687 us display, type 3
frame 1251: 34508 us total, 11986 us display, type 3
axes L   -544  17975 R   -348   -149 T     0     0 level 0, 9 reports in 257 ms
frame 1252: 36380 us total, 11686 us display, type 3
frame 1253: 42294 us total, 12535 us display, type 3
[0;32mI (48104) PAD: report id 1 len 16: e0 7d 37 c6 a4 7e 6b 7f 00 00 00 00 00 00 00 00 [0m
frame 1254: 41362 us total, 11792 us display, type 3
frame 1255: 45868 us total, 12053 us display, type 3
frame 1256: 39580 us total, 11687 us display, type 3
frame 1257: 38526 us total, 11693 us display, type 3
axes L   -544  17878 R   -348   -149 T     0     0 level 0, 8 reports in 262 ms
frame 1258: 41734 us total, 12054 us display, type 3
frame 1259: 39860 us total, 11687 us display, type 3
frame 1260: 40241 us total, 11700 us display, type 3
[0;32mI (48374) PAD: report id 1 len 16: e0 7d d6 c5 a4 7e 6b 7f 00 00 00 00 00 00 00 00 [0m
frame 1261: 38378 us total, 12021 us display, type 3
frame 1262: 38778 us total, 11810 us display, type 3
frame 1263: 39368 us total, 11688 us display, type 3
frame 1264: 38728 us total, 12390 us display, type 3
frame 1265: 38903 us total, 11693 us display, type 3
axes L   -544  17878 R   -348   -149 T     0     0 level 0, 10 reports in 288 ms
frame 1266: 38333 us total, 12027 us display, type 3
[0;32mI (48629) PAD: report id 1 len 16: e0 7d 8b c5 a4 7e 6b 7f 00 00 00 00 00 00 00 00 [0m
frame 1267: 34811 us total, 12948 us display, type 3
frame 1268: 35376 us total, 11941 us display, type 3
frame 1269: 34945 us total, 11687 us display, type 3
frame 1270: 35951 us total, 11686 us display, type 3
frame 1271: 34065 us total, 12353 us display, type 3
frame 1272: 32596 us total, 12264 us display, type 3
frame 1273: 31123 us total, 12011 us display, type 3
axes L   -544  17781 R   -348   -149 T     0     0 level 0, 10 reports in 277 ms
frame 1274: 31697 us total, 12456 us display, type 3
[0;32mI (48899) PAD: report id 1 len 16: e0 7d 75 c5 a4 7e 6b 7f 00 00 00 00 00 00 00 00 [0m
frame 1275: 31445 us total, 13032 us display, type 3
frame 1276: 30415 us total, 12201 us display, type 3
frame 1277: 30926 us total, 12478 us display, type 3
frame 1278: 30966 us total, 12276 us display, type 3
frame 1279: 30982 us total, 11686 us display, type 3
frame 1280: 32269 us total, 11692 us display, type 3
mem @frame 1280: heap free 66340, largest 40960, min ever 65520, zone free 41204, stack free 14540, uptime 48 s, gamestate 0, demo 1, usergame 0, tic 1646
frame 1281: 33624 us total, 12218 us display, type 3
axes L   -544  17704 R   -348   -149 T     0     0 level 0, 9 reports in 257 ms
frame 1282: 30999 us total, 11687 us display, type 3
frame 1283: 31342 us total, 11693 us display, type 3
[0;32mI (49169) PAD: report id 1 len 16: e0 7d 11 c5 a4 7e 6b 7f 00 00 00 00 00 00 00 00 [0m
frame 1284: 30360 us total, 11980 us display, type 3
frame 1285: 29408 us total, 11687 us display, type 3
frame 1286: 29320 us total, 11694 us display, type 3
frame 1287: 28142 us total, 11694 us display, type 3
frame 1288: 27226 us total, 11686 us display, type 3
frame 1289: 26727 us total, 12093 us display, type 3
frame 1290: 27242 us total, 12099 us display, type 3
axes L   -544  17681 R   -348   -149 T     0     0 level 0, 9 reports in 255 ms
frame 1291: 26820 us total, 11995 us display, type 3
frame 1292: 26640 us total, 12353 us display, type 3
frame 1293: 27241 us total, 11699 us display, type 3
[0;32mI (49439) PAD: report id 1 len 16: e0 7d c8 c4 a4 7e 6b 7f 00 00 00 00 00 00 00 00 [0m
frame 1294: 28808 us total, 11693 us display, type 3
frame 1295: 28817 us total, 12570 us display, type 3
frame 1296: 28532 us total, 12106 us display, type 3
frame 1297: 29593 us total, 12168 us display, type 3
frame 1298: 29078 us total, 12078 us display, type 3
frame 1299: 28992 us total, 12464 us display, type 3
axes L   -544  17584 R   -348   -149 T     0     0 level 0, 9 reports in 255 ms
frame 1300: 29985 us total, 12377 us display, type 3
frame 1301: 27308 us total, 11975 us display, type 3
[0;32mI (49694) PAD: report id 1 len 16: e0 7d b0 c4 a4 7e 6b 7f 00 00 00 00 00 00 00 00 [0m
frame 1302: 29437 us total, 12731 us display, type 3
frame 1303: 28593 us total, 12271 us display, type 3
frame 1304: 27474 us total, 11926 us display, type 3
frame 1305: 29540 us total, 11701 us display, type 3
frame 1306: 27441 us total, 11689 us display, type 3
frame 1307: 29056 us total, 12570 us display, type 3
frame 1308: 29021 us total, 12481 us display, type 3
axes L   -544  17488 R   -348   -149 T     0     0 level 0, 9 reports in 256 ms
frame 1309: 27301 us total, 12046 us display, type 3
frame 1310: 29875 us total, 12281 us display, type 3
[0;32mI (49949) PAD: report id 1 len 16: e0 7d 50 c4 a4 7e 6b 7f 00 00 00 00 00 00 00 00 [0m
frame 1311: 27749 us total, 12486 us display, type 3
frame 1312: 28464 us total, 12043 us display, type 3
frame 1313: 32854 us total, 12200 us display, type 3
frame 1314: 32797 us total, 12136 us display, type 3
frame 1315: 38997 us total, 11694 us display, type 3
frame 1316: 43607 us total, 12451 us display, type 3
axes L   -544  17488 R   -348   -149 T     0     0 level 0, 9 reports in 261 ms
frame 1317: 45897 us total, 12327 us display, type 3
[0;32mI (50204) PAD: report id 1 len 16: e0 7d 05 c4 a4 7e 6b 7f 00 00 00 00 00 00 00 00 [0m
frame 1318: 40087 us total, 11690 us display, type 3
frame 1319: 40699 us total, 11801 us display, type 3
frame 1320: 38389 us total, 12280 us display, type 3
frame 1321: 36387 us total, 12235 us display, type 3
frame 1322: 38971 us total, 11693 us display, type 3
axes L   -544  17392 R   -348   -149 T     0     0 level 0, 9 reports in 264 ms
frame 1323: 38414 us total, 12021 us display, type 3
frame 1324: 38235 us total, 12021 us display, type 3
[0;32mI (50474) PAD: report id 1 len 16: e0 7d f0 c3 a4 7e 6b 7f 00 00 00 00 00 00 00 00 [0m
frame 1325: 38568 us total, 11693 us display, type 3
frame 1326: 38203 us total, 11999 us display, type 3
frame 1327: 36936 us total, 11693 us display, type 3
frame 1328: 37965 us total, 12023 us display, type 3
frame 1329: 37298 us total, 11693 us display, type 3
frame 1330: 42526 us total, 12020 us display, type 3
axes L   -544  17295 R   -348   -149 T     0     0 level 0, 9 reports in 283 ms
frame 1331: 44751 us total, 12360 us display, type 3
[0;32mI (50744) PAD: report id 1 len 16: e0 7d 8f c3 a4 7e 6b 7f 00 00 00 00 00 00 00 00 [0m
frame 1332: 40818 us total, 11687 us display, type 3
frame 1333: 37574 us total, 11693 us display, type 3
frame 1334: 36373 us total, 12056 us display, type 3
frame 1335: 34619 us total, 12076 us display, type 3
frame 1336: 36520 us total, 12382 us display, type 3
axes L   -544  17220 R   -348   -149 T     0     0 level 0, 9 reports in 251 ms
frame 1337: 35529 us total, 12066 us display, type 3
frame 1338: 35300 us total, 11686 us display, type 3
[0;32mI (50999) PAD: report id 1 len 16: e0 7d 2d c3 a4 7e 6b 7f 00 00 00 00 00 00 00 00 [0m
frame 1339: 36293 us total, 11686 us display, type 3
frame 1340: 36265 us total, 11848 us display, type 3
frame 1341: 37796 us total, 12216 us display, type 3
frame 1342: 35564 us total, 12079 us display, type 3
frame 1343: 36427 us total, 11904 us display, type 3
axes L   -544  17197 R   -348   -149 T     0     0 level 0, 9 reports in 253 ms
frame 1344: 35902 us total, 11686 us display, type 3
frame 1345: 36168 us total, 11692 us display, type 3
[0;32mI (51269) PAD: report id 1 len 16: e0 7d de c2 a4 7e 6b 7f 00 00 00 00 00 00 00 00 [0m
frame 1346: 36596 us total, 12718 us display, type 3
frame 1347: 33954 us total, 12051 us display, type 3
frame 1348: 34731 us total, 12553 us display, type 3
frame 1349: 34537 us total, 11722 us display, type 3
frame 1350: 34149 us total, 11693 us display, type 3
frame 1351: 34127 us total, 12005 us display, type 3
axes L   -544  17101 R   -348   -149 T     0     0 level 0, 8 reports in 258 ms
frame 1352: 35559 us total, 12505 us display, type 3
frame 1353: 32733 us total, 12158 us display, type 3
[0;32mI (51539) PAD: report id 1 len 16: e0 7d cd c2 a4 7e 6b 7f 00 00 00 00 00 00 00 00 [0m
frame 1354: 33305 us total, 12748 us display, type 3
frame 1355: 33306 us total, 12062 us display, type 3
frame 1356: 33475 us total, 11686 us display, type 3
frame 1357: 34010 us total, 12335 us display, type 3
frame 1358: 33688 us total, 12134 us display, type 3
axes L   -544  17005 R   -348   -149 T     0     0 level 0, 9 reports in 254 ms
frame 1359: 33113 us total, 12072 us display, type 3
frame 1360: 32798 us total, 12542 us display, type 3
frame 1361: 33785 us total, 11964 us display, type 3
[0;32mI (51794) PAD: report id 1 len 16: e0 7d 6d c2 a4 7e 6b 7f 00 00 00 00 00 00 00 00 [0m
frame 1362: 33085 us total, 11694 us display, type 3
frame 1363: 32988 us total, 11693 us display, type 3
frame 1364: 32398 us total, 11694 us display, type 3
frame 1365: 31991 us total, 11999 us display, type 3
frame 1366: 33137 us total, 11685 us display, type 3
axes L   -544  16922 R   -348   -149 T     0     0 level 0, 10 reports in 263 ms
frame 1367: 33339 us total, 11694 us display, type 3
frame 1368: 32695 us total, 12054 us display, type 3
frame 1369: 32557 us total, 12143 us display, type 3
[0;32mI (52064) PAD: report id 1 len 16: e0 7d 0b c2 a4 7e 6b 7f 00 00 00 00 00 00 00 00 [0m
frame 1370: 33282 us total, 12711 us display, type 3
frame 1371: 33107 us total, 11693 us display, type 3
frame 1372: 33231 us total, 12010 us display, type 3
frame 1373: 32333 us total, 11694 us display, type 3
frame 1374: 31670 us total, 11687 us display, type 3
axes L   -544  16907 R   -348   -149 T     0     0 level 0, 9 reports in 261 ms
frame 1375: 32983 us total, 11687 us display, type 3
frame 1376: 32595 us total, 11693 us display, type 3
frame 1377: 33383 us total, 12095 us display, type 3
[0;32mI (52334) PAD: report id 1 len 16: e0 7d ab c1 a4 7e 6b 7f 00 00 00 00 00 00 00 00 [0m
frame 1378: 33260 us total, 12880 us display, type 3
frame 1379: 32295 us total, 12137 us display, type 3
frame 1380: 32050 us total, 12062 us display, type 3
frame 1381: 34118 us total, 11697 us display, type 3
frame 1382: 33490 us total, 11922 us display, type 3
frame 1383: 34285 us total, 11701 us display, type 3
axes L   -544  16811 R   -348   -149 T     0     0 level 0, 9 reports in 279 ms
frame 1384: 33489 us total, 11687 us display, type 3
frame 1385: 33810 us total, 11694 us display, type 3
[0;32mI (52604) PAD: report id 1 len 16: e0 7d ab c1 a4 7e 6b 7f 00 00 00 00 00 00 00 00 [0m
frame 1386: 35109 us total, 12905 us display, type 3
frame 1387: 34127 us total, 11687 us display, type 3
frame 1388: 33440 us total, 11694 us display, type 3
frame 1389: 35520 us total, 12306 us display, type 3
frame 1390: 33085 us total, 12054 us display, type 3
axes L   -544  16711 R   -348   -149 T     0     0 level 0, 9 reports in 257 ms
frame 1391: 33419 us total, 12293 us display, type 3
frame 1392: 33931 us total, 12080 us display, type 3
frame 1393: 34761 us total, 11995 us display, type 3
[0;32mI (52859) PAD: report id 1 len 16: e0 7d 47 c1 a4 7e 6b 7f 00 00 00 00 00 00 00 00 [0m
frame 1394: 34658 us total, 11687 us display, type 3
frame 1395: 34626 us total, 12000 us display, type 3
frame 1396: 35746 us total, 11919 us display, type 3
frame 1397: 33681 us total, 11812 us display, type 3
frame 1398: 35148 us total, 11687 us display, type 3
axes L   -544  16609 R   -348   -149 T     0     0 level 0, 9 reports in 256 ms
frame 1399: 35018 us total, 11686 us display, type 3
frame 1400: 36482 us total, 12430 us display, type 3
[0;32mI (53114) PAD: report id 1 len 16: e0 7d e1 c0 a4 7e 6b 7f 00 00 00 00 00 00 00 00 [0m
frame 1401: 35154 us total, 12957 us display, type 3
frame 1402: 36329 us total, 11687 us display, type 3
frame 1403: 34631 us total, 11748 us display, type 3
frame 1404: 35944 us total, 11692 us display, type 3
frame 1405: 35120 us total, 12377 us display, type 3
axes L   -544  16528 R   -348   -149 T     0     0 level 0, 9 reports in 251 ms
frame 1406: 33116 us total, 11687 us display, type 3
frame 1407: 30812 us total, 11876 us display, type 3
frame 1408: 34568 us total, 11686 us display, type 3
[0;32mI (53369) PAD: report id 1 len 16: e0 7d 7f c0 a4 7e 6b 7f 00 00 00 00 00 00 00 00 [0m
frame 1409: 33789 us total, 11980 us display, type 3
frame 1410: 32305 us total, 12206 us display, type 3
frame 1411: 30412 us total, 12038 us display, type 3
frame 1412: 30205 us total, 11978 us display, type 3
frame 1413: 31631 us total, 12397 us display, type 3
axes L   -544  16511 R   -348   -149 T     0     0 level 0, 9 reports in 262 ms
frame 1414: 35651 us total, 12538 us display, type 3
frame 1415: 46496 us total, 11700 us display, type 3
[0;32mI (53624) PAD: report id 1 len 16: e0 7d 1d c0 a4 7e 6b 7f 00 00 00 00 00 00 00 00 [0m
frame 1416: 44378 us total, 11693 us display, type 3
frame 1417: 47716 us total, 11693 us display, type 3
frame 1418: 46231 us total, 12155 us display, type 3
frame 1419: 44695 us total, 11693 us display, type 3
axes L   -544  16413 R   -348   -149 T     0     0 level 0, 9 reports in 256 ms
frame 1420: 46674 us total, 12425 us display, type 3
[0;32mI (53879) PAD: report id 1 len 16: e0 7d bd bf a4 7e 6b 7f 00 00 00 00 00 00 00 00 [0m
frame 1421: 45817 us total, 12922 us display, type 3
frame 1422: 44122 us total, 11746 us display, type 3
frame 1423: 44921 us total, 12436 us display, type 3
frame 1424: 45261 us total, 11739 us display, type 3
axes L   -544  16317 R   -348   -149 T     0     0 level 0, 9 reports in 258 ms
frame 1425: 46280 us total, 12441 us display, type 3
frame 1426: 43346 us total, 11797 us display, type 3
[0;32mI (54149) PAD: report id 1 len 16: e0 7d bd bf a4 7e 6b 7f 00 00 00 00 00 00 00 00 [0m
frame 1427: 47216 us total, 12586 us display, type 3
frame 1428: 43774 us total, 12302 us display, type 3
frame 1429: 45877 us total, 11938 us display, type 3
frame 1430: 46004 us total, 12088 us display, type 3
axes L   -544  16220 R   -348   -149 T     0     0 level 0, 9 reports in 251 ms
frame 1431: 45849 us total, 11882 us display, type 3
frame 1432: 46654 us total, 12474 us display, type 3
[0;32mI (54404) PAD: report id 1 len 16: e0 7d 5c bf a4 7e 6b 7f 00 00 00 00 00 00 00 00 [0m
frame 1433: 44268 us total, 11994 us display, type 3
frame 1434: 45004 us total, 11810 us display, type 3
frame 1435: 45721 us total, 12228 us display, type 3
frame 1436: 42796 us total, 11694 us display, type 3
axes L   -544  16123 R   -348   -149 T     0     0 level 0, 9 reports in 259 ms
frame 1437: 49989 us total, 12172 us display, type 3
[0;32mI (54659) PAD: report id 1 len 16: e0 7d fb be a4 7e 6b 7f 00 00 00 00 00 00 00 00 [0m
frame 1438: 51240 us total, 12898 us display, type 3
frame 1439: 52110 us total, 11988 us display, type 3
frame 1440: 52491 us total, 11943 us display, type 3
frame 1441: 52028 us total, 11687 us display, type 3
axes L   -544  16027 R   -348   -149 T     0     0 level 0, 9 reports in 257 ms
frame 1442: 53388 us total, 11878 us display, type 3
[0;32mI (54914) PAD: report id 1 len 16: e0 7d 9b be a4 7e 6b 7f 00 00 00 00 00 00 00 00 [0m
frame 1443: 50531 us total, 12682 us display, type 3
frame 1444: 47699 us total, 11701 us display, type 3
frame 1445: 49342 us total, 11692 us display, type 3
frame 1446: 49663 us total, 12539 us display, type 3
axes L   -544  16027 R   -348   -149 T     0     0 level 0, 9 reports in 253 ms
frame 1447: 49192 us total, 11687 us display, type 3
frame 1448: 48545 us total, 12080 us display, type 3
[0;32mI (55184) PAD: report id 1 len 16: e0 7d 33 be a4 7e 6b 7f 00 00 00 00 00 00 00 00 [0m
frame 1449: 51348 us total, 12343 us display, type 3
frame 1450: 50790 us total, 11694 us display, type 3
frame 1451: 48504 us total, 12572 us display, type 3
axes L   -544  15923 R   -348   -149 T     0     0 level 0, 8 reports in 256 ms
frame 1452: 49779 us total, 12410 us display, type 3
frame 1453: 54803 us total, 12053 us display, type 3
[0;32mI (55454) PAD: report id 1 len 16: e0 7d 33 be a4 7e 6b 7f 00 00 00 00 00 00 00 00 [0m
frame 1454: 55745 us total, 12342 us display, type 3
frame 1455: 51323 us total, 11686 us display, type 3
frame 1456: 51135 us total, 11687 us display, type 3
axes L   -544  15827 R   -348   -149 T     0     0 level 0, 9 reports in 260 ms
frame 1457: 48489 us total, 12088 us display, type 3
frame 1458: 52582 us total, 12522 us display, type 3
[0;32mI (55709) PAD: report id 1 len 16: e0 7d d3 bd a4 7e 6b 7f 00 00 00 00 00 00 00 00 [0m
frame 1459: 48914 us total, 12052 us display, type 3
frame 1460: 48501 us total, 12210 us display, type 3
frame 1461: 47029 us total, 12054 us display, type 3
axes L   -544  15725 R   -348   -149 T     0     0 level 0, 10 reports in 274 ms
frame 1462: 52770 us total, 12258 us display, type 3
frame 1463: 50852 us total, 11687 us display, type 3
[0;32mI (55964) PAD: report id 1 len 16: e0 7d 6d bd a4 7e 6b 7f 00 00 00 00 00 00 00 00 [0m
frame 1464: 52706 us total, 11868 us display, type 3
frame 1465: 50119 us total, 12080 us display, type 3
frame 1466: 56877 us total, 12483 us display, type 3
axes L   -544  15725 R   -348   -149 T     0     0 level 0, 9 reports in 268 ms
frame 1467: 57491 us total, 11979 us display, type 3
frame 1468: 54219 us total, 11890 us display, type 3
[0;32mI (56234) PAD: report id 1 len 16: e0 7d 0b bd a4 7e 6b 7f 00 00 00 00 00 00 00 00 [0m
frame 1469: 55363 us total, 11765 us display, type 3
frame 1470: 55463 us total, 11859 us display, type 3
frame 1471: 58020 us total, 11698 us display, type 3
axes L   -489  15627 R   -348   -149 T     0     0 level 0, 9 reports in 253 ms
frame 1472: 56155 us total, 11784 us display, type 3
frame 1473: 52582 us total, 11897 us display, type 3
[0;32mI (56489) PAD: report id 1 len 16: 17 7e 0b bd a4 7e 6b 7f 00 00 00 00 00 00 00 00 [0m
frame 1474: 47013 us total, 12077 us display, type 3
frame 1475: 46252 us total, 11695 us display, type 3
frame 1476: 47082 us total, 12457 us display, type 3
axes L   -489  15526 R   -348   -149 T     0     0 level 0, 9 reports in 266 ms
frame 1477: 48492 us total, 12052 us display, type 3
frame 1478: 45574 us total, 12562 us display, type 3
[0;32mI (56759) PAD: report id 1 len 16: 17 7e a6 bc a4 7e 6b 7f 00 00 00 00 00 00 00 00 [0m
frame 1479: 54572 us total, 12933 us display, type 3
frame 1480: 55805 us total, 12495 us display, type 3
frame 1481: 54301 us total, 11686 us display, type 3
axes L   -489  15526 R   -348   -149 T     0     0 level 0, 9 reports in 266 ms
frame 1482: 55948 us total, 11694 us display, type 3
frame 1483: 55081 us total, 11687 us display, type 3
[0;32mI (57029) PAD: report id 1 len 16: 17 7e 45 bc a4 7e 6b 7f 00 00 00 00 00 00 00 00 [0m
frame 1484: 57562 us total, 11694 us display, type 3
frame 1485: 54533 us total, 12336 us display, type 3
frame 1486: 57220 us total, 12298 us display, type 3
axes L   -489  15429 R   -348   -149 T     0     0 level 0, 9 reports in 276 ms
frame 1487: 51854 us total, 11692 us display, type 3
frame 1488: 51943 us total, 11694 us display, type 3
[0;32mI (57299) PAD: report id 1 len 16: 17 7e 45 bc a4 7e 6b 7f 00 00 00 00 00 00 00 00 [0m
frame 1489: 52084 us total, 11693 us display, type 3
frame 1490: 56924 us total, 12077 us display, type 3
frame 1491: 51770 us total, 12407 us display, type 3
axes L   -489  15330 R   -348   -149 T     0     0 level 0, 9 reports in 266 ms
frame 1492: 53542 us total, 11701 us display, type 3
frame 1493: 50723 us total, 11858 us display, type 3
[0;32mI (57569) PAD: report id 1 len 16: 17 7e e2 bb a4 7e 6b 7f 00 00 00 00 00 00 00 00 [0m
frame 1494: 49790 us total, 12963 us display, type 3
frame 1495: 51345 us total, 11700 us display, type 3
frame 1496: 51084 us total, 11694 us display, type 3
axes L   -489  15330 R   -348   -149 T     0     0 level 0, 8 reports in 254 ms
frame 1497: 52655 us total, 12333 us display, type 3
frame 1498: 52115 us total, 11693 us display, type 3
frame 1499: 51309 us total, 11694 us display, type 3
[0;32mI (57839) PAD: report id 1 len 16: 17 7e 82 bb a4 7e 6b 7f 00 00 00 00 00 00 00 00 [0m
frame 1500: 52254 us total, 11865 us display, type 3
frame 1501: 51537 us total, 12338 us display, type 3
axes L   -489  15234 R   -348   -149 T     0     0 level 0, 10 reports in 259 ms
frame 1502: 51665 us total, 11685 us display, type 3
frame 1503: 52712 us total, 11687 us display, type 3
frame 1504: 49911 us total, 11693 us display, type 3
[0;32mI (58109) PAD: report id 1 len 16: 17 7e 82 bb a4 7e 6b 7f 00 00 00 00 00 00 00 00 [0m
frame 1505: 51164 us total, 12066 us display, type 3
frame 1506: 54313 us total, 11685 us display, type 3
axes L   -489  15234 R   -348   -149 T     0     0 level 0, 9 reports in 261 ms
frame 1507: 53404 us total, 12051 us display, type 3
frame 1508: 54408 us total, 12112 us display, type 3
frame 1509: 52726 us total, 11693 us display, type 3
[0;32mI (58364) PAD: report id 1 len 16: 17 7e 1d bb a4 7e 6b 7f 00 00 00 00 00 00 00 00 [0m
frame 1510: 56325 us total, 11696 us display, type 3
frame 1511: 53670 us total, 11693 us display, type 3
axes L   -489  15133 R   -348   -149 T     0     0 level 0, 9 reports in 272 ms
frame 1512: 55765 us total, 12090 us display, type 3
frame 1513: 51525 us total, 12038 us display, type 3
frame 1514: 45424 us total, 11855 us display, type 3
[0;32mI (58634) PAD: report id 1 len 16: 17 7e 1d bb a4 7e 6b 7f 00 00 00 00 00 00 00 00 [0m
frame 1515: 45490 us total, 12489 us display, type 3
frame 1516: 46827 us total, 12184 us display, type 3
frame 1517: 49303 us total, 11694 us display, type 3
axes L   -489  15036 R   -348   -149 T     0     0 level 0, 9 reports in 252 ms
frame 1518: 55003 us total, 11994 us display, type 3
frame 1519: 55711 us total, 11693 us display, type 3
[0;32mI (58889) PAD: report id 1 len 16: 17 7e bc ba a4 7e 6b 7f 00 00 00 00 00 00 00 00 [0m
frame 1520: 53730 us total, 12157 us display, type 3
frame 1521: 52092 us total, 11693 us display, type 3
axes L   -489  15036 R   -348   -149 T     0     0 level 0, 9 reports in 258 ms
frame 1522: 56134 us total, 11694 us display, type 3
frame 1523: 55118 us total, 11759 us display, type 3
frame 1524: 55359 us total, 12050 us display, type 3
[0;32mI (59159) PAD: report id 1 len 16: 17 7e 62 ba a4 7e 6b 7f 00 00 00 00 00 00 00 00 [0m
frame 1525: 56189 us total, 12577 us display, type 3
frame 1526: 52436 us total, 12089 us display, type 3
axes L   -489  14936 R   -348   -149 T     0     0 level 0, 9 reports in 269 ms
frame 1527: 50085 us total, 11689 us display, type 3
frame 1528: 50360 us total, 11845 us display, type 3
frame 1529: 50357 us total, 12148 us display, type 3
[0;32mI (59429) PAD: report id 1 len 16: 17 7e 58 ba a4 7e 6b 7f 00 00 00 00 00 00 00 00 [0m
frame 1530: 48923 us total, 11941 us display, type 3
frame 1531: 48859 us total, 11693 us display, type 3
frame 1532: 50606 us total, 12099 us display, type 3
axes L   -489  14936 R   -348   -149 T     0     0 level 0, 9 reports in 266 ms
frame 1533: 47176 us total, 11686 us display, type 3
frame 1534: 52091 us total, 11693 us display, type 3
[0;32mI (59699) PAD: report id 1 len 16: 17 7e fe b9 a4 7e 6b 7f 00 00 00 00 00 00 00 00 [0m
frame 1535: 56560 us total, 12774 us display, type 3
frame 1536: 51270 us total, 11952 us display, type 3
mem @frame 1536: heap free 66340, largest 40960, min ever 65520, zone free 40484, stack free 14540, uptime 59 s, gamestate 0, demo 1, usergame 0, tic 2020
frame 1537: 53650 us total, 11695 us display, type 3
axes L   -489  14839 R   -348   -149 T     0     0 level 0, 8 reports in 257 ms
frame 1538: 52862 us total, 11750 us display, type 3
frame 1539: 52641 us total, 12279 us display, type 3
[0;32mI (59969) PAD: report id 1 len 16: 17 7e f7 b9 a4 7e 6b 7f 00 00 00 00 00 00 00 00 [0m
frame 1540: 52173 us total, 13041 us display, type 3
frame 1541: 53429 us total, 11686 us display, type 3
axes L   -489  14839 R   -348   -149 T     0     0 level 0, 9 reports in 254 ms
frame 1542: 57042 us total, 11690 us display, type 3
frame 1543: 56074 us total, 11790 us display, type 3
frame 1544: 60484 us total, 11700 us display, type 3
[0;32mI (60239) PAD: report id 1 len 16: 17 7e 9d b9 a4 7e 6b 7f 00 00 00 00 00 00 00 00 [0m
frame 1545: 54877 us total, 11693 us display, type 3
frame 1546: 53705 us total, 11693 us display, type 3
axes L   -489  14743 R   -348   -149 T     0     0 level 0, 10 reports in 281 ms
frame 1547: 56865 us total, 11715 us display, type 3
frame 1548: 55346 us total, 12047 us display, type 3
frame 1549: 56963 us total, 12566 us display, type 3
[0;32mI (60494) PAD: report id 1 len 16: 17 7e 97 b9 a4 7e 6b 7f 00 00 00 00 00 00 00 00 [0m
frame 1550: 54322 us total, 12473 us display, type 3
frame 1551: 52743 us total, 11693 us display, type 3
axes L   -489  14743 R   -348   -149 T     0     0 level 0, 9 reports in 274 ms
frame 1552: 55547 us total, 11690 us display, type 3
frame 1553: 52300 us total, 11751 us display, type 3
frame 1554: 53207 us total, 12076 us display, type 3
[0;32mI (60764) PAD: report id 1 len 16: 17 7e 3c b9 a4 7e 6b 7f 00 00 00 00 00 00 00 00 [0m
frame 1555: 52959 us total, 12269 us display, type 3
frame 1556: 51256 us total, 11755 us display, type 3
axes L   -489  14647 R   -348   -149 T     0     0 level 0, 9 reports in 261 ms
frame 1557: 52573 us total, 11904 us display, type 3
frame 1558: 47548 us total, 12155 us display, type 3
frame 1559: 44663 us total, 11692 us display, type 3
[0;32mI (61034) PAD: report id 1 len 16: 17 7e 37 b9 a4 7e 6b 7f 00 00 00 00 00 00 00 00 [0m
frame 1560: 46767 us total, 12564 us display, type 3
frame 1561: 44237 us total, 11692 us display, type 3
frame 1562: 44496 us total, 12034 us display, type 3
axes L   -489  14647 R   -348   -149 T     0     0 level 0, 9 reports in 270 ms
frame 1563: 42507 us total, 11732 us display, type 3
frame 1564: 41413 us total, 11700 us display, type 3
frame 1565: 41738 us total, 12055 us display, type 3
frame 1566: 43117 us total, 11784 us display, type 3
[0;32mI (61304) PAD: report id 1 len 16: 17 7e dc b8 a4 7e 6b 7f 00 00 00 00 00 00 00 00 [0m
frame 1567: 42916 us total, 12499 us display, type 3
frame 1568: 40921 us total, 11725 us display, type 3
frame 1569: 38019 us total, 11707 us display, type 3
axes L   -489  14551 R   -348   -149 T     0     0 level 0, 8 reports in 262 ms
frame 1570: 38273 us total, 12067 us display, type 3
frame 1571: 37435 us total, 12401 us display, type 3
frame 1572: 37811 us total, 11686 us display, type 3
frame 1573: 36480 us total, 11962 us display, type 3
[0;32mI (61574) PAD: report id 1 len 16: 17 7e d7 b8 a4 7e 6b 7f 00 00 00 00 00 00 00 00 [0m
frame 1574: 38282 us total, 12495 us display, type 3
frame 1575: 34641 us total, 12210 us display, type 3
frame 1576: 37440 us total, 11693 us display, type 3
axes L   -489  14551 R   -348   -149 T     0     0 level 0, 9 reports in 260 ms
frame 1577: 35447 us total, 11693 us display, type 3
frame 1578: 36344 us total, 11693 us display, type 3
frame 1579: 37014 us total, 12485 us display, type 3
frame 1580: 36546 us total, 12432 us display, type 3
[0;32mI (61844) PAD: report id 1 len 16: 17 7e d7 b8 a4 7e 6b 7f 00 00 00 00 00 00 00 00 [0m
frame 1581: 37762 us total, 11894 us display, type 3
frame 1582: 35129 us total, 11686 us display, type 3
frame 1583: 36906 us total, 12263 us display, type 3
axes L   -489  14551 R   -348   -149 T     0     0 level 0, 9 reports in 255 ms
frame 1584: 36222 us total, 11687 us display, type 3
frame 1585: 35110 us total, 11699 us display, type 3
frame 1586: 35512 us total, 12446 us display, type 3
frame 1587: 34635 us total, 12312 us display, type 3
[0;32mI (62099) PAD: report id 1 len 16: 17 7e 76 b8 a4 7e 6b 7f 00 00 00 00 00 00 00 00 [0m
frame 1588: 36516 us total, 11693 us display, type 3
frame 1589: 34050 us total, 11787 us display, type 3
frame 1590: 32945 us total, 11694 us display, type 3
axes L   -489  14454 R   -348   -149 T     0     0 level 0, 8 reports in 251 ms
frame 1591: 33547 us total, 11849 us display, type 3
frame 1592: 33885 us total, 11693 us display, type 3
frame 1593: 32855 us total, 11948 us display, type 3
frame 1594: 32028 us total, 12229 us display, type 3
frame 1595: 32360 us total, 12059 us display, type 3
[0;32mI (62369) PAD: report id 1 len 16: 17 7e 76 b8 a4 7e 6b 7f 00 00 00 00 00 00 00 00 [0m
frame 1596: 32374 us total, 12545 us display, type 3
frame 1597: 31453 us total, 12060 us display, type 3
frame 1598: 33456 us total, 11686 us display, type 3
axes L   -489  14454 R   -348   -149 T     0     0 level 0, 9 reports in 257 ms
frame 1599: 33366 us total, 11827 us display, type 3
frame 1600: 36393 us total, 11952 us display, type 3
frame 1601: 35732 us total, 11693 us display, type 3
frame 1602: 36500 us total, 12067 us display, type 3
frame 1603: 34619 us total, 12065 us display, type 3
[0;32mI (62639) PAD: report id 1 len 16: 17 7e 16 b8 a4 7e 6b 7f 00 00 00 00 00 00 00 00 [0m
frame 1604: 37902 us total, 11718 us display, type 3
frame 1605: 35664 us total, 11694 us display, type 3
axes L   -489  14358 R   -348   -149 T     0     0 level 0, 9 reports in 257 ms
frame 1606: 38900 us total, 12383 us display, type 3
frame 1607: 37328 us total, 12281 us display, type 3
frame 1608: 37061 us total, 11837 us display, type 3
frame 1609: 38148 us total, 12037 us display, type 3
frame 1610: 43380 us total, 12093 us display, type 3
[0;32mI (62909) PAD: report id 1 len 16: 17 7e 16 b8 a4 7e 6b 7f 00 00 00 00 00 00 00 00 [0m
frame 1611: 38774 us total, 11857 us display, type 3
frame 1612: 40700 us total, 11693 us display, type 3
axes L   -489  14358 R   -348   -149 T     0     0 level 0, 8 reports in 264 ms
frame 1613: 43861 us total, 12055 us display, type 3
frame 1614: 42358 us total, 11990 us display, type 3
frame 1615: 44953 us total, 12069 us display, type 3
frame 1616: 42243 us total, 11867 us display, type 3
[0;32mI (63179) PAD: report id 1 len 16: 17 7e b4 b7 a4 7e 6b 7f 00 00 00 00 00 00 00 00 [0m
frame 1617: 42856 us total, 12732 us display, type 3
frame 1618: 40975 us total, 11693 us display, type 3
axes L   -489  14260 R   -348   -149 T     0     0 level 0, 9 reports in 257 ms
frame 1619: 43567 us total, 11686 us display, type 3
frame 1620: 42980 us total, 12067 us display, type 3
frame 1621: 43648 us total, 11687 us display, type 3
frame 1622: 44494 us total, 12475 us display, type 3
frame 1623: 45512 us total, 11687 us display, type 3
[0;32mI (63449) PAD: report id 1 len 16: 17 7e b4 b7 a4 7e 6b 7f 00 00 00 00 00 00 00 00 [0m
axes L   -489  14260 R   -348   -149 T     0     0 level 0, 8 reports in 251 ms
frame 1624: 45619 us total, 12080 us display, type 3
frame 1625: 42986 us total, 12044 us display, type 3
frame 1626: 45167 us total, 12046 us display, type 3
frame 1627: 44123 us total, 12073 us display, type 3
frame 1628: 46045 us total, 11686 us display, type 3
[0;32mI (63704) PAD: report id 1 len 16: 17 7e 51 b7 a4 7e 6b 7f 00 00 00 00 00 00 00 00 [0m
frame 1629: 44396 us total, 12545 us display, type 3
axes L   -489  14161 R   -348   -149 T     0     0 level 0, 10 reports in 267 ms
frame 1630: 44907 us total, 11686 us display, type 3
frame 1631: 44375 us total, 12235 us display, type 3
frame 1632: 41717 us total, 11686 us display, type 3
frame 1633: 43779 us total, 12271 us display, type 3
frame 1634: 37721 us total, 12071 us display, type 3
frame 1635: 41040 us total, 11854 us display, type 3
[0;32mI (63974) PAD: report id 1 len 16: 17 7e 51 b7 a4 7e 6b 7f 00 00 00 00 00 00 00 00 [0m
axes L   -489  14161 R   -348   -149 T     0     0 level 0, 8 reports in 251 ms
frame 1636: 43167 us total, 12052 us display, type 3
frame 1637: 39170 us total, 11688 us display, type 3
frame 1638: 38558 us total, 12070 us display, type 3
frame 1639: 35052 us total, 11692 us display, type 3
frame 1640: 36654 us total, 11694 us display, type 3
frame 1641: 35473 us total, 11686 us display, type 3
[0;32mI (64229) PAD: report id 1 len 16: 17 7e ed b6 a4 7e 6b 7f 00 00 00 00 00 00 00 00 [0m
frame 1642: 38128 us total, 12890 us display, type 3
axes L   -489  14061 R   -348   -149 T     0     0 level 0, 9 reports in 257 ms
frame 1643: 33997 us total, 12077 us display, type 3
frame 1644: 35278 us total, 12529 us display, type 3
frame 1645: 35396 us total, 11717 us display, type 3
frame 1646: 35650 us total, 11692 us display, type 3
frame 1647: 34667 us total, 11687 us display, type 3
frame 1648: 36976 us total, 11841 us display, type 3
frame 1649: 36850 us total, 12020 us display, type 3
[0;32mI (64484) PAD: report id 1 len 16: 17 7e 8d b6 a4 7e 6b 7f 00 00 00 00 00 00 00 00 [0m
axes L   -489  13965 R   -348   -149 T     0     0 level 0, 9 reports in 251 ms
frame 1650: 36991 us total, 12357 us display, type 3
frame 1651: 34765 us total, 12050 us display, type 3
frame 1652: 34666 us total, 11686 us display, type 3
frame 1653: 36353 us total, 11693 us display, type 3
frame 1654: 35200 us total, 11693 us display, type 3
frame 1655: 34419 us total, 11693 us display, type 3
frame 1656: 34548 us total, 12232 us display, type 3
[0;32mI (64754) PAD: report id 1 len 16: 17 7e 8d b6 a4 7e 6b 7f 00 00 00 00 00 00 00 00 [0m
frame 1657: 34243 us total, 12530 us display, type 3
axes L   -489  13965 R   -348   -149 T     0     0 level 0, 9 reports in 258 ms
frame 1658: 31381 us total, 12352 us display, type 3
frame 1659: 29202 us total, 12041 us display, type 3
frame 1660: 28109 us total, 12007 us display, type 3
frame 1661: 28371 us total, 11982 us display, type 3
frame 1662: 26914 us total, 12329 us display, type 3
frame 1663: 25862 us total, 11700 us display, type 3
frame 1664: 29172 us total, 12053 us display, type 3
frame 1665: 31778 us total, 11693 us display, type 3
frame 1666: 29810 us total, 11693 us display, type 3
axes L   -489  13866 R   -348   -149 T     0     0 level 0, 8 reports in 260 ms
[0;32mI (65024) PAD: report id 1 len 16: 17 7e 2a b6 a4 7e 6b 7f 00 00 00 00 00 00 00 00 [0m
frame 1667: 30706 us total, 11686 us display, type 3
frame 1668: 32790 us total, 12360 us display, type 3
frame 1669: 29875 us total, 12459 us display, type 3
frame 1670: 30516 us total, 12362 us display, type 3
frame 1671: 34088 us total, 12287 us display, type 3
frame 1672: 33903 us total, 12075 us display, type 3
frame 1673: 41331 us total, 11812 us display, type 3
axes L   -489  13768 R   -348   -149 T     0     0 level 0, 9 reports in 258 ms
[0;32mI (65294) PAD: report id 1 len 16: 17 7e c8 b5 a4 7e 6b 7f 00 00 00 00 00 00 00 00 [0m
frame 1674: 39812 us total, 12429 us display, type 3
frame 1675: 39645 us total, 12233 us display, type 3
frame 1676: 44282 us total, 11976 us display, type 3
frame 1677: 42940 us total, 12079 us display, type 3
frame 1678: 45226 us total, 11693 us display, type 3
frame 1679: 44007 us total, 12072 us display, type 3
axes L   -489  13768 R   -348   -149 T     0     0 level 0, 9 reports in 264 ms
frame 1680: 47389 us total, 11685 us display, type 3
[0;32mI (65564) PAD: report id 1 len 16: 17 7e c8 b5 a4 7e 6b 7f 00 00 00 00 00 00 00 00 [0m
frame 1681: 51164 us total, 11906 us display, type 3
frame 1682: 47356 us total, 11694 us display, type 3
frame 1683: 48931 us total, 12213 us display, type 3
frame 1684: 46653 us total, 11687 us display, type 3
frame 1685: 46145 us total, 12065 us display, type 3
[0;32mI (65819) PAD: report id 1 len 16: 17 7e 67 b5 a4 7e 6b 7f 00 00 00 00 00 00 00 00 [0m
axes L   -489  13671 R   -348   -149 T     0     0 level 0, 10 reports in 288 ms
frame 1686: 48277 us total, 11693 us display, type 3
frame 1687: 49480 us total, 12025 us display, type 3
frame 1688: 46664 us total, 12157 us display, type 3
frame 1689: 46823 us total, 12096 us display, type 3
frame 1690: 46964 us total, 12046 us display, type 3
frame 1691: 44668 us total, 11687 us display, type 3
[0;32mI (66089) PAD: report id 1 len 16: 17 7e 06 b5 a4 7e 6b 7f 00 00 00 00 00 00 00 00 [0m
axes L   -489  13574 R   -348   -149 T     0     0 level 0, 10 reports in 282 ms
frame 1692: 48040 us total, 12193 us display, type 3
frame 1693: 48712 us total, 11693 us display, type 3
frame 1694: 46384 us total, 11829 us display, type 3
frame 1695: 40436 us total, 12051 us display, type 3
frame 1696: 39823 us total, 12099 us display, type 3
frame 1697: 42435 us total, 11822 us display, type 3
[0;32mI (66359) PAD: report id 1 len 16: 17 7e 06 b5 a4 7e 6b 7f 00 00 00 00 00 00 00 00 [0m
frame 1698: 41047 us total, 11686 us display, type 3
axes L   -489  13484 R   -348   -149 T     0     0 level 0, 10 reports in 274 ms
frame 1699: 40241 us total, 12350 us display, type 3
frame 1700: 40565 us total, 12002 us display, type 3
frame 1701: 41075 us total, 12478 us display, type 3
frame 1702: 41713 us total, 11693 us display, type 3
frame 1703: 38134 us total, 11976 us display, type 3
[0;32mI (66629) PAD: report id 1 len 16: 17 7e a4 b4 a4 7e 6b 7f 00 00 00 00 00 00 00 00 [0m
frame 1704: 41754 us total, 12792 us display, type 3
axes L   -489  13476 R   -348   -149 T     0     0 level 0, 8 reports in 254 ms
frame 1705: 39726 us total, 11693 us display, type 3
frame 1706: 40821 us total, 11689 us display, type 3
frame 1707: 37352 us total, 11870 us display, type 3
frame 1708: 38132 us total, 11719 us display, type 3
frame 1709: 37270 us total, 11857 us display, type 3
frame 1710: 37033 us total, 11689 us display, type 3
[0;32mI (66899) PAD: report id 1 len 16: 40 7e 43 b4 a4 7e 6b 7f 00 00 00 00 00 00 00 00 [0m
frame 1711: 38925 us total, 12903 us display, type 3
axes L   -448  13379 R   -348   -149 T     0     0 level 0, 10 reports in 257 ms
frame 1712: 36565 us total, 12364 us display, type 3
frame 1713: 35457 us total, 11685 us display, type 3
frame 1714: 34892 us total, 12390 us display, type 3
frame 1715: 35315 us total, 11689 us display, type 3
frame 1716: 41762 us total, 11918 us display, type 3
frame 1717: 37397 us total, 11686 us display, type 3
[0;32mI (67154) PAD: report id 1 len 16: 40 7e de b3 a4 7e 6b 7f 00 00 00 00 00 00 00 00 [0m
frame 1718: 41629 us total, 13061 us display, type 3
axes L   -448  13278 R   -348   -149 T     0     0 level 0, 9 reports in 263 ms
frame 1719: 40145 us total, 11687 us display, type 3
frame 1720: 38003 us total, 11686 us display, type 3
frame 1721: 44550 us total, 11693 us display, type 3
frame 1722: 40570 us total, 11692 us display, type 3
frame 1723: 41880 us total, 12069 us display, type 3
frame 1724: 40266 us total, 12025 us display, type 3
[0;32mI (67424) PAD: report id 1 len 16: 40 7e 7c b3 a4 7e 6b 7f 00 00 00 00 00 00 00 00 [0m
frame 1725: 38343 us total, 11912 us display, type 3
axes L   -448  13180 R   -348   -149 T     0     0 level 0, 9 reports in 283 ms
frame 1726: 38511 us total, 12280 us display, type 3
frame 1727: 34547 us total, 12066 us display, type 3
frame 1728: 35856 us total, 11700 us display, type 3
frame 1729: 40181 us total, 11696 us display, type 3
frame 1730: 36357 us total, 11685 us display, type 3
frame 1731: 38395 us total, 12240 us display, type 3
[0;32mI (67694) PAD: report id 1 len 16: 40 7e 24 b3 a4 7e 6b 7f 00 00 00 00 00 00 00 00 [0m
frame 1732: 39608 us total, 11859 us display, type 3
axes L   -448  13092 R   -348   -149 T     0     0 level 0, 9 reports in 263 ms
frame 1733: 37262 us total, 12392 us display, type 3
frame 1734: 38110 us total, 11695 us display, type 3
frame 1735: 37088 us total, 11958 us display, type 3
frame 1736: 39232 us total, 12233 us display, type 3
frame 1737: 36503 us total, 12333 us display, type 3
frame 1738: 38128 us total, 11699 us display, type 3
[0;32mI (67949) PAD: report id 1 len 16: 40 7e 19 b3 a4 7e 6b 7f 00 00 00 00 00 00 00 00 [0m
frame 1739: 36445 us total, 11696 us display, type 3
axes L   -448  13081 R   -348   -149 T     0     0 level 0, 10 reports in 284 ms
frame 1740: 36288 us total, 12417 us display, type 3
frame 1741: 33609 us total, 12033 us display, type 3
frame 1742: 35524 us total, 12208 us display, type 3
frame 1743: 32759 us total, 11686 us display, type 3
frame 1744: 35004 us total, 11740 us display, type 3
frame 1745: 32805 us total, 11813 us display, type 3
frame 1746: 33041 us total, 11687 us display, type 3
[0;32mI (68219) PAD: report id 1 len 16: 40 7e b7 b2 a4 7e 6b 7f 00 00 00 00 00 00 00 00 [0m
frame 1747: 35108 us total, 11693 us display, type 3
axes L   -448  12983 R   -348   -149 T     0     0 level 0, 9 reports in 253 ms
frame 1748: 33822 us total, 12502 us display, type 3
frame 1749: 33748 us total, 12430 us display, type 3
frame 1750: 32801 us total, 12554 us display, type 3
frame 1751: 33696 us total, 11692 us display, type 3
frame 1752: 32217 us total, 11933 us display, type 3
frame 1753: 34175 us total, 11694 us display, type 3
frame 1754: 31582 us total, 11687 us display, type 3
[0;32mI (68489) PAD: report id 1 len 16: 40 7e 55 b2 a4 7e 6b 7f 00 00 00 00 00 00 00 00 [0m
frame 1755: 32120 us total, 11687 us display, type 3
axes L   -448  12885 R   -348   -149 T     0     0 level 0, 9 reports in 281 ms
frame 1756: 32682 us total, 12048 us display, type 3
frame 1757: 32148 us total, 11693 us display, type 3
frame 1758: 33315 us total, 12416 us display, type 3
frame 1759: 31000 us total, 12261 us display, type 3
frame 1760: 31703 us total, 12033 us display, type 3
frame 1761: 31661 us total, 12064 us display, type 3
frame 1762: 30893 us total, 12502 us display, type 3
[0;32mI (68759) PAD: report id 1 len 16: 40 7e f2 b1 a4 7e 6b 7f 00 00 00 00 00 00 00 00 [0m
frame 1763: 30787 us total, 12574 us display, type 3
axes L   -448  12786 R   -348   -149 T     0     0 level 0, 8 reports in 255 ms
frame 1764: 34829 us total, 11685 us display, type 3
frame 1765: 32294 us total, 11699 us display, type 3
frame 1766: 32165 us total, 11779 us display, type 3
frame 1767: 33256 us total, 11980 us display, type 3
frame 1768: 33328 us total, 11690 us display, type 3
frame 1769: 32558 us total, 12053 us display, type 3
frame 1770: 34358 us total, 11958 us display, type 3
[0;32mI (69029) PAD: report id 1 len 16: 40 7e 92 b1 a4 7e 6b 7f 00 00 00 00 00 00 00 00 [0m
frame 1771: 34130 us total, 12795 us display, type 3
axes L   -448  12690 R   -348   -149 T     0     0 level 0, 9 reports in 265 ms
frame 1772: 33358 us total, 12075 us display, type 3
frame 1773: 34946 us total, 11692 us display, type 3
frame 1774: 35496 us total, 11720 us display, type 3
frame 1775: 33867 us total, 11686 us display, type 3
frame 1776: 35133 us total, 11693 us display, type 3
frame 1777: 34361 us total, 12411 us display, type 3
frame 1778: 33568 us total, 12057 us display, type 3
[0;32mI (69299) PAD: report id 1 len 16: 40 7e 30 b1 a4 7e 6b 7f 00 00 00 00 00 00 00 00 [0m
frame 1779: 34182 us total, 12558 us display, type 3
axes L   -448  12592 R   -348   -149 T     0     0 level 0, 9 reports in 255 ms
frame 1780: 34280 us total, 11692 us display, type 3
frame 1781: 33063 us total, 11731 us display, type 3
frame 1782: 33558 us total, 11686 us display, type 3
frame 1783: 32624 us total, 11851 us display, type 3
frame 1784: 35342 us total, 11686 us display, type 3
frame 1785: 32785 us total, 11849 us display, type 3
frame 1786: 32513 us total, 11695 us display, type 3
[0;32mI (69554) PAD: report id 1 len 16: 40 7e ca b0 a4 7e 6b 7f 00 00 00 00 00 00 00 00 [0m
axes L   -448  12490 R   -348   -149 T     0     0 level 0, 9 reports in 253 ms
frame 1787: 32945 us total, 11688 us display, type 3
frame 1788: 31780 us total, 11696 us display, type 3
frame 1789: 31888 us total, 11689 us display, type 3
frame 1790: 32649 us total, 11693 us display, type 3
frame 1791: 32647 us total, 11964 us display, type 3
frame 1792: 31181 us total, 12430 us display, type 3
mem @frame 1792: heap free 66340, largest 40960, min ever 65520, zone free 40204, stack free 14540, uptime 69 s, gamestate 0, demo 1, usergame 0, tic 2370
frame 1793: 33230 us total, 12506 us display, type 3
frame 1794: 32118 us total, 11940 us display, type 3
[0;32mI (69809) PAD: report id 1 len 16: 40 7e 74 b0 a4 7e 6b 7f 00 00 00 00 00 00 00 00 [0m
axes L   -448  12404 R   -348   -149 T     0     0 level 0, 9 reports in 257 ms
frame 1795: 32572 us total, 12295 us display, type 3
frame 1796: 36123 us total, 11871 us display, type 3
frame 1797: 34409 us total, 11917 us display, type 3
frame 1798: 35232 us total, 11689 us display, type 3
frame 1799: 33470 us total, 11692 us display, type 3
frame 1800: 35442 us total, 12039 us display, type 3
frame 1801: 32538 us total, 12296 us display, type 3
[0;32mI (70064) PAD: report id 1 len 16: 40 7e 14 b0 a4 7e 6b 7f 00 00 00 00 00 00 00 00 [0m
frame 1802: 34338 us total, 12569 us display, type 3
axes L   -448  12308 R   -348   -149 T     0     0 level 0, 9 reports in 255 ms
frame 1803: 37859 us total, 12366 us display, type 3
frame 1804: 35600 us total, 12384 us display, type 3
frame 1805: 34983 us total, 11972 us display, type 3
frame 1806: 37058 us total, 11703 us display, type 3
frame 1807: 35523 us total, 11686 us display, type 3
frame 1808: 37073 us total, 12075 us display, type 3
[0;32mI (70319) PAD: report id 1 len 16: 40 7e 01 b0 a4 7e 6b 7f 00 00 00 00 00 00 00 00 [0m
frame 1809: 35866 us total, 12622 us display, type 3
axes L   -448  12289 R   -348   -149 T     0     0 level 0, 9 reports in 253 ms
frame 1810: 38504 us total, 11695 us display, type 3
frame 1811: 36684 us total, 11690 us display, type 3
frame 1812: 36441 us total, 12390 us display, type 3
frame 1813: 37285 us total, 12091 us display, type 3
frame 1814: 36847 us total, 11849 us display, type 3
frame 1815: 36520 us total, 11686 us display, type 3
[0;32mI (70589) PAD: report id 1 len 16: 40 7e 9c af a4 7e 6b 7f 00 00 00 00 00 00 00 00 [0m
frame 1816: 39401 us total, 12865 us display, type 3
axes L   -448  12188 R   -348   -149 T     0     0 level 0, 9 reports in 261 ms
frame 1817: 35959 us total, 12203 us display, type 3
frame 1818: 36855 us total, 11894 us display, type 3
frame 1819: 33730 us total, 11686 us display, type 3
frame 1820: 35708 us total, 11693 us display, type 3
frame 1821: 33537 us total, 11693 us display, type 3
frame 1822: 34867 us total, 12263 us display, type 3
frame 1823: 32492 us total, 12096 us display, type 3
axes L   -448  12091 R   -348   -149 T     0     0 level 0, 8 reports in 253 ms
[0;32mI (70859) PAD: report id 1 len 16: 40 7e 3b af a4 7e 6b 7f 00 00 00 00 00 00 00 00 [0m
frame 1824: 34607 us total, 12653 us display, type 3
frame 1825: 32666 us total, 11686 us display, type 3
frame 1826: 37926 us total, 11745 us display, type 3
frame 1827: 32811 us total, 11878 us display, type 3
frame 1828: 35575 us total, 11686 us display, type 3
frame 1829: 34122 us total, 12233 us display, type 3
frame 1830: 34255 us total, 12065 us display, type 3
frame 1831: 34476 us total, 11693 us display, type 3
axes L   -448  12015 R   -348   -149 T     0     0 level 0, 9 reports in 266 ms
[0;32mI (71114) PAD: report id 1 len 16: 40 7e ef ae a4 7e 6b 7f 00 00 00 00 00 00 00 00 [0m
frame 1832: 36723 us total, 12200 us display, type 3
frame 1833: 33704 us total, 12283 us display, type 3
frame 1834: 36074 us total, 11692 us display, type 3
frame 1835: 36359 us total, 11697 us display, type 3
frame 1836: 37343 us total, 11692 us display, type 3
frame 1837: 35683 us total, 12262 us display, type 3
frame 1838: 35540 us total, 12055 us display, type 3
axes L   -448  11995 R   -348   -149 T     0     0 level 0, 9 reports in 251 ms
[0;32mI (71384) PAD: report id 1 len 16: 40 7e db ae a4 7e 6b 7f 00 00 00 00 00 00 00 00 [0m
frame 1839: 36802 us total, 11861 us display, type 3
frame 1840: 35647 us total, 11686 us display, type 3
frame 1841: 36509 us total, 11693 us display, type 3
frame 1842: 36316 us total, 12527 us display, type 3
frame 1843: 36518 us total, 12107 us display, type 3
frame 1844: 37934 us total, 11686 us display, type 3
frame 1845: 39239 us total, 11693 us display, type 3
axes L   -448  11897 R   -348   -149 T     0     0 level 0, 8 reports in 258 ms
[0;32mI (71654) PAD: report id 1 len 16: 40 7e 79 ae a4 7e 6b 7f 00 00 00 00 00 00 00 00 [0m
frame 1846: 45620 us total, 13078 us display, type 3
frame 1847: 41867 us total, 11686 us display, type 3
frame 1848: 42032 us total, 12085 us display, type 3
frame 1849: 41976 us total, 11807 us display, type 3
frame 1850: 40194 us total, 11693 us display, type 3
frame 1851: 39085 us total, 11689 us display, type 3
axes L   -448  11820 R   -348   -149 T     0     0 level 0, 9 reports in 250 ms
[0;32mI (71909) PAD: report id 1 len 16: 40 7e 2c ae a4 7e 6b 7f 00 00 00 00 00 00 00 00 [0m
frame 1852: 40122 us total, 12799 us display, type 3
frame 1853: 36610 us total, 11689 us display, type 3
frame 1854: 37893 us total, 12295 us display, type 3
frame 1855: 37602 us total, 12065 us display, type 3
frame 1856: 38934 us total, 11692 us display, type 3
frame 1857: 38643 us total, 11686 us display, type 3
axes L   -448  11795 R   -348   -149 T     0     0 level 0, 9 reports in 256 ms
frame 1858: 40762 us total, 12089 us display, type 3
[0;32mI (72164) PAD: report id 1 len 16: 40 7e 13 ae a4 7e 6b 7f 00 00 00 00 00 00 00 00 [0m
frame 1859: 39441 us total, 11687 us display, type 3
frame 1860: 38331 us total, 12026 us display, type 3
frame 1861: 38340 us total, 11799 us display, type 3
frame 1862: 38216 us total, 11693 us display, type 3
frame 1863: 37712 us total, 11968 us display, type 3
frame 1864: 37282 us total, 11692 us display, type 3
axes L   -448  11698 R   -348   -149 T     0     0 level 0, 10 reports in 268 ms
frame 1865: 39380 us total, 12279 us display, type 3
[0;32mI (72434) PAD: report id 1 len 16: 40 7e b2 ad a4 7e 6b 7f 00 00 00 00 00 00 00 00 [0m
frame 1866: 39107 us total, 11821 us display, type 3
frame 1867: 38886 us total, 12040 us display, type 3
frame 1868: 39297 us total, 12062 us display, type 3
frame 1869: 39650 us total, 11692 us display, type 3
frame 1870: 38318 us total, 11693 us display, type 3
frame 1871: 40086 us total, 12398 us display, type 3
axes L   -448  11628 R   -348   -149 T     0     0 level 0, 9 reports in 275 ms
frame 1872: 40740 us total, 11692 us display, type 3
[0;32mI (72704) PAD: report id 1 len 16: 40 7e 6c ad a4 7e 6b 7f 00 00 00 00 00 00 00 00 [0m
frame 1873: 40795 us total, 12055 us display, type 3
frame 1874: 41958 us total, 11700 us display, type 3
frame 1875: 40884 us total, 12398 us display, type 3
frame 1876: 39334 us total, 12091 us display, type 3
frame 1877: 42084 us total, 11933 us display, type 3
frame 1878: 41056 us total, 12348 us display, type 3
axes L   -448  11596 R   -348   -149 T     0     0 level 0, 10 reports in 260 ms
[0;32mI (72959) PAD: report id 1 len 16: 40 7e 4c ad a4 7e 6b 7f 00 00 00 00 00 00 00 00 [0m
frame 1879: 44846 us total, 11693 us display, type 3
frame 1880: 44387 us total, 11872 us display, type 3
frame 1881: 34709 us total, 11800 us display, type 3
frame 1882: 31856 us total, 11719 us display, type 3
frame 1883: 36748 us total, 12358 us display, type 3
frame 1884: 36158 us total, 12316 us display, type 3
axes L   -448  11500 R   -348   -149 T     0     0 level 0, 9 reports in 255 ms
frame 1885: 40593 us total, 11740 us display, type 3
[0;32mI (73214) PAD: report id 1 len 16: 40 7e ec ac a4 7e 6b 7f 00 00 00 00 00 00 00 00 [0m
frame 1886: 39253 us total, 11685 us display, type 3
frame 1887: 42043 us total, 12382 us display, type 3
frame 1888: 38211 us total, 11693 us display, type 3
frame 1889: 41224 us total, 11693 us display, type 3
frame 1890: 43625 us total, 11692 us display, type 3
frame 1891: 41217 us total, 11714 us display, type 3
axes L   -448  11500 R   -348   -149 T     0     0 level 0, 8 reports in 259 ms
[0;32mI (73484) PAD: report id 1 len 16: 40 7e a5 ac a4 7e 6b 7f 00 00 00 00 00 00 00 00 [0m
frame 1892: 47136 us total, 12859 us display, type 3
frame 1893: 41232 us total, 11692 us display, type 3
frame 1894: 45605 us total, 12043 us display, type 3
frame 1895: 43687 us total, 11686 us display, type 3
frame 1896: 45257 us total, 12195 us display, type 3
axes L   -448  11402 R   -348   -149 T     0     0 level 0, 9 reports in 254 ms
frame 1897: 45230 us total, 11855 us display, type 3
[0;32mI (73754) PAD: report id 1 len 16: 40 7e 8a ac a4 7e 6b 7f 00 00 00 00 00 00 00 00 [0m
frame 1898: 44451 us total, 12483 us display, type 3
frame 1899: 43696 us total, 11701 us display, type 3
frame 1900: 42907 us total, 12381 us display, type 3
frame 1901: 43966 us total, 11739 us display, type 3
frame 1902: 40261 us total, 11692 us display, type 3
axes L   -448  11331 R   -348   -149 T     0     0 level 0, 9 reports in 260 ms
frame 1903: 45267 us total, 11692 us display, type 3
[0;32mI (74009) PAD: report id 1 len 16: 40 7e 43 ac a4 7e 6b 7f 00 00 00 00 00 00 00 00 [0m
frame 1904: 42684 us total, 12519 us display, type 3
frame 1905: 45260 us total, 12130 us display, type 3
frame 1906: 44415 us total, 11695 us display, type 3
frame 1907: 44096 us total, 12087 us display, type 3
frame 1908: 42507 us total, 11689 us display, type 3
axes L   -448  11305 R   -348   -149 T     0     0 level 0, 9 reports in 262 ms
frame 1909: 43412 us total, 12157 us display, type 3
[0;32mI (74264) PAD: report id 1 len 16: 40 7e 29 ac a4 7e 6b 7f 00 00 00 00 00 00 00 00 [0m
frame 1910: 40565 us total, 11952 us display, type 3
frame 1911: 45734 us total, 12502 us display, type 3
frame 1912: 46497 us total, 11696 us display, type 3
frame 1913: 47051 us total, 11703 us display, type 3
frame 1914: 47013 us total, 12487 us display, type 3
frame 1915: 43585 us total, 11696 us display, type 3
axes L   -448  11231 R   -348   -149 T     0     0 level 0, 10 reports in 284 ms
[0;32mI (74519) PAD: report id 1 len 16: 40 7e c9 ab a4 7e 6b 7f 00 00 00 00 00 00 00 00 [0m
frame 1916: 46588 us total, 12079 us display, type 3
frame 1917: 45975 us total, 11907 us display, type 3
frame 1918: 44782 us total, 12262 us display, type 3
frame 1919: 46144 us total, 11841 us display, type 3
frame 1920: 45714 us total, 12281 us display, type 3
axes L   -448  11209 R   -348   -149 T     0     0 level 0, 9 reports in 260 ms
frame 1921: 45219 us total, 11795 us display, type 3
[0;32mI (74789) PAD: report id 1 len 16: 40 7e c9 ab a4 7e 6b 7f 00 00 00 00 00 00 00 00 [0m
frame 1922: 44288 us total, 12097 us display, type 3
frame 1923: 44264 us total, 11689 us display, type 3
frame 1924: 45308 us total, 12147 us display, type 3
frame 1925: 44281 us total, 11918 us display, type 3
frame 1926: 47998 us total, 12068 us display, type 3
axes L   -448  11112 R   -348   -149 T     0     0 level 0, 9 reports in 274 ms
frame 1927: 48215 us total, 11693 us display, type 3
[0;32mI (75059) PAD: report id 1 len 16: 40 7e 68 ab a4 7e 6b 7f 00 00 00 00 00 00 00 00 [0m
frame 1928: 50056 us total, 11820 us display, type 3
frame 1929: 48521 us total, 12297 us display, type 3
frame 1930: 45212 us total, 11896 us display, type 3
frame 1931: 43228 us total, 12059 us display, type 3
frame 1932: 43053 us total, 11888 us display, type 3
axes L   -448  11112 R   -348   -149 T     0     0 level 0, 9 reports in 257 ms
[0;32mI (75329) PAD: report id 1 len 16: 40 7e 68 ab a4 7e 6b 7f 00 00 00 00 00 00 00 00 [0m
frame 1933: 45230 us total, 12736 us display, type 3
frame 1934: 45702 us total, 12041 us display, type 3
frame 1935: 47556 us total, 12158 us display, type 3
frame 1936: 46155 us total, 11941 us display, type 3
frame 1937: 45708 us total, 12167 us display, type 3
frame 1938: 44290 us total, 11964 us display, type 3
axes L   -448  11038 R   -348   -149 T     0     0 level 0, 8 reports in 260 ms
[0;32mI (75584) PAD: report id 1 len 16: 40 7e 08 ab a4 7e 6b 7f 00 00 00 00 00 00 00 00 [0m
frame 1939: 49406 us total, 11685 us display, type 3
frame 1940: 47254 us total, 12055 us display, type 3
frame 1941: 46872 us total, 12288 us display, type 3
frame 1942: 48308 us total, 11701 us display, type 3
frame 1943: 47020 us total, 12374 us display, type 3
axes L   -448  11016 R   -348   -149 T     0     0 level 0, 9 reports in 252 ms
frame 1944: 47617 us total, 11687 us display, type 3
[0;32mI (75854) PAD: report id 1 len 16: 40 7e 08 ab a4 7e 6b 7f 00 00 00 00 00 00 00 00 [0m
frame 1945: 49377 us total, 11694 us display, type 3
frame 1946: 48539 us total, 12076 us display, type 3
frame 1947: 46682 us total, 12516 us display, type 3
frame 1948: 48926 us total, 11857 us display, type 3
axes L   -448  10942 R   -348   -149 T     0     0 level 0, 10 reports in 263 ms
frame 1949: 49889 us total, 11692 us display, type 3
[0;32mI (76124) PAD: report id 1 len 16: 40 7e a7 aa a4 7e 6b 7f 00 00 00 00 00 00 00 00 [0m
frame 1950: 48621 us total, 11768 us display, type 3
frame 1951: 50519 us total, 12078 us display, type 3
frame 1952: 46421 us total, 11687 us display, type 3
frame 1953: 43542 us total, 12077 us display, type 3
frame 1954: 45078 us total, 11988 us display, type 3
axes L   -448  10919 R   -348   -149 T     0     0 level 0, 9 reports in 280 ms
frame 1955: 46947 us total, 12065 us display, type 3
[0;32mI (76394) PAD: report id 1 len 16: 40 7e a7 aa a4 7e 6b 7f 00 00 00 00 00 00 00 00 [0m
frame 1956: 42106 us total, 11810 us display, type 3
frame 1957: 52793 us total, 11699 us display, type 3
frame 1958: 47490 us total, 12273 us display, type 3
frame 1959: 47886 us total, 12034 us display, type 3
frame 1960: 47798 us total, 12071 us display, type 3
axes L   -448  10841 R   -348   -149 T     0     0 level 0, 9 reports in 254 ms
frame 1961: 46834 us total, 11773 us display, type 3
[0;32mI (76664) PAD: report id 1 len 16: 40 7e 47 aa a4 7e 6b 7f 00 00 00 00 00 00 00 00 [0m
frame 1962: 50715 us total, 11829 us display, type 3
frame 1963: 48888 us total, 12053 us display, type 3
frame 1964: 49471 us total, 11819 us display, type 3
frame 1965: 47819 us total, 12544 us display, type 3
axes L   -448  10823 R   -348   -149 T     0     0 level 0, 9 reports in 260 ms
frame 1966: 53256 us total, 12059 us display, type 3
[0;32mI (76934) PAD: report id 1 len 16: 40 7e 47 aa a4 7e 6b 7f 00 00 00 00 00 00 00 00 [0m
frame 1967: 49921 us total, 11699 us display, type 3
frame 1968: 49213 us total, 11700 us display, type 3
frame 1969: 48680 us total, 12238 us display, type 3
frame 1970: 48885 us total, 11699 us display, type 3
axes L   -448  10745 R   -348   -149 T     0     0 level 0, 8 reports in 265 ms
frame 1971: 48971 us total, 12050 us display, type 3
frame 1972: 48472 us total, 11699 us display, type 3
[0;32mI (77204) PAD: report id 1 len 16: 40 7e f9 a9 a4 7e 6b 7f 00 00 00 00 00 00 00 00 [0m
frame 1973: 49933 us total, 12158 us display, type 3
frame 1974: 46141 us total, 11748 us display, type 3
frame 1975: 46626 us total, 12139 us display, type 3
frame 1976: 44661 us total, 11692 us display, type 3
axes L   -448  10727 R   -348   -149 T     0     0 level 0, 10 reports in 281 ms
frame 1977: 45448 us total, 12050 us display, type 3
[0;32mI (77459) PAD: report id 1 len 16: 40 7e e7 a9 a4 7e 6b 7f 00 00 00 00 00 00 00 00 [0m
frame 1978: 44192 us total, 11990 us display, type 3
frame 1979: 47934 us total, 12069 us display, type 3
frame 1980: 45888 us total, 11692 us display, type 3
frame 1981: 46813 us total, 12561 us display, type 3
frame 1982: 47168 us total, 11693 us display, type 3
axes L   -448  10647 R   -348   -149 T     0     0 level 0, 10 reports in 278 ms
frame 1983: 45758 us total, 11692 us display, type 3
[0;32mI (77729) PAD: report id 1 len 16: 40 7e 97 a9 a4 7e 6b 7f 00 00 00 00 00 00 00 00 [0m
frame 1984: 48813 us total, 12059 us display, type 3
frame 1985: 48720 us total, 11686 us display, type 3
frame 1986: 47407 us total, 12386 us display, type 3
frame 1987: 52763 us total, 12250 us display, type 3
frame 1988: 49665 us total, 11954 us display, type 3
axes L   -448  10631 R   -348   -149 T     0     0 level 0, 8 reports in 261 ms
[0;32mI (77999) PAD: report id 1 len 16: 40 7e 87 a9 a4 7e 6b 7f 00 00 00 00 00 00 00 00 [0m
frame 1989: 50632 us total, 11693 us display, type 3
frame 1990: 50033 us total, 12250 us display, type 3
frame 1991: 48826 us total, 11685 us display, type 3
frame 1992: 50215 us total, 12539 us display, type 3
frame 1993: 51583 us total, 12033 us display, type 3
axes L   -448  10550 R   -348   -149 T     0     0 level 0, 9 reports in 253 ms
[0;32mI (78254) PAD: report id 1 len 16: 40 7e 36 a9 a4 7e 6b 7f 00 00 00 00 00 00 00 00 [0m
frame 1994: 48951 us total, 12765 us display, type 3
frame 1995: 47706 us total, 12077 us display, type 3
frame 1996: 47410 us total, 11693 us display, type 3
frame 1997: 45804 us total, 11686 us display, type 3
frame 1998: 43796 us total, 11693 us display, type 3
axes L   -448  10533 R   -348   -149 T     0     0 level 0, 10 reports in 265 ms
frame 1999: 47613 us total, 11920 us display, type 3
[0;32mI (78509) PAD: report id 1 len 16: 40 7e 25 a9 a4 7e 6b 7f 00 00 00 00 00 00 00 00 [0m
frame 2000: 43272 us total, 11699 us display, type 3
frame 2001: 49609 us total, 11686 us display, type 3
frame 2002: 49318 us total, 12213 us display, type 3
frame 2003: 47282 us total, 11692 us display, type 3
frame 2004: 49371 us total, 11693 us display, type 3
axes L   -448  10454 R   -348   -149 T     0     0 level 0, 8 reports in 252 ms
[0;32mI (78764) PAD: report id 1 len 16: 40 7e c4 a8 a4 7e 6b 7f 00 00 00 00 00 00 00 00 [0m
frame 2005: 52653 us total, 11769 us display, type 3
frame 2006: 53066 us total, 11693 us display, type 3
frame 2007: 49884 us total, 12388 us display, type 3
frame 2008: 51216 us total, 11686 us display, type 3
frame 2009: 52090 us total, 11712 us display, type 3
axes L   -448  10436 R   -348   -149 T     0     0 level 0, 9 reports in 258 ms
[0;32mI (79034) PAD: report id 1 len 16: 40 7e c4 a8 a4 7e 6b 7f 00 00 00 00 00 00 00 00 [0m
frame 2010: 53612 us total, 12769 us display, type 3
frame 2011: 54974 us total, 12065 us display, type 3
frame 2012: 50881 us total, 11693 us display, type 3
frame 2013: 50127 us total, 11711 us display, type 3
frame 2014: 52604 us total, 12304 us display, type 3
axes L   -448  10358 R   -348   -149 T     0     0 level 0, 9 reports in 262 ms
[0;32mI (79289) PAD: report id 1 len 16: 40 7e 61 a8 a4 7e 6b 7f 00 00 00 00 00 00 00 00 [0m
frame 2015: 55721 us total, 11685 us display, type 3
frame 2016: 51279 us total, 12560 us display, type 3
frame 2017: 50256 us total, 12375 us display, type 3
frame 2018: 48363 us total, 11751 us display, type 3
frame 2019: 49844 us total, 12093 us display, type 3
axes L   -448  10337 R   -348   -149 T     0     0 level 0, 9 reports in 255 ms
frame 2020: 48377 us total, 11686 us display, type 3
[0;32mI (79559) PAD: report id 1 len 16: 40 7e 61 a8 a4 7e 6b 7f 00 00 00 00 00 00 00 00 [0m
frame 2021: 48082 us total, 11818 us display, type 3
frame 2022: 50325 us total, 12427 us display, type 3
frame 2023: 48329 us total, 11685 us display, type 3
frame 2024: 49958 us total, 11700 us display, type 3
axes L   -448  10240 R   -348   -149 T     0     0 level 0, 9 reports in 278 ms
frame 2025: 48022 us total, 12355 us display, type 3
[0;32mI (79829) PAD: report id 1 len 16: 40 7e 00 a8 a4 7e 6b 7f 00 00 00 00 00 00 00 00 [0m
frame 2026: 50032 us total, 11686 us display, type 3
frame 2027: 50325 us total, 11690 us display, type 3
frame 2028: 51000 us total, 12093 us display, type 3
frame 2029: 48486 us total, 12049 us display, type 3
frame 2030: 50654 us total, 11693 us display, type 3
axes L   -448  10240 R   -348   -149 T     0     0 level 0, 9 reports in 264 ms
[0;32mI (80099) PAD: report id 1 len 16: 40 7e 00 a8 a4 7e 6b 7f 00 00 00 00 00 00 00 00 [0m
frame 2031: 49959 us total, 12926 us display, type 3
frame 2032: 47961 us total, 11686 us display, type 3
frame 2033: 47242 us total, 12068 us display, type 3
frame 2034: 46893 us total, 12040 us display, type 3
frame 2035: 45173 us total, 12044 us display, type 3
frame 2036: 43971 us total, 12061 us display, type 3
axes L   -448  10144 R   -348   -149 T     0     0 level 0, 10 reports in 281 ms
[0;32mI (80354) PAD: report id 1 len 16: 40 7e a0 a7 a4 7e 6b 7f 00 00 00 00 00 00 00 00 [0m
frame 2037: 44471 us total, 11686 us display, type 3
frame 2038: 42748 us total, 12075 us display, type 3
frame 2039: 45001 us total, 12044 us display, type 3
frame 2040: 43853 us total, 12433 us display, type 3
frame 2041: 41492 us total, 11725 us display, type 3
frame 2042: 39684 us total, 11693 us display, type 3
axes L   -448  10063 R   -348   -149 T     0     0 level 0, 9 reports in 257 ms
[0;32mI (80609) PAD: report id 1 len 16: 40 7e 4f a7 a4 7e 6b 7f 00 00 00 00 00 00 00 00 [0m
frame 2043: 41934 us total, 11693 us display, type 3
frame 2044: 42796 us total, 12516 us display, type 3
frame 2045: 48091 us total, 11700 us display, type 3
frame 2046: 45656 us total, 12204 us display, type 3
frame 2047: 46726 us total, 11686 us display, type 3
axes L   -448  10048 R   -348   -149 T     0     0 level 0, 8 reports in 256 ms
frame 2048: 45737 us total, 11693 us display, type 3
mem @frame 2048: heap free 66340, largest 40960, min ever 65520, zone free 39980, stack free 14540, uptime 80 s, gamestate 0, demo 1, usergame 0, tic 2759
[0;32mI (80879) PAD: report id 1 len 16: 40 7e 40 a7 a4 7e 6b 7f 00 00 00 00 00 00 00 00 [0m
frame 2049: 46092 us total, 11700 us display, type 3
frame 2050: 45645 us total, 11697 us display, type 3
frame 2051: 43685 us total, 11685 us display, type 3
frame 2052: 48502 us total, 11727 us display, type 3
frame 2053: 47368 us total, 12057 us display, type 3
axes L   -448   9950 R   -348   -149 T     0     0 level 0, 10 reports in 259 ms
[0;32mI (81134) PAD: report id 1 len 16: 40 7e de a6 a4 7e 6b 7f 00 00 00 00 00 00 00 00 [0m
frame 2054: 47053 us total, 12954 us display, type 3
frame 2055: 47547 us total, 11985 us display, type 3
frame 2056: 46645 us total, 12152 us display, type 3
frame 2057: 45862 us total, 11686 us display, type 3
frame 2058: 48215 us total, 12016 us display, type 3
axes L   -448   9950 R   -348   -149 T     0     0 level 0, 8 reports in 254 ms
frame 2059: 47133 us total, 12420 us display, type 3
[0;32mI (81404) PAD: report id 1 len 16: 40 7e de a6 a4 7e 6b 7f 00 00 00 00 00 00 00 00 [0m
frame 2060: 42849 us total, 12029 us display, type 3
frame 2061: 40218 us total, 11693 us display, type 3
frame 2062: 38277 us total, 12409 us display, type 3
frame 2063: 37052 us total, 11686 us display, type 3
frame 2064: 37035 us total, 12481 us display, type 3
frame 2065: 33698 us total, 12202 us display, type 3
axes L   -448   9854 R   -348   -149 T     0     0 level 0, 9 reports in 263 ms
frame 2066: 34667 us total, 12547 us display, type 3
[0;32mI (81659) PAD: report id 1 len 16: 40 7e 7e a6 a4 7e 6b 7f 00 00 00 00 00 00 00 00 [0m
frame 2067: 34237 us total, 11693 us display, type 3
frame 2068: 35396 us total, 11841 us display, type 3
frame 2069: 33312 us total, 11686 us display, type 3
frame 2070: 32755 us total, 12049 us display, type 3
frame 2071: 34233 us total, 11965 us display, type 3
frame 2072: 32596 us total, 12144 us display, type 3
frame 2073: 35103 us total, 12083 us display, type 3
axes L   -448   9854 R   -348   -149 T     0     0 level 0, 9 reports in 252 ms
frame 2074: 34237 us total, 11686 us display, type 3
[0;32mI (81914) PAD: report id 1 len 16: 40 7e 2a a6 a4 7e 6b 7f 00 00 00 00 00 00 00 00 [0m
frame 2075: 34770 us total, 12287 us display, type 3
frame 2076: 31774 us total, 11703 us display, type 3
frame 2077: 32823 us total, 12094 us display, type 3
frame 2078: 31895 us total, 12469 us display, type 3
frame 2079: 30941 us total, 12108 us display, type 3
frame 2080: 30926 us total, 12367 us display, type 3
frame 2081: 30241 us total, 12093 us display, type 3
axes L   -393   9757 R   -348   -149 T     0     0 level 0, 9 reports in 257 ms
frame 2082: 29961 us total, 12097 us display, type 3
[0;32mI (82184) PAD: report id 1 len 16: 77 7e 1d a6 a4 7e 6b 7f 00 00 00 00 00 00 00 00 [0m
frame 2083: 29353 us total, 12754 us display, type 3
frame 2084: 29592 us total, 12088 us display, type 3
frame 2085: 27310 us total, 12080 us display, type 3
frame 2086: 27013 us total, 12022 us display, type 3
frame 2087: 26610 us total, 11942 us display, type 3
frame 2088: 26906 us total, 11686 us display, type 3
frame 2089: 30260 us total, 11692 us display, type 3
frame 2090: 32546 us total, 12454 us display, type 3
axes L   -393   9661 R   -348   -149 T     0     0 level 0, 10 reports in 259 ms
frame 2091: 32970 us total, 12039 us display, type 3
[0;32mI (82454) PAD: report id 1 len 16: 77 7e bd a5 a4 7e 6b 7f 00 00 00 00 00 00 00 00 [0m
frame 2092: 34342 us total, 12530 us display, type 3
frame 2093: 32906 us total, 12449 us display, type 3
frame 2094: 35916 us total, 11962 us display, type 3
frame 2095: 41773 us total, 11692 us display, type 3
frame 2096: 39658 us total, 12059 us display, type 3
frame 2097: 39922 us total, 11692 us display, type 3
axes L   -393   9661 R   -348   -149 T     0     0 level 0, 8 reports in 257 ms
frame 2098: 40158 us total, 11693 us display, type 3
[0;32mI (82724) PAD: report id 1 len 16: 77 7e bd a5 a4 7e 6b 7f 00 00 00 00 00 00 00 00 [0m
frame 2099: 39676 us total, 12531 us display, type 3
frame 2100: 41363 us total, 12483 us display, type 3
frame 2101: 38854 us total, 11699 us display, type 3
frame 2102: 37643 us total, 11687 us display, type 3
frame 2103: 38529 us total, 11693 us display, type 3
axes L   -393   9562 R   -348   -149 T     0     0 level 0, 9 reports in 260 ms
frame 2104: 38696 us total, 12503 us display, type 3
frame 2105: 39040 us total, 11736 us display, type 3
[0;32mI (82979) PAD: report id 1 len 16: 77 7e 5a a5 a4 7e 6b 7f 00 00 00 00 00 00 00 00 [0m
frame 2106: 38049 us total, 11694 us display, type 3
frame 2107: 43322 us total, 12081 us display, type 3
frame 2108: 41121 us total, 11687 us display, type 3
frame 2109: 40402 us total, 11694 us display, type 3
frame 2110: 42023 us total, 11693 us display, type 3
axes L   -393   9465 R   -348   -149 T     0     0 level 0, 10 reports in 286 ms
frame 2111: 41982 us total, 12381 us display, type 3
[0;32mI (83234) PAD: report id 1 len 16: 77 7e f9 a4 a4 7e 6b 7f 00 00 00 00 00 00 00 00 [0m
frame 2112: 45209 us total, 11971 us display, type 3
frame 2113: 45178 us total, 12095 us display, type 3
frame 2114: 43902 us total, 11692 us display, type 3
frame 2115: 42922 us total, 12233 us display, type 3
frame 2116: 45404 us total, 11686 us display, type 3
frame 2117: 44603 us total, 12302 us display, type 3
axes L   -393   9465 R   -348   -149 T     0     0 level 0, 10 reports in 281 ms
[0;32mI (83504) PAD: report id 1 len 16: 77 7e a4 a4 a4 7e 6b 7f 00 00 00 00 00 00 00 00 [0m
frame 2118: 43356 us total, 11896 us display, type 3
frame 2119: 43677 us total, 11692 us display, type 3
frame 2120: 46102 us total, 12202 us display, type 3
frame 2121: 46147 us total, 11978 us display, type 3
frame 2122: 44900 us total, 12064 us display, type 3
axes L   -393   9367 R   -348   -149 T     0     0 level 0, 9 reports in 257 ms
frame 2123: 47432 us total, 11686 us display, type 3
[0;32mI (83759) PAD: report id 1 len 16: 77 7e 97 a4 a4 7e 6b 7f 00 00 00 00 00 00 00 00 [0m
frame 2124: 46220 us total, 12068 us display, type 3
frame 2125: 47162 us total, 12046 us display, type 3
frame 2126: 47982 us total, 11700 us display, type 3
frame 2127: 45022 us total, 11692 us display, type 3
frame 2128: 47100 us total, 11874 us display, type 3
axes L   -393   9271 R   -348   -149 T     0     0 level 0, 9 reports in 280 ms
[0;32mI (84029) PAD: report id 1 len 16: 77 7e 37 a4 a4 7e 6b 7f 00 00 00 00 00 00 00 00 [0m
frame 2129: 47764 us total, 12531 us display, type 3
frame 2130: 45745 us total, 11689 us display, type 3
frame 2131: 50151 us total, 12077 us display, type 3
frame 2132: 54376 us total, 12276 us display, type 3
frame 2133: 49844 us total, 11911 us display, type 3
axes L   -393   9184 R   -348   -149 T     0     0 level 0, 9 reports in 253 ms
[0;32mI (84284) PAD: report id 1 len 16: 77 7e d4 a3 a4 7e 6b 7f 00 00 00 00 00 00 00 00 [0m
frame 2134: 54058 us total, 12752 us display, type 3
frame 2135: 50543 us total, 11689 us display, type 3
frame 2136: 52158 us total, 11860 us display, type 3
frame 2137: 51202 us total, 12209 us display, type 3
frame 2138: 47984 us total, 11933 us display, type 3
frame 2139: 48864 us total, 11693 us display, type 3
axes L   -393   9172 R   -348   -149 T     0     0 level 0, 9 reports in 265 ms
[0;32mI (84554) PAD: report id 1 len 16: 77 7e d4 a3 a4 7e 6b 7f 00 00 00 00 00 00 00 00 [0m
frame 2140: 48925 us total, 12273 us display, type 3
frame 2141: 46644 us total, 11745 us display, type 3
frame 2142: 48850 us total, 12094 us display, type 3
frame 2143: 48854 us total, 11696 us display, type 3
frame 2144: 52485 us total, 11696 us display, type 3
axes L   -393   9072 R   -348   -149 T     0     0 level 0, 9 reports in 281 ms
[0;32mI (84824) PAD: report id 1 len 16: 77 7e 70 a3 a4 7e 6b 7f 00 00 00 00 00 00 00 00 [0m
frame 2145: 50911 us total, 12553 us display, type 3
frame 2146: 48124 us total, 11686 us display, type 3
frame 2147: 50960 us total, 11694 us display, type 3
frame 2148: 48721 us total, 12093 us display, type 3
frame 2149: 46834 us total, 12096 us display, type 3
frame 2150: 49787 us total, 11698 us display, type 3
axes L   -393   8974 R   -348   -149 T     0     0 level 0, 10 reports in 259 ms
[0;32mI (85094) PAD: report id 1 len 16: 77 7e 0e a3 a4 7e 6b 7f 00 00 00 00 00 00 00 00 [0m
frame 2151: 57139 us total, 12562 us display, type 3
frame 2152: 52103 us total, 12162 us display, type 3
frame 2153: 51826 us total, 12053 us display, type 3
frame 2154: 49272 us total, 11695 us display, type 3
axes L   -393   8974 R   -348   -149 T     0     0 level 0, 8 reports in 250 ms
frame 2155: 54494 us total, 12455 us display, type 3
[0;32mI (85364) PAD: report id 1 len 16: 77 7e bc a2 a4 7e 6b 7f 00 00 00 00 00 00 00 00 [0m
frame 2156: 55329 us total, 12158 us display, type 3
frame 2157: 54674 us total, 11692 us display, type 3
frame 2158: 56298 us total, 12085 us display, type 3
frame 2159: 54968 us total, 12059 us display, type 3
axes L   -393   8875 R   -348   -149 T     0     0 level 0, 10 reports in 281 ms
[0;32mI (85619) PAD: report id 1 len 16: 77 7e ab a2 a4 7e 6b 7f 00 00 00 00 00 00 00 00 [0m
frame 2160: 60461 us total, 12926 us display, type 3
frame 2161: 52981 us total, 11693 us display, type 3
frame 2162: 54148 us total, 11691 us display, type 3
frame 2163: 57421 us total, 12506 us display, type 3
frame 2164: 55367 us total, 12404 us display, type 3
[0;32mI (85874) PAD: report id 1 len 16: 77 7e 4a a2 a4 7e 6b 7f 00 00 00 00 00 00 00 00 [0m
axes L   -393   8778 R   -348   -149 T     0     0 level 0, 10 reports in 279 ms
frame 2165: 58082 us total, 11686 us display, type 3
frame 2166: 54715 us total, 11693 us display, type 3
frame 2167: 51047 us total, 11695 us display, type 3
frame 2168: 54511 us total, 12536 us display, type 3
frame 2169: 50727 us total, 11940 us display, type 3
[0;32mI (86144) PAD: report id 1 len 16: 77 7e 4a a2 a4 7e 6b 7f 00 00 00 00 00 00 00 00 [0m
frame 2170: 50759 us total, 11936 us display, type 3
axes L   -393   8778 R   -348   -149 T     0     0 level 0, 9 reports in 275 ms
frame 2171: 50672 us total, 11692 us display, type 3
frame 2172: 54119 us total, 12172 us display, type 3
frame 2173: 48277 us total, 11693 us display, type 3
frame 2174: 48839 us total, 11693 us display, type 3
frame 2175: 48153 us total, 11886 us display, type 3
axes L   -393   8682 R   -348   -149 T     0     0 level 0, 9 reports in 250 ms
[0;32mI (86429) PAD: report id 1 len 16: 77 7e ea a1 a4 7e 6b 7f 00 00 00 00 00 00 00 00 [0m
frame 2176: 50873 us total, 11917 us display, type 3
frame 2177: 48492 us total, 12510 us display, type 3
frame 2178: 47250 us total, 11693 us display, type 3
frame 2179: 48814 us total, 11731 us display, type 3
frame 2180: 45810 us total, 12299 us display, type 3
[0;32mI (86684) PAD: report id 1 len 16: 77 7e 96 a1 a4 7e 6b 7f 00 00 00 00 00 00 00 00 [0m
axes L   -393   8598 R   -348   -149 T     0     0 level 0, 10 reports in 274 ms
frame 2181: 47772 us total, 12076 us display, type 3
frame 2182: 47269 us total, 11696 us display, type 3
frame 2183: 44445 us total, 12056 us display, type 3
frame 2184: 45159 us total, 11853 us display, type 3
frame 2185: 43858 us total, 12500 us display, type 3
frame 2186: 42761 us total, 11703 us display, type 3
[0;32mI (86939) PAD: report id 1 len 16: 77 7e 8a a1 a4 7e 6b 7f 00 00 00 00 00 00 00 00 [0m
frame 2187: 40402 us total, 11692 us display, type 3
axes L   -393   8586 R   -348   -149 T     0     0 level 0, 9 reports in 278 ms
frame 2188: 40533 us total, 12405 us display, type 3
frame 2189: 40879 us total, 11689 us display, type 3
frame 2190: 44871 us total, 12071 us display, type 3
frame 2191: 44172 us total, 11689 us display, type 3
frame 2192: 46375 us total, 12360 us display, type 3
[0;32mI (87209) PAD: report id 1 len 16: 77 7e 29 a1 a4 7e 6b 7f 00 00 00 00 00 00 00 00 [0m
frame 2193: 43355 us total, 11953 us display, type 3
axes L   -393   8489 R   -348   -149 T     0     0 level 0, 10 reports in 287 ms
frame 2194: 42027 us total, 12463 us display, type 3
frame 2195: 41774 us total, 11693 us display, type 3
frame 2196: 39905 us total, 11765 us display, type 3
frame 2197: 41997 us total, 12200 us display, type 3
frame 2198: 40790 us total, 11860 us display, type 3
frame 2199: 38457 us total, 11689 us display, type 3
[0;32mI (87479) PAD: report id 1 len 16: 77 7e 29 a1 a4 7e 6b 7f 00 00 00 00 00 00 00 00 [0m
frame 2200: 39799 us total, 12500 us display, type 3
axes L   -393   8489 R   -348   -149 T     0     0 level 0, 9 reports in 278 ms
frame 2201: 35604 us total, 12357 us display, type 3
frame 2202: 36647 us total, 12486 us display, type 3
frame 2203: 42632 us total, 11693 us display, type 3
frame 2204: 40175 us total, 12062 us display, type 3
frame 2205: 41109 us total, 11805 us display, type 3
[0;32mI (87749) PAD: report id 1 len 16: 77 7e c8 a0 a4 7e 6b 7f 00 00 00 00 00 00 00 00 [0m
frame 2206: 42783 us total, 12779 us display, type 3
frame 2207: 37575 us total, 12523 us display, type 3
axes L   -393   8392 R   -348   -149 T     0     0 level 0, 10 reports in 255 ms
frame 2208: 42628 us total, 11687 us display, type 3
frame 2209: 41820 us total, 12055 us display, type 3
frame 2210: 42914 us total, 11694 us display, type 3
frame 2211: 40958 us total, 11693 us display, type 3
frame 2212: 44516 us total, 11685 us display, type 3
[0;32mI (88019) PAD: report id 1 len 16: 77 7e c8 a0 a4 7e 6b 7f 00 00 00 00 00 00 00 00 [0m
frame 2213: 43857 us total, 11686 us display, type 3
axes L   -393   8392 R   -348   -149 T     0     0 level 0, 8 reports in 256 ms
frame 2214: 44999 us total, 11686 us display, type 3
frame 2215: 41669 us total, 11732 us display, type 3
frame 2216: 43864 us total, 12503 us display, type 3
frame 2217: 42561 us total, 11693 us display, type 3
frame 2218: 41879 us total, 12477 us display, type 3
[0;32mI (88289) PAD: report id 1 len 16: 77 7e 67 a0 a4 7e 6b 7f 00 00 00 00 00 00 00 00 [0m
frame 2219: 42392 us total, 11836 us display, type 3
axes L   -393   8295 R   -348   -149 T     0     0 level 0, 9 reports in 257 ms
frame 2220: 43255 us total, 11693 us display, type 3
frame 2221: 43120 us total, 12075 us display, type 3
frame 2222: 43858 us total, 11901 us display, type 3
frame 2223: 42917 us total, 12292 us display, type 3
frame 2224: 41873 us total, 11693 us display, type 3
frame 2225: 39235 us total, 11692 us display, type 3
axes L   -393   8295 R   -348   -149 T     0     0 level 0, 8 reports in 254 ms
[0;32mI (88559) PAD: report id 1 len 16: 77 7e 67 a0 a4 7e 6b 7f 00 00 00 00 00 00 00 00 [0m
frame 2226: 44337 us total, 11687 us display, type 3
frame 2227: 40944 us total, 11692 us display, type 3
frame 2228: 44589 us total, 12055 us display, type 3
frame 2229: 42943 us total, 11699 us display, type 3
frame 2230: 44221 us total, 12234 us display, type 3
frame 2231: 41117 us total, 11716 us display, type 3
axes L   -393   8197 R   -348   -149 T     0     0 level 0, 9 reports in 258 ms
[0;32mI (88829) PAD: report id 1 len 16: 77 7e 05 a0 a4 7e 6b 7f 00 00 00 00 00 00 00 00 [0m
frame 2232: 45329 us total, 12291 us display, type 3
frame 2233: 43299 us total, 11810 us display, type 3
frame 2234: 42734 us total, 11686 us display, type 3
frame 2235: 42547 us total, 12066 us display, type 3
frame 2236: 43484 us total, 11692 us display, type 3
frame 2237: 42683 us total, 12057 us display, type 3
axes L   -393   8197 R   -348   -149 T     0     0 level 0, 9 reports in 260 ms
[0;32mI (89099) PAD: report id 1 len 16: 77 7e 05 a0 a4 7e 6b 7f 00 00 00 00 00 00 00 00 [0m
frame 2238: 41918 us total, 12018 us display, type 3
frame 2239: 42471 us total, 12039 us display, type 3
frame 2240: 45725 us total, 12278 us display, type 3
frame 2241: 45184 us total, 11722 us display, type 3
frame 2242: 46081 us total, 12062 us display, type 3
frame 2243: 44952 us total, 11687 us display, type 3
[0;32mI (89354) PAD: report id 1 len 16: 77 7e a5 9f a4 7e 6b 7f 00 00 00 00 00 00 00 00 [0m
frame 2244: 47483 us total, 12271 us display, type 3
frame 2245: 45306 us total, 11685 us display, type 3
frame 2246: 43761 us total, 12224 us display, type 3
frame 2247: 43870 us total, 11692 us display, type 3
frame 2248: 40395 us total, 11686 us display, type 3
frame 2249: 41359 us total, 12072 us display, type 3
[0;32mI (89624) PAD: report id 1 len 16: 77 7e a5 9f a4 7e 6b 7f 00 00 00 00 00 00 00 00 [0m
frame 2250: 41501 us total, 11692 us display, type 3
frame 2251: 42015 us total, 12048 us display, type 3
frame 2252: 42666 us total, 11725 us display, type 3
frame 2253: 44078 us total, 11865 us display, type 3
frame 2254: 42537 us total, 11685 us display, type 3
frame 2255: 43988 us total, 11686 us display, type 3
[0;32mI (89879) PAD: report id 1 len 16: 77 7e 45 9f a4 7e 6b 7f 00 00 00 00 00 00 00 00 [0m
frame 2256: 42692 us total, 11693 us display, type 3
frame 2257: 44620 us total, 12070 us display, type 3
frame 2258: 41988 us total, 11699 us display, type 3
frame 2259: 43631 us total, 12067 us display, type 3
frame 2260: 40854 us total, 11855 us display, type 3
frame 2261: 38667 us total, 11875 us display, type 3
[0;32mI (90149) PAD: report id 1 len 16: 77 7e 45 9f a4 7e 6b 7f 00 00 00 00 00 00 00 00 [0m
frame 2262: 40858 us total, 12548 us display, type 3
frame 2263: 37134 us total, 11700 us display, type 3
frame 2264: 36476 us total, 11686 us display, type 3
frame 2265: 36291 us total, 12076 us display, type 3
frame 2266: 35576 us total, 11824 us display, type 3
frame 2267: 37740 us total, 11793 us display, type 3
frame 2268: 41999 us total, 12513 us display, type 3
[0;32mI (90404) PAD: report id 1 len 16: a1 7e e3 9e a4 7e 6b 7f 00 00 00 00 00 00 00 00 [0m
frame 2269: 41969 us total, 11693 us display, type 3
frame 2270: 44349 us total, 12501 us display, type 3
frame 2271: 42570 us total, 11693 us display, type 3
frame 2272: 42521 us total, 11686 us display, type 3
frame 2273: 41377 us total, 12376 us display, type 3
frame 2274: 40578 us total, 11829 us display, type 3
[0;32mI (90674) PAD: report id 1 len 16: a1 7e e3 9e a4 7e 6b 7f 00 00 00 00 00 00 00 00 [0m
frame 2275: 42862 us total, 12893 us display, type 3
frame 2276: 41033 us total, 11686 us display, type 3
frame 2277: 40741 us total, 12004 us display, type 3
frame 2278: 42242 us total, 12087 us display, type 3
frame 2279: 39965 us total, 11862 us display, type 3
frame 2280: 40373 us total, 11693 us display, type 3
frame 2281: 42439 us total, 12068 us display, type 3
[0;32mI (90944) PAD: report id 1 len 16: a1 7e e3 9e a4 7e 6b 7f 00 00 00 00 00 00 00 00 [0m
frame 2282: 42050 us total, 12049 us display, type 3
frame 2283: 47011 us total, 11829 us display, type 3
frame 2284: 42719 us total, 11695 us display, type 3
frame 2285: 43333 us total, 12523 us display, type 3
frame 2286: 40823 us total, 11698 us display, type 3
frame 2287: 44256 us total, 11699 us display, type 3
[0;32mI (91214) PAD: report id 1 len 16: a1 7e 82 9e a4 7e 6b 7f 00 00 00 00 00 00 00 00 [0m
frame 2288: 46081 us total, 11696 us display, type 3
frame 2289: 45176 us total, 12251 us display, type 3
frame 2290: 46129 us total, 11974 us display, type 3
frame 2291: 46097 us total, 12280 us display, type 3
frame 2292: 45880 us total, 11696 us display, type 3
frame 2293: 46857 us total, 12072 us display, type 3
[0;32mI (91484) PAD: report id 1 len 16: a1 7e 82 9e a4 7e 6b 7f 00 00 00 00 00 00 00 00 [0m
frame 2294: 46926 us total, 11696 us display, type 3
frame 2295: 46442 us total, 12308 us display, type 3
frame 2296: 45293 us total, 11696 us display, type 3
frame 2297: 46541 us total, 12062 us display, type 3
frame 2298: 46143 us total, 11700 us display, type 3
frame 2299: 46085 us total, 11693 us display, type 3
[0;32mI (91754) PAD: report id 1 len 16: a1 7e 2f 9e a4 7e 6b 7f 00 00 00 00 00 00 00 00 [0m
frame 2300: 46367 us total, 11692 us display, type 3
frame 2301: 45517 us total, 11944 us display, type 3
frame 2302: 45720 us total, 11998 us display, type 3
frame 2303: 44686 us total, 11693 us display, type 3
frame 2304: 42648 us total, 11693 us display, type 3
mem @frame 2304: heap free 66340, largest 40960, min ever 65520, zone free 39660, stack free 14540, uptime 91 s, gamestate 0, demo 1, usergame 0, tic 3147
frame 2305: 45858 us total, 11686 us display, type 3
[0;32mI (92024) PAD: report id 1 len 16: a1 7e 20 9e a4 7e 6b 7f 00 00 00 00 00 00 00 00 [0m
frame 2306: 43136 us total, 11692 us display, type 3
frame 2307: 49800 us total, 11893 us display, type 3
frame 2308: 46007 us total, 12288 us display, type 3
frame 2309: 44921 us total, 11707 us display, type 3
frame 2310: 45281 us total, 12260 us display, type 3
frame 2311: 44703 us total, 11693 us display, type 3
[0;32mI (92294) PAD: report id 1 len 16: a1 7e 20 9e a4 7e 6b 7f 00 00 00 00 00 00 00 00 [0m
frame 2312: 46654 us total, 12355 us display, type 3
frame 2313: 45429 us total, 11690 us display, type 3
frame 2314: 43980 us total, 12069 us display, type 3
frame 2315: 48580 us total, 11844 us display, type 3
frame 2316: 45701 us total, 12038 us display, type 3
frame 2317: 45299 us total, 11696 us display, type 3
[0;32mI (92564) PAD: report id 1 len 16: a1 7e c0 9d a4 7e 6b 7f 00 00 00 00 00 00 00 00 [0m
frame 2318: 46950 us total, 12077 us display, type 3
frame 2319: 44425 us total, 11687 us display, type 3
frame 2320: 46105 us total, 12145 us display, type 3
frame 2321: 45246 us total, 12028 us display, type 3
frame 2322: 46838 us total, 11693 us display, type 3
frame 2323: 44937 us total, 11686 us display, type 3
[0;32mI (92834) PAD: report id 1 len 16: a1 7e c0 9d a4 7e 6b 7f 00 00 00 00 00 00 00 00 [0m
frame 2324: 47073 us total, 12036 us display, type 3
frame 2325: 45742 us total, 12532 us display, type 3
frame 2326: 41904 us total, 11690 us display, type 3
frame 2327: 41953 us total, 11686 us display, type 3
frame 2328: 42615 us total, 12040 us display, type 3
frame 2329: 41923 us total, 11693 us display, type 3
[0;32mI (93104) PAD: report id 1 len 16: a1 7e c0 9d a4 7e 6b 7f 00 00 00 00 00 00 00 00 [0m
frame 2330: 45277 us total, 12142 us display, type 3
frame 2331: 43824 us total, 11693 us display, type 3
frame 2332: 44949 us total, 12251 us display, type 3
frame 2333: 45532 us total, 11953 us display, type 3
frame 2334: 47598 us total, 12064 us display, type 3
frame 2335: 45496 us total, 11686 us display, type 3
[0;32mI (93374) PAD: report id 1 len 16: a1 7e 5f 9d a4 7e 6b 7f 00 00 00 00 00 00 00 00 [0m
frame 2336: 47355 us total, 12070 us display, type 3
frame 2337: 48184 us total, 11698 us display, type 3
frame 2338: 46783 us total, 11693 us display, type 3
frame 2339: 51239 us total, 12066 us display, type 3
frame 2340: 49907 us total, 11693 us display, type 3
[0;32mI (93644) PAD: report id 1 len 16: a1 7e 5f 9d a4 7e 6b 7f 00 00 00 00 00 00 00 00 [0m
frame 2341: 49319 us total, 11686 us display, type 3
frame 2342: 50769 us total, 12551 us display, type 3
frame 2343: 51159 us total, 12037 us display, type 3
frame 2344: 51261 us total, 11698 us display, type 3
frame 2345: 52191 us total, 12364 us display, type 3
frame 2346: 49605 us total, 11686 us display, type 3
[0;32mI (93914) PAD: report id 1 len 16: a1 7e 5f 9d a4 7e 6b 7f 00 00 00 00 00 00 00 00 [0m
frame 2347: 46712 us total, 11849 us display, type 3
frame 2348: 43716 us total, 11968 us display, type 3
frame 2349: 42140 us total, 11692 us display, type 3
frame 2350: 45294 us total, 11692 us display, type 3
frame 2351: 41820 us total, 11991 us display, type 3
[0;32mI (94169) PAD: report id 1 len 16: a1 7e ff 9c a4 7e 6b 7f 00 00 00 00 00 00 00 00 [0m
frame 2352: 49604 us total, 11686 us display, type 3
frame 2353: 45345 us total, 11693 us display, type 3
frame 2354: 47337 us total, 11858 us display, type 3
frame 2355: 48794 us total, 12075 us display, type 3
frame 2356: 43344 us total, 11837 us display, type 3
frame 2357: 44825 us total, 12146 us display, type 3
[0;32mI (94439) PAD: report id 1 len 16: a1 7e ff 9c a4 7e 6b 7f 00 00 00 00 00 00 00 00 [0m
frame 2358: 45201 us total, 11768 us display, type 3
frame 2359: 46614 us total, 12363 us display, type 3
frame 2360: 46144 us total, 11908 us display, type 3
frame 2361: 46663 us total, 12093 us display, type 3
frame 2362: 46118 us total, 11838 us display, type 3
frame 2363: 46176 us total, 12090 us display, type 3
[0;32mI (94709) PAD: report id 1 len 16: a1 7e ff 9c a4 7e 6b 7f 00 00 00 00 00 00 00 00 [0m
frame 2364: 45250 us total, 11685 us display, type 3
frame 2365: 47000 us total, 11685 us display, type 3
frame 2366: 45035 us total, 11693 us display, type 3
frame 2367: 45054 us total, 11686 us display, type 3
frame 2368: 43546 us total, 12085 us display, type 3
frame 2369: 42357 us total, 11686 us display, type 3
[0;32mI (94964) PAD: report id 1 len 16: a1 7e 9e 9c a4 7e 6b 7f 00 00 00 00 00 00 00 00 [0m
frame 2370: 43545 us total, 12198 us display, type 3
frame 2371: 39378 us total, 11845 us display, type 3
frame 2372: 35049 us total, 11692 us display, type 3
frame 2373: 34049 us total, 11685 us display, type 3
frame 2374: 33734 us total, 11693 us display, type 3
frame 2375: 34040 us total, 12133 us display, type 3
frame 2376: 32799 us total, 12351 us display, type 3
[0;32mI (95234) PAD: report id 1 len 16: a1 7e 9e 9c a4 7e 6b 7f 00 00 00 00 00 00 00 00 [0m
frame 2377: 33303 us total, 12970 us display, type 3
frame 2378: 33631 us total, 11700 us display, type 3
frame 2379: 33219 us total, 11845 us display, type 3
frame 2380: 32759 us total, 11694 us display, type 3
frame 2381: 32320 us total, 11849 us display, type 3
frame 2382: 32802 us total, 11694 us display, type 3
frame 2383: 33097 us total, 11693 us display, type 3
frame 2384: 33320 us total, 11926 us display, type 3
[0;32mI (95504) PAD: report id 1 len 16: a1 7e 9e 9c a4 7e 6b 7f 00 00 00 00 00 00 00 00 [0m
frame 2385: 34183 us total, 12923 us display, type 3
frame 2386: 32292 us total, 12124 us display, type 3
frame 2387: 32804 us total, 12083 us display, type 3
frame 2388: 32886 us total, 11685 us display, type 3
frame 2389: 33089 us total, 11831 us display, type 3
frame 2390: 31914 us total, 11687 us display, type 3
frame 2391: 31737 us total, 11738 us display, type 3
frame 2392: 30950 us total, 11690 us display, type 3
frame 2393: 30360 us total, 11687 us display, type 3
[0;32mI (95774) PAD: report id 1 len 16: a1 7e 3e 9c a4 7e 6b 7f 00 00 00 00 00 00 00 00 [0m
frame 2394: 30559 us total, 11813 us display, type 3
frame 2395: 29996 us total, 11894 us display, type 3
frame 2396: 30937 us total, 11899 us display, type 3
frame 2397: 30126 us total, 11687 us display, type 3
frame 2398: 28938 us total, 11933 us display, type 3
frame 2399: 28683 us total, 11694 us display, type 3
frame 2400: 27592 us total, 11806 us display, type 3
frame 2401: 30138 us total, 11687 us display, type 3
frame 2402: 31326 us total, 11694 us display, type 3
[0;32mI (96044) PAD: report id 1 len 16: a1 7e 3e 9c a4 7e 6b 7f 00 00 00 00 00 00 00 00 [0m
frame 2403: 32271 us total, 11979 us display, type 3
frame 2404: 31473 us total, 11694 us display, type 3
frame 2405: 31717 us total, 11687 us display, type 3
frame 2406: 33103 us total, 11689 us display, type 3
frame 2407: 32925 us total, 12374 us display, type 3
frame 2408: 32188 us total, 12251 us display, type 3
frame 2409: 31738 us total, 12061 us display, type 3
frame 2410: 32553 us total, 12480 us display, type 3
[0;32mI (96314) PAD: report id 1 len 16: a1 7e 3e 9c a4 7e 6b 7f 00 00 00 00 00 00 00 00 [0m
frame 2411: 32350 us total, 12857 us display, type 3
frame 2412: 31794 us total, 12093 us display, type 3
frame 2413: 32146 us total, 11700 us display, type 3
frame 2414: 33613 us total, 11708 us display, type 3
frame 2415: 35321 us total, 11827 us display, type 3
frame 2416: 38326 us total, 12544 us display, type 3
frame 2417: 36439 us total, 12439 us display, type 3
frame 2418: 37315 us total, 11693 us display, type 3
[0;32mI (96584) PAD: report id 1 len 16: a1 7e de 9b a4 7e 6b 7f 00 00 00 00 00 00 00 00 [0m
frame 2419: 37927 us total, 11987 us display, type 3
frame 2420: 37018 us total, 11693 us display, type 3
frame 2421: 38676 us total, 12119 us display, type 3
frame 2422: 41725 us total, 11695 us display, type 3
frame 2423: 41806 us total, 12450 us display, type 3
frame 2424: 38331 us total, 12385 us display, type 3
frame 2425: 38711 us total, 11842 us display, type 3
[0;32mI (96854) PAD: report id 1 len 16: a1 7e de 9b a4 7e 6b 7f 00 00 00 00 00 00 00 00 [0m
frame 2426: 39098 us total, 11687 us display, type 3
frame 2427: 37698 us total, 12067 us display, type 3
frame 2428: 37152 us total, 11692 us display, type 3
frame 2429: 37230 us total, 11686 us display, type 3
frame 2430: 35778 us total, 11686 us display, type 3
frame 2431: 40614 us total, 12103 us display, type 3
frame 2432: 45241 us total, 11841 us display, type 3
[0;32mI (97124) PAD: report id 1 len 16: a1 7e 7e 9b a4 7e 6b 7f 00 00 00 00 00 00 00 00 [0m
frame 2433: 46652 us total, 12365 us display, type 3
frame 2434: 45194 us total, 11769 us display, type 3
frame 2435: 45126 us total, 12073 us display, type 3
frame 2436: 45800 us total, 11773 us display, type 3
frame 2437: 45946 us total, 12075 us display, type 3
frame 2438: 46063 us total, 12045 us display, type 3
[0;32mI (97394) PAD: report id 1 len 16: a1 7e 7e 9b a4 7e 6b 7f 00 00 00 00 00 00 00 00 [0m
frame 2439: 46770 us total, 11693 us display, type 3
frame 2440: 45249 us total, 11693 us display, type 3
frame 2441: 46724 us total, 11692 us display, type 3
frame 2442: 45709 us total, 12385 us display, type 3
frame 2443: 44277 us total, 11692 us display, type 3
frame 2444: 44106 us total, 11700 us display, type 3
[0;32mI (97664) PAD: report id 1 len 16: a1 7e 7e 9b a4 7e 6b 7f 00 00 00 00 00 00 00 00 [0m
frame 