ESP-ROM:esp32c6-20220919
Build:Sep 19 2022
rst:0x15 (USB_UART_HPSYS),boot:0x2c (SPI_FAST_FLASH_BOOT)
Saved PC:0x4001a336
SPIWP:0xee
mode:DIO, clock div:2
load:0x40875720,len:0x1a5c
load:0x4086c110,len:0xf58
load:0x4086e610,len:0x3074
entry 0x4086c11a
[0;32mI (23) boot: ESP-IDF v5.3.4 2nd stage bootloader[0m
[0;32mI (23) boot: compile time Sep 14 2026 20:53:10[0m
[0;32mI (24) boot: chip revision: v0.2[0m
[0;32mI (24) boot: efuse block revision: v0.3[0m
[0;32mI (24) qio_mode: Enabling QIO for flash chip WinBond[0m
[0;32mI (25) boot.esp32c6: SPI Speed      : 80MHz[0m
[0;32mI (25) boot.esp32c6: SPI Mode       : QIO[0m
[0;32mI (25) boot.esp32c6: SPI Flash Size : 16MB[0m
[0;32mI (25) boot: Enabling RNG early entropy source...[0m
[0;32mI (26) boot: Partition Table:[0m
[0;32mI (26) boot: ## Label            Usage          Type ST Offset   Length[0m
[0;32mI (26) boot:  0 nvs              WiFi data        01 02 00009000 00006000[0m
[0;32mI (27) boot:  1 phy_init         RF data          01 01 0000f000 00001000[0m
[0;32mI (28) boot:  2 factory          factory app      00 00 00010000 00200000[0m
[0;32mI (28) boot:  3 wad              Unknown data     01 40 00210000 00400000[0m
[0;32mI (29) boot:  4 saves            Unknown data     01 41 00610000 00020000[0m
[0;32mI (30) boot: End of partition table[0m
[0;32mI (30) esp_image: segment 0: paddr=00010020 vaddr=420c0020 size=32c18h (207896) map[0m
[0;32mI (68) esp_image: segment 1: paddr=00042c40 vaddr=40800000 size=0d3d8h ( 54232) load[0m
[0;32mI (80) esp_image: segment 2: paddr=00050020 vaddr=42000020 size=bd468h (775272) map[0m
[0;32mI (219) esp_image: segment 3: paddr=0010d490 vaddr=4080d3d8 size=09b1ch ( 39708) load[0m
[0;32mI (228) esp_image: segment 4: paddr=00116fb4 vaddr=40816f00 size=0393ch ( 14652) load[0m
[0;32mI (231) esp_image: segment 5: paddr=0011a8f8 vaddr=50000000 size=00004h (     4) load[0m
[0;32mI (238) boot: Loaded app from partition at offset 0x10000[0m
[0;32mI (238) boot: Disabling RNG early entropy source...[0m
[0;32mI (239) cpu_start: Unicore app[0m
[0;32mI (248) cpu_start: Pro cpu start user code[0m
[0;32mI (248) cpu_start: cpu freq: 160000000 Hz[0m
[0;32mI (248) app_init: Application information:[0m
[0;32mI (248) app_init: Project name:     diablito[0m
[0;32mI (249) app_init: App version:      66a5485-dirty[0m
[0;32mI (249) app_init: Compile time:     Sep 19 2026 14:36:44[0m
[0;32mI (249) app_init: ELF file SHA256:  82e6d1f7d...[0m
[0;32mI (249) app_init: ESP-IDF:          v5.3.4[0m
[0;32mI (250) efuse_init: Min chip rev:     v0.0[0m
[0;32mI (250) efuse_init: Max chip rev:     v0.99 [0m
[0;32mI (250) efuse_init: Chip rev:         v0.2[0m
[0;32mI (250) heap_init: Initializing. RAM available for dynamic allocation:[0m
[0;32mI (251) heap_init: At 40836670 len 00045FA0 (279 KiB): RAM[0m
[0;32mI (251) heap_init: At 4087C610 len 00002F54 (11 KiB): RAM[0m
[0;32mI (251) heap_init: At 50000004 len 00003FE4 (15 KiB): RTCRAM[0m
[0;32mI (252) spi_flash: detected chip: generic[0m
[0;32mI (252) spi_flash: flash io: qio[0m
[0;33mW (253) i2c: This driver is an old driver, please migrate your application code to adapt `driver/i2c_master.h`[0m
[0;32mI (253) sleep: Configure to isolate all GPIO pins in sleep state[0m
[0;32mI (254) sleep: Enable automatic switching of GPIO sleep configuration[0m
[0;32mI (254) coexist: coex firmware version: a13b09d[0m
[0;32mI (254) coexist: coexist rom version 5b8dcfa[0m
[0;32mI (255) main_task: Started on CPU0[0m
[0;32mI (255) main_task: Calling app_main()[0m
[0;32mI (255) gpio: GPIO[15]| InputEn: 0| OutputEn: 1| OpenDrain: 0| Pullup: 0| Pulldown: 0| Intr:0 [0m
[0;32mI (255) gpio: GPIO[9]| InputEn: 1| OutputEn: 0| OpenDrain: 0| Pullup: 1| Pulldown: 0| Intr:0 [0m
[0;32mI (255) gpio: GPIO[18]| InputEn: 1| OutputEn: 0| OpenDrain: 0| Pullup: 1| Pulldown: 0| Intr:0 [0m
[0;32mI (256) gpio: GPIO[0]| InputEn: 0| OutputEn: 0| OpenDrain: 0| Pullup: 0| Pulldown: 0| Intr:0 [0m
[0;32mI (256) DIABLITO: DIABLITO skeleton, IDF v5.3.4, CPU 160 MHz[0m
[0;32mI (256) DIABLITO: heap at boot: free 283668, largest block 258048, min ever 283668, dma-capable 269068[0m
[0;32mI (257) gpio: GPIO[3]| InputEn: 0| OutputEn: 1| OpenDrain: 0| Pullup: 0| Pulldown: 0| Intr:0 [0m
[0;32mI (257) gpio: GPIO[4]| InputEn: 0| OutputEn: 1| OpenDrain: 0| Pullup: 0| Pulldown: 0| Intr:0 [0m
[0;32mI (761) DISPLAY: ST7789 up: 280x240 landscape, SPI 80 MHz, 2 x 8960 B DMA strips[0m
[0;32mI (761) DIABLITO: heap after display: free 264184, largest block 237568, min ever 264184, dma-capable 249584[0m
[0;32mI (762) DIABLITO: wad partition @0x210000 size 4194304: magic IWHD, 1264 lumps, infotable @36, file 2073676 bytes[0m
[0;32mI (762) DIABLITO: WHD mapped at 0x42100000, header via mmap: IWHD ·©ÔUDOOM1[0m
[0;32mI (763) DIABLITO: heap after wad mmap: free 263552, largest block 237568, min ever 263552, dma-capable 248952[0m
[0;32mI (763) DIABLITO: main task stack high-water: 14872 bytes free[0m
[0;32mI (764) DIABLITO: .bss ends at 0x40836668 (short-pointer window ends at 0x40840000, 39320 bytes spare)[0m
[0;32mI (764) DIABLITO: heap before BLE: free 263552, largest block 237568, min ever 263552, dma-capable 248952[0m
[0;32mI (780) DIABLITO: previous run (boot 12) lasted 240 s (4 min), last battery 4206 mV[0m
[0;32mI (780) DIABLITO: idle sleep after 0 s in attract (NVS medal/idle_s)[0m
[0;32mI (781) BLE_INIT: Using main XTAL as clock source, chip ver: 2[0m
[0;32mI (781) BLE_INIT: ble controller commit:[ca6c20b][0m
[0;32mI (786) BLE_INIT: Bluetooth MAC: fc:01:2c:fd:fc:b2[0m
[0;32mI (786) phy_init: phy_version 341,a6c8fe6,Jul 30 2025,18:34:11[0m
[0;32mI (878) phy: libbtbb version: a945109, Jul 30 2025, 18:34:25[0m
[0;32mI (886) PAD: init, saved controller: yes[0m
[0;32mI (912) PAD: found  78:86:2e:8f:59:f6 rssi -48[0m
[0;32mI (1065) NimBLE: Connection established [0m
[0;32mI (1066) NIMBLE_HIDH: pairing for encrypted link (rc=0)[0m
[0;32mI (1086) DIABLITO: heap after BLE init: free 223428, largest block 196608, min ever 223316, dma-capable 208828[0m
[0;32mI (1086) DIABLITO: starting Doom[0m
sound muted (NVS medal/mute)
                          DIABLITO Doom 3.0.0
Z_Init: Init zone memory allocation daemon. 
zone memory: 0x40822e7c, 10000 allocated for zone
M_LoadDefaults: Load system defaults.
W_Init: Init WADfiles.
===========================================================================
                            DOOM Shareware
===========================================================================
 DIABLITO Doom is free software, covered by the GNU General Public
 License.  There is NO warranty; not even for MERCHANTABILITY or FITNESS
 FOR A PARTICULAR PURPOSE. You are welcome to change and distribute
 copies under certain conditions. See the source for more information.
===========================================================================
I_Init: Setting up machine state.
[0;32mI (1117) NimBLE: mtu update event; conn_handle=0 cid=4 mtu=23
[0m
[0;32mI (1138) AUDIO: ES8311 + I2S: 24858 Hz, 2 ch, ring 8192 bytes (82 ms)[0m
M_Init: Init miscellaneous info.
R_Init: Init DOOM refresh daemon - .........
P_Init: Init Playloop state.
S_Init: Setting up sound.
D_CheckNetGame: Checking network game status.
Emulating the behavior of the 'Doom 1.9' executable.
HU_Init: Setting up heads up display.
ST_Init: Init status bar.
frame 2: 22951 us total, 11694 us display, type 4
frame 3: 13509 us total, 11651 us display, type 4
frame 4: 23203 us total, 11642 us display, type 4
frame 5: 22114 us total, 11652 us display, type 4
[0;32mI (1315) NIMBLE_HIDH: encryption change: status=0[0m
frame 6: 37159 us total, 11700 us display, type 4
frame 7: 27604 us total, 11647 us display, type 4
frame 8: 21400 us total, 11680 us display, type 4
[0;32mI (1415) NIMBLE_HIDH: service 0x1800 handles 1-7[0m
[0;32mI (1415) NIMBLE_HIDH: service 0x1801 handles 8-8[0m
[0;32mI (1415) NIMBLE_HIDH: service 0x180a handles 9-17[0m
frame 9: 37303 us total, 13350 us display, type 4
frame 10: 26299 us total, 11675 us display, type 4
frame 11: 22156 us total, 11631 us display, type 4
frame 12: 34406 us total, 11686 us display, type 4
[0;32mI (1514) NIMBLE_HIDH: service 0x180f handles 18-21[0m
[0;32mI (1515) NIMBLE_HIDH: service 0x1812 handles 22-35[0m
frame 13: 30361 us total, 11689 us display, type 4
frame 14: 20323 us total, 11633 us display, type 4
frame 15: 36545 us total, 11690 us display, type 4
[0;32mI (1615) NIMBLE_HIDH: service 00000001-5f60-4c4f-9c83-a7953298d40d handles 36-42[0m
frame 16: 29552 us total, 13050 us display, type 4
frame 17: 27037 us total, 11669 us display, type 4
frame 18: 21814 us total, 11631 us display, type 4
frame 19: 34548 us total, 11687 us display, type 4
frame 20: 29829 us total, 11688 us display, type 4
frame 21: 21681 us total, 12601 us display, type 4
frame 22: 36450 us total, 12803 us display, type 4
[0;32mI (1805) NimBLE: Read complete; status=0 conn_handle=0[0m
frame 23: 28698 us total, 12604 us display, type 4
[0;32mI (1835) NimBLE: Read complete; status=0 conn_handle=0[0m
[0;32mI (1835) NimBLE: Read complete; status=14 conn_handle=0[0m
frame 24: 21445 us total, 13117 us display, type 4
frame 25: 36220 us total, 12913 us display, type 4
frame 26: 27335 us total, 12832 us display, type 4
frame 27: 21169 us total, 11677 us display, type 4
frame 28: 35201 us total, 12294 us display, type 4
[0;32mI (1985) NimBLE: Read complete; status=0 conn_handle=0[0m
[0;32mI (1985) NimBLE: Read complete; status=14 conn_handle=0[0m
frame 29: 30233 us total, 12883 us display, type 4
[0;32mI (2015) NimBLE: Read complete; status=0 conn_handle=0[0m
[0;32mI (2015) NimBLE: Read complete; status=14 conn_handle=0[0m
frame 30: 29048 us total, 12679 us display, type 4
frame 31: 19358 us total, 11678 us display, type 4
[0;32mI (2045) NimBLE: Read complete; status=0 conn_handle=0[0m
[0;32mI (2045) NimBLE: Read complete; status=14 conn_handle=0[0m
frame 32: 37286 us total, 11700 us display, type 4
frame 33: 26603 us total, 11690 us display, type 4
frame 34: 22152 us total, 11721 us display, type 4
frame 35: 34711 us total, 11899 us display, type 4
frame 36: 28477 us total, 11701 us display, type 4
frame 37: 22698 us total, 11685 us display, type 4
frame 38: 37837 us total, 11993 us display, type 4
[0;32mI (2254) NimBLE: Read complete; status=0 conn_handle=0[0m
frame 39: 28355 us total, 11689 us display, type 4
frame 40: 18775 us total, 11654 us display, type 4
[0;32mI (2300) NimBLE: Read complete; status=0 conn_handle=0[0m
[0;32mI (2329) NimBLE: Read complete; status=0 conn_handle=0[0m
frame 41: 37723 us total, 12504 us display, type 4
frame 42: 26782 us total, 12491 us display, type 4
[0;32mI (2359) NimBLE: Read complete; status=0 conn_handle=0[0m
frame 43: 28580 us total, 12272 us display, type 4
[0;32mI (2389) NimBLE: Read complete; status=0 conn_handle=0[0m
frame 44: 21568 us total, 12211 us display, type 4
[0;32mI (2419) NimBLE: Read complete; status=0 conn_handle=0[0m
frame 45: 36653 us total, 12012 us display, type 4
[0;32mI (2449) NimBLE: Read complete; status=0 conn_handle=0[0m
frame 46: 29308 us total, 12038 us display, type 4
[0;32mI (2479) NimBLE: Read complete; status=0 conn_handle=0[0m
frame 47: 19481 us total, 11675 us display, type 4
[0;32mI (2509) NimBLE: Read complete; status=0 conn_handle=0[0m
frame 48: 36532 us total, 12016 us display, type 4
[0;32mI (2539) NimBLE: Read complete; status=0 conn_handle=0[0m
frame 49: 28184 us total, 11967 us display, type 4
[0;32mI (2570) NimBLE: Read complete; status=0 conn_handle=0[0m
frame 50: 21980 us total, 12415 us display, type 4
[0;32mI (2600) NimBLE: Read complete; status=0 conn_handle=0[0m
frame 51: 34691 us total, 11691 us display, type 4
[0;32mI (2630) NimBLE: Read complete; status=0 conn_handle=0[0m
[0;32mI (2631) NimBLE: Read complete; status=14 conn_handle=0[0m
frame 52: 30825 us total, 11775 us display, type 4
frame 53: 28830 us total, 11683 us display, type 4
[0;32mI (2690) NimBLE: Read complete; status=0 conn_handle=0[0m
[0;32mI (2690) NimBLE: Read complete; status=14 conn_handle=0[0m
frame 54: 20288 us total, 13085 us display, type 4
frame 55: 35629 us total, 12590 us display, type 4
[0;32mI (2750) NimBLE: Read complete; status=0 conn_handle=0[0m
[0;32mI (2750) NimBLE: Read complete; status=14 conn_handle=0[0m
[0;32mI (2752) NIMBLE_HIDH: attaching listeners, battery handle 20 ccc 21[0m
[0;32mI (2753) PAD: report map: 22 input fields[0m
[0;32mI (2753) PAD:   field rid 1 page 1 usage 0x30 bits 16 @0 logical 0..65535[0m
[0;32mI (2753) PAD:   field rid 1 page 1 usage 0x31 bits 16 @16 logical 0..65535[0m
[0;32mI (2754) PAD:   field rid 1 page 1 usage 0x32 bits 16 @32 logical 0..65535[0m
[0;32mI (2754) PAD:   field rid 1 page 1 usage 0x35 bits 16 @48 logical 0..65535[0m
[0;32mI (2755) PAD:   field rid 1 page 2 usage 0xc5 bits 10 @64 logical 0..1023[0m
[0;32mI (2755) PAD:   field rid 1 page 2 usage 0xc4 bits 10 @80 logical 0..1023[0m
[0;32mI (2755) PAD:   field rid 1 page 1 usage 0x39 bits 4 @96 logical 1..8[0m
[0;32mI (2756) PAD:   field rid 1 page 9 usage 0x01 bits 1 @104 logical 0..1[0m
[0;32mI (2756) PAD:   field rid 1 page 9 usage 0x02 bits 1 @105 logical 0..1[0m
[0;32mI (2756) PAD:   field rid 1 page 9 usage 0x03 bits 1 @106 logical 0..1[0m
[0;32mI (2756) PAD:   field rid 1 page 9 usage 0x04 bits 1 @107 logical 0..1[0m
[0;32mI (2757) PAD:   field rid 1 page 9 usage 0x05 bits 1 @108 logical 0..1[0m
[0;32mI (2757) PAD:   field rid 1 page 9 usage 0x06 bits 1 @109 logical 0..1[0m
[0;32mI (2757) PAD:   field rid 1 page 9 usage 0x07 bits 1 @110 logical 0..1[0m
[0;32mI (2758) PAD:   field rid 1 page 9 usage 0x08 bits 1 @111 logical 0..1[0m
[0;32mI (2758) PAD:   field rid 1 page 9 usage 0x09 bits 1 @112 logical 0..1[0m
[0;32mI (2758) PAD:   field rid 1 page 9 usage 0x0a bits 1 @113 logical 0..1[0m
[0;32mI (2759) PAD:   field rid 1 page 9 usage 0x0b bits 1 @114 logical 0..1[0m
[0;32mI (2759) PAD:   field rid 1 page 9 usage 0x0c bits 1 @115 logical 0..1[0m
[0;32mI (2759) PAD:   field rid 1 page 9 usage 0x0d bits 1 @116 logical 0..1[0m
[0;32mI (2760) PAD:   field rid 1 page 9 usage 0x0e bits 1 @117 logical 0..1[0m
[0;32mI (2760) PAD:   field rid 1 page 9 usage 0x0f bits 1 @118 logical 0..1[0m
[0;32mI (2760) PAD:   rid 1 page 1 usage 30 bit 0 size 16 [0..65535][0m
[0;32mI (2761) PAD:   rid 1 page 1 usage 31 bit 16 size 16 [0..65535][0m
[0;32mI (2761) PAD:   rid 1 page 1 usage 32 bit 32 size 16 [0..65535][0m
[0;32mI (2761) PAD:   rid 1 page 1 usage 35 bit 48 size 16 [0..65535][0m
[0;32mI (2762) PAD:   rid 1 page 2 usage c5 bit 64 size 10 [0..1023][0m
[0;32mI (2762) PAD:   rid 1 page 2 usage c4 bit 80 size 10 [0..1023][0m
[0;32mI (2762) PAD:   rid 1 page 1 usage 39 bit 96 size 4 [1..8][0m
[0;32mI (2762) PAD:   rid 1 page 9 usage 1 bit 104 size 1 [0..1][0m
[0;32mI (2763) PAD:   rid 1 page 9 usage 2 bit 105 size 1 [0..1][0m
[0;32mI (2763) PAD:   rid 1 page 9 usage 3 bit 106 size 1 [0..1][0m
[0;32mI (2763) PAD:   rid 1 page 9 usage 4 bit 107 size 1 [0..1][0m
[0;32mI (2764) PAD:   rid 1 page 9 usage 5 bit 108 size 1 [0..1][0m
[0;32mI (2764) PAD:   rid 1 page 9 usage 6 bit 109 size 1 [0..1][0m
[0;32mI (2764) PAD:   rid 1 page 9 usage 7 bit 110 size 1 [0..1][0m
[0;32mI (2765) PAD:   rid 1 page 9 usage 8 bit 111 size 1 [0..1][0m
[0;32mI (2765) PAD:   rid 1 page 9 usage 9 bit 112 size 1 [0..1][0m
[0;32mI (2765) PAD:   rid 1 page 9 usage a bit 113 size 1 [0..1][0m
[0;32mI (2766) PAD:   rid 1 page 9 usage b bit 114 size 1 [0..1][0m
[0;32mI (2766) PAD:   rid 1 page 9 usage c bit 115 size 1 [0..1][0m
[0;32mI (2766) PAD:   rid 1 page 9 usage d bit 116 size 1 [0..1][0m
[0;32mI (2767) PAD:   rid 1 page 9 usage e bit 117 size 1 [0..1][0m
[0;32mI (2767) PAD:   rid 1 page 9 usage f bit 118 size 1 [0..1][0m
[0;32mI (2768) PAD: connected: Xbox Wireless Controller[0m
gamepad connected: Xbox Wireless Controller
frame 56: 44783 us total, 29935 us display, type 4
[0;32mI (2780) NimBLE: Subscribe complete; status=259 conn_handle=0 attr_handle=20
[0m
frame 57: 13387 us total, 13129 us display, type 4
[0;32mI (2810) NIMBLE_HIDH: write complete; status=0 attr_handle=21[0m
[0;32mI (2811) NIMBLE_HIDH: report id 3 type 2 mode 1 perms 0xe handle 34 ccc 0[0m
[0;32mI (2811) NIMBLE_HIDH: report id 1 type 1 mode 1 perms 0x12 handle 30 ccc 31[0m
frame 58: 27075 us total, 13492 us display, type 4
[0;32mI (2840) NimBLE: Subscribe complete; status=259 conn_handle=0 attr_handle=30
[0m
[0;32mI (2841) NIMBLE_HIDH:   notify registered[0m
frame 59: 29831 us total, 13123 us display, type 4
frame 60: 20382 us total, 12089 us display, type 4
[0;32mI (2870) NIMBLE_HIDH: write complete; status=0 attr_handle=31[0m
[0;32mI (2870) NIMBLE_HIDH:   ccc written[0m
[0;32mI (2871) NIMBLE_HIDH: listeners attached[0m
frame 61: 35859 us total, 11847 us display, type 4
frame 62: 28784 us total, 12304 us display, type 4
frame 63: 19939 us total, 11741 us display, type 4
frame 64: 35609 us total, 11884 us display, type 4
frame 65: 27454 us total, 11673 us display, type 4
frame 66: 29771 us total, 11829 us display, type 4
frame 67: 22140 us total, 11673 us display, type 4
frame 68: 35039 us total, 11701 us display, type 4
frame 69: 28620 us total, 11676 us display, type 4
frame 70: 21593 us total, 12030 us display, type 4
frame 71: 35127 us total, 11840 us display, type 4
frame 72: 27468 us total, 11682 us display, type 4
frame 73: 23078 us total, 11714 us display, type 4
frame 74: 34562 us total, 11896 us display, type 4
frame 75: 30145 us total, 11912 us display, type 4
frame 76: 21402 us total, 11732 us display, type 4
frame 77: 35544 us total, 12364 us display, type 4
frame 78: 27438 us total, 11861 us display, type 4
frame 79: 27883 us total, 12159 us display, type 4
frame 80: 23226 us total, 11667 us display, type 4
frame 81: 34874 us total, 12258 us display, type 4
frame 82: 29854 us total, 11692 us display, type 4
frame 83: 21708 us total, 12320 us display, type 4
frame 84: 35110 us total, 11682 us display, type 4
frame 85: 27635 us total, 12271 us display, type 4
frame 86: 21693 us total, 11717 us display, type 4
frame 87: 34613 us total, 11829 us display, type 4
frame 88: 29035 us total, 12030 us display, type 4
frame 89: 22286 us total, 11659 us display, type 4
frame 90: 35995 us total, 11914 us display, type 4
frame 91: 28448 us total, 11835 us display, type 4
frame 92: 28712 us total, 12359 us display, type 4
frame 93: 20882 us total, 11664 us display, type 4
frame 94: 34765 us total, 11679 us display, type 4
frame 95: 28576 us total, 11681 us display, type 4
frame 96: 22632 us total, 11670 us display, type 4
frame 97: 35429 us total, 11686 us display, type 4
frame 98: 28710 us total, 11675 us display, type 4
frame 99: 21865 us total, 11667 us display, type 4
frame 100: 34293 us total, 11695 us display, type 4
frame 101: 29007 us total, 11737 us display, type 4
frame 102: 23066 us total, 12085 us display, type 4
frame 103: 33442 us total, 11676 us display, type 4
frame 104: 29865 us total, 11697 us display, type 4
frame 105: 29012 us total, 11699 us display, type 4
frame 106: 21303 us total, 11709 us display, type 4
frame 107: 34909 us total, 11878 us display, type 4
frame 108: 28175 us total, 11864 us display, type 4
frame 109: 22996 us total, 11747 us display, type 4
frame 110: 33814 us total, 12201 us display, type 4
frame 111: 29166 us total, 12340 us display, type 4
frame 112: 21928 us total, 11657 us display, type 4
frame 113: 37028 us total, 12034 us display, type 4
frame 114: 27019 us total, 11679 us display, type 4
frame 115: 21978 us total, 11690 us display, type 4
frame 116: 35169 us total, 11905 us display, type 4
frame 117: 27243 us total, 11679 us display, type 4
frame 118: 28953 us total, 11679 us display, type 4
frame 119: 22659 us total, 11677 us display, type 4
frame 120: 36995 us total, 11689 us display, type 4
frame 121: 28196 us total, 11688 us display, type 4
frame 122: 21248 us total, 12213 us display, type 4
frame 123: 36797 us total, 11716 us display, type 4
frame 124: 27797 us total, 11678 us display, type 4
frame 125: 21434 us total, 12214 us display, type 4
frame 126: 35116 us total, 11694 us display, type 4
frame 127: 30006 us total, 11691 us display, type 4
profile (avg of 128 frames, ms): logic+bsp 0.1 wait-fb 0.0 vp-mark 0.0 flats 0.0 columns 0.0 fuzz 0.0
frame 128: 28727 us total, 12345 us display, type 4
frame 129: 19756 us total, 11738 us display, type 4
frame 130: 37076 us total, 12001 us display, type 4
frame 131: 27675 us total, 11908 us display, type 4
frame 132: 21142 us total, 11658 us display, type 4
frame 133: 35402 us total, 11842 us display, type 4
frame 134: 29722 us total, 11881 us display, type 4
frame 135: 19886 us total, 11658 us display, type 4
frame 136: 36950 us total, 11678 us display, type 4
frame 137: 28336 us total, 11690 us display, type 4
frame 138: 20918 us total, 11864 us display, type 4
frame 139: 35596 us total, 11717 us display, type 4
frame 140: 27612 us total, 11689 us display, type 4
frame 141: 29274 us total, 11687 us display, type 4
frame 142: 21375 us total, 11676 us display, type 4
frame 143: 36644 us total, 11681 us display, type 4
frame 144: 29154 us total, 11679 us display, type 4
frame 145: 20605 us total, 12166 us display, type 4
frame 146: 36167 us total, 11691 us display, type 4
frame 147: 27600 us total, 11696 us display, type 4
frame 148: 21762 us total, 11720 us display, type 4
frame 149: 34775 us total, 11990 us display, type 4
frame 150: 30097 us total, 11950 us display, type 4
frame 151: 21201 us total, 11739 us display, type 4
frame 152: 35725 us total, 12169 us display, type 4
frame 153: 28467 us total, 11919 us display, type 4
frame 154: 27817 us total, 11862 us display, type 4
frame 155: 22309 us total, 12024 us display, type 4
frame 156: 34670 us total, 11684 us display, type 4
frame 157: 29939 us total, 11682 us display, type 4
frame 158: 21122 us total, 11833 us display, type 4
frame 159: 35496 us total, 11881 us display, type 4
frame 160: 28902 us total, 12198 us display, type 4
frame 161: 20552 us total, 11732 us display, type 4
frame 162: 36005 us total, 11899 us display, type 4
frame 163: 27869 us total, 12160 us display, type 4
frame 164: 22218 us total, 11672 us display, type 4
frame 165: 35896 us total, 12117 us display, type 4
frame 166: 28123 us total, 11935 us display, type 4
frame 167: 28326 us total, 11686 us display, type 4
frame 168: 21567 us total, 11701 us display, type 4
frame 169: 73088 us total, 13377 us display, type 5
frame 170: 13251 us total, 12707 us display, type 5
frame 171: 12919 us total, 12499 us display, type 5
frame 172: 13448 us total, 12519 us display, type 5
frame 173: 13097 us total, 12670 us display, type 5
frame 174: 13360 us total, 12982 us display, type 5
frame 175: 13142 us total, 12677 us display, type 5
frame 176: 13343 us total, 12982 us display, type 5
frame 177: 13137 us total, 12665 us display, type 5
frame 178: 13354 us total, 12962 us display, type 5
frame 179: 12954 us total, 12480 us display, type 5
frame 180: 13042 us total, 12463 us display, type 5
frame 181: 13343 us total, 12966 us display, type 5
frame 182: 13084 us total, 12644 us display, type 5
frame 183: 13463 us total, 13043 us display, type 5
frame 184: 13058 us total, 12643 us display, type 5
frame 185: 13281 us total, 12921 us display, type 5
frame 186: 13103 us total, 12625 us display, type 5
frame 187: 12872 us total, 12488 us display, type 5
frame 188: 13340 us total, 12422 us display, type 5
frame 189: 12955 us total, 12590 us display, type 5
frame 190: 13323 us total, 12913 us display, type 5
frame 191: 13009 us total, 12598 us display, type 5
frame 192: 13298 us total, 12893 us display, type 5
frame 193: 13010 us total, 12575 us display, type 5
frame 194: 13309 us total, 12881 us display, type 5
frame 195: 13014 us total, 12553 us display, type 5
frame 196: 12755 us total, 12357 us display, type 5
frame 197: 13267 us total, 12857 us display, type 5
frame 198: 12995 us total, 12512 us display, type 5
frame 199: 13272 us total, 12834 us display, type 5
frame 200: 12978 us total, 12513 us display, type 5
frame 201: 34468 us total, 12747 us display, type 5
frame 202: 13590 us total, 13038 us display, type 5
frame 203: 12951 us total, 12535 us display, type 5
frame 204: 13214 us total, 12756 us display, type 5
frame 205: 12965 us total, 12530 us display, type 5
frame 206: 13164 us total, 12746 us display, type 5
frame 207: 12741 us total, 12297 us display, type 5
frame 208: 12874 us total, 12254 us display, type 5
frame 209: 14356 us total, 12888 us display, type 5
frame 210: 12994 us total, 12450 us display, type 5
frame 211: 13152 us total, 12755 us display, type 5
frame 212: 12947 us total, 12441 us display, type 5
frame 213: 13124 us total, 12725 us display, type 5
frame 214: 12872 us total, 12413 us display, type 5
frame 215: 12645 us total, 12217 us display, type 5
frame 216: 13102 us total, 12715 us display, type 5
frame 217: 12816 us total, 12384 us display, type 5
frame 218: 13062 us total, 12670 us display, type 5
frame 219: 12852 us total, 12375 us display, type 5
frame 220: 13087 us total, 12679 us display, type 5
frame 221: 12869 us total, 12373 us display, type 5
frame 222: 12567 us total, 12183 us display, type 5
frame 223: 13193 us total, 12195 us display, type 5
frame 224: 12781 us total, 12359 us display, type 5
frame 225: 13007 us total, 12636 us display, type 5
frame 226: 12840 us total, 12351 us display, type 5
frame 227: 13017 us total, 12647 us display, type 5
frame 228: 12847 us total, 12365 us display, type 5
frame 229: 12973 us total, 12638 us display, type 5
frame 230: 12582 us total, 12169 us display, type 5
frame 231: 12715 us total, 12338 us display, type 5
frame 232: 13053 us total, 12639 us display, type 5
frame 233: 12849 us total, 12433 us display, type 5
frame 234: 13065 us total, 12642 us display, type 5
frame 235: 13073 us total, 12658 us display, type 5
frame 236: 12565 us total, 12160 us display, type 5
frame 237: 12687 us total, 12135 us display, type 5
frame 238: 12989 us total, 12643 us display, type 5
frame 239: 12780 us total, 12327 us display, type 5
frame 240: 12985 us total, 12620 us display, type 5
frame 241: 13084 us total, 12645 us display, type 5
frame 242: 12070 us total, 11510 us display, type 3
frame 243: 40920 us total, 11474 us display, type 3
frame 244: 33012 us total, 11783 us display, type 3
frame 245: 31848 us total, 12319 us display, type 3
frame 246: 23674 us total, 11796 us display, type 3
frame 247: 33115 us total, 11463 us display, type 3
frame 248: 33210 us total, 12208 us display, type 3
frame 249: 31865 us total, 11696 us display, type 3
frame 250: 26280 us total, 12257 us display, type 3
frame 251: 32446 us total, 12072 us display, type 3
frame 252: 33239 us total, 11669 us display, type 3
frame 253: 33585 us total, 11690 us display, type 3
frame 254: 27216 us total, 11947 us display, type 3
frame 255: 36243 us total, 11454 us display, type 3
profile (avg of 128 frames, ms): logic+bsp 1.1 wait-fb 0.0 vp-mark 0.5 flats 1.4 columns 0.6 fuzz 0.0
frame 256: 33384 us total, 11714 us display, type 3
audio: 83 underruns, 30 ms queued
mem @frame 256: heap free 36560, largest 14592, min ever 36076, zone free 41244, display stack free 4400, uptime 7 s, gamestate 0, demo 1, usergame 0, tic 191
frame 257: 31032 us total, 11470 us display, type 3
frame 258: 30363 us total, 11468 us display, type 3
frame 259: 25340 us total, 11462 us display, type 3
frame 260: 32339 us total, 11667 us display, type 3
frame 261: 30966 us total, 11467 us display, type 3
frame 262: 25224 us total, 12320 us display, type 3
frame 263: 31492 us total, 11467 us display, type 3
frame 264: 31360 us total, 11844 us display, type 3
frame 265: 25046 us total, 11930 us display, type 3
frame 266: 29269 us total, 11657 us display, type 3
frame 267: 29803 us total, 11771 us display, type 3
frame 268: 31851 us total, 12183 us display, type 3
frame 269: 25438 us total, 11934 us display, type 3
frame 270: 32711 us total, 11833 us display, type 3
frame 271: 31838 us total, 11654 us display, type 3
frame 272: 30006 us total, 11830 us display, type 3
frame 273: 26295 us total, 11790 us display, type 3
frame 274: 30938 us total, 12198 us display, type 3
frame 275: 30922 us total, 12267 us display, type 3
frame 276: 24434 us total, 11892 us display, type 3
frame 277: 32792 us total, 11916 us display, type 3
frame 278: 30083 us total, 12389 us display, type 3
frame 279: 22739 us total, 11456 us display, type 3
frame 280: 30271 us total, 11466 us display, type 3
frame 281: 28132 us total, 11469 us display, type 3
frame 282: 22225 us total, 11466 us display, type 3
frame 283: 30070 us total, 11461 us display, type 3
frame 284: 30091 us total, 11466 us display, type 3
frame 285: 23136 us total, 11458 us display, type 3
frame 286: 31979 us total, 11463 us display, type 3
frame 287: 30898 us total, 11656 us display, type 3
frame 288: 28103 us total, 11464 us display, type 3
frame 289: 23148 us total, 12112 us display, type 3
frame 290: 30978 us total, 11808 us display, type 3
frame 291: 27071 us total, 11496 us display, type 3
frame 292: 23716 us total, 11445 us display, type 3
frame 293: 30452 us total, 11445 us display, type 3
frame 294: 30130 us total, 11463 us display, type 3
frame 295: 22483 us total, 11446 us display, type 3
frame 296: 34456 us total, 11466 us display, type 3
frame 297: 31372 us total, 11460 us display, type 3
frame 298: 21493 us total, 11842 us display, type 3
frame 299: 34920 us total, 11730 us display, type 3
frame 300: 27225 us total, 11592 us display, type 3
frame 301: 22063 us total, 11460 us display, type 3
frame 302: 33412 us total, 11446 us display, type 3
frame 303: 29990 us total, 11462 us display, type 3
frame 304: 22138 us total, 11826 us display, type 3
frame 305: 35863 us total, 11815 us display, type 3
frame 306: 30171 us total, 11466 us display, type 3
frame 307: 31420 us total, 11681 us display, type 3
frame 308: 23478 us total, 11837 us display, type 3
frame 309: 33498 us total, 11462 us display, type 3
frame 310: 30287 us total, 11466 us display, type 3
frame 311: 23377 us total, 12079 us display, type 3
frame 312: 34901 us total, 12363 us display, type 3
frame 313: 30829 us total, 11469 us display, type 3
frame 314: 29382 us total, 11473 us display, type 3
frame 315: 22238 us total, 12411 us display, type 3
frame 316: 32702 us total, 12064 us display, type 3
frame 317: 29102 us total, 11664 us display, type 3
frame 318: 25334 us total, 12194 us display, type 3
frame 319: 34635 us total, 12240 us display, type 3
frame 320: 30931 us total, 12347 us display, type 3
frame 321: 31868 us total, 12199 us display, type 3
frame 322: 27197 us total, 12267 us display, type 3
frame 323: 32786 us total, 12097 us display, type 3
frame 324: 33885 us total, 11474 us display, type 3
frame 325: 33279 us total, 11673 us display, type 3
frame 326: 24688 us total, 11920 us display, type 3
frame 327: 33097 us total, 11459 us display, type 3
frame 328: 32820 us total, 11486 us display, type 3
frame 329: 34804 us total, 11490 us display, type 3
frame 330: 35509 us total, 11471 us display, type 3
frame 331: 26178 us total, 11745 us display, type 3
frame 332: 33690 us total, 11457 us display, type 3
frame 333: 32123 us total, 11463 us display, type 3
frame 334: 32602 us total, 12242 us display, type 3
frame 335: 26296 us total, 11458 us display, type 3
frame 336: 34553 us total, 11986 us display, type 3
frame 337: 35556 us total, 11768 us display, type 3
frame 338: 39615 us total, 11665 us display, type 3
frame 339: 37428 us total, 11664 us display, type 3
frame 340: 36554 us total, 12324 us display, type 3
frame 341: 35477 us total, 11678 us display, type 3
frame 342: 28184 us total, 11652 us display, type 3
frame 343: 37613 us total, 11458 us display, type 3
frame 344: 36877 us total, 11471 us display, type 3
frame 345: 36527 us total, 11477 us display, type 3
frame 346: 40975 us total, 11502 us display, type 3
frame 347: 35757 us total, 11477 us display, type 3
frame 348: 37297 us total, 12111 us display, type 3
frame 349: 38651 us total, 11471 us display, type 3
frame 350: 38300 us total, 11723 us display, type 3
frame 351: 29995 us total, 11810 us display, type 3
frame 352: 40371 us total, 11997 us display, type 3
frame 353: 40992 us total, 11469 us display, type 3
frame 354: 39114 us total, 11465 us display, type 3
frame 355: 39010 us total, 12273 us display, type 3
frame 356: 37184 us total, 12359 us display, type 3
frame 357: 41468 us total, 11740 us display, type 3
frame 358: 42045 us total, 12275 us display, type 3
frame 359: 41497 us total, 11463 us display, type 3
frame 360: 41099 us total, 11502 us display, type 3
frame 361: 40182 us total, 11911 us display, type 3
frame 362: 38627 us total, 11460 us display, type 3
frame 363: 36972 us total, 11472 us display, type 3
frame 364: 35751 us total, 11487 us display, type 3
frame 365: 34022 us total, 11921 us display, type 3
frame 366: 27109 us total, 11470 us display, type 3
frame 367: 31815 us total, 11468 us display, type 3
frame 368: 33858 us total, 12297 us display, type 3
frame 369: 30929 us total, 11868 us display, type 3
frame 370: 25068 us total, 11463 us display, type 3
frame 371: 33979 us total, 11839 us display, type 3
frame 372: 31995 us total, 11656 us display, type 3
frame 373: 32664 us total, 11921 us display, type 3
frame 374: 25348 us total, 11942 us display, type 3
frame 375: 30940 us total, 12147 us display, type 3
frame 376: 30929 us total, 12273 us display, type 3
frame 377: 30002 us total, 12334 us display, type 3
frame 378: 26284 us total, 12252 us display, type 3
frame 379: 31016 us total, 12173 us display, type 3
frame 380: 30361 us total, 11990 us display, type 3
frame 381: 24826 us total, 11457 us display, type 3
frame 382: 31167 us total, 11462 us display, type 3
frame 383: 30654 us total, 11471 us display, type 3
profile (avg of 128 frames, ms): logic+bsp 6.5 wait-fb 0.0 vp-mark 2.5 flats 5.5 columns 7.0 fuzz 0.0
frame 384: 29427 us total, 11467 us display, type 3
frame 385: 24357 us total, 11467 us display, type 3
frame 386: 29387 us total, 11466 us display, type 3
frame 387: 30496 us total, 11587 us display, type 3
frame 388: 26275 us total, 11669 us display, type 3
frame 389: 32088 us total, 11490 us display, type 3
frame 390: 33492 us total, 11623 us display, type 3
frame 391: 25337 us total, 11700 us display, type 3
frame 392: 30929 us total, 11529 us display, type 3
frame 393: 30010 us total, 11702 us display, type 3
frame 394: 30002 us total, 11736 us display, type 3
frame 395: 25355 us total, 11716 us display, type 3
frame 396: 30490 us total, 11482 us display, type 3
frame 397: 32409 us total, 11480 us display, type 3
frame 398: 25247 us total, 11610 us display, type 3
frame 399: 31532 us total, 11616 us display, type 3
frame 400: 34177 us total, 11477 us display, type 3
frame 401: 32658 us total, 11694 us display, type 3
frame 402: 27190 us total, 11663 us display, type 3
frame 403: 31976 us total, 11469 us display, type 3
frame 404: 34262 us total, 11473 us display, type 3
frame 405: 35614 us total, 12199 us display, type 3
frame 406: 36696 us total, 11681 us display, type 3
frame 407: 35444 us total, 11474 us display, type 3
frame 408: 26483 us total, 11712 us display, type 3
frame 409: 34715 us total, 11739 us display, type 3
frame 410: 33712 us total, 12303 us display, type 3
frame 411: 34643 us total, 11899 us display, type 3
frame 412: 36427 us total, 11476 us display, type 3
frame 413: 27731 us total, 11457 us display, type 3
frame 414: 34946 us total, 11465 us display, type 3
frame 415: 35455 us total, 11476 us display, type 3
frame 416: 34531 us total, 11473 us display, type 3
frame 417: 34850 us total, 11983 us display, type 3
frame 418: 27711 us total, 12190 us display, type 3
frame 419: 33699 us total, 11776 us display, type 3
frame 420: 34641 us total, 12059 us display, type 3
frame 421: 35437 us total, 11475 us display, type 3
frame 422: 34188 us total, 11624 us display, type 3
frame 423: 33710 us total, 11712 us display, type 3
frame 424: 27201 us total, 11577 us display, type 3
frame 425: 31030 us total, 11487 us display, type 3
frame 426: 33157 us total, 11464 us display, type 3
frame 427: 32495 us total, 11808 us display, type 3
frame 428: 25271 us total, 11466 us display, type 3
frame 429: 32229 us total, 11485 us display, type 3
frame 430: 31720 us total, 11481 us display, type 3
frame 431: 26885 us total, 11806 us display, type 3
frame 432: 30947 us total, 11651 us display, type 3
frame 433: 34143 us total, 11479 us display, type 3
frame 434: 34214 us total, 12188 us display, type 3
frame 435: 34599 us total, 11902 us display, type 3
frame 436: 27237 us total, 11640 us display, type 3
frame 437: 33685 us total, 12023 us display, type 3
frame 438: 32792 us total, 11963 us display, type 3
frame 439: 32879 us total, 11468 us display, type 3
frame 440: 27303 us total, 11654 us display, type 3
frame 441: 33658 us total, 11463 us display, type 3
frame 442: 34839 us total, 11826 us display, type 3
frame 443: 35944 us total, 11482 us display, type 3
frame 444: 37950 us total, 12251 us display, type 3
frame 445: 34633 us total, 11990 us display, type 3
frame 446: 29998 us total, 12140 us display, type 3
frame 447: 32944 us total, 11639 us display, type 3
frame 448: 34899 us total, 11480 us display, type 3
frame 449: 34093 us total, 11475 us display, type 3
frame 450: 36353 us total, 11477 us display, type 3
frame 451: 37081 us total, 12077 us display, type 3
frame 452: 29060 us total, 12162 us display, type 3
frame 453: 34637 us total, 12322 us display, type 3
frame 454: 32797 us total, 11712 us display, type 3
frame 455: 32484 us total, 11484 us display, type 3
frame 456: 24895 us total, 11504 us display, type 3
frame 457: 31144 us total, 11467 us display, type 3
frame 458: 33819 us total, 11472 us display, type 3
frame 459: 35319 us total, 12189 us display, type 3
frame 460: 32699 us total, 12017 us display, type 3
frame 461: 29069 us total, 12369 us display, type 3
frame 462: 33704 us total, 12214 us display, type 3
frame 463: 32793 us total, 11936 us display, type 3
frame 464: 33976 us total, 11474 us display, type 3
frame 465: 37738 us total, 11476 us display, type 3
frame 466: 27988 us total, 11470 us display, type 3
frame 467: 34772 us total, 11468 us display, type 3
frame 468: 35255 us total, 11469 us display, type 3
frame 469: 32973 us total, 11990 us display, type 3
frame 470: 32656 us total, 11975 us display, type 3
frame 471: 26881 us total, 12175 us display, type 3
frame 472: 31412 us total, 11662 us display, type 3
frame 473: 34496 us total, 11833 us display, type 3
frame 474: 36833 us total, 11557 us display, type 3
frame 475: 35878 us total, 11476 us display, type 3
frame 476: 29676 us total, 11582 us display, type 3
frame 477: 34989 us total, 11467 us display, type 3
frame 478: 36123 us total, 12201 us display, type 3
frame 479: 36491 us total, 11714 us display, type 3
frame 480: 38887 us total, 11469 us display, type 3
frame 481: 37320 us total, 11485 us display, type 3
frame 482: 38744 us total, 11983 us display, type 3
frame 483: 35989 us total, 12138 us display, type 3
frame 484: 29060 us total, 11636 us display, type 3
frame 485: 35005 us total, 11462 us display, type 3
frame 486: 33707 us total, 11474 us display, type 3
frame 487: 37404 us total, 11732 us display, type 3
frame 488: 35419 us total, 11474 us display, type 3
frame 489: 34851 us total, 11942 us display, type 3
frame 490: 26195 us total, 11753 us display, type 3
frame 491: 31439 us total, 12164 us display, type 3
frame 492: 31346 us total, 12289 us display, type 3
frame 493: 30928 us total, 11816 us display, type 3
frame 494: 25010 us total, 11459 us display, type 3
frame 495: 34990 us total, 11858 us display, type 3
frame 496: 32922 us total, 11664 us display, type 3
frame 497: 33576 us total, 12322 us display, type 3
frame 498: 23589 us total, 11855 us display, type 3
frame 499: 31909 us total, 11661 us display, type 3
frame 500: 30852 us total, 11668 us display, type 3
frame 501: 24440 us total, 12156 us display, type 3
frame 502: 30857 us total, 12325 us display, type 3
frame 503: 31854 us total, 11663 us display, type 3
frame 504: 31184 us total, 11484 us display, type 3
frame 505: 24594 us total, 11472 us display, type 3
frame 506: 31169 us total, 11626 us display, type 3
frame 507: 30458 us total, 11538 us display, type 3
frame 508: 25614 us total, 11455 us display, type 3
frame 509: 31126 us total, 11466 us display, type 3
frame 510: 31406 us total, 11536 us display, type 3
frame 511: 34023 us total, 11468 us display, type 3
profile (avg of 128 frames, ms): logic+bsp 8.5 wait-fb 0.0 vp-mark 2.5 flats 6.3 columns 8.3 fuzz 0.0
frame 512: 24537 us total, 11465 us display, type 3
audio: 83 underruns, 20 ms queued
mem @frame 512: heap free 36560, largest 14592, min ever 36076, zone free 40524, display stack free 4400, uptime 15 s, gamestate 0, demo 1, usergame 0, tic 475
frame 513: 36066 us total, 11760 us display, type 3
frame 514: 35978 us total, 11473 us display, type 3
frame 515: 35280 us total, 11760 us display, type 3
frame 516: 32699 us total, 11656 us display, type 3
frame 517: 23784 us total, 11455 us display, type 3
frame 518: 33379 us total, 11900 us display, type 3
frame 519: 35565 us total, 11952 us display, type 3
frame 520: 35979 us total, 11477 us display, type 3
frame 521: 37347 us total, 11682 us display, type 3
frame 522: 24738 us total, 11455 us display, type 3
frame 523: 35290 us total, 11466 us display, type 3
frame 524: 33050 us total, 11482 us display, type 3
frame 525: 32946 us total, 11481 us display, type 3
frame 526: 25042 us total, 11477 us display, type 3
frame 527: 34494 us total, 11662 us display, type 3
frame 528: 35549 us total, 12065 us display, type 3
frame 529: 34721 us total, 11877 us display, type 3
frame 530: 34556 us total, 11734 us display, type 3
frame 531: 24601 us total, 11648 us display, type 3
frame 532: 32600 us total, 11964 us display, type 3
frame 533: 31867 us total, 12139 us display, type 3
frame 534: 33245 us total, 11478 us display, type 3
frame 535: 24846 us total, 11885 us display, type 3
frame 536: 37087 us total, 11459 us display, type 3
frame 537: 33510 us total, 11569 us display, type 3
frame 538: 33947 us total, 11475 us display, type 3
frame 539: 32563 us total, 11770 us display, type 3
frame 540: 24601 us total, 11465 us display, type 3
frame 541: 32125 us total, 11464 us display, type 3
frame 542: 32338 us total, 11717 us display, type 3
frame 543: 24656 us total, 11462 us display, type 3
frame 544: 32925 us total, 11460 us display, type 3
frame 545: 32562 us total, 11472 us display, type 3
frame 546: 32797 us total, 11836 us display, type 3
frame 547: 24266 us total, 11606 us display, type 3
frame 548: 32786 us total, 11782 us display, type 3
frame 549: 29071 us total, 11825 us display, type 3
frame 550: 31860 us total, 11833 us display, type 3
frame 551: 23488 us total, 11781 us display, type 3
frame 552: 32006 us total, 11474 us display, type 3
frame 553: 32119 us total, 11465 us display, type 3
frame 554: 24030 us total, 11828 us display, type 3
frame 555: 32101 us total, 11466 us display, type 3
frame 556: 31610 us total, 11501 us display, type 3
frame 557: 31418 us total, 11463 us display, type 3
frame 558: 23373 us total, 11457 us display, type 3
frame 559: 31684 us total, 11652 us display, type 3
frame 560: 33096 us total, 11463 us display, type 3
frame 561: 22870 us total, 12364 us display, type 3
frame 562: 31928 us total, 11463 us display, type 3
frame 563: 31928 us total, 11817 us display, type 3
frame 564: 30930 us total, 11724 us display, type 3
frame 565: 22312 us total, 11823 us display, type 3
frame 566: 31769 us total, 11866 us display, type 3
frame 567: 32810 us total, 11470 us display, type 3
frame 568: 23472 us total, 12076 us display, type 3
frame 569: 31126 us total, 11536 us display, type 3
frame 570: 34796 us total, 11476 us display, type 3
frame 571: 32298 us total, 11471 us display, type 3
frame 572: 23938 us total, 11460 us display, type 3
frame 573: 31056 us total, 11465 us display, type 3
frame 574: 32491 us total, 11478 us display, type 3
frame 575: 32909 us total, 12357 us display, type 3
frame 576: 23765 us total, 11464 us display, type 3
frame 577: 36143 us total, 11866 us display, type 3
frame 578: 33711 us total, 12149 us display, type 3
frame 579: 34632 us total, 11754 us display, type 3
frame 580: 25356 us total, 12152 us display, type 3
frame 581: 31896 us total, 11649 us display, type 3
frame 582: 32750 us total, 12365 us display, type 3
frame 583: 33227 us total, 11467 us display, type 3
frame 584: 25000 us total, 12063 us display, type 3
frame 585: 33775 us total, 11644 us display, type 3
frame 586: 36692 us total, 11681 us display, type 3
frame 587: 33708 us total, 11505 us display, type 3
frame 588: 32784 us total, 11766 us display, type 3
frame 589: 24427 us total, 11812 us display, type 3
frame 590: 31000 us total, 11475 us display, type 3
frame 591: 31250 us total, 11468 us display, type 3
frame 592: 24972 us total, 11696 us display, type 3
frame 593: 33060 us total, 11464 us display, type 3
frame 594: 32855 us total, 11467 us display, type 3
frame 595: 33880 us total, 11495 us display, type 3
frame 596: 33972 us total, 11479 us display, type 3
frame 597: 25502 us total, 11660 us display, type 3
frame 598: 32535 us total, 11484 us display, type 3
frame 599: 33275 us total, 11774 us display, type 3
frame 600: 34376 us total, 11789 us display, type 3
frame 601: 25455 us total, 12030 us display, type 3
frame 602: 34539 us total, 12000 us display, type 3
frame 603: 33723 us total, 12279 us display, type 3
frame 604: 34056 us total, 11473 us display, type 3
frame 605: 32776 us total, 11768 us display, type 3
frame 606: 24081 us total, 11887 us display, type 3
frame 607: 31870 us total, 12361 us display, type 3
frame 608: 33424 us total, 11476 us display, type 3
frame 609: 23787 us total, 11854 us display, type 3
frame 610: 34012 us total, 11458 us display, type 3
frame 611: 34147 us total, 11474 us display, type 3
frame 612: 33383 us total, 11483 us display, type 3
frame 613: 33017 us total, 11483 us display, type 3
frame 614: 25235 us total, 11462 us display, type 3
frame 615: 31692 us total, 11487 us display, type 3
frame 616: 34639 us total, 11499 us display, type 3
frame 617: 36457 us total, 12266 us display, type 3
frame 618: 23903 us total, 11459 us display, type 3
frame 619: 35232 us total, 11739 us display, type 3
frame 620: 33652 us total, 11721 us display, type 3
frame 621: 35565 us total, 11838 us display, type 3
frame 622: 35426 us total, 11477 us display, type 3
frame 623: 25490 us total, 12294 us display, type 3
frame 624: 35904 us total, 11504 us display, type 3
frame 625: 34645 us total, 11491 us display, type 3
frame 626: 34957 us total, 11465 us display, type 3
frame 627: 33996 us total, 11470 us display, type 3
frame 628: 25199 us total, 11464 us display, type 3
frame 629: 34744 us total, 11476 us display, type 3
frame 630: 36113 us total, 11567 us display, type 3
frame 631: 36138 us total, 11479 us display, type 3
frame 632: 35645 us total, 11486 us display, type 3
frame 633: 38391 us total, 11481 us display, type 3
frame 634: 27593 us total, 11755 us display, type 3
frame 635: 36475 us total, 12116 us display, type 3
frame 636: 33711 us total, 11956 us display, type 3
frame 637: 33707 us total, 11695 us display, type 3
frame 638: 34676 us total, 11470 us display, type 3
frame 639: 25436 us total, 11643 us display, type 3
profile (avg of 128 frames, ms): logic+bsp 7.1 wait-fb 0.0 vp-mark 2.2 flats 5.9 columns 7.4 fuzz 1.0
frame 640: 35380 us total, 11481 us display, type 3
frame 641: 35378 us total, 11473 us display, type 3
frame 642: 33698 us total, 11485 us display, type 3
frame 643: 32281 us total, 11962 us display, type 3
frame 644: 25366 us total, 12020 us display, type 3
frame 645: 33707 us total, 11921 us display, type 3
frame 646: 34343 us total, 11471 us display, type 3
frame 647: 34358 us total, 11634 us display, type 3
frame 648: 26361 us total, 11464 us display, type 3
frame 649: 33629 us total, 11654 us display, type 3
frame 650: 32933 us total, 11477 us display, type 3
frame 651: 31019 us total, 11474 us display, type 3
frame 652: 24642 us total, 11648 us display, type 3
frame 653: 30525 us total, 11467 us display, type 3
frame 654: 33224 us total, 11463 us display, type 3
frame 655: 33350 us total, 11470 us display, type 3
frame 656: 24314 us total, 11662 us display, type 3
frame 657: 33694 us total, 11841 us display, type 3
input: down 0x00040
frame 658: 35497 us total, 11471 us display, type 3
frame 659: 33780 us total, 12219 us display, type 3
frame 660: 34635 us total, 12111 us display, type 3
frame 661: 26284 us total, 12238 us display, type 3
frame 662: 33709 us total, 11669 us display, type 3
frame 663: 34648 us total, 11759 us display, type 3
frame 664: 35906 us total, 11754 us display, type 3
frame 665: 33749 us total, 11488 us display, type 3
frame 666: 27692 us total, 11459 us display, type 3
frame 667: 33186 us total, 11830 us display, type 3
frame 668: 33268 us total, 11468 us display, type 3
frame 669: 33651 us total, 11473 us display, type 3
frame 670: 26832 us total, 11467 us display, type 3
frame 671: 36438 us total, 12350 us display, type 3
frame 672: 34630 us total, 11783 us display, type 3
frame 673: 35679 us total, 12418 us display, type 3
frame 674: 35799 us total, 11706 us display, type 3
frame 675: 33144 us total, 11479 us display, type 3
frame 676: 26852 us total, 11482 us display, type 3
frame 677: 34629 us total, 11583 us display, type 3
frame 678: 35949 us total, 11470 us display, type 3
frame 679: 37188 us total, 11659 us display, type 3
frame 680: 35408 us total, 11720 us display, type 3
frame 681: 35318 us total, 11480 us display, type 3
frame 682: 26900 us total, 11458 us display, type 3
frame 683: 35536 us total, 11808 us display, type 3
frame 684: 36083 us total, 11471 us display, type 3
frame 685: 37808 us total, 12279 us display, type 3
frame 686: 35563 us total, 12207 us display, type 3
frame 687: 36070 us total, 11472 us display, type 3
frame 688: 26714 us total, 11868 us display, type 3
frame 689: 35142 us total, 11477 us display, type 3
frame 690: 34478 us total, 11495 us display, type 3
frame 691: 34786 us total, 11475 us display, type 3
frame 692: 35738 us total, 11469 us display, type 3
frame 693: 25038 us total, 11553 us display, type 3
frame 694: 37577 us total, 11609 us display, type 3
frame 695: 35743 us total, 11466 us display, type 3
frame 696: 34843 us total, 11474 us display, type 3
frame 697: 34419 us total, 11806 us display, type 3
frame 698: 33717 us total, 11570 us display, type 3
frame 699: 27210 us total, 11500 us display, type 3
frame 700: 35883 us total, 11470 us display, type 3
frame 701: 36154 us total, 12117 us display, type 3
frame 702: 36491 us total, 12029 us display, type 3
frame 703: 34698 us total, 12369 us display, type 3
frame 704: 25640 us total, 11469 us display, type 3
frame 705: 32956 us total, 11477 us display, type 3
frame 706: 36429 us total, 12196 us display, type 3
frame 707: 35274 us total, 12063 us display, type 3
frame 708: 36032 us total, 11471 us display, type 3
frame 709: 34519 us total, 11610 us display, type 3
frame 710: 28288 us total, 11632 us display, type 3
frame 711: 33558 us total, 11520 us display, type 3
frame 712: 33149 us total, 11482 us display, type 3
frame 713: 33591 us total, 11833 us display, type 3
frame 714: 25334 us total, 11479 us display, type 3
frame 715: 34993 us total, 11471 us display, type 3
frame 716: 35110 us total, 12273 us display, type 3
frame 717: 35428 us total, 12036 us display, type 3
frame 718: 32787 us total, 11813 us display, type 3
frame 719: 26276 us total, 12151 us display, type 3
frame 720: 31856 us total, 12043 us display, type 3
frame 721: 31866 us total, 11990 us display, type 3
frame 722: 33587 us total, 11466 us display, type 3
frame 723: 23621 us total, 12022 us display, type 3
frame 724: 32785 us total, 11998 us display, type 3
frame 725: 33291 us total, 11466 us display, type 3
frame 726: 32778 us total, 11641 us display, type 3
frame 727: 22999 us total, 11696 us display, type 3
frame 728: 30942 us total, 12037 us display, type 3
frame 729: 32358 us total, 11467 us display, type 3
frame 730: 22996 us total, 11645 us display, type 3
frame 731: 32782 us total, 12047 us display, type 3
frame 732: 32793 us total, 11764 us display, type 3
frame 733: 34222 us total, 11478 us display, type 3
frame 734: 23080 us total, 12141 us display, type 3
frame 735: 34096 us total, 11461 us display, type 3
frame 736: 30087 us total, 11468 us display, type 3
frame 737: 29856 us total, 11478 us display, type 3
frame 738: 23083 us total, 12111 us display, type 3
frame 739: 31865 us total, 11740 us display, type 3
frame 740: 32939 us total, 11653 us display, type 3
frame 741: 22618 us total, 11976 us display, type 3
frame 742: 32577 us total, 12032 us display, type 3
frame 743: 31949 us total, 12001 us display, type 3
frame 744: 31774 us total, 11760 us display, type 3
frame 745: 23135 us total, 12180 us display, type 3
frame 746: 32217 us total, 11940 us display, type 3
frame 747: 32044 us total, 11661 us display, type 3
frame 748: 24255 us total, 12278 us display, type 3
frame 749: 32772 us total, 12164 us display, type 3
frame 750: 32065 us total, 11664 us display, type 3
input: down 0x00010
frame 751: 32584 us total, 11694 us display, type 3
frame 752: 23049 us total, 11619 us display, type 3
frame 753: 30976 us total, 11469 us display, type 3
frame 754: 31513 us total, 11554 us display, type 3
frame 755: 22580 us total, 11821 us display, type 3
frame 756: 32468 us total, 11461 us display, type 3
frame 757: 32819 us total, 11634 us display, type 3
frame 758: 34215 us total, 11491 us display, type 3
frame 759: 24210 us total, 11512 us display, type 3
frame 760: 34922 us total, 11467 us display, type 3
frame 761: 32970 us total, 11471 us display, type 3
frame 762: 34627 us total, 11475 us display, type 3
frame 763: 36195 us total, 11618 us display, type 3
frame 764: 29461 us total, 11455 us display, type 3
frame 765: 40080 us total, 11461 us display, type 3
frame 766: 42189 us total, 11460 us display, type 3
frame 767: 40858 us total, 12151 us display, type 3
profile (avg of 128 frames, ms): logic+bsp 6.4 wait-fb 0.0 vp-mark 2.4 flats 6.3 columns 7.1 fuzz 0.5
frame 768: 37445 us total, 11462 us display, type 3
audio: 83 underruns, 20 ms queued
mem @frame 768: heap free 36560, largest 14592, min ever 36076, zone free 41204, display stack free 4368, uptime 23 s, gamestate 0, demo 1, usergame 0, tic 761
frame 769: 36633 us total, 11813 us display, type 3
frame 770: 36864 us total, 11462 us display, type 3
frame 771: 37600 us total, 11473 us display, type 3
frame 772: 35371 us total, 11858 us display, type 3
frame 773: 36539 us total, 12202 us display, type 3
frame 774: 36420 us total, 11831 us display, type 3
frame 775: 29983 us total, 11732 us display, type 3
frame 776: 36847 us total, 11749 us display, type 3
frame 777: 36606 us total, 11467 us display, type 3
frame 778: 40183 us total, 12176 us display, type 3
frame 779: 39241 us total, 11845 us display, type 3
frame 780: 39702 us total, 11469 us display, type 3
frame 781: 38287 us total, 11474 us display, type 3
frame 782: 39149 us total, 11891 us display, type 3
frame 783: 38307 us total, 11663 us display, type 3
frame 784: 38749 us total, 11674 us display, type 3
frame 785: 40164 us total, 11733 us display, type 3
frame 786: 39116 us total, 11488 us display, type 3
frame 787: 38853 us total, 11542 us display, type 3
frame 788: 27195 us total, 11493 us display, type 3
frame 789: 35972 us total, 11464 us display, type 3
frame 790: 35290 us total, 12173 us display, type 3
frame 791: 35426 us total, 11801 us display, type 3
frame 792: 37079 us total, 11476 us display, type 3
frame 793: 33462 us total, 11515 us display, type 3
frame 794: 25215 us total, 11463 us display, type 3
frame 795: 35815 us total, 11465 us display, type 3
frame 796: 37927 us total, 11476 us display, type 3
frame 797: 36947 us total, 11680 us display, type 3
frame 798: 38555 us total, 11480 us display, type 3
frame 799: 37405 us total, 11523 us display, type 3
frame 800: 39064 us total, 11490 us display, type 3
frame 801: 26585 us total, 11470 us display, type 3
frame 802: 37296 us total, 12004 us display, type 3
frame 803: 36490 us total, 12103 us display, type 3
frame 804: 37396 us total, 11653 us display, type 3
frame 805: 36184 us total, 11478 us display, type 3
frame 806: 35221 us total, 11473 us display, type 3
frame 807: 25463 us total, 11744 us display, type 3
frame 808: 37399 us total, 12059 us display, type 3
frame 809: 34842 us total, 11740 us display, type 3
frame 810: 35827 us total, 11458 us display, type 3
frame 811: 34516 us total, 11726 us display, type 3
frame 812: 34634 us total, 11528 us display, type 3
frame 813: 26065 us total, 11643 us display, type 3
frame 814: 35379 us total, 11462 us display, type 3
frame 815: 35585 us total, 11465 us display, type 3
frame 816: 34666 us total, 11472 us display, type 3
frame 817: 33310 us total, 11679 us display, type 3
frame 818: 26281 us total, 11756 us display, type 3
frame 819: 32772 us total, 11504 us display, type 3
frame 820: 34680 us total, 11469 us display, type 3
frame 821: 34956 us total, 11477 us display, type 3
frame 822: 35377 us total, 11642 us display, type 3
frame 823: 23359 us total, 11462 us display, type 3
frame 824: 30628 us total, 11473 us display, type 3
frame 825: 29494 us total, 11462 us display, type 3
frame 826: 22882 us total, 11465 us display, type 3
frame 827: 29561 us total, 11791 us display, type 3
frame 828: 30198 us total, 11478 us display, type 3
frame 829: 21193 us total, 11456 us display, type 3
frame 830: 31778 us total, 11468 us display, type 3
frame 831: 30541 us total, 11468 us display, type 3
frame 832: 22229 us total, 11467 us display, type 3
frame 833: 33691 us total, 11724 us display, type 3
frame 834: 30077 us total, 11469 us display, type 3
frame 835: 30149 us total, 11470 us display, type 3
frame 836: 23562 us total, 11469 us display, type 3
frame 837: 33035 us total, 11462 us display, type 3
frame 838: 31334 us total, 11845 us display, type 3
frame 839: 22951 us total, 11648 us display, type 3
input: down 0x00010
frame 840: 31917 us total, 11469 us display, type 3
frame 841: 30510 us total, 11487 us display, type 3
frame 842: 30910 us total, 11552 us display, type 3
frame 843: 22786 us total, 11454 us display, type 3
frame 844: 28564 us total, 11653 us display, type 3
frame 845: 23466 us total, 12287 us display, type 3
frame 846: 33704 us total, 12234 us display, type 3
frame 847: 31070 us total, 11653 us display, type 3
frame 848: 31722 us total, 11994 us display, type 3
frame 849: 23589 us total, 12192 us display, type 3
frame 850: 30842 us total, 12294 us display, type 3
frame 851: 29072 us total, 11972 us display, type 3
frame 852: 23100 us total, 11467 us display, type 3
frame 853: 30677 us total, 11461 us display, type 3
frame 854: 32501 us total, 12373 us display, type 3
frame 855: 31663 us total, 12207 us display, type 3
frame 856: 22182 us total, 11474 us display, type 3
frame 857: 32923 us total, 11473 us display, type 3
frame 858: 31009 us total, 11472 us display, type 3
frame 859: 23144 us total, 11478 us display, type 3
frame 860: 30764 us total, 11834 us display, type 3
frame 861: 30004 us total, 11520 us display, type 3
frame 862: 24151 us total, 11639 us display, type 3
frame 863: 31739 us total, 11461 us display, type 3
frame 864: 33271 us total, 11481 us display, type 3
frame 865: 33184 us total, 11475 us display, type 3
frame 866: 23940 us total, 11593 us display, type 3
frame 867: 32782 us total, 11636 us display, type 3
frame 868: 32803 us total, 11573 us display, type 3
frame 869: 33339 us total, 11473 us display, type 3
frame 870: 24904 us total, 11473 us display, type 3
frame 871: 36934 us total, 11470 us display, type 3
frame 872: 38691 us total, 11924 us display, type 3
frame 873: 36336 us total, 11469 us display, type 3
frame 874: 36446 us total, 11474 us display, type 3
frame 875: 36449 us total, 11473 us display, type 3
frame 876: 37995 us total, 12272 us display, type 3
frame 877: 27216 us total, 11961 us display, type 3
frame 878: 36486 us total, 11845 us display, type 3
frame 879: 37107 us total, 11656 us display, type 3
frame 880: 39258 us total, 11460 us display, type 3
frame 881: 36712 us total, 11468 us display, type 3
frame 882: 35325 us total, 11470 us display, type 3
frame 883: 35175 us total, 11484 us display, type 3
frame 884: 27788 us total, 11465 us display, type 3
frame 885: 36635 us total, 11459 us display, type 3
frame 886: 36366 us total, 11462 us display, type 3
frame 887: 36548 us total, 11552 us display, type 3
frame 888: 36892 us total, 11475 us display, type 3
frame 889: 35678 us total, 11479 us display, type 3
frame 890: 33885 us total, 11665 us display, type 3
frame 891: 26022 us total, 11460 us display, type 3
frame 892: 34674 us total, 11470 us display, type 3
frame 893: 35781 us total, 11482 us display, type 3
frame 894: 38583 us total, 11658 us display, type 3
frame 895: 35150 us total, 11482 us display, type 3
profile (avg of 128 frames, ms): logic+bsp 8.0 wait-fb 0.0 vp-mark 1.6 flats 4.8 columns 8.5 fuzz 0.1
frame 896: 35483 us total, 11472 us display, type 3
frame 897: 26202 us total, 11753 us display, type 3
frame 898: 32677 us total, 11734 us display, type 3
frame 899: 35109 us total, 11650 us display, type 3
frame 900: 33503 us total, 11689 us display, type 3
frame 901: 25331 us total, 11836 us display, type 3
frame 902: 33748 us total, 11701 us display, type 3
frame 903: 32873 us total, 11475 us display, type 3
frame 904: 30843 us total, 11470 us display, type 3
frame 905: 25539 us total, 11458 us display, type 3
frame 906: 30962 us total, 11458 us display, type 3
frame 907: 32145 us total, 11472 us display, type 3
frame 908: 34285 us total, 11479 us display, type 3
frame 909: 27046 us total, 11661 us display, type 3
frame 910: 34594 us total, 11463 us display, type 3
frame 911: 36678 us total, 11654 us display, type 3
frame 912: 35414 us total, 12196 us display, type 3
frame 913: 35163 us total, 11469 us display, type 3
frame 914: 38155 us total, 11846 us display, type 3
frame 915: 42105 us total, 11662 us display, type 3
frame 916: 42239 us total, 12193 us display, type 3
frame 917: 41320 us total, 11477 us display, type 3
frame 918: 39584 us total, 11480 us display, type 3
frame 919: 40870 us total, 12320 us display, type 3
frame 920: 38349 us total, 12372 us display, type 3
frame 921: 33302 us total, 11465 us display, type 3
frame 922: 50201 us total, 12112 us display, type 3
frame 923: 41069 us total, 11648 us display, type 3
frame 924: 31428 us total, 11461 us display, type 3
frame 925: 37690 us total, 11475 us display, type 3
frame 926: 39804 us total, 12331 us display, type 3
frame 927: 38514 us total, 11460 us display, type 3
frame 928: 39610 us total, 11467 us display, type 3
frame 929: 39449 us total, 11980 us display, type 3
frame 930: 40234 us total, 11454 us display, type 3
frame 931: 37387 us total, 11493 us display, type 3
frame 932: 38522 us total, 11470 us display, type 3
frame 933: 39075 us total, 11709 us display, type 3
frame 934: 40543 us total, 11689 us display, type 3
frame 935: 39509 us total, 11473 us display, type 3
frame 936: 41804 us total, 11852 us display, type 3
frame 937: 39773 us total, 11488 us display, type 3
frame 938: 37874 us total, 11483 us display, type 3
frame 939: 37720 us total, 11763 us display, type 3
frame 940: 39846 us total, 11481 us display, type 3
frame 941: 31730 us total, 11460 us display, type 3
frame 942: 37608 us total, 11475 us display, type 3
frame 943: 38016 us total, 11983 us display, type 3
frame 944: 35758 us total, 11665 us display, type 3
frame 945: 36814 us total, 11482 us display, type 3
frame 946: 35511 us total, 11495 us display, type 3
frame 947: 36899 us total, 11496 us display, type 3
frame 948: 38015 us total, 11668 us display, type 3
frame 949: 28024 us total, 11891 us display, type 3
frame 950: 36420 us total, 11640 us display, type 3
frame 951: 40527 us total, 11821 us display, type 3
frame 952: 37398 us total, 11456 us display, type 3
frame 953: 38347 us total, 12324 us display, type 3
frame 954: 38795 us total, 11476 us display, type 3
frame 955: 40426 us total, 11479 us display, type 3
frame 956: 39577 us total, 11469 us display, type 3
frame 957: 40057 us total, 11487 us display, type 3
frame 958: 39138 us total, 11533 us display, type 3
frame 959: 38489 us total, 11788 us display, type 3
frame 960: 40617 us total, 11473 us display, type 3
frame 961: 42031 us total, 11474 us display, type 3
frame 962: 41268 us total, 11483 us display, type 3
frame 963: 42947 us total, 11824 us display, type 3
frame 964: 41415 us total, 11687 us display, type 3
frame 965: 42360 us total, 11476 us display, type 3
frame 966: 39975 us total, 11480 us display, type 3
frame 967: 41451 us total, 11482 us display, type 3
frame 968: 41295 us total, 11689 us display, type 3
frame 969: 39960 us total, 11747 us display, type 3
frame 970: 39609 us total, 11489 us display, type 3
frame 971: 40039 us total, 12036 us display, type 3
frame 972: 40196 us total, 12183 us display, type 3
frame 973: 29992 us total, 12159 us display, type 3
frame 974: 40010 us total, 11466 us display, type 3
frame 975: 42059 us total, 11965 us display, type 3
frame 976: 39649 us total, 11459 us display, type 3
frame 977: 39711 us total, 11706 us display, type 3
frame 978: 40476 us total, 11973 us display, type 3
frame 979: 39901 us total, 11463 us display, type 3
frame 980: 40031 us total, 11470 us display, type 3
frame 981: 39821 us total, 12217 us display, type 3
frame 982: 39750 us total, 11466 us display, type 3
frame 983: 36514 us total, 11469 us display, type 3
frame 984: 35504 us total, 11479 us display, type 3
frame 985: 38233 us total, 12245 us display, type 3
frame 986: 36499 us total, 11988 us display, type 3
frame 987: 37543 us total, 11655 us display, type 3
frame 988: 29244 us total, 11673 us display, type 3
frame 989: 37466 us total, 11566 us display, type 3
frame 990: 40256 us total, 12443 us display, type 3
frame 991: 37320 us total, 11679 us display, type 3
frame 992: 39152 us total, 11469 us display, type 3
frame 993: 40668 us total, 12268 us display, type 3
frame 994: 39267 us total, 12014 us display, type 3
frame 995: 40986 us total, 11467 us display, type 3
frame 996: 40679 us total, 12301 us display, type 3
frame 997: 38429 us total, 12313 us display, type 3
frame 998: 40003 us total, 11467 us display, type 3
frame 999: 40640 us total, 12037 us display, type 3
frame 1000: 41329 us total, 12364 us display, type 3
frame 1001: 39413 us total, 11522 us display, type 3
frame 1002: 39261 us total, 12296 us display, type 3
frame 1003: 38491 us total, 11673 us display, type 3
frame 1004: 39473 us total, 11743 us display, type 3
frame 1005: 40436 us total, 11487 us display, type 3
frame 1006: 40883 us total, 11733 us display, type 3
frame 1007: 40960 us total, 11491 us display, type 3
frame 1008: 40679 us total, 12264 us display, type 3
frame 1009: 38361 us total, 12190 us display, type 3
frame 1010: 37885 us total, 11493 us display, type 3
frame 1011: 32073 us total, 11467 us display, type 3
frame 1012: 38786 us total, 11470 us display, type 3
frame 1013: 38634 us total, 11746 us display, type 3
frame 1014: 39441 us total, 11622 us display, type 3
frame 1015: 38340 us total, 11599 us display, type 3
frame 1016: 37031 us total, 11470 us display, type 3
frame 1017: 37978 us total, 11722 us display, type 3
frame 1018: 38506 us total, 11737 us display, type 3
frame 1019: 37675 us total, 11837 us display, type 3
frame 1020: 36814 us total, 11480 us display, type 3
frame 1021: 27178 us total, 11468 us display, type 3
frame 1022: 35177 us total, 11557 us display, type 3
frame 1023: 33848 us total, 11460 us display, type 3
profile (avg of 128 frames, ms): logic+bsp 10.0 wait-fb 0.0 vp-mark 1.7 flats 6.2 columns 11.0 fuzz 0.0
frame 1024: 35597 us total, 11690 us display, type 3
audio: 83 underruns, 30 ms queued
mem @frame 1024: heap free 36560, largest 14592, min ever 36076, zone free 41204, display stack free 4368, uptime 32 s, gamestate 0, demo 1, usergame 0, tic 1078
frame 1025: 38387 us total, 11478 us display, type 3
frame 1026: 36615 us total, 11545 us display, type 3
frame 1027: 26452 us total, 11456 us display, type 3
frame 1028: 36315 us total, 11525 us display, type 3
frame 1029: 35169 us total, 11464 us display, type 3
frame 1030: 37061 us total, 11772 us display, type 3
frame 1031: 35036 us total, 11474 us display, type 3
frame 1032: 35646 us total, 11484 us display, type 3
frame 1033: 27562 us total, 12390 us display, type 3
frame 1034: 36761 us total, 11725 us display, type 3
frame 1035: 36900 us total, 11460 us display, type 3
frame 1036: 36218 us total, 11455 us display, type 3
frame 1037: 36334 us total, 11816 us display, type 3
frame 1038: 35583 us total, 12081 us display, type 3
frame 1039: 36817 us total, 11545 us display, type 3
frame 1040: 25208 us total, 12361 us display, type 3
frame 1041: 35172 us total, 11464 us display, type 3
frame 1042: 35183 us total, 11681 us display, type 3
frame 1043: 34598 us total, 11475 us display, type 3
frame 1044: 33735 us total, 12284 us display, type 3
frame 1045: 23513 us total, 11584 us display, type 3
frame 1046: 31915 us total, 11836 us display, type 3
frame 1047: 32889 us total, 11473 us display, type 3
frame 1048: 22428 us total, 11467 us display, type 3
frame 1049: 30915 us total, 11600 us display, type 3
frame 1050: 31347 us total, 11476 us display, type 3
frame 1051: 30530 us total, 11758 us display, type 3
frame 1052: 21695 us total, 11635 us display, type 3
frame 1053: 27308 us total, 11468 us display, type 3
frame 1054: 21151 us total, 12041 us display, type 3
frame 1055: 31866 us total, 11904 us display, type 3
frame 1056: 32786 us total, 12350 us display, type 3
frame 1057: 30002 us total, 12155 us display, type 3
frame 1058: 20687 us total, 11469 us display, type 3
frame 1059: 33831 us total, 12149 us display, type 3
frame 1060: 28508 us total, 12206 us display, type 3
frame 1061: 19356 us total, 11530 us display, type 3
frame 1062: 32671 us total, 11645 us display, type 3
frame 1063: 30105 us total, 11618 us display, type 3
frame 1064: 21839 us total, 11601 us display, type 3
frame 1065: 34881 us total, 11463 us display, type 3
frame 1066: 31447 us total, 11648 us display, type 3
input: down 0x00001
frame 1067: 21330 us total, 11462 us display, type 3
frame 1068: 38223 us total, 11462 us display, type 3
frame 1069: 32310 us total, 11577 us display, type 3
frame 1070: 30882 us total, 11469 us display, type 3
frame 1071: 24463 us total, 11803 us display, type 3
frame 1072: 30509 us total, 11467 us display, type 3
frame 1073: 32544 us total, 11482 us display, type 3
frame 1074: 40273 us total, 11971 us display, type 3
frame 1075: 36276 us total, 11836 us display, type 3
frame 1076: 39597 us total, 11471 us display, type 3
input: down 0x00001
frame 1077: 28024 us total, 11839 us display, type 3
frame 1078: 34635 us total, 11744 us display, type 3
frame 1079: 35486 us total, 11458 us display, type 3
frame 1080: 36553 us total, 12201 us display, type 3
frame 1081: 37422 us total, 11680 us display, type 3
frame 1082: 38096 us total, 11484 us display, type 3
frame 1083: 36173 us total, 11810 us display, type 3
frame 1084: 27354 us total, 11473 us display, type 3
frame 1085: 35725 us total, 11459 us display, type 3
input: down 0x00001
frame 1086: 35424 us total, 11473 us display, type 3
frame 1087: 36633 us total, 11477 us display, type 3
frame 1088: 38562 us total, 11482 us display, type 3
frame 1089: 39883 us total, 11490 us display, type 3
frame 1090: 39569 us total, 11792 us display, type 3
frame 1091: 37561 us total, 11729 us display, type 3
frame 1092: 38475 us total, 11483 us display, type 3
frame 1093: 27207 us total, 11471 us display, type 3
frame 1094: 38388 us total, 11624 us display, type 3
frame 1095: 37416 us total, 11698 us display, type 3
frame 1096: 39447 us total, 11605 us display, type 3
input: down 0x00001
frame 1097: 41259 us total, 11461 us display, type 3
frame 1098: 41958 us total, 11476 us display, type 3
frame 1099: 40510 us total, 11474 us display, type 3
frame 1100: 41277 us total, 11508 us display, type 3
frame 1101: 41137 us total, 11456 us display, type 3
frame 1102: 40663 us total, 11480 us display, type 3
frame 1103: 43849 us total, 11474 us display, type 3
frame 1104: 40758 us total, 11468 us display, type 3
frame 1105: 40505 us total, 11472 us display, type 3
frame 1106: 39572 us total, 11702 us display, type 3
frame 1107: 40351 us total, 11562 us display, type 3
frame 1108: 41305 us total, 11469 us display, type 3
frame 1109: 40503 us total, 11475 us display, type 3
frame 1110: 38016 us total, 11696 us display, type 3
frame 1111: 34645 us total, 11913 us display, type 3
frame 1112: 35495 us total, 11489 us display, type 3
frame 1113: 26020 us total, 11467 us display, type 3
frame 1114: 38094 us total, 11565 us display, type 3
frame 1115: 34639 us total, 11517 us display, type 3
frame 1116: 35881 us total, 11468 us display, type 3
frame 1117: 33563 us total, 11621 us display, type 3
frame 1118: 34445 us total, 12141 us display, type 3
frame 1119: 29071 us total, 11834 us display, type 3
frame 1120: 35565 us total, 12113 us display, type 3
frame 1121: 36348 us total, 11473 us display, type 3
frame 1122: 36068 us total, 11539 us display, type 3
frame 1123: 35443 us total, 11487 us display, type 3
frame 1124: 34823 us total, 11888 us display, type 3
frame 1125: 26058 us total, 11462 us display, type 3
frame 1126: 33182 us total, 11958 us display, type 3
frame 1127: 31600 us total, 12013 us display, type 3
frame 1128: 32778 us total, 12087 us display, type 3
frame 1129: 24359 us total, 11605 us display, type 3
frame 1130: 33777 us total, 12292 us display, type 3
frame 1131: 31860 us total, 11763 us display, type 3
frame 1132: 32854 us total, 11648 us display, type 3
frame 1133: 30009 us total, 12279 us display, type 3
frame 1134: 33117 us total, 11463 us display, type 3
frame 1135: 34081 us total, 11468 us display, type 3
frame 1136: 34332 us total, 11475 us display, type 3
frame 1137: 34556 us total, 11832 us display, type 3
frame 1138: 25299 us total, 11551 us display, type 3
frame 1139: 35394 us total, 11455 us display, type 3
frame 1140: 36031 us total, 11965 us display, type 3
frame 1141: 34427 us total, 12253 us display, type 3
frame 1142: 33705 us total, 11646 us display, type 3
frame 1143: 28042 us total, 12354 us display, type 3
frame 1144: 37217 us total, 11642 us display, type 3
frame 1145: 37153 us total, 11467 us display, type 3
frame 1146: 40061 us total, 12175 us display, type 3
frame 1147: 36509 us total, 12245 us display, type 3
frame 1148: 37847 us total, 11487 us display, type 3
frame 1149: 37638 us total, 11490 us display, type 3
frame 1150: 38947 us total, 12337 us display, type 3
frame 1151: 38971 us total, 11471 us display, type 3
profile (avg of 128 frames, ms): logic+bsp 8.9 wait-fb 0.0 vp-mark 1.4 flats 4.7 columns 8.8 fuzz 0.0
frame 1152: 40409 us total, 11472 us display, type 3
frame 1153: 39830 us total, 11663 us display, type 3
frame 1154: 39982 us total, 11488 us display, type 3
frame 1155: 29105 us total, 11462 us display, type 3
frame 1156: 40104 us total, 11462 us display, type 3
frame 1157: 38210 us total, 11640 us display, type 3
frame 1158: 38199 us total, 11617 us display, type 3
frame 1159: 37581 us total, 11645 us display, type 3
frame 1160: 38353 us total, 11744 us display, type 3
frame 1161: 38548 us total, 11482 us display, type 3
frame 1162: 38049 us total, 11481 us display, type 3
frame 1163: 37845 us total, 11783 us display, type 3
frame 1164: 38764 us total, 11470 us display, type 3
frame 1165: 37160 us total, 11659 us display, type 3
frame 1166: 29090 us total, 11470 us display, type 3
frame 1167: 35552 us total, 11486 us display, type 3
frame 1168: 35248 us total, 11465 us display, type 3
frame 1169: 34206 us total, 11488 us display, type 3
frame 1170: 34577 us total, 11705 us display, type 3
frame 1171: 34980 us total, 11478 us display, type 3
frame 1172: 25678 us total, 11459 us display, type 3
frame 1173: 36963 us total, 11706 us display, type 3
frame 1174: 36940 us total, 11467 us display, type 3
frame 1175: 37126 us total, 11772 us display, type 3
frame 1176: 36510 us total, 11794 us display, type 3
frame 1177: 43134 us total, 11806 us display, type 3
frame 1178: 40354 us total, 11861 us display, type 3
frame 1179: 41321 us total, 11477 us display, type 3
input: down 0x00010
frame 1180: 42779 us total, 11654 us display, type 3
frame 1181: 39574 us total, 11731 us display, type 3
frame 1182: 51829 us total, 13437 us display, type 5
frame 1183: 13381 us total, 12701 us display, type 5
frame 1184: 13395 us total, 13014 us display, type 5
frame 1185: 13223 us total, 12684 us display, type 5
frame 1186: 13395 us total, 13016 us display, type 5
frame 1187: 13159 us total, 12675 us display, type 5
frame 1188: 13377 us total, 12999 us display, type 5
frame 1189: 12989 us total, 12506 us display, type 5
frame 1190: 13026 us total, 12471 us display, type 5
frame 1191: 13363 us total, 12986 us display, type 5
frame 1192: 13091 us total, 12650 us display, type 5
frame 1193: 13507 us total, 13089 us display, type 5
frame 1194: 13083 us total, 12634 us display, type 5
frame 1195: 13399 us total, 12971 us display, type 5
frame 1196: 13095 us total, 12631 us display, type 5
frame 1197: 12813 us total, 12439 us display, type 5
frame 1198: 12958 us total, 12425 us display, type 5
frame 1199: 13307 us total, 12934 us display, type 5
frame 1200: 13540 us total, 13026 us display, type 5
frame 1201: 13038 us total, 12588 us display, type 5
frame 1202: 13356 us total, 12922 us display, type 5
frame 1203: 13040 us total, 12570 us display, type 5
frame 1204: 13359 us total, 12907 us display, type 5
frame 1205: 12839 us total, 12382 us display, type 5
frame 1206: 12941 us total, 12357 us display, type 5
frame 1207: 13248 us total, 12892 us display, type 5
frame 1208: 13028 us total, 12526 us display, type 5
frame 1209: 12814 us total, 12429 us display, type 5
frame 1210: 13224 us total, 12851 us display, type 5
frame 1211: 13432 us total, 12937 us display, type 5
frame 1212: 12974 us total, 12510 us display, type 5
frame 1213: 42553 us total, 12369 us display, type 5
frame 1214: 12904 us total, 12418 us display, type 5
frame 1215: 13340 us total, 12953 us display, type 5
frame 1216: 13234 us total, 12800 us display, type 5
frame 1217: 13301 us total, 12813 us display, type 5
frame 1218: 12901 us total, 12488 us display, type 5
frame 1219: 13203 us total, 12761 us display, type 5
frame 1220: 12905 us total, 12448 us display, type 5
frame 1221: 13713 us total, 12271 us display, type 5
frame 1222: 12968 us total, 12263 us display, type 5
frame 1223: 12722 us total, 12329 us display, type 5
frame 1224: 13329 us total, 12874 us display, type 5
frame 1225: 12887 us total, 12432 us display, type 5
frame 1226: 13235 us total, 12792 us display, type 5
frame 1227: 12877 us total, 12435 us display, type 5
frame 1228: 12780 us total, 12293 us display, type 5
frame 1229: 12579 us total, 12194 us display, type 5
frame 1230: 13108 us total, 12689 us display, type 5
frame 1231: 13227 us total, 12792 us display, type 5
frame 1232: 12841 us total, 12348 us display, type 5
frame 1233: 13026 us total, 12650 us display, type 5
frame 1234: 12842 us total, 12399 us display, type 5
frame 1235: 13084 us total, 12661 us display, type 5
frame 1236: 12620 us total, 12177 us display, type 5
frame 1237: 12767 us total, 12365 us display, type 5
frame 1238: 13044 us total, 12657 us display, type 5
frame 1239: 12821 us total, 12358 us display, type 5
frame 1240: 13013 us total, 12630 us display, type 5
frame 1241: 12827 us total, 12363 us display, type 5
frame 1242: 13025 us total, 12647 us display, type 5
frame 1243: 12624 us total, 12155 us display, type 5
frame 1244: 12684 us total, 12341 us display, type 5
frame 1245: 12590 us total, 12228 us display, type 5
frame 1246: 13008 us total, 12622 us display, type 5
frame 1247: 13089 us total, 12673 us display, type 5
frame 1248: 12785 us total, 12320 us display, type 5
frame 1249: 12974 us total, 12616 us display, type 5
frame 1250: 12640 us total, 12160 us display, type 5
frame 1251: 12700 us total, 12356 us display, type 5
frame 1252: 12626 us total, 12238 us display, type 5
frame 1253: 13032 us total, 12699 us display, type 5
frame 1254: 12152 us total, 11572 us display, type 3
frame 1255: 53276 us total, 11460 us display, type 3
frame 1256: 38626 us total, 12336 us display, type 3
frame 1257: 38695 us total, 11487 us display, type 3
frame 1258: 37426 us total, 11829 us display, type 3
frame 1259: 37060 us total, 11473 us display, type 3
frame 1260: 37864 us total, 12442 us display, type 3
frame 1261: 36309 us total, 11474 us display, type 3
frame 1262: 28660 us total, 11456 us display, type 3
frame 1263: 34278 us total, 11643 us display, type 3
frame 1264: 33483 us total, 11472 us display, type 3
frame 1265: 34294 us total, 11480 us display, type 3
frame 1266: 33200 us total, 11486 us display, type 3
frame 1267: 29050 us total, 11471 us display, type 3
frame 1268: 32815 us total, 11464 us display, type 3
frame 1269: 33323 us total, 12002 us display, type 3
frame 1270: 31734 us total, 11667 us display, type 3
frame 1271: 31818 us total, 11687 us display, type 3
frame 1272: 30932 us total, 12312 us display, type 3
frame 1273: 32021 us total, 11658 us display, type 3
frame 1274: 32602 us total, 12360 us display, type 3
frame 1275: 30475 us total, 11472 us display, type 3
frame 1276: 28693 us total, 11994 us display, type 3
frame 1277: 31337 us total, 11464 us display, type 3
frame 1278: 31309 us total, 11473 us display, type 3
frame 1279: 31343 us total, 11480 us display, type 3
profile (avg of 128 frames, ms): logic+bsp 5.4 wait-fb 0.0 vp-mark 1.1 flats 2.9 columns 4.1 fuzz 0.0
frame 1280: 29322 us total, 11471 us display, type 3
audio: 166 underruns, 61 ms queued
mem @frame 1280: heap free 36560, largest 14592, min ever 36076, zone free 52976, display stack free 4368, uptime 39 s, gamestate 0, demo 0, usergame 1, tic 1302
frame 1281: 32509 us total, 11692 us display, type 3
frame 1282: 32779 us total, 11852 us display, type 3
frame 1283: 31303 us total, 11483 us display, type 3
frame 1284: 29633 us total, 11728 us display, type 3
frame 1285: 30030 us total, 11480 us display, type 3
frame 1286: 30967 us total, 11484 us display, type 3
frame 1287: 30115 us total, 11483 us display, type 3
frame 1288: 28894 us total, 11592 us display, type 3
frame 1289: 29070 us total, 11634 us display, type 3
frame 1290: 28654 us total, 11486 us display, type 3
frame 1291: 29591 us total, 11475 us display, type 3
frame 1292: 30829 us total, 11561 us display, type 3
frame 1293: 30285 us total, 11483 us display, type 3
frame 1294: 30222 us total, 11485 us display, type 3
frame 1295: 28812 us total, 11471 us display, type 3
frame 1296: 31606 us total, 11830 us display, type 3
frame 1297: 29995 us total, 11693 us display, type 3
frame 1298: 30010 us total, 11630 us display, type 3
frame 1299: 28298 us total, 11486 us display, type 3
frame 1300: 30758 us total, 11851 us display, type 3
frame 1301: 30940 us total, 11802 us display, type 3
frame 1302: 30293 us total, 11489 us display, type 3
frame 1303: 28775 us total, 11524 us display, type 3
frame 1304: 29158 us total, 11479 us display, type 3
frame 1305: 30796 us total, 11587 us display, type 3
frame 1306: 28540 us total, 11475 us display, type 3
frame 1307: 30571 us total, 11818 us display, type 3
frame 1308: 30140 us total, 11472 us display, type 3
frame 1309: 30903 us total, 11480 us display, type 3
frame 1310: 30421 us total, 11810 us display, type 3
frame 1311: 32068 us total, 12213 us display, type 3
frame 1312: 32051 us total, 11841 us display, type 3
frame 1313: 31850 us total, 11828 us display, type 3
frame 1314: 28882 us total, 12171 us display, type 3
frame 1315: 31655 us total, 11479 us display, type 3
frame 1316: 31882 us total, 11478 us display, type 3
frame 1317: 31843 us total, 11464 us display, type 3
frame 1318: 28684 us total, 11457 us display, type 3
frame 1319: 36283 us total, 12007 us display, type 3
frame 1320: 33785 us total, 11661 us display, type 3
frame 1321: 34680 us total, 11468 us display, type 3
frame 1322: 33337 us total, 11659 us display, type 3
frame 1323: 29047 us total, 11469 us display, type 3
frame 1324: 33621 us total, 11463 us display, type 3
frame 1325: 32816 us total, 11474 us display, type 3
frame 1326: 33476 us total, 11784 us display, type 3
frame 1327: 33041 us total, 11469 us display, type 3
frame 1328: 29851 us total, 11464 us display, type 3
frame 1329: 33489 us total, 11623 us display, type 3
frame 1330: 32878 us total, 11667 us display, type 3
frame 1331: 32922 us total, 11485 us display, type 3
frame 1332: 32641 us total, 12087 us display, type 3
frame 1333: 29068 us total, 12100 us display, type 3
frame 1334: 30933 us total, 12310 us display, type 3
frame 1335: 30920 us total, 12259 us display, type 3
frame 1336: 28145 us total, 11728 us display, type 3
frame 1337: 31492 us total, 11487 us display, type 3
frame 1338: 32580 us total, 11469 us display, type 3
frame 1339: 31839 us total, 11811 us display, type 3
frame 1340: 28812 us total, 11471 us display, type 3
frame 1341: 31187 us total, 11507 us display, type 3
frame 1342: 31372 us total, 11658 us display, type 3
frame 1343: 31227 us total, 12126 us display, type 3
frame 1344: 29072 us total, 12227 us display, type 3
frame 1345: 30407 us total, 11483 us display, type 3
input: down 0x00040
frame 1346: 31962 us total, 11470 us display, type 3
frame 1347: 30603 us total, 11557 us display, type 3
frame 1348: 30003 us total, 11682 us display, type 3
frame 1349: 31755 us total, 12171 us display, type 3
frame 1350: 31958 us total, 11605 us display, type 3
frame 1351: 31458 us total, 11468 us display, type 3
frame 1352: 29682 us total, 11478 us display, type 3
frame 1353: 32447 us total, 11463 us display, type 3
frame 1354: 31422 us total, 11469 us display, type 3
frame 1355: 32378 us total, 12336 us display, type 3
frame 1356: 31023 us total, 12193 us display, type 3
frame 1357: 29204 us total, 11845 us display, type 3
frame 1358: 31920 us total, 11976 us display, type 3
frame 1359: 30638 us total, 11679 us display, type 3
frame 1360: 30925 us total, 12011 us display, type 3
frame 1361: 30001 us total, 12097 us display, type 3
frame 1362: 31860 us total, 12170 us display, type 3
frame 1363: 31165 us total, 11470 us display, type 3
frame 1364: 31628 us total, 11651 us display, type 3
frame 1365: 29988 us total, 11724 us display, type 3
frame 1366: 32125 us total, 11831 us display, type 3
frame 1367: 31715 us total, 11468 us display, type 3
frame 1368: 32059 us total, 11843 us display, type 3
frame 1369: 28590 us total, 11465 us display, type 3
frame 1370: 32336 us total, 11787 us display, type 3
frame 1371: 31233 us total, 11471 us display, type 3
frame 1372: 31745 us total, 11470 us display, type 3
frame 1373: 29261 us total, 11464 us display, type 3
frame 1374: 32405 us total, 11810 us display, type 3
frame 1375: 31304 us total, 11477 us display, type 3
frame 1376: 31757 us total, 11479 us display, type 3
frame 1377: 29258 us total, 11469 us display, type 3
input: down 0x00002
frame 1378: 32422 us total, 11465 us display, type 3
frame 1379: 32724 us total, 11462 us display, type 3
frame 1380: 31964 us total, 11739 us display, type 3
frame 1381: 28679 us total, 11467 us display, type 3
frame 1382: 32528 us total, 11643 us display, type 3
frame 1383: 32508 us total, 11542 us display, type 3
frame 1384: 32111 us total, 11474 us display, type 3
frame 1385: 31947 us total, 11477 us display, type 3
frame 1386: 29637 us total, 11829 us display, type 3
frame 1387: 33331 us total, 11472 us display, type 3
frame 1388: 36645 us total, 11467 us display, type 3
frame 1389: 34568 us total, 11470 us display, type 3
frame 1390: 34502 us total, 11462 us display, type 3
frame 1391: 28740 us total, 11524 us display, type 3
frame 1392: 33998 us total, 11458 us display, type 3
frame 1393: 33595 us total, 11641 us display, type 3
frame 1394: 32965 us total, 11482 us display, type 3
frame 1395: 33907 us total, 11473 us display, type 3
frame 1396: 29134 us total, 11459 us display, type 3
frame 1397: 34160 us total, 11459 us display, type 3
frame 1398: 33563 us total, 11659 us display, type 3
frame 1399: 32490 us total, 11477 us display, type 3
frame 1400: 29253 us total, 11466 us display, type 3
frame 1401: 32560 us total, 11468 us display, type 3
frame 1402: 31606 us total, 11692 us display, type 3
frame 1403: 30001 us total, 11615 us display, type 3
frame 1404: 29076 us total, 11483 us display, type 3
frame 1405: 31044 us total, 11477 us display, type 3
frame 1406: 31326 us total, 11476 us display, type 3
frame 1407: 31341 us total, 11735 us display, type 3
profile (avg of 128 frames, ms): logic+bsp 10.7 wait-fb 0.0 vp-mark 3.3 flats 5.3 columns 9.1 fuzz 0.0
frame 1408: 29434 us total, 11484 us display, type 3
input: down 0x00002
frame 1409: 31929 us total, 11478 us display, type 3
frame 1410: 32100 us total, 11472 us display, type 3
frame 1411: 32077 us total, 12066 us display, type 3
frame 1412: 28932 us total, 11481 us display, type 3
frame 1413: 32919 us total, 12191 us display, type 3
frame 1414: 31858 us total, 12079 us display, type 3
frame 1415: 31093 us total, 11659 us display, type 3
frame 1416: 30820 us total, 11673 us display, type 3
frame 1417: 30015 us total, 11660 us display, type 3
frame 1418: 31910 us total, 11743 us display, type 3
frame 1419: 31614 us total, 11470 us display, type 3
frame 1420: 32380 us total, 11473 us display, type 3
frame 1421: 29576 us total, 12365 us display, type 3
frame 1422: 32298 us total, 11460 us display, type 3
frame 1423: 31755 us total, 11671 us display, type 3
frame 1424: 31264 us total, 12197 us display, type 3
frame 1425: 29676 us total, 11781 us display, type 3
frame 1426: 31751 us total, 12126 us display, type 3
frame 1427: 31963 us total, 11622 us display, type 3
frame 1428: 30525 us total, 11469 us display, type 3
frame 1429: 29955 us total, 11473 us display, type 3
frame 1430: 30532 us total, 11481 us display, type 3
frame 1431: 31775 us total, 11670 us display, type 3
frame 1432: 30958 us total, 11469 us display, type 3
frame 1433: 29777 us total, 12004 us display, type 3
frame 1434: 31550 us total, 11701 us display, type 3
frame 1435: 32171 us total, 11462 us display, type 3
frame 1436: 30911 us total, 11470 us display, type 3
frame 1437: 29504 us total, 11462 us display, type 3
frame 1438: 30461 us total, 11469 us display, type 3
frame 1439: 32053 us total, 11808 us display, type 3
frame 1440: 31847 us total, 12239 us display, type 3
input: down 0x00002
frame 1441: 30006 us total, 12333 us display, type 3
frame 1442: 30214 us total, 11983 us display, type 3
frame 1443: 30802 us total, 12169 us display, type 3
frame 1444: 31770 us total, 12094 us display, type 3
frame 1445: 29380 us total, 11476 us display, type 3
frame 1446: 32348 us total, 12475 us display, type 3
frame 1447: 31225 us total, 11678 us display, type 3
frame 1448: 32613 us total, 11787 us display, type 3
frame 1449: 29995 us total, 12097 us display, type 3
frame 1450: 32748 us total, 11466 us display, type 3
frame 1451: 32831 us total, 11648 us display, type 3
frame 1452: 32482 us total, 11477 us display, type 3
frame 1453: 32557 us total, 11481 us display, type 3
frame 1454: 29749 us total, 11895 us display, type 3
frame 1455: 32960 us total, 11604 us display, type 3
frame 1456: 33190 us total, 11463 us display, type 3
frame 1457: 36157 us total, 11657 us display, type 3
frame 1458: 35487 us total, 11820 us display, type 3
frame 1459: 29586 us total, 11463 us display, type 3
frame 1460: 34347 us total, 11464 us display, type 3
frame 1461: 33808 us total, 11725 us display, type 3
frame 1462: 32393 us total, 11468 us display, type 3
frame 1463: 33183 us total, 11837 us display, type 3
frame 1464: 29066 us total, 11702 us display, type 3
frame 1465: 33128 us total, 11467 us display, type 3
frame 1466: 34093 us total, 11477 us display, type 3
frame 1467: 33367 us total, 11472 us display, type 3
frame 1468: 29228 us total, 11655 us display, type 3
frame 1469: 32787 us total, 11462 us display, type 3
frame 1470: 33328 us total, 11735 us display, type 3
frame 1471: 31864 us total, 11854 us display, type 3
input: down 0x00010
frame 1472: 30280 us total, 11481 us display, type 3
frame 1473: 29230 us total, 11482 us display, type 3
frame 1474: 31498 us total, 11472 us display, type 3
frame 1475: 31878 us total, 11463 us display, type 3
frame 1476: 31343 us total, 11470 us display, type 3
frame 1477: 29102 us total, 11471 us display, type 3
frame 1478: 32379 us total, 11519 us display, type 3
frame 1479: 31883 us total, 11466 us display, type 3
frame 1480: 30919 us total, 11481 us display, type 3
frame 1481: 29289 us total, 11477 us display, type 3
frame 1482: 31810 us total, 11469 us display, type 3
frame 1483: 31675 us total, 11716 us display, type 3
frame 1484: 30006 us total, 11491 us display, type 3
frame 1485: 29444 us total, 11469 us display, type 3
frame 1486: 30545 us total, 11735 us display, type 3
frame 1487: 31130 us total, 11479 us display, type 3
frame 1488: 31078 us total, 11476 us display, type 3
frame 1489: 29651 us total, 11760 us display, type 3
frame 1490: 30925 us total, 11715 us display, type 3
frame 1491: 31184 us total, 11473 us display, type 3
frame 1492: 30667 us total, 11550 us display, type 3
frame 1493: 29089 us total, 11473 us display, type 3
frame 1494: 30908 us total, 11733 us display, type 3
frame 1495: 31169 us total, 11823 us display, type 3
frame 1496: 28833 us total, 11601 us display, type 3
frame 1497: 32109 us total, 11464 us display, type 3
frame 1498: 30504 us total, 11470 us display, type 3
frame 1499: 29403 us total, 11471 us display, type 3
frame 1500: 29068 us total, 11827 us display, type 3
frame 1501: 30641 us total, 11469 us display, type 3
frame 1502: 30689 us total, 11469 us display, type 3
frame 1503: 30442 us total, 11464 us display, type 3
frame 1504: 29063 us total, 11464 us display, type 3
frame 1505: 31341 us total, 11459 us display, type 3
frame 1506: 31925 us total, 11467 us display, type 3
frame 1507: 31776 us total, 11467 us display, type 3
frame 1508: 29297 us total, 11639 us display, type 3
frame 1509: 32157 us total, 11781 us display, type 3
frame 1510: 32705 us total, 11860 us display, type 3
frame 1511: 32779 us total, 11879 us display, type 3
frame 1512: 29991 us total, 11817 us display, type 3
frame 1513: 33166 us total, 11461 us display, type 3
frame 1514: 32124 us total, 11462 us display, type 3
frame 1515: 32469 us total, 11689 us display, type 3
frame 1516: 32139 us total, 11469 us display, type 3
frame 1517: 29957 us total, 11474 us display, type 3
frame 1518: 32776 us total, 11486 us display, type 3
frame 1519: 32560 us total, 11654 us display, type 3
frame 1520: 32586 us total, 11464 us display, type 3
frame 1521: 29635 us total, 11466 us display, type 3
frame 1522: 32406 us total, 11460 us display, type 3
frame 1523: 33428 us total, 12232 us display, type 3
frame 1524: 32121 us total, 12284 us display, type 3
frame 1525: 34635 us total, 12361 us display, type 3
frame 1526: 29324 us total, 11720 us display, type 3
frame 1527: 39336 us total, 11523 us display, type 3
frame 1528: 36092 us total, 11463 us display, type 3
frame 1529: 36107 us total, 11581 us display, type 3
frame 1530: 36449 us total, 11670 us display, type 3
frame 1531: 37400 us total, 11462 us display, type 3
frame 1532: 36179 us total, 11479 us display, type 3
frame 1533: 29993 us total, 11453 us display, type 3
frame 1534: 37224 us total, 11453 us display, type 3
input: down 0x00010
frame 1535: 36450 us total, 11614 us display, type 3
profile (avg of 128 frames, ms): logic+bsp 10.5 wait-fb 0.0 vp-mark 3.5 flats 5.4 columns 9.0 fuzz 0.0
frame 1536: 36370 us total, 12222 us display, type 3
audio: 166 underruns, 30 ms queued
mem @frame 1536: heap free 36480, largest 14592, min ever 36076, zone free 52976, display stack free 4368, uptime 47 s, gamestate 0, demo 0, usergame 1, tic 1585
frame 1537: 37762 us total, 11691 us display, type 3
frame 1538: 35530 us total, 11657 us display, type 3
frame 1539: 33372 us total, 11469 us display, type 3
frame 1540: 29652 us total, 11820 us display, type 3
frame 1541: 32350 us total, 11477 us display, type 3
frame 1542: 34837 us total, 12292 us display, type 3
frame 1543: 32941 us total, 11672 us display, type 3
frame 1544: 33696 us total, 11674 us display, type 3
frame 1545: 29837 us total, 11784 us display, type 3
frame 1546: 34206 us total, 11463 us display, type 3
frame 1547: 33578 us total, 11507 us display, type 3
frame 1548: 32794 us total, 11576 us display, type 3
frame 1549: 32782 us total, 11655 us display, type 3
frame 1550: 29995 us total, 11737 us display, type 3
frame 1551: 32253 us total, 11478 us display, type 3
frame 1552: 30814 us total, 11463 us display, type 3
frame 1553: 29968 us total, 11822 us display, type 3
frame 1554: 29270 us total, 11479 us display, type 3
frame 1555: 32593 us total, 11460 us display, type 3
frame 1556: 32680 us total, 11770 us display, type 3
frame 1557: 32161 us total, 11985 us display, type 3
frame 1558: 29893 us total, 12065 us display, type 3
frame 1559: 32717 us total, 11482 us display, type 3
frame 1560: 31726 us total, 11493 us display, type 3
frame 1561: 31860 us total, 11697 us display, type 3
frame 1562: 29071 us total, 11586 us display, type 3
frame 1563: 31923 us total, 11470 us display, type 3
frame 1564: 32074 us total, 11471 us display, type 3
frame 1565: 29379 us total, 11469 us display, type 3
frame 1566: 28708 us total, 11472 us display, type 3
frame 1567: 30025 us total, 11471 us display, type 3
frame 1568: 32301 us total, 11469 us display, type 3
frame 1569: 31372 us total, 11471 us display, type 3
frame 1570: 29055 us total, 11463 us display, type 3
frame 1571: 31808 us total, 11474 us display, type 3
frame 1572: 33311 us total, 11465 us display, type 3
frame 1573: 31574 us total, 11476 us display, type 3
frame 1574: 29753 us total, 11830 us display, type 3
frame 1575: 31376 us total, 11463 us display, type 3
frame 1576: 32337 us total, 11537 us display, type 3
frame 1577: 31847 us total, 11499 us display, type 3
frame 1578: 30100 us total, 11482 us display, type 3
frame 1579: 29153 us total, 11471 us display, type 3
frame 1580: 29833 us total, 11679 us display, type 3
frame 1581: 31982 us total, 11808 us display, type 3
frame 1582: 28930 us total, 11665 us display, type 3
frame 1583: 32173 us total, 11468 us display, type 3
frame 1584: 31532 us total, 11463 us display, type 3
frame 1585: 33005 us total, 11467 us display, type 3
frame 1586: 33247 us total, 11468 us display, type 3
frame 1587: 29459 us total, 11472 us display, type 3
frame 1588: 33736 us total, 11789 us display, type 3
frame 1589: 34269 us total, 11477 us display, type 3
frame 1590: 33583 us total, 11644 us display, type 3
frame 1591: 33441 us total, 11667 us display, type 3
frame 1592: 29152 us total, 11477 us display, type 3
frame 1593: 32854 us total, 11471 us display, type 3
frame 1594: 38348 us total, 11499 us display, type 3
frame 1595: 35622 us total, 11485 us display, type 3
frame 1596: 35551 us total, 11815 us display, type 3
frame 1597: 29015 us total, 11776 us display, type 3
input: down 0x00010
frame 1598: 34814 us total, 11617 us display, type 3
SAVE GAME SIZE 1436
frame 1599: 35556 us total, 11619 us display, type 3
frame 1600: 484266 us total, 201452 us display, type 2
frame 1601: 12128 us total, 11832 us display, type 3
saves: slot 0 written, 1436 bytes (ESP_OK)
frame 1602: 296581 us total, 12291 us display, type 3
frame 1603: 30926 us total, 12358 us display, type 3
frame 1604: 29071 us total, 12155 us display, type 3
frame 1605: 29998 us total, 11995 us display, type 3
frame 1606: 31953 us total, 12456 us display, type 3
frame 1607: 30838 us total, 11692 us display, type 3
frame 1608: 30923 us total, 12369 us display, type 3
frame 1609: 31857 us total, 11937 us display, type 3
frame 1610: 33476 us total, 11487 us display, type 3
frame 1611: 31457 us total, 11471 us display, type 3
frame 1612: 29520 us total, 11473 us display, type 3
frame 1613: 31558 us total, 11476 us display, type 3
frame 1614: 31746 us total, 11769 us display, type 3
frame 1615: 31196 us total, 11473 us display, type 3
frame 1616: 29077 us total, 12204 us display, type 3
frame 1617: 30666 us total, 11491 us display, type 3
frame 1618: 30396 us total, 11477 us display, type 3
frame 1619: 32391 us total, 11787 us display, type 3
frame 1620: 29221 us total, 11489 us display, type 3
frame 1621: 32625 us total, 11790 us display, type 3
frame 1622: 31117 us total, 11488 us display, type 3
frame 1623: 33614 us total, 11466 us display, type 3
frame 1624: 33594 us total, 11740 us display, type 3
frame 1625: 28551 us total, 11463 us display, type 3
frame 1626: 35153 us total, 11747 us display, type 3
frame 1627: 34641 us total, 11868 us display, type 3
frame 1628: 34592 us total, 11470 us display, type 3
frame 1629: 33914 us total, 12128 us display, type 3
frame 1630: 29630 us total, 11457 us display, type 3
frame 1631: 34257 us total, 11831 us display, type 3
frame 1632: 33189 us total, 11479 us display, type 3
frame 1633: 33700 us total, 11472 us display, type 3
frame 1634: 35157 us total, 11727 us display, type 3
frame 1635: 29991 us total, 11685 us display, type 3
frame 1636: 33823 us total, 11650 us display, type 3
frame 1637: 33594 us total, 11936 us display, type 3
frame 1638: 34329 us total, 11474 us display, type 3
frame 1639: 34442 us total, 11486 us display, type 3
frame 1640: 29917 us total, 11657 us display, type 3
frame 1641: 33527 us total, 12283 us display, type 3
frame 1642: 33199 us total, 11834 us display, type 3
frame 1643: 37178 us total, 12179 us display, type 3
frame 1644: 37754 us total, 11788 us display, type 3
frame 1645: 35575 us total, 11541 us display, type 3
frame 1646: 29394 us total, 11629 us display, type 3
frame 1647: 33899 us total, 11462 us display, type 3
frame 1648: 34114 us total, 11480 us display, type 3
frame 1649: 34678 us total, 11465 us display, type 3
frame 1650: 34806 us total, 11485 us display, type 3
frame 1651: 36707 us total, 11475 us display, type 3
frame 1652: 29124 us total, 11463 us display, type 3
frame 1653: 36344 us total, 11762 us display, type 3
frame 1654: 33941 us total, 11469 us display, type 3
frame 1655: 34566 us total, 11474 us display, type 3
frame 1656: 34645 us total, 11471 us display, type 3
frame 1657: 32235 us total, 11668 us display, type 3
frame 1658: 28024 us total, 11470 us display, type 3
frame 1659: 31649 us total, 11648 us display, type 3
frame 1660: 32859 us total, 11484 us display, type 3
frame 1661: 32656 us total, 11544 us display, type 3
frame 1662: 29069 us total, 11709 us display, type 3
frame 1663: 31853 us total, 11656 us display, type 3
frame 1664: 32887 us total, 11476 us display, type 3
frame 1665: 32413 us total, 11481 us display, type 3
profile (avg of 128 frames, ms): logic+bsp 10.7 wait-fb 0.0 vp-mark 3.3 flats 5.7 columns 9.0 fuzz 0.0
frame 1666: 29237 us total, 11469 us display, type 3
frame 1667: 30734 us total, 11471 us display, type 3
frame 1668: 31624 us total, 11471 us display, type 3
frame 1669: 32056 us total, 11674 us display, type 3
frame 1670: 29162 us total, 11476 us display, type 3
frame 1671: 30395 us total, 11662 us display, type 3
frame 1672: 29070 us total, 11519 us display, type 3
frame 1673: 31144 us total, 11657 us display, type 3
frame 1674: 28855 us total, 11499 us display, type 3
frame 1675: 31183 us total, 11642 us display, type 3
frame 1676: 30998 us total, 11472 us display, type 3
frame 1677: 31997 us total, 11482 us display, type 3
frame 1678: 29812 us total, 11474 us display, type 3
frame 1679: 31665 us total, 11491 us display, type 3
frame 1680: 31287 us total, 11474 us display, type 3
frame 1681: 31679 us total, 11485 us display, type 3
frame 1682: 28804 us total, 11481 us display, type 3
frame 1683: 31862 us total, 11785 us display, type 3
frame 1684: 29074 us total, 11757 us display, type 3
frame 1685: 29202 us total, 11487 us display, type 3
frame 1686: 28505 us total, 11470 us display, type 3
frame 1687: 31356 us total, 11572 us display, type 3
frame 1688: 32397 us total, 11471 us display, type 3
frame 1689: 29893 us total, 11485 us display, type 3
frame 1690: 32049 us total, 11472 us display, type 3
frame 1691: 33980 us total, 12225 us display, type 3
frame 1692: 31854 us total, 11974 us display, type 3
frame 1693: 31858 us total, 12242 us display, type 3
frame 1694: 29072 us total, 11835 us display, type 3
frame 1695: 32787 us total, 12110 us display, type 3
frame 1696: 31944 us total, 11947 us display, type 3
frame 1697: 30833 us total, 12111 us display, type 3
frame 1698: 30006 us total, 12140 us display, type 3
frame 1699: 29994 us total, 11814 us display, type 3
frame 1700: 32005 us total, 11647 us display, type 3
frame 1701: 32923 us total, 11465 us display, type 3
input: down 0x00001
frame 1702: 29133 us total, 11475 us display, type 3
frame 1703: 32212 us total, 11476 us display, type 3
frame 1704: 33671 us total, 11477 us display, type 3
frame 1705: 33768 us total, 11490 us display, type 3
frame 1706: 34926 us total, 11477 us display, type 3
frame 1707: 30048 us total, 11475 us display, type 3
frame 1708: 35315 us total, 11974 us display, type 3
frame 1709: 34327 us total, 11692 us display, type 3
frame 1710: 33800 us total, 11836 us display, type 3
input: down 0x00001
frame 1711: 33307 us total, 11475 us display, type 3
frame 1712: 29494 us total, 11449 us display, type 3
frame 1713: 38206 us total, 11657 us display, type 3
frame 1714: 38702 us total, 11632 us display, type 3
frame 1715: 36490 us total, 11630 us display, type 3
frame 1716: 36574 us total, 11476 us display, type 3
frame 1717: 37323 us total, 11952 us display, type 3
input: down 0x00001
frame 1718: 37910 us total, 11468 us display, type 3
frame 1719: 36456 us total, 11479 us display, type 3
frame 1720: 30269 us total, 11465 us display, type 3
frame 1721: 36361 us total, 11454 us display, type 3
frame 1722: 39920 us total, 12171 us display, type 3
frame 1723: 38707 us total, 11639 us display, type 3
frame 1724: 37399 us total, 11841 us display, type 3
frame 1725: 37016 us total, 11472 us display, type 3
frame 1726: 36874 us total, 12082 us display, type 3
frame 1727: 37111 us total, 11472 us display, type 3
frame 1728: 36672 us total, 11463 us display, type 3
frame 1729: 36741 us total, 11471 us display, type 3
input: down 0x00010
frame 1730: 35050 us total, 11982 us display, type 3
frame 1731: 39249 us total, 12351 us display, type 3
frame 1732: 38030 us total, 11473 us display, type 3
frame 1733: 36653 us total, 11470 us display, type 3
frame 1734: 39834 us total, 11745 us display, type 3
frame 1735: 38459 us total, 11477 us display, type 3
frame 1736: 35858 us total, 11473 us display, type 3
frame 1737: 36510 us total, 11477 us display, type 3
frame 1738: 41760 us total, 11660 us display, type 3
frame 1739: 40003 us total, 11474 us display, type 3
frame 1740: 38562 us total, 11481 us display, type 3
frame 1741: 42390 us total, 11915 us display, type 3
frame 1742: 43244 us total, 11555 us display, type 3
frame 1743: 42704 us total, 11981 us display, type 3
frame 1744: 42655 us total, 11490 us display, type 3
frame 1745: 45742 us total, 11657 us display, type 3
frame 1746: 43321 us total, 11799 us display, type 3
frame 1747: 40078 us total, 11471 us display, type 3
frame 1748: 44231 us total, 11452 us display, type 3
frame 1749: 42180 us total, 11576 us display, type 3
frame 1750: 40365 us total, 11521 us display, type 3
frame 1751: 42707 us total, 11466 us display, type 3
frame 1752: 43124 us total, 11460 us display, type 3
frame 1753: 40985 us total, 11456 us display, type 3
input: down 0x00010
frame 1754: 41898 us total, 11786 us display, type 3
frame 1755: 42585 us total, 11468 us display, type 3
frame 1756: 41423 us total, 11465 us display, type 3
frame 1757: 40292 us total, 11469 us display, type 3
frame 1758: 45151 us total, 11459 us display, type 3
frame 1759: 43748 us total, 11468 us display, type 3
frame 1760: 40825 us total, 11616 us display, type 3
frame 1761: 43561 us total, 11463 us display, type 3
frame 1762: 47785 us total, 11482 us display, type 3
frame 1763: 36390 us total, 11463 us display, type 3
frame 1764: 48606 us total, 11788 us display, type 3
frame 1765: 44073 us total, 11505 us display, type 3
frame 1766: 42212 us total, 11730 us display, type 3
frame 1767: 42013 us total, 11470 us display, type 3
frame 1768: 39647 us total, 11474 us display, type 3
frame 1769: 39782 us total, 11652 us display, type 3
frame 1770: 40608 us total, 11469 us display, type 3
frame 1771: 41545 us total, 11548 us display, type 3
frame 1772: 41975 us total, 11662 us display, type 3
frame 1773: 43579 us total, 11481 us display, type 3
frame 1774: 43638 us total, 11665 us display, type 3
frame 1775: 42583 us total, 11478 us display, type 3
frame 1776: 42137 us total, 11471 us display, type 3
frame 1777: 39921 us total, 11735 us display, type 3
frame 1778: 39433 us total, 11785 us display, type 3
frame 1779: 38483 us total, 11479 us display, type 3
frame 1780: 41358 us total, 11474 us display, type 3
frame 1781: 40605 us total, 11483 us display, type 3
frame 1782: 42066 us total, 11468 us display, type 3
frame 1783: 42667 us total, 11461 us display, type 3
frame 1784: 41323 us total, 11682 us display, type 3
frame 1785: 43137 us total, 11824 us display, type 3
frame 1786: 43145 us total, 11653 us display, type 3
frame 1787: 43517 us total, 11471 us display, type 3
frame 1788: 40806 us total, 11468 us display, type 3
frame 1789: 41239 us total, 11744 us display, type 3
frame 1790: 41288 us total, 11708 us display, type 3
frame 1791: 40483 us total, 11472 us display, type 3
frame 1792: 41969 us total, 11465 us display, type 3
audio: 166 underruns, 30 ms queued
mem @frame 1792: heap free 36480, largest 14592, min ever 36076, zone free 52976, display stack free 4368, uptime 57 s, gamestate 0, demo 0, usergame 1, tic 1895
frame 1793: 45523 us total, 11458 us display, type 3
profile (avg of 128 frames, ms): logic+bsp 12.4 wait-fb 0.0 vp-mark 2.8 flats 7.2 columns 10.5 fuzz 0.0
frame 1794: 43343 us total, 11454 us display, type 3
frame 1795: 42807 us total, 11464 us display, type 3
frame 1796: 42634 us total, 11863 us display, type 3
frame 1797: 42257 us total, 11720 us display, type 3
frame 1798: 38939 us total, 11468 us display, type 3
frame 1799: 42797 us total, 11456 us display, type 3
frame 1800: 42040 us total, 11668 us display, type 3
frame 1801: 42934 us total, 12356 us display, type 3
frame 1802: 42417 us total, 11727 us display, type 3
frame 1803: 42659 us total, 11462 us display, type 3
frame 1804: 41281 us total, 11459 us display, type 3
frame 1805: 40709 us total, 11482 us display, type 3
frame 1806: 44804 us total, 11814 us display, type 3
frame 1807: 41983 us total, 11464 us display, type 3
frame 1808: 40614 us total, 12177 us display, type 3
frame 1809: 40700 us total, 11461 us display, type 3
frame 1810: 42620 us total, 12060 us display, type 3
frame 1811: 42404 us total, 11664 us display, type 3
frame 1812: 52869 us total, 11477 us display, type 3
frame 1813: 47084 us total, 12212 us display, type 3
frame 1814: 44781 us total, 11477 us display, type 3
frame 1815: 46380 us total, 12259 us display, type 3
frame 1816: 43065 us total, 11645 us display, type 3
frame 1817: 43007 us total, 11460 us display, type 3
frame 1818: 41355 us total, 12105 us display, type 3
frame 1819: 43136 us total, 11781 us display, type 3
frame 1820: 40369 us total, 11977 us display, type 3
frame 1821: 39980 us total, 11457 us display, type 3
frame 1822: 41205 us total, 11472 us display, type 3
frame 1823: 42489 us total, 12335 us display, type 3
frame 1824: 40661 us total, 11471 us display, type 3
frame 1825: 45662 us total, 12247 us display, type 3
frame 1826: 44779 us total, 11455 us display, type 3
frame 1827: 43451 us total, 12164 us display, type 3
frame 1828: 41286 us total, 11459 us display, type 3
frame 1829: 41238 us total, 11814 us display, type 3
frame 1830: 39156 us total, 11753 us display, type 3
frame 1831: 38742 us total, 11454 us display, type 3
frame 1832: 42102 us total, 11474 us display, type 3
frame 1833: 42956 us total, 11640 us display, type 3
frame 1834: 42397 us total, 11664 us display, type 3
frame 1835: 49462 us total, 12056 us display, type 3
frame 1836: 43337 us total, 11784 us display, type 3
frame 1837: 43881 us total, 12183 us display, type 3
frame 1838: 43325 us total, 11719 us display, type 3
frame 1839: 43887 us total, 11824 us display, type 3
frame 1840: 41858 us total, 11665 us display, type 3
frame 1841: 41780 us total, 11461 us display, type 3
frame 1842: 42074 us total, 11735 us display, type 3
frame 1843: 42256 us total, 11583 us display, type 3
frame 1844: 44080 us total, 11569 us display, type 3
frame 1845: 44054 us total, 11615 us display, type 3
frame 1846: 43275 us total, 11460 us display, type 3
frame 1847: 42292 us total, 11642 us display, type 3
input: down 0x00040
frame 1848: 41891 us total, 11463 us display, type 3
frame 1849: 39528 us total, 11464 us display, type 3
frame 1850: 39549 us total, 11457 us display, type 3
frame 1851: 43258 us total, 11465 us display, type 3
frame 1852: 42162 us total, 11467 us display, type 3
frame 1853: 41778 us total, 11461 us display, type 3
frame 1854: 43122 us total, 11503 us display, type 3
frame 1855: 43621 us total, 11454 us display, type 3
frame 1856: 43999 us total, 11452 us display, type 3
frame 1857: 44849 us total, 11452 us display, type 3
frame 1858: 55121 us total, 11478 us display, type 3
frame 1859: 45971 us total, 11662 us display, type 3
frame 1860: 45300 us total, 11631 us display, type 3
frame 1861: 45585 us total, 11692 us display, type 3
frame 1862: 44996 us total, 11713 us display, type 3
frame 1863: 49630 us total, 11522 us display, type 3
frame 1864: 53581 us total, 11463 us display, type 3
frame 1865: 44982 us total, 11462 us display, type 3
frame 1866: 44182 us total, 11464 us display, type 3
frame 1867: 43932 us total, 11456 us display, type 3
frame 1868: 44477 us total, 11470 us display, type 3
frame 1869: 42795 us total, 11463 us display, type 3
frame 1870: 40334 us total, 11467 us display, type 3
frame 1871: 39710 us total, 11460 us display, type 3
input: down 0x00001
frame 1872: 41749 us total, 11463 us display, type 3
frame 1873: 41372 us total, 11469 us display, type 3
frame 1874: 41980 us total, 11475 us display, type 3
frame 1875: 44967 us total, 11814 us display, type 3
frame 1876: 45017 us total, 11698 us display, type 3
frame 1877: 43148 us total, 11678 us display, type 3
frame 1878: 43148 us total, 11660 us display, type 3
frame 1879: 41487 us total, 11467 us display, type 3
frame 1880: 39957 us total, 11649 us display, type 3
frame 1881: 39485 us total, 11671 us display, type 3
frame 1882: 42201 us total, 11831 us display, type 3
frame 1883: 41263 us total, 11825 us display, type 3
frame 1884: 41311 us total, 11468 us display, type 3
frame 1885: 43447 us total, 11460 us display, type 3
frame 1886: 42660 us total, 11476 us display, type 3
frame 1887: 42266 us total, 11682 us display, type 3
frame 1888: 43249 us total, 11450 us display, type 3
frame 1889: 42772 us total, 11451 us display, type 3
frame 1890: 45261 us total, 11465 us display, type 3
frame 1891: 35723 us total, 11464 us display, type 3
frame 1892: 40538 us total, 11459 us display, type 3
frame 1893: 40073 us total, 11466 us display, type 3
frame 1894: 40160 us total, 11487 us display, type 3
input: down 0x00010
frame 1895: 43379 us total, 11454 us display, type 3
frame 1896: 50335 us total, 11668 us display, type 3
frame 1897: 43444 us total, 11475 us display, type 3
frame 1898: 42075 us total, 11463 us display, type 3
frame 1899: 40125 us total, 11465 us display, type 3
frame 1900: 39358 us total, 11640 us display, type 3
frame 1901: 43141 us total, 11607 us display, type 3
frame 1902: 42669 us total, 11718 us display, type 3
frame 1903: 42198 us total, 11460 us display, type 3
frame 1904: 43118 us total, 11462 us display, type 3
frame 1905: 41267 us total, 11462 us display, type 3
frame 1906: 41679 us total, 11627 us display, type 3
frame 1907: 43144 us total, 11563 us display, type 3
frame 1908: 42182 us total, 11562 us display, type 3
frame 1909: 39551 us total, 11819 us display, type 3
frame 1910: 39712 us total, 11465 us display, type 3
frame 1911: 41698 us total, 11517 us display, type 3
frame 1912: 41612 us total, 11458 us display, type 3
frame 1913: 40915 us total, 11464 us display, type 3
frame 1914: 45130 us total, 11460 us display, type 3
frame 1915: 44805 us total, 11462 us display, type 3
frame 1916: 44496 us total, 11467 us display, type 3
frame 1917: 44005 us total, 11464 us display, type 3
frame 1918: 42194 us total, 11459 us display, type 3
frame 1919: 41834 us total, 11793 us display, type 3
frame 1920: 40809 us total, 11457 us display, type 3
frame 1921: 40959 us total, 11468 us display, type 3
profile (avg of 128 frames, ms): logic+bsp 13.1 wait-fb 0.0 vp-mark 2.7 flats 8.2 columns 11.7 fuzz 0.0
frame 1922: 41015 us total, 11601 us display, type 3
frame 1923: 39445 us total, 11538 us display, type 3
frame 1924: 40568 us total, 11461 us display, type 3
frame 1925: 41366 us total, 11461 us display, type 3
frame 1926: 41031 us total, 11453 us display, type 3
frame 1927: 43836 us total, 11757 us display, type 3
frame 1928: 44340 us total, 11608 us display, type 3
frame 1929: 44776 us total, 11803 us display, type 3
frame 1930: 42744 us total, 11461 us display, type 3
frame 1931: 41533 us total, 11745 us display, type 3
frame 1932: 38846 us total, 11474 us display, type 3
frame 1933: 38892 us total, 11460 us display, type 3
frame 1934: 41327 us total, 11636 us display, type 3
frame 1935: 41278 us total, 11578 us display, type 3
frame 1936: 41336 us total, 11454 us display, type 3
frame 1937: 43120 us total, 11831 us display, type 3
frame 1938: 42862 us total, 11456 us display, type 3
frame 1939: 41775 us total, 11469 us display, type 3
frame 1940: 43266 us total, 11455 us display, type 3
frame 1941: 47786 us total, 11472 us display, type 3
frame 1942: 40812 us total, 11530 us display, type 3
input: down 0x00010
LOAD GAME slot 0, 1436 bytes
frame 1943: 41290 us total, 11514 us display, type 3
frame 1944: 48333 us total, 12891 us display, type 5
frame 1945: 13122 us total, 12577 us display, type 5
frame 1946: 12957 us total, 12569 us display, type 5
frame 1947: 12884 us total, 12488 us display, type 5
frame 1948: 12945 us total, 12482 us display, type 5
frame 1949: 12929 us total, 12558 us display, type 5
frame 1950: 13047 us total, 12575 us display, type 5
frame 1951: 12929 us total, 12555 us display, type 5
frame 1952: 12956 us total, 12563 us display, type 5
frame 1953: 12924 us total, 12552 us display, type 5
frame 1954: 12930 us total, 12550 us display, type 5
frame 1955: 12798 us total, 12462 us display, type 5
frame 1956: 12937 us total, 12539 us display, type 5
frame 1957: 12893 us total, 12529 us display, type 5
frame 1958: 12932 us total, 12530 us display, type 5
frame 1959: 12886 us total, 12512 us display, type 5
frame 1960: 12892 us total, 12505 us display, type 5
frame 1961: 12906 us total, 12502 us display, type 5
frame 1962: 12822 us total, 12410 us display, type 5
frame 1963: 12860 us total, 12493 us display, type 5
frame 1964: 12858 us total, 12479 us display, type 5
frame 1965: 12855 us total, 12477 us display, type 5
frame 1966: 12864 us total, 12456 us display, type 5
frame 1967: 12849 us total, 12453 us display, type 5
frame 1968: 12845 us total, 12438 us display, type 5
frame 1969: 12737 us total, 12361 us display, type 5
frame 1970: 12821 us total, 12436 us display, type 5
frame 1971: 12817 us total, 12428 us display, type 5
frame 1972: 12827 us total, 12419 us display, type 5
frame 1973: 12816 us total, 12415 us display, type 5
frame 1974: 12828 us total, 12413 us display, type 5
frame 1975: 32968 us total, 12597 us display, type 5
frame 1976: 12897 us total, 12411 us display, type 5
frame 1977: 12771 us total, 12382 us display, type 5
frame 1978: 12682 us total, 12297 us display, type 5
frame 1979: 12765 us total, 12373 us display, type 5
frame 1980: 12748 us total, 12358 us display, type 5
frame 1981: 12744 us total, 12364 us display, type 5
frame 1982: 12744 us total, 12352 us display, type 5
frame 1983: 13949 us total, 12508 us display, type 5
frame 1984: 12867 us total, 12366 us display, type 5
frame 1985: 12640 us total, 12245 us display, type 5
frame 1986: 12726 us total, 12235 us display, type 5
frame 1987: 12688 us total, 12312 us display, type 5
frame 1988: 12712 us total, 12306 us display, type 5
frame 1989: 12662 us total, 12304 us display, type 5
frame 1990: 12709 us total, 12309 us display, type 5
frame 1991: 12768 us total, 12375 us display, type 5
frame 1992: 12594 us total, 12200 us display, type 5
frame 1993: 12695 us total, 12280 us display, type 5
frame 1994: 12670 us total, 12267 us display, type 5
frame 1995: 12623 us total, 12265 us display, type 5
frame 1996: 12635 us total, 12252 us display, type 5
frame 1997: 12648 us total, 12263 us display, type 5
frame 1998: 12524 us total, 12167 us display, type 5
frame 1999: 12650 us total, 12163 us display, type 5
frame 2000: 12612 us total, 12235 us display, type 5
frame 2001: 12607 us total, 12248 us display, type 5
frame 2002: 12638 us total, 12238 us display, type 5
frame 2003: 12563 us total, 12232 us display, type 5
frame 2004: 12538 us total, 12154 us display, type 5
frame 2005: 12570 us total, 12152 us display, type 5
frame 2006: 12605 us total, 12232 us display, type 5
frame 2007: 12576 us total, 12222 us display, type 5
frame 2008: 12611 us total, 12223 us display, type 5
frame 2009: 12589 us total, 12223 us display, type 5
frame 2010: 12472 us total, 12151 us display, type 5
frame 2011: 12606 us total, 12147 us display, type 5
frame 2012: 12580 us total, 12224 us display, type 5
frame 2013: 12607 us total, 12231 us display, type 5
frame 2014: 12603 us total, 12229 us display, type 5
frame 2015: 12587 us total, 12231 us display, type 5
frame 2016: 11948 us total, 11437 us display, type 3
frame 2017: 50386 us total, 11802 us display, type 3
frame 2018: 36732 us total, 11473 us display, type 3
frame 2019: 34568 us total, 11632 us display, type 3
frame 2020: 36491 us total, 11762 us display, type 3
frame 2021: 35033 us total, 11474 us display, type 3
frame 2022: 28989 us total, 11454 us display, type 3
frame 2023: 36326 us total, 11784 us display, type 3
frame 2024: 35985 us total, 11477 us display, type 3
frame 2025: 35486 us total, 11478 us display, type 3
frame 2026: 35404 us total, 11517 us display, type 3
frame 2027: 34677 us total, 11478 us display, type 3
frame 2028: 29942 us total, 11470 us display, type 3
frame 2029: 34817 us total, 11536 us display, type 3
frame 2030: 34629 us total, 11767 us display, type 3
frame 2031: 35567 us total, 11726 us display, type 3
frame 2032: 36651 us total, 11478 us display, type 3
frame 2033: 34646 us total, 11669 us display, type 3
frame 2034: 29305 us total, 11465 us display, type 3
frame 2035: 34387 us total, 11804 us display, type 3
frame 2036: 36479 us total, 12329 us display, type 3
frame 2037: 33715 us total, 11803 us display, type 3
frame 2038: 35689 us total, 11817 us display, type 3
frame 2039: 36730 us total, 11485 us display, type 3
frame 2040: 30275 us total, 11457 us display, type 3
frame 2041: 34554 us total, 11478 us display, type 3
frame 2042: 35512 us total, 11470 us display, type 3
frame 2043: 36309 us total, 11957 us display, type 3
frame 2044: 34649 us total, 12115 us display, type 3
frame 2045: 36904 us total, 11655 us display, type 3
frame 2046: 29172 us total, 11460 us display, type 3
frame 2047: 34900 us total, 11477 us display, type 3
frame 2048: 32476 us total, 11479 us display, type 3
audio: 245 underruns, 30 ms queued
mem @frame 2048: heap free 36392, largest 14592, min ever 36076, zone free 52976, display stack free 4368, uptime 66 s, gamestate 0, demo 0, usergame 1, tic 2163
frame 2049: 34591 us total, 11477 us display, type 3
profile (avg of 128 frames, ms): logic+bsp 4.8 wait-fb 0.0 vp-mark 1.3 flats 3.6 columns 4.4 fuzz 0.0
frame 2050: 35460 us total, 12377 us display, type 3
frame 2051: 29359 us total, 12187 us display, type 3
frame 2052: 33591 us total, 11645 us display, type 3
frame 2053: 35382 us total, 12088 us display, type 3
frame 2054: 38022 us total, 11478 us display, type 3
frame 2055: 37647 us total, 11481 us display, type 3
frame 2056: 36101 us total, 11996 us display, type 3
frame 2057: 35462 us total, 11683 us display, type 3
frame 2058: 29195 us total, 11667 us display, type 3
frame 2059: 33838 us total, 11819 us display, type 3
frame 2060: 31871 us total, 11470 us display, type 3
frame 2061: 32977 us total, 11784 us display, type 3
frame 2062: 35342 us total, 11660 us display, type 3
frame 2063: 29999 us total, 12167 us display, type 3
frame 2064: 34542 us total, 12324 us display, type 3
frame 2065: 34989 us total, 11838 us display, type 3
frame 2066: 36899 us total, 11468 us display, type 3
frame 2067: 36495 us total, 11465 us display, type 3
frame 2068: 35138 us total, 11982 us display, type 3
frame 2069: 29061 us total, 11964 us display, type 3
frame 2070: 36226 us total, 11469 us display, type 3
frame 2071: 38365 us total, 11465 us display, type 3
frame 2072: 34369 us total, 11468 us display, type 3
frame 2073: 34031 us total, 11478 us display, type 3
frame 2074: 35581 us total, 12211 us display, type 3
frame 2075: 34316 us total, 11678 us display, type 3
frame 2076: 29145 us total, 11630 us display, type 3
frame 2077: 34462 us total, 12286 us display, type 3
frame 2078: 37786 us total, 11494 us display, type 3
frame 2079: 36796 us total, 11483 us display, type 3
frame 2080: 38002 us total, 12307 us display, type 3
frame 2081: 35568 us total, 12030 us display, type 3
frame 2082: 35544 us total, 11482 us display, type 3
frame 2083: 28748 us total, 11464 us display, type 3
frame 2084: 32811 us total, 11468 us display, type 3
frame 2085: 32565 us total, 11478 us display, type 3
frame 2086: 36690 us total, 11481 us display, type 3
frame 2087: 36397 us total, 11784 us display, type 3
frame 2088: 29828 us total, 12158 us display, type 3
frame 2089: 34622 us total, 11960 us display, type 3
frame 2090: 35573 us total, 12059 us display, type 3
frame 2091: 35655 us total, 11666 us display, type 3
frame 2092: 34303 us total, 11479 us display, type 3
frame 2093: 34851 us total, 11481 us display, type 3
frame 2094: 29022 us total, 11477 us display, type 3
frame 2095: 36273 us total, 11766 us display, type 3
frame 2096: 34336 us total, 11820 us display, type 3
frame 2097: 33717 us total, 12191 us display, type 3
frame 2098: 35371 us total, 11469 us display, type 3
frame 2099: 29656 us total, 11454 us display, type 3
frame 2100: 35500 us total, 11768 us display, type 3
frame 2101: 34862 us total, 11471 us display, type 3
frame 2102: 38475 us total, 11468 us display, type 3
frame 2103: 38685 us total, 11493 us display, type 3
frame 2104: 38482 us total, 11478 us display, type 3
frame 2105: 37338 us total, 11466 us display, type 3
frame 2106: 34922 us total, 11471 us display, type 3
frame 2107: 29448 us total, 11503 us display, type 3
frame 2108: 35172 us total, 11459 us display, type 3
frame 2109: 34505 us total, 11463 us display, type 3
frame 2110: 33484 us total, 11525 us display, type 3
frame 2111: 32948 us total, 11487 us display, type 3
frame 2112: 33002 us total, 11477 us display, type 3
frame 2113: 28872 us total, 11462 us display, type 3
frame 2114: 33533 us total, 11734 us display, type 3
frame 2115: 33994 us total, 11477 us display, type 3
frame 2116: 34293 us total, 11663 us display, type 3
frame 2117: 28730 us total, 11463 us display, type 3
frame 2118: 35173 us total, 11542 us display, type 3
frame 2119: 36104 us total, 11482 us display, type 3
frame 2120: 36544 us total, 11479 us display, type 3
frame 2121: 35599 us total, 11481 us display, type 3
frame 2122: 33472 us total, 11466 us display, type 3
frame 2123: 27909 us total, 11474 us display, type 3
frame 2124: 31981 us total, 11469 us display, type 3
frame 2125: 30903 us total, 11468 us display, type 3
frame 2126: 33796 us total, 11611 us display, type 3
frame 2127: 28190 us total, 11461 us display, type 3
frame 2128: 33744 us total, 11478 us display, type 3
frame 2129: 35581 us total, 11474 us display, type 3
frame 2130: 36706 us total, 11669 us display, type 3
frame 2131: 34581 us total, 11490 us display, type 3
frame 2132: 34701 us total, 11487 us display, type 3
frame 2133: 29827 us total, 11752 us display, type 3
frame 2134: 35916 us total, 11637 us display, type 3
frame 2135: 35387 us total, 11651 us display, type 3
frame 2136: 33314 us total, 11481 us display, type 3
frame 2137: 34594 us total, 11477 us display, type 3
frame 2138: 35246 us total, 11545 us display, type 3
frame 2139: 29049 us total, 11689 us display, type 3
frame 2140: 33236 us total, 11469 us display, type 3
frame 2141: 34599 us total, 11478 us display, type 3
frame 2142: 35808 us total, 11481 us display, type 3
frame 2143: 36018 us total, 11851 us display, type 3
frame 2144: 28134 us total, 11489 us display, type 3
frame 2145: 36946 us total, 11452 us display, type 3
frame 2146: 35291 us total, 11474 us display, type 3
frame 2147: 34186 us total, 11474 us display, type 3
frame 2148: 32445 us total, 11479 us display, type 3
frame 2149: 32562 us total, 11468 us display, type 3
frame 2150: 29482 us total, 11453 us display, type 3
frame 2151: 34779 us total, 11465 us display, type 3
frame 2152: 34323 us total, 11607 us display, type 3
frame 2153: 34200 us total, 11484 us display, type 3
frame 2154: 37087 us total, 11801 us display, type 3
frame 2155: 29979 us total, 11640 us display, type 3
frame 2156: 35576 us total, 11675 us display, type 3
frame 2157: 35910 us total, 11466 us display, type 3
frame 2158: 37600 us total, 11472 us display, type 3
frame 2159: 38133 us total, 11853 us display, type 3
frame 2160: 37557 us total, 11478 us display, type 3
frame 2161: 37726 us total, 11473 us display, type 3
frame 2162: 39028 us total, 11775 us display, type 3
frame 2163: 38719 us total, 11482 us display, type 3
frame 2164: 28829 us total, 11524 us display, type 3
frame 2165: 37800 us total, 11467 us display, type 3
frame 2166: 39044 us total, 11550 us display, type 3
frame 2167: 37570 us total, 11797 us display, type 3
frame 2168: 37451 us total, 11712 us display, type 3
frame 2169: 36954 us total, 11482 us display, type 3
frame 2170: 39357 us total, 11487 us display, type 3
frame 2171: 36841 us total, 11477 us display, type 3
frame 2172: 36854 us total, 11577 us display, type 3
frame 2173: 29368 us total, 11462 us display, type 3
frame 2174: 35361 us total, 11463 us display, type 3
frame 2175: 32792 us total, 11808 us display, type 3
frame 2176: 31604 us total, 11468 us display, type 3
frame 2177: 33320 us total, 11655 us display, type 3
profile (avg of 128 frames, ms): logic+bsp 11.1 wait-fb 0.0 vp-mark 3.1 flats 6.5 columns 9.0 fuzz 0.0
frame 2178: 30350 us total, 11646 us display, type 3
frame 2179: 34101 us total, 11466 us display, type 3
frame 2180: 34164 us total, 11481 us display, type 3
frame 2181: 36375 us total, 11652 us display, type 3
frame 2182: 38140 us total, 11582 us display, type 3
frame 2183: 35180 us total, 11474 us display, type 3
frame 2184: 28895 us total, 11464 us display, type 3
frame 2185: 34419 us total, 11731 us display, type 3
frame 2186: 33710 us total, 11704 us display, type 3
frame 2187: 32320 us total, 11471 us display, type 3
frame 2188: 30864 us total, 11480 us display, type 3
frame 2189: 28675 us total, 11467 us display, type 3
frame 2190: 34072 us total, 11461 us display, type 3
frame 2191: 34480 us total, 11474 us display, type 3
frame 2192: 34592 us total, 11845 us display, type 3
frame 2193: 35310 us total, 11467 us display, type 3
frame 2194: 27838 us total, 11476 us display, type 3
frame 2195: 36824 us total, 11639 us display, type 3
frame 2196: 35038 us total, 11476 us display, type 3
frame 2197: 37248 us total, 11474 us display, type 3
frame 2198: 34961 us total, 11554 us display, type 3
frame 2199: 34777 us total, 11474 us display, type 3
frame 2200: 28919 us total, 11622 us display, type 3
frame 2201: 33158 us total, 11473 us display, type 3
frame 2202: 34391 us total, 11847 us display, type 3
frame 2203: 34292 us total, 11481 us display, type 3
frame 2204: 34457 us total, 11491 us display, type 3
frame 2205: 29007 us total, 11469 us display, type 3
frame 2206: 36323 us total, 11450 us display, type 3
frame 2207: 35059 us total, 11465 us display, type 3
frame 2208: 36574 us total, 11475 us display, type 3
frame 2209: 36210 us total, 11475 us display, type 3
frame 2210: 33692 us total, 11536 us display, type 3
frame 2211: 28498 us total, 11468 us display, type 3
frame 2212: 33341 us total, 11779 us display, type 3
frame 2213: 32784 us total, 11622 us display, type 3
frame 2214: 35235 us total, 11522 us display, type 3
frame 2215: 34312 us total, 11482 us display, type 3
frame 2216: 29306 us total, 11457 us display, type 3
frame 2217: 33778 us total, 11457 us display, type 3
frame 2218: 35382 us total, 11465 us display, type 3
frame 2219: 33646 us total, 11488 us display, type 3
frame 2220: 34842 us total, 11491 us display, type 3
frame 2221: 35951 us total, 11481 us display, type 3
frame 2222: 28689 us total, 11807 us display, type 3
frame 2223: 34592 us total, 11650 us display, type 3
frame 2224: 31868 us total, 11504 us display, type 3
frame 2225: 33014 us total, 11478 us display, type 3
frame 2226: 28860 us total, 11465 us display, type 3
frame 2227: 33660 us total, 11809 us display, type 3
frame 2228: 33364 us total, 11472 us display, type 3
frame 2229: 35160 us total, 11754 us display, type 3
frame 2230: 37436 us total, 11515 us display, type 3
frame 2231: 38492 us total, 11850 us display, type 3
frame 2232: 28188 us total, 11625 us display, type 3
frame 2233: 36875 us total, 11531 us display, type 3
frame 2234: 36016 us total, 11456 us display, type 3
frame 2235: 34046 us total, 11469 us display, type 3
frame 2236: 33605 us total, 11482 us display, type 3
frame 2237: 34040 us total, 11489 us display, type 3
frame 2238: 29635 us total, 11619 us display, type 3
frame 2239: 34275 us total, 11458 us display, type 3
frame 2240: 32772 us total, 11468 us display, type 3
frame 2241: 32407 us total, 11693 us display, type 3
frame 2242: 34035 us total, 11482 us display, type 3
frame 2243: 28967 us total, 11470 us display, type 3
frame 2244: 33518 us total, 11809 us display, type 3
frame 2245: 33839 us total, 11770 us display, type 3
frame 2246: 36664 us total, 11479 us display, type 3
frame 2247: 38334 us total, 11513 us display, type 3
frame 2248: 37431 us total, 11484 us display, type 3
frame 2249: 28489 us total, 11462 us display, type 3
frame 2250: 35649 us total, 11471 us display, type 3
frame 2251: 33433 us total, 11566 us display, type 3
frame 2252: 31283 us total, 11662 us display, type 3
frame 2253: 29947 us total, 11657 us display, type 3
frame 2254: 29696 us total, 11641 us display, type 3
frame 2255: 33819 us total, 11472 us display, type 3
frame 2256: 34540 us total, 11628 us display, type 3
frame 2257: 33946 us total, 11468 us display, type 3
frame 2258: 34863 us total, 11483 us display, type 3
frame 2259: 29697 us total, 11459 us display, type 3
frame 2260: 36063 us total, 11457 us display, type 3
frame 2261: 34936 us total, 11477 us display, type 3
frame 2262: 35334 us total, 11478 us display, type 3
frame 2263: 37326 us total, 11476 us display, type 3
frame 2264: 34748 us total, 11657 us display, type 3
frame 2265: 28797 us total, 11733 us display, type 3
frame 2266: 33030 us total, 11459 us display, type 3
frame 2267: 34400 us total, 11766 us display, type 3
frame 2268: 33111 us total, 11478 us display, type 3
frame 2269: 32891 us total, 11467 us display, type 3
frame 2270: 28094 us total, 11462 us display, type 3
frame 2271: 34405 us total, 11751 us display, type 3
frame 2272: 36980 us total, 11468 us display, type 3
frame 2273: 36524 us total, 11471 us display, type 3
frame 2274: 34732 us total, 11475 us display, type 3
frame 2275: 34197 us total, 11782 us display, type 3
frame 2276: 29232 us total, 11468 us display, type 3
frame 2277: 34079 us total, 11466 us display, type 3
frame 2278: 32696 us total, 11473 us display, type 3
frame 2279: 34347 us total, 11788 us display, type 3
frame 2280: 33760 us total, 11471 us display, type 3
frame 2281: 29446 us total, 11469 us display, type 3
frame 2282: 32564 us total, 11475 us display, type 3
frame 2283: 34161 us total, 11487 us display, type 3
frame 2284: 33290 us total, 11492 us display, type 3
frame 2285: 28326 us total, 11458 us display, type 3
frame 2286: 34425 us total, 11463 us display, type 3
frame 2287: 34583 us total, 11479 us display, type 3
frame 2288: 34135 us total, 11471 us display, type 3
frame 2289: 35701 us total, 11480 us display, type 3
frame 2290: 34313 us total, 11477 us display, type 3
frame 2291: 28990 us total, 11660 us display, type 3
frame 2292: 33851 us total, 11804 us display, type 3
frame 2293: 34874 us total, 11675 us display, type 3
frame 2294: 33514 us total, 11790 us display, type 3
frame 2295: 35551 us total, 11692 us display, type 3
frame 2296: 28146 us total, 11542 us display, type 3
frame 2297: 35502 us total, 11459 us display, type 3
frame 2298: 34895 us total, 11482 us display, type 3
frame 2299: 33746 us total, 11477 us display, type 3
frame 2300: 33873 us total, 11801 us display, type 3
frame 2301: 28988 us total, 11467 us display, type 3
frame 2302: 33946 us total, 11471 us display, type 3
frame 2303: 33562 us total, 11475 us display, type 3
frame 2304: 34569 us total, 11808 us display, type 3
audio: 245 underruns, 41 ms queued
mem @frame 2304: heap free 36392, largest 14592, min ever 36024, zone free 52976, display stack free 4368, uptime 74 s, gamestate 0, demo 0, usergame 1, tic 2467
frame 2305: 32865 us total, 11489 us display, type 3
profile (avg of 128 frames, ms): logic+bsp 10.8 wait-fb 0.0 vp-mark 3.1 flats 6.2 columns 8.9 fuzz 0.0
frame 2306: 30323 us total, 11472 us display, type 3
frame 2307: 33122 us total, 11465 us display, type 3
frame 2308: 34044 us total, 11537 us display, type 3
frame 2309: 33725 us total, 11814 us display, type 3
frame 2310: 34017 us total, 11479 us display, type 3
frame 2311: 28332 us total, 11459 us display, type 3
frame 2312: 36248 us total, 11457 us display, type 3
frame 2313: 35804 us total, 11471 us display, type 3
frame 2314: 36624 us total, 11475 us display, type 3
frame 2315: 35319 us total, 11473 us display, type 3
frame 2316: 33258 us total, 11476 us display, type 3
frame 2317: 28871 us total, 11470 us display, type 3
frame 2318: 31515 us total, 11544 us display, type 3
frame 2319: 31867 us total, 11789 us display, type 3
frame 2320: 34252 us total, 11473 us display, type 3
frame 2321: 27752 us total, 11464 us display, type 3
frame 2322: 33832 us total, 11455 us display, type 3
frame 2323: 34926 us total, 11468 us display, type 3
frame 2324: 36483 us total, 11486 us display, type 3
frame 2325: 35325 us total, 11669 us display, type 3
frame 2326: 34746 us total, 11479 us display, type 3
frame 2327: 29323 us total, 11464 us display, type 3
frame 2328: 34782 us total, 11464 us display, type 3
frame 2329: 36152 us total, 11639 us display, type 3
frame 2330: 33226 us total, 11474 us display, type 3
frame 2331: 33446 us total, 11481 us display, type 3
frame 2332: 36209 us total, 11472 us display, type 3
frame 2333: 28874 us total, 11463 us display, type 3
frame 2334: 33823 us total, 11630 us display, type 3
frame 2335: 33458 us total, 11481 us display, type 3
frame 2336: 36703 us total, 11476 us display, type 3
frame 2337: 35428 us total, 11474 us display, type 3
frame 2338: 28952 us total, 11621 us display, type 3
frame 2339: 34764 us total, 11460 us display, type 3
frame 2340: 36881 us total, 11472 us display, type 3
frame 2341: 35088 us total, 11597 us display, type 3
frame 2342: 32788 us total, 11665 us display, type 3
frame 2343: 31852 us total, 11643 us display, type 3
frame 2344: 29094 us total, 11466 us display, type 3
frame 2345: 34167 us total, 11473 us display, type 3
frame 2346: 35482 us total, 11665 us display, type 3
frame 2347: 33492 us total, 11489 us display, type 3
frame 2348: 34901 us total, 11488 us display, type 3
frame 2349: 31494 us total, 11789 us display, type 3
frame 2350: 33945 us total, 11726 us display, type 3
frame 2351: 33710 us total, 11611 us display, type 3
frame 2352: 34073 us total, 11482 us display, type 3
frame 2353: 34652 us total, 11472 us display, type 3
frame 2354: 29044 us total, 11462 us display, type 3
frame 2355: 32328 us total, 11467 us display, type 3
frame 2356: 32585 us total, 11659 us display, type 3
frame 2357: 35575 us total, 11473 us display, type 3
frame 2358: 35783 us total, 11481 us display, type 3
frame 2359: 28893 us total, 11459 us display, type 3
frame 2360: 34769 us total, 11650 us display, type 3
frame 2361: 37855 us total, 11578 us display, type 3
frame 2362: 37584 us total, 11613 us display, type 3
frame 2363: 36947 us total, 11485 us display, type 3
frame 2364: 37327 us total, 11656 us display, type 3
frame 2365: 36300 us total, 11543 us display, type 3
frame 2366: 36678 us total, 11471 us display, type 3
frame 2367: 28590 us total, 11467 us display, type 3
frame 2368: 34159 us total, 11515 us display, type 3
frame 2369: 34648 us total, 11816 us display, type 3
frame 2370: 31346 us total, 11471 us display, type 3
frame 2371: 32356 us total, 11569 us display, type 3
frame 2372: 28137 us total, 11469 us display, type 3
frame 2373: 33397 us total, 11474 us display, type 3
frame 2374: 35121 us total, 11485 us display, type 3
frame 2375: 34642 us total, 11764 us display, type 3
frame 2376: 36883 us total, 11465 us display, type 3
frame 2377: 28229 us total, 11459 us display, type 3
frame 2378: 37091 us total, 11826 us display, type 3
frame 2379: 34657 us total, 11776 us display, type 3
frame 2380: 34695 us total, 11468 us display, type 3
frame 2381: 32972 us total, 11656 us display, type 3
frame 2382: 29445 us total, 11471 us display, type 3
frame 2383: 31921 us total, 11474 us display, type 3
frame 2384: 31432 us total, 11480 us display, type 3
frame 2385: 33728 us total, 11482 us display, type 3
frame 2386: 34032 us total, 11483 us display, type 3
frame 2387: 28936 us total, 11466 us display, type 3
frame 2388: 33972 us total, 11470 us display, type 3
frame 2389: 36151 us total, 11485 us display, type 3
frame 2390: 34808 us total, 11542 us display, type 3
frame 2391: 36203 us total, 11663 us display, type 3
frame 2392: 35931 us total, 11491 us display, type 3
frame 2393: 29225 us total, 11455 us display, type 3
frame 2394: 35872 us total, 11462 us display, type 3
frame 2395: 34221 us total, 11467 us display, type 3
frame 2396: 33116 us total, 11479 us display, type 3
frame 2397: 34266 us total, 11546 us display, type 3
frame 2398: 28257 us total, 11464 us display, type 3
frame 2399: 33645 us total, 11806 us display, type 3
frame 2400: 35703 us total, 11470 us display, type 3
frame 2401: 36474 us total, 11673 us display, type 3
frame 2402: 35717 us total, 11468 us display, type 3
frame 2403: 35040 us total, 11479 us display, type 3
frame 2404: 29773 us total, 11458 us display, type 3
frame 2405: 34823 us total, 11472 us display, type 3
frame 2406: 33782 us total, 11473 us display, type 3
frame 2407: 32504 us total, 11744 us display, type 3
frame 2408: 32777 us total, 11847 us display, type 3
frame 2409: 29093 us total, 11461 us display, type 3
frame 2410: 35539 us total, 11835 us display, type 3
frame 2411: 34586 us total, 11476 us display, type 3
frame 2412: 34963 us total, 11472 us display, type 3
frame 2413: 34987 us total, 11473 us display, type 3
frame 2414: 28849 us total, 11457 us display, type 3
frame 2415: 35833 us total, 11470 us display, type 3
frame 2416: 37251 us total, 11461 us display, type 3
frame 2417: 37768 us total, 11469 us display, type 3
frame 2418: 37504 us total, 11483 us display, type 3
frame 2419: 38667 us total, 11470 us display, type 3
frame 2420: 38741 us total, 11485 us display, type 3
frame 2421: 37378 us total, 11477 us display, type 3
frame 2422: 37562 us total, 11821 us display, type 3
frame 2423: 28259 us total, 11472 us display, type 3
frame 2424: 38595 us total, 11460 us display, type 3
frame 2425: 38277 us total, 11470 us display, type 3
frame 2426: 37743 us total, 11453 us display, type 3
frame 2427: 37559 us total, 11472 us display, type 3
frame 2428: 38675 us total, 11481 us display, type 3
frame 2429: 36818 us total, 11481 us display, type 3
frame 2430: 36741 us total, 11466 us display, type 3
frame 2431: 36404 us total, 11569 us display, type 3
frame 2432: 29984 us total, 11823 us display, type 3
frame 2433: 35706 us total, 11809 us display, type 3
profile (avg of 128 frames, ms): logic+bsp 10.9 wait-fb 0.0 vp-mark 3.1 flats 6.4 columns 8.9 fuzz 0.0
frame 2434: 33830 us total, 11469 us display, type 3
frame 2435: 31993 us total, 11472 us display, type 3
frame 2436: 33909 us total, 11478 us display, type 3
frame 2437: 28624 us total, 11598 us display, type 3
frame 2438: 33722 us total, 11688 us display, type 3
frame 2439: 33596 us total, 11471 us display, type 3
frame 2440: 35871 us total, 11488 us display, type 3
frame 2441: 39986 us total, 11482 us display, type 3
frame 2442: 35921 us total, 11822 us display, type 3
frame 2443: 28442 us total, 11459 us display, type 3
frame 2444: 35315 us total, 11461 us display, type 3
frame 2445: 34655 us total, 11465 us display, type 3
frame 2446: 32872 us total, 11636 us display, type 3
frame 2447: 31064 us total, 11670 us display, type 3
frame 2448: 27939 us total, 11460 us display, type 3
frame 2449: 35104 us total, 11461 us display, type 3
frame 2450: 34249 us total, 11661 us display, type 3
frame 2451: 34375 us total, 11485 us display, type 3
frame 2452: 35982 us total, 11820 us display, type 3
frame 2453: 35581 us total, 11547 us display, type 3
frame 2454: 28624 us total, 11465 us display, type 3
frame 2455: 34795 us total, 11472 us display, type 3
frame 2456: 36005 us total, 11726 us display, type 3
